name,title,coords
Park of Williamsburgh,Nature Reserve,"-56.6072, -168.6198"
Bridge of North Russell,Public Park,"24.9446, -147.6907"
Square of Melaniestad,Музей,"7.0158, 34.3951"
Музей г. Тында,Beach,"-57.6888, 7.2775"
Square of Millerberg,Достопримечательность,"43.1584, -23.3694"
Castle of North Tonya,Пляж,"-31.2021, 56.8813"
Bridge of North Todd,Исторический район,"-62.7522, -152.6726"
Museum of Moorechester,Парк,"-22.6027, 154.7115"
Square of Port Harold,Пляж,"63.1219, 99.9249"
Square of Theodoreton,Nature Reserve,"46.3209, -10.4691"
Lake of East Rebecca,Исторический район,"43.6882, -46.1034"
Castle of North Loganstad,Храм,"-16.4677, 104.0795"
Square of Phamstad,Famous Intersection,"56.6469, -25.7783"
Lake of Marilynchester,Museum,"7.4874, -71.5153"
Bridge of Lake Timothy,Historic Site,"22.888, -112.5802"
Гора ст. Сусуман,Historic Site,"12.2997, 157.0034"
Озеро к. Тавда,Музей,"-58.3507, 41.7379"
Museum of Mullinsshire,Парк,"-65.7142, 107.4402"
Square of East Jasonhaven,Пляж,"48.955, -152.4328"
Castle of Susantown,Парк,"-68.1166, -100.6283"
Park of Lake Wesleyburgh,Famous Intersection,"-54.6946, 27.6184"
Замок п. Кижи,Landmark,"26.151, -111.5912"
Square of Michaelmouth,Исторический район,"31.4648, 152.8406"
Lake of Raymondchester,Nature Reserve,"-28.5593, -11.9037"
Замок с. Крымск,Достопримечательность,"35.3222, 11.3183"
Замок клх Мостовской,Beach,"39.9253, 134.0938"
Castle of Johnsonborough,Пляж,"8.6285, 164.7477"
Square of New Anthonyborough,Public Park,"16.6621, 28.8439"
Площадь п. Бугульма,Famous Intersection,"-50.3692, 55.7637"
Музей с. Кизел,Музей,"-43.3994, 52.3061"
Музей г. Холмск,Beach,"61.752, 39.8741"
Площадь клх Бронницы,Парк,"64.351, -122.6383"
Square of New Andrewfort,Пляж,"-61.6672, -16.5855"
Парк п. Далматово,Historic Site,"58.6366, 47.8777"
Castle of West Jacobborough,Храм,"-40.4035, 25.8596"
Замок ст. Гатчина,Nature Reserve,"55.0763, -95.6174"
Гора с. Лагань,Nature Reserve,"63.3034, -94.7677"
Lake of Andreastad,Beach,"45.1978, -88.4055"
Bridge of Lake Derekbury,Пляж,"32.0238, -52.1794"
Lake of South Brandon,Mountain Peak,"63.8517, 32.5428"
Lake of South Robertshire,Горнолыжный курорт,"46.0629, -95.0767"
Bridge of Johnport,Historic Site,"26.2138, 123.4665"
Lake of West Brandon,Beach,"-16.4647, -106.4965"
Museum of Stacyton,Природный объект,"28.3025, -150.0245"
Castle of Port Raymondbury,Храм,"-69.8288, -61.8782"
Музей клх Киров (Вятка),Mountain Peak,"-37.9381, -136.7509"
Парк к. Мирный,Музей,"-29.2063, 9.7637"
Lake of Jenniferport,Public Park,"-56.7528, 106.5062"
Парк к. Оленегорск (Якут.),Исторический район,"-29.0575, -78.9993"
Площадь клх Избербаш,Mountain Peak,"22.8868, -115.765"
Bridge of Port Kennethland,Famous Intersection,"45.1198, -9.3271"
Замок д. Яшалта,Famous Intersection,"-8.388, 99.9276"
Музей клх Апатиты,Beach,"-63.594, -101.9676"
Площадь клх Аша,Nature Reserve,"-2.4557, 163.5557"
Замок с. Новочеркасск,Исторический район,"9.3573, -132.7107"
Square of South Brad,Природный объект,"26.7856, 122.9012"
Lake of East Allison,Nature Reserve,"13.0049, 70.6779"
Музей к. Одинцово,Famous Intersection,"19.4878, -134.1187"
Озеро д. Сусуман,Горнолыжный курорт,"1.6196, 156.6299"
Гора п. Смирных,Исторический район,"47.0656, -67.7243"
Square of Floreshaven,Достопримечательность,"-58.3774, -158.4968"
Замок клх Александровск-Сахалинский,Historic Site,"-37.4395, -76.6335"
Площадь д. Курчатов,Historic Site,"40.0971, 76.754"
Square of Port Hannahmouth,Nature Reserve,"7.7332, -159.9424"
Castle of Tinahaven,Landmark,"42.3699, -101.9969"
Озеро к. Астрахань,Горнолыжный курорт,"3.2268, -148.7306"
Square of Jameston,Landmark,"39.5503, 33.836"
Lake of West Cheryl,Природный объект,"-33.2905, 118.0422"
Square of Amandaside,Public Park,"-1.4287, -40.1725"
Park of South Deborah,Исторический район,"51.8852, 63.6485"
Square of Lake Michaelborough,Природный объект,"15.7876, -95.6833"
Castle of Patrickstad,Museum,"58.4525, -37.1584"
Парк д. Токсово,Famous Intersection,"20.7051, -69.0725"
Парк д. Дно,Достопримечательность,"-60.7814, -64.4572"
Парк к. Баксан,Historic Site,"-62.3878, -105.9319"
Парк п. Троицк (Челяб.),Public Park,"-53.5486, 98.6431"
Park of New Joelside,Beach,"-10.0942, -161.4291"
Museum of South John,Historic Site,"-35.2218, 67.6868"
Bridge of Angelaberg,Парк,"9.727, -12.7072"
Castle of West Kevinshire,Beach,"-17.9548, 114.6445"
Парк п. Пушкинские Горы,Historic Site,"21.8854, 64.5003"
Castle of Port Jillberg,Пляж,"-25.3157, -99.7707"
Гора клх Тарко-Сале,Достопримечательность,"-55.3527, 80.0649"
Lake of Lake Joshuaborough,Museum,"40.8157, 165.0622"
Музей п. Березники,Nature Reserve,"-15.1907, 169.4153"
Озеро п. Южно-Курильск,Beach,"20.2738, -113.8709"
Park of Ryantown,Музей,"-65.7051, 167.6389"
Lake of New Barbara,Горнолыжный курорт,"-23.714, -12.6277"
Lake of Brianamouth,Nature Reserve,"59.9524, 48.1269"
Площадь клх Серов,Достопримечательность,"58.3942, 149.8007"
Площадь с. Медногорск,Nature Reserve,"-24.7357, 132.8905"
Square of Lake Devinview,Достопримечательность,"-24.3296, 41.0825"
Park of Port Jack,Пляж,"-25.1624, -142.6288"
Park of Tinaburgh,Public Park,"43.9305, -19.0928"
Park of West Aaronfurt,Горнолыжный курорт,"-34.3155, 58.2456"
Museum of Thompsonmouth,Музей,"35.2004, -32.6866"
Park of North Brandon,Museum,"-58.9208, -31.6756"
Озеро с. Верхний Баскунчак,Горнолыжный курорт,"5.3208, 78.4549"
Музей клх Кондопога,Музей,"-20.6224, -148.2277"
Площадь п. Ярославль,Public Park,"-6.8514, 102.0137"
Замок ст. Сыктывкар,Nature Reserve,"8.544, 146.0531"
Музей г. Туруханск,Famous Intersection,"53.263, 112.6931"
Park of Washingtonland,Музей,"-42.0061, 161.1326"
Park of Margarettown,Public Park,"41.5629, 136.0669"
Гора д. Урус-Мартан,Beach,"23.3228, 26.4801"
Museum of West Tony,Famous Intersection,"55.1651, -115.5388"
Park of East Amy,Public Park,"-19.8519, -46.7266"
Bridge of Juliaberg,Природный объект,"-24.3499, -128.3684"
Castle of Port Derrickfort,Museum,"-4.3059, -97.7608"
Lake of Port Timothy,Famous Intersection,"44.9912, 143.5924"
Замок д. Псков,Горнолыжный курорт,"-7.4481, -60.3933"
Park of Carolburgh,Historic Site,"68.5775, -154.732"
Bridge of West Bryan,Парк,"-54.3022, 54.6344"
Castle of New Joseph,Горнолыжный курорт,"34.4294, -32.1163"
Гора к. Каменномостский,Historic Site,"52.6705, 22.1548"
Park of East Lisa,Исторический район,"-9.7386, 101.7711"
Гора г. Губкин,Landmark,"42.1402, 10.0401"
Museum of Davidport,Музей,"-15.407, -84.4682"
Bridge of Pachecoport,Museum,"63.7636, 143.4773"
Музей с. Темрюк,Храм,"-57.2036, -108.3242"
Park of South Debraland,Historic Site,"-22.8954, -55.8577"
Bridge of West Taylortown,Пляж,"-21.69, -83.8609"
Музей ст. Зеленоград,Пляж,"-20.0561, 79.217"
Park of Port Josephland,Public Park,"5.5796, -60.8881"
Парк д. Старый Оскол,Beach,"-33.0562, 116.5239"
Музей к. Игнашино,Museum,"-10.5248, -146.8859"
Замок ст. Дубна,Mountain Peak,"-35.9568, -31.2938"
Museum of Clarkside,Museum,"-3.0205, 73.8183"
Square of Kevinland,Достопримечательность,"-53.7351, 35.0437"
Bridge of New Joel,Famous Intersection,"-65.2194, -145.6092"
Парк ст. Обоянь,Mountain Peak,"-56.1587, 78.6071"
Bridge of Limouth,Nature Reserve,"-13.8267, -96.8233"
Bridge of East Scottport,Mountain Peak,"-56.0511, -124.215"
Озеро с. Холмогоры,Historic Site,"-23.3131, 169.4293"
Гора п. Бугульма,Mountain Peak,"-3.9784, -143.8165"
Площадь к. Кировск (Мурм.),Famous Intersection,"-24.3082, 6.2254"
Lake of South Tamaraside,Mountain Peak,"-48.0347, 7.4576"
Lake of Port Jenniferton,Nature Reserve,"54.9735, -117.2195"
Castle of Port Claudiahaven,Museum,"-26.7743, -44.2319"
Park of West Michaelport,Museum,"41.0969, -150.6746"
Park of New Samuelfurt,Historic Site,"36.1877, -1.4359"
Озеро с. Зарайск,Mountain Peak,"1.5639, -109.212"
Square of East Robert,Исторический район,"65.3847, 50.0427"
Площадь г. Каменномостский,Museum,"-56.1206, -129.5693"
Площадь д. Цимлянск,Public Park,"40.5559, -83.96"
Museum of West Adrianberg,Beach,"66.2599, -85.8676"
Castle of Cameronchester,Famous Intersection,"-54.8444, -137.6291"
Museum of Port Collinstad,Historic Site,"59.581, 61.4419"
Озеро д. Руза,Исторический район,"29.5515, 120.5319"
Озеро п. Асино,Храм,"-48.1249, 57.4273"
Museum of New Felicia,Природный объект,"-34.9433, 70.3846"
Парк г. Москва,Landmark,"14.4794, 129.2747"
Park of West Joannaview,Famous Intersection,"-57.3573, 83.1251"
Lake of Lake Lauraview,Природный объект,"-12.4985, 73.2703"
Lake of Leeshire,Достопримечательность,"-56.0946, -78.4662"
Площадь с. Кыштым,Пляж,"-11.8646, 76.8459"
Lake of Port Markton,Исторический район,"-18.5404, 139.5565"
Castle of Williamston,Храм,"-64.959, 154.1301"
Square of Stevenchester,Nature Reserve,"53.5079, 113.9769"
Замок г. Можайск,Парк,"-25.3614, 113.4278"
Square of South Karenberg,Достопримечательность,"-29.074, 34.1748"
Музей ст. Хатанга,Mountain Peak,"-27.7573, -128.8613"
Museum of North Tylershire,Природный объект,"32.4637, 148.9716"
Гора с. Пушкинские Горы,Парк,"58.7653, 133.3382"
Castle of Port Christopher,Landmark,"32.9827, -37.169"
Castle of West Lisa,Парк,"-18.7763, 13.779"
Музей п. Северодвинск,Public Park,"69.3277, -49.2596"
Castle of Port Andrew,Nature Reserve,"13.0249, -57.292"
Bridge of Ronaldhaven,Горнолыжный курорт,"24.9863, 31.8837"
Замок г. Таганрог,Historic Site,"-33.7154, -38.1239"
Castle of Kathleenbury,Landmark,"-37.7513, -64.4631"
Замок г. Холмогоры,Природный объект,"22.7656, -24.1881"
Square of Joshuamouth,Пляж,"-36.9373, 53.3858"
Замок п. Усть-Илимск,Historic Site,"37.9676, -15.9345"
Lake of Andreaborough,Исторический район,"-5.5646, 112.7264"
Площадь п. Нижнекамск,Парк,"39.34, -80.3372"
Museum of Torresfurt,Historic Site,"-36.5428, 16.8517"
Парк клх Черусти,Nature Reserve,"11.5507, 12.2729"
Музей п. Рубцовск,Храм,"-39.3451, 86.8629"
Square of North Christophermouth,Парк,"-5.2182, 20.2956"
Площадь ст. Ногинск (Моск.),Пляж,"34.824, -60.816"
Замок к. Якша,Исторический район,"20.9254, 9.2938"
Park of Laurenchester,Beach,"22.3471, -157.1663"
Озеро с. Ишим,Public Park,"14.5336, 155.3702"
Castle of Wagnermouth,Nature Reserve,"11.7142, -167.7762"
Озеро п. Североуральск,Landmark,"41.4705, -121.138"
Bridge of New Rebeccafort,Famous Intersection,"-18.6845, 61.1715"
Площадь г. Витим,Исторический район,"30.2387, 168.7561"
Площадь с. Назрань,Парк,"-8.0085, 148.6231"
Museum of Brianland,Landmark,"9.7461, 7.3224"
Square of Lake Brendanfurt,Beach,"2.9071, -48.0038"
Park of Lake Lisa,Исторический район,"-24.6947, 44.7537"
Museum of Lewisland,Beach,"-45.909, 29.0142"
Bridge of Villanuevafurt,Парк,"-1.7995, 124.2345"
Lake of New Reginashire,Mountain Peak,"-5.4907, 86.3855"
Bridge of New Jamiefort,Famous Intersection,"-2.0522, 155.9306"
Bridge of Moraleshaven,Famous Intersection,"-32.9488, 118.2348"
Парк ст. Щельяюр,Парк,"33.3991, 149.0168"
Гора к. Кяхта,Музей,"25.1387, -33.8342"
Square of Angelaside,Historic Site,"50.8079, 24.2898"
Park of Ashleyville,Mountain Peak,"-62.048, -105.9792"
Lake of Lake Angela,Public Park,"47.8556, -11.6988"
Park of Rodriguezberg,Famous Intersection,"30.9526, 157.7321"
Square of North Richard,Landmark,"26.8116, 107.8899"
Park of North Rickyborough,Beach,"41.9231, -87.8799"
Square of New Louis,Museum,"29.7275, -10.0406"
Bridge of Heidiview,Landmark,"-57.4642, -129.3978"
Площадь к. Руза,Храм,"-31.9644, -115.1447"
Lake of Port Collin,Храм,"37.3866, 37.6077"
Музей ст. Кулу,Famous Intersection,"43.6621, -123.0004"
Park of Port Christine,Музей,"8.6012, -85.3116"
Парк д. Кинешма,Пляж,"11.6569, 42.6463"
Bridge of Lake Maryfurt,Горнолыжный курорт,"-30.6592, 91.4967"
Замок ст. Ишим,Музей,"15.7734, -56.6236"
Bridge of Port Wesleyland,Пляж,"-23.5693, 146.1428"
Lake of Ryanburgh,Famous Intersection,"-10.9027, 41.5398"
Озеро г. Балашиха,Природный объект,"24.9266, -154.5073"
Площадь клх Теберда,Beach,"-11.8641, 35.9617"
Museum of Davisville,Храм,"29.4928, -50.1887"
Park of Simsville,Музей,"-61.129, 56.3435"
Lake of Rileymouth,Mountain Peak,"-25.476, 158.3565"
Castle of Jenniferville,Museum,"-41.0048, -51.1591"
Музей с. Орехово-Зуево,Храм,"65.9172, -116.5628"
Square of Bethborough,Historic Site,"-19.0577, 147.4552"
Bridge of Edwardsfort,Museum,"-35.3336, 59.2993"
Озеро клх Ишим,Музей,"5.8983, -111.4292"
Озеро г. Моздок,Mountain Peak,"-52.4484, -57.6176"
Парк г. Верхний Баскунчак,Горнолыжный курорт,"37.3232, -122.3365"
Bridge of West Mary,Museum,"-4.8707, -103.4424"
Lake of North Roberttown,Достопримечательность,"-45.5499, -51.8158"
Castle of Perezbury,Historic Site,"54.5434, 130.0426"
Castle of South Steven,Пляж,"53.2894, 26.2626"
Castle of Port James,Historic Site,"37.1484, -25.4143"
Музей п. Вилюйск,Горнолыжный курорт,"-18.6924, 0.285"
Гора п. Бодайбо,Парк,"35.0212, -46.8132"
Castle of Warrenland,Природный объект,"-17.6212, 104.2309"
Castle of Michaeltown,Природный объект,"19.9569, 12.6899"
Square of North Kristinland,Landmark,"-64.4766, -149.3913"
Гора д. Кириши,Mountain Peak,"-42.8799, -39.4966"
Park of Hensleyfurt,Nature Reserve,"59.2621, 74.9258"
Площадь п. Россошь,Храм,"61.1126, 128.0109"
Park of North Maryfurt,Public Park,"-44.205, -164.7392"
Гора п. Волгоград,Достопримечательность,"61.1939, -42.2974"
Castle of West Toniport,Музей,"-42.7521, -5.7371"
Музей с. Калининград,Горнолыжный курорт,"-66.2243, 160.1465"
Lake of Barrettshire,Mountain Peak,"11.6503, 6.7892"
Bridge of Ryanmouth,Парк,"50.9474, 35.9402"
Lake of Wendyland,Historic Site,"-9.4396, -62.2121"
Square of Williehaven,Пляж,"-39.7528, 24.3873"
Lake of Jennifermouth,Nature Reserve,"64.0158, 142.8703"
Park of Hicksmouth,Исторический район,"69.6488, 133.8469"
Гора п. Тулун,Beach,"9.4056, 121.5393"
Парк ст. Сусуман,Исторический район,"50.427, -27.7117"
Square of East Jay,Historic Site,"-36.9665, -32.561"
Замок клх Уренгой,Парк,"69.0245, 135.2762"
Park of New Tylermouth,Nature Reserve,"-69.9971, 39.0554"
Museum of Robertobury,Beach,"-33.4953, -94.1036"
Museum of Port Paulland,Famous Intersection,"-13.9128, 141.9683"
Озеро ст. Тутаев,Museum,"-62.7557, -100.8633"
Bridge of North Pamela,Historic Site,"50.1833, 38.1219"
Замок ст. Щелково,Музей,"-66.53, 158.492"
Lake of West Phillipbury,Достопримечательность,"-33.5999, 68.2771"
Парк клх Глазов,Famous Intersection,"36.5851, -67.6739"
Park of West Jessica,Музей,"69.9268, -128.1345"
Площадь к. Сальск,Public Park,"10.8581, 131.894"
Square of North Julie,Парк,"33.8772, 169.9772"
Castle of South Charlotte,Nature Reserve,"-24.3857, 84.2306"
Park of Martinezview,Пляж,"-31.0934, 161.0708"
Парк к. Новая Игирма,Горнолыжный курорт,"50.4781, -37.8139"
Озеро с. Усмань,Парк,"-21.8743, 80.3074"
Castle of Christensenmouth,Музей,"33.6614, 137.2468"
Bridge of North Lori,Пляж,"-31.9831, -6.4725"
Square of West Tracy,Пляж,"31.8419, 38.024"
Музей д. Нарткала,Достопримечательность,"-17.9902, 9.4656"
Castle of New William,Landmark,"3.4703, -33.4934"
Castle of Pamelabury,Горнолыжный курорт,"-35.3133, -80.4728"
Square of Port Moniqueland,Пляж,"-33.8604, 142.9511"
Castle of Smithland,Mountain Peak,"-35.6246, 146.9887"
Bridge of East Philipmouth,Исторический район,"23.2769, -50.8681"
Lake of West Maria,Historic Site,"-50.6837, -32.856"
Park of Campbellchester,Museum,"-52.4597, -122.5154"
Гора клх Новый Уренгой,Public Park,"-45.8054, -28.9613"
Гора к. Аргаяш,Пляж,"20.9585, -135.5017"
Гора клх Терней,Museum,"29.8378, 15.8108"
Square of Kelleymouth,Природный объект,"-26.6761, -57.1"
Парк д. Киржач,Historic Site,"-23.4803, -139.5844"
Castle of Kiddhaven,Beach,"-15.7209, 133.6258"
Bridge of Wangfurt,Museum,"68.1526, 128.714"
Парк д. Кировск (Ленин.),Природный объект,"10.6635, -88.953"
Castle of Lake Jaime,Nature Reserve,"32.2969, -95.0551"
Castle of Griffithstad,Mountain Peak,"-11.1945, 47.3349"
Озеро д. Аргаяш,Mountain Peak,"-64.9363, -21.4759"
Bridge of Malonefurt,Храм,"61.0764, 83.4835"
Гора с. Киржач,Museum,"58.2924, 130.653"
Парк д. Южно-Сахалинск,Famous Intersection,"34.5336, -29.6747"
Park of Moralesborough,Landmark,"-14.3627, -85.6251"
Гора д. Калининград,Museum,"-39.1034, -112.9039"
Lake of East Emma,Достопримечательность,"-40.3056, -112.4307"
Bridge of Robertshire,Достопримечательность,"-35.2275, -102.3172"
Замок ст. Кирово-Чепецк,Landmark,"-47.5244, -55.4535"
Square of Mathewsport,Museum,"-39.5187, 70.2825"
Парк г. Тымовское,Beach,"-20.3188, -37.8874"
Lake of Martinezchester,Горнолыжный курорт,"-38.2252, 4.0384"
Музей с. Воронеж,Природный объект,"51.9539, -35.1226"
Lake of North Ralph,Famous Intersection,"-47.2576, -103.0624"
Замок д. Яхрома,Museum,"27.994, 142.8861"
Площадь ст. Переславль-Залесский,Museum,"-64.7669, 110.8895"
Гора п. Алексин,Парк,"-7.4776, -116.0826"
Bridge of New Laurie,Парк,"54.5918, -80.4305"
Museum of Jamesborough,Historic Site,"62.1045, 6.161"
Замок ст. Шамары,Музей,"-55.5039, 89.9802"
Square of Chadport,Historic Site,"-2.0392, 46.9564"
Castle of New Adam,Famous Intersection,"25.6568, 129.1758"
Museum of Carolynville,Пляж,"-48.8682, 118.8489"
Lake of Nicolemouth,Mountain Peak,"-25.5615, -110.1651"
Bridge of New Andrew,Пляж,"-20.5032, 108.5549"
Park of Navarrotown,Горнолыжный курорт,"-44.1166, 7.2815"
Bridge of Reyesland,Горнолыжный курорт,"39.1673, -22.0925"
Castle of North Ericchester,Достопримечательность,"50.3193, 2.6218"
Museum of Manuelmouth,Природный объект,"66.4471, 47.0401"
Гора п. Троицк (Челяб.),Природный объект,"-24.1849, -122.5116"
Park of Manuelside,Пляж,"6.8098, -34.8977"
Замок ст. Усть-Калманка,Public Park,"-32.0787, -47.0187"
Bridge of Lake Scott,Public Park,"-52.3332, 147.1787"
Castle of Meganburgh,Исторический район,"58.6093, 48.6241"
Castle of Pamelamouth,Beach,"-28.0112, 83.2708"
Museum of Buchananshire,Храм,"-62.0937, -72.8769"
Square of East Jerryburgh,Пляж,"-33.4289, 75.0032"
Museum of Josephland,Природный объект,"50.8955, -72.0777"
Lake of Randolphmouth,Музей,"-4.2486, 125.2886"
Bridge of North Jonathanborough,Горнолыжный курорт,"-58.1227, 93.4504"
Замок клх Нязепетровск,Landmark,"57.8795, 143.5587"
Bridge of South Carlachester,Парк,"-34.815, -66.324"
Музей г. Киржач,Landmark,"53.5961, 133.2517"
Парк с. Алапаевск,Парк,"17.8197, 58.309"
Музей к. Балашиха,Beach,"-49.6256, -41.8301"
Гора ст. Кудымкар,Музей,"59.2175, 47.1697"
Bridge of South Brett,Mountain Peak,"52.3677, 79.1621"
Square of Tanyamouth,Горнолыжный курорт,"-15.7853, 124.652"
Square of New Robertostad,Достопримечательность,"7.5316, 123.9633"
Square of Justinton,Nature Reserve,"-25.7163, -69.84"
Bridge of West Stephaniebury,Museum,"-23.5859, 34.0221"
Озеро п. Кашира,Nature Reserve,"30.7246, 113.8428"
Озеро клх Приморско-Ахтарск,Nature Reserve,"-54.7658, 23.8654"
Гора клх Тольятти,Museum,"-4.7063, 166.345"
Музей г. Нижний Тагил,Музей,"-15.5719, 138.8067"
Castle of North Adam,Парк,"46.0748, -162.3486"
Castle of Fullerberg,Достопримечательность,"-30.8353, 68.4864"
Museum of Sarashire,Landmark,"-16.5083, -150.8691"
Museum of New Adam,Музей,"-64.6166, 6.9786"
Castle of North Anaberg,Landmark,"-27.4456, 152.782"
Гора г. Туапсе,Музей,"33.3048, -1.1305"
Park of Scottberg,Public Park,"-44.4104, 16.6012"
Lake of Matthewtown,Исторический район,"37.1375, -41.1814"
Музей г. Йошкар-Ола,Природный объект,"4.7717, -30.1761"
Square of New Karenburgh,Landmark,"-47.4004, -18.2001"
Парк к. Апрелевка,Музей,"-17.5168, 131.018"
Озеро к. Белый Яр (Томск.),Парк,"-14.036, -52.7344"
Площадь д. Белгород,Historic Site,"-53.787, 64.5589"
Park of East Brian,Пляж,"66.2771, 157.4418"
Bridge of Port Nicholas,Historic Site,"8.3352, -133.005"
Bridge of New Erin,Храм,"61.0878, 109.5786"
Park of Brownfort,Public Park,"-68.1093, -168.6188"
Lake of Lake Christopher,Famous Intersection,"62.3677, -135.7084"
Park of Millertown,Public Park,"56.4471, -31.1135"
Замок д. Ростов,Достопримечательность,"14.1303, -88.2689"
Музей клх Белокуриха,Public Park,"-67.1426, 47.1907"
Lake of Port Brandon,Nature Reserve,"-62.5199, -137.6536"
Музей п. Кажим,Historic Site,"-42.1009, -0.9453"
Замок п. Элиста,Museum,"32.4336, -99.1126"
Park of East Loretta,Public Park,"-51.9754, 135.1284"
Площадь с. Суздаль,Museum,"1.8131, -63.4414"
Замок клх Нязепетровск,Beach,"-21.8619, -147.5518"
Park of West Kevin,Historic Site,"-11.3725, -69.5753"
Музей клх Воронеж,Храм,"48.8061, -51.8708"
Castle of Hendrixtown,Храм,"16.9007, 12.0195"
Парк ст. Тимашевск,Historic Site,"-50.68, -140.5031"
Озеро к. Чокурдах,Пляж,"-20.6205, -80.4491"
Парк клх Макаров,Historic Site,"-26.7138, -45.0977"
Bridge of Bridgesside,Public Park,"35.6587, 64.2024"
Bridge of Port Jessica,Парк,"-64.2824, -48.062"
Lake of Timothyburgh,Historic Site,"1.9517, -114.3925"
Museum of Carltown,Природный объект,"5.732, -166.4446"
Озеро с. Новомичуринск,Historic Site,"-10.156, 156.9243"
Park of Laurieside,Достопримечательность,"-17.2982, -127.2864"
Park of New Cathyberg,Public Park,"-63.0127, -140.4562"
Bridge of West Misty,Пляж,"-62.5571, -20.1551"
Замок к. Сунтар,Historic Site,"41.8939, 156.8301"
Park of Wardside,Достопримечательность,"21.4878, -4.7834"
Парк г. Верхнее Пенжино,Beach,"-64.3968, -9.2617"
Museum of Lake Susanstad,Museum,"30.1579, 97.1952"
Museum of Jesusside,Nature Reserve,"-64.2119, -5.487"
Square of Matahaven,Пляж,"-34.4373, 92.731"
Озеро ст. Котлас,Beach,"-38.5252, 119.6161"
Park of New Johnview,Музей,"-3.8214, 33.4534"
Парк п. Бомнак,Музей,"-39.3311, -24.1825"
Bridge of West Barbaramouth,Landmark,"-60.4103, -23.0985"
Lake of Rodriguezchester,Горнолыжный курорт,"-46.5181, -157.7093"
Castle of Lake Brendamouth,Museum,"-55.2527, 15.7829"
Castle of Port Elizabeth,Пляж,"-43.706, -111.3434"
Park of Boyerland,Beach,"-45.1976, 150.4905"
Museum of Morrisburgh,Храм,"34.1688, 54.2086"
Музей с. Чулым,Historic Site,"-4.3252, 81.339"
Castle of Mccoyview,Храм,"52.361, 91.5656"
Bridge of Lake Tammy,Landmark,"13.3008, -73.3041"
Park of Richardfort,Исторический район,"-58.8041, -123.5098"
Lake of Mosston,Исторический район,"46.3871, 14.9534"
Озеро д. Корсаков,Beach,"4.0021, -103.9163"
Озеро п. Ярославль,Landmark,"33.557, 78.145"
Lake of Vincenttown,Достопримечательность,"-33.597, 36.0907"
Park of Davidmouth,Храм,"51.7455, 51.298"
Castle of New Jason,Mountain Peak,"65.4575, 143.6642"
Озеро к. Кулу,Mountain Peak,"-50.5797, -144.6748"
Square of New Johnberg,Public Park,"54.23, -93.3705"
Озеро п. Жиганск,Beach,"-49.1898, 166.1891"
Озеро ст. Колпашево,Природный объект,"11.9136, -147.0718"
Замок г. Комсомольск-на-Амуре,Парк,"-5.5544, 23.1321"
Bridge of Port George,Храм,"64.4645, -7.8736"
Museum of Port Kimberlystad,Historic Site,"50.5637, -58.5887"
Озеро клх Шумиха,Nature Reserve,"3.7977, 83.5454"
Замок п. Бугуруслан,Public Park,"-68.5831, 4.2166"
Castle of New Williamtown,Beach,"-10.5559, -44.7713"
Park of West Bobby,Исторический район,"32.7165, 38.1396"
Bridge of Jeffreyberg,Природный объект,"12.4015, -109.0635"
Square of Allisonshire,Historic Site,"-42.8199, -114.9626"
Lake of Smithton,Landmark,"-50.9091, 65.3768"
Гора д. Новый Оскол,Парк,"-25.4696, -159.4349"
Castle of East Ebony,Landmark,"-65.01, 101.4065"
Замок д. Краснотурьинск,Парк,"25.2442, 34.0225"
Park of South Todd,Парк,"27.9755, 66.7446"
Гора г. Самара,Museum,"27.675, 77.8682"
Park of Lake Todd,Nature Reserve,"-15.4735, 15.1704"
Lake of Nealmouth,Historic Site,"68.0246, 7.9099"
Площадь п. Горячинск,Nature Reserve,"34.3494, -144.0282"
Museum of South Thomaston,Пляж,"-1.4122, -43.3726"
Музей ст. Темрюк,Public Park,"-43.0409, -159.4511"
Озеро г. Тарко-Сале,Пляж,"38.4293, -159.5856"
Square of Perkinsborough,Достопримечательность,"28.3217, -14.9897"
Museum of Christinastad,Landmark,"4.4155, 29.8124"
Замок ст. Верхний Уфалей,Landmark,"-14.9924, 141.2083"
Замок с. Выборг,Beach,"-55.6491, -101.0551"
Square of East Nathanland,Landmark,"-66.8292, 14.8905"
Castle of North Lisaport,Famous Intersection,"45.6909, -113.3107"
Bridge of Emilyside,Mountain Peak,"-14.61, 13.5506"
Museum of North Lawrencestad,Museum,"-50.6162, 49.3116"
Озеро п. Лагань,Исторический район,"3.134, 87.0315"
Озеро д. Нязепетровск,Исторический район,"-62.7386, -36.1091"
Гора п. Каменск-Шахтинский,Исторический район,"-29.2918, -47.0799"
Гора п. Кострома,Достопримечательность,"-33.3613, -4.4074"
Lake of Tinamouth,Mountain Peak,"23.8937, -115.7124"
Bridge of West Christinamouth,Public Park,"1.4163, -56.1787"
Square of South Dianeborough,Достопримечательность,"10.8758, -61.2505"
Museum of Rayport,Природный объект,"-12.8172, 56.6779"
Озеро клх Усолье Сибирское,Достопримечательность,"63.9746, -9.7984"
Музей г. Хабаровск,Храм,"-64.7847, 149.8272"
Bridge of Rayberg,Горнолыжный курорт,"4.6869, 1.7938"
Гора ст. Видное,Парк,"-40.8429, 66.9128"
Park of New Robert,Музей,"-23.3076, -68.5237"
Castle of Port Jody,Достопримечательность,"7.8322, -69.7127"
Park of Wardville,Пляж,"36.3721, 121.3968"
Square of Starkchester,Beach,"24.4214, -65.7426"
Площадь с. Аршан (Бурят.),Mountain Peak,"-41.1288, -56.017"
Park of New Meganmouth,Достопримечательность,"54.5486, 61.1754"
Парк г. Осташков,Famous Intersection,"23.7357, 41.6332"
Museum of Jenkinstown,Музей,"-19.4178, -160.4823"
Bridge of Cookebury,Природный объект,"-54.2285, 104.3166"
Museum of West Georgeside,Исторический район,"10.953, 128.3152"
Castle of Michaelton,Пляж,"50.8627, 48.5812"
Square of South Ryan,Музей,"-34.7273, 108.8685"
Площадь п. Шахты,Парк,"-50.976, -56.4568"
Гора клх Бийск,Парк,"16.1821, -68.8271"
Castle of Lake Deborah,Достопримечательность,"-3.4213, -124.787"
Парк д. Калач,Горнолыжный курорт,"62.9748, 166.7464"
Museum of Angelaville,Пляж,"60.7118, -144.0814"
Lake of South Norman,Landmark,"-47.6014, 117.9839"
Озеро к. Новороссийка,Museum,"-40.3744, 164.2182"
Museum of Justinport,Храм,"14.2728, 25.0528"
Озеро д. Нижневартовск,Mountain Peak,"12.7365, -152.6283"
Музей г. Терней,Beach,"-67.8779, 128.6134"
Castle of Zacharyport,Храм,"42.1922, 54.4237"
Озеро клх Грозный,Landmark,"50.0634, -57.1691"
Парк д. Верхнее Пенжино,Museum,"60.5557, 42.3492"
Площадь с. Пушкинские Горы,Mountain Peak,"14.1835, 113.4106"
Square of New Jennifer,Historic Site,"14.6067, -98.024"
Парк п. Жиганск,Mountain Peak,"58.1818, 85.8152"
Площадь г. Касимов,Храм,"54.9042, 33.4892"
Castle of Martinezton,Historic Site,"26.2541, -158.0716"
Museum of North Crystalbury,Пляж,"-64.3351, -17.2296"
Bridge of North Jennifer,Парк,"34.4091, 149.4493"
Museum of West Jesseshire,Landmark,"-22.0829, 121.194"
Square of East Tammybury,Mountain Peak,"-69.2905, 85.7656"
Парк д. Прохладный,Historic Site,"-6.1687, 64.7621"
Парк клх Великие Луки,Nature Reserve,"10.2286, -56.65"
Гора ст. Дмитров,Public Park,"-19.0313, 43.8598"
Площадь д. Канск,Достопримечательность,"-35.313, 13.3807"
Гора д. Пермь,Храм,"-26.2363, 98.5906"
Lake of Jimenezview,Museum,"29.177, -157.9872"
Square of East Robert,Famous Intersection,"-41.1584, -96.351"
Park of Brandyshire,Пляж,"-46.7897, -148.9704"
Museum of Bartlettberg,Landmark,"20.9435, -89.2203"
Square of Lake Ashley,Парк,"7.8112, -50.4155"
Bridge of West Stephen,Nature Reserve,"52.0531, 90.8299"
Castle of Kevinchester,Historic Site,"-43.55, -7.8517"
Museum of North Andrewton,Famous Intersection,"-65.5769, -108.8859"
Bridge of Lauramouth,Mountain Peak,"61.9886, -67.8471"
Гора г. Лабытнанги,Парк,"27.8713, -92.0337"
Замок п. Юровск,Landmark,"-17.9422, 10.9754"
Museum of North Katherine,Пляж,"-22.4259, 80.0959"
Bridge of Lake Nancy,Mountain Peak,"-23.1238, -94.9588"
Castle of North Kimberly,Landmark,"-22.5308, -32.676"
Park of West Matthew,Landmark,"67.2012, 129.1419"
Square of New Jamie,Парк,"-18.3167, 164.4357"
Park of Morsemouth,Горнолыжный курорт,"-67.3014, 26.3501"
Площадь д. Надым,Достопримечательность,"-59.9059, 150.8"
Lake of East Aaron,Пляж,"-55.7349, -118.6946"
Castle of South Josephbury,Достопримечательность,"-34.0546, 27.3723"
Озеро г. Шерегеш,Mountain Peak,"-64.6918, 101.2049"
Гора ст. Александровск-Сахалинский,Nature Reserve,"-30.4168, 132.3621"
Square of Washingtonburgh,Пляж,"54.2288, -2.7372"
Гора д. Котельнич,Исторический район,"31.7754, 114.592"
Museum of North Hannahside,Mountain Peak,"56.2911, -151.2162"
Square of Angelaland,Парк,"-19.517, 96.494"
Музей п. Ирбит,Famous Intersection,"-42.5711, -57.2812"
Museum of Port Nicolechester,Public Park,"15.8162, 146.8629"
Square of Lake Ginaborough,Исторический район,"32.5797, -15.6141"
Площадь клх Тосно,Исторический район,"-49.9661, -113.8882"
Square of Lynnshire,Музей,"-16.1886, -167.8623"
Bridge of South Davidmouth,Nature Reserve,"47.7234, -162.9885"
Park of Annaburgh,Beach,"6.1966, -10.9188"
Парк п. Назрань,Public Park,"-39.6268, 99.3032"
Museum of West Mariaberg,Исторический район,"-28.0288, 84.4268"
Bridge of South Ryanhaven,Пляж,"-9.5131, -24.3822"
Castle of Millerland,Достопримечательность,"-0.8578, 30.6415"
Парк с. Волгоград,Landmark,"-20.3347, -122.9567"
Park of Gailberg,Landmark,"-31.1885, 58.9755"
Площадь с. Осташков,Historic Site,"28.7345, 150.784"
Парк д. Новороссийка,Природный объект,"41.3519, 53.8111"
Park of Charleneville,Горнолыжный курорт,"-17.3812, 47.1146"
Castle of New Elizabethborough,Горнолыжный курорт,"12.2644, -85.7345"
Озеро с. Северо-Курильск,Парк,"-6.8921, 6.1728"
Park of Leefort,Museum,"59.9243, 168.5248"
Museum of South Lauraside,Природный объект,"-43.1495, -34.2368"
Bridge of West Jennifer,Природный объект,"48.428, -120.2141"
Square of Ashleyhaven,Пляж,"34.6932, 57.1211"
Park of Lake Brianborough,Mountain Peak,"41.4788, -80.969"
Square of New Michaelbury,Nature Reserve,"-29.3458, -92.1597"
Bridge of Pattersonfort,Храм,"-66.2144, 9.1076"
Музей д. Тольятти,Museum,"46.9746, -115.6366"
Park of New Wesleybury,Nature Reserve,"-59.5849, 39.0585"
Музей п. Поронайск,Природный объект,"-6.7183, 31.3403"
Lake of North Amyside,Nature Reserve,"-36.4846, -112.6233"
Museum of Lauraburgh,Достопримечательность,"41.5068, -0.2266"
Озеро клх Бузулук,Mountain Peak,"-39.9861, -38.2677"
Музей к. Усть-Илимск,Исторический район,"18.8294, -85.3623"
Castle of Port Kathytown,Горнолыжный курорт,"-43.4132, 145.0446"
Озеро г. Асино,Museum,"22.6645, 138.2642"
Park of East Madelinefurt,Famous Intersection,"52.405, 92.2379"
Square of Port Philipfort,Достопримечательность,"-31.7118, 56.2508"
Park of New Williamborough,Public Park,"66.5754, -6.9591"
Lake of Flemingborough,Museum,"31.1365, 73.8162"
Park of East Brendafort,Горнолыжный курорт,"17.1993, -130.2031"
Square of Lake Carolyntown,Природный объект,"-38.6078, -93.014"
Castle of New Kimberly,Достопримечательность,"18.7309, -65.1586"
Площадь д. Салават,Парк,"67.9824, 77.4624"
Lake of South Brandon,Природный объект,"-14.3646, -23.9312"
Гора клх Рыльск,Nature Reserve,"-8.6106, -43.758"
Park of South Robert,Достопримечательность,"-17.6619, 57.2533"
Музей с. Нарьян-Мар,Landmark,"-11.6046, 157.098"
Square of East Allisonland,Museum,"-4.5302, -6.4401"
Озеро п. Снежинск,Landmark,"-66.6184, -78.3728"
Музей г. Чехов,Mountain Peak,"5.8297, -45.3271"
Парк клх Армавир,Public Park,"-3.464, 33.8386"
Парк д. Ухта,Museum,"-36.499, -133.162"
Замок п. Арсеньев,Природный объект,"64.2731, 40.7847"
Square of Port Sara,Достопримечательность,"-58.5136, -84.9182"
Museum of Lake Susan,Достопримечательность,"22.4254, 32.7729"
Museum of East Raymond,Public Park,"65.194, -163.1617"
Square of New Davidberg,Historic Site,"-44.8261, -54.7197"
Bridge of Port Marvinmouth,Достопримечательность,"-40.897, 151.9085"
Museum of Williammouth,Парк,"-62.0656, -83.4214"
Park of Lake Roberthaven,Mountain Peak,"-20.2175, 77.1829"
Площадь ст. Усолье Сибирское,Горнолыжный курорт,"-2.6078, -125.2035"
Замок с. Ведено,Mountain Peak,"-13.6909, 65.9335"
Музей г. Североморск,Mountain Peak,"-29.4005, 126.2458"
Bridge of Ronaldside,Beach,"-1.081, 106.7047"
Castle of South Joville,Landmark,"35.5666, -85.2673"
Square of North Scott,Природный объект,"68.0322, 70.6343"
Гора г. Воронеж,Famous Intersection,"-6.9922, 140.993"
Гора п. Серебряные Пруды,Historic Site,"61.3187, -90.0272"
Museum of North Samantha,Mountain Peak,"26.9608, -19.8489"
Museum of Yvetteville,Public Park,"-51.4611, -56.852"
Гора п. Кяхта,Природный объект,"-53.0846, 39.1337"
Музей г. Корсаков,Парк,"10.6308, 141.0618"
Площадь ст. Катайск,Nature Reserve,"36.7909, -26.0857"
Парк ст. Саянск,Достопримечательность,"-36.0898, 5.9913"
Площадь ст. Курчатов,Nature Reserve,"15.8345, 43.8325"
Square of Robinsonbury,Historic Site,"19.1311, 80.115"
Музей д. Катайск,Музей,"28.9887, 91.9949"
Castle of Michaelside,Природный объект,"61.5105, 89.5126"
Bridge of Andersonhaven,Храм,"41.262, -132.7328"
Castle of West Connor,Достопримечательность,"53.2048, 34.7804"
Castle of Lake Katherinefort,Пляж,"7.9491, 32.4494"
Площадь к. Чайковский,Достопримечательность,"-51.4657, 136.0001"
Гора ст. Глазов,Исторический район,"-8.6036, 148.4713"
Музей д. Избербаш,Landmark,"-50.4144, -154.074"
Castle of East Sara,Nature Reserve,"46.0107, 5.8839"
Замок г. Валаам,Парк,"-3.8373, 21.9651"
Гора клх Томари,Достопримечательность,"-19.5743, 46.1273"
Square of New Brandonmouth,Пляж,"-24.2096, 91.3255"
Lake of Chavezhaven,Landmark,"-38.9632, 117.3279"
Museum of Aguirreside,Музей,"26.7597, -54.1775"
Музей п. Тында,Горнолыжный курорт,"-37.6437, 115.804"
Park of West Patrick,Nature Reserve,"-48.0328, -85.4197"
Музей г. Обоянь,Исторический район,"28.1615, -128.7603"
Museum of Chenmouth,Nature Reserve,"51.3165, 156.0069"
Park of New David,Nature Reserve,"39.2769, 48.628"
Museum of North Erinport,Historic Site,"-29.776, 153.77"
Museum of Jennytown,Природный объект,"-35.1594, -61.6093"
Museum of Gibsonland,Достопримечательность,"48.4347, 55.7813"
Park of Bennettstad,Nature Reserve,"-28.9808, 61.84"
Square of Paigestad,Достопримечательность,"68.9491, -136.2419"
Bridge of Kevintown,Достопримечательность,"46.0187, 88.8495"
Museum of East Sergioburgh,Горнолыжный курорт,"36.5195, -115.0324"
Park of New Meaganfurt,Historic Site,"13.4031, 95.2099"
Гора к. Лотошино,Museum,"33.4845, -88.9836"
Park of North William,Historic Site,"-18.9848, 21.7726"
Музей клх Саратов,Landmark,"16.6332, -19.3188"
Площадь с. Славгород,Храм,"3.9778, -161.297"
Square of Bryantshire,Парк,"-58.0086, 51.5126"
Castle of Lake Bradleyfurt,Nature Reserve,"-10.2305, -80.6757"
Музей клх Россошь,Природный объект,"39.2491, -64.9105"
Площадь с. Назрань,Исторический район,"49.0637, -3.3897"
Парк д. Колпашево,Beach,"60.4244, 119.1675"
Озеро п. Луховицы,Храм,"-40.2527, 59.7887"
Музей г. Челябинск,Public Park,"26.7676, -81.6799"
Park of Port Annville,Исторический район,"-4.9045, -35.2139"
Square of North Steven,Public Park,"41.8867, 36.521"
Square of Jessicatown,Музей,"57.993, 44.0488"
Озеро ст. Двинской,Парк,"6.224, -71.1048"
Square of Port Christian,Музей,"-36.6903, -53.3319"
Museum of West Michaelland,Public Park,"17.7775, 166.5938"
Bridge of New Donald,Beach,"6.1787, 146.7691"
Castle of Schultzfort,Природный объект,"-50.7018, -77.9868"
Park of Victorland,Famous Intersection,"-51.537, 103.1311"
Музей к. Новороссийка,Пляж,"29.2434, -97.148"
Музей п. Макушино,Природный объект,"-4.4964, -99.5936"
Museum of North Victoriafort,Famous Intersection,"22.6432, -93.1462"
Castle of Stevenville,Museum,"-52.2987, 120.6293"
Bridge of West Roberttown,Исторический район,"-41.4099, -103.17"
Замок ст. Луга,Mountain Peak,"-28.5275, -59.4677"
Museum of Lake Jeremy,Beach,"-55.3034, 15.0779"
Park of Justinmouth,Пляж,"3.9276, 33.8007"
Музей г. Витим,Достопримечательность,"-21.4137, -156.5514"
Площадь ст. Ямбург,Горнолыжный курорт,"34.7439, -14.4601"
Озеро клх Елатьма,Famous Intersection,"-32.1334, -16.6529"
Castle of North Briana,Beach,"-21.6868, 43.7839"
Парк к. Подольск,Природный объект,"52.3975, 112.5673"
Музей д. Любань,Пляж,"1.8438, 15.8753"
Bridge of Sarahfurt,Горнолыжный курорт,"-43.2033, 106.6227"
Музей клх Наро-Фоминск,Beach,"-47.2584, -147.0371"
Museum of East Leahborough,Mountain Peak,"-61.4443, 41.7178"
Озеро к. Токма,Mountain Peak,"-28.5257, -122.1975"
Bridge of Hahnport,Музей,"38.4587, 152.0162"
Замок ст. Ишим,Горнолыжный курорт,"44.0449, -26.557"
Park of Port Melissa,Public Park,"47.0036, 37.1418"
Lake of Pamelashire,Nature Reserve,"-55.7246, -153.0629"
Lake of Lake Kristine,Пляж,"-41.168, 41.2865"
Museum of Jonesville,Beach,"16.6173, -88.275"
Castle of North Brittanyburgh,Public Park,"18.4277, -58.2788"
Музей г. Горячий Ключ,Исторический район,"-32.0765, -162.2771"
Парк к. Люберцы,Храм,"-35.2867, -57.1962"
Castle of New Sandramouth,Природный объект,"-26.2576, -159.4767"
Lake of Georgeside,Beach,"64.285, 15.3245"
Museum of East Janice,Famous Intersection,"-33.3028, 77.8647"
Museum of Amyside,Mountain Peak,"29.1108, -144.9277"
Lake of Charleschester,Famous Intersection,"-1.2483, -73.8994"
Park of Courtneystad,Горнолыжный курорт,"62.9943, 108.3149"
Гора г. Чайковский,Famous Intersection,"-21.1036, -148.6213"
Park of Port Mackenzie,Public Park,"-69.2782, 0.9286"
Замок д. Абинск,Nature Reserve,"-38.9513, 154.3478"
Museum of New Rachel,Beach,"-16.1901, -58.5446"
Музей п. Великий Устюг,Landmark,"-56.8745, 1.693"
Castle of Chelseaton,Beach,"12.2164, 70.4209"
Гора с. Раменское,Пляж,"36.2149, 79.5871"
Bridge of Garyview,Beach,"-20.27, -62.9663"
Bridge of Vasquezmouth,Достопримечательность,"19.6169, -137.6977"
Lake of Smithtown,Парк,"-10.1711, -162.3791"
Park of Sonyaborough,Горнолыжный курорт,"10.083, -31.8996"
Park of Garrettton,Famous Intersection,"64.0391, -121.7137"
Bridge of North Zacharychester,Beach,"7.5387, 41.4469"
Парк п. Макушино,Beach,"-68.2372, -29.8993"
Museum of Cookfort,Храм,"58.066, 146.0179"
Гора с. Чусовой,Mountain Peak,"53.4894, 28.8668"
Lake of Sarahborough,Public Park,"23.7074, -43.4602"
Square of Coryside,Museum,"-45.2826, 39.8904"
Озеро клх Черкесск,Горнолыжный курорт,"-0.7682, 33.916"
Museum of South Robert,Public Park,"13.3044, 15.8418"
Square of West Amber,Nature Reserve,"48.5966, 128.4224"
Lake of West Davidstad,Landmark,"36.7228, -2.0871"
Bridge of Jasminechester,Парк,"-57.9148, -82.8407"
Музей с. Красноуральск,Historic Site,"61.0556, -64.2024"
Озеро к. Старая Русса,Парк,"21.2503, 130.1674"
Museum of Lake Rachael,Nature Reserve,"61.6129, -75.1665"
Castle of South John,Historic Site,"17.0035, 81.0596"
Castle of Crawfordside,Горнолыжный курорт,"-51.3008, 148.9342"
Park of New Richardside,Музей,"-33.6421, 23.5726"
Замок г. Ковров,Landmark,"-19.9857, -162.064"
Озеро ст. Глазов,Museum,"-62.7513, 116.3037"
Парк д. Старая Русса,Исторический район,"10.4141, 139.6117"
Замок к. Петухово,Mountain Peak,"54.8044, -165.1903"
Замок д. Россошь,Nature Reserve,"-5.2728, 112.2687"
Озеро клх Яшалта,Museum,"-23.4687, -101.4164"
Square of Angelaton,Beach,"35.7736, 145.263"
Музей с. Саянск,Historic Site,"0.1377, -90.9551"
Озеро п. Нижневартовск,Парк,"-57.1014, 5.9677"
Площадь к. Минусинск,Famous Intersection,"0.2572, 11.7801"
Музей г. Камень-на-Оби,Public Park,"-40.0729, -129.2326"
Площадь с. Чегем,Парк,"-56.011, 12.4702"
Castle of Jonathanburgh,Museum,"-1.9363, -82.0076"
Castle of Jeremyview,Public Park,"18.2469, -12.0596"
Square of Lake Katrinaland,Исторический район,"-33.8607, 40.9215"
Гора с. Горячинск,Beach,"-15.29, -163.7276"
Castle of East Edwardmouth,Famous Intersection,"-43.1464, 55.4646"
Bridge of West Mary,Достопримечательность,"-0.3531, -138.9358"
Парк к. Ханты-Мансийск,Landmark,"-64.9073, -111.8204"
Castle of Port Jeffrey,Historic Site,"-31.854, 146.9706"
Castle of South Matthew,Landmark,"-41.2538, -41.305"
Музей ст. Хасавюрт,Исторический район,"54.8636, -159.4658"
Bridge of North Bradleyton,Пляж,"5.7339, -107.9973"
Музей п. Бодайбо,Nature Reserve,"68.2573, 103.5585"
Museum of Bradleyville,Музей,"52.4614, -145.8679"
Bridge of North Sandra,Landmark,"-64.0714, -137.8661"
Площадь п. Беломорск,Nature Reserve,"-6.2881, 2.0294"
Museum of East Ericafort,Museum,"23.2708, 151.6885"
Музей г. Усинск,Famous Intersection,"3.2568, -60.1942"
Парк г. Лысьва,Famous Intersection,"44.5278, -164.5908"
Замок к. Соболево,Famous Intersection,"-5.3104, 146.175"
Museum of East Sara,Горнолыжный курорт,"25.2669, 139.5009"
Парк ст. Мелеуз,Пляж,"-12.4466, -56.0845"
Bridge of Jasonshire,Museum,"-48.602, 72.1457"
Площадь с. Шумиха,Природный объект,"4.263, -37.0248"
Площадь г. Пушкино (Моск.),Public Park,"-25.3886, -70.8988"
Площадь ст. Кострома,Достопримечательность,"-31.3165, 38.121"
Озеро ст. Кыштым,Природный объект,"-14.5065, 46.2233"
Castle of East Robert,Храм,"-25.0161, -86.9352"
Square of Jeffreyport,Горнолыжный курорт,"-8.488, -25.5194"
Square of Salazarville,Пляж,"7.8859, -13.8564"
Гора клх Юровск,Famous Intersection,"47.9577, -59.45"
Музей ст. Ухта,Nature Reserve,"-67.5559, -76.2087"
Bridge of Pennyville,Горнолыжный курорт,"20.0229, 132.0957"
Lake of Johnchester,Пляж,"51.5729, -4.5168"
Square of North Loganmouth,Mountain Peak,"-21.9159, -161.2533"
Музей клх Ершов,Beach,"-32.6459, 49.217"
Castle of Jasonburgh,Public Park,"-54.2081, 17.385"
Площадь г. Саранск,Исторический район,"-51.917, 89.3026"
Castle of Garyton,Beach,"-63.031, 63.5493"
Озеро с. Череповец,Historic Site,"-7.4569, 154.8225"
Озеро ст. Верещагино (Перм.),Landmark,"-39.4516, -105.1968"
Озеро д. Архыз,Храм,"-30.9715, 127.9506"
Гора д. Челюскин,Mountain Peak,"38.9497, -68.7536"
Museum of Charlesville,Парк,"41.5544, 30.836"
Castle of Amandastad,Природный объект,"16.836, -155.7285"
Museum of Isabelton,Museum,"-69.7438, 107.6395"
Гора д. Голицыно,Парк,"-48.088, 27.878"
Lake of Brianport,Mountain Peak,"16.9847, 6.2186"
Museum of Port Michael,Mountain Peak,"24.9186, -70.0018"
Park of Lake James,Храм,"31.3242, -70.1582"
Bridge of New Jennifer,Mountain Peak,"52.5772, 62.4523"
Park of Lake Georgeborough,Музей,"-6.9109, -22.4029"
Музей к. Югорск,Famous Intersection,"-69.4843, -16.507"
Гора с. Сыктывкар,Музей,"-14.8179, 78.239"
Square of South Cynthiahaven,Landmark,"-19.0019, -112.8328"
Парк п. Сургут (Хант.),Храм,"-36.9701, 116.7115"
Площадь к. Нерчинск,Достопримечательность,"-53.5083, -113.0123"
Park of Martinhaven,Landmark,"6.195, -62.4508"
Castle of Rodriguezfurt,Museum,"31.2253, 108.0413"
Музей с. Адлер,Горнолыжный курорт,"44.4591, -166.4264"
Park of Charlesbury,Famous Intersection,"-25.8704, -55.3762"
Museum of North Andrewborough,Mountain Peak,"-32.9124, 88.5624"
Park of East Tonyachester,Mountain Peak,"34.4198, 4.0032"
Парк п. Сергиев Посад,Пляж,"50.5096, -135.0951"
Bridge of Port Michael,Парк,"51.1808, -131.3154"
Озеро к. Осташков,Парк,"43.1131, -149.0182"
Озеро с. Тында,Достопримечательность,"56.0864, 163.2521"
Замок д. Элиста,Mountain Peak,"59.7231, 34.5909"
Castle of West Mark,Museum,"-1.9628, -101.0026"
Площадь г. Ясный (Оренб.),Public Park,"-52.4139, 119.0387"
Lake of Lake Brandon,Museum,"52.8492, -32.1512"
Bridge of Wolfburgh,Famous Intersection,"62.7486, -12.147"
Square of Randallburgh,Исторический район,"-67.8166, 55.0939"
Castle of South Jeffreyville,Famous Intersection,"-46.2981, -123.8023"
Park of Reyesville,Храм,"-49.4506, -112.6314"
Гора клх Бреды,Парк,"-39.8783, 15.8535"
Bridge of Colemanville,Достопримечательность,"58.2887, 20.188"
Замок д. Сарапул,Mountain Peak,"3.2234, -92.6856"
Гора ст. Шатки,Nature Reserve,"46.137, 72.4045"
Castle of South Joseph,Пляж,"29.807, 136.0509"
Музей ст. Калач,Горнолыжный курорт,"-22.2489, -130.5004"
Museum of Tylerstad,Храм,"-42.4105, -75.393"
Park of East Carla,Природный объект,"-17.5547, 0.8217"
Castle of North Heather,Достопримечательность,"-51.044, -30.7081"
Музей п. Тында,Пляж,"0.6712, 138.122"
Square of Anthonyfurt,Парк,"-52.819, -13.1271"
Park of Lake Jeremyport,Горнолыжный курорт,"-23.7884, 164.6046"
Museum of Timothyton,Горнолыжный курорт,"-46.8577, -102.1837"
Замок ст. Беломорск,Парк,"-45.7083, 19.5577"
Castle of Robinsonstad,Mountain Peak,"65.408, -21.5542"
Bridge of Taylorchester,Парк,"-23.3154, 84.8713"
Парк ст. Суздаль,Музей,"-21.263, -57.9861"
Castle of Murilloberg,Public Park,"28.6584, -112.5269"
Lake of Mccartyview,Горнолыжный курорт,"62.136, -63.1142"
Museum of Johnborough,Public Park,"-43.5257, -115.5977"
Square of South Mary,Public Park,"-24.4127, -168.6336"
Замок п. Шерегеш,Mountain Peak,"1.0743, 73.6224"
Площадь ст. Воронеж,Горнолыжный курорт,"11.2746, 163.8553"
Park of East Stephanie,Храм,"52.2151, 139.4806"
Museum of South Sarah,Парк,"14.6639, 74.0183"
Museum of North Heather,Beach,"0.867, 169.1164"
Замок ст. Гремячинск (Перм.),Пляж,"45.9231, -108.9196"
Square of Johnsonchester,Nature Reserve,"-62.5613, 120.9806"
Музей к. Липецк,Парк,"9.6762, 21.9413"
Гора с. Дагомыс,Музей,"-17.6761, 33.5521"
Парк клх Томск,Природный объект,"-62.0856, 33.3001"
Bridge of West Kimberly,Museum,"-35.5653, 3.4687"
Музей д. Лянтор,Mountain Peak,"23.8669, -25.9817"
Озеро п. Бавлы,Природный объект,"-2.7692, 40.1668"
Castle of Richardbury,Mountain Peak,"-21.2218, -98.752"
Озеро п. Тура,Nature Reserve,"-48.7909, -16.7937"
Парк с. Красноярск,Beach,"21.8399, -29.0804"
Lake of Johnsonborough,Храм,"29.1698, -64.0062"
Bridge of New Scotthaven,Beach,"-14.8814, 62.2885"
Square of South Timothy,Museum,"-50.1586, 24.477"
Гора с. Волгоград,Музей,"49.7759, -151.5205"
Lake of Morganfort,Горнолыжный курорт,"-64.1285, 89.3398"
Lake of Stevenbury,Храм,"-31.1441, -8.2857"
Square of Sarahbury,Mountain Peak,"-43.2371, 161.8316"
Park of Alvaradotown,Landmark,"33.2481, 147.4913"
Парк клх Тула,Горнолыжный курорт,"0.3747, 141.8096"
Square of East Sarahtown,Музей,"35.7586, -145.681"
Lake of North William,Природный объект,"-39.5418, -129.0951"
Square of Jenniferstad,Музей,"36.0896, -160.1617"
Bridge of Alvaradoburgh,Historic Site,"-47.9523, -86.0708"
Парк клх Гремячинск (Бурят.),Public Park,"-18.9451, 3.2814"
Lake of New Jessicafort,Nature Reserve,"14.7541, -52.8943"
Озеро к. Киренск,Музей,"60.1705, -10.4875"
Bridge of Port Dillonborough,Пляж,"-49.9253, -103.8396"
Площадь д. Апрелевка,Горнолыжный курорт,"-48.1346, -144.4758"
Bridge of Lake Jasonmouth,Historic Site,"-54.0744, 156.9985"
Площадь ст. Миллерово,Исторический район,"24.6535, 115.4582"
Museum of Moorefort,Beach,"-39.9981, 78.5747"
Гора г. Абинск,Горнолыжный курорт,"-43.244, -135.5759"
Park of Davilamouth,Парк,"-8.9085, 126.2761"
Park of Natashaport,Famous Intersection,"-11.7776, 151.1142"
Square of New James,Beach,"59.2594, -50.0082"
Bridge of Lake Justinton,Горнолыжный курорт,"37.4715, -158.009"
Museum of Lake Jesse,Beach,"-61.3949, 155.1137"
Park of Thomaschester,Museum,"50.8294, 126.849"
Озеро к. Аша,Пляж,"45.7925, -157.8604"
Square of South Timothy,Mountain Peak,"45.164, 53.1765"
Castle of Melissahaven,Музей,"-0.6759, -69.2131"
Площадь к. Октябрьское (Челяб.),Храм,"2.9771, 38.1021"
Озеро д. Шенкурск,Beach,"-27.5211, -140.0637"
Гора ст. Видное,Mountain Peak,"55.3507, -121.3391"
Музей с. Улан-Удэ,Mountain Peak,"-34.1181, -152.0119"
Bridge of Lauratown,Парк,"56.5319, 116.2642"
Museum of Hillburgh,Mountain Peak,"-12.9082, 130.2581"
Bridge of Adrianfurt,Парк,"52.9221, 5.2407"
Гора п. Выборг,Mountain Peak,"55.7841, -21.2489"
Castle of Lake Annmouth,Nature Reserve,"49.115, -47.9607"
Park of Port Jessicatown,Пляж,"-48.9808, 23.6221"
Bridge of Lake David,Музей,"0.6028, 20.638"
Гора клх Белореченск,Исторический район,"54.01, -160.3991"
Музей клх Орехово-Зуево,Public Park,"-32.3191, 25.3276"
Музей к. Шереметьево,Парк,"-4.2069, 165.9379"
Гора клх Териберка,Музей,"11.0329, -73.2066"
Castle of Luismouth,Природный объект,"-19.4871, -98.9812"
Museum of East Adriana,Пляж,"11.0393, -159.6119"
Lake of Tracyshire,Достопримечательность,"-49.5383, 162.5028"
Замок к. Кунгур,Горнолыжный курорт,"17.7974, 40.9277"
Park of West Davidtown,Public Park,"2.2508, -59.8531"
Озеро клх Октябрьское (Хант.),Public Park,"12.9682, -151.4924"
Park of Whiteborough,Исторический район,"48.3721, -115.9782"
Square of Brittanyshire,Landmark,"-12.4831, -118.5276"
Castle of Angelastad,Public Park,"-56.299, 102.7058"
Lake of Kennethmouth,Парк,"60.4724, 100.5799"
Park of Williamsmouth,Исторический район,"-67.1278, -90.7714"
Museum of North Bridget,Природный объект,"-47.1359, 101.5438"
Музей п. Чермоз,Музей,"-59.9229, 59.4492"
Lake of West Patrick,Landmark,"-12.9589, -124.3374"
Bridge of Wendyview,Famous Intersection,"-28.1101, -66.7351"
Park of Lake Alexandriaside,Горнолыжный курорт,"6.8992, -126.3314"
Замок к. Октябрьский (Башк.),Горнолыжный курорт,"-2.7152, 90.092"
Square of Lambside,Достопримечательность,"4.1147, -37.9153"
Castle of Jamesland,Famous Intersection,"33.4605, 57.2974"
Bridge of Hutchinsonberg,Горнолыжный курорт,"-46.0267, -4.1057"
Музей ст. Пушкино (Моск.),Famous Intersection,"-48.5048, -149.8322"
Castle of Williamsburgh,Природный объект,"-61.9991, 7.0278"
Square of Tonimouth,Музей,"18.7087, -38.6734"
Lake of New Lisa,Достопримечательность,"-59.5146, -1.3979"
Castle of Gardnerburgh,Landmark,"0.0405, 4.5972"
Castle of East Alexandra,Mountain Peak,"-53.1502, 31.9194"
Lake of Lake Kellymouth,Landmark,"-19.6146, 159.6463"
Площадь п. Плесецк,Музей,"-4.0799, -111.5798"
Square of Johnborough,Достопримечательность,"-59.8591, 12.0056"
Museum of Port Thomas,Mountain Peak,"-5.7192, -93.4933"
Castle of Stevenfort,Достопримечательность,"54.8161, -116.6995"
Площадь д. Макаров,Nature Reserve,"-5.5666, -93.0476"
Музей к. Когалым,Famous Intersection,"-65.2732, -143.4151"
Парк с. Канск,Парк,"-27.2561, -58.6695"
Музей г. Псков,Храм,"-46.4155, -155.8441"
Озеро с. Лесной (Сверд.),Пляж,"-47.5585, 60.5098"
Озеро с. Учалы,Исторический район,"-50.8595, 108.3072"
Озеро п. Токсово,Mountain Peak,"69.452, -80.1728"
Lake of New Heatherstad,Достопримечательность,"-29.0724, 116.6631"
Square of Loristad,Музей,"-21.5079, -155.5071"
Bridge of New Jennifer,Парк,"63.1618, -1.1496"
Square of East Calvinville,Beach,"28.4877, 14.1447"
Гора ст. Лесной (Сверд.),Beach,"-55.8748, -112.0629"
Park of Blackhaven,Mountain Peak,"-59.1595, 166.6644"
Площадь д. Торжок,Природный объект,"43.7778, -132.0447"
Площадь с. Енисейск,Famous Intersection,"-6.7992, 79.1403"
Гора к. Чермоз,Museum,"-48.8188, 132.5574"
Гора клх Шарья,Mountain Peak,"62.6967, -160.679"
Парк к. Геленджик,Природный объект,"18.601, 154.9218"
Square of West Scott,Nature Reserve,"-61.3508, -90.9082"
Park of East Thomas,Museum,"19.3132, 136.1695"
Square of Ashleychester,Пляж,"-35.5391, -166.6294"
Парк с. Апрелевка,Landmark,"30.8605, 159.9956"
Museum of East Jose,Mountain Peak,"-42.0045, -19.7462"
Музей г. Армавир,Парк,"-21.6651, -17.6995"
Castle of Amandaside,Исторический район,"-22.9938, -129.2852"
Озеро г. Октябрьский (Башк.),Famous Intersection,"-56.4053, 166.2509"
Lake of Benjaminstad,Парк,"3.0786, 19.1431"
Lake of Penaville,Горнолыжный курорт,"-38.661, 123.4966"
Музей к. Оленегорск (Якут.),Достопримечательность,"49.9902, 133.4169"
Bridge of Gutierrezbury,Музей,"-67.735, 146.8208"
Lake of Port Jamieview,Горнолыжный курорт,"-53.3747, 106.5545"
Lake of Rebeccashire,Достопримечательность,"2.4821, -75.883"
Замок клх Нурлат,Достопримечательность,"23.5898, 102.1103"
Square of West Carolport,Nature Reserve,"26.0324, 2.8615"
Озеро п. Темрюк,Beach,"-29.5341, 100.2212"
Square of Denisetown,Nature Reserve,"55.2916, 58.5466"
Park of North Phyllis,Landmark,"-54.8686, 111.4463"
Замок ст. Щельяюр,Горнолыжный курорт,"10.535, -102.2868"
Castle of Lake Victormouth,Nature Reserve,"-45.7867, -35.8612"
Castle of Andrewmouth,Достопримечательность,"21.3275, -86.4969"
Площадь к. Бийск,Mountain Peak,"-69.7243, -55.6357"
Bridge of Stefanieburgh,Historic Site,"36.5402, -48.349"
Castle of New Connie,Nature Reserve,"-39.1937, 146.9778"
Озеро клх Ялуторовск,Beach,"-25.9876, -96.7833"
Square of South Ashley,Museum,"35.8097, -48.4077"
Замок п. Тында,Public Park,"62.1719, -84.3193"
Park of Washingtonview,Museum,"36.8332, -61.9122"
Гора г. Краснокамск,Пляж,"56.6647, -104.1996"
Парк к. Надым,Landmark,"-14.3394, -47.4591"
Озеро с. Приозерск,Public Park,"-0.4591, 73.357"
Замок клх Александровск,Landmark,"-30.0071, 58.5594"
Замок к. Карачаевск,Природный объект,"-26.7486, 20.8865"
Гора д. Североуральск,Храм,"-12.7441, -146.8857"
Музей с. Видное,Museum,"64.1561, -142.4962"
Замок п. Когалым,Достопримечательность,"25.2309, -130.2205"
Castle of Fletchermouth,Famous Intersection,"6.1547, 116.3034"
Castle of Juliehaven,Nature Reserve,"51.0488, -17.2649"
Lake of New Joshuaborough,Museum,"66.3332, -10.0207"
Museum of Port Gregoryside,Храм,"-38.3385, -23.0916"
Museum of West David,Парк,"31.2655, -141.7035"
Lake of North Michele,Парк,"-27.4569, 81.8438"
Lake of Grayberg,Nature Reserve,"42.0632, -32.4343"
Парк с. Шаховская,Парк,"-27.2412, 153.3131"
Lake of North Ann,Museum,"-48.9688, -26.3837"
Museum of East Leah,Famous Intersection,"-24.9823, -69.545"
Museum of Johnfort,Пляж,"29.9264, 41.3295"
Museum of West Tylerborough,Достопримечательность,"50.923, -99.435"
Озеро к. Ясный (Оренб.),Музей,"15.0253, 99.5936"
Square of South Davidburgh,Historic Site,"-57.2445, 87.2005"
Castle of Booneville,Museum,"58.5527, 53.674"
Bridge of Lake Charles,Museum,"-61.5126, 83.8211"
Парк п. Оленек,Beach,"55.2841, 108.5304"
Замок д. Плес,Famous Intersection,"-36.0718, -8.5014"
Озеро п. Диксон,Nature Reserve,"26.0715, 41.0738"
Museum of Riveraborough,Public Park,"40.265, -47.8656"
Озеро г. Азов (Рост.),Beach,"42.4277, 26.3635"
Museum of Smithchester,Mountain Peak,"44.1374, -29.9269"
Парк ст. Черемхово,Исторический район,"-18.02, -146.7039"
Замок г. Сеймчан,Historic Site,"25.6368, 154.0678"
Bridge of South Charlesville,Landmark,"-59.6888, 119.7166"
Музей с. Апатиты,Mountain Peak,"17.1145, 109.082"
Озеро ст. Дивногорск,Достопримечательность,"33.9252, -77.0116"
Lake of Holmeston,Парк,"-22.6376, -141.4341"
Lake of Amyburgh,Mountain Peak,"11.998, 10.7854"
Lake of Cassandrafurt,Парк,"-1.2595, 94.1259"
Парк д. Тамбов,Nature Reserve,"1.405, -11.0116"
Castle of South Christine,Достопримечательность,"63.1821, -10.0452"
Bridge of Christinaview,Historic Site,"-13.8369, -48.9861"
Замок д. Елатьма,Горнолыжный курорт,"-38.1041, -109.0652"
Замок ст. Ессентуки,Храм,"-47.5505, 103.3607"
Bridge of Williamsview,Горнолыжный курорт,"-40.4182, 58.7747"
Bridge of Teresahaven,Храм,"-13.3809, 5.1652"
Озеро д. Волхов,Парк,"50.0608, 143.7633"
Гора с. Новомичуринск,Historic Site,"-50.3982, 105.4189"
Гора ст. Усть-Джегута,Пляж,"1.0802, 137.9157"
Музей г. Ессентуки,Nature Reserve,"-63.5314, -150.8815"
Площадь г. Белоярский,Храм,"8.0726, 143.5467"
Lake of East Henryshire,Museum,"21.8764, 87.8267"
Гора д. Кулунда,Пляж,"68.4707, -46.1346"
Lake of Wheelerbury,Nature Reserve,"-17.5482, 69.0947"
Bridge of Vargasfort,Historic Site,"-5.4336, 103.125"
Озеро д. Домодедово,Храм,"-37.7199, 116.4588"
Музей к. Элиста,Nature Reserve,"-17.5681, -94.6686"
Площадь с. Благовещенск (Амур.),Historic Site,"-45.1732, 91.1568"
Lake of East Rebekah,Достопримечательность,"-48.0125, -29.6487"
Castle of Davisburgh,Famous Intersection,"-45.5638, 136.2667"
Lake of Rodriguezbury,Historic Site,"39.2301, 96.5787"
Castle of West Kylemouth,Горнолыжный курорт,"-24.8135, -116.3112"
Парк клх Алапаевск,Landmark,"-51.1, -165.5606"
Bridge of East Bryan,Музей,"53.3321, 140.9958"
Парк ст. Ростов-на-Дону,Landmark,"67.2618, 65.6872"
Гора клх Мценск,Nature Reserve,"46.0192, -20.2282"
Гора п. Камышин,Mountain Peak,"-44.0658, 27.2566"
Museum of West Jeremymouth,Музей,"59.9882, -51.1265"
Square of Danielside,Mountain Peak,"-63.5142, -84.4882"
Замок ст. Сладково,Достопримечательность,"-10.3096, 166.9053"
Bridge of South Beth,Public Park,"50.1915, 22.0411"
Озеро с. Бийск,Пляж,"49.5705, -25.6465"
Park of West Wendytown,Природный объект,"26.3895, -72.4476"
Park of Owensmouth,Горнолыжный курорт,"61.8084, 59.1524"
Bridge of Jorgefort,Исторический район,"-64.7125, 24.1686"
Castle of Port Maurice,Mountain Peak,"44.6676, -43.9398"
Lake of West Matthewport,Beach,"21.9617, -86.4195"
Площадь ст. Хоста,Public Park,"40.9267, -138.4484"
Музей к. Грозный,Исторический район,"-27.7852, -134.0678"
Park of New Jessica,Пляж,"50.2231, -116.2943"
Гора г. Суздаль,Famous Intersection,"-0.5537, -86.142"
Castle of West Jacobhaven,Public Park,"54.361, -21.8816"
Park of Randolphview,Парк,"-4.989, 167.0011"
Площадь к. Иваново,Исторический район,"33.971, -167.9616"
Bridge of Lisaton,Nature Reserve,"28.0193, -48.0185"
Museum of Marksmouth,Парк,"16.1423, -1.7436"
Музей клх Мостовской,Природный объект,"51.3776, -123.9538"
Museum of East Haley,Достопримечательность,"2.675, -158.808"
Парк г. Алагир,Landmark,"21.8915, 112.4527"
Park of Johnfurt,Природный объект,"-62.4711, 83.6081"
Гора с. Верхнее Пенжино,Historic Site,"8.802, -2.0972"
Музей п. Озеры,Public Park,"60.9102, 95.5514"
Park of Henrybury,Landmark,"-55.0615, 157.8233"
Museum of West Gregory,Beach,"-36.0683, 85.9858"
Square of Norristown,Public Park,"43.8021, -58.7658"
Museum of Lake Adrianmouth,Природный объект,"57.3746, 22.8097"
Lake of North David,Парк,"-5.9594, -30.6221"
Гора с. Тутончаны,Famous Intersection,"69.2401, -58.6394"
Lake of Port Marcus,Музей,"-7.5041, 148.2918"
Lake of South Evan,Горнолыжный курорт,"-8.7463, -2.5907"
Park of Grantport,Historic Site,"39.4365, -160.5629"
Музей к. Воронеж,Museum,"-9.0985, -138.8015"
Площадь с. Можга,Nature Reserve,"-61.2336, 29.838"
Парк клх Эльтон,Исторический район,"22.7451, 6.2729"
Bridge of North Charleschester,Горнолыжный курорт,"46.4004, 159.2902"
Площадь г. Верхний Тагил,Горнолыжный курорт,"8.3434, 49.9531"
Castle of West Teresa,Исторический район,"61.7065, 37.5885"
Lake of Nguyenport,Исторический район,"-58.4168, 20.6178"
Парк с. Королев,Mountain Peak,"-68.3784, 127.7749"
Lake of Port Matthewfort,Public Park,"-34.8314, 18.3156"
Castle of West Mike,Пляж,"65.557, -47.6682"
Square of Anitachester,Mountain Peak,"-20.5559, 4.7407"
Castle of New Timothyburgh,Landmark,"21.7746, 93.7997"
Площадь г. Онега,Nature Reserve,"-18.1175, -35.601"
Озеро с. Нижнекамск,Достопримечательность,"-43.1691, 16.7742"
Площадь г. Курчатов,Public Park,"-66.8155, 168.4658"
Bridge of Lake Kristine,Beach,"-17.8023, 74.1134"
Lake of Port Scottstad,Храм,"33.1208, -81.8102"
Castle of Douglasstad,Landmark,"-21.2259, 129.5073"
Озеро п. Югорск,Природный объект,"4.425, 8.9229"
Lake of North Danielle,Nature Reserve,"-67.9724, -118.5477"
Lake of Jessicabury,Природный объект,"-33.0058, -0.2635"
Castle of East Amandachester,Landmark,"25.2249, -57.7265"
Замок п. Челябинск,Природный объект,"18.6047, 136.278"
Музей ст. Рубцовск,Пляж,"-15.906, -27.1765"
Square of East Samanthaton,Исторический район,"40.5918, -19.8489"
Park of Lake Paul,Исторический район,"-38.818, -42.0119"
Castle of Smithland,Museum,"45.2521, 3.0346"
Park of Catherinestad,Исторический район,"49.6006, -3.9595"
Парк с. Калач,Природный объект,"65.3205, 38.2593"
Castle of Evelynshire,Landmark,"32.6109, 135.3339"
Площадь с. Камень-на-Оби,Музей,"-38.8089, 60.4763"
Castle of South Allenberg,Музей,"-39.6136, -166.4305"
Lake of Angelaside,Public Park,"-54.6488, -140.3461"
Lake of Deannamouth,Природный объект,"20.5125, -64.363"
Музей клх Выборг,Historic Site,"-61.9411, 46.721"
Музей д. Ковров,Landmark,"65.4091, 132.5441"
Park of Feliciaport,Храм,"-67.4301, -152.2526"
Bridge of Matthewtown,Public Park,"2.7079, -55.0749"
Park of Lewisstad,Парк,"-45.6916, 150.4503"
Park of Danielburgh,Museum,"-22.8278, -139.3247"
Park of New Melissa,Historic Site,"54.094, -14.6887"
Castle of Kathrynhaven,Парк,"-3.5568, -148.7217"
Square of New Allen,Mountain Peak,"-11.08, -108.906"
Bridge of Lake Thomasview,Museum,"39.5875, 163.6346"
Lake of New Christina,Природный объект,"-47.7645, -137.5411"
Museum of Barrettfort,Landmark,"-67.4265, 22.5707"
Park of Alexandrafurt,Пляж,"-48.1401, 134.1641"
Castle of Aarontown,Landmark,"6.9408, -21.2271"
Парк г. Кизел,Пляж,"53.1154, -133.0372"
Музей г. Смирных,Парк,"40.4165, -141.2691"
Парк клх Смоленск,Public Park,"-20.0889, -74.2185"
Озеро д. Дагомыс,Nature Reserve,"-28.5792, 111.1427"
Замок к. Курильск,Historic Site,"19.8595, 29.7533"
Музей п. Кизел,Beach,"-62.6678, 139.4649"
Парк д. Гремячинск (Бурят.),Природный объект,"-32.8336, -59.0989"
Museum of South Alexis,Парк,"6.5712, 8.0738"
Lake of West Mark,Landmark,"30.0844, -119.1138"
Гора ст. Славянск-на-Кубани,Достопримечательность,"-38.685, 108.4201"
Музей п. Чайковский,Пляж,"21.5564, 11.1461"
Bridge of Harrishaven,Historic Site,"16.2737, -18.9001"
Square of Karenfort,Nature Reserve,"-9.5032, -100.2055"
Площадь г. Зеленоград,Museum,"4.396, -30.5389"
Park of New Isaacchester,Public Park,"-67.8159, 84.2647"
Museum of Rogersfort,Museum,"-29.6269, -155.8003"
Lake of Martinside,Landmark,"25.2827, -87.1165"
Square of Stevenville,Nature Reserve,"-28.6423, -51.5392"
Square of Gailville,Famous Intersection,"55.8708, -42.6589"
Озеро к. Элиста,Храм,"-59.54, 121.275"
Гора п. Заводоуковск,Храм,"58.6714, 78.8114"
Park of Lake Louisborough,Famous Intersection,"-27.098, 122.4059"
Гора г. Шерегеш,Famous Intersection,"25.5598, 4.0601"
Озеро п. Тарко-Сале,Исторический район,"2.8507, -38.8036"
Square of New Yvetteborough,Mountain Peak,"-44.9242, 112.2524"
Площадь с. Эльбрус,Public Park,"-64.721, 151.9537"
Park of Robertchester,Горнолыжный курорт,"30.4683, 94.7725"
Square of Cindyton,Public Park,"55.6151, -25.2686"
Bridge of Ashleymouth,Исторический район,"56.046, 35.8636"
Square of Carlafurt,Храм,"43.9039, -27.4211"
Square of Danielport,Достопримечательность,"63.1028, -35.6935"
Castle of West Chelsea,Mountain Peak,"-26.2924, -17.7739"
Square of Spencermouth,Beach,"-48.5248, 94.9383"
Museum of Jasonmouth,Храм,"30.5523, -153.0671"
Парк клх Железногорск(Курск.),Public Park,"40.8627, 93.9746"
Площадь д. Фатеж,Храм,"-32.3896, 157.2996"
Museum of South Elijahmouth,Museum,"-15.4209, 128.7918"
Museum of Savageport,Горнолыжный курорт,"59.4506, -65.2698"
Гора ст. Когалым,Historic Site,"66.2726, -27.0996"
Park of West Loriland,Beach,"-44.6073, -66.2705"
Озеро с. Поронайск,Public Park,"-46.7744, 15.4585"
Замок к. Тотьма,Храм,"21.3038, -34.8287"
Площадь д. Шамары,Музей,"15.0395, -81.6172"
Castle of Robinmouth,Пляж,"-40.1302, -28.7642"
Площадь д. Балтийск,Достопримечательность,"-58.5613, -62.5169"
Park of Maryton,Historic Site,"43.3226, 133.4282"
Музей ст. Кетченеры,Landmark,"-66.4112, 157.6573"
Castle of Lake Benjaminland,Природный объект,"-51.9745, 9.1169"
Museum of New Caitlin,Public Park,"-54.3096, -151.4968"
Lake of West Brianland,Museum,"-26.1796, 161.0793"
Square of Port Monicamouth,Парк,"36.6665, -148.3568"
Lake of West Heatherfort,Горнолыжный курорт,"43.4745, 120.4961"
Park of Lake Erica,Famous Intersection,"24.719, 142.9555"
Square of West Haleyton,Beach,"23.2085, -61.4456"
Bridge of West Alice,Музей,"-29.3692, 76.9431"
Square of Port Erin,Храм,"-2.5721, 22.297"
Замок с. Шумиха,Пляж,"62.4317, -146.3851"
Square of Sherryburgh,Парк,"-4.5077, 40.0148"
Bridge of Hayesburgh,Famous Intersection,"-29.0007, -152.5704"
Bridge of East Jennifer,Музей,"-67.9502, 31.3022"
Lake of Esparzaside,Nature Reserve,"67.8876, 116.314"
Замок ст. Горячий Ключ,Public Park,"-18.5145, -166.4942"
Bridge of Victorside,Горнолыжный курорт,"-44.504, 161.6083"
Замок г. Павловский Посад,Храм,"-40.91, 144.1661"
Museum of Jesusville,Музей,"-63.5728, -146.2352"
Museum of Ramirezton,Museum,"-10.9098, 76.9603"
Замок к. Суздаль,Museum,"32.3078, -106.6769"
Lake of South Nicole,Landmark,"-16.2438, 6.2697"
Замок с. Шатура,Museum,"-28.5274, 74.7667"
Гора клх Абинск,Famous Intersection,"67.6208, -125.598"
Музей клх Тюмень,Природный объект,"47.9777, -121.3659"
Square of Randallmouth,Музей,"-14.7508, 8.8235"
Square of New Joshua,Historic Site,"-41.0356, -5.688"
Park of North Sharonburgh,Beach,"23.2006, 102.8999"
Bridge of Lopezhaven,Музей,"20.1406, -61.3542"
Museum of East Stephanie,Пляж,"-67.9844, -32.9234"
Озеро с. Ямбург,Historic Site,"-19.9167, -86.6259"
Museum of Victoriabury,Museum,"16.7274, 26.1675"
Lake of Lindseyton,Храм,"-51.4523, 31.5989"
Bridge of Collinsfort,Mountain Peak,"35.5224, -67.1552"
Гора г. Кизляр,Museum,"-43.059, 58.3266"
Park of Kellyfurt,Mountain Peak,"42.4985, -52.017"
Castle of Phelpsshire,Природный объект,"-34.1298, 107.511"
Square of Rhodesmouth,Famous Intersection,"-51.0913, -39.952"
Парк г. Сосновый Бор,Горнолыжный курорт,"-26.0333, -32.0676"
Lake of East Ronaldfort,Nature Reserve,"16.1902, 93.0456"
Музей к. Уфа,Музей,"37.9954, 104.4333"
Lake of South Johnfurt,Музей,"-2.9349, -135.7637"
Museum of Johnsonchester,Парк,"20.6111, 36.1489"
Lake of Millerborough,Музей,"-10.6054, -143.0341"
Площадь п. Сузун,Достопримечательность,"49.0464, 57.8895"
Гора ст. Киренск,Public Park,"3.2225, 136.1057"
Bridge of Lake Kellyburgh,Пляж,"42.8625, -57.9349"
Bridge of Davidberg,Храм,"-17.4452, 69.8902"
Square of South Royfort,Beach,"37.052, 150.2877"
Музей г. Южноуральск,Mountain Peak,"55.6392, -127.4142"
Park of Warnerland,Природный объект,"29.682, 74.332"
Park of South Jill,Храм,"22.9772, -132.5577"
Парк п. Абакан,Landmark,"21.5798, -164.8795"
Lake of Port Jennifer,Famous Intersection,"-13.4258, -50.2665"
Lake of East Charles,Mountain Peak,"-24.0154, 17.3663"
Bridge of Port Erinburgh,Парк,"61.4394, -21.213"
Замок п. Нижнекамск,Пляж,"56.7747, 0.8969"
Park of Longside,Музей,"-37.4587, -102.0014"
Museum of East Sarahmouth,Храм,"-34.0391, 133.2978"
Парк п. Ханты-Мансийск,Landmark,"15.3112, -8.461"
Castle of South Audreyville,Горнолыжный курорт,"-21.4822, -150.3848"
Музей с. Волгоград,Достопримечательность,"-0.3782, -51.4031"
Lake of Mackburgh,Landmark,"21.0057, -59.5464"
Square of New Megan,Museum,"38.8612, -40.4658"
Lake of Davidtown,Музей,"-56.3153, 71.8481"
Музей клх Домбай,Historic Site,"-11.8246, -97.9465"
Lake of Port John,Парк,"51.9787, 127.936"
Museum of South Christopher,Достопримечательность,"6.8002, 85.2518"
Музей клх Сосногорск,Museum,"-52.7527, -168.1672"
Park of Heathberg,Historic Site,"15.9688, -80.6494"
Озеро д. Санкт-Петербург,Famous Intersection,"59.9891, -19.0325"
Парк ст. Урай,Landmark,"3.1503, -116.583"
Lake of Williamston,Museum,"21.0486, 39.7974"
Музей ст. Камень-на-Оби,Достопримечательность,"1.6011, -46.34"
Замок д. Шилка,Museum,"24.8955, -41.3674"
Замок к. Сузун,Famous Intersection,"-13.4182, 123.4546"
Museum of Port Shawnland,Famous Intersection,"45.9951, 168.0484"
Гора ст. Советский,Горнолыжный курорт,"-29.257, -57.436"
Музей клх Санкт-Петербург,Горнолыжный курорт,"-8.1155, -78.0319"
Музей г. Кош-Агач,Музей,"21.9175, -16.0089"
Bridge of Nelsonshire,Достопримечательность,"38.3029, -110.9009"
Озеро ст. Королев,Landmark,"10.2485, -34.9565"
Озеро г. Невинномысск,Landmark,"-46.7679, -117.478"
Bridge of Mariemouth,Famous Intersection,"27.7175, 49.0545"
Замок ст. Домбай,Пляж,"41.7754, 69.1371"
Castle of Lake Nicoleview,Nature Reserve,"-29.3717, 52.4666"
Bridge of Hannahmouth,Nature Reserve,"68.9177, 77.8839"
Park of New John,Museum,"-57.4405, 117.8861"
Bridge of New David,Горнолыжный курорт,"-43.8472, -111.6964"
Square of Smithfort,Landmark,"31.7807, 148.3302"
Lake of East Thomas,Пляж,"-33.3205, 1.5245"
Museum of Barneshaven,Пляж,"14.2806, -26.6733"
Парк клх Внуково (метеост.),Парк,"56.0573, 9.0052"
Озеро г. Горячинск,Public Park,"-16.267, -98.4087"
Castle of Bryanburgh,Landmark,"18.0888, -116.4809"
Park of Davidland,Парк,"-16.0933, -139.9939"
Площадь г. Братск,Museum,"59.7853, 75.5035"
Парк г. Сухиничи,Пляж,"53.8603, 120.0781"
Bridge of Lindaside,Природный объект,"16.9188, -20.474"
Park of Mcbrideton,Музей,"3.6276, 18.7941"
Park of Litown,Famous Intersection,"-64.6327, 20.7515"
Park of East Brittany,Mountain Peak,"17.7562, 120.3385"
Castle of Bradleymouth,Famous Intersection,"62.6479, 155.7891"
Square of Port Joybury,Museum,"-28.4248, -166.7535"
Castle of Saramouth,Nature Reserve,"29.1749, -21.0404"
Bridge of Lake Kiara,Museum,"16.3255, -91.5058"
Озеро к. Кириши,Famous Intersection,"-31.4327, -135.3786"
Park of Port Jamie,Mountain Peak,"48.4166, 135.6628"
Bridge of Adkinsberg,Исторический район,"-6.0123, -28.7384"
Гора д. Плес,Nature Reserve,"-21.7918, 162.6965"
Музей с. Елец,Museum,"-26.0941, 141.8756"
Lake of West Kristina,Музей,"-64.8144, 130.1296"
Замок к. Баксан,Mountain Peak,"40.3257, 48.673"
Lake of Lake Patrickport,Nature Reserve,"-44.8852, -33.1405"
Площадь клх Красная Поляна,Beach,"26.3475, 149.3942"
Lake of North Calebside,Горнолыжный курорт,"49.6646, -151.9293"
Lake of Port Charlesport,Landmark,"-54.3235, -96.9966"
Lake of Cassidychester,Museum,"-38.3255, -41.1733"
Lake of North Karen,Парк,"-52.2795, -147.4688"
Lake of Port Kathleenborough,Храм,"-37.6609, -96.0807"
Museum of South Steventon,Public Park,"-23.6559, -46.1519"
Lake of Port Chelsealand,Famous Intersection,"23.0026, -21.7308"
Площадь ст. Ростов-на-Дону,Landmark,"-4.1523, 166.8195"
Замок г. Уфа,Храм,"-23.706, -157.6869"
Bridge of Port James,Mountain Peak,"-41.9122, 128.514"
Bridge of Port Elizabethside,Парк,"4.7453, -1.3367"
Museum of East Danielhaven,Famous Intersection,"1.5251, 1.1096"
Bridge of Gordonmouth,Исторический район,"61.833, 6.9035"
Парк клх Холмогоры,Museum,"47.8957, 8.2106"
Castle of Stacyhaven,Природный объект,"-28.5896, -53.6594"
Park of Port Jessicaside,Public Park,"-34.934, 15.4124"
Museum of Martintown,Горнолыжный курорт,"51.5983, 59.519"
Гора д. Рубцовск,Beach,"-62.4512, -134.3407"
Square of Port Christopherville,Музей,"-60.1453, -20.1169"
Озеро к. Горячинск,Достопримечательность,"26.2239, 5.5701"
Museum of South Ryan,Mountain Peak,"45.6715, -1.3478"
Гора к. Моршанск,Исторический район,"-46.0506, 52.3548"
Bridge of Mccarthyhaven,Mountain Peak,"2.3873, 119.9765"
Museum of North Allisontown,Famous Intersection,"-44.1506, 10.5369"
Bridge of East Angelaside,Historic Site,"-57.4703, 106.7856"
Замок д. Троицк (Челяб.),Public Park,"-59.9615, -167.1081"
Замок ст. Кедровый,Famous Intersection,"-32.1716, 89.7856"
Square of Michaelland,Landmark,"27.3981, 98.3814"
Square of Carmenborough,Парк,"-54.4641, 49.3538"
Castle of Aguirretown,Пляж,"22.3529, -46.1923"
Square of Lake Jennifershire,Парк,"54.3711, 45.5711"
Площадь к. Надым,Public Park,"50.9947, -36.8328"
Castle of South Taylorborough,Public Park,"10.7521, 0.6727"
Площадь г. Комсомольск-на-Амуре,Горнолыжный курорт,"-52.1244, -125.6539"
Lake of Taylormouth,Горнолыжный курорт,"3.9895, 114.7387"
Гора д. Ухта,Достопримечательность,"62.8633, -112.7804"
Парк д. Александровск-Сахалинский,Landmark,"-7.5493, -13.9526"
Музей к. Усть-Кулом,Mountain Peak,"18.7451, 115.5421"
Площадь клх Минусинск,Public Park,"-14.6097, -162.0518"
Замок д. Лабинск,Mountain Peak,"48.8622, 127.5244"
Парк с. Елатьма,Museum,"-11.6721, -56.6887"
Замок д. Терней,Достопримечательность,"69.7514, -101.3472"
Гора с. Мокшан,Famous Intersection,"-13.7393, -131.9216"
Музей с. Пушкин,Museum,"55.8381, -62.1231"
Гора п. Ухта,Исторический район,"15.8214, 53.5577"
Park of Benjaminburgh,Музей,"42.7692, 93.1645"
Музей клх Алексин,Природный объект,"56.0246, 83.1576"
Lake of Oscarshire,Historic Site,"29.184, -118.4353"
Площадь г. Алагир,Парк,"64.1636, -133.2002"
Замок д. Красноуфимск,Достопримечательность,"-22.4585, -91.4529"
Museum of Nguyenbury,Public Park,"-29.8057, -156.693"
Park of Lawrencefort,Музей,"59.0947, -115.5967"
Площадь п. Тура,Исторический район,"23.9792, 22.3798"
Park of Stewartborough,Public Park,"6.9441, -123.3082"
Park of Lake Ashleyborough,Nature Reserve,"-65.7381, 91.2492"
Гора клх Чехов,Музей,"33.976, 130.2496"
Озеро клх Красноярск,Famous Intersection,"60.9863, 154.9844"
Castle of New Patrick,Landmark,"58.5676, -10.7739"
Museum of Lake Douglasland,Public Park,"3.1209, 88.468"
Bridge of North Molly,Музей,"-21.1461, 24.2103"
Музей д. Ачхой Мартан,Музей,"-46.2089, -168.0639"
Озеро с. Кировск (Ленин.),Музей,"52.9098, -159.538"
Замок г. Нижний Новгород,Исторический район,"51.5112, 51.4743"
Park of Port Lisaburgh,Достопримечательность,"-52.6955, 80.2874"
Площадь д. Сухиничи,Горнолыжный курорт,"41.1723, 72.5603"
Park of Allisonfurt,Исторический район,"2.7354, 167.46"
Lake of Miguelville,Public Park,"29.3934, 82.9685"
Парк г. Нефтекамск,Пляж,"50.5729, -19.4446"
Парк д. Бугульма,Mountain Peak,"4.6532, 124.1367"
Museum of East Clarencemouth,Museum,"53.4529, -65.6357"
Museum of Floresbury,Museum,"55.1772, -58.1879"
Museum of New Karenhaven,Исторический район,"61.7632, -17.5405"
Lake of South Monicaton,Famous Intersection,"-42.1858, -51.1625"
Bridge of Ellenview,Парк,"-44.5664, -1.2824"
Bridge of Turnerside,Парк,"46.9848, 111.9294"
Bridge of Lake Timothy,Парк,"10.2788, -154.8035"
Площадь клх Хабаровск,Пляж,"-68.9689, 23.1275"
Castle of Patricktown,Парк,"-10.3745, -142.7711"
Castle of North Sharon,Nature Reserve,"-16.8407, 40.3898"
Озеро ст. Катайск,Достопримечательность,"-67.8337, -15.0864"
Castle of Hamiltonbury,Исторический район,"-2.4888, 97.9439"
Lake of Nathanstad,Исторический район,"4.4344, 0.921"
Lake of West David,Достопримечательность,"-22.7608, 50.0858"
Square of Taylorside,Mountain Peak,"-13.123, -56.6128"
Park of Port Cynthiafurt,Горнолыжный курорт,"-12.726, -121.8552"
Озеро к. Бугульма,Исторический район,"-41.8017, 43.0914"
Площадь клх Шатой,Парк,"38.8561, -154.108"
Lake of Joannetown,Природный объект,"44.0061, -101.9379"
Музей д. Якша,Природный объект,"58.0329, -96.7465"
Парк г. Баргузин,Mountain Peak,"-17.804, -43.2182"
Square of Kingport,Beach,"6.2608, -162.0326"
Castle of Lake Tyler,Nature Reserve,"-13.0692, -154.6325"
Гора д. Юрьев-Польский,Beach,"44.1803, 154.7266"
Гора д. Каменск-Шахтинский,Природный объект,"-34.7304, -55.85"
Гора д. Черкесск,Nature Reserve,"-8.9135, 156.6295"
Museum of Teresatown,Пляж,"-1.7049, -17.7341"
Lake of South Sarahfurt,Mountain Peak,"66.9425, 128.8761"
Гора ст. Кызыл,Landmark,"-34.4237, 151.9874"
Замок с. Бронницы,Горнолыжный курорт,"-8.7492, 97.2491"
Square of New Tinaview,Famous Intersection,"-35.9158, -128.1095"
Озеро к. Бугуруслан,Пляж,"-18.8669, 167.0856"
Замок п. Ельня,Landmark,"55.9275, 71.0674"
Castle of South Joannaberg,Nature Reserve,"26.9298, -5.3134"
Bridge of New Jamesfurt,Музей,"-50.8952, 159.8062"
Square of East Theresa,Исторический район,"65.1806, -43.2872"
Замок к. Бомнак,Пляж,"17.1668, 133.2195"
Park of Blankenshipport,Исторический район,"-2.9658, -64.405"
Castle of Darrylchester,Храм,"-32.237, 112.3075"
Square of North Anna,Исторический район,"-64.9828, -124.1673"
Lake of Deniseville,Landmark,"8.5883, -116.5132"
Museum of Westview,Nature Reserve,"20.3003, -56.8966"
Замок клх Шадринск,Mountain Peak,"61.9696, -27.8858"
Museum of Port Ethanborough,Храм,"-29.9613, 167.2811"
Lake of Henryton,Nature Reserve,"-5.7033, -83.7704"
Museum of North Charlesmouth,Горнолыжный курорт,"4.1, 84.6244"
Гора д. Верхний Тагил,Beach,"-23.5806, -162.9979"
Bridge of North Christopher,Beach,"-7.8098, 133.742"
Park of Lisahaven,Nature Reserve,"39.7509, -34.7463"
Museum of West Desiree,Famous Intersection,"63.9826, 77.7959"
Площадь с. Надым,Historic Site,"-19.1539, -24.2321"
Castle of West Danielle,Museum,"42.0821, 92.4225"
Park of Harrisonburgh,Пляж,"44.7637, -63.2024"
Музей г. Кингисепп,Famous Intersection,"4.3393, -55.3713"
Square of Goodburgh,Landmark,"-23.2913, 51.6607"
Музей д. Адлер,Природный объект,"54.4205, 88.5605"
Museum of East Allison,Landmark,"-36.4601, -167.4275"
Museum of Andrewburgh,Beach,"-3.9065, 76.1761"
Castle of Porterton,Горнолыжный курорт,"-55.0104, -8.8802"
Museum of Lopezton,Исторический район,"-27.0036, -14.3356"
Замок ст. Валаам,Landmark,"25.8119, -74.1886"
Museum of Warefort,Храм,"-3.8028, -121.7068"
Square of South Kevinmouth,Исторический район,"-29.8217, -118.6809"
Square of Port Mark,Пляж,"39.1826, -5.7494"
Castle of North Mitchellfort,Исторический район,"-68.848, 64.2797"
Bridge of Michelleborough,Горнолыжный курорт,"-25.3929, 101.8068"
Lake of New Elizabeth,Nature Reserve,"36.4901, 153.2205"
Square of New Holly,Famous Intersection,"-14.8205, 75.2565"
Озеро ст. Сибай,Historic Site,"65.7496, -158.9026"
Bridge of East Coreychester,Природный объект,"59.6323, 45.0993"
Озеро с. Гатчина,Mountain Peak,"2.6792, -79.9056"
Площадь ст. Жиганск,Beach,"69.3796, 85.4352"
Площадь к. Юрьев-Польский,Nature Reserve,"-24.8632, 150.5102"
Музей с. Чермоз,Горнолыжный курорт,"14.8776, 51.0726"
Гора клх Медногорск,Public Park,"10.45, -136.4527"
Парк к. Артем,Nature Reserve,"12.0408, -103.6638"
Площадь п. Нижнекамск,Beach,"56.1979, -69.2471"
Bridge of Kempberg,Достопримечательность,"-16.2699, -164.6138"
Park of East Chadberg,Nature Reserve,"-20.4298, 159.9304"
Castle of Meganberg,Museum,"-64.8209, 154.6351"
Музей с. Борзя,Public Park,"-38.2547, -7.9177"
Museum of Buckview,Mountain Peak,"49.8344, -23.8724"
Museum of Williechester,Горнолыжный курорт,"-66.4708, -152.8371"
Парк клх Бронницы,Музей,"-18.9945, -68.1548"
Castle of Anthonyville,Исторический район,"-48.2007, -95.2335"
Lake of South Rogerhaven,Пляж,"-7.3569, 138.0432"
Bridge of Willisshire,Музей,"-17.4415, 3.5494"
Lake of South Patricia,Museum,"-59.3591, -94.2846"
Museum of Leachhaven,Museum,"-31.2066, 3.6394"
Музей д. Куртамыш,Достопримечательность,"-30.4309, -135.0658"
Museum of Port Jenniferchester,Famous Intersection,"17.0873, -165.652"
Площадь г. Черняховск,Famous Intersection,"-11.6478, -4.4039"
Park of Jimenezville,Museum,"-54.0661, -21.9732"
Park of Sullivanland,Достопримечательность,"-14.7963, -48.2024"
Museum of New Vanessa,Горнолыжный курорт,"28.9653, 153.3585"
Bridge of North Traceyview,Музей,"-50.9811, -98.3698"
Гора с. Руза,Landmark,"-58.9391, 89.4925"
Park of Port Scott,Горнолыжный курорт,"62.6005, 7.5143"
Square of Mollytown,Парк,"-66.0491, 16.9563"
Square of Lake Jose,Mountain Peak,"30.0311, 117.4347"
Озеро с. Далматово,Historic Site,"-2.624, 53.6885"
Озеро д. Абакан,Горнолыжный курорт,"-27.9489, 71.7389"
Park of Lorraineborough,Горнолыжный курорт,"-18.3859, -90.3423"
Парк к. Новороссийск,Public Park,"34.4796, 48.2454"
Castle of Janetland,Храм,"19.924, -45.6005"
Bridge of South Dawnstad,Музей,"32.7242, 34.6055"
Park of Fordstad,Historic Site,"22.2508, -168.8275"
Bridge of Mitchellport,Исторический район,"-50.4946, 5.0063"
Озеро п. Невьянск,Nature Reserve,"-22.2759, 17.3494"
Lake of Martinmouth,Museum,"64.3926, -156.2868"
Castle of Port Kristinaborough,Landmark,"45.5101, 33.848"
Замок клх Уэлен,Nature Reserve,"30.653, -163.0768"
Lake of North Mollystad,Горнолыжный курорт,"37.0423, 13.4459"
Bridge of Murphyborough,Museum,"16.3137, 123.6764"
Озеро ст. Бологое,Mountain Peak,"46.4907, -100.8098"
Парк ст. Шаховская,Горнолыжный курорт,"39.3446, -45.7779"
Castle of Port Barry,Landmark,"52.602, 88.195"
Park of Wrightbury,Famous Intersection,"69.3068, 64.2103"
Парк к. Чайковский,Исторический район,"16.5671, 86.1377"
Площадь п. Владимир,Храм,"-44.8961, 81.165"
Замок с. Артем,Парк,"-16.4939, 134.5822"
Замок ст. Печора,Горнолыжный курорт,"-18.769, 109.4609"
Bridge of Port Kathy,Public Park,"-6.7021, -73.1981"
Гора д. Ачхой Мартан,Museum,"26.0855, 72.7967"
Square of Mauriceport,Парк,"-53.9748, 66.2541"
Bridge of North Alexander,Музей,"9.9065, -29.6323"
Гора д. Рославль,Природный объект,"-0.79, 113.4565"
Bridge of Johnview,Famous Intersection,"68.5868, 109.0171"
Bridge of Mitchellshire,Пляж,"-49.9791, 6.5113"
Bridge of New Cameronbury,Landmark,"-33.1289, -149.5911"
Museum of Lake Angela,Парк,"24.9731, 16.9126"
Castle of Allenshire,Public Park,"68.2484, 4.0616"
Lake of Alexanderport,Public Park,"25.5329, 42.4743"
Площадь клх Ржев,Museum,"10.4089, 168.28"
Park of Austinborough,Исторический район,"-43.2461, 27.0144"
Bridge of Lake Amber,Beach,"21.9657, 114.9042"
Park of Robertstown,Public Park,"-40.3259, 139.8261"
Lake of Lake Meredithview,Парк,"43.0015, 34.3458"
Lake of Port Laurenview,Храм,"-65.8478, -101.8377"
Музей п. Кемерово,Природный объект,"-68.2759, -148.0527"
Замок клх Вологда,Mountain Peak,"-22.5072, 163.5192"
Площадь с. Калязин,Famous Intersection,"-67.3812, -0.9428"
Lake of Lake Sandramouth,Достопримечательность,"37.1558, -131.7988"
Гора к. Стерлитамак,Public Park,"32.4238, 147.6137"
Bridge of New Alexandraview,Достопримечательность,"49.8571, -96.262"
Замок п. Азов (Рост.),Парк,"17.1169, 133.7453"
Castle of East Anthony,Пляж,"-1.2163, 12.2534"
Park of Heatherfort,Mountain Peak,"-55.8038, 48.7104"
Bridge of Cruzshire,Парк,"38.3225, -144.4424"
Square of South Jefferychester,Природный объект,"38.0322, 51.9297"
Castle of Lake Michaelhaven,Исторический район,"-67.1725, -86.2868"
Lake of West Benjamin,Public Park,"-24.7253, 146.9437"
Парк г. Кировск (Ленин.),Historic Site,"-49.9134, -6.439"
Lake of East Steve,Пляж,"47.0715, -63.277"
Парк д. Сладково,Mountain Peak,"-66.471, -104.7335"
Castle of Brandyborough,Достопримечательность,"27.1794, -124.9805"
Square of Jacksonfort,Famous Intersection,"-25.446, 92.5553"
Castle of North Jamieborough,Famous Intersection,"-1.4611, 42.8244"
Парк д. Ярославль,Достопримечательность,"4.2929, -10.9522"
Парк с. Чехов,Beach,"11.4974, -39.9822"
Гора к. Кущевская,Beach,"54.6124, -106.4441"
Square of Perrymouth,Public Park,"-14.4464, 166.7313"
Парк г. Вендинга,Nature Reserve,"3.6092, -155.4491"
Castle of Wongstad,Beach,"2.3111, 134.7758"
Park of Christopherhaven,Famous Intersection,"-39.4603, -77.3661"
Озеро с. Белый Яр (Томск.),Nature Reserve,"-59.9937, 53.2942"
Замок г. Чулым,Достопримечательность,"8.5807, -147.5817"
Park of Masonshire,Пляж,"-51.1908, 50.8962"
Озеро клх Невельск,Historic Site,"10.8477, 44.7486"
Музей ст. Соликамск,Музей,"-53.6112, -57.9515"
Музей г. Кимры,Nature Reserve,"23.9328, 162.529"
"Озеро к. Москва, МГУ",Достопримечательность,"-34.9793, 50.5184"
Castle of Owenshire,Public Park,"44.1803, 100.9493"
Площадь клх Анадырь,Mountain Peak,"37.0122, 117.7371"
Museum of Johnton,Исторический район,"12.5814, -160.889"
Музей к. Приморско-Ахтарск,Famous Intersection,"-49.6241, 30.5959"
Lake of Melendezborough,Храм,"-49.2928, 134.228"
Замок п. Кировск (Мурм.),Музей,"-43.5466, 169.7739"
Гора к. Губаха,Природный объект,"-59.1594, -123.6337"
Park of Brownborough,Природный объект,"-5.9981, -115.3121"
Lake of Port Timothymouth,Музей,"-32.2385, -148.2894"
Lake of Allenburgh,Mountain Peak,"-65.4925, 15.5261"
Парк ст. Чусовой,Природный объект,"-25.8429, -46.3414"
Музей к. Коломна,Museum,"28.8606, -98.4058"
Замок к. Семлячики,Парк,"-26.8762, -127.477"
Square of Nicholsside,Famous Intersection,"-27.3694, 67.7401"
Bridge of North Mark,Пляж,"19.9681, 21.1146"
Парк ст. Снежногорск (Мурм.),Nature Reserve,"31.891, 138.2372"
Гора ст. Верхотурье,Public Park,"-27.4275, 90.591"
Castle of Webbhaven,Парк,"-66.904, -76.2453"
Square of Steinmouth,Nature Reserve,"-36.8476, 168.5394"
Park of Rodriguezmouth,Nature Reserve,"65.0584, 118.3696"
Square of Lucasborough,Mountain Peak,"-19.2241, -86.4489"
Castle of Janetville,Природный объект,"-0.1597, 32.8521"
Castle of New Sabrinastad,Горнолыжный курорт,"-59.6685, 33.0565"
Озеро г. Нефтеюганск,Public Park,"-20.1391, -13.3188"
Lake of South Marymouth,Nature Reserve,"-28.9424, 102.2686"
Гора к. Губаха,Beach,"27.9852, -6.1741"
Bridge of Lake Cynthia,Музей,"16.1262, 167.5557"
Museum of Gonzalezhaven,Природный объект,"17.7805, -42.8112"
Museum of Lake Joseph,Beach,"-36.2899, -69.8456"
Castle of West Patriciabury,Mountain Peak,"56.2778, -129.2683"
Square of New Alex,Природный объект,"55.2995, 160.2226"
Lake of South Melindabury,Музей,"40.3558, -157.3647"
Озеро с. Соликамск,Горнолыжный курорт,"68.6269, 98.839"
Bridge of Lake Joel,Nature Reserve,"23.0379, 88.3969"
Парк ст. Дудинка,Природный объект,"32.9473, -81.5581"
Замок п. Карталы,Museum,"-45.168, -82.1893"
Bridge of New William,Достопримечательность,"27.1465, 1.3018"
Озеро г. Истра,Природный объект,"-33.702, 33.2771"
Замок ст. Сеймчан,Famous Intersection,"56.2314, 99.4089"
Square of East Michaelview,Nature Reserve,"-50.2826, 118.3582"
Музей п. Заводоуковск,Храм,"67.8618, -11.2779"
Озеро к. Камышлов,Mountain Peak,"-25.8232, -123.6343"
Замок к. Троицк (Челяб.),Исторический район,"0.6278, -32.683"
Музей г. Уэлен,Public Park,"56.4407, -125.4656"
Castle of Victorborough,Пляж,"2.9063, 56.3167"
Озеро клх Шатура,Public Park,"-37.6266, 7.8836"
Museum of New Jerry,Nature Reserve,"-67.8141, -125.0908"
Bridge of Wayneberg,Горнолыжный курорт,"28.9653, 20.2396"
Park of Woodfort,Храм,"9.5775, 67.1202"
Bridge of East Roberthaven,Public Park,"-43.5847, -160.0975"
Замок с. Раменское,Landmark,"40.5186, 74.2945"
Музей п. Саянск,Historic Site,"27.3144, 122.713"
Square of Guzmanside,Храм,"-33.4467, 62.9173"
Музей г. Челюскин,Исторический район,"-43.3838, -77.9429"
Museum of West Jasonside,Храм,"-1.5416, 105.2769"
Озеро клх Североморск,Музей,"62.5716, 71.5417"
Park of Ricehaven,Горнолыжный курорт,"-4.1797, -117.6172"
Lake of West Juan,Famous Intersection,"-7.4579, 62.7246"
Гора к. Фатеж,Пляж,"-44.7584, -3.5982"
Park of West Amandaside,Famous Intersection,"60.5338, 18.5385"
Замок с. Когалым,Парк,"-54.9047, -141.7745"
Гора клх Нижнекамск,Landmark,"-23.5698, 57.1776"
Озеро ст. Кинешма,Исторический район,"3.9129, 0.7561"
Park of Gibsonberg,Historic Site,"69.4254, 137.9798"
Площадь клх Арсеньев,Храм,"52.2954, -140.1853"
Museum of Mariehaven,Храм,"54.4218, -120.789"
Lake of New Gary,Museum,"53.1175, 152.5607"
Square of Lake Cynthia,Nature Reserve,"-51.3906, -54.7103"
Bridge of Williamsport,Природный объект,"-11.0159, -124.0536"
Озеро клх Александровск-Сахалинский,Природный объект,"-45.3037, -63.7811"
Музей п. Дно,Historic Site,"-39.9871, 4.7539"
Музей клх Нарым,Парк,"3.4153, 67.5618"
Park of Melissamouth,Храм,"16.6859, 33.059"
Park of Cuevasview,Famous Intersection,"-66.2674, 131.4068"
Park of West Lisa,Mountain Peak,"56.0817, -62.1111"
Square of Loristad,Природный объект,"-18.3784, 95.6439"
Castle of Juanfort,Museum,"-20.0347, -118.03"
Замок клх Шали,Landmark,"60.7969, -84.4821"
Park of New Troyfort,Музей,"-54.7659, -70.0581"
Castle of Robertsonville,Пляж,"-43.6817, -40.2797"
Площадь г. Минеральные Воды,Горнолыжный курорт,"43.0159, 45.3169"
Замок ст. Ачинск,Mountain Peak,"-25.0887, -134.3115"
Castle of Kellymouth,Горнолыжный курорт,"12.3915, -81.3336"
Музей ст. Охотск,Храм,"-63.1191, 142.5189"
Lake of Rivasland,Nature Reserve,"39.9139, 137.774"
Замок п. Северобайкальск,Достопримечательность,"-62.5176, -139.5297"
Castle of Baileymouth,Historic Site,"25.8347, -10.8068"
Museum of Juliaport,Природный объект,"-55.3254, 166.075"
Озеро ст. Новороссийка,Храм,"-57.9006, 136.4484"
Музей к. Радужный,Исторический район,"39.9797, -85.1433"
Площадь д. Шали,Храм,"43.2935, 117.0715"
Castle of Daniellemouth,Достопримечательность,"-64.7175, 0.5635"
Park of North Allenbury,Landmark,"-33.0558, 57.1833"
Park of Lake Curtisburgh,Beach,"-13.5278, -23.0559"
Square of East Devin,Nature Reserve,"-0.9424, 161.9584"
Castle of New Matthewborough,Historic Site,"-43.095, 151.0528"
Lake of Mckinneybury,Famous Intersection,"-69.1069, -112.5626"
Lake of Robertton,Пляж,"-44.9161, 37.545"
Парк клх Курильск,Достопримечательность,"67.7962, -130.719"
Square of Brownchester,Храм,"-67.7426, 1.2072"
Замок ст. Псебай,Beach,"26.7194, 161.7143"
Park of North Desiree,Пляж,"33.6675, 145.6372"
Парк д. Талдом,Пляж,"8.7658, -61.9172"
Парк п. Лянтор,Historic Site,"-63.6668, 135.9649"
Museum of Lake Sarah,Исторический район,"-64.9464, 13.2347"
Lake of Millsside,Landmark,"-31.3937, -102.311"
Lake of Lawrencebury,Public Park,"40.1252, -9.8004"
Озеро г. Надым,Храм,"-68.2958, -90.5356"
Castle of Karenland,Public Park,"-20.3041, -107.9345"
Bridge of East Alyssamouth,Mountain Peak,"-39.4201, -133.1464"
Замок к. Чебоксары,Достопримечательность,"-4.6993, -137.2259"
Museum of Jenniferchester,Beach,"-34.1189, 20.5803"
Площадь клх Ижевск,Достопримечательность,"62.7005, 123.5357"
Castle of South Michelle,Природный объект,"65.372, -80.1747"
Замок с. Каменск-Уральский,Mountain Peak,"15.4385, 95.9411"
Озеро клх Яр-Сале,Музей,"-7.9756, 105.5664"
Bridge of North Lisa,Парк,"29.761, -5.5138"
Bridge of Joshuaton,Природный объект,"-2.6425, -144.5394"
Square of Maryborough,Famous Intersection,"55.7844, 147.5805"
Park of Adammouth,Famous Intersection,"66.6439, -58.377"
Square of Lake Abigail,Исторический район,"66.9996, 133.0945"
Bridge of Johnland,Landmark,"61.6643, -54.6499"
Park of Limouth,Landmark,"13.7599, -99.2637"
Озеро клх Нерчинск,Горнолыжный курорт,"5.6624, 168.1219"
Square of North Matthew,Парк,"25.7676, -94.764"
Площадь к. Солнечногорск,Достопримечательность,"-57.0703, 100.9517"
Гора с. Александров Гай,Museum,"37.629, -117.1759"
Замок ст. Находка,Достопримечательность,"34.0111, -25.7873"
Museum of Seanmouth,Mountain Peak,"-30.9135, 99.5217"
Square of New Dorothy,Исторический район,"-6.2149, 92.7585"
Площадь д. Тихвин,Historic Site,"-55.8408, -148.8859"
Museum of Lake Colleenmouth,Пляж,"12.3291, -123.0928"
Square of Diazview,Достопримечательность,"-13.1736, -29.6183"
Парк д. Невьянск,Beach,"39.7998, 69.6019"
Park of Jennifershire,Mountain Peak,"-21.2352, 160.7036"
Park of Lisaville,Пляж,"58.0897, -140.0168"
Музей ст. Оренбург,Пляж,"-8.6537, -130.2995"
Площадь г. Тикси,Исторический район,"-41.5895, -154.3677"
Площадь ст. Кингисепп,Mountain Peak,"57.5702, -20.5434"
Square of Prestonborough,Landmark,"-63.7022, 158.1855"
Озеро г. Нижнекамск,Пляж,"38.7353, -53.9976"
Парк п. Армавир,Исторический район,"-12.3137, -33.2075"
Lake of Lloydland,Музей,"-14.7722, -154.9664"
Square of North Amber,Beach,"14.6153, -105.0243"
Lake of Port Michael,Парк,"16.9421, 39.083"
Lake of Rossshire,Historic Site,"47.4636, -88.4962"
Park of East Michael,Museum,"-68.7252, 160.7211"
Замок г. Юровск,Природный объект,"36.2186, 124.7883"
Castle of Franklinmouth,Пляж,"-60.7901, 139.6966"
Castle of Port Michaelchester,Nature Reserve,"-44.976, 118.0658"
Bridge of East Shawnchester,Природный объект,"31.6629, 132.9351"
Bridge of Lake Amandahaven,Historic Site,"69.5774, -83.0293"
Озеро клх Верхний Уфалей,Достопримечательность,"19.6217, 156.5177"
Озеро к. Железногорск(Курск.),Beach,"21.1561, -125.7497"
Lake of Davidside,Famous Intersection,"-61.3106, 144.9893"
Гора д. Снежинск,Музей,"-60.2946, -23.1129"
Museum of Parkerview,Музей,"-26.7269, -53.4482"
Площадь с. Лазаревское,Historic Site,"-35.2764, 87.2433"
Square of Victorshire,Landmark,"-38.4768, -129.7511"
Lake of New Jasonborough,Горнолыжный курорт,"-64.633, -14.3298"
Museum of West Albertchester,Музей,"7.974, -43.2131"
Озеро г. Вуктыл,Пляж,"20.8288, -37.8517"
Озеро г. Токма,Historic Site,"3.549, -96.5147"
Гора к. Тулпан,Mountain Peak,"-33.1651, -117.6705"
Музей г. Троицк (Челяб.),Пляж,"-14.8851, 47.9617"
Castle of West Scott,Пляж,"-54.3181, 35.8046"
Square of Murrayshire,Горнолыжный курорт,"7.7486, -158.4652"
Площадь г. Звенигород,Landmark,"36.1602, 41.466"
Замок ст. Кизилюрт,Музей,"-63.1526, 128.2561"
Lake of Martinchester,Парк,"38.5921, 74.9249"
Lake of Maryton,Mountain Peak,"32.1357, -11.7099"
Озеро д. Кызыл,Достопримечательность,"-46.5942, 40.9701"
Музей п. Камышлов,Горнолыжный курорт,"62.1954, 22.0755"
Площадь с. Алексин,Горнолыжный курорт,"-17.8782, 154.6769"
Square of Adamsbury,Исторический район,"-62.0672, 66.8918"
Lake of Colemanborough,Природный объект,"3.2156, 138.4193"
Lake of Port Ashleytown,Public Park,"0.3465, 60.5993"
Park of Port Kerri,Landmark,"22.5057, 103.6711"
Площадь ст. Елатьма,Mountain Peak,"10.7195, 128.3381"
Замок ст. Асбест,Landmark,"-45.0465, -56.9385"
Park of Brettland,Храм,"69.0632, 19.7083"
Castle of Davisbury,Пляж,"-25.448, -138.9722"
Museum of Simmonsport,Mountain Peak,"-65.4287, -7.1682"
Музей с. Волоколамск,Nature Reserve,"-59.2155, 164.1254"
Square of Steventown,Public Park,"29.8861, 79.1471"
Озеро п. Нерчинск,Landmark,"-12.8696, -152.1241"
Park of Meganmouth,Музей,"-16.1874, -20.2461"
Bridge of Scottland,Landmark,"-0.8547, 156.4174"
Castle of East Jeffreyton,Пляж,"-63.7696, 44.4721"
Парк с. Калачинск,Природный объект,"-3.1251, -133.3804"
Озеро ст. Касимов,Museum,"43.9189, -169.421"
Lake of Jeffreyville,Public Park,"56.3434, -97.6278"
Lake of Robertville,Музей,"39.8734, -140.8077"
Square of Samanthafurt,Горнолыжный курорт,"-4.9784, -21.3818"
Bridge of Howellbury,Исторический район,"-17.4609, 163.0453"
Square of Hardinville,Museum,"32.5392, 82.9451"
Museum of North Joshuabury,Famous Intersection,"44.2039, 92.1376"
Площадь г. Курумкан,Храм,"-60.5933, -93.3174"
Замок с. Аршан (Бурят.),Пляж,"18.5796, 9.1398"
Lake of Jessicaville,Nature Reserve,"-6.0496, -42.7095"
Гора г. Иркутск,Природный объект,"-45.3134, 7.6543"
Музей клх Усолье Сибирское,Mountain Peak,"66.0402, 52.0182"
Lake of Mooretown,Музей,"-51.4982, 75.753"
Museum of Lammouth,Mountain Peak,"-61.0213, 100.3614"
Bridge of South Joseph,Museum,"-21.6887, -159.0509"
Square of Lake Kimberly,Beach,"9.3303, 6.7866"
Парк г. Курганинск,Beach,"-41.0564, -121.1719"
Castle of Wolfehaven,Nature Reserve,"33.0673, -142.638"
Площадь п. Яшкуль,Mountain Peak,"50.0135, -157.8041"
Музей клх Борзя,Beach,"51.9362, -71.7254"
Museum of South Miranda,Природный объект,"-32.1231, -45.0502"
Озеро к. Агинское (Забайк.),Beach,"24.8628, 145.0897"
Lake of Tarabury,Landmark,"34.1333, -52.1952"
Парк п. Яхрома,Museum,"-35.8464, 153.3314"
Lake of East Javierborough,Исторический район,"64.9078, 76.7581"
Museum of Port Darlene,Public Park,"-67.147, -96.8256"
Lake of Erikland,Mountain Peak,"16.5621, 26.4855"
Castle of Vazquezville,Горнолыжный курорт,"-50.2091, -158.8068"
Museum of Joeborough,Горнолыжный курорт,"29.3859, 72.1914"
Castle of South Mathewfurt,Достопримечательность,"-30.0029, 91.3549"
Museum of Kingchester,Достопримечательность,"35.2227, -120.861"
Парк к. Игарка,Landmark,"47.3817, -19.5832"
Square of Gomezton,Горнолыжный курорт,"-54.4472, 26.5009"
Park of Timothyport,Исторический район,"55.0539, 45.5924"
Озеро ст. Чебаркуль,Public Park,"-31.5419, 114.2213"
Площадь д. Глазов,Mountain Peak,"-24.0458, -112.5754"
Castle of Portermouth,Famous Intersection,"46.4833, 3.1177"
Музей к. Березники,Mountain Peak,"42.281, -151.5481"
Castle of Markview,Исторический район,"-51.5043, -105.2923"
Museum of Harriston,Beach,"1.7003, -14.0319"
Парк г. Петушки,Горнолыжный курорт,"-18.4492, 100.013"
Museum of Lake Jimtown,Famous Intersection,"-16.2749, 134.4149"
Castle of New Peterland,Пляж,"22.3104, -93.1547"
Гора д. Калач-на-Дону,Пляж,"-44.7209, 112.9245"
Площадь г. Ковров,Museum,"-15.1452, 115.8054"
Lake of Michelleport,Public Park,"5.1459, -76.0047"
Замок г. Учалы,Храм,"-38.4089, -160.2961"
Square of South Elizabethshire,Природный объект,"53.4624, -148.1581"
Гора п. Гагарин,Исторический район,"-59.3005, -34.8074"
Park of North Terri,Музей,"-28.0506, -82.5298"
Square of West Jaclynfort,Исторический район,"28.8673, 155.2284"
Square of New Travisberg,Beach,"-1.6867, 82.8169"
Castle of Kruegerside,Mountain Peak,"-4.9086, 157.6833"
Castle of West Sandra,Пляж,"-50.2328, 119.4686"
Площадь д. Абакан,Достопримечательность,"-42.2769, -16.4229"
Square of New Anthonyborough,Достопримечательность,"-31.5855, -73.8913"
Озеро г. Саянск,Mountain Peak,"-8.3635, 22.1892"
Озеро п. Беломорск,Пляж,"-47.9906, 162.4773"
Lake of South Vanessaport,Достопримечательность,"-53.9889, -51.6156"
Площадь ст. Мокшан,Природный объект,"55.8991, -139.2103"
Замок п. Воркута,Beach,"-9.7654, -163.2814"
Park of Port Kathy,Historic Site,"37.6547, -36.6728"
Castle of South Mariastad,Landmark,"29.7305, 61.2829"
Парк к. Ачинск,Mountain Peak,"29.2697, 22.3102"
Castle of Port Jaimeton,Горнолыжный курорт,"-57.7573, 160.0149"
Square of New Chad,Природный объект,"-14.0896, -142.9066"
Озеро ст. Красногорск (Моск.),Famous Intersection,"48.1884, 139.4947"
Bridge of New Matthewfort,Природный объект,"65.6674, -111.6886"
Bridge of New Shannonmouth,Mountain Peak,"2.0243, 139.3675"
Площадь клх Руза,Museum,"26.4143, -53.138"
Museum of Kevinland,Достопримечательность,"-13.8698, 38.2499"
Castle of Elizabethchester,Famous Intersection,"-65.0678, 59.5405"
Square of South Karen,Природный объект,"-51.5023, -137.2152"
Bridge of South Nicole,Historic Site,"-33.9888, -107.1424"
Museum of Nelsonhaven,Beach,"15.0017, -77.7565"
Bridge of Youngville,Природный объект,"43.3599, -57.9589"
Парк ст. Карачаевск,Парк,"-69.7031, 106.7435"
Озеро к. Ачинск,Исторический район,"29.36, -141.4136"
Парк с. Карабулак,Public Park,"50.0398, 151.7103"
Музей д. Поярково,Парк,"8.5116, -146.7363"
Замок д. Кимры,Парк,"12.8885, 152.0355"
Museum of Lake Andrew,Музей,"-24.0895, -169.281"
Озеро д. Санкт-Петербург,Beach,"0.5758, -8.8702"
Museum of Port Denise,Public Park,"50.431, -53.9479"
Гора к. Дербент,Парк,"-22.6025, -122.5536"
Museum of Mckinneyborough,Горнолыжный курорт,"-37.7999, -134.9343"
Park of East Willie,Historic Site,"-25.8592, 54.9861"
Площадь г. Липецк,Public Park,"36.733, -164.8537"
Парк д. Сортавала,Mountain Peak,"20.7688, 118.9631"
Lake of Lake Anthony,Достопримечательность,"-9.8489, -148.0692"
Park of North Christinetown,Достопримечательность,"53.7863, 39.0117"
Замок ст. Моздок,Museum,"-50.2966, 46.6398"
Park of Changview,Beach,"-38.0388, -88.3121"
Museum of West Robertview,Historic Site,"-20.3545, -152.4814"
Castle of East Danieltown,Горнолыжный курорт,"31.3939, 67.678"
Castle of Russellhaven,Достопримечательность,"-22.7377, 139.659"
Музей д. Лотошино,Public Park,"54.6253, -143.1713"
Museum of Lake Jeffrey,Музей,"-49.2234, -134.8659"
Площадь д. Абакан,Музей,"32.5361, 20.2395"
Гора г. Шерегеш,Достопримечательность,"-61.7166, 116.3651"
Музей г. Шали,Famous Intersection,"49.0022, 152.8692"
Музей п. Карпинск,Mountain Peak,"-9.4432, 2.8668"
Bridge of East Vanessafort,Достопримечательность,"56.3376, -70.0591"
Озеро д. Черусти,Landmark,"-69.3933, 155.4458"
Гора ст. Ставрополь,Beach,"11.7232, -50.7355"
Музей к. Махачкала,Музей,"-4.4333, 62.5006"
Square of West Richardtown,Beach,"-11.3105, 57.7223"
Площадь ст. Кандалакша,Beach,"41.8457, -58.1152"
Bridge of Elizabethstad,Beach,"20.3707, -49.3239"
Bridge of Port Christopher,Landmark,"-8.5261, -123.8135"
Замок к. Анапа,Парк,"-1.6951, 139.2586"
Парк к. Якутск,Historic Site,"27.1764, -54.5106"
Castle of Port Rebecca,Public Park,"-10.0271, -131.5896"
Museum of Lake Juliemouth,Beach,"14.8814, -61.0255"
Площадь с. Северодвинск,Public Park,"62.475, -65.5091"
Lake of Port Nicole,Museum,"-30.8772, -71.598"
Музей д. Ноябрьск,Музей,"-26.4908, 86.4045"
Square of Port Bryanberg,Historic Site,"-38.081, -137.9159"
Замок г. Горячий Ключ,Nature Reserve,"41.0513, -76.6019"
Гора с. Стрежевой,Горнолыжный курорт,"30.3936, 49.1004"
Музей ст. Карпинск,Beach,"17.4454, -119.3513"
Парк клх Алапаевск,Пляж,"-9.2183, 66.6551"
Park of Travisborough,Famous Intersection,"24.8329, 23.7062"
Озеро ст. Батайск,Museum,"-8.5875, -162.0273"
Гора г. Асино,Museum,"6.5269, 89.1666"
Castle of New Charlesstad,Mountain Peak,"34.9802, -94.4609"
Castle of South Lisaborough,Природный объект,"-56.4187, 3.1141"
Площадь с. Заводоуковск,Museum,"-57.9357, -83.8998"
Museum of Brendastad,Beach,"-9.2765, 149.5818"
Bridge of North Jefferyview,Nature Reserve,"58.0706, -149.5521"
Park of Christophermouth,Горнолыжный курорт,"-67.1361, -159.987"
Square of Grimesville,Landmark,"29.2401, -4.279"
Гора д. Алагир,Горнолыжный курорт,"-39.0839, -87.332"
Castle of Wardbury,Храм,"-5.8824, -110.6198"
Square of Cruzfurt,Музей,"-19.7733, -137.457"
Castle of Marshburgh,Beach,"33.087, -74.6914"
Park of North Johnmouth,Природный объект,"-49.1015, 130.1531"
Площадь д. Смирных,Museum,"45.7642, 70.8881"
Парк к. Эльбрус,Beach,"-43.257, -15.3252"
Bridge of Port Katrina,Public Park,"-44.5983, -53.8562"
Lake of East Melissa,Музей,"-59.9244, -51.5771"
Замок г. Баксан,Парк,"63.7314, -29.0997"
Park of Randolphhaven,Nature Reserve,"52.7445, -12.1315"
Museum of Port Beth,Достопримечательность,"-1.4782, 34.0762"
Музей п. Сухиничи,Природный объект,"52.0125, 28.659"
Park of North Michaelburgh,Парк,"-0.4351, 141.8771"
Замок к. Беслан,Famous Intersection,"-16.5213, -136.6602"
Площадь г. Любань,Public Park,"-26.3271, 46.8262"
Озеро д. Усть-Баргузин,Парк,"17.6012, -28.3273"
Square of Soniaville,Landmark,"63.4521, -82.1246"
Square of Port Rachel,Храм,"16.2943, 120.769"
Square of East Elizabethberg,Famous Intersection,"-64.4985, 66.7207"
Park of West Eric,Museum,"-38.8175, -25.7684"
Park of New Samantha,Исторический район,"3.5399, 167.7213"
Озеро д. Красноуральск,Музей,"17.6513, -33.5624"
Lake of East Kelsey,Пляж,"23.4215, -130.932"
Озеро д. Белорецк,Museum,"46.4309, -157.4111"
Музей с. Йошкар-Ола,Nature Reserve,"-58.6734, 152.03"
Castle of Campbellborough,Nature Reserve,"-45.8517, -83.2774"
Музей клх Павловский Посад,Landmark,"54.0004, 149.576"
Museum of Alexandrashire,Достопримечательность,"-9.638, -101.3549"
Museum of West Amanda,Пляж,"59.0921, 60.8224"
Bridge of Port Kevin,Горнолыжный курорт,"9.6111, -165.9369"
Square of East Jamesfort,Public Park,"-1.8056, 48.9851"
Bridge of East Tonya,Landmark,"-4.853, -122.8546"
Замок с. Алагир,Горнолыжный курорт,"4.8166, -110.7907"
Castle of Hernandeztown,Nature Reserve,"-24.2143, 158.7603"
Park of Salinasfurt,Исторический район,"19.5163, -106.9945"
Park of Port Ashleystad,Природный объект,"-60.869, -103.6312"
Castle of South Ronald,Горнолыжный курорт,"-41.5795, 45.9499"
Park of Lake Joy,Музей,"-7.5432, -152.9372"
Park of East Michaelfurt,Парк,"41.5633, 126.3282"
Площадь клх Зеленогорск (Ленин.),Landmark,"67.6274, -98.3223"
Bridge of Port Nicolefort,Музей,"-46.7441, 36.242"
Гора клх Баргузин,Historic Site,"-64.3769, 76.9273"
Гора клх Саянск,Музей,"-3.4467, 164.949"
Озеро д. Мценск,Храм,"20.4639, -111.7119"
Lake of Petersside,Храм,"-7.5507, 162.8079"
Lake of Stantonburgh,Mountain Peak,"61.2511, 40.0473"
Museum of Gardnermouth,Исторический район,"42.3355, 138.5353"
Гора клх Хужир,Пляж,"-30.2623, -130.4028"
Площадь ст. Курчатов,Природный объект,"31.1298, -132.2758"
Square of Valenciaburgh,Mountain Peak,"55.518, -27.582"
Площадь г. Кежма,Landmark,"-4.3536, 61.7288"
Square of West Brenda,Природный объект,"-14.2299, 161.6324"
Park of Porterberg,Исторический район,"-36.2783, -92.285"
Озеро с. Оймякон,Парк,"35.8047, -105.2727"
Castle of East Danielle,Исторический район,"-44.6943, 50.5998"
Park of Greeneburgh,Исторический район,"-16.799, 161.8394"
Гора клх Внуково (метеост.),Nature Reserve,"5.7418, -113.7627"
Музей с. Темрюк,Beach,"-25.682, 125.5332"
Castle of Rosalesville,Достопримечательность,"10.9399, 112.1454"
Square of South Jessicaberg,Mountain Peak,"53.032, 124.6153"
Bridge of North Edwardview,Природный объект,"8.5693, 160.4287"
Bridge of Escobarside,Nature Reserve,"1.5503, -23.584"
Park of West Jenna,Landmark,"57.4371, 17.1461"
Гора с. Темрюк,Historic Site,"-7.7619, -15.7468"
Lake of West Jennifer,Historic Site,"-39.9788, 138.5767"
Square of Glennchester,Historic Site,"-25.1948, 6.019"
Lake of South Sean,Музей,"35.1357, 127.3298"
Park of West Miguelview,Музей,"17.1278, -94.2486"
Museum of Youngtown,Museum,"51.4113, 140.2834"
Озеро к. Бавлы,Nature Reserve,"-43.0741, 118.0898"
Замок к. Александров Гай,Famous Intersection,"1.1009, 95.7298"
Castle of New Jamesside,Museum,"-64.8516, -89.2144"
Castle of Lake Laurie,Public Park,"-37.5995, -62.3921"
Bridge of Jenniferton,Горнолыжный курорт,"69.2779, -142.8364"
Lake of East Melanieland,Парк,"15.0281, 21.8955"
Bridge of Port Matthewton,Исторический район,"-1.8377, 82.4031"
Castle of Port Karina,Природный объект,"-15.9539, 109.4249"
Museum of Normamouth,Landmark,"-16.2428, 169.2665"
Lake of South Brittanystad,Landmark,"-19.9242, -159.9752"
Замок п. Камышин,Природный объект,"13.3641, 123.7457"
Park of Port Douglasport,Historic Site,"19.7365, 143.236"
Площадь г. Североуральск,Public Park,"-0.5538, 157.7901"
Park of Pennychester,Famous Intersection,"56.0296, 13.6474"
Lake of Jeanetteborough,Достопримечательность,"-37.6244, -87.2796"
Замок к. Воткинск,Public Park,"59.4754, -44.9851"
Museum of New Garyshire,Landmark,"67.2268, 2.9748"
Museum of Willieview,Музей,"-69.8835, 154.318"
Bridge of Port Robert,Природный объект,"-67.4832, -12.0579"
Площадь г. Лотошино,Beach,"58.5459, 38.5447"
Парк д. Усолье Сибирское,Public Park,"53.8003, 29.9923"
Гора клх Красная Поляна,Природный объект,"14.0856, 56.6777"
Castle of Carrton,Достопримечательность,"-44.8261, 6.3307"
Park of Jamesberg,Landmark,"27.4308, -94.8284"
Музей к. Усть-Илимск,Landmark,"36.5584, 51.0342"
Castle of Port Juliestad,Достопримечательность,"-31.7662, 75.5328"
Park of Port Maryport,Исторический район,"-54.0573, -69.9868"
Bridge of Lake Kari,Горнолыжный курорт,"54.837, 32.4268"
Парк г. Нижний Тагил,Парк,"-6.3789, -104.8181"
Park of Ryanberg,Парк,"-64.0205, 152.8253"
Square of Campbellland,Природный объект,"52.7145, 39.1478"
Castle of East Benjamin,Historic Site,"-6.2244, -166.1794"
Bridge of North Allen,Музей,"17.4458, -52.8281"
Park of North Clintonhaven,Landmark,"35.7015, -47.5404"
Замок с. Ряжск,Пляж,"-10.5964, 94.5929"
Park of Port Deborahstad,Достопримечательность,"-65.8418, -82.8683"
Парк клх Партизанск,Парк,"42.7733, -23.2405"
Озеро д. Якутск,Достопримечательность,"63.9983, 20.2053"
Площадь д. Воскресенск,Nature Reserve,"16.7864, 88.2197"
Озеро клх Богучар,Парк,"-42.9084, 148.5709"
Park of Port Zoe,Парк,"41.0278, 59.1384"
Парк ст. Назрань,Горнолыжный курорт,"-5.6437, -30.8515"
Bridge of Parkermouth,Museum,"-21.9792, 9.4742"
Castle of Mcdowellton,Landmark,"5.4153, -165.3459"
Музей п. Середниково,Природный объект,"68.8921, -47.7189"
Музей д. Южноуральск,Природный объект,"35.4174, 12.287"
Park of Lake Audrey,Public Park,"21.0686, 110.0133"
Замок клх Уренгой,Public Park,"39.9588, -49.6652"
Lake of Brooksfort,Парк,"-48.0555, -66.6479"
Castle of Kellimouth,Famous Intersection,"-57.3462, -101.284"
Гора п. Мценск,Beach,"-48.7302, -152.1632"
Park of West Nicolemouth,Парк,"47.2772, 152.2055"
Озеро г. Саянск,Пляж,"11.0895, 105.7214"
Площадь п. Югорск,Парк,"-39.4676, -91.1778"
Lake of Ericfurt,Public Park,"19.836, -104.0801"
Гора клх Одинцово,Горнолыжный курорт,"52.437, -96.8703"
Музей п. Йошкар-Ола,Landmark,"3.7756, 81.4305"
Lake of East Ethanside,Famous Intersection,"-64.0666, 163.9476"
Lake of West Catherine,Beach,"49.0992, 147.6019"
Bridge of New Taraburgh,Музей,"10.7967, 8.7968"
Парк с. Ивдель,Famous Intersection,"-28.123, -68.3125"
Bridge of South Abigail,Landmark,"63.0626, -90.7322"
Площадь ст. Верхний Тагил,Nature Reserve,"-36.0926, 140.117"
Lake of Port Beverlyland,Достопримечательность,"-3.5259, 77.4291"
Bridge of Port Isabelton,Пляж,"-16.9323, 58.5659"
Square of Kellyton,Храм,"-66.0745, 3.0742"
Square of Lake Michelleview,Museum,"-2.6299, 47.1992"
Озеро к. Лодейное Поле,Музей,"-46.9569, 169.8602"
Park of Simsfort,Historic Site,"14.9933, -94.9901"
Bridge of Murraymouth,Mountain Peak,"33.1453, 69.0261"
Lake of Rodriguezland,Landmark,"23.5069, -48.2821"
Bridge of Edwardland,Исторический район,"-15.1602, 126.1178"
Гора с. Валаам,Historic Site,"6.0275, 32.099"
Bridge of Roberthaven,Горнолыжный курорт,"-33.4393, 73.2688"
Озеро ст. Нарткала,Достопримечательность,"32.3032, 53.9169"
Площадь г. Баргузин,Храм,"-69.0129, -48.4251"
Park of Brownbury,Famous Intersection,"4.5037, -52.4384"
Гора д. Моршанск,Nature Reserve,"44.5242, 97.5361"
Park of Ianstad,Исторический район,"23.0469, -77.0934"
Озеро клх Усинск,Парк,"45.6003, 157.9718"
Lake of South Paul,Музей,"4.1468, 169.2054"
Парк клх Нерчинск,Достопримечательность,"-31.4721, 48.0242"
Lake of Michaelafort,Храм,"-58.3185, 20.1392"
Bridge of Port Craig,Public Park,"8.8444, -53.1087"
Square of South Charles,Достопримечательность,"-25.8114, -90.3509"
Площадь клх Мокшан,Famous Intersection,"28.2025, 120.0733"
Square of South Danielview,Public Park,"-51.5826, -128.3735"
Озеро клх Обоянь,Public Park,"53.8113, -58.9053"
Museum of Lake Kaylee,Mountain Peak,"52.1729, 19.2136"
Museum of Markchester,Музей,"-59.9264, 147.9229"
Площадь клх Советский,Музей,"-54.4623, 71.78"
Гора д. Ряжск,Mountain Peak,"-61.6522, -31.2602"
Озеро ст. Тырныауз,Public Park,"54.8598, 148.3384"
Bridge of Jenniferland,Достопримечательность,"34.4795, -59.6227"
Lake of East Dylantown,Beach,"-26.0923, -100.0284"
Park of Sarahstad,Музей,"-54.4096, 0.6376"
Bridge of Calebburgh,Public Park,"26.0884, -84.7098"
Озеро д. Курск,Пляж,"43.2552, -111.5654"
Lake of South Sherry,Mountain Peak,"58.3375, 117.3156"
Museum of Dariustown,Famous Intersection,"2.0289, -102.7927"
Музей с. Калачинск,Nature Reserve,"-24.6776, -61.935"
Lake of Port Mary,Nature Reserve,"-6.8831, -122.4062"
Bridge of Port Holly,Beach,"-69.2645, -141.9179"
Парк д. Великий Устюг,Museum,"-64.6505, 167.3172"
Музей к. Гремячинск (Бурят.),Nature Reserve,"52.2961, -38.0259"
Площадь клх Курумкан,Музей,"-67.8327, 95.0743"
Square of North Ellen,Горнолыжный курорт,"43.139, 38.7493"
Bridge of North Kimberlyside,Парк,"-22.2578, 94.1905"
Lake of East Pamelabury,Nature Reserve,"-54.765, -1.5563"
Парк с. Светлогорск (Калин.),Public Park,"3.0956, -69.2929"
Площадь г. Ирбит,Museum,"44.3836, -115.5868"
Park of East Marc,Mountain Peak,"-33.525, -63.2244"
Музей г. Мирный,Famous Intersection,"8.4042, 25.3326"
Озеро д. Калининград,Famous Intersection,"27.2348, -109.6375"
Гора клх Вязьма,Landmark,"-42.6432, 59.0959"
Square of Heidiport,Музей,"65.3371, 5.8579"
Square of Martinfurt,Храм,"8.0577, 6.7014"
Музей ст. Токсово,Museum,"-14.7008, 114.2485"
Castle of Stewartside,Historic Site,"39.4109, 73.0739"
Park of New Kathy,Public Park,"68.8077, -79.2094"
Lake of East Matthewton,Beach,"-55.282, -76.969"
Park of Barnesport,Museum,"67.5778, 120.5932"
Парк г. Киржач,Музей,"15.3973, -146.1483"
Площадь к. Щелково,Достопримечательность,"-28.8393, 143.8933"
Замок к. Оймякон,Famous Intersection,"-27.7432, -93.0565"
Park of Port Blake,Public Park,"24.3346, 166.9811"
Lake of Shannonhaven,Храм,"3.6977, 89.0816"
Castle of Marcoburgh,Beach,"57.734, 113.0267"
Castle of New Brendastad,Музей,"-54.8809, 21.2596"
Озеро с. Учалы,Mountain Peak,"-23.4748, -19.0883"
Square of South Ericfurt,Nature Reserve,"-39.5996, -48.4438"
Замок к. Кашхатау,Historic Site,"-12.1132, 92.3154"
Park of North Kennethtown,Парк,"45.9522, -116.2671"
Озеро п. Аша,Mountain Peak,"-15.4802, 52.6928"
Гора г. Сузун,Mountain Peak,"29.2059, 104.8506"
Castle of Littleberg,Храм,"23.5748, 126.2945"
Гора п. Уссурийск,Исторический район,"24.8148, -112.5165"
Bridge of West Geraldstad,Museum,"-49.743, -64.5895"
Square of Bryanport,Public Park,"41.8688, 124.411"
Museum of Brianfurt,Храм,"-46.3345, -164.1537"
Museum of New Derek,Храм,"41.2624, 40.9553"
Park of Smithfurt,Пляж,"51.6693, 120.4934"
Парк п. Сковородино,Museum,"30.5201, 148.7714"
Museum of West Brittany,Храм,"45.4375, 147.9027"
Озеро с. Нязепетровск,Природный объект,"-41.2533, 35.6431"
Замок клх Середниково,Музей,"61.069, 85.8703"
Lake of Keithburgh,Пляж,"1.5119, 47.8326"
Castle of Lake Amyton,Mountain Peak,"-13.1333, -71.7347"
Lake of South Suzanneport,Nature Reserve,"4.5755, 91.3825"
Square of Lesliemouth,Исторический район,"-22.0845, -106.5664"
Парк п. Середниково,Nature Reserve,"-39.9993, -23.8694"
Castle of East Nicholasside,Достопримечательность,"-40.9487, -86.968"
Museum of Lake Christopherhaven,Исторический район,"-60.9255, 8.0429"
Замок п. Качканар,Парк,"39.3554, 8.7065"
Замок п. Улан-Удэ,Храм,"32.8716, 55.6706"
Park of North Jason,Исторический район,"-62.22, 9.5267"
Museum of Port Kelli,Mountain Peak,"39.1756, 82.6422"
Замок клх Шумиха,Парк,"66.9328, 69.7386"
Гора клх Дмитров,Парк,"28.8112, 29.4342"
Castle of Phillipsstad,Музей,"-48.2605, 163.8381"
Lake of East Tonyaburgh,Beach,"46.43, 50.7139"
Озеро с. Александров Гай,Public Park,"-42.4573, -55.0867"
Castle of North Erica,Пляж,"-24.6338, -82.2107"
Озеро г. Кизилюрт,Исторический район,"-11.0039, 7.1817"
Bridge of North Erin,Mountain Peak,"13.0081, 122.8297"
Park of Garciamouth,Museum,"-35.1269, 79.3955"
Castle of Mitchellfurt,Public Park,"-40.8714, -24.6119"
Озеро к. Верхний Уфалей,Historic Site,"23.0667, 109.7546"
Lake of North Noahhaven,Museum,"3.9919, -141.2514"
Museum of Robertsland,Museum,"-33.8468, 22.6108"
Bridge of East Leahside,Исторический район,"46.8024, -167.3048"
Park of East Colechester,Nature Reserve,"7.4961, -128.0294"
Square of New Alexander,Landmark,"-36.0376, -80.4433"
Парк д. Медногорск,Nature Reserve,"20.4159, 112.1407"
Lake of North Kimberlyland,Пляж,"-19.2057, -116.3821"
Замок г. Курильск,Mountain Peak,"24.8598, 20.9463"
Park of Smithstad,Nature Reserve,"17.3078, 128.9727"
Bridge of South William,Public Park,"32.3305, 140.0573"
Museum of South John,Достопримечательность,"-26.7281, -53.4652"
Lake of Hoodport,Museum,"-63.5008, -91.2548"
Bridge of Rodgersmouth,Исторический район,"-4.0136, 49.9732"
Гора с. Павловский Посад,Public Park,"23.9823, -125.8983"
Castle of Browntown,Beach,"-31.5101, -17.562"
Озеро г. Внуково (метеост.),Храм,"-14.9228, 167.874"
Гора ст. Каменномостский,Природный объект,"-12.5905, -159.4856"
Museum of Lisaton,Nature Reserve,"46.5158, 6.357"
Museum of Williamsonview,Nature Reserve,"-66.6722, -85.6798"
Lake of Port Jonmouth,Landmark,"2.3442, -143.7301"
Парк д. Мичуринск,Достопримечательность,"-53.9244, -108.1833"
Lake of Davisshire,Природный объект,"37.9623, 11.7595"
Bridge of Sandraburgh,Исторический район,"43.9655, -42.4886"
Bridge of South Karenview,Famous Intersection,"-69.2869, 92.9525"
Park of Lake Michaelhaven,Музей,"53.9627, 136.456"
Square of Ericksonborough,Исторический район,"22.1078, -85.6056"
Озеро к. Октябрьское (Хант.),Исторический район,"66.0806, -147.7786"
Museum of West Robert,Музей,"-15.2541, -84.0667"
Castle of Port Jesus,Landmark,"-58.9934, 43.1317"
Square of Brewerbury,Historic Site,"-51.7114, -5.1575"
Bridge of West Kevin,Public Park,"45.437, -64.706"
Замок г. Обоянь,Парк,"-45.3124, -41.4974"
Площадь г. Шаховская,Public Park,"5.3057, -80.4836"
Castle of Hinesstad,Музей,"-13.94, -64.3822"
Музей с. Минеральные Воды,Пляж,"-17.7175, -87.0689"
Музей клх Троицко-Печорск,Исторический район,"39.579, -83.3467"
Park of Lake Valerieborough,Горнолыжный курорт,"6.0486, 150.9934"
Square of North Adamland,Парк,"14.4745, 90.4715"
Парк клх Нарткала,Парк,"66.9234, -69.2174"
Park of Kristopherbury,Храм,"20.8494, 74.8428"
Парк п. Бодайбо,Landmark,"-34.9277, -117.6766"
Музей д. Нижний Тагил,Горнолыжный курорт,"27.2424, 87.2036"
Park of Tonyburgh,Достопримечательность,"69.7665, -39.3025"
Lake of Vasquezstad,Museum,"-31.7212, 21.2275"
Замок п. Владимир,Nature Reserve,"39.9525, -130.001"
Музей г. Черский,Beach,"21.682, -92.9087"
Castle of Chambersshire,Исторический район,"-64.1425, 35.6062"
Museum of Lake Eric,Mountain Peak,"-5.7633, -56.6708"
Square of Port Tashaview,Музей,"-69.6725, 69.8806"
Замок клх Усмань,Mountain Peak,"-51.9738, -86.9839"
Castle of Christianton,Достопримечательность,"65.8171, 112.9091"
Bridge of Richardfurt,Парк,"-65.64, 4.0171"
Lake of New Mark,Храм,"-66.4805, 6.5067"
Park of Charlestown,Парк,"-46.4679, -49.7829"
Площадь ст. Ангарск,Природный объект,"44.7551, -86.3474"
Museum of North Beth,Музей,"21.6671, -168.5755"
Park of New Dennisberg,Mountain Peak,"-40.6169, 134.8761"
Square of Bettyland,Достопримечательность,"4.6208, 93.1138"
Lake of North Seanmouth,Famous Intersection,"-64.0218, -114.7979"
Площадь п. Златоуст,Достопримечательность,"63.3483, -158.3873"
Museum of Sheilaville,Пляж,"22.5217, -157.8969"
Парк к. Асино,Famous Intersection,"23.9852, 93.1677"
Bridge of Parkerland,Museum,"-24.1252, 54.8582"
Museum of Jeffreyborough,Famous Intersection,"-11.7366, 60.7099"
Замок к. Шали,Beach,"-22.2981, 114.1093"
Замок ст. Шахты,Beach,"-32.9864, -28.8633"
Park of South Matthew,Парк,"-67.4431, 75.6957"
Замок клх Гдов,Famous Intersection,"-24.6519, -96.7236"
Площадь к. Кондопога,Пляж,"-39.1977, 19.9815"
Park of Michelleside,Пляж,"3.176, 131.1855"
Park of New Lauraville,Исторический район,"-4.5264, 29.7749"
Museum of Lake Matthew,Исторический район,"-0.9962, 122.2929"
Парк п. Кисловодск,Парк,"8.4971, -81.8804"
Castle of New Rachel,Mountain Peak,"-14.2756, -18.7672"
Парк с. Кузнецк,Достопримечательность,"-31.8991, -60.1015"
Park of West Matthewside,Музей,"7.107, 43.3264"
Castle of New Charlesberg,Famous Intersection,"3.166, -100.4295"
Park of Emilyport,Музей,"-41.9143, -6.0959"
Lake of Port Steven,Музей,"-46.5038, 135.6526"
Park of Smithberg,Природный объект,"-15.8666, -106.2743"
Музей д. Владикавказ,Nature Reserve,"-33.426, 12.5584"
Музей ст. Амурск,Достопримечательность,"57.3086, -10.6908"
Замок г. Серебряные Пруды,Mountain Peak,"-68.4304, -91.2132"
Озеро с. Губкин,Музей,"-62.6682, -163.8705"
Bridge of Hendrixmouth,Музей,"45.4678, 52.9649"
Замок д. Хоста,Famous Intersection,"30.5017, -14.3186"
Park of New Gailside,Достопримечательность,"-65.8684, 168.0216"
Bridge of Tapiamouth,Парк,"30.7618, 19.796"
Площадь к. Нижневартовск,Nature Reserve,"-53.6938, -118.5428"
Музей с. Амдерма,Nature Reserve,"-32.1749, 109.9717"
Park of East Joshua,Historic Site,"14.9178, -100.765"
Гора ст. Печора,Famous Intersection,"-32.6485, 91.4786"
Гора с. Казань,Famous Intersection,"64.4153, -30.4484"
Bridge of North Tiffanyshire,Достопримечательность,"-66.3033, -126.4363"
Park of Vazquezburgh,Historic Site,"17.7803, 139.3462"
Площадь клх Красноуфимск,Достопримечательность,"12.6694, 42.0288"
Castle of North Dakotaview,Famous Intersection,"-43.5139, 1.5103"
Площадь г. Чебаркуль,Beach,"-58.4982, -105.0579"
Museum of Port Jenniferborough,Достопримечательность,"-12.9279, 119.0769"
Lake of West Jennifer,Public Park,"2.1903, 0.3747"
Castle of South Daniel,Храм,"0.7334, 32.441"
Lake of Garciaborough,Музей,"-15.488, -117.0682"
Bridge of Saraland,Достопримечательность,"-59.7564, 134.015"
Bridge of Costabury,Public Park,"-51.1726, -100.0668"
Castle of New Brianna,Храм,"-46.9261, 84.2238"
Bridge of South Felicia,Пляж,"57.054, -42.9642"
Museum of Port Jacobview,Famous Intersection,"41.364, -90.6899"
Museum of North Allisonfort,Beach,"67.2836, 19.2371"
Парк п. Медногорск,Храм,"-23.493, 87.6156"
Музей к. Устюжна,Парк,"-26.6748, -100.0936"
Lake of West Shannonhaven,Mountain Peak,"22.4775, -65.5728"
Square of Atkinsville,Горнолыжный курорт,"56.5083, -107.446"
Lake of West Stephanie,Nature Reserve,"-4.6434, 110.2601"
Lake of North Angelabury,Музей,"-20.6979, 105.6622"
Озеро д. Пушкино (Моск.),Природный объект,"-49.014, -124.1432"
Замок к. Северо-Курильск,Храм,"-44.2103, 40.2536"
Музей клх Архангельск,Природный объект,"0.7507, 121.847"
Park of Ramosberg,Достопримечательность,"-41.2218, 8.2492"
Museum of Thomasstad,Природный объект,"-25.194, -102.6934"
Museum of Lauraland,Музей,"46.2391, -85.109"
Museum of Robinsonside,Landmark,"11.6802, 46.9166"
Bridge of Hodgefort,Музей,"-54.2068, -128.8461"
Парк п. Боровск,Исторический район,"63.3041, 89.2826"
Castle of Floresshire,Museum,"68.7388, -73.3953"
Park of New Christopher,Landmark,"59.387, -14.293"
Bridge of Katieview,Nature Reserve,"42.0436, 164.0553"
Озеро клх Светлогорск (Калин.),Парк,"3.8896, -99.9742"
Bridge of Hallville,Исторический район,"33.0404, 140.9757"
Museum of Davidmouth,Museum,"-47.1055, 54.8851"
Park of New Barbaramouth,Mountain Peak,"-69.7584, 10.2825"
Гора к. Владимир,Горнолыжный курорт,"-51.6405, 157.1065"
Lake of Randyhaven,Public Park,"61.0384, 113.741"
Bridge of Wallacechester,Природный объект,"-8.7596, -121.2186"
Park of Staceychester,Public Park,"-58.7983, 135.6376"
Castle of Jonesberg,Public Park,"29.7592, -66.5035"
Park of Pattersonview,Landmark,"-36.6606, 80.4757"
Park of Mullenhaven,Beach,"-26.8035, 5.0511"
Square of Lutzmouth,Mountain Peak,"-52.3662, -141.5105"
Bridge of Youngside,Природный объект,"42.9038, 35.2952"
Museum of Bobbyberg,Museum,"44.2545, 169.0418"
Square of Lake Patrick,Historic Site,"3.0844, 118.7241"
Bridge of Estradaburgh,Достопримечательность,"18.5187, 160.5583"
Парк д. Красноярск,Пляж,"-26.6094, 16.6694"
Bridge of Dunnberg,Mountain Peak,"46.1368, 134.3535"
Гора к. Кяхта,Природный объект,"-13.2656, 97.1901"
Парк к. Южно-Сахалинск,Храм,"-27.7619, -21.8629"
Озеро к. Златоуст,Исторический район,"-7.6719, 56.0906"
Парк г. Магнитогорск,Beach,"-0.5759, 21.0207"
Lake of West Michael,Nature Reserve,"-18.4236, -121.0688"
Park of Odonnellhaven,Beach,"68.4529, 95.511"
Bridge of South Christopher,Famous Intersection,"-63.7194, 162.3081"
Площадь с. Мелеуз,Mountain Peak,"-45.0984, -99.724"
Square of New Bridget,Природный объект,"-47.3199, 135.0473"
Bridge of South Daisyside,Достопримечательность,"39.0195, -133.5187"
Замок г. Эльтон,Пляж,"36.525, 37.5479"
Музей ст. Асбест,Пляж,"-1.311, -25.0859"
Музей ст. Диксон,Достопримечательность,"-32.0389, 100.4139"
Замок д. Кизилюрт,Nature Reserve,"-13.5395, 45.9744"
Музей к. Курск,Музей,"-24.0635, -97.3334"
Lake of New Maryfurt,Исторический район,"-6.4667, -104.5563"
Гора г. Кашхатау,Mountain Peak,"-10.2978, -66.7174"
Castle of New Kimberly,Historic Site,"-10.8576, -37.0806"
Castle of Johnsonmouth,Горнолыжный курорт,"-5.9244, 77.9361"
Площадь с. Раменское,Природный объект,"62.7683, 70.7824"
Гора г. Миасс,Достопримечательность,"-22.7054, 23.336"
Bridge of East Nicholashaven,Достопримечательность,"-36.2781, 132.5062"
Замок к. Карпинск,Nature Reserve,"-26.0472, 56.4808"
Park of Patelfort,Исторический район,"69.1461, -155.6489"
Lake of New Jesse,Landmark,"0.8299, 3.9875"
Castle of West Steventon,Природный объект,"-41.6807, 47.2335"
Lake of Lake Tiffany,Музей,"-53.9145, 73.2506"
Музей клх Фатеж,Природный объект,"16.621, 126.4979"
Площадь п. Луховицы,Горнолыжный курорт,"2.5741, 50.8607"
Парк к. Мценск,Landmark,"-13.4965, 161.4423"
Гора к. Малоярославец,Достопримечательность,"-5.4966, -19.1403"
Castle of Port Charleston,Famous Intersection,"-49.1828, 20.839"
Park of Bishopside,Природный объект,"9.6356, -26.5123"
Square of Port Johnny,Nature Reserve,"10.2811, -146.9228"
Square of West Carol,Храм,"-51.3079, 87.5161"
Lake of East Sydney,Исторический район,"-47.0023, -136.9528"
Bridge of Port Daniel,Пляж,"-25.2118, 30.7476"
Музей к. Каменск-Шахтинский,Museum,"-25.6462, -28.8519"
Square of Robertton,Public Park,"64.4285, 167.2351"
Парк клх Киренск,Храм,"54.4577, 87.1641"
Площадь д. Тавда,Парк,"-11.4069, -110.0461"
Lake of Lake William,Famous Intersection,"20.2649, 126.9981"
Square of South Erinbury,Горнолыжный курорт,"-35.0605, -8.9177"
Озеро г. Королев,Nature Reserve,"29.328, -64.1535"
Museum of New Andreabury,Historic Site,"-4.4215, 167.3325"
Castle of Micheleton,Храм,"29.0546, 140.5875"
Square of Port Heather,Пляж,"38.4833, -57.3358"
Square of East Deniseborough,Landmark,"41.448, -73.7539"
Square of New Leahland,Пляж,"-37.428, -151.4007"
Lake of Port Alexandraborough,Музей,"56.6286, 33.9823"
Гора с. Хужир,Historic Site,"-47.6507, -7.4653"
Bridge of North Patty,Достопримечательность,"49.1127, -16.9915"
Парк к. Плес,Historic Site,"-68.7996, -16.4424"
Озеро д. Якша,Beach,"30.0807, 149.7294"
Museum of Laurastad,Достопримечательность,"-22.6712, -144.7785"
Square of Richardmouth,Достопримечательность,"47.1331, -116.168"
Park of Lozanoberg,Historic Site,"-11.5203, -141.292"
Square of Stephenfort,Достопримечательность,"-63.6524, -34.1108"
Museum of West Christopher,Museum,"-54.2115, -53.8732"
Museum of Briannafurt,Historic Site,"34.0767, -168.2395"
Парк д. Ростов-на-Дону,Mountain Peak,"-68.2046, 131.2085"
Площадь ст. Чусовой,Museum,"-23.3646, -163.416"
Озеро с. Усть-Кут,Исторический район,"-32.032, 141.3268"
Площадь д. Середниково,Beach,"48.2882, -6.8522"
Museum of New Michaeltown,Nature Reserve,"33.4905, 38.7587"
Park of Davishaven,Достопримечательность,"5.2531, 106.6584"
Castle of Port Patrick,Достопримечательность,"-38.051, 113.6123"
Lake of Nielsenborough,Museum,"62.0219, 11.7095"
Lake of New Matthew,Mountain Peak,"65.3683, -77.7702"
Castle of South Stephanie,Landmark,"-57.1067, 158.2632"
Музей ст. Суздаль,Landmark,"42.5246, -18.2194"
Музей г. Миллерово,Nature Reserve,"-37.1195, -19.8891"
Park of Lake Amandaberg,Храм,"62.28, -157.1153"
Музей г. Североморск,Nature Reserve,"63.8865, -125.0094"
Музей г. Гусь-Хрустальный,Достопримечательность,"47.2193, -92.5589"
Lake of East David,Исторический район,"-0.153, -52.7472"
Castle of Port Rebecca,Пляж,"-4.4953, 129.0999"
Lake of Bradshawburgh,Исторический район,"49.9545, -80.8628"
Bridge of Arthurview,Музей,"-60.6533, 44.5738"
Park of North Antonio,Природный объект,"64.9675, -110.9373"
Castle of Bellside,Landmark,"41.5931, 115.6543"
Museum of North Ericfurt,Исторический район,"-21.9233, 111.2971"
Square of Port Melanie,Храм,"-28.0184, -145.7174"
Озеро клх Камышин,Храм,"68.6549, 39.7877"
Bridge of Davisshire,Famous Intersection,"22.1137, -71.0063"
Гора г. Гагарин,Горнолыжный курорт,"35.008, -64.6152"
Парк п. Кашхатау,Beach,"-55.3289, -117.32"
Lake of New Christopherfort,Nature Reserve,"39.7416, 100.0538"
Замок клх Подольск,Nature Reserve,"45.1644, -124.7493"
Замок п. Гдов,Музей,"-33.9209, 44.5642"
Bridge of East Jeremyport,Горнолыжный курорт,"-27.4184, -49.4276"
Museum of South Deborah,Храм,"53.4187, -154.9399"
Square of New Isabella,Достопримечательность,"-13.288, -164.9708"
Парк клх Усть-Катав,Исторический район,"-23.0756, -111.8936"
Площадь д. Тикси,Достопримечательность,"-58.5181, 71.3778"
Озеро к. Ноябрьск,Landmark,"41.878, 14.1465"
Парк д. Москва,Природный объект,"64.4266, 11.6592"
Museum of Port Jeremiah,Public Park,"-25.0941, 49.1804"
Park of West Kayla,Парк,"69.2233, -55.1455"
Lake of South Seanbury,Пляж,"17.9742, -70.3649"
Square of Port Zachary,Парк,"-24.1797, 161.1503"
Гора ст. Малоярославец,Парк,"-14.1257, -20.3339"
Park of West Timothy,Горнолыжный курорт,"26.1401, 131.261"
Castle of Port Brian,Public Park,"-19.0106, -52.4592"
Bridge of North Clintonhaven,Landmark,"-30.1711, 4.2652"
Square of East Betty,Достопримечательность,"-36.0208, -58.433"
Castle of Ashleeborough,Исторический район,"-8.6165, 118.0065"
Гора д. Сковородино,Достопримечательность,"43.8375, -0.253"
Bridge of Warnershire,Historic Site,"-40.4854, -64.8835"
Bridge of Robinland,Пляж,"14.7318, 17.8572"
Bridge of South Kyle,Museum,"-45.3404, -112.1112"
Museum of West Jenna,Парк,"53.7656, 150.9512"
Square of Gomezchester,Исторический район,"-65.9094, -44.1821"
Park of New Patriciachester,Музей,"-47.4133, 23.9176"
Museum of Cooperfort,Храм,"29.7684, -86.6549"
Площадь ст. Терней,Public Park,"50.8701, -111.3867"
Озеро г. Калевала,Пляж,"-68.9692, 134.7611"
Bridge of Roweshire,Музей,"-33.0717, -131.2924"
Lake of New Nicole,Museum,"-41.7494, -143.5288"
Озеро к. Апрелевка,Beach,"-13.3368, -14.5204"
Озеро д. Казань,Исторический район,"16.2453, 42.1414"
Площадь с. Миасс,Пляж,"68.199, -151.5953"
Площадь г. Ноглики,Nature Reserve,"-38.2857, -54.6248"
Bridge of East Melissa,Beach,"-17.3198, -12.3491"
Park of Wesleymouth,Пляж,"-54.493, 146.0502"
Озеро д. Череповец,Museum,"-8.5302, 139.0999"
Замок д. Учалы,Горнолыжный курорт,"24.6034, -129.4287"
Площадь с. Бирск,Public Park,"67.4916, -147.3091"
Парк к. Курумкан,Mountain Peak,"-19.7785, 43.3021"
Озеро г. Хатанга,Исторический район,"68.7575, 69.2927"
Square of Jasonmouth,Достопримечательность,"-52.0964, 51.5361"
Lake of Port Erikachester,Nature Reserve,"32.3476, -65.0149"
Castle of Baldwinberg,Mountain Peak,"-5.5, 109.2667"
Square of North Edwardfurt,Famous Intersection,"28.9589, 23.4609"
Museum of Boltonbury,Famous Intersection,"-8.627, -156.3053"
Museum of New Jasonfurt,Mountain Peak,"54.6638, 111.2769"
Озеро ст. Иваново,Достопримечательность,"24.9019, 116.9731"
Озеро клх Великий Устюг,Достопримечательность,"23.1805, 84.0978"
Park of North Amanda,Beach,"-23.2606, -26.0417"
Castle of Port Alexandria,Храм,"-58.3988, 114.6145"
Гора клх Орск,Достопримечательность,"15.2328, -31.6938"
Castle of Port Darren,Public Park,"-30.2505, 74.8462"
Гора с. Кириши,Mountain Peak,"-29.8256, -47.0041"
Музей ст. Курск,Historic Site,"-52.5195, 41.3888"
Гора д. Хабаровск,Museum,"-14.2671, -18.3438"
Парк д. Вытегра,Достопримечательность,"-10.1235, 48.4638"
Park of East Dustinchester,Public Park,"-14.8806, 89.1591"
Square of New Amber,Парк,"-13.7609, -163.4415"
Замок клх Рубцовск,Храм,"27.0537, -40.2163"
Park of Jonathanside,Mountain Peak,"-66.9499, 41.1485"
Square of West Toddview,Исторический район,"37.6645, -34.1456"
Парк клх Агата,Горнолыжный курорт,"12.4938, -58.8716"
Парк д. Шуя,Природный объект,"48.5327, -23.7132"
Museum of Smithtown,Historic Site,"-25.4515, -83.6325"
Парк г. Челюскин,Пляж,"-40.8697, -49.4885"
Замок г. Морозовск,Mountain Peak,"-19.4522, 156.9847"
Озеро д. Дно,Museum,"34.2166, -65.9339"
Замок д. Омск,Исторический район,"13.2881, 55.5992"
Lake of Coreymouth,Landmark,"53.7127, -153.6413"
Парк с. Кимры,Landmark,"65.5229, -0.4213"
Castle of Gordonmouth,Музей,"-11.9209, 51.1939"
Castle of West Patrick,Исторический район,"-42.4892, 74.8868"
Площадь п. Светлогорск (Калин.),Горнолыжный курорт,"-7.351, 124.4769"
Гора г. Оленек,Храм,"43.8386, 124.1535"
Музей ст. Юрюзань,Mountain Peak,"25.489, -51.5965"
Замок к. Каневская,Famous Intersection,"-18.6053, 161.2282"
Замок г. Волхов,Historic Site,"-49.4035, -5.4653"
Площадь ст. Урай,Музей,"18.2841, -23.1779"
Lake of North Phillip,Public Park,"-50.8733, -44.2196"
Гора клх Оха,Nature Reserve,"17.109, -45.9924"
Castle of Darrenbury,Mountain Peak,"-69.2323, -155.8696"
Bridge of New Mark,Достопримечательность,"-41.4621, 69.8247"
Castle of Andersonside,Музей,"-46.9799, -59.2897"
Museum of Patrickview,Парк,"1.5456, -44.1612"
Площадь д. Шатки,Горнолыжный курорт,"-37.0807, 102.3063"
Castle of West Angela,Beach,"25.4068, 15.2295"
Museum of Lake Nathanielberg,Пляж,"16.911, 142.9555"
Bridge of Port Ashleyberg,Парк,"-5.1109, 13.8726"
Площадь д. Владивосток,Beach,"-22.4806, -11.2813"
Lake of Lake Paulchester,Парк,"-36.9717, 87.1495"
Bridge of West Amychester,Historic Site,"-3.3642, -33.6089"
Museum of Karenland,Музей,"45.1853, -39.826"
Музей к. Кинешма,Храм,"31.2417, 68.7731"
Park of West Joyceton,Горнолыжный курорт,"-16.7017, -110.2148"
Square of Port Jessicaview,Public Park,"-35.139, -46.3625"
Square of East Andreberg,Горнолыжный курорт,"51.083, 141.0297"
Square of Samanthachester,Nature Reserve,"-37.5052, -117.1403"
Озеро г. Старая Русса,Famous Intersection,"-13.5586, -72.6357"
Castle of Lake Michaelport,Landmark,"-22.6416, -58.7519"
Lake of New Timothyton,Исторический район,"41.8237, -107.3314"
Museum of South William,Музей,"-40.9623, 50.304"
Park of West Adamton,Горнолыжный курорт,"30.3409, -0.519"
Museum of West Anthony,Mountain Peak,"-17.7375, -72.9131"
Музей клх Лабытнанги,Горнолыжный курорт,"46.3692, 0.6845"
Музей д. Радужный,Достопримечательность,"22.4748, -99.6191"
Park of Susanburgh,Historic Site,"44.0238, 95.75"
Lake of Bradleyfurt,Museum,"7.5568, 35.9629"
Castle of Gibsonberg,Пляж,"26.5863, 85.0012"
Park of New Meghanchester,Горнолыжный курорт,"-33.5342, -154.1846"
Museum of East Eugene,Горнолыжный курорт,"-47.4652, 136.9561"
Museum of Jordantown,Nature Reserve,"4.1467, 79.1148"
Park of New Brianborough,Храм,"-53.6735, -169.7483"
Музей клх Сосногорск,Museum,"47.2894, 34.2063"
Озеро г. Избербаш,Природный объект,"-12.0085, 18.2785"
Bridge of Hopkinsbury,Пляж,"23.9065, 115.8192"
Озеро с. Ирбит,Природный объект,"10.897, -134.7776"
Озеро с. Малая Вишера,Горнолыжный курорт,"31.8464, -103.6869"
Музей г. Гремячинск (Бурят.),Museum,"34.5365, 37.5059"
Lake of Michaelton,Природный объект,"-44.9999, 121.2109"
Museum of North Carlabury,Landmark,"-26.0301, -102.8771"
Замок ст. Чермоз,Museum,"8.9997, -113.0314"
Castle of North Jacobtown,Mountain Peak,"-56.0549, -56.9273"
Park of Sheribury,Nature Reserve,"-32.9078, 120.2168"
Bridge of South Jesse,Beach,"-2.8266, -160.2358"
Парк с. Макаров,Горнолыжный курорт,"49.5976, 108.6691"
Park of Langton,Museum,"-32.1203, -125.9367"
Lake of Josephberg,Горнолыжный курорт,"-64.2542, -167.662"
Lake of Kimberlyfort,Храм,"-30.6863, 9.3831"
Гора д. Воткинск,Природный объект,"-31.7923, 33.598"
Гора д. Андреаполь,Достопримечательность,"64.0875, 156.037"
Музей ст. Лодейное Поле,Public Park,"-11.4878, 30.6677"
Lake of New Williamview,Museum,"-43.2708, -149.6067"
Lake of East Amanda,Nature Reserve,"-26.1073, 136.9133"
Гора клх Калачинск,Пляж,"50.9837, 64.414"
Гора с. Нефтеюганск,Landmark,"16.9261, -32.2765"
Castle of Williamsview,Горнолыжный курорт,"-66.2378, 40.0676"
Гора к. Бронницы,Famous Intersection,"69.581, 43.9612"
Парк к. Азов (Рост.),Пляж,"19.8711, -16.5273"
Гора к. Железногорск(Курск.),Достопримечательность,"-65.0648, -61.5411"
Площадь с. Новороссийка,Beach,"-33.2132, -60.9597"
Bridge of Caseyhaven,Landmark,"-15.0847, -88.1154"
Парк п. Тырныауз,Museum,"22.8666, -98.2282"
Парк к. Орел,Historic Site,"14.5936, -36.7866"
Castle of Craigville,Public Park,"51.206, 88.1957"
Музей клх Дзержинск,Достопримечательность,"7.3046, -137.7552"
Lake of North Brendan,Горнолыжный курорт,"9.1696, -103.6201"
Lake of Port Hannahfort,Historic Site,"-28.4019, 91.9348"
Castle of Williamview,Nature Reserve,"65.0712, -6.3037"
Castle of Patelmouth,Nature Reserve,"-64.4786, 55.895"
Музей клх Бронницы,Famous Intersection,"40.7693, -158.3316"
Square of West Samanthahaven,Landmark,"-57.9552, 68.0993"
Площадь ст. Киржач,Landmark,"-68.0392, 9.7011"
Lake of Port Richardside,Природный объект,"53.2709, 61.0232"
Square of Colleenmouth,Храм,"43.1186, -40.1658"
Lake of Toddtown,Beach,"53.1594, 39.419"
Парк д. Избербаш,Пляж,"-40.8224, 155.859"
Парк г. Горно-Алтайск,Природный объект,"-1.6405, -111.7416"
Озеро г. Магадан,Famous Intersection,"60.8158, -149.775"
Bridge of Lynchhaven,Достопримечательность,"-8.9268, -104.9285"
Площадь ст. Завьялиха,Nature Reserve,"52.8206, 24.7808"
Замок д. Архангельск,Landmark,"-56.672, 110.2128"
Парк д. Железногорск(Курск.),Храм,"-8.4841, 115.6605"
Замок ст. Снежногорск (Мурм.),Mountain Peak,"22.2426, -56.0696"
Музей п. Красногорск (Моск.),Парк,"30.7081, -132.1915"
Bridge of Pennyborough,Museum,"36.4338, -57.2391"
Площадь п. Серафимович,Музей,"31.4212, -51.7552"
Park of Lake Derekton,Museum,"-22.7117, -117.3944"
Bridge of Devinburgh,Храм,"16.3785, -54.3403"
Гора д. Балашиха,Nature Reserve,"40.5641, 139.3686"
Bridge of Mendozahaven,Public Park,"63.6892, -74.7596"
Park of Williamschester,Храм,"67.6584, 5.1688"
Гора д. Воткинск,Музей,"-16.8421, -155.5982"
Замок п. Карпинск,Музей,"-38.5196, -65.2712"
Озеро п. Урус-Мартан,Достопримечательность,"-38.4081, -77.1627"
Museum of North Keith,Горнолыжный курорт,"-3.2286, -99.0053"
Museum of Arianaville,Музей,"-49.3291, 29.3417"
Музей п. Алагир,Mountain Peak,"-29.7923, 121.5987"
Площадь д. Назрань,Пляж,"27.6012, 51.3276"
Озеро д. Туруханск,Beach,"-32.67, -167.5203"
Park of Adamsshire,Исторический район,"61.9756, 157.6075"
Bridge of West Sarahshire,Горнолыжный курорт,"-55.9706, 19.8319"
Lake of Pughland,Famous Intersection,"65.0823, 123.9994"
Square of Port Haroldburgh,Public Park,"-56.5181, 39.1871"
Museum of South Karen,Исторический район,"39.7557, -32.1698"
Museum of Reynoldsside,Public Park,"7.7956, 125.0876"
Lake of Dawsonview,Mountain Peak,"-36.399, 38.1554"
Square of Jonesville,Nature Reserve,"-35.2428, 124.5311"
Museum of Hawkinsshire,Достопримечательность,"-1.5877, -76.0944"
Lake of East Keithburgh,Historic Site,"-15.0075, -67.9285"
Park of East Sherri,Landmark,"-46.3242, 118.6442"
Castle of Woodland,Природный объект,"-55.0512, -105.4013"
Lake of Hardinland,Beach,"-13.3113, 66.9927"
Lake of East Patrick,Beach,"27.29, 97.6852"
Castle of Port Vanessamouth,Famous Intersection,"63.0214, -97.4816"
Площадь г. Назрань,Природный объект,"-64.7303, -162.9391"
Museum of New Jenniferton,Достопримечательность,"-40.19, 0.6047"
Bridge of Smithfurt,Музей,"39.712, -125.4975"
Castle of Port Stevenstad,Historic Site,"27.7029, -147.8992"
Lake of West Josephborough,Храм,"44.9863, -157.9023"
Castle of Port Jonathan,Famous Intersection,"33.2012, 103.1097"
Bridge of Davisland,Museum,"39.4489, 20.5606"
Музей п. Нальчик,Природный объект,"-46.0209, 15.4616"
Bridge of Palmerfort,Достопримечательность,"68.5016, -17.5651"
Озеро д. Серпухов,Mountain Peak,"38.5052, 159.6925"
Площадь п. Лотошино,Beach,"-63.1488, -39.328"
Площадь с. Саранск,Nature Reserve,"8.438, 91.7775"
Square of Adamsburgh,Природный объект,"-27.2176, 146.98"
Lake of Potterville,Природный объект,"67.1413, 124.6703"
Bridge of East Austin,Public Park,"2.5873, -6.0163"
Park of New Andrew,Famous Intersection,"-53.3117, -8.6648"
Square of Harrisland,Historic Site,"-27.4036, -99.5914"
Lake of Starkport,Mountain Peak,"11.9347, 74.0496"
Парк ст. Коломна,Beach,"-61.0018, -15.843"
Castle of Vargasmouth,Mountain Peak,"45.0837, -8.2907"
Озеро ст. Барнаул,Mountain Peak,"0.665, 42.7314"
Lake of Wrightland,Горнолыжный курорт,"-11.0064, 157.3918"
Park of West Jillchester,Музей,"-22.3836, 34.9915"
Castle of Markfort,Исторический район,"45.7779, -169.1195"
Museum of New Kylefort,Historic Site,"-13.482, -25.8313"
Bridge of Whitemouth,Museum,"-18.2058, 85.2418"
Bridge of Russelltown,Mountain Peak,"32.2483, -18.4344"
Площадь д. Соболево,Landmark,"45.6784, 146.8702"
Площадь п. Москва,Музей,"-57.8421, -27.6497"
Гора г. Губкин,Historic Site,"28.5096, 61.146"
Гора д. Мичуринск,Музей,"-24.0586, 33.403"
Парк с. Эльтон,Museum,"-9.8242, 26.8988"
Площадь д. Усть-Кут,Достопримечательность,"62.962, 99.6062"
Озеро клх Малоярославец,Landmark,"68.1559, -101.4915"
Bridge of North Cynthiaview,Парк,"33.9685, 97.0102"
Парк г. Элиста,Храм,"-37.5028, -67.2549"
Lake of Ramirezside,Historic Site,"-23.9966, -19.1897"
Park of North Brendafurt,Historic Site,"-69.0119, 55.078"
Площадь г. Сузун,Исторический район,"34.6078, -140.2308"
Lake of New Rebeccastad,Nature Reserve,"52.7471, 12.6045"
Park of Mooneyshire,Public Park,"57.3708, 159.8845"
Castle of West Carla,Nature Reserve,"35.7523, 163.589"
Museum of Olsontown,Mountain Peak,"-37.0757, -156.2643"
Castle of Allenberg,Museum,"1.8648, -123.0689"
Castle of West Jennifer,Beach,"49.1067, 107.056"
Square of North Darren,Nature Reserve,"60.7373, -81.5994"
Замок клх Серафимович,Парк,"-57.8561, 56.3171"
Square of Nicoleberg,Храм,"-31.3255, 163.8307"
Lake of Lake Daniel,Mountain Peak,"2.3175, 18.2533"
Bridge of Lake Juanmouth,Museum,"-34.263, 0.292"
Bridge of New Hector,Горнолыжный курорт,"-4.7824, -45.933"
Площадь п. Зарайск,Музей,"-50.8714, -139.5646"
Lake of Charlesmouth,Пляж,"-68.1193, -11.4259"
Castle of West Susan,Исторический район,"9.3279, 50.4662"
Square of Gutierrezfurt,Парк,"-48.4123, -51.3585"
Park of Williammouth,Beach,"-18.2725, 45.5903"
Музей г. Красноселькуп,Горнолыжный курорт,"-17.7962, -120.1053"
Park of Carrollport,Landmark,"28.5539, -61.868"
Museum of Hawkinsmouth,Famous Intersection,"-57.5856, 156.8884"
Lake of Karenhaven,Museum,"10.8868, -149.9654"
Озеро ст. Шали,Landmark,"-58.9322, 97.6507"
Замок п. Александров,Природный объект,"-33.7194, 146.0462"
Bridge of Alvarezfort,Пляж,"19.7431, -50.0575"
Lake of Lake William,Достопримечательность,"-11.8769, 39.0635"
Square of South Sarahburgh,Пляж,"-21.1841, 43.8634"
Lake of Delgadochester,Музей,"11.7892, 108.9451"
Park of Simmonsmouth,Public Park,"37.978, -49.4302"
Park of Johnland,Музей,"24.7554, 114.4993"
Озеро с. Суздаль,Beach,"49.2241, -85.1115"
Lake of Palmerton,Mountain Peak,"7.1138, -150.4415"
Парк п. Видное,Музей,"-29.6068, -80.5995"
Bridge of Port Tony,Public Park,"29.481, 52.5882"
Lake of Boydport,Исторический район,"48.4107, 138.8439"
Square of Williamston,Historic Site,"10.2731, 54.8607"
Bridge of Port Michellemouth,Landmark,"56.3147, -88.8425"
Замок к. Витим,Landmark,"44.8374, 93.206"
Bridge of East Christinechester,Famous Intersection,"-12.6211, -54.4342"
Гора д. Сибай,Исторический район,"-29.2524, -3.2435"
Park of Williamstown,Beach,"12.049, 45.8227"
Square of New Petershire,Famous Intersection,"-5.3925, -60.1361"
Park of Eugenechester,Famous Intersection,"-37.2739, 144.0835"
Озеро клх Каневская,Famous Intersection,"19.544, 86.2694"
Square of Glennfurt,Landmark,"-29.5688, -77.6985"
Square of Brianstad,Landmark,"43.8909, 23.3693"
Музей ст. Вытегра,Museum,"-0.537, -54.041"
Lake of South Logan,Природный объект,"50.6358, -146.6236"
Square of Hicksbury,Famous Intersection,"-12.5755, 59.5874"
Museum of East Heatherland,Famous Intersection,"34.1622, -124.3406"
Lake of South Thomas,Музей,"-43.8815, 152.034"
Площадь с. Горячинск,Famous Intersection,"29.102, -71.0853"
Парк г. Кизел,Природный объект,"10.9732, 97.0532"
Замок ст. Лабинск,Парк,"-12.7839, -20.5105"
Museum of Stephenchester,Храм,"-28.0049, -50.2489"
Museum of North Maryland,Landmark,"1.4162, 116.0016"
Музей к. Валаам,Historic Site,"35.1556, 36.527"
Гора клх Агинское (Забайк.),Museum,"-25.0328, -166.7738"
Park of Lake Heidichester,Исторический район,"-54.852, 42.1706"
Музей с. Балашиха,Nature Reserve,"37.8395, -141.9514"
Площадь п. Можайск,Исторический район,"63.1618, -111.8905"
Lake of Stephaniefort,Достопримечательность,"49.8985, -156.8467"
Lake of West Heidi,Природный объект,"-16.5702, -33.0341"
Lake of Robertchester,Nature Reserve,"-52.7587, -13.8719"
Lake of South Richard,Historic Site,"63.5566, 126.6403"
Park of Port Jason,Famous Intersection,"31.6695, -78.8016"
Bridge of Susanport,Храм,"20.048, -135.1464"
Bridge of Rodgersland,Beach,"-47.0063, -161.5426"
Гора г. Петрозаводск,Beach,"35.2093, -75.1963"
Замок д. Эльбрус,Museum,"57.2843, 46.3793"
Замок клх Ханты-Мансийск,Public Park,"43.1856, -72.914"
Площадь к. Онега,Famous Intersection,"45.1656, 86.29"
Парк ст. Томск,Landmark,"-41.1679, 47.8889"
Lake of Jasonfurt,Mountain Peak,"7.0285, 122.8785"
Озеро к. Омск,Парк,"55.3649, 102.1165"
Озеро клх Терней,Landmark,"-57.1215, -137.8026"
Парк с. Ейск,Mountain Peak,"14.7456, -44.5251"
Square of South Karenmouth,Природный объект,"-66.4359, -110.9882"
Castle of Paulstad,Достопримечательность,"-3.35, -85.8922"
Park of North Tonychester,Public Park,"-22.3786, 2.8042"
Park of Lake Taylorchester,Museum,"9.7369, 34.1047"
Музей с. Соликамск,Достопримечательность,"5.3327, 39.764"
Музей п. Новороссийка,Храм,"-56.7919, -15.086"
Castle of North Brandonburgh,Природный объект,"5.6006, -163.6846"
Bridge of Stephenfurt,Beach,"67.2412, -44.2662"
Замок г. Красная Поляна,Достопримечательность,"-65.1203, 155.7511"
Озеро ст. Санкт-Петербург,Nature Reserve,"7.6984, 82.0899"
Bridge of South Vincent,Природный объект,"-58.8626, 136.6141"
Парк д. Муравленко,Природный объект,"-21.456, -35.5701"
Castle of East Kayla,Beach,"-49.9131, -6.361"
Замок д. Новомичуринск,Парк,"66.1082, -116.4509"
Замок г. Малгобек,Public Park,"-42.1822, -113.2234"
Площадь клх Бронницы,Nature Reserve,"-67.0983, -168.3288"
Lake of East Joseph,Historic Site,"9.9785, 47.9119"
Museum of East Danielton,Достопримечательность,"-41.7407, -63.7342"
Музей п. Кажим,Beach,"39.8263, 122.8123"
Музей к. Бологое,Исторический район,"33.3131, -149.7949"
Гора ст. Кулу,Храм,"65.2942, 21.1074"
Square of Jonesfort,Nature Reserve,"37.2699, 92.27"
Площадь д. Семлячики,Достопримечательность,"69.9533, -100.5105"
Озеро клх Домодедово,Пляж,"38.0144, 83.5843"
Castle of Timothyborough,Парк,"69.7186, -29.4612"
Square of East Brittney,Горнолыжный курорт,"64.3324, 18.3063"
Museum of Erinstad,Historic Site,"-57.8208, 0.441"
Square of Ellisonberg,Mountain Peak,"-64.4598, -121.5771"
Park of Michellestad,Храм,"-54.07, -45.3374"
Lake of Port Douglaschester,Исторический район,"48.6288, 89.1489"
Музей д. Яшкуль,Public Park,"-59.7662, -151.6433"
Lake of Brookemouth,Public Park,"-43.2331, 81.067"
Lake of Parkershire,Museum,"-37.5111, -132.1712"
Озеро ст. Енисейск,Historic Site,"41.9696, 137.6553"
Bridge of South Emmastad,Исторический район,"-46.707, -139.8692"
Bridge of Nathanborough,Музей,"-18.3892, 146.5622"
Озеро ст. Ачинск,Beach,"-68.5034, -167.4263"
Парк к. Воскресенск,Nature Reserve,"58.405, 73.6915"
Bridge of Anthonyfurt,Nature Reserve,"-35.9155, -24.8007"
Castle of Danielchester,Исторический район,"50.7566, 64.2481"
Замок д. Подольск,Beach,"-25.7962, 82.1783"
Square of West Ericaville,Пляж,"-13.639, -84.1026"
Замок к. Октябрьское (Челяб.),Исторический район,"5.4721, 87.9872"
Square of Petersenborough,Nature Reserve,"51.2473, -60.8878"
Гора к. Находка,Beach,"28.8725, 124.5612"
Square of Shelbyside,Природный объект,"-26.5866, -148.9247"
Museum of Guzmanstad,Public Park,"-22.9812, 102.3131"
Парк ст. Братск,Достопримечательность,"35.7683, -32.3991"
Площадь клх Троицк (Челяб.),Музей,"22.2225, -74.8343"
Park of Lake Ashleychester,Mountain Peak,"15.856, -146.1739"
Гора с. Воскресенск,Исторический район,"62.8668, -60.5259"
Гора с. Солнечногорск,Famous Intersection,"-34.0497, 158.1591"
Площадь с. Тимашевск,Nature Reserve,"-36.1904, -69.9843"
Square of Port Jamesside,Парк,"38.1816, 39.0924"
Площадь ст. Билибино,Mountain Peak,"-57.3342, -49.9175"
Озеро г. Каневская,Горнолыжный курорт,"-35.6974, -43.3039"
Замок с. Мезень,Public Park,"54.8379, -75.7534"
Гора г. Шатки,Пляж,"66.7327, 9.8118"
Музей ст. Торжок,Исторический район,"-10.4838, 106.7043"
Museum of East Gabriel,Beach,"43.3517, 67.1464"
Square of North Tracy,Beach,"33.2571, 125.9775"
Castle of Denniston,Исторический район,"-65.5934, -127.0997"
Castle of Jordanstad,Public Park,"-22.8563, -87.9929"
Замок клх Улан-Удэ,Landmark,"-50.9678, 154.3553"
Lake of Karlton,Музей,"-67.1173, 87.483"
Площадь клх Юрьевец (Иван.),Парк,"-49.7408, -114.9854"
Гора д. Алагир,Достопримечательность,"18.0008, 121.1516"
Замок клх Апатиты,Famous Intersection,"25.2657, 60.8117"
Museum of Jeffreyton,Beach,"49.8115, -92.7924"
Парк клх Котлас,Храм,"-45.8562, -140.8643"
Castle of Port Ashleyton,Landmark,"48.4362, -22.4776"
Castle of Douglasland,Museum,"-66.8408, -129.0258"
Castle of Jamesside,Горнолыжный курорт,"8.8967, -97.2166"
Замок д. Хоста,Public Park,"20.0157, 143.6831"
Bridge of Lake Beth,Museum,"-36.2858, 109.6191"
Гора д. Снежногорск (Мурм.),Исторический район,"6.7111, -167.9116"
Museum of Brockburgh,Museum,"-59.8813, 83.435"
Museum of Cruzland,Historic Site,"-59.6624, -147.2719"
Озеро к. Сочи,Природный объект,"-40.9023, 128.3401"
Площадь г. Агинское (Забайк.),Музей,"9.819, 88.3663"
Park of Greenshire,Пляж,"19.9184, 30.3785"
Замок с. Северобайкальск,Горнолыжный курорт,"-32.7811, 61.4292"
Lake of Lake Jonathan,Historic Site,"51.2777, -111.9532"
Park of Coryfort,Beach,"55.4621, -85.4509"
Square of North Donnastad,Mountain Peak,"-66.7106, -134.8349"
Museum of Jessicachester,Mountain Peak,"-58.5486, -118.9935"
Музей клх Новгород Великий,Достопримечательность,"19.2712, -144.5728"
Square of East Laura,Природный объект,"-24.7017, 134.965"
Парк г. Когалым,Достопримечательность,"-45.2518, -2.1771"
Lake of East Wendychester,Nature Reserve,"-56.0938, 45.3551"
Площадь ст. Сыктывкар,Горнолыжный курорт,"19.7393, 168.8824"
Bridge of Alexisstad,Famous Intersection,"56.2958, -115.7478"
Castle of Esparzafurt,Исторический район,"-50.7105, -164.0185"
Square of Gonzalezshire,Горнолыжный курорт,"54.7268, -107.9992"
Museum of Melaniechester,Museum,"-42.5395, -2.0701"
Парк д. Гусь-Хрустальный,Nature Reserve,"-37.2435, -66.3506"
Озеро клх Кажим,Mountain Peak,"14.0866, 163.1747"
Гора к. Кизилюрт,Природный объект,"-49.2111, 1.0056"
Castle of West Ashley,Famous Intersection,"-60.8986, -3.6696"
Lake of North Wendy,Исторический район,"-19.9106, -63.3508"
Замок ст. Карачаевск,Пляж,"33.8852, -17.3055"
Square of Port Sandra,Парк,"-18.9615, -128.2657"
Музей к. Можга,Nature Reserve,"23.8917, 100.5129"
Museum of Jamesbury,Природный объект,"-62.6968, 152.4351"
Bridge of Davisstad,Museum,"9.8196, -63.712"
Музей с. Смоленск,Landmark,"-30.4637, 46.9088"
Bridge of South Davidberg,Природный объект,"33.646, -75.024"
Square of Hallstad,Historic Site,"-31.3113, 42.6691"
Castle of Lake Davidside,Исторический район,"-32.6898, -82.5309"
Bridge of Robertville,Природный объект,"48.396, 9.9306"
Square of Lake Adamchester,Public Park,"52.8971, -96.4125"
Museum of New Dawn,Пляж,"33.4328, -127.8932"
Museum of Millerport,Famous Intersection,"50.2244, -105.0438"
Замок д. Владимир,Famous Intersection,"2.9249, 143.4153"
Museum of Paultown,Природный объект,"-30.2391, 141.5747"
Парк г. Кижи,Mountain Peak,"6.4902, 58.8472"
Lake of Port Anthonyland,Исторический район,"-65.2589, -51.284"
Museum of New Jamieberg,Исторический район,"27.5846, -76.8537"
Bridge of Merrittborough,Historic Site,"-41.7778, -169.423"
Square of North Paul,Достопримечательность,"-19.9727, -16.6302"
Гора д. Павловский Посад,Горнолыжный курорт,"-20.5372, -162.0551"
Square of Michellestad,Public Park,"-19.1257, 167.9322"
Замок с. Белогорск (Амур.),Landmark,"24.7856, 64.2994"
Музей г. Карталы,Famous Intersection,"-9.5506, 20.8779"
Музей клх Нефедова,Храм,"37.0912, -106.7968"
Озеро к. Кропоткин (Краснод.),Природный объект,"6.527, -88.5668"
Замок п. Набережные Челны,Природный объект,"9.0388, 102.2134"
Park of West Jessicaport,Historic Site,"23.3311, -36.0404"
Lake of Amberville,Достопримечательность,"65.5363, -128.8173"
Castle of East Audreyshire,Достопримечательность,"0.3779, -75.5583"
Парк к. Александровск-Сахалинский,Landmark,"64.9383, 123.2197"
Lake of East Thomas,Музей,"69.9467, 40.8388"
Bridge of Paulport,Beach,"10.9598, -152.4407"
Square of New Samuelton,Landmark,"52.2357, -162.154"
Площадь с. Батайск,Музей,"-50.3747, -84.8103"
Bridge of Alexanderland,Горнолыжный курорт,"-68.6266, -52.6752"
Bridge of Alexanderland,Famous Intersection,"30.6799, 37.6219"
Площадь г. Ноябрьск,Beach,"-29.7342, 91.154"
Square of West Amber,Mountain Peak,"-32.0382, -89.8809"
Гора д. Сунтар,Горнолыжный курорт,"-62.5902, -58.0889"
Площадь клх Серебряные Пруды,Горнолыжный курорт,"-66.7187, -94.1732"
Гора д. Тайшет,Исторический район,"-39.9758, -29.0066"
Square of Shaneborough,Исторический район,"38.1073, 64.1701"
Парк д. Мирный,Historic Site,"38.4667, 77.9202"
Castle of Duffyfurt,Historic Site,"-36.8456, 110.5578"
Замок д. Гремячинск (Перм.),Природный объект,"-32.4182, -124.0769"
Парк ст. Кущевская,Beach,"-55.5487, 65.3167"
Square of Englishberg,Mountain Peak,"44.1129, -39.259"
Museum of Port Carmen,Пляж,"-51.2704, 114.0624"
Castle of Mckeeport,Горнолыжный курорт,"-24.0587, 126.3139"
Замок ст. Талдом,Горнолыжный курорт,"-28.6133, 98.833"
Park of East Sabrinafurt,Mountain Peak,"23.9827, 111.33"
Bridge of Lake Amber,Горнолыжный курорт,"-36.4735, 79.561"
Bridge of Riverafort,Historic Site,"-22.7136, -18.3913"
Парк д. Нязепетровск,Музей,"-3.9911, -29.3689"
Museum of West Gordon,Исторический район,"-30.787, 47.6917"
Museum of Peterhaven,Парк,"-39.5483, -100.8781"
Парк к. Губкинский,Famous Intersection,"-11.5664, 29.6479"
Парк п. Холмогоры,Пляж,"48.7011, -122.0057"
Замок д. Камышин,Горнолыжный курорт,"31.5028, 117.0314"
Музей к. Яхрома,Historic Site,"21.9527, 79.9721"
Square of West Scott,Beach,"-12.1366, 95.212"
Озеро к. Россошь,Храм,"-13.2054, -10.6924"
Площадь клх Назрань,Nature Reserve,"6.6954, -148.2061"
Park of North Kathleenview,Природный объект,"-0.6513, -43.9489"
Площадь ст. Нязепетровск,Mountain Peak,"41.3125, 0.048"
Bridge of Rossport,Nature Reserve,"36.9428, -126.7802"
Музей г. Октябрьское (Хант.),Nature Reserve,"63.9929, -156.9311"
Музей п. Махачкала,Природный объект,"-20.2171, 91.8713"
Bridge of New Justin,Nature Reserve,"-67.5134, 48.0144"
Square of North Wayne,Пляж,"33.3417, -43.0467"
Square of North Ashley,Public Park,"6.6423, -77.302"
Park of North Veronica,Исторический район,"-15.2948, -40.7365"
Площадь д. Кандалакша,Горнолыжный курорт,"-20.693, -7.2499"
Озеро ст. Красноярск,Исторический район,"46.5837, -76.8171"
Park of Scottshire,Museum,"-20.2627, -65.5527"
Bridge of South Chadville,Beach,"-4.3001, 115.422"
Озеро с. Красноуфимск,Храм,"-15.958, -113.6369"
Озеро г. Бирск,Достопримечательность,"-43.2746, -154.8807"
Bridge of Port Joshua,Mountain Peak,"30.3058, -133.3018"
Square of Welchborough,Пляж,"-56.7027, -74.4744"
Castle of Lake Julieberg,Famous Intersection,"-52.3818, -119.3896"
Bridge of West Kevin,Museum,"-62.8434, 133.4819"
Bridge of South Julieburgh,Beach,"47.2687, -30.7333"
Озеро г. Ряжск,Public Park,"41.9554, -79.9729"
Square of North Jared,Public Park,"-10.4523, 155.2328"
Озеро д. Кисловодск,Пляж,"-8.6885, -35.1722"
Замок к. Калач-на-Дону,Nature Reserve,"50.9236, 48.3948"
Park of New Ashleyton,Пляж,"-52.9482, 5.3416"
Lake of Chambershaven,Museum,"-23.8333, -87.0886"
Square of Jacquelineshire,Mountain Peak,"47.8794, -85.1131"
Замок к. Междуреченский,Пляж,"17.3279, 101.4414"
Castle of Port Mariaport,Museum,"50.4736, 48.9335"
Square of Port Sandra,Достопримечательность,"8.1119, -147.314"
Museum of Prattton,Public Park,"53.1047, -44.9511"
Museum of Valdezhaven,Храм,"-12.3808, 78.7576"
Bridge of Port Levimouth,Mountain Peak,"4.1266, -103.3031"
Озеро г. Верхний Уфалей,Historic Site,"22.8594, -156.3029"
Площадь ст. Уфа,Природный объект,"57.5823, -43.7418"
Park of East Alisha,Природный объект,"68.4659, -23.2936"
Замок ст. Завьялиха,Mountain Peak,"-68.3444, 122.4476"
Castle of Port Crystal,Nature Reserve,"64.9132, 16.7925"
Bridge of Sherryhaven,Mountain Peak,"56.7119, -163.4088"
Площадь с. Можайск,Достопримечательность,"33.6047, -26.4171"
Museum of Stacymouth,Парк,"57.9999, 88.7201"
Площадь с. Можга,Пляж,"63.7786, -72.9452"
Гора клх Апатиты,Public Park,"-16.0065, 115.3002"
Площадь п. Курильск,Mountain Peak,"-46.1889, 77.5058"
Площадь ст. Пушкин,Природный объект,"-32.6346, -36.5961"
Museum of New Justinland,Исторический район,"40.684, -76.7569"
Castle of Lake Jennifermouth,Landmark,"-61.5662, 98.1811"
Museum of Sharpburgh,Природный объект,"-62.5829, 53.4403"
Castle of West Lisashire,Храм,"-62.0672, -70.0265"
Park of Lake Shannonton,Исторический район,"-30.053, 115.7002"
Замок с. Луховицы,Public Park,"-31.2768, -143.3928"
Museum of Johnsontown,Famous Intersection,"-55.9038, 131.899"
Музей клх Чокурдах,Пляж,"51.3758, 35.7108"
Square of North Nicholaschester,Парк,"-59.9753, -118.9709"
Park of New Christineton,Природный объект,"2.2166, -55.0329"
Замок клх Ставрополь,Достопримечательность,"25.4394, -128.232"
Замок к. Вологда,Famous Intersection,"-42.4136, 64.8237"
Площадь к. Вуктыл,Museum,"-28.5754, -134.3953"
Парк ст. Яшкуль,Public Park,"-21.0025, -0.2072"
Museum of South Lisa,Museum,"18.241, -109.9455"
Square of Ramosview,Historic Site,"66.908, -98.7853"
Square of Whitneyberg,Музей,"55.0475, -129.9526"
Bridge of Leonardmouth,Landmark,"-65.213, -114.3015"
Музей клх Тюмень,Горнолыжный курорт,"-33.2801, 39.5292"
Площадь п. Дивногорск,Достопримечательность,"23.3279, 157.0521"
Castle of Port Lukebury,Beach,"-47.3069, -89.4384"
Площадь ст. Сорочинск,Historic Site,"-69.7879, 133.1935"
Музей д. Ковров,Достопримечательность,"30.6705, -85.565"
Гора г. Артем,Достопримечательность,"-35.0553, -32.5252"
Park of North David,Museum,"64.2049, 129.1963"
Парк ст. Апатиты,Beach,"-20.1704, -132.4296"
Bridge of Vazquezfurt,Public Park,"34.5077, -97.3171"
Castle of Banksfort,Горнолыжный курорт,"-42.6623, 165.9578"
Square of Jamesville,Парк,"19.299, 77.2139"
Замок с. Далматово,Пляж,"60.3924, -87.3537"
Музей г. Ребриха,Храм,"50.9256, -8.6051"
Музей с. Омск,Beach,"58.8895, 23.8802"
Гора к. Брянск,Famous Intersection,"-13.7395, -4.24"
Park of Lake Katherinefort,Nature Reserve,"61.6614, 37.2249"
Площадь д. Ангарск,Горнолыжный курорт,"33.2367, -166.7515"
Площадь клх Руза,Landmark,"-38.5039, 124.4476"
Bridge of Rowlandfurt,Исторический район,"-21.6791, -103.5971"
Озеро клх Дербент,Музей,"39.6347, -21.5263"
Museum of Littleton,Достопримечательность,"-33.7108, -54.3083"
Музей ст. Раменское,Музей,"30.6287, 114.3849"
Lake of Justinville,Beach,"-6.4486, 129.5412"
Museum of East Tammyhaven,Museum,"-60.1265, -152.238"
Музей д. Обнинск,Музей,"58.864, 77.1109"
Park of East Ashleyville,Природный объект,"27.5521, -5.2174"
Lake of Davidburgh,Famous Intersection,"-52.369, -151.1858"
Square of Mcgeeport,Храм,"4.235, -24.0373"
Museum of Mccartyburgh,Public Park,"-48.0208, 115.8608"
Bridge of North Janiceton,Парк,"-59.0029, 126.887"
Lake of East Robin,Исторический район,"-36.2296, 167.4366"
Castle of South William,Исторический район,"-30.5336, 99.5029"
Castle of Paulburgh,Исторический район,"-39.3596, 131.3335"
Park of East Melissa,Природный объект,"54.4631, -120.6367"
Square of North Alejandro,Достопримечательность,"-40.534, -121.2546"
Park of Jonathanmouth,Nature Reserve,"-16.5058, 1.5967"
Park of Teresafort,Mountain Peak,"52.5283, -156.0236"
Park of East Tracyfurt,Исторический район,"29.6401, 62.5244"
Museum of Fosterfurt,Landmark,"-68.2518, 126.1341"
Castle of Bellstad,Исторический район,"3.4847, 120.0819"
Park of Port Michael,Парк,"-12.2117, -139.293"
Castle of Jacquelineberg,Парк,"-61.6708, 39.689"
Castle of Christietown,Beach,"3.4967, -114.2716"
Lake of East Brianmouth,Исторический район,"-52.0377, -163.9387"
Castle of Jasonmouth,Природный объект,"26.7167, 55.3082"
Замок к. Миасс,Famous Intersection,"58.3269, 100.617"
Площадь клх Сосновый Бор,Beach,"36.7597, 73.8083"
Bridge of Mcmillanview,Храм,"-42.8609, -122.1195"
Square of Marychester,Горнолыжный курорт,"-47.4775, -154.286"
Castle of Lake Dominiquemouth,Beach,"62.0131, -155.7937"
Музей п. Мелеуз,Пляж,"59.6725, -80.7641"
Park of Michaelberg,Historic Site,"41.9779, -158.8337"
Замок ст. Кизел,Парк,"-17.6241, -80.5936"
Museum of Bennettborough,Historic Site,"-14.8574, 32.4693"
Озеро ст. Октябрьский (Башк.),Mountain Peak,"27.8133, 144.7665"
Bridge of East Markport,Landmark,"25.0633, -7.1502"
Park of Lake Aprilland,Парк,"-4.3853, 119.0597"
Гора д. Волоколамск,Landmark,"56.7084, -163.902"
Гора ст. Белореченск,Nature Reserve,"43.3202, -109.209"
Square of Lake Chadfurt,Museum,"-45.3094, 0.2596"
Bridge of North Madisonton,Nature Reserve,"-45.8366, 1.3536"
Park of Christineside,Famous Intersection,"55.3135, -83.7209"
Park of Port Davidview,Исторический район,"-21.929, 90.2635"
Гора г. Жуковский,Historic Site,"56.9572, 38.6543"
Lake of New Adammouth,Пляж,"66.8172, -108.7501"
Музей д. Красноярск,Горнолыжный курорт,"-57.8306, -102.32"
Castle of Wilsonbury,Nature Reserve,"32.718, -38.681"
Bridge of Port Angie,Пляж,"39.322, 82.2096"
Музей г. Пятигорск,Public Park,"19.4392, -34.6918"
Гора клх Жуковский,Природный объект,"27.9746, -47.8784"
Square of North Ebonyberg,Public Park,"-33.1614, 3.0981"
Castle of Williamborough,Beach,"63.5742, -112.5023"
Castle of Saunderschester,Исторический район,"25.0196, -53.5088"
Castle of Perezborough,Public Park,"46.735, -12.5545"
Lake of Lake Erika,Public Park,"-38.4728, -15.7725"
Park of North Evanstad,Природный объект,"-9.9979, -152.5277"
Park of East Garrettchester,Храм,"45.8885, 62.7655"
Площадь ст. Темрюк,Mountain Peak,"21.4956, 30.2972"
Музей п. Буйнакск,Mountain Peak,"18.7617, 66.6058"
Гора клх Калач-на-Дону,Landmark,"-38.5888, -41.3989"
Park of Floydton,Historic Site,"-4.3784, -125.1497"
Музей д. Октябрьский (Башк.),Парк,"-29.6491, 8.8159"
Музей клх Чайковский,Природный объект,"44.1648, 19.0363"
Castle of Jayburgh,Public Park,"19.616, 63.1191"
Bridge of East Amanda,Public Park,"35.9303, -41.5195"
Park of Josephshire,Public Park,"-37.4956, 41.1702"
Park of West Kimstad,Nature Reserve,"-11.769, -87.2585"
Square of South Noah,Nature Reserve,"7.8597, 5.6647"
Castle of Howardbury,Famous Intersection,"51.649, 23.9133"
Castle of West Melinda,Mountain Peak,"35.1488, -13.4411"
Castle of New Melissa,Mountain Peak,"35.5568, -137.8631"
Парк с. Городовиковск,Исторический район,"12.7075, -100.7778"
Square of South Brian,Храм,"-41.282, 35.4061"
Castle of Lake Dennis,Public Park,"-0.3064, 10.0905"
Замок с. Белый Яр (Томск.),Храм,"24.8963, -108.2687"
Площадь г. Североморск,Пляж,"-55.047, 24.283"
Lake of Port Paulafort,Пляж,"33.0404, 60.8769"
Castle of Smithland,Горнолыжный курорт,"35.1077, -21.9845"
Square of Melissahaven,Nature Reserve,"61.8309, 63.5265"
Парк г. Ангарск,Горнолыжный курорт,"43.1699, 3.3837"
Lake of Kingview,Храм,"-3.065, -122.9536"
Bridge of South Patriciamouth,Landmark,"-3.8551, 103.7393"
Lake of Allenberg,Mountain Peak,"30.2391, -101.7787"
Замок с. Кизилюрт,Mountain Peak,"34.1816, 66.0549"
Lake of South Joshua,Public Park,"-10.4849, -53.1342"
Lake of North Robertberg,Музей,"37.2678, -10.354"
Lake of New Michelle,Природный объект,"61.735, 81.3475"
Lake of North Dianechester,Пляж,"-44.4605, -151.4341"
Bridge of New Cindy,Nature Reserve,"-21.9598, 61.726"
Museum of Gomezport,Mountain Peak,"27.4179, -57.0737"
Гора к. Шамары,Mountain Peak,"-14.3668, -68.1327"
Музей ст. Сыктывкар,Mountain Peak,"27.8405, -131.9663"
Музей г. Теберда,Природный объект,"-18.6825, 158.537"
Парк п. Усть-Ишим,Landmark,"8.0256, 6.7453"
Площадь д. Плес,Горнолыжный курорт,"44.896, 50.0991"
Museum of Nicholasbury,Museum,"37.2419, -141.5583"
Bridge of Danielsside,Достопримечательность,"-29.8708, 168.1075"
Музей ст. Серов,Парк,"48.6471, 101.4558"
Замок с. Тында,Nature Reserve,"43.0064, 66.0656"
Castle of West Tammy,Public Park,"43.6971, 133.928"
Парк ст. Дербент,Mountain Peak,"34.0234, -52.6262"
Park of Ryanfurt,Музей,"63.2095, -89.6623"
Площадь г. Камышин,Достопримечательность,"64.3643, 85.3126"
Гора ст. Кяхта,Beach,"-6.6269, -72.1128"
Museum of Johnsonside,Nature Reserve,"20.7555, -65.363"
Castle of Edwardfort,Beach,"-56.5888, -153.9608"
Park of Williamtown,Landmark,"-28.1457, 138.3301"
Замок к. Амурск,Храм,"-25.7697, 83.9802"
Озеро клх Нерчинск,Museum,"-62.008, 148.5567"
Парк п. Слюдянка,Горнолыжный курорт,"-31.5907, 160.978"
Square of Danielside,Достопримечательность,"-46.1152, 19.5813"
Square of Russellbury,Museum,"69.5221, -48.5675"
Площадь ст. Обнинск,Beach,"-59.7613, 109.3294"
Площадь клх Белоярский,Парк,"-56.1561, 60.4669"
Park of Jamesbury,Пляж,"37.0807, -156.6756"
Castle of Lake Heatherton,Historic Site,"27.5977, -86.8245"
Park of New Billyview,Public Park,"28.557, -84.97"
Square of Ambermouth,Достопримечательность,"-54.8565, 26.4513"
Park of West Calebside,Парк,"-21.846, -26.5076"
Гора к. Учалы,Парк,"59.0206, -26.0371"
Square of East Brittney,Famous Intersection,"-55.6771, 157.0077"
Bridge of Brownton,Public Park,"-65.7008, -15.8822"
Парк п. Норильск,Historic Site,"25.7229, -166.9589"
Bridge of New Kelly,Mountain Peak,"18.5387, 47.1358"
Парк с. Каргополь,Famous Intersection,"-47.6202, -158.7279"
Площадь д. Воскресенск,Храм,"-23.3891, -163.613"
Square of Ramirezfurt,Храм,"-33.2205, 22.9912"
Музей д. Игарка,Nature Reserve,"69.6028, -115.8324"
Площадь с. Нефтекамск,Museum,"-34.9014, 38.1688"
Square of West Rebeccaburgh,Mountain Peak,"63.9801, 158.3513"
Bridge of Bettybury,Музей,"-2.7272, -100.4532"
Museum of South Adammouth,Парк,"57.0353, -163.4485"
Castle of West Michaelstad,Природный объект,"-61.9393, -154.8348"
Square of North Katherinefort,Famous Intersection,"-59.1556, 82.3239"
Lake of East Leslie,Храм,"42.2642, 164.5381"
Парк д. Северобайкальск,Famous Intersection,"18.809, 103.8698"
Гора п. Октябрьское (Челяб.),Парк,"-55.433, 24.6149"
Square of North Dorothyborough,Famous Intersection,"-36.0784, 109.9788"
Замок д. Тавда,Nature Reserve,"-66.0778, 145.9754"
Площадь с. Агинское (Забайк.),Достопримечательность,"30.7368, -165.5933"
Castle of North Lesliefort,Landmark,"-3.0929, -60.8554"
Bridge of Donnaberg,Museum,"-35.102, 160.1844"
Square of Dannystad,Музей,"-48.3187, -49.1975"
Гора г. Чайковский,Historic Site,"-11.9276, -157.7484"
Bridge of Erinhaven,Mountain Peak,"-46.8319, -114.6188"
Castle of Gomezton,Горнолыжный курорт,"-62.7711, -94.7291"
Гора ст. Кызыл,Beach,"-5.8792, 53.4053"
Park of Samanthastad,Горнолыжный курорт,"27.7464, 127.8809"
Museum of Smithburgh,Museum,"-12.7049, -159.3044"
Парк клх Териберка,Горнолыжный курорт,"29.7494, -31.6795"
Замок ст. Малая Вишера,Public Park,"5.0391, 106.4987"
Park of Gregoryfort,Музей,"3.2781, -84.9117"
Музей д. Калач-на-Дону,Горнолыжный курорт,"30.4188, 87.4346"
Park of North Jillside,Beach,"-38.4974, -133.1037"
Park of North Angelabury,Historic Site,"-27.2744, 58.5047"
Lake of Michaelville,Mountain Peak,"-55.018, -95.6685"
Park of West Brittney,Nature Reserve,"34.1108, 73.7814"
Castle of East Luis,Пляж,"-65.2412, -166.8137"
Замок п. Новочеркасск,Достопримечательность,"-33.2897, -74.1884"
Площадь ст. Волгоград,Historic Site,"2.3117, -27.3047"
Площадь ст. Великий Устюг,Достопримечательность,"-39.3512, 115.4556"
Bridge of Ashleyland,Пляж,"17.216, 148.1608"
Square of South Billyberg,Historic Site,"5.7008, -73.2305"
Bridge of Port Matthewhaven,Historic Site,"12.9671, -97.0192"
Гора к. Тавда,Исторический район,"-31.0394, 159.6762"
Castle of Chasebury,Природный объект,"64.4967, -101.1722"
Замок клх Архангельск,Исторический район,"62.6074, -121.9836"
Озеро ст. Моршанск,Пляж,"-66.1667, 92.8519"
Музей клх Краснокамск,Beach,"-66.8466, -132.4829"
Lake of Andreachester,Famous Intersection,"0.5755, -122.4535"
Площадь с. Астрахань,Landmark,"-46.3285, 116.4146"
Гора клх Кулу,Famous Intersection,"39.3036, 163.8385"
Музей к. Майкоп,Beach,"-63.3844, -146.8717"
Площадь д. Мончегорск,Public Park,"-16.1891, 58.8864"
Park of Matthewland,Beach,"1.9998, -134.9865"
Bridge of New Joseph,Historic Site,"20.299, 4.7337"
Парк г. Плесецк,Historic Site,"24.6665, 40.5169"
Lake of Coltonbury,Музей,"28.0923, 96.7634"
Museum of North Beverlyfurt,Nature Reserve,"54.311, 148.0636"
Озеро п. Северобайкальск,Museum,"-24.985, 80.2492"
Замок к. Новокузнецк,Famous Intersection,"26.1824, 125.4538"
Парк д. Волгоград,Исторический район,"-41.3523, 17.9907"
Museum of Lake Lindaberg,Природный объект,"64.6864, -73.9563"
Площадь ст. Каспийск,Nature Reserve,"-62.2179, 45.414"
Museum of New Chad,Famous Intersection,"-68.987, -101.9572"
Замок клх Елабуга,Famous Intersection,"-0.0999, 73.097"
Bridge of New Ricky,Nature Reserve,"-15.2546, 160.4487"
Museum of Johnsonborough,Nature Reserve,"27.2842, -70.6931"
Озеро г. Красноуральск,Пляж,"42.7701, 27.3156"
Museum of Johnchester,Храм,"34.1225, -142.2506"
Museum of Candiceborough,Достопримечательность,"20.0219, 124.7775"
Bridge of Rodriguezshire,Природный объект,"-13.4018, -57.2732"
Castle of Yutown,Historic Site,"-39.5528, -169.1083"
Park of Jamieborough,Landmark,"-68.3132, 12.1443"
Музей клх Белоярский,Famous Intersection,"-26.3469, 100.4377"
Парк г. Братск,Природный объект,"34.4693, 47.8556"
Озеро с. Волоколамск,Парк,"16.5327, -99.6256"
Озеро клх Уэлен,Исторический район,"58.0675, -108.4214"
Озеро к. Рославль,Famous Intersection,"-39.5608, -86.1635"
Park of New Jon,Горнолыжный курорт,"-31.5161, -95.0319"
Park of Calebview,Mountain Peak,"-69.1206, 60.3605"
Bridge of East Renee,Public Park,"68.2967, -122.4401"
Castle of Lake Kimberlymouth,Музей,"65.7046, -35.09"
Castle of West James,Исторический район,"-52.24, 144.4867"
Парк д. Североуральск,Museum,"33.8886, 169.1039"
Музей к. Усть-Кут,Beach,"9.3506, -140.7111"
Castle of Perrymouth,Mountain Peak,"19.5198, -6.9789"
Square of Lake Margaretstad,Landmark,"-16.3098, 55.0859"
Square of Lake Walter,Landmark,"31.9048, 79.0459"
Музей г. Лесной (Сверд.),Исторический район,"7.9994, 132.1352"
Lake of Lake Brandonstad,Пляж,"-57.6535, 78.3081"
Площадь клх Касимов,Исторический район,"-8.9155, 62.254"
Lake of Lake Michaeltown,Landmark,"10.9247, 38.4015"
Park of Lake Steven,Пляж,"24.8247, -68.5785"
Замок ст. Великие Луки,Nature Reserve,"-52.4559, -98.7337"
Square of New Jessica,Beach,"-68.5582, 45.9049"
Площадь г. Осташков,Beach,"3.579, 116.3727"
Lake of Wadeside,Музей,"-51.5753, -85.7126"
Square of Jimmystad,Музей,"-39.6988, -47.5062"
Замок с. Братск,Природный объект,"-43.6644, 146.2688"
Парк клх Обнинск,Famous Intersection,"18.7385, 45.7822"
Площадь ст. Иркутск,Горнолыжный курорт,"19.3414, 54.3497"
Замок ст. Камышин,Храм,"23.0727, 90.3431"
Парк г. Кызыл,Храм,"19.5644, -16.3626"
Замок ст. Тырныауз,Famous Intersection,"55.9327, 9.9592"
Bridge of Frankstad,Пляж,"-62.9318, 29.9156"
Park of West Karaburgh,Достопримечательность,"25.6412, -143.8729"
Музей п. Кижи,Mountain Peak,"-31.5964, -63.0055"
Площадь п. Карталы,Храм,"-69.2363, -92.2246"
Museum of West Amy,Исторический район,"-26.4589, -145.8967"
Lake of Silvabury,Парк,"17.7216, -92.1752"
Castle of Kathleenland,Beach,"-3.4661, 58.1893"
Площадь с. Кирово-Чепецк,Храм,"21.9553, 97.7134"
Площадь ст. Диксон,Mountain Peak,"-21.2762, -88.5959"
Площадь с. Ханты-Мансийск,Historic Site,"67.1406, -43.849"
Lake of Lake Heather,Природный объект,"47.7329, -68.3584"
Парк ст. Шерегеш,Достопримечательность,"11.059, -117.5689"
Park of Justinchester,Музей,"-45.6046, -75.2532"
Square of Freemanbury,Достопримечательность,"58.0345, 54.0922"
Castle of Joystad,Природный объект,"-64.3198, 167.8505"
Square of Travisborough,Музей,"44.7866, -49.0991"
Lake of Port Alan,Landmark,"30.2972, -137.8955"
Castle of Jonathanberg,Природный объект,"37.4664, 54.8654"
Площадь д. Пышма,Музей,"-10.3851, -147.032"
Гора клх Юрьевец (Иван.),Музей,"-16.433, -91.2952"
Парк г. Котельнич,Landmark,"-22.1566, 81.7851"
Square of Teresaland,Beach,"-34.0806, -112.6883"
Замок д. Петушки,Historic Site,"50.6777, -93.5239"
Square of Charlesmouth,Музей,"11.5122, -81.2342"
Park of West Nicholasburgh,Храм,"56.5194, 150.4"
Park of Port Paul,Пляж,"25.8693, 112.3436"
Park of Harrisonshire,Landmark,"67.7629, -41.2347"
Castle of Turnerberg,Парк,"16.4185, 45.9317"
Park of Fordfort,Nature Reserve,"-9.635, 10.9563"
Гора к. Сургут (Хант.),Исторический район,"54.3079, -146.5107"
Озеро с. Миасс,Museum,"-20.9569, -53.0328"
Bridge of Rebeccaside,Landmark,"21.9805, 147.0889"
Museum of East Michaelton,Public Park,"-24.031, -77.8972"
Замок ст. Кяхта,Nature Reserve,"32.0798, 113.0451"
Гора д. Дербент,Public Park,"-43.4658, -163.5473"
Озеро ст. Костомукша,Mountain Peak,"-16.446, -106.1201"
Museum of Shawnberg,Museum,"-55.6529, 143.9045"
Замок с. Серафимович,Famous Intersection,"29.3724, 70.1"
Lake of Hallton,Mountain Peak,"-29.89, 126.0799"
Озеро г. Ессентуки,Landmark,"-46.1605, 102.8541"
Гора с. Домбай,Храм,"59.9819, 128.4237"
Lake of Lake Kyle,Храм,"-34.9, -44.4676"
Lake of Andersonland,Природный объект,"-56.861, -67.9087"
Castle of Kristinabury,Museum,"67.7179, 12.6836"
Lake of New Michaelafort,Nature Reserve,"22.0415, 120.2435"
Bridge of Lake Melissabury,Исторический район,"-12.7305, 34.949"
Гора к. Абинск,Горнолыжный курорт,"-42.9262, 165.1267"
Площадь п. Бодайбо,Музей,"-45.007, 18.5948"
Музей к. Игнашино,Famous Intersection,"21.0888, 120.4697"
Парк г. Красноуральск,Музей,"51.8646, -3.6369"
Замок г. Ельня,Mountain Peak,"-38.4052, -120.9448"
Парк г. Славгород,Historic Site,"2.6314, -104.9126"
Площадь к. Саранск,Public Park,"49.1495, -104.9517"
Замок г. Дзержинск,Mountain Peak,"29.2614, -22.2865"
Square of Torresville,Mountain Peak,"-31.5847, -15.5228"
Озеро д. Благовещенск (Амур.),Nature Reserve,"-64.9097, -17.1432"
Гора д. Новый Оскол,Famous Intersection,"14.7144, 84.9309"
Museum of South Christopherbury,Historic Site,"58.7734, -23.937"
Castle of Youngberg,Museum,"30.6379, -56.2632"
Museum of Colonberg,Парк,"-33.0209, 26.3548"
Парк ст. Джубга,Храм,"57.0466, -11.6886"
Музей с. Баксан,Museum,"-35.111, -111.7399"
Museum of South Jamieton,Парк,"-30.1514, 95.3488"
Музей г. Усть-Баргузин,Nature Reserve,"13.3527, 3.6789"
Square of Lisatown,Храм,"-21.0056, 147.243"
Гора к. Тольятти,Historic Site,"-45.9786, 64.5985"
Square of Sarahberg,Пляж,"-11.1762, 130.0434"
Парк д. Палана,Mountain Peak,"0.056, -10.6034"
Парк клх Оленек,Горнолыжный курорт,"-54.2352, -17.5481"
Castle of Laurenfort,Пляж,"27.9254, 133.9624"
Парк г. Елабуга,Nature Reserve,"56.0484, 91.385"
Castle of East Johnathanport,Храм,"-46.8468, 155.0635"
Museum of Leeberg,Пляж,"51.6856, 165.5384"
Музей ст. Магнитогорск,Исторический район,"17.0435, 150.266"
Bridge of North Carly,Historic Site,"42.7308, -91.7668"
Гора к. Ялуторовск,Historic Site,"-61.4084, 167.9956"
Парк ст. Юровск,Museum,"-35.985, -155.7651"
Square of New Gilbertland,Famous Intersection,"-8.0334, -53.4933"
Озеро д. Апатиты,Исторический район,"25.9175, -0.3984"
Замок ст. Обоянь,Nature Reserve,"66.2739, 93.699"
Lake of Port Stevenstad,Public Park,"-17.2104, -5.686"
Гора г. Новосибирск,Природный объект,"35.382, 13.0773"
Гора к. Калуга,Музей,"40.9744, -73.3885"
Музей п. Охотск,Mountain Peak,"-4.6067, 102.5485"
Park of East Maryburgh,Nature Reserve,"-56.7131, -62.8746"
Park of South Michael,Beach,"-44.4841, 159.8235"
Castle of Hunterland,Mountain Peak,"68.9064, -61.4439"
Square of East Sabrinaview,Public Park,"20.1094, 59.0887"
Museum of Sandershaven,Музей,"35.9332, -149.9054"
Museum of Kimberlystad,Famous Intersection,"-69.803, -40.151"
Park of Ellenmouth,Парк,"-43.8288, 125.4868"
Замок г. Снежногорск (Мурм.),Природный объект,"-3.8664, 23.178"
Park of East Theresa,Пляж,"58.2339, -22.0369"
Bridge of New Nicole,Природный объект,"57.3848, 106.2755"
Square of Port Derekmouth,Museum,"-13.6152, -80.0079"
Park of Moonchester,Nature Reserve,"-43.9684, -139.1107"
Square of Clarkville,Historic Site,"24.2874, 38.1811"
Museum of New Donnaland,Museum,"28.9151, 140.8352"
Lake of Foxside,Public Park,"-25.9506, 133.6678"
Lake of West Jamesbury,Nature Reserve,"-0.1402, 164.7929"
Bridge of West Kaitlyn,Музей,"7.3925, -145.5601"
Castle of East Kiara,Famous Intersection,"-15.3233, -156.0411"
Замок г. Кингисепп,Храм,"57.8995, -104.2056"
Castle of Nicoleborough,Landmark,"-4.9695, 40.6267"
Гора п. Великий Устюг,Museum,"40.0187, -40.1195"
Музей д. Краснодар,Beach,"43.8436, -24.9508"
Square of Kylestad,Famous Intersection,"-31.2089, -140.7183"
Lake of Rhondastad,Парк,"-17.7751, -166.3743"
Bridge of South Paul,Горнолыжный курорт,"-36.399, -83.752"
Lake of Lewisfurt,Исторический район,"50.505, 166.3829"
Square of Rodriguezborough,Исторический район,"-39.1197, -146.8816"
Park of Bruceview,Природный объект,"-57.4865, 14.803"
Lake of Manueltown,Исторический район,"-40.7146, -90.6534"
Lake of Cannonstad,Museum,"25.164, -116.1004"
Парк к. Лазаревское,Парк,"69.2552, -45.66"
Museum of Josephview,Famous Intersection,"14.9262, -58.5424"
Музей п. Чикола,Mountain Peak,"-22.1903, 56.6855"
Castle of Timothychester,Beach,"21.5337, 59.5744"
Парк д. Оса,Public Park,"-69.0628, 116.1955"
Площадь г. Калач-на-Дону,Парк,"-11.0803, 85.4991"
Lake of West Tinashire,Музей,"-30.8767, 150.8085"
Озеро ст. Середниково,Храм,"29.9624, -112.0492"
Castle of Rossbury,Museum,"61.3701, -32.0535"
Museum of Dustinhaven,Исторический район,"-20.26, -95.2149"
Lake of Davidland,Nature Reserve,"-38.5449, -131.3487"
Castle of West Justin,Пляж,"-61.5898, -151.0658"
Озеро ст. Нефедова,Храм,"67.2388, 60.8621"
Гора к. Норильск,Парк,"-54.9274, -79.432"
Lake of Jimenezfurt,Достопримечательность,"-27.9107, 8.3485"
Bridge of New Lori,Historic Site,"-32.7574, -17.1357"
Park of Kaitlinstad,Beach,"-65.4059, 6.2948"
Lake of South Trevor,Public Park,"-43.1278, -48.8195"
Озеро г. Бомнак,Landmark,"25.134, -68.7666"
Музей с. Можга,Природный объект,"-44.7894, -11.3812"
Bridge of Wattsshire,Исторический район,"-4.2137, -63.2355"
Castle of Port David,Beach,"-22.3649, 27.7361"
Square of North Kenneth,Historic Site,"-34.1644, -14.03"
Замок д. Абакан,Nature Reserve,"15.2333, -13.5753"
Museum of North Kara,Пляж,"4.7795, 141.8732"
Музей клх Мураши,Пляж,"-8.395, 76.073"
Площадь к. Орехово-Зуево,Public Park,"-21.0988, -43.9523"
Bridge of Reynoldsport,Достопримечательность,"-48.1472, 108.9035"
Озеро г. Крымск,Музей,"41.0315, -79.2297"
Museum of West Tylerburgh,Public Park,"29.5217, -99.755"
Гора п. Великий Устюг,Beach,"-47.695, 75.8437"
Lake of East Michaelmouth,Достопримечательность,"-25.8334, -50.7395"
Bridge of Terriville,Достопримечательность,"52.8766, -88.6889"
Park of West Linda,Museum,"-4.6246, 115.2279"
Park of Lake Brandi,Nature Reserve,"-39.2931, 44.755"
Lake of Ramosshire,Исторический район,"-25.9434, -102.0767"
Площадь п. Верещагино (Перм.),Храм,"54.3803, 169.4197"
Площадь д. Горячий Ключ,Храм,"-36.9782, 57.9825"
Площадь д. Гудермес,Public Park,"27.7275, -8.9845"
Lake of East Kathrynmouth,Mountain Peak,"48.2604, -123.6063"
Музей д. Цимлянск,Храм,"-10.7389, 84.8633"
Озеро с. Лабытнанги,Исторический район,"-2.0508, 54.1097"
Park of Hubbardton,Mountain Peak,"-10.1172, -65.7874"
Озеро с. Новочеркасск,Public Park,"-30.4343, -117.3325"
Музей г. Зарайск,Горнолыжный курорт,"-7.4278, 64.7015"
Museum of Jenniferberg,Public Park,"-41.7141, -68.9321"
Lake of South Erikaburgh,Beach,"19.6949, -141.9057"
Square of Lake Crystal,Горнолыжный курорт,"-27.1198, 154.1551"
Lake of Janetborough,Famous Intersection,"-6.5897, 33.4751"
Castle of Anthonyland,Пляж,"-56.1948, 121.4697"
Музей ст. Ухта,Museum,"62.8878, -113.6219"
Площадь клх Катайск,Пляж,"60.361, -127.8502"
Озеро п. Саянск,Mountain Peak,"-67.8027, -57.7489"
Castle of Lake Sarahshire,Храм,"-39.9794, 64.6533"
Bridge of Wrightstad,Парк,"33.4998, 16.0688"
Bridge of Port Larry,Достопримечательность,"-5.3894, 59.1211"
Парк клх Сергиев Посад,Парк,"-29.1865, -157.1953"
Lake of Pattersonport,Храм,"67.0385, -157.3403"
Museum of Lake Michael,Famous Intersection,"27.4437, -169.2673"
Площадь с. Шадринск,Historic Site,"7.2408, -35.64"
Музей с. Петушки,Beach,"-47.6705, 88.2725"
Museum of East Rodneyborough,Mountain Peak,"-36.5882, 35.9629"
Площадь п. Сусуман,Природный объект,"68.6234, 106.527"
Озеро к. Всеволожск,Beach,"-52.9327, 156.164"
Museum of Greenborough,Famous Intersection,"3.5726, -2.6004"
Bridge of New Heatherchester,Исторический район,"3.3756, 113.8421"
Музей клх Абинск,Музей,"63.3104, 89.8081"
Площадь ст. Бронницы,Mountain Peak,"25.1254, -38.1913"
Озеро д. Голицыно,Парк,"14.7897, 141.03"
Park of Kennethton,Горнолыжный курорт,"33.7317, -25.7972"
Замок с. Объячево,Famous Intersection,"27.6151, -168.4417"
Museum of Daltonland,Горнолыжный курорт,"-12.4001, -73.28"
Square of Robinview,Исторический район,"63.4379, 117.6212"
Museum of Acostachester,Museum,"-40.2388, 20.6321"
Museum of Bakerside,Mountain Peak,"-4.8545, -164.5046"
Озеро к. Белогорск (Амур.),Mountain Peak,"57.3012, -8.5385"
Парк к. Назрань,Beach,"-31.9068, 27.9313"
Bridge of Wallerchester,Парк,"30.6704, -11.7012"
Замок г. Александровск-Сахалинский,Mountain Peak,"-13.3371, 5.0535"
Гора к. Касимов,Природный объект,"-14.3998, -156.1238"
Гора ст. Меренга,Музей,"13.9744, -9.5118"
Park of Smithland,Mountain Peak,"-25.2852, 88.7429"
Музей п. Североморск,Beach,"-35.0392, 94.9428"
Museum of Caldwellville,Храм,"-23.2592, 163.3179"
Музей п. Троицко-Печорск,Горнолыжный курорт,"-39.045, 129.1884"
Lake of South Brenda,Горнолыжный курорт,"14.0828, -95.1248"
Площадь г. Мезень,Пляж,"-22.1913, 167.7932"
Lake of Janicehaven,Famous Intersection,"22.7, 130.1633"
Гора п. Пушкинские Горы,Mountain Peak,"-42.1415, -134.7674"
Озеро клх Жигулевск,Музей,"-50.824, -102.6382"
Озеро д. Салехард,Public Park,"-58.2775, -19.7248"
Bridge of Michelleland,Парк,"-60.6487, -22.793"
Park of Smithside,Landmark,"-31.1072, -25.0074"
Bridge of Pettyville,Исторический район,"-23.6803, 118.0193"
Озеро к. Ачинск,Горнолыжный курорт,"37.0251, 122.6815"
Museum of Carrollmouth,Landmark,"-36.2528, -145.0656"
Lake of West Travis,Достопримечательность,"-7.1847, 34.2811"
Museum of New Heidi,Пляж,"33.8928, -158.7013"
Гора д. Плес,Nature Reserve,"31.0044, -2.6277"
Музей г. Анапа,Historic Site,"-47.3241, -53.4862"
Square of Amandahaven,Museum,"-64.5631, 166.7737"
Озеро п. Суздаль,Mountain Peak,"-23.51, -90.9409"
Square of Sarahtown,Historic Site,"-14.7127, -38.576"
Bridge of Port Richard,Музей,"54.7868, -81.8316"
Музей к. Лазаревское,Природный объект,"-38.9929, 101.003"
Озеро с. Мичуринск,Nature Reserve,"50.1905, -49.0261"
Square of Jonburgh,Парк,"-59.0208, 130.4306"
Castle of East Jacqueline,Пляж,"13.9464, -62.2651"
Park of Jonestown,Landmark,"6.5795, 123.4338"
Lake of North Geneton,Храм,"21.8515, -82.4358"
Парк клх Артем,Mountain Peak,"8.3633, 169.0044"
Замок клх Калининград,Исторический район,"18.5385, -142.7988"
Площадь г. Каргасок,Достопримечательность,"-42.167, -83.73"
Bridge of Port Michaelton,Beach,"-54.6668, 101.1438"
Square of Lake Deborahside,Природный объект,"41.353, -139.7784"
Bridge of North Annettechester,Храм,"51.9627, 6.3569"
Замок д. Инта,Горнолыжный курорт,"23.7811, 22.6505"
Замок д. Кижи,Пляж,"6.1976, 29.6966"
Площадь с. Мичуринск,Public Park,"-19.0648, -167.4442"
Площадь с. Вязьма,Landmark,"42.2493, -93.8355"
Park of New Whitneyshire,Храм,"-17.2757, 4.9414"
Замок к. Юрюзань,Mountain Peak,"9.3022, -87.9606"
Bridge of Peckside,Природный объект,"-50.2608, 97.6851"
Озеро клх Голицыно,Public Park,"53.8513, -7.8299"
Park of Lake Peggyhaven,Public Park,"-18.3907, -25.0286"
Castle of Lake Jennifer,Природный объект,"17.1941, 57.3476"
Озеро г. Добрянка,Museum,"45.4118, 111.8995"
Castle of Evansshire,Historic Site,"-65.3535, 82.6604"
Озеро д. Елабуга,Museum,"61.8941, 70.9487"
Парк с. Ноябрьск,Historic Site,"-14.6412, 132.2986"
Замок ст. Черусти,Famous Intersection,"-35.016, 89.7804"
Озеро к. Серов,Historic Site,"-46.0163, -97.5947"
Площадь с. Ейск,Famous Intersection,"-66.9192, -27.2875"
Park of West Garyfurt,Famous Intersection,"-7.7586, 39.0266"
Lake of East Kelly,Достопримечательность,"2.1893, -133.7985"
Square of South Joshua,Природный объект,"-57.8744, -102.967"
Гора г. Корсаков,Природный объект,"39.3142, -136.3525"
Музей к. Ноглики,Природный объект,"20.8827, -116.2195"
Площадь к. Онега,Museum,"-60.736, 161.9443"
Парк клх Снежногорск (Мурм.),Храм,"17.2492, 19.6459"
Музей д. Южноуральск,Исторический район,"31.3792, 32.1555"
Замок к. Каргасок,Парк,"-58.8412, 102.6477"
Park of Lake Johnview,Горнолыжный курорт,"-12.7261, 103.9961"
Square of East Steven,Достопримечательность,"30.7101, 43.0009"
Castle of West Derektown,Пляж,"-45.6214, -142.5784"
Замок г. Челябинск,Public Park,"16.6636, 2.1588"
Гора д. Киров (Вятка),Mountain Peak,"35.1609, 96.6356"
Park of East Willie,Nature Reserve,"46.1193, 164.654"
Озеро с. Мирный,Beach,"-3.8823, -24.455"
Площадь с. Череповец,Nature Reserve,"-57.8783, 81.7402"
Замок ст. Стрежевой,Mountain Peak,"-47.1961, 102.7231"
Парк с. Иркутск,Beach,"9.8969, 32.0131"
Park of Port Jamesville,Природный объект,"46.1643, -21.2443"
Museum of Davidsonborough,Famous Intersection,"20.0757, -33.6107"
Castle of West Christina,Пляж,"-12.2985, -15.9112"
Park of East Melissaville,Достопримечательность,"-66.3634, 89.4496"
Музей к. Псебай,Парк,"-19.6194, 3.9538"
Lake of Caldwellhaven,Nature Reserve,"53.4613, 114.7362"
Парк с. Бугульма,Beach,"65.002, 27.9533"
Замок д. Екатеринбург,Nature Reserve,"13.8487, 94.2038"
Озеро п. Мытищи,Горнолыжный курорт,"-44.4, 151.5926"
Lake of Staceyton,Пляж,"23.8152, -110.0925"
Square of Nortonland,Famous Intersection,"-35.4652, 47.9183"
Park of Watsonland,Достопримечательность,"-59.8348, 19.991"
Castle of Thomashaven,Достопримечательность,"6.6415, 156.7102"
Замок с. Чебоксары,Храм,"-8.2166, -113.2912"
Гора клх Медногорск,Beach,"-69.2432, -38.701"
Парк клх Ишим,Парк,"39.7806, -123.934"
Площадь г. Пушкин,Nature Reserve,"60.8583, 127.7987"
Museum of Vasquezhaven,Mountain Peak,"43.9503, 92.1489"
Park of East Donald,Nature Reserve,"53.5086, -31.9147"
Lake of Port Karenbury,Парк,"-69.8607, 72.1909"
Bridge of Alvarezfurt,Музей,"38.646, 116.1918"
Park of South Joshua,Landmark,"-27.8727, 127.5769"
Bridge of New Brianmouth,Landmark,"-17.1235, 140.6332"
Lake of Port Diana,Mountain Peak,"-10.2535, -0.6049"
Square of East Patricia,Historic Site,"30.5473, -119.3894"
Park of Port Donna,Famous Intersection,"24.82, 86.6429"
Площадь ст. Оймякон,Landmark,"26.0615, -26.6323"
Bridge of Porterburgh,Historic Site,"63.3767, 58.4306"
Замок п. Кондопога,Historic Site,"-57.8196, -115.208"
Гора ст. Слюдянка,Достопримечательность,"23.8581, 69.2118"
Park of Port Andrewtown,Исторический район,"-27.3651, 161.8743"
Park of Christopherborough,Природный объект,"-31.6302, 58.9661"
Square of Petermouth,Парк,"23.0791, 36.7338"
Bridge of New Donaldville,Исторический район,"-36.5386, -6.9956"
Lake of East Charleshaven,Природный объект,"16.2146, -89.5289"
Замок п. Ивдель,Public Park,"-39.9828, -40.4087"
Lake of Port Johnhaven,Исторический район,"67.3156, 151.748"
Lake of Burkeborough,Public Park,"-24.5684, -158.9167"
Гора к. Быково (метеост.),Музей,"-10.5546, 103.8257"
Музей п. Александров,Горнолыжный курорт,"-0.1781, -87.1415"
Square of Walterston,Historic Site,"7.7868, -48.8883"
Lake of South Beckyshire,Famous Intersection,"-54.0008, 102.8165"
Площадь ст. Подольск,Famous Intersection,"-38.3216, -51.3334"
Музей д. Чикола,Beach,"-51.101, 62.1718"
Парк клх Орск,Museum,"58.1766, 68.4305"
Lake of South Amber,Храм,"40.043, -147.8823"
Замок г. Гдов,Nature Reserve,"26.8838, -47.3371"
Museum of West Stevenfort,Landmark,"-30.6086, -20.8225"
Замок д. Нефтегорск (Самар.),Historic Site,"-37.7864, -123.9857"
Музей д. Курумкан,Museum,"-1.7208, -20.1427"
Bridge of East Kristinhaven,Landmark,"-37.7327, 82.2994"
Lake of East Jacquelineville,Природный объект,"-58.8506, 126.8737"
Museum of Patriciabury,Парк,"-36.2839, 74.7439"
Площадь к. Токма,Музей,"7.14, -21.2382"
Замок клх Териберка,Landmark,"-28.0505, 149.5081"
Lake of Harrisshire,Mountain Peak,"-30.9671, -46.1249"
Park of Port Samanthachester,Природный объект,"-33.2366, 78.1234"
Museum of Amberfort,Museum,"-9.9667, -97.5751"
Площадь г. Котлас,Nature Reserve,"-43.0248, -91.0568"
Lake of Nicolehaven,Landmark,"-34.4844, -143.1306"
Музей п. Каргополь,Museum,"-22.9059, -120.9284"
Гора клх Советский,Достопримечательность,"29.5215, -30.4511"
Castle of Port Kristin,Historic Site,"-67.0405, 157.7433"
Музей д. Чулым,Landmark,"46.0859, 6.3143"
Парк с. Нарткала,Museum,"-29.1123, -72.5679"
Музей п. Печора,Музей,"-49.2334, -56.0049"
Castle of Emilyburgh,Public Park,"48.0345, -167.0996"
Square of Jenniferport,Famous Intersection,"-52.2291, -99.2739"
Озеро д. Юрьевец (Иван.),Пляж,"-59.1445, 55.5697"
Lake of Melissastad,Парк,"-35.7537, 82.9112"
Музей с. Медногорск,Музей,"-6.1261, 78.9067"
Музей г. Невьянск,Парк,"37.0428, -0.6592"
Bridge of Michaelstad,Исторический район,"38.7612, 57.0274"
Парк клх Неплюевка,Mountain Peak,"-7.7639, 58.9028"
Музей к. Ухта,Храм,"-38.665, -168.4173"
Bridge of South Christina,Музей,"-59.2847, -75.0158"
Lake of New Haley,Горнолыжный курорт,"3.2672, -0.4901"
Park of South Jenniferhaven,Музей,"46.8011, -116.0578"
Park of East Sydney,Горнолыжный курорт,"-68.0506, -141.2988"
Bridge of Lake Robert,Nature Reserve,"-15.3212, -102.4704"
Озеро г. Кыштым,Природный объект,"10.1136, -94.6109"
Museum of Stevensborough,Historic Site,"68.4254, 159.9606"
Park of Evanport,Nature Reserve,"22.5187, -88.9777"
Square of South Robert,Landmark,"21.4863, -109.4441"
Museum of South Allen,Landmark,"4.7958, -145.2386"
Lake of West Wendyborough,Природный объект,"-48.7978, 5.4863"
Park of Erikaborough,Горнолыжный курорт,"-61.3911, 18.7073"
Square of Davidview,Природный объект,"-31.4765, 148.2151"
Museum of Port Pamelaton,Public Park,"2.5573, 23.8879"
Парк с. Сибай,Пляж,"-68.539, -19.9884"
Museum of North Michaelstad,Парк,"38.7532, 162.365"
Lake of South Heatherhaven,Public Park,"-11.4165, 25.7683"
Гора п. Киренск,Горнолыжный курорт,"33.253, -164.9511"
Площадь д. Устюжна,Горнолыжный курорт,"44.0899, -61.938"
Lake of Stevensview,Historic Site,"-22.4138, 54.3655"
Парк клх Красноярск,Пляж,"46.4256, -46.7911"
Square of East Frank,Горнолыжный курорт,"-3.0203, -158.8286"
Park of Jasmineport,Парк,"-52.3266, 126.3228"
Площадь п. Шахты,Парк,"12.4276, 147.2675"
Museum of Walterberg,Храм,"-54.1066, 137.2782"
Museum of Robertville,Landmark,"-22.3228, 128.1255"
Музей п. Шадринск,Горнолыжный курорт,"-3.5041, 158.1323"
Castle of Lake Kimberlyfurt,Museum,"40.9396, 112.9223"
Park of North Jenniferton,Исторический район,"-41.311, -41.6887"
Гора ст. Санкт-Петербург,Достопримечательность,"-19.9625, -96.6044"
Площадь ст. Домодедово,Парк,"-7.0961, 58.2815"
Парк клх Карпинск,Природный объект,"-33.6595, 8.5797"
Гора п. Устюжна,Музей,"-52.5439, 29.5708"
Bridge of East Jennifer,Пляж,"-18.7301, 115.9665"
Square of Foleyview,Historic Site,"54.9483, -76.3399"
Square of Georgeborough,Mountain Peak,"-61.903, -131.5846"
Lake of Jeffreymouth,Пляж,"57.1906, -9.239"
Bridge of North Amanda,Mountain Peak,"21.1432, 117.3814"
Парк клх Оха,Природный объект,"-18.6314, 7.3358"
Площадь ст. Малая Вишера,Beach,"-13.5053, 155.1789"
Park of Rothstad,Горнолыжный курорт,"-40.7801, -65.9905"
Park of Wiseport,Пляж,"20.6461, -61.721"
Castle of Williamside,Природный объект,"9.7846, 147.3588"
Park of Lake Jeffreyfort,Historic Site,"60.1904, 138.2179"
Museum of Sellersstad,Beach,"44.9878, 81.826"
Museum of Saraside,Public Park,"57.2953, -112.8108"
Park of Leslieberg,Nature Reserve,"25.3256, 3.8713"
Гора с. Кырен,Пляж,"17.379, 141.3366"
Museum of Port Kenneth,Mountain Peak,"29.3134, 3.2596"
Площадь г. Абакан,Горнолыжный курорт,"-15.9414, 99.37"
Музей п. Нальчик,Горнолыжный курорт,"-25.8776, 101.5301"
Музей ст. Воткинск,Beach,"1.408, -97.138"
Парк д. Нефтегорск (Самар.),Природный объект,"-47.5833, -16.3771"
Museum of Robinsonville,Храм,"-6.269, 50.8179"
Museum of Johnsonberg,Mountain Peak,"-67.2805, -157.972"
Lake of New Charles,Famous Intersection,"-42.0841, -93.4954"
Lake of Evanshaven,Парк,"-27.1644, -24.8141"
Park of Josephside,Исторический район,"-57.9067, -89.1094"
Castle of Lake Jeremy,Исторический район,"-53.6068, -5.7957"
Lake of Davidton,Исторический район,"-62.5557, -29.073"
Square of Jamesburgh,Природный объект,"49.3248, 91.4694"
Park of Duncanmouth,Парк,"68.3625, -77.3018"
Castle of Port Karenport,Famous Intersection,"-25.3446, -89.269"
Lake of North Victoriastad,Famous Intersection,"-49.984, -131.8387"
Парк с. Устюжна,Исторический район,"-25.5652, 132.9481"
Museum of New Josephport,Landmark,"7.9709, -134.4564"
Museum of Gravesbury,Famous Intersection,"31.5301, 43.8806"
Park of Bradleyburgh,Пляж,"-66.2028, 40.6454"
Bridge of Robertburgh,Природный объект,"-9.8368, 169.8033"
Площадь к. Льгов,Пляж,"-39.7163, -167.037"
Bridge of Sandersfort,Landmark,"40.5002, 83.3586"
Музей ст. Онега,Mountain Peak,"-47.9971, 74.4645"
Castle of Wardport,Горнолыжный курорт,"67.1257, 63.3551"
Square of North Crystalhaven,Музей,"27.3155, 18.2493"
Square of Marymouth,Landmark,"34.6307, -69.1183"
Парк д. Ейск,Храм,"49.2485, -128.1352"
Park of Hayesfort,Landmark,"6.4004, -15.1572"
Park of Lake Josephshire,Public Park,"-60.7167, 59.4544"
Square of Arthurtown,Museum,"56.2919, 7.9913"
Озеро к. Калач-на-Дону,Landmark,"-67.6447, 17.8358"
Bridge of New Taylor,Исторический район,"-10.8974, 124.097"
Гора клх Горячий Ключ,Mountain Peak,"56.7051, 4.4795"
Гора к. Абакан,Пляж,"29.2227, -121.1063"
Музей г. Псебай,Mountain Peak,"-1.3625, 0.1086"
Castle of Bowenbury,Nature Reserve,"-59.5699, -41.6861"
Bridge of Harrellbury,Парк,"27.8729, 62.7444"
Square of Armstrongmouth,Public Park,"47.6525, 1.9691"
Парк к. Смирных,Природный объект,"-3.8157, -99.7171"
Bridge of New Drew,Парк,"44.9552, -80.3709"
Гора с. Усолье Сибирское,Пляж,"-4.9248, -138.1241"
Площадь г. Курганинск,Historic Site,"23.4636, -38.5579"
Bridge of Adamsland,Музей,"-28.6958, 159.1902"
Castle of Rodneyside,Museum,"21.0603, 122.8842"
Castle of Port Renee,Исторический район,"14.0145, -68.8927"
Bridge of Port Sabrina,Природный объект,"48.8159, -151.9602"
Bridge of Hughesfurt,Landmark,"48.7427, 10.3003"
Park of Geraldside,Museum,"-33.7861, 123.428"
Гора п. Ногинск (Моск.),Горнолыжный курорт,"-37.3216, 98.6345"
Square of East Stacey,Пляж,"37.8885, -75.775"
Музей с. Ирбит,Музей,"-29.1148, 137.0726"
Музей п. Данков,Museum,"-16.21, -149.8114"
Square of Burkemouth,Парк,"23.625, -47.1522"
Museum of Morrisland,Mountain Peak,"-62.3883, 73.5672"
Lake of West Adam,Historic Site,"29.0655, 53.5079"
Lake of East Theresa,Исторический район,"55.2908, 134.1761"
Lake of Nathanmouth,Горнолыжный курорт,"66.417, 139.4482"
Bridge of Port Traceyhaven,Public Park,"6.0037, 128.3733"
Castle of Derekchester,Храм,"-48.904, -91.4363"
Castle of East Christianville,Museum,"51.143, -147.1231"
Museum of Daltonville,Public Park,"39.5441, 44.2666"
Park of Josephfort,Горнолыжный курорт,"68.005, -62.1104"
Museum of North Katie,Mountain Peak,"-32.8522, -6.9524"
Park of Reesefort,Museum,"57.2268, 89.2651"
Bridge of South Charlestown,Исторический район,"29.4165, 96.5973"
Площадь ст. Смоленск,Landmark,"-41.0251, 97.2144"
Museum of Johnsonshire,Beach,"39.7706, 129.7631"
Square of Johnbury,Public Park,"49.0488, -45.2939"
Square of Lake Travis,Historic Site,"-53.5464, -1.7001"
Парк п. Плесецк,Mountain Peak,"-67.8474, -35.3521"
Bridge of Port Ericland,Public Park,"62.3441, 114.787"
Museum of West Tonya,Горнолыжный курорт,"-47.8857, 111.7082"
Museum of Allisonbury,Природный объект,"-42.8727, 62.7188"
Square of Port Tinafurt,Исторический район,"-69.0378, -85.7091"
Площадь п. Сладково,Парк,"-10.914, -59.2137"
Bridge of East Leah,Beach,"11.9096, 151.6122"
Square of West Daniel,Природный объект,"-63.7973, 111.4996"
Park of East Charlesmouth,Музей,"38.2752, -139.948"
Парк ст. Люберцы,Historic Site,"-25.8866, 89.5165"
Castle of East Joshua,Historic Site,"45.5054, 18.4729"
Замок с. Терскол,Nature Reserve,"-15.457, 85.8821"
Park of Alvarezborough,Исторический район,"-69.0008, 96.784"
Площадь ст. Красноуральск,Парк,"65.5736, 34.7982"
Замок д. Мичуринск,Храм,"55.8942, -4.634"
Гора с. Новый Уренгой,Музей,"39.3436, -72.395"
Square of New Kathrynborough,Mountain Peak,"16.6388, -141.0572"
Castle of Lake Douglas,Пляж,"-17.5504, 121.6778"
Замок д. Мичуринск,Исторический район,"66.6534, 2.6653"
Замок с. Краснодар,Famous Intersection,"22.366, -14.702"
Museum of Patriciaburgh,Famous Intersection,"52.0584, 109.1593"
Парк г. Геленджик,Famous Intersection,"6.1126, -40.7486"
Bridge of New Elizabeth,Природный объект,"-42.5097, 120.7303"
Square of Walterstown,Famous Intersection,"-67.4349, 53.058"
Park of New Sara,Достопримечательность,"38.1435, 37.3493"
Гора клх Апрелевка,Парк,"23.3859, -70.837"
Castle of North Michaelmouth,Beach,"36.035, -31.3423"
Озеро д. Бронницы,Музей,"66.9475, -17.8837"
Museum of Halltown,Природный объект,"6.3557, -154.0301"
Square of Christineville,Famous Intersection,"52.1132, -137.2012"
Lake of Rodriguezstad,Храм,"-67.5272, 165.9611"
Museum of Seanfort,Горнолыжный курорт,"14.3314, 9.3708"
Park of Williamsfurt,Historic Site,"2.9776, 108.04"
Озеро клх Моздок,Пляж,"-37.3393, 88.1118"
Замок п. Ангарск,Музей,"46.6673, -106.303"
Park of Moraleschester,Nature Reserve,"-53.7967, 96.0074"
Park of East Roger,Landmark,"10.5325, -152.8122"
Square of Ambermouth,Beach,"24.2044, 135.6891"
Square of East Cassandra,Public Park,"-28.6449, -95.8064"
Square of Andersonside,Музей,"-19.353, -74.0281"
Lake of New Dannyfurt,Museum,"62.0938, 30.2677"
Park of Anthonyview,Достопримечательность,"-8.8825, -58.3716"
Музей д. Краснокамск,Museum,"21.944, 50.527"
Park of Donnafurt,Музей,"66.5086, -46.3259"
Гора к. Усть-Кут,Природный объект,"-22.1033, 86.9166"
Гора г. Тында,Храм,"57.3528, 94.8581"
Парк д. Домодедово,Beach,"-1.1272, -133.6872"
Castle of Port Gabrielahaven,Famous Intersection,"-39.5902, 98.5981"
Lake of Muellerbury,Музей,"56.9599, -5.1148"
Park of Kevintown,Public Park,"35.9208, -116.9269"
Park of East Jodi,Landmark,"-54.2276, -169.9707"
Замок клх Минусинск,Landmark,"51.6345, -129.4571"
Парк д. Глазов,Горнолыжный курорт,"66.9218, -128.4065"
Castle of Mckenzieborough,Природный объект,"25.0769, -17.8855"
Площадь г. Шамары,Пляж,"58.8368, -156.7556"
Bridge of Robinside,Mountain Peak,"54.4817, 97.4914"
Bridge of Williamberg,Historic Site,"-13.6834, -44.6506"
Музей с. Глазов,Mountain Peak,"66.0769, 162.7022"
Square of Dwayneburgh,Пляж,"57.3178, 61.076"
Музей к. Шелехов,Landmark,"67.4823, -46.3054"
Озеро ст. Усинск,Горнолыжный курорт,"42.6954, 164.6681"
Park of Robinsonchester,Nature Reserve,"-33.8951, 151.2799"
Bridge of Jonesbury,Пляж,"50.521, 35.0935"
Museum of East Gregoryfurt,Famous Intersection,"34.7851, 58.3238"
Lake of Briggsport,Nature Reserve,"22.5097, 38.6365"
Castle of Lake Kimberly,Достопримечательность,"17.0329, 166.6827"
Гора п. Ессентуки,Пляж,"-0.5914, 96.1723"
Гора к. Яхрома,Музей,"-44.3545, -88.3727"
Замок г. Аргаяш,Landmark,"-49.9783, 94.8772"
Museum of New Benjamin,Museum,"40.8738, -107.1855"
Lake of Gillmouth,Public Park,"19.6143, 48.6014"
Музей с. Тында,Beach,"-31.157, -124.7733"
Площадь г. Шатой,Храм,"-51.5407, 168.0395"
Bridge of West Brianchester,Beach,"-48.5219, -23.4493"
Музей п. Аша,Исторический район,"3.7773, 48.3711"
Museum of Rosechester,Beach,"64.4902, 97.061"
Гора д. Каменск-Шахтинский,Museum,"-61.3164, 3.8074"
Castle of Coryfort,Пляж,"-0.6486, -74.3747"
Park of Lindaside,Beach,"-40.9784, 22.4548"
Park of Port Maria,Храм,"-21.6741, 48.8094"
Замок г. Пинега,Достопримечательность,"-57.0006, -64.5032"
Castle of Spencerfort,Природный объект,"46.0672, -120.5377"
Park of South Kimberly,Public Park,"-31.7302, 119.1231"
Замок п. Радужный,Храм,"48.9823, 34.4636"
Lake of Brianmouth,Горнолыжный курорт,"4.9358, -109.5417"
Square of New Clifford,Mountain Peak,"-68.5427, 62.294"
Park of Hebertfurt,Museum,"13.0381, -64.3213"
Museum of Allenborough,Храм,"-36.0172, 28.2089"
Lake of East Victoria,Famous Intersection,"24.5855, -92.3146"
Park of South Ashley,Пляж,"-28.4616, -5.0929"
Замок п. Чехов,Public Park,"-53.852, -25.1909"
Square of South Amanda,Landmark,"37.3894, -164.9056"
Lake of Barrettfort,Горнолыжный курорт,"-1.6442, 15.3598"
Square of Mosleychester,Museum,"-13.4469, 25.636"
Park of Lake Coreyland,Храм,"-16.728, 161.2576"
Замок с. Ейск,Горнолыжный курорт,"40.7757, 55.2061"
Гора к. Воскресенск,Historic Site,"69.2151, -30.8431"
Парк с. Джубга,Природный объект,"16.1649, -143.9021"
Bridge of South Heathermouth,Исторический район,"59.3641, -2.7671"
Park of New Dawnview,Mountain Peak,"8.271, 25.537"
Замок ст. Семлячики,Исторический район,"-47.1996, -158.1571"
Square of Hendersonbury,Mountain Peak,"48.1043, -136.4979"
Castle of Port Kaitlin,Historic Site,"-32.6891, -94.2488"
Lake of New Lucasshire,Famous Intersection,"-30.2524, -85.5931"
Museum of North Kurtburgh,Достопримечательность,"-13.6515, 6.871"
Museum of Port Lisa,Парк,"42.0576, 62.5402"
Square of South Jody,Природный объект,"53.4292, -140.1551"
Парк ст. Южноуральск,Nature Reserve,"21.7743, -103.2694"
Square of Barnesstad,Mountain Peak,"6.1098, 118.2407"
Castle of Allenshire,Landmark,"69.7692, 105.4509"
Park of Lake Darren,Famous Intersection,"30.0946, 64.5053"
Park of West Laurenberg,Горнолыжный курорт,"62.5145, 4.5082"
Гора ст. Белокуриха,Public Park,"-9.9983, -67.5076"
Park of East Joanton,Mountain Peak,"-22.7215, 20.2311"
Square of West Michaelside,Пляж,"-48.8463, -73.7956"
Museum of Joelshire,Парк,"63.2551, 38.5824"
Площадь д. Сургут (Хант.),Museum,"6.0325, -36.362"
Museum of Mooreport,Природный объект,"30.2374, 60.6899"
Озеро с. Юрьев-Польский,Исторический район,"-42.4084, -120.1934"
Площадь к. Кисловодск,Museum,"-69.5563, 97.9331"
Castle of Stevensmouth,Famous Intersection,"63.7582, -80.803"
Парк с. Верхний Баскунчак,Museum,"30.4469, -107.3384"
Озеро п. Кудымкар,Исторический район,"23.5743, -127.3388"
Площадь ст. Губкинский,Public Park,"-59.1985, 96.9729"
Square of Michaelmouth,Nature Reserve,"24.4513, 52.4986"
Замок г. Петухово,Пляж,"30.5071, 97.3719"
Lake of Lake Nicolefort,Beach,"40.3305, -84.0084"
Lake of Port Leslie,Музей,"-63.6777, -163.7439"
Bridge of East Patriciamouth,Nature Reserve,"-32.8068, -160.1134"
Гора ст. Приморско-Ахтарск,Горнолыжный курорт,"67.1481, 77.7561"
Park of Alvaradostad,Музей,"21.0694, 78.5152"
Museum of Lisastad,Public Park,"6.0895, 64.052"
Lake of Lake Natasha,Beach,"-49.0185, -163.2183"
Park of Kingtown,Музей,"30.3345, -50.1986"
Museum of Carlosmouth,Mountain Peak,"-55.7345, 87.5815"
Park of Lambertborough,Beach,"-65.6885, 24.394"
Museum of New Dean,Горнолыжный курорт,"-20.7384, 9.5779"
Lake of Lake Kenneth,Парк,"66.609, 43.4399"
Bridge of South Matthewhaven,Храм,"-11.0255, -146.4585"
Lake of Port Gina,Famous Intersection,"1.4422, 50.3791"
Square of New Kristinemouth,Парк,"56.7031, 18.457"
Lake of Tinaburgh,Nature Reserve,"-7.8944, -167.5064"
Park of Woodsfort,Пляж,"-2.9803, 166.7087"
Square of Bowmanstad,Famous Intersection,"-39.4784, 142.5764"
Square of Youngton,Исторический район,"40.1815, -133.0305"
Park of West Allisonville,Mountain Peak,"65.3173, -44.5035"
Lake of Lauraside,Храм,"-22.4108, -116.5056"
Парк п. Охотск,Музей,"-0.4966, -65.598"
Lake of Phylliston,Музей,"-50.6919, -29.0734"
Музей п. Красноуфимск,Природный объект,"21.6102, -141.9387"
Museum of North Debra,Beach,"58.0399, 26.8508"
Музей п. Нягань,Museum,"9.8501, -128.7126"
Замок д. Новосибирск,Nature Reserve,"-8.9403, 168.3416"
Castle of Kleinstad,Музей,"-29.3072, -13.7055"
Castle of Bakerchester,Historic Site,"-19.0725, -22.0559"
Square of East Katrinamouth,Музей,"-20.4813, 15.622"
Музей г. Черусти,Исторический район,"-39.1216, -109.0337"
Музей д. Нурлат,Landmark,"6.1502, -45.4572"
Lake of West Elizabethburgh,Достопримечательность,"-58.6285, 18.1487"
Park of Williamside,Пляж,"-37.1925, 23.5672"
Bridge of Port Ricardostad,Beach,"-11.3404, -120.4649"
Lake of Paulfurt,Nature Reserve,"24.5098, -16.2793"
Площадь с. Елец,Mountain Peak,"-29.9565, 29.44"
Castle of South Eric,Достопримечательность,"7.104, -86.3204"
Castle of Lake Lisa,Public Park,"-19.7302, 51.8744"
Square of Buchananchester,Природный объект,"65.7049, 124.8429"
Площадь к. Чикола,Горнолыжный курорт,"4.0566, -45.5631"
Парк к. Ульяновск,Музей,"-24.5119, 72.5273"
Castle of Gomezview,Historic Site,"-39.1245, 48.8162"
Square of Robinsonton,Beach,"69.9121, -43.3079"
Castle of Riveraborough,Historic Site,"-31.908, -9.3849"
Озеро клх Мурманск,Исторический район,"-26.7093, -72.0086"
Парк ст. Палана,Historic Site,"57.6123, -65.5752"
Музей п. Новосибирск,Famous Intersection,"-34.8843, 136.8672"
Museum of Lake Kathryn,Landmark,"-49.7106, -81.2157"
Castle of Allisonmouth,Исторический район,"55.3518, 74.2093"
Площадь д. Гатчина,Public Park,"1.5149, 164.8854"
Музей с. Сусуман,Пляж,"-69.0507, 52.9907"
Castle of Tylertown,Исторический район,"-50.3582, 32.2899"
Square of Saundersport,Famous Intersection,"-33.2619, -68.2762"
Castle of Toddmouth,Public Park,"-51.4648, -31.6833"
Museum of Lake Krystal,Beach,"46.8248, -8.0495"
Square of Jonesland,Горнолыжный курорт,"58.2899, 144.3501"
Площадь п. Валдай,Музей,"23.8297, 39.1051"
Парк клх Дагомыс,Исторический район,"-59.6637, 126.5036"
Парк п. Апатиты,Nature Reserve,"-39.2111, -121.6568"
Park of Lake Lindsay,Nature Reserve,"14.6117, -152.9681"
Музей ст. Нязепетровск,Горнолыжный курорт,"-0.9083, 134.1852"
Площадь к. Нарткала,Famous Intersection,"46.2797, 160.7058"
Castle of Derektown,Достопримечательность,"33.1528, -95.4794"
Парк клх Кировск (Ленин.),Famous Intersection,"-18.9678, -121.1549"
Парк с. Североуральск,Public Park,"66.8788, 22.4603"
Square of Michaelmouth,Природный объект,"16.1863, 165.2769"
Bridge of Port Danielle,Famous Intersection,"47.659, -101.8467"
Bridge of West Stephanieview,Landmark,"-6.6198, 113.4215"
Lake of Masonmouth,Исторический район,"-53.9132, 75.6659"
Замок г. Каменномостский,Nature Reserve,"-23.0087, 66.7491"
Castle of North James,Природный объект,"-55.1399, -66.5698"
Озеро п. Нурлат,Музей,"27.7503, -145.5655"
Bridge of South Jessicafurt,Famous Intersection,"-18.8059, -134.1749"
Castle of Port James,Храм,"56.2353, 20.2107"
Парк д. Бомнак,Historic Site,"-12.9519, -144.5765"
Castle of New Randall,Historic Site,"58.5468, 23.3197"
Bridge of Taylorchester,Landmark,"2.2851, 168.3105"
Гора г. Находка,Landmark,"59.1626, 60.9306"
Lake of North Reginaldmouth,Museum,"-2.8946, -84.4649"
Castle of South Catherineton,Достопримечательность,"2.339, 108.0192"
Музей п. Внуково (метеост.),Храм,"19.9342, -20.057"
Castle of North Nathanburgh,Museum,"59.3107, 123.7129"
Castle of Ryanland,Музей,"0.5843, 82.9427"
Museum of Jeremyfort,Historic Site,"-29.0013, 164.9209"
Площадь п. Смоленск,Landmark,"-16.1357, 38.3215"
Bridge of North Stephen,Nature Reserve,"-53.9289, -32.0829"
Bridge of Juliebury,Landmark,"-14.6647, -18.083"
Гора д. Тобольск,Historic Site,"-28.8231, 57.6016"
Lake of West Anthony,Famous Intersection,"28.4673, 22.7558"
Square of North Jesseburgh,Landmark,"2.8892, 54.6307"
Музей п. Сковородино,Достопримечательность,"65.6461, -106.8748"
Square of Port Brendan,Парк,"55.2091, -21.3048"
Park of Lunahaven,Достопримечательность,"-33.1865, 106.5571"
Park of Latoyaborough,Горнолыжный курорт,"-21.8123, -101.8427"
Замок к. Жигулевск,Landmark,"42.8936, 162.1991"
Museum of Lake Kelly,Mountain Peak,"-24.2169, -143.9803"
Square of Nelsonfurt,Historic Site,"61.29, 48.8481"
Park of Lake Timothystad,Landmark,"20.065, 129.3591"
Парк с. Междуреченский,Пляж,"58.4157, -6.2916"
Гора г. Орехово-Зуево,Famous Intersection,"39.6236, 34.2826"
Площадь ст. Северодвинск,Храм,"-25.1178, 64.647"
Park of Geoffreyton,Храм,"-45.7744, 9.3586"
Square of Port Tyler,Музей,"45.7235, -161.8256"
Park of Jennifermouth,Исторический район,"13.8205, -160.2108"
Square of South Russell,Парк,"2.0517, -50.6983"
Музей г. Кингисепп,Исторический район,"-49.9679, 64.4475"
Площадь с. Гремячинск (Бурят.),Public Park,"28.1882, -118.0521"
Park of Fostertown,Museum,"41.9177, 62.016"
Square of South Meganburgh,Famous Intersection,"-2.7747, -149.2868"
Square of East Janiceburgh,Nature Reserve,"-67.2362, 109.9629"
Square of Carriefort,Historic Site,"54.3419, 149.0577"
Озеро с. Советский,Парк,"-63.2797, 164.6967"
Square of New Brandon,Музей,"-0.7407, -139.0626"
Park of Banksstad,Пляж,"-5.4922, 117.2583"
Bridge of North Shawnstad,Музей,"11.0042, -167.8216"
Museum of Hunterberg,Парк,"-0.6824, -147.8516"
Square of Griffinbury,Музей,"42.4707, 36.3273"
Парк п. Камышин,Горнолыжный курорт,"41.1287, 116.5109"
Гора к. Середниково,Парк,"-7.8308, 72.7079"
Парк с. Игнашино,Горнолыжный курорт,"-64.8517, 51.6177"
Парк г. Пермь,Famous Intersection,"32.484, 39.5301"
Castle of Annatown,Храм,"-19.1742, -40.2381"
Lake of Garzaville,Public Park,"46.4855, -115.576"
Park of Fullerport,Парк,"-2.5294, -94.4862"
Музей клх Котельнич,Исторический район,"0.8877, 143.2906"
Lake of New Billy,Beach,"-4.8998, 145.1879"
Замок г. Томпа,Пляж,"-65.0355, -10.9451"
Castle of West Haroldhaven,Музей,"50.7757, 5.8987"
Bridge of Evanschester,Nature Reserve,"-43.4599, 137.4913"
Bridge of East Joshua,Горнолыжный курорт,"17.1956, -78.2248"
Castle of Port Justin,Famous Intersection,"24.4517, -146.5836"
Castle of Port Raymond,Historic Site,"36.0374, -162.8959"
Музей клх Красноуфимск,Парк,"24.9996, -47.7767"
Площадь ст. Городовиковск,Храм,"-49.1701, 123.6851"
Castle of West Christina,Храм,"-17.8268, -21.5359"
Музей к. Карталы,Парк,"-13.8819, 45.697"
Bridge of Port Andrew,Парк,"-37.9842, 163.7173"
Bridge of Lake Maryhaven,Mountain Peak,"-63.0897, -28.9103"
Square of Mitchellland,Nature Reserve,"-63.5054, 87.068"
Square of West Taylor,Музей,"10.5165, 26.9375"
Park of North Christophertown,Museum,"-20.1187, 67.5758"
Парк д. Семлячики,Landmark,"53.9174, -96.2974"
Парк к. Лысьва,Природный объект,"28.7447, -165.264"
Bridge of Kaylashire,Museum,"15.2955, -38.5454"
Castle of North Amber,Достопримечательность,"-40.3109, -111.5901"
Гора к. Серафимович,Храм,"-24.7276, -158.207"
Museum of South Deborah,Достопримечательность,"54.0875, 51.5925"
Площадь клх Москва,Famous Intersection,"-61.4079, -15.1321"
Lake of Mercadomouth,Beach,"5.0911, 168.9067"
Замок г. Ревда (Сверд.),Музей,"-51.7053, 13.1024"
Castle of Rileyland,Beach,"29.6803, 61.697"
Озеро с. Сунтар,Парк,"-33.8319, 111.2854"
Озеро клх Лабинск,Nature Reserve,"-20.9011, -38.7416"
Парк ст. Новосибирск,Famous Intersection,"27.7232, 7.1989"
Park of Johnsonberg,Храм,"-52.6268, 76.6667"
Bridge of East Melissaberg,Храм,"22.4112, 92.894"
Castle of Greenton,Музей,"59.7735, -99.107"
Park of Danielstad,Природный объект,"-6.0614, -44.4685"
Музей п. Ставрополь,Достопримечательность,"64.2428, -168.1842"
Square of Houstonton,Landmark,"-19.4253, -37.1213"
Park of South Raychester,Nature Reserve,"-66.7447, 136.1022"
Bridge of East Patriciahaven,Historic Site,"-8.7358, -101.4478"
Park of South Brucestad,Beach,"-36.0299, 167.9156"
Park of Williamtown,Public Park,"-10.6235, 96.4765"
Bridge of Pierceville,Исторический район,"46.328, -147.2806"
Bridge of Antoniomouth,Природный объект,"13.8623, -159.9638"
Lake of North Brian,Mountain Peak,"-28.1069, 99.3694"
Bridge of Jessicabury,Nature Reserve,"35.5552, -163.9163"
Museum of East Markton,Исторический район,"-33.0167, 18.6055"
Castle of Weberfort,Исторический район,"53.3138, 146.7568"
Castle of West Briantown,Public Park,"-30.7688, -27.6241"
Park of North Elizabeth,Горнолыжный курорт,"-36.1463, -129.7107"
Парк с. Юровск,Public Park,"-53.8841, 23.3122"
Гора к. Билибино,Музей,"45.551, -160.2634"
Museum of Roberthaven,Достопримечательность,"-53.7145, 108.5163"
Square of Brucetown,Достопримечательность,"3.8887, -56.0562"
Музей клх Сосновый Бор,Public Park,"-37.1121, 65.8681"
Park of Padillaport,Исторический район,"-51.3807, -167.5513"
Park of Bakerton,Пляж,"49.8847, -29.1007"
Museum of Lake Jason,Landmark,"-43.0694, -164.9342"
Гора к. Гдов,Парк,"29.2229, 70.885"
Озеро к. Крымск,Парк,"50.949, -89.0276"
Lake of Grantmouth,Горнолыжный курорт,"64.3964, -78.0868"
Lake of North Terri,Beach,"-55.6825, -66.0078"
Lake of Youngmouth,Mountain Peak,"-18.2226, 162.84"
Площадь д. Асино,Храм,"37.5264, -112.1559"
Замок с. Калач-на-Дону,Nature Reserve,"-0.8204, -135.5584"
Lake of Madisonport,Достопримечательность,"57.5297, -60.3285"
Lake of Michaelburgh,Nature Reserve,"-35.1394, -42.8541"
Lake of West Alex,Historic Site,"24.6315, -66.7281"
Square of Melissafort,Музей,"21.9941, 126.7548"
Lake of Georgebury,Парк,"42.5065, 47.1149"
Castle of Lake Brittany,Природный объект,"14.2941, -36.6009"
Park of New Kristy,Парк,"-40.8458, -108.6454"
Museum of Melaniefort,Famous Intersection,"-37.7359, -53.9267"
Замок п. Усть-Ишим,Mountain Peak,"-67.5156, 94.8076"
Museum of Montesmouth,Famous Intersection,"-28.9662, -144.4297"
Square of Dawnmouth,Public Park,"-15.9666, -9.1409"
Park of Port Patriciafurt,Public Park,"-54.5264, 169.5814"
Озеро д. Великие Луки,Достопримечательность,"-17.0966, 148.9401"
Castle of Robinburgh,Парк,"-39.4551, 3.6345"
Bridge of Mcmahonport,Природный объект,"-21.6534, -51.9981"
Park of Port Barbarahaven,Historic Site,"33.1967, -21.4733"
Lake of Jonathanchester,Famous Intersection,"4.7134, 104.8202"
Park of Elizabethburgh,Historic Site,"-16.8114, 65.5096"
Museum of New Michelle,Famous Intersection,"-58.652, 129.9298"
Park of New Katelyn,Nature Reserve,"-32.2329, 126.9283"
Lake of South Courtney,Горнолыжный курорт,"61.3474, 140.8908"
Замок д. Воскресенск,Nature Reserve,"10.7231, -144.4241"
Площадь г. Баргузин,Природный объект,"-57.1039, 102.0235"
Park of Lake Austinfort,Достопримечательность,"6.0527, -121.1039"
Музей г. Ржев,Public Park,"-60.1468, -64.5566"
Castle of Cookmouth,Public Park,"-32.9728, 73.2614"
Bridge of West Judithfurt,Пляж,"52.2909, 52.2114"
Bridge of Lake Robertbury,Храм,"-2.0997, -66.5755"
Гора д. Усть-Илимск,Музей,"-69.9782, -109.3441"
Lake of New Douglas,Храм,"55.4896, 116.6604"
Square of New Gabriel,Nature Reserve,"-5.1359, -74.4055"
Гора г. Снежинск,Исторический район,"41.6943, 155.6875"
Площадь к. Теберда,Mountain Peak,"-56.5327, -119.3896"
Park of New Julie,Достопримечательность,"-43.4497, -63.4221"
Museum of West Staceyshire,Горнолыжный курорт,"-54.0994, -147.0426"
Castle of North Antonio,Храм,"-56.9427, -165.5143"
Площадь клх Миасс,Храм,"36.9201, -33.1819"
Bridge of Port Jeffrey,Музей,"34.9044, -70.4935"
Озеро с. Кызыл,Museum,"-38.2304, 112.6203"
Museum of Port Cynthiaview,Музей,"8.5895, 41.5467"
Square of West Adamfurt,Природный объект,"15.9255, 165.2927"
Замок п. Ханты-Мансийск,Пляж,"-58.4347, 86.4367"
Museum of East Regina,Исторический район,"-14.1446, -1.7058"
Park of Sydneyborough,Достопримечательность,"65.2037, 133.4779"
Castle of Harrisville,Парк,"-2.569, 69.3469"
Lake of South Darrellhaven,Исторический район,"-59.8045, 88.928"
Museum of Kevinborough,Пляж,"26.5715, -142.7372"
Музей г. Мезень,Historic Site,"-30.316, -89.2275"
Square of Port Donnatown,Парк,"-25.826, 128.4037"
Парк п. Находка,Исторический район,"-43.5074, 88.9061"
Castle of Larsonbury,Природный объект,"-39.9857, -95.9331"
Парк с. Братск,Beach,"-60.0801, 163.0107"
Парк г. Красная Поляна,Public Park,"-35.2748, 62.6577"
Озеро г. Кетченеры,Nature Reserve,"-39.9328, 130.3986"
Озеро д. Шерегеш,Музей,"2.6748, -1.4212"
Замок клх Агинское (Забайк.),Famous Intersection,"-15.8502, -41.1842"
Гора к. Чокурдах,Museum,"56.6548, 140.0005"
Park of North Melinda,Famous Intersection,"-25.7639, 3.2468"
Музей клх Партизанск,Горнолыжный курорт,"49.6358, 57.9651"
Bridge of Jamesville,Пляж,"57.3255, 9.6214"
Замок клх Подольск,Museum,"-55.2684, -130.1605"
Square of Lake Johnfort,Historic Site,"-24.005, 48.2409"
Park of Guerreroland,Храм,"22.8375, 107.312"
Lake of Mirandashire,Beach,"0.49, 27.4742"
Bridge of Reneeside,Landmark,"8.7991, -59.0809"
Square of Lindseyborough,Museum,"-43.3723, 141.9492"
Bridge of East Sandra,Public Park,"-24.1781, 55.9887"
Castle of Josephville,Landmark,"-21.4116, 3.0284"
Замок к. Шатой,Public Park,"35.3674, 9.6676"
Парк с. Пушкино (Моск.),Музей,"42.8025, 44.1866"
Bridge of Bowentown,Historic Site,"34.6568, 78.0831"
Bridge of West Jameston,Достопримечательность,"-65.7298, 112.8408"
Museum of East Jill,Beach,"50.855, 4.4274"
Castle of North Williamton,Пляж,"-24.0332, -10.4154"
Square of Amandafort,Landmark,"-43.4663, -92.2036"
Park of West Charles,Nature Reserve,"-25.6171, 38.4419"
Square of Melaniefurt,Historic Site,"-50.2122, 108.3706"
Гора п. Арсеньев,Природный объект,"63.5803, 86.0198"
Castle of Weberbury,Храм,"50.8477, 59.3806"
Bridge of West Dennis,Museum,"-58.1877, -161.694"
Museum of East Melody,Горнолыжный курорт,"51.9975, -160.8795"
Озеро к. Глазов,Музей,"-56.7291, -109.7405"
Park of Pamelaside,Исторический район,"-48.0602, 152.1579"
Lake of New Paul,Природный объект,"-36.3623, -11.5465"
Museum of Jonesbury,Исторический район,"9.7301, 149.9567"
Lake of Torresstad,Nature Reserve,"43.7001, -92.8874"
Музей п. Благовещенск (Амур.),Природный объект,"-38.3727, 163.2121"
Park of Franklinmouth,Парк,"-9.5629, -19.3976"
Парк ст. Жигулевск,Горнолыжный курорт,"69.4649, 146.5194"
Park of Estesfort,Храм,"0.6289, -102.8778"
Castle of Wilsonfort,Famous Intersection,"20.3134, -142.7336"
Bridge of Floresberg,Famous Intersection,"23.4911, 94.1589"
Гора с. Старая Русса,Mountain Peak,"42.4159, 50.5149"
Castle of Lisachester,Исторический район,"-48.6409, 72.5745"
Castle of Webbfurt,Храм,"38.6409, 15.6501"
Museum of South Destiny,Public Park,"10.0926, -61.8079"
Park of West Adamborough,Public Park,"-28.5386, 151.4469"
Замок ст. Дудинка,Museum,"-53.1554, 11.847"
Lake of Port Christina,Nature Reserve,"53.6342, 7.1787"
Bridge of East Christinastad,Музей,"36.5359, -166.6886"
Озеро ст. Северобайкальск,Nature Reserve,"50.9492, 76.1227"
Bridge of North Stephanie,Public Park,"24.5332, -64.2927"
Bridge of South Blake,Mountain Peak,"-0.7975, 137.0836"
Bridge of South Mark,Горнолыжный курорт,"-18.8834, 165.9107"
Bridge of Stephenshaven,Природный объект,"44.3115, -34.1816"
Парк г. Ржев,Храм,"11.3651, -137.3279"
Музей клх Бугуруслан,Museum,"-14.4445, 120.5997"
Square of Port Kristin,Исторический район,"-35.5793, 169.4347"
Bridge of West Marissa,Public Park,"-28.9907, 30.6381"
Park of Port Charles,Beach,"5.1736, 118.5508"
Castle of South Caseytown,Пляж,"5.1261, -50.5936"
Museum of East Patriciafort,Public Park,"-12.8425, -75.4107"
Парк п. Игнашино,Museum,"-23.5054, 54.029"
Park of Ryanfurt,Public Park,"-59.8459, -61.2142"
Lake of New Christopher,Достопримечательность,"-22.1516, 118.7112"
Площадь к. Калининград,Музей,"-63.3885, 103.4307"
Площадь п. Сеймчан,Парк,"44.5918, 65.3304"
Музей п. Волоколамск,Храм,"27.7529, -129.6227"
Музей д. Белокуриха,Природный объект,"-29.1018, 85.6936"
Замок д. Плес,Historic Site,"-6.401, 90.4071"
Парк ст. Верхний Тагил,Парк,"61.5995, 85.0405"
Гора клх Орехово-Зуево,Парк,"-7.7271, 90.9111"
Square of Steeleborough,Достопримечательность,"-57.538, 159.9189"
Площадь п. Черняховск,Nature Reserve,"13.1071, 0.6736"
Castle of Walkerberg,Nature Reserve,"-59.436, 56.3116"
Замок с. Ейск,Музей,"-42.1453, 119.4709"
Парк д. Ейск,Исторический район,"-34.8483, -144.5172"
Lake of Courtneyport,Mountain Peak,"32.9055, -30.8607"
Музей п. Котлас,Пляж,"69.3103, 72.1607"
Square of Lake Rachel,Museum,"43.6789, -127.9026"
Park of South Antonio,Достопримечательность,"-58.2336, -102.8218"
Castle of Ruizport,Famous Intersection,"-19.6256, 80.0372"
Lake of Rossmouth,Исторический район,"-28.7494, -137.3996"
Square of Destinyfort,Храм,"48.9931, 111.2439"
Музей клх Тымовское,Historic Site,"-23.1656, 146.0299"
Парк ст. Кандалакша,Museum,"6.9749, 37.4449"
Bridge of Kleinton,Музей,"-28.2518, -111.219"
Музей д. Обоянь,Mountain Peak,"-53.3206, -162.8472"
Museum of Martinmouth,Достопримечательность,"0.8977, -142.9658"
Castle of Justinville,Museum,"11.8679, 84.4903"
Замок п. Пятигорск,Достопримечательность,"-25.3756, -77.4144"
Lake of Anthonyshire,Nature Reserve,"-28.9949, -56.255"
Музей к. Новосибирск,Храм,"36.9148, -38.2006"
Замок д. Арзамас,Historic Site,"4.2137, 10.1045"
Lake of Randallchester,Public Park,"-17.6442, 52.9386"
Lake of Nathantown,Исторический район,"69.3414, -84.3303"
Museum of New Andrew,Historic Site,"-67.4509, -70.7078"
Музей к. Магнитогорск,Historic Site,"50.8832, 73.2778"
Castle of Annettechester,Beach,"4.0165, -83.9561"
Гора ст. Красноуральск,Музей,"11.1444, 57.0591"
Castle of East Marthaborough,Храм,"17.1839, 23.5552"
Museum of South Jasminemouth,Nature Reserve,"-67.2814, -65.1798"
Гора п. Шелагонцы,Museum,"-63.4004, 63.6823"
Castle of Mitchellborough,Достопримечательность,"1.8322, -52.3293"
Lake of Vasquezland,Public Park,"30.0027, 24.8103"
Museum of West Bryanburgh,Горнолыжный курорт,"-13.1618, -53.5331"
Lake of Shaunmouth,Mountain Peak,"23.8299, -25.2098"
Bridge of West Ashley,Landmark,"18.3967, -11.5367"
Гора д. Одинцово,Public Park,"-36.7092, -116.3774"
Castle of Bakerton,Famous Intersection,"65.3587, 121.7494"
Park of North Kathryn,Historic Site,"21.3406, 39.9852"
Museum of Port Tonystad,Музей,"30.4751, -44.9857"
Замок к. Сосногорск,Nature Reserve,"-6.3364, -74.047"
Lake of East Brian,Nature Reserve,"-26.817, 159.0495"
Гора ст. Сосьва (Хант.),Mountain Peak,"15.6709, 126.5582"
Park of Kevinbury,Природный объект,"36.1156, 58.6958"
Square of New Jenniferport,Mountain Peak,"-23.1642, -63.632"
Square of Lake Jamie,Храм,"30.5753, 166.3574"
Озеро клх Миллерово,Famous Intersection,"-36.2083, -129.0385"
Гора ст. Оренбург,Горнолыжный курорт,"-32.4551, -100.0504"
Гора к. Соловки,Landmark,"53.1902, -8.2035"
Озеро клх Шелагонцы,Природный объект,"0.0699, 81.3825"
Museum of Rachaelbury,Достопримечательность,"54.4427, -79.4565"
Площадь г. Морозовск,Парк,"28.0266, -153.9539"
Bridge of Anthonyland,Historic Site,"-65.0134, 112.5555"
Гора п. Чусовой,Nature Reserve,"52.7231, -168.0625"
Замок д. Одинцово,Mountain Peak,"-57.5017, -80.1712"
Park of Holmeshaven,Nature Reserve,"35.1433, -19.9662"
Museum of New Jeffreyfort,Famous Intersection,"-13.241, -22.6851"
Bridge of Jasonton,Mountain Peak,"-19.6694, 48.7036"
Bridge of Timothyborough,Храм,"-15.4014, 44.1972"
Площадь г. Уфа,Mountain Peak,"-41.8493, 76.9275"
Lake of New Terriview,Museum,"56.4734, 32.693"
Park of East Cynthia,Горнолыжный курорт,"-33.526, -10.2261"
Парк г. Советский,Пляж,"40.4121, 102.4037"
Lake of Lake Brian,Nature Reserve,"-31.4767, -64.6732"
Bridge of Adrianborough,Пляж,"-12.0088, 24.369"
Park of Moontown,Природный объект,"-23.1312, 53.4138"
Square of East Gabrielbury,Famous Intersection,"27.6363, -124.1834"
Bridge of Carrillofurt,Храм,"6.0088, -8.8122"
Castle of Bennetthaven,Парк,"-51.3998, 59.1825"
Bridge of Martinezbury,Landmark,"65.2994, -35.1097"
Park of East Jason,Public Park,"68.869, 46.7446"
Замок к. Лысьва,Достопримечательность,"40.4267, 123.8723"
Museum of Hamiltonton,Landmark,"45.6035, -135.1639"
Museum of Henrymouth,Beach,"-42.6466, -133.279"
Bridge of Tiffanyshire,Природный объект,"-37.259, 97.2297"
Замок д. Нягань,Famous Intersection,"48.8185, -18.8873"
Lake of Tinamouth,Famous Intersection,"-12.8578, -152.02"
Озеро к. Миллерово,Горнолыжный курорт,"2.6025, 74.5439"
Bridge of East Tiffanyshire,Museum,"60.3234, -84.7634"
Замок с. Змеиногорск,Музей,"9.2793, -139.3066"
Замок к. Нижнекамск,Famous Intersection,"39.2555, 5.3685"
Lake of West Jenna,Museum,"22.4501, 117.9798"
Bridge of Port Gabrielleton,Historic Site,"47.9087, -74.3674"
Bridge of Jessicamouth,Museum,"66.3624, -0.7789"
Bridge of Smithshire,Museum,"-5.3161, -167.513"
Castle of North Stephenmouth,Beach,"31.774, -168.49"
Castle of Lake Kelly,Парк,"29.2015, 50.2203"
Музей с. Теберда,Храм,"-51.769, -101.9386"
Гора г. Дудинка,Исторический район,"23.4245, 91.4373"
Площадь г. Вендинга,Исторический район,"51.3969, -39.9323"
Озеро п. Мытищи,Исторический район,"-15.6969, -20.8818"
Замок клх Агата,Достопримечательность,"13.2119, -17.3636"
Площадь д. Губаха,Public Park,"-14.7383, -41.537"
Castle of Cummingschester,Храм,"35.8512, 82.5566"
Square of East Christopher,Museum,"50.3755, -85.2764"
Park of Forbesburgh,Природный объект,"38.7791, 129.1156"
Гора клх Неплюевка,Famous Intersection,"62.2379, 57.7782"
Museum of South Amy,Landmark,"54.4946, 27.8169"
Museum of Jonesburgh,Beach,"-33.1435, 98.983"
Square of Juliemouth,Парк,"-22.1897, 17.8837"
Площадь г. Оренбург,Горнолыжный курорт,"-2.5934, 113.2617"
Bridge of Medinastad,Достопримечательность,"10.35, -149.0575"
Museum of Christinamouth,Mountain Peak,"6.7285, -108.93"
Озеро п. Златоуст,Famous Intersection,"-45.7733, 132.1768"
Музей к. Ребриха,Музей,"-7.7574, -82.4301"
Bridge of Clarktown,Public Park,"-19.1956, -48.7436"
Гора д. Хужир,Парк,"-37.3343, 107.8877"
Bridge of Alexandratown,Nature Reserve,"69.8298, 51.0174"
Гора к. Охотск,Храм,"7.2949, 26.1441"
Площадь с. Махачкала,Парк,"-54.8625, -17.2075"
Museum of Knighthaven,Пляж,"19.8773, 71.3526"
Замок к. Тында,Достопримечательность,"29.4094, 149.2127"
Bridge of Hallside,Public Park,"4.1091, -166.1677"
Площадь клх Иваново,Горнолыжный курорт,"-48.7559, -109.3175"
Lake of East Jim,Nature Reserve,"5.4622, -82.4012"
Bridge of Justinchester,Пляж,"2.3102, -10.0563"
Park of North Sandra,Горнолыжный курорт,"40.4935, -66.8517"
Museum of Port Austin,Исторический район,"-32.9127, 13.4306"
Музей ст. Нижнеудинск,Достопримечательность,"17.9392, -51.915"
Гора с. Гдов,Public Park,"-44.3514, 26.9711"
Bridge of North Sherishire,Museum,"40.012, 50.6552"
Гора с. Уссурийск,Historic Site,"-10.8564, -68.175"
Lake of South Jenniferhaven,Famous Intersection,"56.1341, -144.2704"
Bridge of Jonathanton,Museum,"-30.7606, 45.4286"
Гора д. Курчатов,Famous Intersection,"20.1498, -149.4929"
Lake of South Cindyport,Исторический район,"-29.6461, 24.5572"
Square of Sallyfurt,Горнолыжный курорт,"61.4245, -17.6946"
Озеро с. Нягань,Nature Reserve,"26.0255, -126.5216"
Парк к. Элиста,Исторический район,"18.2669, 120.1417"
Bridge of Michaelfort,Храм,"54.5074, -160.5657"
Museum of Nathanielfurt,Музей,"-4.8141, 30.8195"
Lake of Port Johnhaven,Храм,"60.8565, 78.7571"
Bridge of New Angelastad,Горнолыжный курорт,"49.1118, -10.556"
Square of New Thomas,Public Park,"-23.0651, -9.8921"
Площадь г. Коломна,Nature Reserve,"48.4855, -48.8053"
Lake of East Roseport,Landmark,"-54.5664, -34.7922"
Square of South Cheryl,Museum,"-54.4079, 101.2665"
Парк ст. Уварово,Public Park,"-39.8667, -119.7972"
Замок п. Зеленоград,Природный объект,"-58.9427, -41.141"
Park of Lake Danielle,Famous Intersection,"-3.1013, -21.5889"
Square of Port Michael,Музей,"33.6293, 145.6247"
Lake of Colonland,Public Park,"-66.5301, 98.2256"
Park of Martinshire,Famous Intersection,"25.156, 108.6902"
Озеро с. Катайск,Горнолыжный курорт,"28.8882, 92.3457"
Музей с. Лабинск,Mountain Peak,"-45.3235, 73.8053"
Lake of Johntown,Landmark,"53.0127, 162.3421"
Озеро ст. Белый Яр (Томск.),Public Park,"55.5667, 65.8128"
Square of West Emily,Public Park,"45.3219, 44.9971"
Гора с. Онега,Исторический район,"-47.1041, 115.6536"
Square of East Frederickport,Природный объект,"-24.2713, -133.6115"
Bridge of Barreraburgh,Парк,"51.5902, -25.3974"
Площадь п. Тюмень,Достопримечательность,"47.6733, -77.4909"
Bridge of Port Leahport,Beach,"16.3268, -101.7671"
Park of Walkerstad,Пляж,"-40.8743, 7.9509"
Музей клх Вязьма,Парк,"-16.9725, -142.6838"
Музей с. Сургут (Хант.),Nature Reserve,"1.4141, -32.2591"
Гора г. Рославль,Парк,"-28.1856, 28.9694"
Park of Taylorbury,Пляж,"-21.1245, -156.4976"
Музей с. Мирный,Парк,"11.2393, 5.9944"
Castle of Jacquelineton,Исторический район,"-57.8396, -30.6695"
Озеро к. Далматово,Исторический район,"24.8732, 21.1368"
Замок клх Каргасок,Музей,"67.0673, -98.9687"
Square of Lake Shirley,Храм,"-62.0058, 78.0404"
Park of North Julie,Горнолыжный курорт,"31.7119, 4.5035"
Park of Andrewview,Храм,"-3.0654, 128.7466"
Lake of Lake Marymouth,Historic Site,"63.7318, -78.9928"
Музей д. Североморск,Музей,"53.2267, 96.5454"
Bridge of East Adam,Public Park,"-68.1582, -33.8864"
Bridge of South Charlesborough,Достопримечательность,"-68.6526, -45.1715"
Bridge of Whitebury,Nature Reserve,"-3.8775, -94.8791"
Гора г. Псков,Landmark,"-53.4603, -123.7994"
Park of Leeville,Природный объект,"24.1562, -30.8458"
Lake of Amyton,Nature Reserve,"-68.3939, -47.8567"
Castle of East Markbury,Природный объект,"-56.1444, -43.9819"
Bridge of Barbaraberg,Храм,"20.0622, 152.1269"
Площадь п. Североморск,Historic Site,"26.3978, -52.5346"
Музей п. Ямбург,Nature Reserve,"2.2313, 151.3747"
Square of Munozhaven,Музей,"-15.1907, 51.3924"
Park of Kelleybury,Famous Intersection,"1.1838, 9.8719"
Square of Wendystad,Beach,"32.1737, -65.8639"
Bridge of Michaelstad,Famous Intersection,"8.6017, -115.5935"
Музей п. Сеймчан,Historic Site,"-16.1888, 14.639"
Lake of South Heathertown,Пляж,"-69.154, 83.9814"
Bridge of New Alexandraborough,Public Park,"-13.9156, 148.3667"
Озеро с. Цимлянск,Landmark,"58.773, 138.7015"
Парк п. Шатура,Beach,"-29.6376, 118.4194"
Парк с. Муравленко,Пляж,"-20.4448, 162.9847"
Гора г. Санкт-Петербург,Горнолыжный курорт,"58.2262, -122.9319"
Castle of South Deniseburgh,Горнолыжный курорт,"-69.0822, 61.6123"
Озеро д. Шелехов,Достопримечательность,"-55.9488, -148.7954"
Castle of Oliverbury,Nature Reserve,"30.0253, -23.5586"
Парк ст. Тамбей,Парк,"-18.7628, 13.919"
Парк г. Мичуринск,Горнолыжный курорт,"-66.3228, -20.5431"
Castle of Morrisonfort,Парк,"46.566, -150.3815"
Museum of East Paulton,Historic Site,"-29.7833, 127.5855"
Museum of Edwardborough,Пляж,"38.4383, 96.1996"
Парк клх Балтийск,Public Park,"-6.1801, -20.7072"
Парк с. Нурлат,Пляж,"62.9747, 67.6222"
Square of Harrisbury,Public Park,"-46.1613, 54.604"
Bridge of New Jasmineport,Landmark,"6.7483, -107.0992"
Park of North Elizabeth,Public Park,"48.892, -73.3911"
Castle of Port Robertside,Музей,"30.7179, -73.6441"
Park of Kimberlyshire,Храм,"49.6715, 41.3951"
Castle of Lawrencefurt,Исторический район,"65.0839, -22.798"
Lake of Shaneton,Mountain Peak,"57.0627, 29.5944"
Замок с. Гремячинск (Бурят.),Beach,"-69.9251, -166.6734"
Замок к. Пермь,Mountain Peak,"-20.3368, -94.7419"
Музей п. Октябрьское (Челяб.),Музей,"48.1745, 82.7578"
Lake of North Alanland,Historic Site,"19.7995, -56.2653"
Парк п. Кузнецк,Historic Site,"-34.2638, -15.2243"
Музей клх Кашира,Landmark,"50.9413, -46.0379"
Square of Danielmouth,Парк,"0.127, 158.7573"
Museum of South Brucetown,Природный объект,"-35.8554, -29.2139"
Озеро д. Пушкинские Горы,Достопримечательность,"-46.3906, 118.3323"
Гора ст. Ахтубинск,Природный объект,"-33.8609, 157.4825"
Museum of South Christopherstad,Пляж,"29.0653, -82.4422"
Замок с. Тутаев,Historic Site,"50.0863, 141.5388"
Museum of Port Sheriport,Landmark,"-48.606, 109.4943"
Парк ст. Переславль-Залесский,Парк,"-18.1957, 40.7782"
Озеро к. Ардон,Famous Intersection,"-21.8685, -19.7855"
Castle of New Maryburgh,Museum,"15.1621, -85.2961"
Park of Nathanmouth,Beach,"-5.5596, 8.4524"
Замок ст. Ершов,Пляж,"0.3035, 27.0307"
Square of Kyleview,Природный объект,"-61.5799, -42.7628"
Museum of Wilsontown,Public Park,"-6.0977, 87.2"
Bridge of New Sierraville,Nature Reserve,"26.6145, 106.0751"
Bridge of Ethanport,Храм,"2.6958, -22.0695"
Lake of South Cherylchester,Горнолыжный курорт,"-18.5844, -115.9014"
Гора п. Хабаровск,Парк,"46.0955, 44.976"
Square of Lake Anthony,Пляж,"59.5661, 24.7477"
Замок клх Северо-Курильск,Парк,"34.0061, 137.2786"
Castle of Barnettland,Public Park,"-26.2923, -5.4832"
Square of Sydneychester,Природный объект,"28.2958, 63.1029"
Bridge of Jamesville,Mountain Peak,"20.096, -140.9179"
Музей д. Вязьма,Landmark,"61.4936, 94.6349"
Гора г. Сочи,Historic Site,"-14.6654, 142.1186"
Museum of South Tonyaton,Исторический район,"66.422, -68.9488"
Castle of North Jennifertown,Museum,"66.8919, 107.8976"
Bridge of New Alexander,Beach,"8.7618, 106.59"
Bridge of Port Joshua,Famous Intersection,"58.2479, 148.3553"
Park of Lake Brendaburgh,Парк,"-30.4388, 46.2962"
Площадь к. Урюпинск,Горнолыжный курорт,"-57.3519, 0.1914"
Museum of North Brandyhaven,Горнолыжный курорт,"-61.0102, -76.8437"
Park of Dustinmouth,Достопримечательность,"-68.7837, -76.1899"
Lake of Sharonfort,Famous Intersection,"46.8854, 149.1325"
Гора д. Апатиты,Historic Site,"-20.7305, 52.0846"
Bridge of East Marissabury,Nature Reserve,"-16.5643, -0.6577"
Park of Port Jacqueline,Пляж,"31.7864, 88.4897"
Озеро д. Печора,Исторический район,"-34.3854, -44.2783"
Замок г. Волоколамск,Пляж,"-37.1274, 123.1013"
Bridge of North Valerie,Mountain Peak,"39.7729, 30.6282"
Гора д. Гдов,Парк,"50.1501, 160.681"
Замок ст. Колпашево,Храм,"22.8064, 36.191"
Square of East Brian,Historic Site,"30.3836, -90.0756"
Castle of Grimesfurt,Famous Intersection,"5.7507, -96.13"
Bridge of Wrightshire,Famous Intersection,"4.1084, -41.8127"
Square of South Austinberg,Достопримечательность,"36.6246, 45.4442"
Bridge of Thomashaven,Природный объект,"-9.9059, 34.7047"
Museum of South Hectorbury,Famous Intersection,"56.8951, -130.3014"
Park of New Karenland,Landmark,"-11.2623, -107.2759"
Square of Johnnychester,Nature Reserve,"18.3431, -18.2766"
Castle of South Jonathanberg,Museum,"47.4191, -133.0783"
Square of Kimberlyborough,Музей,"65.0646, -57.0751"
Lake of Elizabethchester,Nature Reserve,"-36.5004, -110.3597"
Гора ст. Тихвин,Музей,"-2.4874, -164.9822"
Bridge of West Davidborough,Природный объект,"-51.7298, -103.9615"
Парк г. Листвянка (Иркут.),Пляж,"35.7257, -68.4277"
Castle of South Jaclynport,Достопримечательность,"-64.2468, -120.8364"
Museum of South Brett,Природный объект,"-54.1247, 61.6346"
Castle of Lake Carrieside,Горнолыжный курорт,"-65.4464, -105.3402"
Озеро с. Мураши,Museum,"-55.0769, 67.6897"
Museum of Lake Willieburgh,Храм,"-36.9394, -154.0531"
Bridge of East Garyberg,Горнолыжный курорт,"-8.7517, -50.4743"
Square of Bryantfort,Достопримечательность,"1.1885, -73.3082"
Castle of East Kaitlynstad,Природный объект,"-63.1875, -88.5949"
Park of Brownborough,Public Park,"32.4777, -151.4365"
Castle of Port Meganside,Nature Reserve,"26.5283, -19.8158"
Площадь клх Сосьва (Хант.),Historic Site,"26.8623, -60.6532"
Museum of New Caitlin,Public Park,"-16.8931, -92.1956"
Bridge of Port Jacobville,Исторический район,"-6.7452, -71.6124"
Park of Laurafurt,Природный объект,"25.1816, 129.9696"
Castle of Port Caitlin,Mountain Peak,"-58.1164, -78.3287"
Castle of North Angelamouth,Landmark,"27.9448, 71.4687"
Гора к. Калуга,Museum,"-41.916, -132.945"
Park of Montoyashire,Парк,"-58.8969, 49.8431"
Castle of West Tony,Museum,"-33.4246, -15.5909"
Музей г. Пермь,Mountain Peak,"7.9892, 69.4285"
Lake of Lake Jacquelinehaven,Достопримечательность,"68.6522, 106.3309"
Музей с. Богучар,Historic Site,"42.6537, 15.379"
Park of Port Ebonyville,Mountain Peak,"-60.5651, -104.2068"
Площадь ст. Курумкан,Beach,"6.925, -30.2238"
Park of Mcfarlandburgh,Nature Reserve,"-30.2208, -155.575"
Bridge of New Elizabeth,Beach,"-24.012, 89.7056"
Lake of North Thomas,Nature Reserve,"51.1597, 65.0467"
Castle of East Douglasside,Museum,"18.4487, 50.4139"
Замок с. Архыз,Парк,"32.7616, 22.9417"
Озеро клх Камышлов,Парк,"28.0997, -34.2776"
Гора п. Невьянск,Famous Intersection,"20.7329, 132.5474"
Bridge of Andersonmouth,Public Park,"5.1795, -126.0621"
Square of East Heather,Landmark,"-65.8577, 33.5819"
Парк к. Саянск,Beach,"42.7242, -162.0633"
Гора ст. Кашхатау,Beach,"31.3556, 65.0217"
Гора к. Выборг,Пляж,"2.9625, -95.8194"
Museum of Patrickland,Исторический район,"-0.2159, -45.3369"
Озеро с. Нефтегорск (Самар.),Природный объект,"-67.2942, -137.276"
Castle of Stricklandfort,Достопримечательность,"8.0978, -39.1038"
Bridge of Gloverland,Museum,"-68.7991, 84.8323"
Castle of Joetown,Beach,"-31.5404, -121.2153"
Площадь д. Усть-Катав,Природный объект,"-45.4216, 139.8702"
Museum of East Jacquelinemouth,Nature Reserve,"17.364, -74.1006"
Park of South Hollyport,Famous Intersection,"17.9765, -126.6546"
Парк клх Чусовой,Достопримечательность,"-27.0127, 15.7697"
Lake of Lake Edwardville,Beach,"-38.914, -56.6653"
Bridge of Heathermouth,Исторический район,"-22.6792, 70.1329"
Гора г. Магас,Музей,"44.01, 130.0288"
Square of Morgantown,Famous Intersection,"-65.3132, -50.8138"
Museum of East Angela,Достопримечательность,"25.186, 4.3696"
Lake of East Thomas,Пляж,"28.093, 114.6683"
Парк г. Набережные Челны,Природный объект,"-59.5528, 18.3656"
Площадь к. Когалым,Исторический район,"49.7707, 0.7069"
Bridge of South Heatherfort,Парк,"-6.0059, -111.7695"
Парк д. Каргополь,Исторический район,"15.7897, -66.4182"
Park of Webbberg,Достопримечательность,"-12.6061, 133.6685"
Замок к. Каспийск,Достопримечательность,"-17.4337, -139.6537"
Парк п. Сузун,Nature Reserve,"55.0185, 47.5413"
Square of North Brandonfurt,Museum,"-22.0464, -105.4647"
Музей ст. Рославль,Historic Site,"51.0907, -45.5181"
Castle of East Rodneymouth,Пляж,"-65.8097, -128.897"
Museum of North Danielle,Парк,"25.1933, -45.6697"
Гора п. Кудымкар,Famous Intersection,"-55.9803, 53.0672"
Bridge of Port Johnport,Public Park,"0.0012, -163.6609"
Castle of Sarahstad,Музей,"-17.1751, -111.7527"
Bridge of East Frederickhaven,Музей,"63.9468, 102.9362"
Square of Port Jonathanburgh,Исторический район,"-63.0071, -7.0972"
Гора г. Слюдянка,Парк,"-55.9584, -80.4479"
Park of Michaelshire,Museum,"25.0077, 84.0522"
Bridge of Port Elizabethberg,Музей,"-53.3453, 6.5191"
Lake of Mistybury,Музей,"46.0531, -32.9537"
Гора клх Билибино,Музей,"-19.8321, -75.3383"
Гора клх Киржач,Landmark,"-42.3114, -118.2478"
Озеро клх Лянтор,Beach,"49.9513, 142.3488"
Castle of West Roberto,Исторический район,"37.0574, 16.6007"
Парк г. Ростов-на-Дону,Исторический район,"-39.6196, -31.5021"
Парк п. Соловки,Музей,"5.5191, 10.1675"
Square of North Brent,Mountain Peak,"19.7158, 142.4016"
Park of Lake Tiffany,Горнолыжный курорт,"-7.79, -115.6149"
Площадь п. Горячинск,Храм,"62.3792, -148.219"
Парк д. Кудымкар,Достопримечательность,"-65.4312, -113.5611"
Bridge of Sonyafort,Горнолыжный курорт,"30.9599, 12.3978"
Площадь п. Ялуторовск,Public Park,"19.258, 0.4592"
Park of Bullockport,Горнолыжный курорт,"18.3191, -146.8523"
Музей г. Плес,Famous Intersection,"28.8596, -50.308"
Озеро ст. Пинега,Исторический район,"21.6551, -110.0555"
Гора д. Самара,Historic Site,"47.0727, 21.6764"
Square of Lake Alex,Nature Reserve,"-14.5351, -167.8311"
Парк ст. Ковров,Nature Reserve,"13.5249, 77.5564"
Гора к. Ирбит,Famous Intersection,"-29.2696, 63.5754"
Park of New Sylvia,Landmark,"-8.1835, 66.9208"
Park of Mooreshire,Mountain Peak,"-8.6902, 47.136"
Озеро д. Забайкальск,Достопримечательность,"22.1705, 115.9018"
Square of Woodville,Famous Intersection,"-21.305, -116.4778"
Bridge of North Michelechester,Храм,"28.389, 142.7866"
Bridge of East Nicole,Nature Reserve,"43.0964, 94.1447"
Bridge of Lake Chase,Горнолыжный курорт,"50.6194, -127.0451"
Park of Lake Jeffrey,Nature Reserve,"20.6476, 70.2645"
Озеро д. Алапаевск,Famous Intersection,"28.812, -126.3191"
Museum of Diazshire,Парк,"-49.2084, 3.6921"
Lake of East Elizabethborough,Парк,"9.3037, 18.676"
Bridge of Lovemouth,Достопримечательность,"-33.3554, 100.4273"
Square of North Anthonyview,Nature Reserve,"38.8469, 151.6667"
Castle of Port Brian,Природный объект,"28.4485, -7.5716"
Museum of West Sheila,Музей,"27.0467, -108.4554"
Lake of Wrightside,Музей,"31.0545, 106.1464"
Парк клх Обнинск,Museum,"8.9124, -103.7579"
Square of Port Michael,Горнолыжный курорт,"-35.7771, 76.0228"
Bridge of Moorestad,Горнолыжный курорт,"-67.2558, 66.552"
Озеро г. Каргасок,Пляж,"-0.0284, -81.7328"
Bridge of Danielville,Historic Site,"17.66, -135.8404"
Lake of Lake Feliciaside,Historic Site,"46.9444, -107.3907"
Park of Denisemouth,Пляж,"23.7942, 143.613"
Музей клх Тула,Храм,"-52.7485, -41.096"
Парк п. Ясный (Оренб.),Public Park,"65.3711, 150.3604"
Park of Watersberg,Горнолыжный курорт,"61.0733, -19.7005"
Square of Christineville,Храм,"40.7434, -123.017"
Lake of New Jeremymouth,Горнолыжный курорт,"-17.8185, -75.2286"
Замок с. Чайковский,Beach,"-28.4947, -101.9468"
Замок клх Колпашево,Музей,"45.9643, -126.3827"
Lake of New Brittany,Исторический район,"-21.7405, 57.1564"
Park of West Kathryn,Пляж,"-13.4994, 44.9299"
Lake of Karenbury,Музей,"-43.8529, 33.0959"
Lake of Elizabethside,Historic Site,"68.8455, 107.5446"
Замок ст. Ржев,Museum,"-25.2905, 80.7759"
Площадь к. Калуга,Музей,"38.8438, 40.2785"
Museum of Berryport,Mountain Peak,"-34.5449, 164.5017"
Гора д. Чикола,Храм,"-20.3355, -59.0391"
Museum of Port Clinton,Public Park,"38.8004, 94.5276"
Square of Michaelland,Famous Intersection,"27.4989, 106.1725"
Замок клх Ржев,Mountain Peak,"-37.2755, 87.5518"
Museum of Jostad,Горнолыжный курорт,"-14.5439, -57.187"
Museum of Martinezberg,Landmark,"23.0015, -10.336"
Museum of West Carolyn,Пляж,"65.1051, -48.821"
Озеро клх Липецк,Museum,"-17.2045, 157.8055"
Museum of New Brandon,Парк,"-55.3533, 62.062"
Озеро ст. Ербогачен,Горнолыжный курорт,"-46.5641, 49.4134"
Lake of West Kimmouth,Достопримечательность,"41.8663, -72.288"
Площадь с. Гдов,Famous Intersection,"-29.182, 134.6256"
Park of Glovermouth,Храм,"59.5695, 129.7807"
Озеро с. Карачаевск,Горнолыжный курорт,"-55.583, 105.9649"
Замок д. Голицыно,Museum,"13.5868, 125.7188"
Museum of New Charles,Famous Intersection,"-7.569, 132.7416"
Park of North Dustinmouth,Museum,"-9.3085, -82.7779"
Lake of South Amy,Музей,"46.6253, -156.9676"
Park of East Hannah,Historic Site,"48.571, -78.1884"
Замок п. Валаам,Famous Intersection,"-20.4199, -140.8504"
Озеро п. Междуреченский,Парк,"-31.743, -66.0155"
Bridge of Dannyhaven,Famous Intersection,"-65.8047, 43.1327"
Square of East Sabrinamouth,Парк,"-25.5995, -61.4654"
Square of Lake Loriland,Famous Intersection,"-28.9219, -166.7645"
Castle of West Nicholasside,Исторический район,"23.4683, 156.6533"
Парк д. Сунтар,Музей,"51.4499, 8.2373"
Замок ст. Апрелевка,Historic Site,"-5.252, -154.1269"
Park of Port Teresaborough,Парк,"44.4623, -80.2474"
Square of Thomashaven,Исторический район,"2.4575, -77.1164"
Музей д. Жигулевск,Famous Intersection,"-36.6721, -101.4221"
Park of Paulaport,Музей,"-64.9356, -149.045"
Музей с. Аршан (Бурят.),Достопримечательность,"-51.3894, -47.2919"
Park of Lake Johnnyburgh,Mountain Peak,"47.3572, -71.2894"
Museum of Adriennemouth,Достопримечательность,"47.269, -104.1914"
Museum of North Benjaminside,Landmark,"-16.5772, 166.987"
Озеро к. Кингисепп,Природный объект,"58.6893, 31.4746"
Озеро клх Тихвин,Храм,"17.6065, -159.4076"
Парк клх Лотошино,Public Park,"30.1277, -0.7267"
Площадь к. Арсеньев,Исторический район,"-25.7768, 161.9186"
Park of Nicolemouth,Famous Intersection,"-32.0048, -77.4971"
Музей г. Богучар,Музей,"21.7996, -113.9202"
Парк г. Макушино,Nature Reserve,"32.6459, -146.5263"
Площадь с. Руза,Mountain Peak,"52.7795, 167.8799"
Bridge of Lake Anthony,Public Park,"-58.6939, 119.8976"
Площадь к. Кисловодск,Музей,"24.765, 78.9834"
Парк к. Терскол,Landmark,"-13.4849, 125.4495"
Парк к. Усть-Калманка,Beach,"28.1777, -90.1115"
Музей д. Морозовск,Горнолыжный курорт,"48.3486, -153.199"
Bridge of Lake Sueberg,Природный объект,"67.2026, 97.3675"
Castle of New Jasonfort,Исторический район,"-50.6033, 113.8233"
Bridge of Bellstad,Famous Intersection,"-30.9226, -62.958"
Гора к. Рубцовск,Beach,"-25.3958, -23.9624"
Замок с. Кулу,Музей,"12.9418, 82.8869"
Park of Wilcoxstad,Famous Intersection,"-22.4943, -27.742"
Замок с. Гагарин,Горнолыжный курорт,"57.4067, -74.312"
Park of Matthewfort,Landmark,"-6.8275, -85.4719"
Замок ст. Кабанск,Museum,"1.1364, 146.3373"
Museum of East Frank,Famous Intersection,"14.5455, -2.1697"
Square of Kaylabury,Природный объект,"18.8863, -120.1627"
Lake of Port Kimberlyshire,Пляж,"62.1682, -144.4706"
Bridge of Jonesborough,Храм,"27.3624, -114.4171"
Lake of South Amytown,Парк,"-31.4537, -84.0524"
Bridge of New Troy,Famous Intersection,"-61.5875, 146.1758"
Замок ст. Елец,Парк,"-34.1913, 30.3038"
Музей д. Сеймчан,Парк,"-63.8188, -108.9449"
Castle of Weisstown,Достопримечательность,"21.9438, 45.1633"
Lake of Lake Danielland,Landmark,"-13.8388, -25.6371"
Castle of Fowlerville,Public Park,"60.6481, 62.6065"
Bridge of Jenniferside,Горнолыжный курорт,"37.0471, 74.801"
Площадь г. Ведено,Beach,"47.3193, 45.325"
Bridge of Kentshire,Historic Site,"-55.975, -82.8865"
Museum of Kevinchester,Public Park,"22.1608, 84.1761"
Музей ст. Обнинск,Исторический район,"58.8594, -81.9954"
Парк г. Лагань,Landmark,"1.38, -99.954"
Park of North Jessicashire,Музей,"-21.5952, -7.8591"
Square of Nicholsside,Mountain Peak,"-0.8712, 95.2467"
Озеро д. Мирный,Пляж,"6.7138, 73.7769"
Bridge of New Anthonyport,Public Park,"30.4473, 122.3758"
Парк с. Яшкуль,Достопримечательность,"-36.7781, -66.6029"
Площадь к. Анадырь,Музей,"-66.0369, -111.9954"
Park of Jeffreyview,Mountain Peak,"-52.9164, 159.4529"
Площадь ст. Череповец,Музей,"58.4813, -122.463"
Bridge of West Markchester,Mountain Peak,"-8.168, -16.7266"
Park of West Matthew,Храм,"28.5274, -123.3458"
Озеро г. Чайковский,Historic Site,"36.881, -137.3518"
Площадь к. Майкоп,Достопримечательность,"69.1373, 35.4463"
Castle of East Holly,Музей,"-63.6195, -89.0054"
Museum of Murphyburgh,Public Park,"56.7096, 63.6647"
Park of New Melissa,Храм,"-40.2161, -44.5209"
Museum of Paulaland,Nature Reserve,"34.3695, -101.9756"
Museum of Port Theresa,Landmark,"56.928, 133.587"
Парк г. Чита,Храм,"-51.8007, -11.32"
Гора д. Макаров,Музей,"40.9505, 169.878"
Замок клх Армавир,Парк,"-24.4989, 44.2689"
Park of East Sarah,Пляж,"4.2429, 118.0412"
Park of South Marcusmouth,Nature Reserve,"16.5534, -21.285"
Square of Valerieside,Museum,"-49.1051, 77.1659"
Museum of Andreburgh,Музей,"4.3114, -161.1532"
Square of Gregoryside,Парк,"-42.1187, -75.3321"
Озеро г. Кызыл,Природный объект,"48.994, -29.6352"
Square of Lake Lisaton,Landmark,"6.3053, 97.0477"
Площадь с. Ставрополь,Горнолыжный курорт,"26.2791, 85.2097"
Square of Belltown,Достопримечательность,"-24.0414, 137.1864"
Замок ст. Пушкинские Горы,Nature Reserve,"51.1862, -32.0806"
Bridge of Myersmouth,Музей,"5.2798, -131.0297"
Square of New Mark,Nature Reserve,"9.3422, 135.0171"
Bridge of New Katelyn,Музей,"57.305, -80.6125"
Озеро г. Красноярск,Historic Site,"-51.3864, 165.7439"
Museum of Harringtonhaven,Landmark,"45.2186, -160.8631"
Lake of Schwartzbury,Парк,"-34.1761, -50.0181"
Площадь г. Жуковский,Горнолыжный курорт,"-42.4117, 158.6463"
Park of Herreraberg,Famous Intersection,"-36.0643, -43.0408"
Музей п. Анива,Достопримечательность,"-49.3881, -96.6756"
Музей с. Сорочинск,Природный объект,"18.3754, -92.9107"
Square of East Laurabury,Пляж,"13.9619, 1.0358"
Площадь д. Токсово,Famous Intersection,"66.4307, -164.2898"
Музей ст. Всеволожск,Храм,"7.0956, 124.5073"
Museum of East Nancychester,Nature Reserve,"65.0682, 156.9283"
Museum of New Dennis,Historic Site,"33.4067, -132.5749"
Площадь ст. Ржев,Горнолыжный курорт,"68.6193, -163.7219"
Bridge of Baileyland,Public Park,"26.2246, -32.7077"
Lake of Johnborough,Достопримечательность,"-47.2127, -62.3908"
Парк к. Магадан,Храм,"-15.8181, 169.3216"
Lake of Franklintown,Famous Intersection,"-29.3044, -26.1361"
Парк с. Северо-Курильск,Природный объект,"3.1018, 89.2247"
Castle of Chaseville,Исторический район,"-23.1984, 122.1728"
Парк г. Тамбов,Пляж,"26.2074, -169.4959"
Lake of New Bryanfort,Исторический район,"41.2131, -120.2656"
Гора к. Мыс Шмидта,Парк,"-44.9615, -71.198"
Замок д. Сальск,Beach,"-68.3836, -45.1995"
Lake of Lopezville,Парк,"-43.0404, -50.851"
Square of North Lucas,Public Park,"0.451, -34.4278"
Музей д. Усть-Калманка,Музей,"-37.2642, -130.5816"
Castle of North Laurenmouth,Горнолыжный курорт,"29.5668, 165.0893"
Музей с. Дно,Beach,"-47.9594, 19.7365"
Lake of Rodgersside,Public Park,"-42.5639, -126.0887"
Park of Port Valerie,Достопримечательность,"-5.8534, 98.8296"
Lake of South Shannon,Музей,"32.1264, -74.4483"
Museum of Washingtonton,Горнолыжный курорт,"21.2779, 128.5559"
Площадь к. Бомнак,Mountain Peak,"16.667, -116.092"
Museum of Jessicaview,Famous Intersection,"-14.4953, -91.3649"
Lake of South Natasha,Пляж,"26.9914, -60.5639"
Square of Joshuaberg,Достопримечательность,"-9.7591, -109.5449"
Museum of Floreschester,Парк,"11.2227, -158.2828"
Castle of North Johnton,Горнолыжный курорт,"25.198, -0.5466"
Музей к. Коломна,Mountain Peak,"-28.7187, -121.3177"
Bridge of North Johnstad,Famous Intersection,"-29.7794, 84.0693"
Park of West Daniellemouth,Historic Site,"56.0577, 40.3008"
Bridge of West Amandamouth,Museum,"7.0177, -59.872"
Музей клх Рыбинск,Nature Reserve,"-3.8704, -98.5268"
Square of Port Markmouth,Достопримечательность,"13.1488, -116.941"
Lake of Mathewville,Public Park,"-49.7427, 63.1275"
Museum of South Christinaville,Historic Site,"2.8934, -96.4476"
Lake of North Andrewton,Historic Site,"40.6438, 111.6184"
Площадь г. Темрюк,Пляж,"-62.0614, -111.1531"
Озеро г. Моршанск,Достопримечательность,"-28.4997, -106.7544"
Park of New Bruce,Nature Reserve,"16.4036, -157.9347"
Castle of Nancyshire,Пляж,"9.2689, 41.7239"
Castle of Sheilabury,Исторический район,"-1.3815, 29.74"
Castle of Martinbury,Museum,"-26.5945, -169.3732"
Озеро ст. Павловский Посад,Парк,"-25.7471, 127.2495"
Square of North Malloryfort,Достопримечательность,"-67.9718, 47.8346"
Bridge of Kellyfort,Парк,"-49.0369, 104.1431"
Парк д. Курск,Исторический район,"8.9505, -92.4825"
Park of Jennifermouth,Landmark,"-34.5806, 82.4219"
Castle of Port Destiny,Beach,"-38.9934, 89.5777"
Castle of Snyderside,Исторический район,"41.9545, -97.4198"
Castle of Hendersonmouth,Public Park,"-21.1303, -70.3865"
Castle of New Elizabethton,Достопримечательность,"-4.4293, -112.0369"
Lake of Joshuaview,Landmark,"1.826, 21.5601"
Lake of Michaelchester,Beach,"44.9146, -77.6097"
Square of New Jacobmouth,Beach,"-18.6921, -127.2441"
Гора г. Семлячики,Beach,"-42.6624, 157.8482"
Площадь к. Верхний Уфалей,Парк,"-46.6588, 57.6823"
Square of Robertsmouth,Храм,"-48.9955, 137.2686"
Lake of North Richardshire,Парк,"-1.1778, -43.4246"
Square of South Melissa,Пляж,"-20.0511, -88.4153"
Озеро ст. Приозерск,Пляж,"37.8269, -59.6206"
Lake of East Matthew,Museum,"-0.792, 85.7842"
Площадь клх Гремячинск (Перм.),Nature Reserve,"-1.3633, 165.9397"
Park of Lake Larry,Исторический район,"-52.451, 159.3698"
Музей ст. Ногинск (Моск.),Горнолыжный курорт,"65.3529, -11.3572"
Музей к. Куртамыш,Beach,"50.7411, -153.8563"
Парк с. Приозерск,Достопримечательность,"-59.9471, 167.6002"
Музей к. Листвянка (Иркут.),Горнолыжный курорт,"-39.1658, -129.4478"
Square of Thomasfort,Beach,"-31.3294, -66.3511"
Гора д. Славгород,Mountain Peak,"29.8337, -139.3018"
Bridge of Payneview,Музей,"-36.2494, 138.8453"
Museum of Richardsonside,Museum,"-58.6837, 1.697"
Museum of New Larry,Горнолыжный курорт,"9.2812, 34.7552"
Square of South Erika,Пляж,"-5.6569, 122.9404"
Castle of East Amandaton,Парк,"-25.3018, -68.1826"
Музей д. Луховицы,Храм,"-7.6039, 21.0071"
Square of North Williamton,Музей,"39.8252, -81.0133"
Square of Lake Kimberlyborough,Museum,"-45.9451, 114.4693"
Lake of South Kristenborough,Горнолыжный курорт,"45.9033, 114.5419"
Замок клх Тобольск,Парк,"37.364, -20.3684"
Bridge of East Josephshire,Природный объект,"7.4714, -118.381"
Castle of South Michael,Historic Site,"-6.8572, 101.4445"
Lake of Port Julie,Исторический район,"-26.4172, 72.8911"
Гора д. Александров,Парк,"60.0518, 82.4838"
Гора к. Новгород Великий,Public Park,"28.4971, 17.41"
Park of Lake Sabrina,Landmark,"11.2131, -156.6945"
Park of Christieburgh,Nature Reserve,"48.4832, -90.5504"
Гора к. Светлогорск (Калин.),Храм,"33.3706, -32.6854"
Замок д. Мытищи,Достопримечательность,"-25.9236, -156.7833"
Bridge of Rochaberg,Парк,"-37.5454, -102.0758"
Озеро с. Нарткала,Famous Intersection,"-50.8568, -104.6853"
Lake of New Marie,Музей,"63.1671, 15.6083"
Lake of South Beckyborough,Public Park,"-23.3759, -112.6649"
Square of East Steven,Beach,"-5.3005, 34.2454"
Square of Micheleview,Музей,"67.0046, -97.956"
Гора п. Забайкальск,Nature Reserve,"12.7737, -145.104"
Square of New Melanie,Горнолыжный курорт,"36.8834, -18.4613"
Castle of North Ethanport,Famous Intersection,"50.4824, -99.9489"
"Площадь клх Москва, МГУ",Храм,"-58.2059, 159.1307"
Замок г. Фатеж,Historic Site,"0.6385, 111.2741"
Парк к. Химки,Nature Reserve,"32.6871, 25.1654"
Lake of Annafort,Museum,"0.3362, 55.7482"
Парк ст. Дагомыс,Beach,"23.2949, -112.6874"
Парк с. Красноуральск,Музей,"-14.1216, 32.2699"
Bridge of Whitneyhaven,Public Park,"19.2035, -115.2537"
Square of New Bryanmouth,Горнолыжный курорт,"34.9647, -70.1785"
Парк п. Югорск,Landmark,"-42.8058, 86.0026"
Square of Port Lisa,Достопримечательность,"19.442, -167.5433"
Парк г. Обнинск,Historic Site,"64.1118, 98.604"
Park of Timothyfurt,Парк,"34.9513, -90.7469"
Bridge of Port Jenniferside,Famous Intersection,"-5.4142, 85.2326"
Park of West Mollyfort,Beach,"-1.5357, 32.3404"
Озеро ст. Ербогачен,Landmark,"36.0831, 56.9636"
Замок клх Рязань,Горнолыжный курорт,"-13.3244, 118.3055"
Замок к. Волоколамск,Природный объект,"15.6613, 79.286"
Park of Jessicaside,Пляж,"-48.8623, 43.6606"
Park of Lake Dawnside,Храм,"-29.4473, -72.4264"
Гора к. Сургут (Хант.),Достопримечательность,"45.6672, -134.07"
Музей д. Луховицы,Landmark,"31.6991, 48.3"
Museum of Henryfurt,Landmark,"-29.0928, -79.0768"
Square of South Michelle,Famous Intersection,"-54.9867, 116.9342"
Музей ст. Терскол,Public Park,"-44.5933, 155.7721"
Park of West Jacobfort,Пляж,"38.4478, 134.5294"
Park of Wilsonstad,Landmark,"48.6085, -70.2448"
Lake of Paulstad,Пляж,"-42.311, -163.3692"
Гора д. Печора,Музей,"55.5071, 40.9832"
Bridge of Watsonville,Famous Intersection,"-22.7596, 80.8938"
Bridge of North Juliechester,Famous Intersection,"3.7203, 6.8593"
Lake of West John,Mountain Peak,"5.233, -6.3936"
Lake of New Lori,Landmark,"-48.9874, -141.8661"
Lake of Travischester,Храм,"61.3748, 3.0559"
Площадь клх Славгород,Достопримечательность,"13.7716, -118.3733"
Lake of Jessicastad,Парк,"44.4474, -66.5363"
Замок с. Черкесск,Famous Intersection,"-38.9399, 22.7024"
Музей ст. Октябрьское (Хант.),Природный объект,"-48.6464, 150.4008"
Музей к. Шарья,Nature Reserve,"-27.4199, -138.6794"
Lake of Avilahaven,Достопримечательность,"-14.9109, 144.2724"
Озеро г. Касимов,Храм,"-53.4917, -44.5142"
Bridge of Port Madison,Nature Reserve,"54.765, 24.6665"
Bridge of South Andrewbury,Beach,"-36.4717, 6.9739"
Парк п. Лесной (Сверд.),Исторический район,"-8.0418, 84.1971"
Park of Johnhaven,Музей,"55.1327, 45.9369"
Park of Reneeview,Исторический район,"39.34, 107.1996"
Bridge of West Charles,Landmark,"24.0515, 36.0179"
Castle of Schwartzton,Горнолыжный курорт,"21.4501, -145.4508"
Castle of Glennbury,Beach,"38.3857, -134.1201"
Museum of Stephanieview,Public Park,"-60.3095, 65.338"
Bridge of South Samuelstad,Nature Reserve,"-5.9746, -61.0672"
Park of New Henry,Nature Reserve,"-14.4927, -90.7611"
Park of Leahville,Исторический район,"57.4421, -74.8059"
Park of Elizabethtown,Пляж,"-44.0185, -147.139"
Музей ст. Усть-Ордынский,Достопримечательность,"61.0342, -62.7104"
Bridge of Lake Jennifer,Museum,"-6.1861, -62.1972"
Museum of Christopherton,Музей,"35.781, -84.6183"
Park of Jeffreyshire,Достопримечательность,"-34.5511, 164.2322"
Гора к. Баксан,Beach,"34.6989, 48.6916"
Площадь клх Невьянск,Beach,"-53.6436, 124.0484"
Площадь п. Щельяюр,Храм,"-28.4149, -7.9592"
Гора клх Барнаул,Музей,"39.8118, -36.5889"
Озеро ст. Красноселькуп,Пляж,"36.9071, 139.8536"
Bridge of Patelfort,Парк,"-47.5703, 43.7277"
"Музей к. Москва, МГУ",Mountain Peak,"-10.0943, 28.2856"
Гора клх Усть-Кулом,Landmark,"8.3572, 164.5819"
Озеро клх Уссурийск,Museum,"25.8998, -129.1973"
Castle of Weberton,Музей,"45.1486, -20.7585"
Замок с. Нарым,Музей,"-40.918, -135.1221"
Парк г. Катайск,Historic Site,"49.4173, -116.1737"
Square of New Crystalview,Historic Site,"7.1053, 84.0138"
Square of Cookfurt,Парк,"19.4988, -132.5106"
Park of East Anthonybury,Mountain Peak,"49.7592, -21.1859"
Парк ст. Кулу,Исторический район,"-66.2846, -88.3306"
Castle of Williamsberg,Исторический район,"53.7456, -26.679"
Музей клх Калач-на-Дону,Парк,"-1.0774, 61.2685"
Гора д. Прохладный,Исторический район,"35.6172, 154.563"
Площадь г. Шилка,Famous Intersection,"36.8782, 162.6345"
Castle of Port Jeffrey,Парк,"25.3934, 122.4679"
Park of South Richardport,Горнолыжный курорт,"-43.3202, -167.5352"
Площадь д. Александровск-Сахалинский,Горнолыжный курорт,"-54.7285, -62.7604"
Square of East Jacksonville,Nature Reserve,"-41.7753, -0.2828"
Озеро клх Азов (Рост.),Горнолыжный курорт,"42.6854, 47.4543"
Park of North Davidstad,Historic Site,"-29.1904, 165.2107"
Castle of New Samuelstad,Historic Site,"-29.6651, 139.5344"
Озеро к. Обнинск,Museum,"9.6851, 77.2572"
Castle of Brandonport,Mountain Peak,"-1.6381, 8.6588"
Park of Clarkview,Горнолыжный курорт,"-35.5494, -156.8132"
Гора д. Ахтубинск,Достопримечательность,"-67.9083, -19.514"
Lake of South Angel,Mountain Peak,"53.5421, 56.9464"
Museum of East Sharon,Природный объект,"-26.5514, -41.351"
Озеро ст. Кропоткин (Краснод.),Достопримечательность,"64.4448, 85.7994"
Замок ст. Усть-Илимск,Природный объект,"-4.5069, 32.6751"
Square of Austinmouth,Public Park,"58.8175, -5.1717"
Озеро ст. Снежинск,Landmark,"33.9853, -64.2582"
Castle of Carlosborough,Горнолыжный курорт,"-59.1905, 99.8358"
Square of South Susanport,Historic Site,"-5.9226, 102.207"
Музей п. Эльтон,Парк,"-64.7284, 169.4338"
Castle of North Patriciamouth,Beach,"56.6219, -141.3723"
Замок к. Богучар,Природный объект,"-4.4474, -9.961"
Park of Reginatown,Famous Intersection,"2.7424, 146.8852"
Парк г. Оймякон,Famous Intersection,"-46.9185, 86.0269"
Park of Rivershaven,Достопримечательность,"-1.3412, 141.0327"
Museum of East Justinshire,Historic Site,"47.4537, 79.1137"
Музей клх Смоленск,Mountain Peak,"7.5727, -99.9126"
Замок клх Амдерма,Парк,"57.027, -54.5917"
Park of West Carolynberg,Горнолыжный курорт,"53.858, 130.9783"
Museum of Lake Victor,Famous Intersection,"-21.7124, 153.1129"
Гора с. Суздаль,Парк,"-65.6819, 37.6223"
Museum of Port Victoria,Museum,"65.5928, -48.339"
Площадь клх Усть-Баргузин,Природный объект,"65.8775, 149.6739"
Square of Jasonborough,Museum,"15.4162, -83.6975"
Castle of Herringtown,Public Park,"5.5579, 10.226"
Замок ст. Качканар,Public Park,"38.3241, -90.6492"
Lake of Lake Sonya,Landmark,"7.9917, 140.7456"
Замок клх Плесецк,Museum,"-9.2881, -122.7057"
Озеро п. Батайск,Nature Reserve,"19.3752, -163.1163"
Square of North Daniel,Пляж,"12.5156, -57.6122"
Озеро д. Кедровый,Достопримечательность,"-23.7296, -56.9217"
Museum of Lopezton,Природный объект,"16.1425, -2.272"
Парк с. Анапа,Достопримечательность,"-58.8293, -110.2893"
Замок г. Ершов,Mountain Peak,"54.4943, -168.6461"
Парк к. Баксан,Парк,"36.9361, 14.1229"
Bridge of Port Eugeneborough,Исторический район,"44.7758, -39.5255"
Парк п. Агинское (Забайк.),Достопримечательность,"18.3418, -111.3973"
Парк п. Троицко-Печорск,Famous Intersection,"63.0935, -76.6619"
Музей к. Глазов,Достопримечательность,"40.8314, 38.6952"
Museum of Evelynmouth,Парк,"40.8032, 131.7832"
Музей п. Салават,Historic Site,"-16.8367, -144.9269"
Museum of Jerryshire,Famous Intersection,"-10.5732, 143.2077"
Гора п. Серов,Nature Reserve,"-42.3034, 26.9726"
Парк д. Кингисепп,Mountain Peak,"62.769, -156.4244"
Lake of North Linda,Храм,"-30.7357, -61.5638"
Lake of South Jennifer,Famous Intersection,"23.5107, -116.3481"
Museum of New Juliehaven,Nature Reserve,"37.8089, -72.2121"
Bridge of Wayneland,Музей,"68.8879, -162.058"
Музей д. Красногорск (Моск.),Храм,"30.0077, -128.8983"
Park of Dorothyside,Historic Site,"-18.2176, 35.9022"
Park of New Harold,Historic Site,"-29.6347, 56.0147"
Museum of New Annette,Природный объект,"-2.0366, 163.4927"
Lake of West Christine,Исторический район,"-35.034, 123.6815"
Museum of Tinaberg,Historic Site,"45.8185, 87.8769"
Park of New Austin,Public Park,"14.1299, -119.3725"
Музей клх Южно-Курильск,Public Park,"2.1238, -51.5614"
Castle of North James,Public Park,"-6.2088, -166.9552"
Square of Port Francisco,Природный объект,"54.2995, 46.0275"
Castle of North Jorge,Nature Reserve,"-19.4842, -127.6796"
Castle of Hudsonland,Парк,"-65.8805, -88.4035"
Lake of Paulaberg,Landmark,"68.3479, -48.8136"
Гора п. Смоленск,Public Park,"-3.3166, -98.6959"
Museum of Port Tonyafort,Пляж,"-36.0393, -117.5406"
Озеро с. Объячево,Исторический район,"10.2969, 150.3465"
Park of Nelsonport,Исторический район,"-26.5161, 27.2397"
Museum of Nicoleborough,Достопримечательность,"9.1678, 119.2841"
Гора с. Новороссийка,Famous Intersection,"45.0782, 116.2638"
Bridge of Simmonschester,Исторический район,"12.3776, -167.7833"
Square of Andrademouth,Public Park,"53.9393, 107.2"
Замок к. Кулунда,Museum,"1.505, -58.962"
Bridge of Lake Peterstad,Пляж,"39.0415, -11.1879"
Площадь п. Тверь,Достопримечательность,"21.5718, -130.6748"
Озеро д. Нарткала,Public Park,"-62.6672, 43.5357"
Озеро г. Ессентуки,Музей,"11.5264, 102.7158"
Замок с. Выборг,Nature Reserve,"49.3168, -13.8619"
Bridge of Tylerhaven,Храм,"-61.8869, -32.2574"
Park of Johnsonfort,Парк,"29.9881, -86.5481"
Museum of Parkerview,Famous Intersection,"9.9121, -137.7332"
Гора д. Александров,Landmark,"-15.7919, 61.4701"
Гора д. Карачаевск,Nature Reserve,"62.3401, -31.6533"
Озеро г. Туруханск,Храм,"-55.7586, -105.3494"
Площадь п. Мурманск,Historic Site,"33.0342, -155.9225"
Озеро к. Лабытнанги,Парк,"-5.5935, 138.1243"
Парк ст. Любань,Исторический район,"-66.8695, 65.51"
Square of Barnettville,Beach,"-45.9086, 139.9287"
Museum of Jennaland,Historic Site,"44.0548, -85.8369"
Park of West Clayton,Пляж,"-67.8662, -71.1322"
Lake of Port Adam,Historic Site,"-19.0676, -167.2438"
Lake of Harrisfort,Nature Reserve,"-12.2716, 20.5789"
Замок ст. Усинск,Landmark,"-15.308, -34.0953"
Square of East Lauramouth,Beach,"-54.9699, -139.161"
Замок клх Усинск,Исторический район,"-31.7865, -121.8804"
Парк д. Красногорск (Моск.),Природный объект,"66.7829, 135.4597"
Озеро д. Южноуральск,Храм,"68.6955, 142.5738"
Парк п. Нягань,Исторический район,"64.1813, -163.8937"
Square of Port Maryview,Музей,"-58.3285, -43.2005"
Площадь г. Салават,Landmark,"0.5585, 154.2491"
Lake of South Carolstad,Mountain Peak,"31.0748, 72.37"
Museum of North David,Парк,"-6.4724, 11.9637"
Гора с. Дзержинск,Nature Reserve,"38.5078, 36.5646"
Square of Pamelatown,Горнолыжный курорт,"52.5162, 155.6193"
Площадь с. Долинск,Beach,"27.1309, 6.4663"
Музей к. Астрахань,Mountain Peak,"-6.1472, 5.6628"
Museum of Port Keith,Landmark,"-9.6241, 128.9248"
Озеро п. Красноуфимск,Historic Site,"43.0818, -101.6826"
Castle of New Jonathan,Исторический район,"24.3833, 43.79"
Lake of Johnsonbury,Mountain Peak,"43.3603, -88.5856"
Гора п. Оленек,Famous Intersection,"67.0911, 121.7163"
Музей ст. Вуктыл,Beach,"28.7407, 149.3704"
Lake of North Michael,Mountain Peak,"-6.7603, -8.0918"
Park of Daviesmouth,Beach,"56.1742, 33.863"
Castle of New Jordanshire,Museum,"27.788, -61.3371"
Square of Port Jessica,Пляж,"35.8343, -99.2047"
Lake of Moorehaven,Природный объект,"46.9515, 111.2299"
Museum of Paceton,Пляж,"-58.3432, 156.5211"
Замок ст. Салехард,Горнолыжный курорт,"36.1373, -101.8433"
Lake of West Donald,Public Park,"67.9989, 14.4642"
Museum of East Christinaville,Пляж,"-0.9949, -114.0616"
Museum of Lake Courtney,Beach,"-8.7066, -46.7453"
Lake of East Davidfurt,Музей,"-12.7892, 74.5071"
Park of West Amystad,Исторический район,"-44.2164, 128.1754"
Square of New Brittanyberg,Mountain Peak,"51.3334, 39.9439"
Bridge of Derekmouth,Музей,"58.4714, -166.5047"
Park of West Robert,Природный объект,"-37.0747, -116.2516"
Castle of Vazquezstad,Музей,"-2.0445, -98.7316"
Bridge of Jacksonmouth,Исторический район,"-29.6138, -76.4626"
Озеро г. Всеволожск,Nature Reserve,"68.5435, -123.1883"
Замок клх Верхнее Пенжино,Nature Reserve,"-55.1928, 4.3541"
Museum of Samanthamouth,Исторический район,"-37.6324, 38.6175"
Площадь п. Голицыно,Пляж,"42.2568, -63.5807"
Castle of Hollandview,Горнолыжный курорт,"-37.8353, 160.4593"
Castle of South Nathaniel,Mountain Peak,"33.1848, 36.587"
Bridge of New Nicoleville,Горнолыжный курорт,"-42.5474, 20.2074"
Lake of Davidside,Beach,"38.7141, 139.252"
Музей д. Тутаев,Landmark,"61.9026, 27.4416"
Park of New Michaelland,Historic Site,"40.3715, 36.636"
Castle of Jessicaburgh,Historic Site,"9.1693, -45.6351"
Lake of Miaville,Горнолыжный курорт,"53.7765, -134.7271"
Парк п. Палана,Горнолыжный курорт,"-44.5882, 167.4415"
Museum of West Scottbury,Исторический район,"43.4227, 7.3006"
Площадь п. Горячий Ключ,Парк,"-27.6734, -51.8022"
Park of Lake Tammy,Museum,"63.9733, 163.6603"
Lake of Gutierrezfurt,Музей,"2.3143, 23.427"
Park of Port Carrie,Пляж,"66.201, 29.5223"
Площадь ст. Соликамск,Landmark,"39.3284, 14.5366"
Lake of Port Robert,Горнолыжный курорт,"20.9473, 97.3074"
Park of Garciaside,Museum,"-2.1514, -131.7901"
Museum of North Benjaminchester,Nature Reserve,"13.3761, -156.3107"
Park of South Sarah,Museum,"14.0795, -98.7865"
Museum of New Susan,Historic Site,"-60.9497, 152.7431"
Парк п. Новороссийка,Mountain Peak,"-44.5824, 167.6626"
Museum of New Jenniferburgh,Парк,"66.1013, -141.5518"
Lake of Port Brian,Nature Reserve,"1.5224, 97.348"
Площадь ст. Усть-Баргузин,Парк,"33.1745, -131.2475"
Озеро д. Сосьва (Хант.),Nature Reserve,"-33.3779, 152.0454"
Castle of New Kimberly,Горнолыжный курорт,"41.1639, -91.1937"
Парк с. Смирных,Nature Reserve,"29.6796, -9.8002"
Square of Curtisbury,Горнолыжный курорт,"9.2661, 121.7219"
Lake of Lake Richard,Landmark,"-38.2273, -108.401"
Square of Danaland,Public Park,"14.2465, 28.9602"
Museum of Port Jesse,Nature Reserve,"-44.4202, -77.6916"
Парк к. Дивногорск,Пляж,"-30.4952, 152.7856"
Park of Williamhaven,Природный объект,"7.6151, -127.0536"
Lake of North Thomasmouth,Public Park,"55.6862, 93.3175"
Площадь к. Астрахань,Пляж,"59.3385, -33.2869"
Озеро с. Белогорск (Амур.),Музей,"49.7825, 159.1772"
Замок с. Ялуторовск,Пляж,"63.5117, 98.6999"
Bridge of Orozcofort,Beach,"4.9002, 40.0765"
Lake of South Mariaborough,Famous Intersection,"60.662, 137.7022"
Lake of New Johnstad,Museum,"65.1594, -54.2219"
Музей п. Чикола,Исторический район,"2.8782, -157.5368"
Замок п. Беслан,Public Park,"46.7886, -15.6618"
Площадь с. Петропавловск-Камчатский,Nature Reserve,"-40.1874, 64.91"
Озеро клх Дудинка,Historic Site,"-67.4987, 131.7279"
Bridge of Scottfurt,Храм,"20.4426, 74.2895"
Музей д. Рославль,Historic Site,"-2.6341, 132.4102"
Площадь с. Нягань,Парк,"-50.9247, -82.4933"
Park of Michelleville,Музей,"58.6125, 26.6603"
Park of Lake Jennifer,Достопримечательность,"40.937, 77.0146"
Замок ст. Стрежевой,Beach,"-39.4721, 30.8733"
Museum of West Billyfurt,Public Park,"68.2517, -8.4915"
Гора д. Киров (Вятка),Достопримечательность,"-4.8261, 113.3321"
Lake of East Christineview,Museum,"52.7311, 60.7591"
Castle of Mannmouth,Музей,"-66.3492, 19.4449"
Square of Port Jeffrey,Горнолыжный курорт,"-32.4017, 84.9201"
Square of Leetown,Nature Reserve,"0.6113, -109.1068"
Озеро клх Курчатов,Famous Intersection,"-48.7466, -18.2594"
Castle of Hollyshire,Historic Site,"6.6344, 82.633"
Lake of South Glen,Пляж,"-48.949, -44.5621"
Замок г. Мирный,Beach,"33.2737, -27.0226"
Bridge of North Crystalville,Горнолыжный курорт,"-62.4895, -103.2931"
Square of Port Chelsea,Mountain Peak,"25.6207, -22.5777"
Museum of Torresstad,Famous Intersection,"-64.1776, 17.0081"
Парк к. Мурманск,Public Park,"-64.1466, -13.9665"
Замок г. Юровск,Landmark,"-34.8617, -134.8307"
Замок клх Сергиев Посад,Горнолыжный курорт,"-6.2742, 90.6492"
Park of Russellside,Природный объект,"-18.3262, 150.7841"
Bridge of Port Tinaland,Пляж,"51.7798, 139.0727"
Музей г. Братск,Landmark,"32.8203, 53.3773"
Castle of West Christopherhaven,Храм,"32.9426, 28.7914"
Площадь ст. Учалы,Landmark,"-30.9943, -0.0939"
Гора с. Петропавловск-Камчатский,Museum,"23.7834, 161.2129"
Гора клх Заводоуковск,Исторический район,"2.0475, -13.6644"
Lake of East Christopher,Музей,"-62.7355, 86.8218"
Площадь ст. Александров Гай,Горнолыжный курорт,"41.8753, -145.6738"
Square of New Gregory,Nature Reserve,"-53.7266, 46.0377"
Bridge of Gallagherchester,Public Park,"43.5773, 20.48"
Гора д. Липецк,Парк,"-18.6639, 96.4263"
Озеро клх Кашира,Парк,"-63.0967, 2.9303"
Озеро п. Холмск,Исторический район,"-15.7107, 67.5569"
Park of West Elizabeth,Парк,"8.0741, 69.0076"
Castle of New Angelastad,Природный объект,"-44.5411, -155.7217"
Park of Angelahaven,Historic Site,"-47.7825, -0.4996"
Square of West Robert,Природный объект,"24.8716, 17.71"
Замок п. Тобольск,Famous Intersection,"18.5721, 110.1515"
Площадь д. Тында,Museum,"4.7834, 17.116"
Museum of Mccoyfurt,Famous Intersection,"29.7269, -36.2027"
Озеро п. Махачкала,Beach,"50.5087, -155.5162"
Гора п. Саров (Морд.),Музей,"-48.8968, 162.6314"
Lake of Lake Kevin,Mountain Peak,"56.6024, -74.7003"
Парк к. Бугуруслан,Достопримечательность,"-48.3234, 144.5796"
Park of Turnermouth,Парк,"-40.01, 32.8831"
Square of Nealmouth,Museum,"-65.2011, -126.6481"
Museum of Kellyview,Historic Site,"14.8201, -27.3088"
Lake of Farrellton,Beach,"54.2422, -39.7453"
Музей ст. Семлячики,Landmark,"-4.578, 94.9282"
Музей с. Нурлат,Природный объект,"-40.7798, -101.6098"
Square of Williamsburgh,Museum,"-41.7114, -44.0119"
Парк клх Кетченеры,Famous Intersection,"17.9592, 24.7063"
Castle of Danieltown,Nature Reserve,"-7.4344, 121.9871"
Парк д. Троицк (Моск.),Beach,"29.3391, -146.5814"
Парк к. Раменское,Beach,"16.0257, -120.8308"
Парк ст. Невельск,Парк,"67.4938, -44.7919"
Bridge of Charlesbury,Музей,"19.0464, 155.691"
Замок ст. Тавда,Горнолыжный курорт,"-41.9222, -117.4437"
Гора д. Омск,Исторический район,"46.6547, -72.9064"
Lake of New Christina,Горнолыжный курорт,"0.4775, 38.9635"
Square of Caldwellton,Landmark,"-69.0292, 91.0682"
Park of Emilystad,Beach,"35.6326, 160.8223"
Bridge of Freemanport,Пляж,"63.5339, -108.0605"
Озеро д. Вуктыл,Природный объект,"-40.6848, 114.3064"
Музей п. Калач,Музей,"1.8503, 73.2475"
Square of Jamestown,Famous Intersection,"-62.7531, 57.3565"
Музей к. Егорьевск,Храм,"-18.6981, -116.4121"
Castle of Kimberlyfort,Достопримечательность,"-52.8112, -27.1563"
Square of South Danielle,Mountain Peak,"-59.0785, -53.0152"
Bridge of East Kaitlynburgh,Достопримечательность,"39.4405, 89.8833"
Castle of Meganburgh,Beach,"-3.6844, 40.9615"
Castle of Kirkfurt,Museum,"-62.239, -113.6053"
Парк к. Ахтубинск,Пляж,"33.8553, 76.3608"
Гора д. Челюскин,Museum,"-7.7074, -42.0326"
Замок с. Сеймчан,Museum,"68.5516, -168.125"
Castle of Mccarthyshire,Famous Intersection,"16.9025, -20.797"
Lake of Wallacefurt,Пляж,"24.9157, 21.5422"
Square of East Tammy,Достопримечательность,"-24.0304, -95.665"
Castle of East Steven,Музей,"58.3516, 78.1438"
Озеро д. Химки,Достопримечательность,"-16.452, -121.7749"
Парк с. Павловский Посад,Nature Reserve,"39.488, -157.8428"
Bridge of Kristaburgh,Храм,"-67.4429, 91.4672"
Park of Sharpborough,Beach,"31.0535, 98.7493"
Гора п. Краснокамск,Museum,"2.945, -150.6381"
Замок ст. Адыгейск,Famous Intersection,"3.27, 58.634"
Гора клх Октябрьский (Башк.),Музей,"-24.0178, 136.222"
Озеро г. Москва,Парк,"38.3798, 84.9826"
Park of South Jeanette,Landmark,"-48.5805, 169.3758"
Музей д. Ессентуки,Museum,"-51.4219, 47.5149"
Замок г. Охотск,Исторический район,"12.7023, 105.7979"
Park of East Joshualand,Храм,"-42.326, -62.8253"
Парк д. Холмск,Пляж,"-10.1957, 56.3662"
Замок к. Туапсе,Public Park,"-52.5751, -71.2586"
Castle of Matthewview,Достопримечательность,"25.5902, -133.2608"
Парк с. Калевала,Музей,"35.2687, -76.1714"
Lake of Smithborough,Historic Site,"-21.3144, 21.2551"
Bridge of South Carlybury,Mountain Peak,"12.4394, 96.6154"
Square of North Kristinafort,Музей,"44.4138, -114.4332"
Музей клх Котельнич,Достопримечательность,"20.0673, 125.257"
Bridge of East Raymond,Храм,"-13.1631, 50.9391"
Lake of Lake Jessicastad,Достопримечательность,"-41.0568, -32.5337"
Площадь с. Холмск,Historic Site,"-29.8009, -69.1601"
Castle of Port Nicole,Храм,"17.8052, 148.3988"
Озеро с. Чусовой,Mountain Peak,"-55.2907, 50.0933"
Парк клх Асбест,Пляж,"-0.7399, 144.7862"
Bridge of West Mirandaville,Museum,"-16.0742, -134.0251"
Bridge of West Mary,Парк,"68.7177, -68.2852"
Square of Lake Sharon,Парк,"60.7049, 6.1353"
Museum of Adamsmouth,Природный объект,"8.4851, 51.795"
Bridge of Judymouth,Храм,"57.4405, -38.5873"
Lake of East Tamara,Famous Intersection,"-11.5593, 160.3346"
Square of Craigville,Музей,"-17.7534, -5.672"
Bridge of South Chelseachester,Museum,"5.568, -155.6559"
Озеро п. Геленджик,Пляж,"-19.4302, 147.3441"
Lake of Lake John,Nature Reserve,"-26.826, -25.9432"
Park of Lake Steven,Горнолыжный курорт,"-62.8628, -148.488"
Замок г. Саров (Морд.),Nature Reserve,"35.5187, 81.854"
Lake of Kellyview,Historic Site,"14.0389, -100.4772"
Museum of Christopherview,Beach,"53.9681, 17.24"
Castle of New Jennifer,Beach,"-41.1895, -44.2176"
Square of East Jeremy,Nature Reserve,"17.6256, 35.3824"
Озеро д. Омск,Музей,"-52.11, 138.5406"
Музей п. Внуково (метеост.),Landmark,"-8.6465, 146.3485"
Lake of Flemingborough,Public Park,"68.6035, 56.3541"
Lake of Martinezshire,Landmark,"-12.5948, 69.2998"
Park of New Davidberg,Famous Intersection,"11.032, -23.4952"
Square of Johnsonbury,Nature Reserve,"27.3004, 166.706"
Парк к. Верхоянск,Famous Intersection,"10.6718, 60.5596"
Площадь г. Елабуга,Historic Site,"53.5131, 76.5779"
Bridge of Katherineshire,Исторический район,"61.8209, 84.0712"
Park of Terrellburgh,Исторический район,"-35.3689, -160.2507"
Lake of North Thomasburgh,Достопримечательность,"44.5283, -65.7648"
Парк ст. Тында,Famous Intersection,"-6.7227, 13.163"
Castle of Dennisville,Mountain Peak,"31.9649, -8.8674"
Музей г. Бодайбо,Historic Site,"-42.0409, 158.5138"
Bridge of Port Larryberg,Исторический район,"-44.2358, 101.6703"
Озеро с. Санкт-Петербург,Природный объект,"34.7906, -54.4201"
Замок к. Осташков,Пляж,"25.413, 136.2691"
Castle of North David,Достопримечательность,"13.8424, -17.7611"
Bridge of West Katelynbury,Достопримечательность,"-37.2089, 121.477"
Lake of Harveystad,Famous Intersection,"10.5414, -154.573"
Lake of New Dillonmouth,Landmark,"20.5285, -102.1855"
Площадь с. Чокурдах,Достопримечательность,"29.0975, -145.2209"
Castle of Lake Lucasview,Природный объект,"-55.5185, -70.3775"
Bridge of Obrienmouth,Public Park,"-24.0468, -28.4544"
Озеро п. Орел,Музей,"-21.9968, -133.5751"
Озеро к. Верхний Баскунчак,Nature Reserve,"-35.8665, -11.772"
Замок д. Тымовское,Famous Intersection,"15.9257, -39.18"
Парк п. Заводоуковск,Горнолыжный курорт,"-64.6493, 20.4605"
Озеро ст. Усть-Калманка,Public Park,"56.3026, 27.911"
Square of Maryburgh,Парк,"64.1683, 28.801"
Озеро г. Туапсе,Парк,"-23.6925, -99.8735"
Museum of Danielleshire,Пляж,"-41.8545, -130.9619"
Park of Joshuaton,Beach,"49.0257, -29.0852"
Lake of New Alexandra,Достопримечательность,"37.7802, -79.5713"
Гора к. Белоярский,Пляж,"61.8872, 129.6143"
Гора ст. Калач,Landmark,"63.9862, -62.1648"
Lake of North Kenneth,Historic Site,"34.2486, -139.4603"
Музей клх Кемерово,Mountain Peak,"-56.6002, 70.3154"
Гора клх Шатой,Достопримечательность,"56.8527, 160.4072"
Bridge of West Robert,Исторический район,"63.1846, 5.7656"
Castle of Smithtown,Исторический район,"-17.091, -96.4406"
Площадь д. Южно-Сахалинск,Famous Intersection,"-17.0075, 127.7755"
Bridge of Samanthafurt,Парк,"64.5455, 82.2812"
Museum of South Allen,Парк,"53.6456, -151.7002"
Гора клх Брянск,Beach,"-30.3918, 169.677"
Площадь клх Невельск,Mountain Peak,"-17.1468, -156.7967"
Музей с. Нягань,Природный объект,"15.7473, -72.1346"
Square of South Amber,Парк,"-42.0756, -47.0949"
Замок г. Моршанск,Historic Site,"69.8327, -29.2626"
Bridge of East Antonio,Парк,"-16.3824, -14.5742"
Museum of Pattonville,Mountain Peak,"57.6241, -18.2565"
Музей с. Анапа,Landmark,"9.0297, 83.5589"
Площадь клх Абинск,Природный объект,"62.4949, 107.8272"
Square of East Danielbury,Пляж,"33.1667, -159.7487"
Гора с. Приморско-Ахтарск,Достопримечательность,"14.4493, 1.692"
Озеро г. Вуктыл,Достопримечательность,"57.4921, 118.7405"
Озеро г. Беслан,Museum,"-24.9761, -119.9841"
Park of Kellymouth,Nature Reserve,"34.7498, -154.6499"
Park of North Keith,Famous Intersection,"-56.7884, 15.8945"
Square of Henrymouth,Исторический район,"53.697, -156.7125"
Парк ст. Калининград,Достопримечательность,"-23.6214, 161.3229"
Парк клх Сыктывкар,Museum,"5.4218, 166.5739"
Озеро клх Дно,Famous Intersection,"48.6122, 68.7629"
Bridge of North Rebecca,Mountain Peak,"41.057, -161.5169"
Замок клх Мичуринск,Historic Site,"-37.1091, 157.9382"
Square of South Stephanie,Public Park,"-10.4351, -144.0699"
Замок г. Вытегра,Пляж,"-2.7379, -144.9527"
Гора клх Семлячики,Музей,"0.0674, -0.9976"
Гора г. Баксан,Музей,"-36.677, -166.9556"
Гора клх Мирный,Landmark,"57.6101, -128.2709"
Castle of Susanshire,Храм,"50.7224, 7.3908"
Lake of New Kathryn,Famous Intersection,"-44.6455, -115.7962"
Площадь д. Усть-Джегута,Храм,"-62.9274, 77.2936"
Площадь с. Саянск,Музей,"32.6496, -43.1299"
Square of South Jonathan,Landmark,"69.1589, 52.7719"
Гора г. Ярославль,Достопримечательность,"-46.3986, -32.6399"
Замок с. Муром,Beach,"-10.9926, 65.303"
Площадь ст. Ивдель,Beach,"-21.9198, 126.3671"
Museum of New Mary,Парк,"39.1944, 92.5497"
Park of Port Mary,Парк,"-45.5341, -117.3557"
Парк г. Майкоп,Исторический район,"-45.5763, 117.888"
Lake of South Susan,Горнолыжный курорт,"-69.0464, 148.062"
Музей к. Назрань,Historic Site,"-58.2013, -15.414"
Lake of Rhodeston,Historic Site,"-7.5604, -88.1828"
Площадь с. Дудинка,Museum,"69.7012, -138.6815"
Lake of New Joyceland,Горнолыжный курорт,"36.5228, 114.9272"
Гора к. Двинской,Парк,"-40.6378, -152.4563"
Парк ст. Эльтон,Природный объект,"-48.646, -25.9143"
Bridge of West Veronica,Landmark,"50.8967, 17.7034"
Square of Crystalhaven,Museum,"-36.3308, -19.1399"
Museum of Derrickburgh,Famous Intersection,"-42.8553, -110.91"
Museum of West Janetland,Пляж,"-59.2231, 30.386"
Озеро п. Курумкан,Природный объект,"-3.5228, 167.2267"
Square of Norrismouth,Пляж,"-69.0028, 78.8788"
Museum of Lake Cameronstad,Природный объект,"53.7351, -77.5538"
Square of Lake Amanda,Музей,"-2.5257, -84.5802"
Square of Jesusberg,Historic Site,"66.4948, -65.0865"
Bridge of Mistyside,Музей,"20.2708, -138.8154"
Square of New Michael,Музей,"38.624, 13.9901"
Lake of West Karenport,Природный объект,"39.3234, 130.3043"
Lake of North Lindseyfurt,Природный объект,"-0.5808, 146.8906"
Парк п. Саров (Морд.),Горнолыжный курорт,"30.1951, 54.7021"
Square of Gatesborough,Достопримечательность,"24.4338, 14.0052"
Square of Troystad,Храм,"-30.3649, -37.4397"
Park of Port Danielleton,Historic Site,"33.7581, 52.4794"
Bridge of Lake Amymouth,Природный объект,"-7.1612, -161.9753"
Park of East Sheryl,Nature Reserve,"-48.2434, -40.9677"
Парк д. Азов (Рост.),Достопримечательность,"67.7095, -8.6317"
Square of Gomezberg,Famous Intersection,"23.3055, -69.6343"
Castle of South Carlville,Горнолыжный курорт,"32.5834, 149.724"
Lake of Hallview,Mountain Peak,"-54.3895, -140.8542"
Castle of Jameschester,Mountain Peak,"-44.6499, 60.1707"
Square of Harveyshire,Парк,"-66.2595, 33.5438"
Парк г. Бийск,Famous Intersection,"50.3583, 141.2193"
Lake of Elizabethstad,Mountain Peak,"-15.8369, -38.0006"
Museum of Lake Seanmouth,Парк,"-69.1008, 156.154"
Bridge of Harrisfurt,Исторический район,"18.7934, 20.2499"
Park of West Michael,Historic Site,"-46.0238, -19.6622"
Square of Lake Staceyport,Природный объект,"-62.9907, -35.4032"
Museum of Torresville,Храм,"-29.7837, -6.0187"
Castle of Jessicaside,Beach,"-19.6082, 6.2051"
Гора г. Александровск-Сахалинский,Public Park,"68.4061, -128.6813"
Park of East Markmouth,Горнолыжный курорт,"28.4035, 110.4215"
Гора ст. Сургут (Хант.),Nature Reserve,"-52.923, -28.2593"
Square of Houstonport,Парк,"19.8798, -40.0396"
Park of New Stephanieborough,Парк,"-12.5866, -118.2059"
Square of Gabrielshire,Музей,"23.1976, 47.4885"
Замок д. Северодвинск,Historic Site,"48.2932, -69.4965"
Square of South Maryhaven,Museum,"-41.7406, 103.9655"
Castle of South Patricialand,Famous Intersection,"20.8115, -1.4634"
Замок г. Петухово,Храм,"37.6123, -44.4961"
Парк с. Пышма,Historic Site,"-65.2523, -169.2788"
Замок г. Лодейное Поле,Исторический район,"68.3684, 6.7971"
Музей д. Моршанск,Nature Reserve,"-7.3639, -100.3839"
Square of Masonside,Historic Site,"-47.4242, -152.8286"
Парк п. Апшеронск,Nature Reserve,"50.1925, 116.8902"
Гора ст. Уварово,Beach,"58.3618, -56.8576"
Музей к. Южноуральск,Beach,"31.3144, 99.7394"
Castle of Port Linda,Музей,"37.9312, -96.9564"
Square of New William,Храм,"63.6493, 136.7102"
Lake of Welchville,Исторический район,"22.4354, -54.3803"
Park of South Ryan,Исторический район,"-46.5655, -92.6047"
Museum of East Jackport,Museum,"-6.8924, -108.0044"
Музей к. Переславль-Залесский,Достопримечательность,"-54.3797, -25.4642"
Castle of Knightmouth,Храм,"36.4543, 88.5508"
Гора к. Асино,Famous Intersection,"62.6118, 126.0621"
Площадь с. Урус-Мартан,Landmark,"48.9986, 165.7739"
Museum of Jonathanside,Landmark,"-65.362, -1.0046"
Lake of Berrybury,Public Park,"-32.497, -94.339"
Castle of Pricemouth,Пляж,"-63.247, -70.0219"
Музей с. Комсомольск-на-Амуре,Mountain Peak,"-32.5451, -165.8362"
Castle of Millertown,Музей,"-57.5398, 144.5232"
Castle of West Bryceside,Исторический район,"-61.3834, 27.0841"
Парк д. Морозовск,Mountain Peak,"44.9053, 118.8333"
Square of Smithbury,Beach,"-4.8018, 146.1364"
Замок к. Салехард,Mountain Peak,"23.7664, -114.6009"
Square of Port Jamie,Храм,"-6.3421, 152.1449"
Озеро ст. Джубга,Достопримечательность,"-21.047, -97.0971"
Castle of Tammyland,Landmark,"-28.7394, -136.671"
Museum of Ericview,Пляж,"14.3614, -59.7357"
Гора д. Южноуральск,Парк,"-2.7154, -63.3583"
Парк г. Горно-Алтайск,Парк,"-31.5262, 94.0367"
Castle of South Rachaelmouth,Музей,"68.3987, 54.9319"
Площадь п. Красногорск (Моск.),Museum,"-42.1319, -105.9467"
Park of Bradshawburgh,Public Park,"-10.0883, -7.3885"
Museum of East Kimberlymouth,Храм,"-62.8814, 126.4627"
Square of Rodriguezmouth,Горнолыжный курорт,"24.5707, -152.2478"
Castle of East Shawnberg,Достопримечательность,"-55.6202, 84.2116"
Bridge of Christopherfort,Mountain Peak,"62.1866, -58.4737"
Lake of Annhaven,Museum,"-66.5874, 49.5574"
Парк ст. Норильск,Public Park,"-9.4659, -106.7384"
Озеро г. Энгельс,Музей,"30.7886, 20.6039"
Озеро к. Змеиногорск,Famous Intersection,"-30.5361, 83.6553"
Гора д. Смоленск,Mountain Peak,"63.4457, 86.4279"
Museum of Lake Christopher,Горнолыжный курорт,"6.936, -51.0932"
Square of Hammondville,Исторический район,"63.8847, 65.8619"
Замок п. Сорочинск,Храм,"-46.8321, 92.7465"
Museum of New Michael,Музей,"-56.2221, 100.1426"
Замок ст. Ялуторовск,Public Park,"13.5656, 50.7489"
Square of West Jasonmouth,Пляж,"-58.2139, 141.038"
Museum of West Richard,Famous Intersection,"-43.0244, -118.5733"
Bridge of Port Ryanborough,Храм,"11.7578, -150.9303"
Castle of Johnsonfort,Природный объект,"-3.8451, 59.9024"
Castle of Port Jason,Famous Intersection,"-43.087, 143.4307"
Замок к. Уренгой,Mountain Peak,"-26.2773, -115.2402"
Lake of Port Kathryn,Mountain Peak,"3.8989, 17.6221"
Bridge of Jacobsbury,Исторический район,"33.8104, 47.7222"
Озеро д. Можайск,Historic Site,"48.1688, -88.4913"
Castle of Hardinmouth,Храм,"-32.0782, 26.332"
Museum of Port Mallory,Famous Intersection,"-65.6701, -148.1215"
Замок ст. Александров,Достопримечательность,"69.3776, -71.5406"
Площадь клх Кедровый,Famous Intersection,"8.5827, 23.2714"
Square of Thomasside,Museum,"-0.7736, 20.3269"
Museum of West Cameronport,Beach,"-34.1622, -101.966"
Square of Loganburgh,Парк,"10.7501, -82.8278"
Square of North Jonathanbury,Landmark,"59.3211, -12.7755"
Замок п. Ряжск,Пляж,"55.4491, -90.6362"
Озеро г. Балтийск,Храм,"40.3795, 63.2134"
Bridge of East Teresashire,Famous Intersection,"-7.9093, -55.4608"
Замок д. Норильск,Парк,"-23.5095, -43.1869"
Castle of Port Scott,Nature Reserve,"38.923, -114.1945"
Square of New Samantha,Исторический район,"45.7264, -93.4981"
Замок ст. Горячинск,Beach,"0.1026, 105.8428"
Парк к. Кострома,Mountain Peak,"-35.5813, 38.9752"
Park of Cowanview,Famous Intersection,"37.9712, -136.0741"
Square of Port Gabriel,Природный объект,"21.494, 3.0629"
Гора г. Нефтеюганск,Mountain Peak,"-26.5161, -127.9991"
Озеро клх Устюжна,Исторический район,"64.3546, 99.9803"
Castle of Port Sherryborough,Museum,"19.6219, 50.9428"
Озеро с. Рыбинск,Landmark,"21.3327, 49.237"
Площадь д. Новочеркасск,Mountain Peak,"-26.2504, 45.6242"
Гора д. Серов,Музей,"-49.3259, -37.091"
Castle of North Amanda,Famous Intersection,"54.1176, 65.7013"
Square of Lake Jeremytown,Public Park,"46.9827, 169.2188"
Площадь клх Арзамас,Музей,"53.7476, -113.8454"
Lake of Williamhaven,Museum,"-40.3594, -55.0087"
Парк п. Надым,Public Park,"-65.112, 27.3657"
Castle of Toddchester,Nature Reserve,"-48.4272, -69.4801"
Замок ст. Стрежевой,Beach,"7.0008, 90.202"
Park of Cindyland,Горнолыжный курорт,"-26.5419, 53.3151"
Square of West Tracy,Beach,"-36.2078, -2.7723"
Музей с. Таганрог,Парк,"-61.114, 5.4571"
Музей п. Шарья,Пляж,"45.4179, -75.879"
Площадь клх Шали,Достопримечательность,"57.1279, 129.1817"
Озеро к. Макушино,Mountain Peak,"-27.6222, -73.5613"
Lake of Turnerfort,Исторический район,"-15.4379, 117.3675"
Парк ст. Алапаевск,Пляж,"6.4806, -21.2718"
Площадь г. Звенигород,Landmark,"-48.0689, 104.4645"
Озеро ст. Октябрьский (Башк.),Музей,"-13.7468, -39.5244"
Square of Michaelstad,Nature Reserve,"-13.1558, 73.2442"
Park of New Brian,Парк,"-47.8133, -68.7339"
Castle of Davidsonfort,Mountain Peak,"-46.8144, -123.3689"
Замок д. Кингисепп,Museum,"-63.7675, 98.9405"
Square of Joeland,Природный объект,"-69.4396, -88.3238"
Озеро г. Старый Оскол,Исторический район,"19.044, -89.1439"
Площадь ст. Комсомольск-на-Амуре,Museum,"-17.4008, -52.7726"
Lake of Davisview,Landmark,"36.1413, 162.7252"
Lake of Port Melissahaven,Famous Intersection,"-43.9722, 56.5803"
Castle of North Amandachester,Landmark,"69.3087, -102.8121"
Гора д. Рыльск,Пляж,"54.3261, -55.6268"
Park of Weeksburgh,Горнолыжный курорт,"49.7289, 168.031"
Lake of Kimberlystad,Historic Site,"-51.4364, 13.518"
Museum of West Heatherville,Музей,"-1.3586, -0.5677"
Lake of East Neilberg,Исторический район,"-23.8552, 163.0114"
Castle of Port Joshuaton,Пляж,"-14.34, 105.8048"
Парк д. Мокшан,Historic Site,"-59.6808, -23.4591"
Озеро г. Минусинск,Достопримечательность,"-4.1676, 40.8377"
Square of New Danielside,Исторический район,"-24.7778, 80.9608"
Lake of Williamsport,Достопримечательность,"-42.6546, -66.6366"
Park of North Thomas,Famous Intersection,"-34.152, -78.4302"
Гора к. Мураши,Исторический район,"23.9348, 22.4714"
Square of Lake Samuelbury,Парк,"-53.4418, -107.4229"
Lake of Deannafurt,Public Park,"-24.8722, 79.7902"
Castle of South Kyleville,Museum,"-7.1652, -60.3843"
Castle of Singhmouth,Горнолыжный курорт,"39.3696, -35.9233"
Bridge of New Austin,Landmark,"-62.4884, 80.5919"
Square of East Drew,Горнолыжный курорт,"33.6768, 63.1853"
Castle of Taylormouth,Museum,"-65.5867, 127.3937"
Парк к. Пушкин,Landmark,"26.3933, -79.0726"
Square of Transide,Исторический район,"-49.6167, 166.0383"
Lake of East Michaeltown,Public Park,"-18.1058, 153.7347"
Castle of Huangbury,Музей,"33.4503, -44.6963"
Square of Ryanshire,Nature Reserve,"52.5498, 165.4731"
Castle of East Lisa,Public Park,"-24.9579, 107.9993"
Bridge of South Alexander,Famous Intersection,"42.1888, -44.4186"
Park of South Lisa,Храм,"42.2867, 33.1125"
Lake of Gibbshaven,Горнолыжный курорт,"-48.3014, 34.4065"
Bridge of Ryanton,Public Park,"10.1181, 148.3844"
Lake of Carterstad,Mountain Peak,"-52.1681, -89.9506"
Castle of Lake Cynthiafort,Пляж,"-48.4942, -52.5105"
Museum of South Bruceberg,Пляж,"-49.8977, 137.5915"
Square of Murrayville,Museum,"-31.3009, -37.8072"
Square of Lopezchester,Природный объект,"3.0113, -139.0166"
Bridge of Port Julieborough,Храм,"33.5182, 143.5323"
Park of Scottfort,Famous Intersection,"12.0825, 67.3671"
Площадь с. Моршанск,Исторический район,"5.2671, 108.7085"
Гора п. Салават,Beach,"9.7308, -51.7616"
Castle of East Michelleview,Beach,"69.8809, -133.7802"
Museum of Carterton,Mountain Peak,"-33.9998, -89.9306"
Озеро клх Мокшан,Beach,"31.5464, 161.0624"
Lake of Lydialand,Mountain Peak,"-57.4809, 9.9043"
Park of Daniellefurt,Famous Intersection,"-18.9337, -71.4198"
Park of Pamelaside,Исторический район,"-33.6439, 57.985"
Museum of South Bradleyshire,Mountain Peak,"-22.0662, -146.4528"
Square of Cordovaborough,Храм,"-27.2133, 12.7574"
Bridge of Marshshire,Mountain Peak,"1.4791, 159.3448"
Park of West Kevin,Famous Intersection,"32.2041, 103.2972"
Музей ст. Агинское (Забайк.),Пляж,"8.0719, 37.7456"
Museum of East Trevorland,Nature Reserve,"-39.9262, -34.3327"
Lake of West Andrea,Beach,"-18.9206, 65.9983"
Озеро г. Ессентуки,Historic Site,"23.7108, 38.9506"
Park of Louisbury,Beach,"-46.6575, 10.1124"
Парк к. Чикола,Beach,"-49.5708, -38.4327"
Square of Robinsonland,Historic Site,"-6.1463, -164.6762"
Square of Davisport,Природный объект,"-50.7965, -79.4493"
Square of Watsonchester,Historic Site,"-16.522, 93.3494"
Square of Vincentburgh,Historic Site,"64.9506, -131.3768"
Гора клх Красная Поляна,Historic Site,"9.3199, -35.3909"
Castle of East Michelle,Достопримечательность,"-68.4947, -3.2788"
Lake of Benjaminland,Музей,"-67.3789, 21.7623"
Площадь д. Глазов,Mountain Peak,"-2.9966, 162.1731"
Park of Matthewberg,Музей,"65.1375, -15.2269"
Парк клх Нижний Тагил,Природный объект,"-46.5287, 148.024"
Square of North Christopher,Museum,"-40.153, -134.0891"
Bridge of Calvinburgh,Beach,"-64.3502, 51.0227"
Замок д. Магнитогорск,Landmark,"34.7833, 153.2276"
Парк п. Тулун,Mountain Peak,"47.797, -148.9722"
Гора г. Октябрьское (Челяб.),Public Park,"-57.4577, 36.9842"
Bridge of Barbarahaven,Парк,"-31.7648, -65.5971"
Museum of West Ashleyland,Парк,"35.1245, 40.0458"
Museum of Lake Adriennebury,Горнолыжный курорт,"-67.2985, 52.391"
Park of Mathewmouth,Достопримечательность,"-10.1928, 56.9502"
Castle of Wrightview,Mountain Peak,"-0.9478, 55.6817"
Park of Johnsonfort,Mountain Peak,"3.9266, -79.4283"
Озеро ст. Волгодонск,Пляж,"26.7359, -88.8525"
Парк п. Камень-на-Оби,Famous Intersection,"67.755, 4.6153"
Park of Michealton,Museum,"38.1157, 53.5736"
Lake of West Alan,Пляж,"5.2378, -126.831"
Парк клх Брянск,Исторический район,"61.7671, 43.2506"
Square of New Dominiquefurt,Пляж,"-14.6942, 79.8605"
Bridge of Torresstad,Mountain Peak,"30.1593, -99.7858"
Square of East Christopher,Landmark,"62.4916, 9.1989"
Park of New Alexander,Beach,"-19.066, -76.5673"
Площадь п. Каспийск,Public Park,"-20.1537, 51.5215"
Castle of New Joshuaberg,Парк,"-64.8022, -121.4652"
Castle of Tiffanymouth,Храм,"45.3984, 46.4956"
Museum of New Tiffany,Природный объект,"-59.1561, -61.1925"
Музей ст. Магас,Famous Intersection,"-36.7131, -17.3934"
Парк п. Коломна,Музей,"61.4412, 147.2854"
Музей ст. Галич,Достопримечательность,"-10.9258, 70.037"
Озеро к. Октябрьский (Башк.),Historic Site,"-2.6465, 163.4841"
Озеро клх Кизилюрт,Горнолыжный курорт,"2.6348, -31.7005"
Park of Fowlerstad,Горнолыжный курорт,"-3.8501, 154.7478"
Museum of East Michael,Достопримечательность,"-36.6825, -60.4291"
Парк д. Рязань,Mountain Peak,"5.3274, 169.3401"
Парк г. Каменск-Уральский,Mountain Peak,"60.2261, 134.1623"
Castle of Port Scott,Парк,"-47.2366, 94.7875"
Castle of North Chelseastad,Природный объект,"59.7543, -94.0688"
Площадь ст. Пенза,Mountain Peak,"-53.2607, -22.0466"
Bridge of Youngbury,Достопримечательность,"-22.8396, 67.7654"
Bridge of Hernandezfurt,Достопримечательность,"-59.8832, -58.4091"
Park of Kevinberg,Парк,"-68.983, -56.5882"
"Озеро с. Москва, МГУ",Landmark,"38.7112, -157.8317"
Square of Lake Traceyview,Public Park,"46.6234, -63.0689"
Museum of West Arthurview,Nature Reserve,"-24.2209, -7.0224"
Гора клх Верхотурье,Исторический район,"-38.201, -46.9851"
Castle of New Jorge,Museum,"30.9983, 22.6376"
Castle of Port Danielview,Famous Intersection,"-27.5841, 35.9881"
Castle of South Donna,Природный объект,"29.2423, 87.0596"
Bridge of Lake Brentfurt,Historic Site,"68.6919, -89.8455"
Lake of Beckview,Храм,"8.2701, 121.52"
Square of Thomasberg,Храм,"-61.3785, 106.7051"
Парк клх Серпухов,Горнолыжный курорт,"43.0341, -148.5084"
Museum of East Coreymouth,Nature Reserve,"-9.0698, 159.0772"
Музей к. Глазов,Достопримечательность,"3.9686, -75.6037"
Музей г. Александровск,Музей,"-41.7426, -68.5332"
Castle of Johnshire,Beach,"17.0157, 16.4537"
Музей д. Междуреченский,Landmark,"36.4908, 81.6381"
Bridge of Andersonside,Горнолыжный курорт,"-5.9015, 135.6163"
Озеро с. Прохладный,Historic Site,"13.6008, 8.5147"
Музей д. Талдом,Музей,"53.0623, 137.782"
Museum of Palmerton,Достопримечательность,"6.013, -14.7618"
Площадь клх Белый Яр (Томск.),Парк,"17.3674, -53.9324"
Museum of Morganborough,Beach,"-66.2007, 65.4927"
Castle of Juarezfurt,Landmark,"27.5408, 127.5467"
Lake of Moonfort,Famous Intersection,"4.6922, 55.1848"
Castle of South Michelleville,Landmark,"13.5255, 27.8111"
Bridge of Ericaberg,Пляж,"-37.5522, -90.138"
Площадь г. Щелково,Природный объект,"-16.5464, 66.4519"
Park of Amandaville,Природный объект,"15.2156, 86.1849"
Парк клх Кудымкар,Famous Intersection,"-26.6652, -145.6742"
Lake of Meghanfort,Исторический район,"26.9786, 98.2245"
Square of Louistown,Природный объект,"18.5186, 44.8833"
Lake of Sullivanborough,Музей,"-25.0105, -80.5188"
Castle of Leebury,Пляж,"-2.3165, -39.7723"
Гора клх Домодедово,Природный объект,"-49.5427, 70.8137"
Музей клх Новгород Великий,Исторический район,"-57.7629, 105.174"
Museum of Heatherborough,Beach,"-26.0864, 145.4"
Озеро г. Видное,Nature Reserve,"55.3135, 92.1387"
Museum of Kyleberg,Исторический район,"4.4379, 166.1518"
Bridge of Atkinsonberg,Пляж,"-19.5063, -135.7639"
Castle of Rebeccamouth,Исторический район,"37.2285, 4.2776"
Гора ст. Саянск,Горнолыжный курорт,"11.1945, -29.1814"
Площадь к. Красная Поляна,Исторический район,"37.6895, -47.1107"
Museum of South Natashaton,Музей,"13.7902, 6.5697"
Замок к. Кижи,Famous Intersection,"24.0784, -126.022"
Озеро клх Данков,Парк,"-4.0073, 89.5461"
Museum of Walkerport,Горнолыжный курорт,"-39.5113, -81.8289"
Park of Ryanfurt,Public Park,"-31.7509, -34.8651"
Озеро г. Нальчик,Музей,"-0.3598, 39.6768"
Площадь к. Буйнакск,Historic Site,"26.9235, -94.2127"
Bridge of Hudsonmouth,Исторический район,"63.1833, -60.7503"
Гора ст. Зарайск,Museum,"15.0288, 140.3769"
Park of South Kevin,Музей,"30.6051, 143.6546"
Museum of New Jeffrey,Музей,"63.5263, -33.7693"
Lake of Lake Andrew,Historic Site,"29.5407, -58.6092"
Парк с. Чита,Famous Intersection,"-38.4859, -114.7202"
Museum of North Holly,Public Park,"9.5193, -142.3832"
Озеро г. Данков,Famous Intersection,"51.9269, 125.0018"
Museum of East Roger,Музей,"-67.7935, -63.3653"
Square of Khanland,Beach,"-7.8482, 112.8192"
Park of South Joshua,Горнолыжный курорт,"40.9644, -120.745"
Замок г. Северобайкальск,Исторический район,"-31.8618, 61.9801"
Lake of Erikaside,Historic Site,"-20.67, 130.6867"
Озеро п. Яхрома,Nature Reserve,"45.8978, -99.7184"
Lake of Veronicaberg,Природный объект,"21.0432, -132.0004"
Castle of Jeffreyburgh,Public Park,"5.375, 41.2264"
Park of Danielland,Природный объект,"15.8349, -109.522"
Парк к. Оленек,Mountain Peak,"19.8726, 62.9119"
Park of Hoffmanview,Museum,"1.9935, -79.6059"
Park of Edwardsland,Музей,"28.52, 136.4271"
Lake of Millstown,Historic Site,"-46.5474, 144.5255"
Парк к. Крымск,Горнолыжный курорт,"-68.4284, 48.122"
Park of New Pamelaview,Исторический район,"-24.3803, -51.4068"
Park of Steventown,Beach,"-13.1558, -8.0136"
Park of Sanfordfurt,Landmark,"-45.5166, 155.8183"
Площадь клх Нижний Новгород,Музей,"-49.1152, 19.7345"
Гора п. Норильск,Public Park,"36.9411, -109.1543"
Гора ст. Апрелевка,Public Park,"-27.4429, 132.4652"
Park of Haynesborough,Museum,"-69.2153, -10.4299"
Площадь г. Славянск-на-Кубани,Nature Reserve,"-38.1764, 117.2165"
Lake of Douglaschester,Mountain Peak,"-1.4199, 150.1761"
Озеро клх Туруханск,Mountain Peak,"-41.7747, 39.1916"
Площадь с. Шереметьево,Landmark,"-25.6485, -29.1293"
Парк клх Усть-Ордынский,Музей,"52.5858, -69.0676"
Lake of New Jorge,Historic Site,"38.3711, 111.5616"
Bridge of South Catherineside,Музей,"-46.4343, 140.8438"
Castle of Port Thomas,Пляж,"-17.8362, 76.9073"
Bridge of Meltonchester,Famous Intersection,"36.6066, 155.8839"
Square of Anitaport,Nature Reserve,"5.0593, -117.207"
Museum of Nealmouth,Пляж,"-60.7744, -154.73"
Lake of Glenburgh,Nature Reserve,"-17.2284, -52.1462"
Lake of Port Amy,Музей,"-40.6589, 136.0809"
Lake of Josephton,Famous Intersection,"51.6956, 12.2248"
Парк п. Диксон,Достопримечательность,"-52.2418, 135.9665"
Castle of Gonzalesstad,Исторический район,"-14.1925, -39.4988"
Museum of West Angela,Museum,"-41.5269, 142.8154"
Парк п. Троицк (Челяб.),Горнолыжный курорт,"-67.5818, 53.4711"
Bridge of New Sylvia,Mountain Peak,"-2.728, 154.5267"
Park of Hillberg,Museum,"-19.3898, -92.8348"
Замок клх Бодайбо,Парк,"22.0664, -67.8603"
Замок клх Тикси,Достопримечательность,"26.8416, -72.9656"
Museum of North Kevin,Храм,"-32.3879, 128.1155"
Bridge of Julieport,Beach,"-35.5187, 72.2361"
Музей п. Павловская,Исторический район,"-52.7447, 36.855"
Музей с. Октябрьское (Хант.),Музей,"29.8543, 160.6456"
Гора г. Чита,Храм,"56.9104, 12.7546"
Гора с. Артем,Famous Intersection,"12.6196, 150.345"
Square of Hortonton,Mountain Peak,"-57.5572, -169.5695"
Lake of Johntown,Public Park,"-67.4755, 4.8586"
Park of Emilyton,Nature Reserve,"-68.3862, 137.8121"
Museum of New Richard,Nature Reserve,"-40.0204, -121.6498"
Гора г. Краснотурьинск,Достопримечательность,"-1.5759, -37.1487"
Castle of Rubenfort,Исторический район,"42.2396, 98.1254"
Museum of New Andrew,Beach,"4.1798, -67.8671"
Castle of Lake Michelle,Храм,"-48.3524, 107.1535"
Bridge of New Laurenborough,Beach,"-10.1896, 91.4926"
Lake of South Kenneth,Landmark,"-60.2271, -35.4034"
Square of Williamview,Mountain Peak,"-29.1421, -101.5943"
Bridge of Coleton,Historic Site,"-11.7232, 102.5542"
Lake of Lake Angelica,Public Park,"-23.5375, 108.8438"
Площадь с. Яр-Сале,Nature Reserve,"-8.9538, -85.9839"
Museum of Rodriguezbury,Природный объект,"21.8324, -79.2682"
Замок г. Адлер,Храм,"-40.695, 151.5402"
Гора клх Петрозаводск,Public Park,"65.7149, -38.9246"
Площадь ст. Ангарск,Mountain Peak,"-7.2027, 44.6207"
Парк г. Черусти,Landmark,"52.4237, 125.3112"
Bridge of Thomasville,Public Park,"34.4662, 89.3039"
Park of Osbornmouth,Музей,"57.7992, 108.6923"
Парк д. Ижевск,Museum,"27.5883, -92.2128"
Castle of Ballbury,Горнолыжный курорт,"-24.1299, -57.0376"
Bridge of South Anthonyborough,Горнолыжный курорт,"-59.9828, 144.0185"
Парк п. Шенкурск,Historic Site,"-6.4121, -85.9674"
Park of Harrisonview,Beach,"-23.7496, -81.2735"
Lake of Amyland,Музей,"15.8992, 154.3306"
Museum of Port Wayne,Public Park,"29.211, 55.2274"
Замок ст. Чусовой,Храм,"29.9857, 158.4705"
Замок клх Певек,Пляж,"-43.9129, 64.8111"
Museum of Mayoton,Public Park,"-56.9882, -22.2601"
Square of Emilymouth,Пляж,"43.3434, -52.9415"
Castle of Teresaland,Храм,"-11.89, 130.8582"
Гора с. Калевала,Исторический район,"57.5828, 117.8883"
Museum of Kyleborough,Музей,"19.1927, 8.1081"
Lake of Herbertshire,Public Park,"57.0022, 75.8936"
Park of Codyhaven,Historic Site,"4.461, 92.8985"
Озеро к. Ивдель,Public Park,"-17.7909, 60.7019"
Museum of Ramosville,Mountain Peak,"15.7313, 141.9881"
Park of Guzmanberg,Nature Reserve,"45.7745, -42.6378"
Площадь ст. Яхрома,Public Park,"35.4152, -146.9318"
Park of Turnermouth,Пляж,"-57.78, 78.8709"
Площадь клх Кировск (Мурм.),Museum,"7.11, -141.7035"
Парк клх Когалым,Достопримечательность,"-3.0416, 119.1116"
Castle of Timothyland,Nature Reserve,"-68.7656, -108.7787"
Bridge of South Alexandriaview,Храм,"68.3342, 54.0573"
Park of Youngburgh,Public Park,"-16.2529, -78.7961"
Museum of New Brittany,Nature Reserve,"-59.2947, -123.6418"
Bridge of Pattersonton,Historic Site,"-52.4556, -123.1459"
Гора г. Петрозаводск,Public Park,"-14.1152, 91.0793"
Озеро ст. Усть-Кут,Достопримечательность,"48.7341, 135.8378"
Lake of New Xavier,Historic Site,"-45.732, -111.0498"
Lake of Lindabury,Landmark,"-17.5544, -157.3645"
Музей д. Усолье Сибирское,Public Park,"62.9616, -78.3622"
Гора г. Сузун,Public Park,"-41.9278, 13.713"
Lake of North Jessicahaven,Famous Intersection,"-36.1607, 31.22"
Museum of Greenborough,Historic Site,"-19.1419, -130.3326"
Square of West Thomasmouth,Храм,"66.7125, 137.2806"
Castle of Alexanderfurt,Пляж,"-9.0008, -52.8086"
Square of Hammondview,Historic Site,"-33.6808, -25.6529"
Bridge of Baldwinburgh,Парк,"46.8122, 25.1269"
Парк д. Слюдянка,Пляж,"-13.4785, 160.9935"
Lake of Jonathanbury,Historic Site,"69.6689, 120.6576"
Museum of Jenniferburgh,Public Park,"-47.8961, 65.5464"
Museum of East Colleen,Landmark,"-32.3161, -0.125"
Музей к. Бавлы,Beach,"-49.3036, 80.1674"
Площадь г. Андреаполь,Public Park,"-67.365, -90.1393"
Square of Cabreraburgh,Historic Site,"-23.7188, 45.7402"
Площадь п. Люберцы,Храм,"-23.8742, -120.5151"
Гора п. Калач,Mountain Peak,"-68.8585, -132.659"
Bridge of Blankenshipborough,Nature Reserve,"4.8306, -40.9351"
Музей клх Серебряные Пруды,Храм,"-30.0202, 117.0476"
Парк д. Сосьва (Хант.),Природный объект,"50.9216, 39.5366"
Castle of Davisview,Museum,"46.5074, 20.8727"
Замок ст. Мурманск,Пляж,"-18.1708, 22.2645"
Square of North Melissa,Nature Reserve,"42.047, -156.1317"
Park of West Brooke,Достопримечательность,"-20.2971, -24.1295"
Bridge of Lake Amy,Горнолыжный курорт,"32.178, 160.3488"
Museum of East Kristinachester,Горнолыжный курорт,"-25.9747, 24.5685"
Castle of South Michelleville,Historic Site,"-4.2416, -155.7214"
Замок г. Кяхта,Mountain Peak,"55.5248, 62.8035"
Площадь п. Хабаровск,Достопримечательность,"-41.0009, -32.0956"
Museum of Jonesfort,Museum,"7.2819, 128.3971"
Museum of Jessicahaven,Исторический район,"-59.5066, -88.5128"
Museum of Millerburgh,Nature Reserve,"58.1319, -92.4128"
Museum of Lake Thomas,Исторический район,"7.3417, -5.5498"
Museum of West Jessica,Beach,"15.3056, 35.0915"
Замок клх Оленегорск (Якут.),Музей,"25.502, -5.8731"
Гора п. Урус-Мартан,Парк,"6.8958, -152.9087"
Park of Anthonyburgh,Музей,"-12.2883, -73.9573"
Park of Port Amandashire,Museum,"-27.0307, -11.1246"
Castle of South Stevenport,Исторический район,"36.9994, -36.1863"
Озеро к. Находка,Парк,"-38.3965, -41.3593"
Square of Tranland,Public Park,"10.05, -1.8365"
Castle of Jacquelineport,Famous Intersection,"24.7648, -58.2014"
Lake of Brownhaven,Парк,"9.2533, 164.8045"
Park of Lake Sophia,Famous Intersection,"-1.413, -167.8986"
Bridge of Riveraview,Nature Reserve,"-46.342, -35.8474"
Bridge of Williamston,Landmark,"40.5218, 139.0378"
Castle of Lake Gabrielchester,Природный объект,"4.2727, -5.5455"
Square of Joneschester,Nature Reserve,"-57.0638, -155.2899"
Bridge of Dukemouth,Парк,"-33.6607, -85.6495"
Square of East Patriciaberg,Landmark,"56.7214, 162.1434"
Square of South Ryan,Храм,"6.0854, 99.1971"
Lake of Jennifertown,Mountain Peak,"62.7686, -119.2949"
Озеро д. Темрюк,Museum,"54.4431, -123.7252"
Castle of Brendastad,Музей,"26.3554, -103.8736"
Озеро д. Асино,Горнолыжный курорт,"21.3767, 156.4201"
Lake of Davidburgh,Landmark,"58.2642, -70.018"
Museum of Hortonton,Landmark,"-41.3579, -42.2379"
Bridge of New Ashley,Museum,"-64.5438, 155.5901"
Park of Deleonshire,Nature Reserve,"-44.3767, -32.499"
Площадь клх Бреды,Nature Reserve,"11.02, -5.2545"
Museum of Lake Jenniferview,Храм,"67.9174, -56.9432"
Гора п. Нарьян-Мар,Храм,"-31.062, -117.8375"
Square of West Juanberg,Исторический район,"54.6411, 30.6477"
Гора д. Каспийск,Museum,"-14.0279, -62.8766"
Square of Port Melissafurt,Beach,"-25.2143, -97.1347"
Гора к. Тарко-Сале,Музей,"24.3317, -113.6853"
Castle of Port Misty,Historic Site,"-17.7532, -113.5803"
Парк д. Октябрьский (Башк.),Достопримечательность,"-62.6198, 86.4537"
Площадь п. Ковров,Historic Site,"-19.202, -49.2861"
Museum of Knoxmouth,Public Park,"9.3413, -15.748"
Bridge of Joshuaburgh,Historic Site,"-49.6854, 19.8367"
Lake of North Ashley,Природный объект,"-32.014, -149.2969"
Lake of Castilloside,Музей,"-62.1927, -69.9923"
Lake of Port Aaronside,Природный объект,"27.1726, 149.0818"
Площадь п. Чехов,Горнолыжный курорт,"-68.6625, -31.393"
Park of Travisborough,Beach,"48.5638, -144.533"
Castle of West Kevinberg,Historic Site,"-14.9836, -50.1362"
Озеро г. Шерегеш,Famous Intersection,"1.998, 77.0337"
Park of New Michellemouth,Mountain Peak,"-39.8464, -37.1105"
Гора с. Тайшет,Beach,"-30.1305, -92.8342"
Lake of Suzanneland,Музей,"-61.2206, -101.3944"
Замок г. Ноглики,Nature Reserve,"5.4572, -55.0239"
Lake of Andreafurt,Landmark,"10.1519, -132.2933"
Lake of South Victoria,Public Park,"33.559, -60.8919"
Museum of North Renee,Исторический район,"53.9178, -57.7965"
Bridge of Rachelview,Достопримечательность,"34.1537, -148.537"
Музей клх Валаам,Beach,"4.2337, 143.892"
Площадь д. Усть-Ишим,Музей,"8.1113, -96.2965"
Museum of Danaburgh,Beach,"12.2124, 112.3117"
Площадь д. Североуральск,Historic Site,"-59.3756, -41.3042"
Музей к. Балашиха,Landmark,"26.1072, -77.0466"
Музей клх Минусинск,Храм,"9.5279, 37.3661"
Lake of Davidmouth,Landmark,"3.435, -42.2941"
Lake of Kimberlyborough,Музей,"-62.8828, -61.9273"
Парк к. Кетченеры,Храм,"34.163, -126.225"
Замок г. Елец,Пляж,"69.9194, -18.3815"
Castle of Lake Stephanie,Музей,"57.7257, -55.3312"
Castle of East Edward,Public Park,"25.3461, -87.1909"
Museum of South Melanieberg,Mountain Peak,"38.942, 86.5421"
Парк ст. Верхний Тагил,Landmark,"-18.0539, 123.4705"
Lake of East Jamesland,Public Park,"-35.3527, -158.9602"
Lake of East Jillside,Historic Site,"1.0283, -25.8277"
Замок клх Моздок,Beach,"19.9491, 29.2664"
Площадь ст. Каспийск,Природный объект,"50.4311, 162.3053"
Square of New Jerrystad,Достопримечательность,"-54.7811, 88.9305"
Озеро п. Кулунда,Famous Intersection,"-36.5924, 68.579"
Castle of Bennettfurt,Public Park,"30.4544, 109.2759"
Парк д. Кедровый,Public Park,"-27.9322, -99.0456"
Озеро с. Миллерово,Famous Intersection,"63.3463, 64.0593"
Lake of Kevinbury,Famous Intersection,"35.4446, 72.1954"
Замок д. Колпашево,Исторический район,"-3.5524, 82.2915"
Bridge of West Tylerchester,Пляж,"32.6325, -168.9515"
Замок д. Химки,Природный объект,"18.348, 118.0665"
Museum of North Shawn,Исторический район,"55.6501, 161.1133"
Castle of South Billy,Beach,"-34.9285, 132.8589"
Castle of Port Amandamouth,Public Park,"-21.562, 143.4302"
Площадь к. Балашиха,Природный объект,"49.408, -73.9223"
Гора с. Кириши,Public Park,"-69.7505, -97.4172"
Озеро клх Лесной (Сверд.),Landmark,"-52.2676, -153.5806"
Castle of Michaelmouth,Парк,"10.7823, -9.5128"
Museum of Lake Michaelmouth,Музей,"-4.7672, -135.6418"
Гора д. Асино,Парк,"-20.2051, 57.6481"
Озеро к. Ведено,Famous Intersection,"-12.3494, -167.068"
Square of Melissaville,Горнолыжный курорт,"-6.1065, -74.1667"
Park of Hamiltonbury,Достопримечательность,"-16.1653, 162.2001"
Bridge of North Davidmouth,Музей,"26.9024, -81.9871"
Square of West Elaine,Landmark,"0.9609, 107.7619"
Museum of Christopherton,Пляж,"-1.2088, -144.8048"
Lake of North Mindyville,Парк,"-23.7159, -24.7818"
Парк ст. Руза,Historic Site,"13.9581, 151.5638"
Гора к. Архыз,Mountain Peak,"47.8195, -162.9693"
Гора клх Александров,Храм,"20.0451, -155.3732"
Lake of East Jillland,Landmark,"61.4962, -19.669"
Bridge of Port Amanda,Горнолыжный курорт,"-46.012, -87.1241"
Bridge of East Madison,Горнолыжный курорт,"-54.4788, 79.8296"
Park of Nicholsburgh,Пляж,"-33.4641, -95.2979"
Museum of Reynoldsport,Парк,"-0.5707, -62.2288"
Castle of Maddenfort,Museum,"-8.5215, -106.735"
Castle of Lake Mary,Historic Site,"-34.9042, 84.5505"
Castle of Smithland,Museum,"-5.2952, -86.9862"
Museum of East Jimmyton,Beach,"-3.9295, 94.2533"
Castle of Lake April,Горнолыжный курорт,"-50.6015, -59.6804"
Музей п. Тюмень,Музей,"68.8936, 133.3416"
Гора к. Чегем,Достопримечательность,"64.6544, 141.939"
Замок п. Юрьев-Польский,Museum,"45.0355, -32.8517"
Park of Samanthahaven,Достопримечательность,"20.5836, 161.7563"
Музей д. Москва,Public Park,"-8.3861, 76.0557"
Парк д. Эльбрус,Landmark,"-22.8704, -69.5097"
Museum of Michaelshire,Beach,"-41.2593, 6.5198"
Площадь с. Белый Яр (Томск.),Исторический район,"-69.5885, 118.7217"
Square of Lake Janemouth,Музей,"-0.4066, -151.1922"
Park of North Elizabethview,Достопримечательность,"15.2842, 156.9922"
Парк д. Ангарск,Beach,"41.0617, -37.7944"
Bridge of Port Dana,Public Park,"-35.9303, -104.0711"
Park of North Mary,Mountain Peak,"42.0431, 79.2498"
Lake of Jonesfort,Музей,"42.3135, -95.571"
Lake of Paulview,Пляж,"-3.5594, 115.6549"
Castle of West Austinton,Достопримечательность,"7.9445, -123.5403"
Замок с. Поронайск,Nature Reserve,"-56.7784, 3.0645"
Bridge of Gregorytown,Mountain Peak,"39.5538, 125.9801"
Парк г. Яхрома,Nature Reserve,"32.3835, -127.7855"
Гора клх Кущевская,Горнолыжный курорт,"39.6674, -90.9164"
Музей п. Боровск,Landmark,"-46.7498, 132.2044"
Museum of Rodriguezville,Природный объект,"32.8088, -84.7429"
Lake of New Michaelburgh,Famous Intersection,"26.0947, 153.3612"
Park of South Nicholas,Famous Intersection,"47.1803, -47.5178"
Castle of North Lance,Landmark,"-36.6464, -25.3373"
Lake of Ronaldbury,Горнолыжный курорт,"18.149, -114.6923"
Замок с. Азов (Рост.),Музей,"57.5637, 38.9227"
Парк с. Махачкала,Храм,"1.7472, 88.2366"
Square of Port Stuartshire,Храм,"4.6911, 150.135"
Замок к. Карабулак,Public Park,"-67.2964, 136.4297"
Castle of Laurieport,Beach,"-34.1552, -51.7951"
Museum of Fullerbury,Famous Intersection,"39.0194, 138.1279"
Park of New Cory,Достопримечательность,"-55.9168, -72.7171"
Музей с. Андреаполь,Museum,"38.1229, -127.7394"
Музей к. Мезень,Mountain Peak,"37.4754, 98.2286"
Castle of West Marktown,Достопримечательность,"-42.8321, -80.7265"
Castle of Chloeborough,Парк,"-27.8411, -37.2741"
Парк г. Юровск,Landmark,"-39.8683, 79.5734"
Museum of Cookland,Парк,"60.7203, -9.5755"
Museum of Danielland,Mountain Peak,"47.1268, -164.5185"
Park of Ramirezland,Горнолыжный курорт,"-29.8275, -53.6169"
Bridge of South Aaronland,Historic Site,"58.5206, -73.6776"
Bridge of Lake Ashley,Храм,"55.8526, -152.8863"
Площадь д. Анива,Beach,"15.0192, 96.5791"
Castle of Port Audreyshire,Исторический район,"-38.6333, 168.6778"
Парк п. Анадырь,Музей,"-49.7031, -114.9988"
Замок клх Мончегорск,Исторический район,"-40.7275, -67.3985"
Park of West Lukeborough,Достопримечательность,"-32.5538, -147.3015"
Park of Beardshire,Nature Reserve,"-64.3681, 75.3847"
Square of Lake Martin,Пляж,"-41.0993, 124.1022"
Lake of Jasonmouth,Beach,"52.4894, -12.1424"
Park of Ronaldburgh,Парк,"10.4244, -17.8305"
Square of Eatonfort,Пляж,"-22.1482, -80.3877"
Square of South Austin,Музей,"23.5164, -33.2402"
Park of Kimberlyberg,Музей,"-24.3616, 44.6866"
Bridge of Lake Elizabethtown,Public Park,"40.5894, 42.8449"
Lake of New Amberbury,Храм,"-33.8316, 54.2244"
Park of New Michael,Храм,"9.6386, -164.3103"
Lake of Port Shaun,Храм,"65.9666, 67.2741"
Парк к. Междуреченский,Горнолыжный курорт,"-23.3036, -147.2451"
Замок п. Орск,Музей,"-9.5919, -85.5378"
Замок с. Качканар,Музей,"-1.4873, -25.4863"
Square of East Patriciafort,Famous Intersection,"-60.5704, 89.8751"
Park of Port Steven,Пляж,"0.095, 168.33"
Lake of East Jeffreyhaven,Mountain Peak,"-40.6538, -51.72"
Гора д. Сосногорск,Landmark,"-61.0925, -134.2133"
Замок к. Гатчина,Музей,"-36.839, 53.3001"
Музей г. Тарко-Сале,Музей,"5.7259, -56.0363"
Парк к. Любань,Горнолыжный курорт,"-35.234, 33.211"
Bridge of North Erin,Исторический район,"36.9944, -59.98"
Парк к. Березники,Nature Reserve,"-58.8473, -70.4758"
Square of Margaretport,Historic Site,"-5.6206, 67.874"
Bridge of North Angel,Парк,"50.8139, -142.2238"
Музей д. Избербаш,Beach,"-61.7717, 166.4691"
Гора д. Бронницы,Public Park,"49.587, -62.5084"
Замок к. Абакан,Historic Site,"-26.7578, -12.1515"
Bridge of Littlechester,Public Park,"63.022, 156.9013"
Озеро к. Углегорск,Nature Reserve,"-21.0659, 82.7348"
Bridge of Jordanstad,Famous Intersection,"-9.0442, 29.3633"
Парк д. Эльтон,Музей,"54.1096, -154.3501"
Park of Anthonybury,Храм,"68.476, -37.262"
Площадь г. Сладково,Природный объект,"-13.0688, -122.5866"
Озеро ст. Тимашевск,Beach,"21.1231, 158.8449"
Lake of Fieldsstad,Mountain Peak,"63.6949, 139.5869"
Square of Schwartzshire,Парк,"-62.4694, 52.3571"
Bridge of Andrewside,Достопримечательность,"54.6343, 40.7462"
Lake of Dawnport,Достопримечательность,"38.5937, -102.7134"
Озеро д. Энгельс,Mountain Peak,"59.7988, 142.59"
Square of Bryantown,Горнолыжный курорт,"-40.0052, -165.0866"
Музей к. Гремячинск (Перм.),Природный объект,"18.0778, -2.8179"
Bridge of New Jeffreyhaven,Public Park,"-48.8515, 151.6181"
Museum of Lake Stephen,Mountain Peak,"33.5067, 55.7523"
Bridge of Lake Miguel,Горнолыжный курорт,"-46.3937, -143.3751"
Park of Port Sophia,Famous Intersection,"61.5155, -53.3003"
Озеро д. Елец,Музей,"69.7751, -159.5323"
Замок клх Суздаль,Beach,"-58.7553, -154.7809"
Bridge of Aliciashire,Горнолыжный курорт,"-3.663, 122.7888"
Замок с. Каневская,Landmark,"-3.3283, -40.3681"
Парк к. Октябрьское (Челяб.),Пляж,"66.892, -25.2803"
Lake of Tuckerton,Горнолыжный курорт,"-7.9307, -168.5354"
Озеро ст. Кизилюрт,Historic Site,"52.6128, 4.0101"
Музей с. Ногинск (Моск.),Пляж,"-59.9042, 31.6448"
Castle of Edwardland,Природный объект,"29.6003, -165.4066"
Museum of East Joanna,Landmark,"43.4514, -116.9823"
Castle of New Victoriaton,Mountain Peak,"-39.8962, -34.5569"
Гора клх Ростов-на-Дону,Горнолыжный курорт,"-21.8508, -101.665"
Музей г. Истра,Famous Intersection,"-66.458, 100.9395"
Гора ст. Губкин,Museum,"-0.269, 11.2787"
Park of New Michael,Парк,"65.3947, 46.8812"
Museum of Jasonview,Famous Intersection,"-35.7895, -41.3699"
Castle of Kingmouth,Достопримечательность,"64.6822, -27.3239"
Park of East Austin,Пляж,"52.7883, 106.0864"
Bridge of Andersonport,Исторический район,"44.3923, -83.6391"
Площадь п. Торжок,Famous Intersection,"-48.6498, -91.9891"
Bridge of Matthewbury,Landmark,"21.3631, -60.7394"
Площадь ст. Соболево,Храм,"40.2369, 67.2197"
Парк к. Чермоз,Famous Intersection,"-16.4477, -145.6561"
Bridge of Port Ronnieton,Mountain Peak,"52.9757, -5.7835"
Bridge of Beasleyborough,Достопримечательность,"-8.8961, -14.5883"
Bridge of Ericburgh,Mountain Peak,"-19.8967, -13.2314"
Замок клх Каргасок,Пляж,"68.8484, 115.6916"
Замок д. Губкин,Пляж,"-37.3246, 166.5369"
Park of Sherrystad,Nature Reserve,"40.4613, 154.1596"
Castle of Garciaberg,Mountain Peak,"68.0696, 85.4631"
Музей ст. Сортавала,Природный объект,"-10.7344, 109.7284"
Museum of North Michaelberg,Пляж,"-57.8411, 44.3074"
Bridge of North Ambermouth,Beach,"-31.8398, 88.2019"
Lake of West Garyside,Mountain Peak,"-9.9131, -99.3302"
Square of Weekshaven,Public Park,"-68.5281, -4.7496"
Lake of Lake Keithborough,Museum,"-20.5327, -95.0724"
Bridge of New Lisa,Museum,"68.0634, -128.1936"
Square of Reedhaven,Beach,"36.5722, -1.5285"
Bridge of East Feliciaside,Природный объект,"-51.8319, 14.5974"
Museum of Port Molly,Горнолыжный курорт,"-33.0626, 85.4496"
Museum of Jenniferchester,Парк,"48.8965, -109.2824"
Park of Jamesside,Парк,"-67.3712, -118.2711"
Park of North Austinberg,Горнолыжный курорт,"-35.6814, -86.7792"
Музей ст. Калач,Горнолыжный курорт,"10.6818, -149.5098"
Гора к. Серафимович,Природный объект,"40.6226, -165.0791"
Bridge of Schmittborough,Пляж,"-69.3655, -50.8653"
Castle of South Kevin,Famous Intersection,"-14.6184, -65.2001"
Озеро к. Шелехов,Mountain Peak,"41.6156, -158.4816"
Замок с. Ржев,Nature Reserve,"-49.0537, 104.3791"
Square of South Tiffanyshire,Museum,"52.44, 129.7214"
Park of Meganchester,Famous Intersection,"-8.6475, 95.292"
Озеро д. Армавир,Beach,"62.0153, 145.5469"
Lake of South Robert,Public Park,"52.1059, -135.1016"
Bridge of East Deborahborough,Nature Reserve,"45.8279, -94.2209"
Гора п. Серов,Природный объект,"41.9791, -144.4719"
Museum of South Rachael,Пляж,"-57.1384, -1.038"
Park of Franklinview,Горнолыжный курорт,"-9.8551, 45.0767"
Castle of Danielton,Пляж,"-49.3216, 36.8417"
Square of North Scottshire,Пляж,"-52.15, -128.6185"
Square of Lake Lawrence,Nature Reserve,"43.9638, -22.3754"
Square of Frederickbury,Пляж,"68.7493, 115.6947"
Museum of North Michael,Beach,"-31.2289, -91.3097"
Парк д. Минеральные Воды,Nature Reserve,"-30.548, 98.5809"
Museum of East Melissa,Museum,"-54.3755, -98.2965"
Park of North Stephanieton,Исторический район,"53.2264, 129.5908"
Музей ст. Нижний Тагил,Mountain Peak,"45.6838, 44.7791"
Square of Davidbury,Historic Site,"20.1, -104.64"
Museum of New Glenn,Исторический район,"0.5288, -146.4316"
Lake of Williamsfort,Landmark,"-57.8498, 5.2115"
Museum of East Cynthia,Исторический район,"9.7219, 67.0563"
Площадь с. Юрюзань,Nature Reserve,"21.9769, -119.6328"
Музей г. Верхнее Пенжино,Mountain Peak,"23.1083, -81.612"
Музей с. Моршанск,Beach,"-45.8285, 20.3718"
Bridge of Lake Timothyfurt,Nature Reserve,"-55.5846, -28.6892"
Гора ст. Адыгейск,Пляж,"40.947, 143.3149"
Bridge of North Williamland,Nature Reserve,"-63.0022, -80.2228"
Замок г. Новороссийск,Исторический район,"-67.3454, 86.206"
Museum of West Richardshire,Public Park,"-49.7593, -24.3122"
Castle of Rileychester,Достопримечательность,"-43.8864, 158.1819"
Музей п. Терскол,Парк,"-16.6878, 22.837"
Park of South Paulfurt,Парк,"-27.6136, 27.7648"
Площадь к. Соболево,Природный объект,"3.3384, 91.5745"
Castle of Williamchester,Public Park,"49.3599, 15.2037"
Площадь ст. Тулпан,Исторический район,"51.2664, 23.4189"
Square of North Jenniferfurt,Храм,"54.1172, 38.0962"
Парк п. Ярославль,Beach,"-63.0834, -74.005"
Площадь ст. Тимашевск,Достопримечательность,"-19.213, 157.3034"
Музей г. Нурлат,Природный объект,"11.073, -46.7873"
Гора к. Шарья,Landmark,"-7.753, -43.7622"
Музей с. Нижний Новгород,Nature Reserve,"-59.5098, -26.2188"
Площадь д. Певек,Landmark,"-26.9078, 104.1341"
Озеро клх Губкин,Nature Reserve,"59.9012, 123.9442"
Bridge of Lake Andrea,Museum,"35.9364, 137.3039"
Park of Smithstad,Landmark,"-53.6322, -87.6137"
Bridge of North Anthony,Public Park,"-1.2713, -150.0555"
Park of North Angelicaside,Famous Intersection,"-19.1342, -169.6435"
Парк д. Ноябрьск,Mountain Peak,"62.4198, -80.3217"
Площадь д. Ейск,Храм,"50.3868, -77.4826"
Парк с. Амурск,Museum,"10.8516, -100.0944"
Lake of North Robertfort,Famous Intersection,"2.6904, 109.6846"
Castle of Lake Jamesmouth,Парк,"-19.2032, -146.9864"
Lake of East Shawnfurt,Mountain Peak,"-45.5806, 111.0385"
Lake of Francisview,Landmark,"46.1649, 92.7524"
Park of New Pamelachester,Mountain Peak,"-42.8749, 145.9936"
Замок г. Северодвинск,Mountain Peak,"-38.2296, 59.6078"
Парк д. Кулу,Музей,"-41.6838, -168.186"
Castle of Salasborough,Mountain Peak,"-13.2303, -157.7201"
Музей с. Благовещенск (Амур.),Museum,"-50.0519, -149.6184"
Гора к. Карачаевск,Landmark,"9.0683, 53.6552"
Square of Port Amanda,Beach,"-58.6179, -52.3126"
Озеро к. Кулунда,Museum,"-20.3771, -94.3852"
Замок п. Орск,Исторический район,"31.2926, 131.49"
Площадь п. Тикси,Public Park,"3.465, 132.6304"
Square of Brittanyside,Горнолыжный курорт,"36.5173, -131.7287"
Bridge of New Jamesport,Исторический район,"64.5486, 89.4582"
Castle of West Samantha,Landmark,"-49.9147, -141.3583"
Square of South Jessicaland,Beach,"18.7453, -158.2386"
Площадь к. Петухово,Landmark,"-28.7583, -59.2158"
Площадь г. Одинцово,Музей,"30.9939, -55.2839"
Park of Michaelborough,Public Park,"-53.35, 143.4601"
Park of Lauramouth,Достопримечательность,"59.2138, -128.8951"
Park of Stewartburgh,Public Park,"66.6464, 15.1636"
Озеро п. Мокшан,Музей,"-45.7644, 36.6402"
Замок к. Владивосток,Historic Site,"15.8941, 66.7297"
Замок п. Геленджик,Landmark,"-58.57, -24.1699"
Lake of South Bradleyton,Public Park,"33.0607, 104.9286"
Гора с. Ялуторовск,Парк,"-30.7386, 113.3147"
Square of West Jenniferfort,Природный объект,"57.1967, -28.9731"
Bridge of South Francisco,Пляж,"-44.7549, -90.7935"
Парк с. Белогорск (Амур.),Пляж,"27.0817, -68.0624"
Музей г. Ковров,Beach,"34.1474, -136.7842"
Park of Kimberlymouth,Храм,"38.1674, 37.144"
Park of Port Mitchell,Храм,"-0.985, 153.4461"
Музей клх Петропавловск-Камчатский,Museum,"22.8742, 44.5773"
Гора г. Челябинск,Historic Site,"30.3265, -16.0705"
Музей д. Норильск,Beach,"15.9421, -105.7942"
Museum of Mcintoshside,Nature Reserve,"-33.896, 137.1379"
Парк с. Каспийск,Парк,"6.1747, 113.7774"
Park of Markstad,Beach,"28.4532, -77.7426"
Музей п. Дивногорск,Landmark,"-0.4048, 160.9599"
Замок д. Гусь-Хрустальный,Достопримечательность,"-8.9779, -109.4941"
Museum of Coryside,Музей,"9.5834, 5.7112"
Bridge of Juarezborough,Храм,"33.9399, -105.0767"
Castle of East Caleb,Музей,"-52.8925, -103.1903"
Square of West Alicia,Достопримечательность,"-11.694, 110.1905"
Park of Rebekahland,Landmark,"0.2191, 40.5134"
Castle of West Barrystad,Landmark,"17.5255, 85.6972"
Площадь с. Тобольск,Храм,"-55.324, -38.5214"
Square of Elizabethbury,Famous Intersection,"-5.4026, 159.4264"
Castle of North Terribury,Горнолыжный курорт,"6.4164, 55.3768"
Castle of Port Christine,Парк,"57.6856, 155.8368"
Парк с. Орехово-Зуево,Храм,"29.9122, 151.393"
Парк г. Рубцовск,Исторический район,"-50.1243, 18.0016"
Castle of New Amy,Горнолыжный курорт,"57.624, -99.1657"
Museum of Longstad,Парк,"65.9526, 128.4552"
Озеро с. Валдай,Пляж,"63.0933, 136.0124"
Bridge of South Daniel,Храм,"-48.8823, 155.7003"
Museum of Port Anthonyfort,Исторический район,"58.9324, 92.5783"
Bridge of Maryton,Пляж,"15.6352, 164.3645"
Castle of New Stephanieland,Музей,"46.3716, -94.6236"
Lake of Wattsberg,Mountain Peak,"-64.9293, -28.7737"
Park of South Jonathanview,Природный объект,"-21.1479, 109.2311"
Park of Tinaberg,Достопримечательность,"-44.7686, 98.7532"
Bridge of Michaelville,Beach,"41.6262, -155.3678"
Square of New Nathanville,Historic Site,"64.9115, -165.2711"
Lake of Anthonyfurt,Достопримечательность,"-39.9823, 147.6277"
Lake of Christopherfort,Достопримечательность,"31.632, -90.1336"
Озеро к. Сарапул,Достопримечательность,"-6.8419, -139.4505"
Castle of South Jacob,Beach,"48.8241, -66.5782"
Bridge of North Michaelberg,Горнолыжный курорт,"-8.5915, 145.6593"
Museum of Danielton,Famous Intersection,"-38.6886, -107.3019"
Bridge of Meadowsburgh,Beach,"38.8215, 54.4622"
Парк д. Чебоксары,Горнолыжный курорт,"18.9782, 93.225"
Площадь ст. Арсеньев,Парк,"-28.2467, -111.8433"
Square of North Markfort,Достопримечательность,"31.8028, -114.7045"
Гора с. Чехов,Храм,"-68.5324, 8.3081"
Гора ст. Псков,Landmark,"39.3458, -24.3326"
Гора ст. Кропоткин (Краснод.),Historic Site,"52.2838, -91.632"
Park of Medinashire,Природный объект,"-54.4264, -154.5853"
Bridge of West Nicholasland,Historic Site,"-13.9064, -94.158"
Castle of Andersonshire,Природный объект,"-7.2404, -81.5824"
Гора г. Касимов,Храм,"-68.6858, -162.6494"
Площадь г. Дагомыс,Beach,"-51.351, -129.6343"
Музей с. Североморск,Museum,"-28.902, 140.6962"
Museum of Richardsonton,Famous Intersection,"23.4858, 95.8813"
Museum of North Richardberg,Достопримечательность,"-38.8128, 41.9537"
Парк с. Анадырь,Mountain Peak,"67.3979, -141.9219"
Museum of South Blakemouth,Mountain Peak,"65.7101, -49.2633"
Озеро ст. Златоуст,Парк,"-69.843, 94.7129"
Museum of West Antonio,Beach,"-30.0476, 155.2256"
Bridge of Lauraton,Пляж,"-20.4698, 41.986"
Museum of West Thomas,Museum,"-66.7538, 147.7878"
Castle of Flynnborough,Mountain Peak,"10.1191, -95.559"
Bridge of Henryborough,Nature Reserve,"10.3142, 11.7406"
Площадь с. Лесной (Сверд.),Храм,"23.5872, -15.2458"
Castle of Lake James,Достопримечательность,"-7.6162, -69.0676"
Castle of East Meganbury,Парк,"-14.5518, 24.7834"
Castle of Port Lisa,Исторический район,"-35.6376, -63.1002"
Square of Nathanielmouth,Famous Intersection,"59.9395, 60.4526"
Музей г. Хужир,Famous Intersection,"-20.8815, -145.2181"
Square of South Maria,Исторический район,"-41.0061, -38.4906"
Square of Jenniferton,Музей,"-55.2419, 25.0963"
Lake of New Michaelfort,Famous Intersection,"-8.1214, -54.931"
Museum of Williamsfort,Landmark,"-41.1087, -145.213"
Гора с. Лазаревское,Museum,"63.4382, 105.3295"
Museum of Michaelview,Mountain Peak,"-24.2747, -1.2664"
Square of Samuelland,Парк,"-57.296, 24.8195"
Bridge of Cabreraburgh,Храм,"19.4681, 22.6894"
Lake of Danielstad,Mountain Peak,"-54.0741, 90.8461"
Museum of Robinsonbury,Nature Reserve,"-6.8566, -107.4646"
Park of North Sydney,Museum,"-60.435, -137.4371"
Castle of Martinezchester,Famous Intersection,"-7.5361, 31.0311"
Bridge of Cheyenneton,Природный объект,"-41.0722, -88.03"
Озеро г. Каневская,Пляж,"26.5977, 88.9737"
Museum of Lake Elizabethtown,Famous Intersection,"-17.2628, -43.7836"
Площадь к. Урай,Museum,"68.4719, -162.7062"
Bridge of Laneborough,Исторический район,"30.9423, 36.8744"
Museum of Port Phillipshire,Исторический район,"41.4111, 127.8982"
Castle of Michaelside,Горнолыжный курорт,"-68.523, -70.6028"
Square of Lake Oliviaton,Public Park,"60.3175, 57.9492"
Castle of Walkerstad,Природный объект,"-58.2581, 92.9774"
Замок к. Бийск,Горнолыжный курорт,"-38.2033, -145.8811"
Площадь ст. Южно-Сахалинск,Достопримечательность,"24.4828, 2.9169"
Замок г. Чебоксары,Museum,"-9.1725, 112.2872"
Гора к. Березники,Nature Reserve,"-63.1421, 169.1801"
Гора п. Обнинск,Храм,"7.1552, -157.739"
Гора п. Богучар,Природный объект,"-35.2284, 118.4829"
Square of West Davidbury,Парк,"-45.6576, -9.0507"
Bridge of South Mark,Храм,"34.4829, -90.8667"
Площадь д. Кузнецк,Исторический район,"23.146, -137.0354"
Гора с. Кижи,Храм,"-22.5326, -6.2435"
Bridge of North Williammouth,Музей,"-47.5854, 149.6659"
Bridge of Lake Kennethbury,Исторический район,"39.6916, 62.4377"
Площадь клх Калевала,Парк,"-14.6382, -26.5461"
Museum of Samanthachester,Historic Site,"-28.378, 85.0242"
Озеро п. Артем,Museum,"-21.802, 1.7749"
Lake of Longfort,Nature Reserve,"-68.8557, -152.4904"
Музей п. Надым,Landmark,"-52.7188, -32.9056"
Озеро ст. Яр-Сале,Museum,"9.9676, -138.2229"
Square of Hensonberg,Historic Site,"-13.3767, 107.43"
Lake of Wilsonmouth,Достопримечательность,"-14.8601, -41.1814"
Museum of Sanchezhaven,Museum,"-63.0051, -19.8064"
Bridge of Gonzalesfort,Музей,"-15.5476, 108.2421"
Озеро к. Белоярский,Музей,"8.5832, 137.5639"
Park of Ryanchester,Горнолыжный курорт,"-24.3579, -84.522"
Парк к. Адыгейск,Historic Site,"69.5039, -162.4407"
Lake of Doyleberg,Горнолыжный курорт,"32.768, 80.3342"
Озеро с. Казань,Пляж,"-50.0665, 151.8081"
Замок п. Сузун,Храм,"-67.7653, 83.4453"
Музей п. Луга,Nature Reserve,"27.718, -36.3079"
Museum of Timstad,Mountain Peak,"-66.0291, -61.5212"
Озеро д. Балашов,Природный объект,"34.7746, -144.7607"
Озеро к. Химки,Исторический район,"-20.5351, 3.7943"
Castle of North Edwardburgh,Famous Intersection,"59.2026, -22.1775"
Park of Justintown,Nature Reserve,"8.8369, 48.7765"
Castle of Charlesside,Beach,"-55.0532, 111.2625"
Museum of Erikamouth,Природный объект,"-47.7813, -25.4488"
Озеро д. Белореченск,Горнолыжный курорт,"-21.7529, 20.774"
Музей п. Видное,Landmark,"62.1803, -78.0696"
Озеро г. Лабытнанги,Пляж,"-56.3307, -131.463"
Museum of North Jonathanmouth,Museum,"-64.0674, 149.3536"
Музей клх Черусти,Горнолыжный курорт,"24.7332, -64.3641"
Lake of Port Crystal,Historic Site,"-44.1612, -17.7779"
Гора ст. Россошь,Landmark,"18.36, -106.2746"
Музей г. Павловский Посад,Museum,"-21.9453, -131.3273"
Park of South Christinefort,Исторический район,"-2.0479, 27.1535"
Square of Lake Paul,Музей,"43.1318, 72.8227"
Bridge of Port Rebecca,Природный объект,"-63.5617, 29.6247"
Bridge of Kevinside,Парк,"63.3944, 55.8738"
Bridge of Lewisfurt,Пляж,"56.6902, -17.8197"
Park of New Taraland,Historic Site,"10.7652, -90.2618"
Музей п. Саянск,Famous Intersection,"-65.523, -110.9177"
Площадь клх Лодейное Поле,Famous Intersection,"16.2474, -14.3781"
Озеро п. Мелеуз,Landmark,"-34.4076, 125.9904"
Музей к. Буденновск,Парк,"-11.8532, 54.4483"
Гора к. Лодейное Поле,Исторический район,"36.4839, 128.8675"
Озеро с. Тарко-Сале,Famous Intersection,"63.3852, 29.4337"
Площадь д. Энгельс,Mountain Peak,"5.8775, -118.6298"
Озеро ст. Двинской,Landmark,"68.1588, -66.4098"
Park of West Gloriashire,Nature Reserve,"15.1651, 39.0499"
Park of South Patrickchester,Public Park,"-0.0836, -51.0026"
Bridge of Wallertown,Museum,"10.993, -21.4032"
Bridge of Hillshire,Museum,"36.9847, -155.571"
Музей с. Стерлитамак,Beach,"-49.4733, 3.9959"
Bridge of Pattonport,Пляж,"-9.6219, 116.3674"
Bridge of Port Christinemouth,Historic Site,"61.6936, 133.6189"
Парк г. Усть-Илимск,Достопримечательность,"-61.1587, -115.9974"
Музей п. Богучар,Mountain Peak,"-32.3712, 24.8855"
Museum of Hallfurt,Mountain Peak,"42.0926, -119.7448"
Озеро ст. Красноселькуп,Пляж,"-67.708, 8.5936"
Музей клх Чусовой,Nature Reserve,"2.4643, -159.7944"
Square of Nicolestad,Храм,"28.6139, -32.6406"
Гора клх Прохладный,Достопримечательность,"-3.3851, 64.1703"
Lake of Dianaburgh,Исторический район,"69.4441, -21.0711"
Museum of South Jonathanport,Музей,"1.5977, -43.1268"
Замок ст. Серов,Природный объект,"-12.7332, -137.5291"
Museum of North Rebecca,Природный объект,"48.0513, 137.1256"
Гора с. Пушкино (Моск.),Храм,"-47.8971, 129.3235"
Square of Lynnmouth,Museum,"41.9378, 131.6521"
Square of Reynoldsville,Landmark,"-29.3401, 51.0313"
Lake of West Jeffrey,Природный объект,"-40.5754, -132.3051"
Square of East Martha,Nature Reserve,"-59.8254, 136.9098"
Bridge of New Carltown,Nature Reserve,"-31.5111, -140.3214"
Парк к. Краснодар,Пляж,"23.3983, -103.1596"
Lake of West Jeremyfurt,Горнолыжный курорт,"-29.6904, 159.0696"
Замок п. Сасово,Горнолыжный курорт,"61.662, -31.5595"
Музей клх Челюскин,Горнолыжный курорт,"53.0087, -11.0081"
Bridge of Tinaton,Public Park,"49.9825, -168.3707"
Гора г. Александровск-Сахалинский,Храм,"-14.8444, -40.1827"
Парк п. Ростов,Музей,"-4.183, -118.9664"
Lake of Ashleyfort,Mountain Peak,"-11.6495, 71.1608"
Museum of Wangton,Mountain Peak,"31.3684, -20.4179"
Lake of Bellbury,Beach,"43.615, 109.0862"
Площадь г. Салават,Museum,"29.7584, 32.1616"
Гора к. Миллерово,Пляж,"21.2869, -169.2332"
Гора с. Карабулак,Famous Intersection,"31.4866, -54.9054"
Museum of South Justinchester,Достопримечательность,"-59.4193, -34.3657"
Park of South Matthewberg,Музей,"46.0224, -22.9974"
Bridge of South Herbert,Mountain Peak,"5.1896, 141.558"
Square of Hernandezville,Музей,"-13.52, -23.3118"
Парк д. Жуковский,Горнолыжный курорт,"-68.9955, 49.2365"
Площадь к. Яр-Сале,Достопримечательность,"56.9833, -110.4536"
Bridge of Savagefort,Nature Reserve,"36.0924, 93.1094"
Castle of South Robertshire,Mountain Peak,"34.5119, -28.885"
Парк ст. Семлячики,Парк,"17.2233, 119.8008"
Square of Hawkinshaven,Храм,"6.9392, 29.53"
Square of Armstrongton,Пляж,"-60.6165, -59.9008"
Bridge of Port Michael,Landmark,"63.5835, -127.4276"
Museum of Port Raymondton,Храм,"8.6317, -97.605"
Парк п. Кулунда,Природный объект,"3.3705, -14.108"
Castle of East Gracechester,Парк,"38.609, -2.3116"
Гора п. Териберка,Beach,"13.2997, -36.7312"
Гора с. Хасан,Горнолыжный курорт,"-10.3559, 145.4092"
Square of Lopezberg,Горнолыжный курорт,"-24.2951, 38.8265"
Замок г. Плес,Природный объект,"56.5462, 104.6289"
Castle of Sharonfort,Исторический район,"46.2893, 117.4145"
Музей к. Нарьян-Мар,Historic Site,"2.3773, -109.5919"
Park of Ericaberg,Достопримечательность,"66.9272, -15.2291"
Гора г. Морозовск,Горнолыжный курорт,"-57.4953, 17.3682"
Castle of East Jessicaview,Public Park,"60.9818, 125.8197"
Museum of West James,Природный объект,"11.6237, 82.8231"
Гора клх Тура,Nature Reserve,"-33.5819, -19.183"
Castle of Mendozastad,Landmark,"-12.3803, 41.7852"
Lake of Lake Pamelamouth,Достопримечательность,"60.3154, 33.1811"
Музей ст. Усть-Илимск,Famous Intersection,"48.1949, -135.3437"
Замок ст. Петухово,Nature Reserve,"-24.4652, 5.1572"
Castle of Lanceside,Museum,"-32.9185, 63.6936"
Museum of Wardport,Museum,"-34.8608, 39.2828"
Castle of Jennifertown,Nature Reserve,"-11.577, -17.7361"
Музей п. Оса,Природный объект,"27.3775, -94.2393"
Castle of Davidmouth,Historic Site,"-25.403, -152.1001"
Lake of North Shannonview,Historic Site,"47.4462, 129.6558"
Park of South Carlosstad,Исторический район,"-7.6744, 133.9754"
Castle of Joycestad,Nature Reserve,"-7.7913, -32.1068"
Озеро г. Ессентуки,Храм,"37.4165, -35.8452"
Square of Patrickfurt,Парк,"-41.9015, 150.4857"
Музей ст. Джейрах,Famous Intersection,"43.8123, -92.0939"
Square of Saraview,Исторический район,"65.1604, 157.5758"
Гора п. Советский,Храм,"37.7911, -10.7538"
Lake of Richardshire,Landmark,"-32.4168, 131.5276"
Square of New Amanda,Исторический район,"-1.6445, -42.0767"
Bridge of New Tabitha,Природный объект,"49.7169, 133.561"
Museum of Browningside,Beach,"-21.3333, -75.7274"
Замок клх Тутаев,Landmark,"21.7028, -70.1672"
Площадь п. Холмогоры,Mountain Peak,"-20.5816, 61.3622"
Bridge of Acevedoview,Nature Reserve,"-7.3349, 124.6427"
Park of Stephenchester,Public Park,"46.0167, -42.1215"
Музей г. Бавлы,Nature Reserve,"-6.937, 105.4135"
Park of Nancyshire,Public Park,"-37.7437, 53.2428"
Озеро к. Бронницы,Исторический район,"-10.5615, -120.3541"
Lake of Williambury,Музей,"-14.2843, -159.0969"
Озеро г. Аршан (Бурят.),Природный объект,"61.3062, -168.8333"
Музей к. Хоста,Музей,"55.9946, -40.916"
Озеро к. Хатанга,Исторический район,"51.4183, -105.62"
Озеро д. Геленджик,Пляж,"-31.698, 69.0996"
Lake of Courtneychester,Пляж,"-55.6692, -142.1346"
Парк клх Челюскин,Пляж,"-59.6401, -100.4534"
Парк к. Добрянка,Mountain Peak,"34.4865, 151.2991"
Замок ст. Хатанга,Mountain Peak,"44.6836, 169.2229"
Lake of Lake Mary,Nature Reserve,"21.9902, 124.0875"
Bridge of Hillchester,Famous Intersection,"20.162, -63.1032"
Lake of Alvarezchester,Famous Intersection,"-66.711, 108.7137"
Museum of West Nathanielton,Храм,"48.386, -154.0309"
Park of Nicolemouth,Public Park,"43.5337, -46.0029"
Замок г. Бреды,Museum,"-24.6752, -72.3116"
Square of South Olivia,Музей,"-69.7667, -126.2842"
Площадь к. Ростов-на-Дону,Nature Reserve,"21.5658, -118.1468"
Озеро к. Кяхта,Public Park,"-29.3118, -112.7785"
Square of Stevenhaven,Исторический район,"-27.6796, 49.3767"
Парк клх Благовещенск (Амур.),Landmark,"-61.3942, 80.9782"
Castle of Port David,Музей,"-53.7058, 57.7071"
Bridge of Jenniferburgh,Landmark,"64.0354, 110.1009"
Park of New Laurenmouth,Mountain Peak,"-41.3565, -77.4172"
Гора клх Кежма,Historic Site,"-24.6208, -72.8048"
Lake of Gillhaven,Museum,"43.7274, 106.6448"
Lake of East Tammy,Горнолыжный курорт,"4.5784, -19.3074"
Гора клх Юрьев-Польский,Museum,"20.5688, 83.5496"
Park of South Jose,Famous Intersection,"-46.1671, 162.0461"
Lake of Port Andrew,Храм,"-0.6167, 85.5576"
Castle of North Mark,Nature Reserve,"-45.248, 46.8133"
Park of Figueroamouth,Достопримечательность,"-55.8817, -63.9152"
Museum of Port Jacqueline,Public Park,"-55.4053, 144.2607"
Парк п. Звенигород,Museum,"23.9487, -36.0119"
Bridge of East Jessica,Museum,"0.9814, -159.1045"
Парк д. Городовиковск,Landmark,"18.3419, 21.3506"
Park of Woodsbury,Landmark,"45.8769, 102.4713"
Гора п. Ивдель,Historic Site,"16.103, 48.9012"
Lake of Lake Sarah,Парк,"-6.5938, 0.666"
Park of South Christopherberg,Исторический район,"-38.4078, -17.0884"
Castle of Lake Raymondmouth,Historic Site,"-7.7538, 28.9858"
Square of West Lisa,Музей,"16.5701, -168.1111"
Парк клх Бузулук,Famous Intersection,"45.5054, 78.7394"
Замок п. Белокуриха,Пляж,"26.1573, 126.8355"
Площадь д. Углич,Landmark,"47.7869, 40.9766"
Lake of Riddleside,Природный объект,"-45.4938, -107.3588"
Square of North Jennifermouth,Музей,"38.5177, -33.2681"
Square of Woodsmouth,Landmark,"69.8284, -117.0915"
Замок п. Екатеринбург,Исторический район,"10.8208, -128.287"
Park of South Julie,Nature Reserve,"13.4553, 92.0072"
Park of North Anthony,Исторический район,"-15.6484, -84.1764"
Lake of North Brettport,Nature Reserve,"49.0591, 129.2557"
Lake of Schneiderville,Достопримечательность,"20.4509, -25.4703"
Парк к. Пушкинские Горы,Historic Site,"35.7309, 74.3812"
Lake of Davidport,Famous Intersection,"51.9353, 151.5322"
Замок к. Бреды,Исторический район,"-5.4854, 163.4088"
Парк д. Нефедова,Landmark,"-36.3567, 138.6547"
Park of Lambhaven,Парк,"67.3736, -51.5456"
Площадь ст. Буйнакск,Famous Intersection,"-7.2235, 7.8017"
Bridge of Lindsayview,Пляж,"-43.5327, 95.0921"
Castle of Lake Dawnchester,Museum,"-34.7037, -136.739"
Bridge of Lake Michael,Mountain Peak,"-20.5854, 24.2847"
Озеро ст. Кузнецк,Пляж,"47.9699, -99.7233"
Музей ст. Хабаровск,Landmark,"-56.6917, 0.2366"
Парк к. Ухта,Достопримечательность,"9.927, -5.1279"
Museum of South Ann,Достопримечательность,"-35.8406, 33.0715"
Lake of North Christopherburgh,Природный объект,"-21.3645, -84.4121"
Музей к. Псебай,Famous Intersection,"-15.1157, 30.8328"
Museum of Sheppardhaven,Достопримечательность,"11.1428, 157.6962"
Castle of Lake Timothy,Mountain Peak,"54.9182, 41.3824"
Castle of Codyfurt,Famous Intersection,"-66.328, 100.0762"
Гора ст. Калач-на-Дону,Достопримечательность,"-23.289, 105.0652"
Park of Brownborough,Historic Site,"-16.2312, -147.1377"
Museum of Newmanchester,Музей,"-41.2163, 129.2286"
Площадь с. Елец,Исторический район,"-0.6424, -31.2619"
Озеро ст. Грозный,Природный объект,"-15.4558, 64.0312"
Museum of Lawrencefort,Beach,"-24.9403, -5.8949"
Museum of Macdonaldstad,Public Park,"-48.1108, 146.2236"
Lake of West Annetteberg,Исторический район,"36.8552, -3.0164"
Castle of Snowhaven,Храм,"52.0402, 131.9006"
Lake of Leemouth,Nature Reserve,"2.5021, -160.0823"
Озеро д. Шатой,Beach,"20.0943, -8.4721"
Музей п. Невинномысск,Природный объект,"-32.5041, -128.2387"
Museum of Lake Kendra,Famous Intersection,"-8.3379, -156.1823"
Lake of North Kathy,Famous Intersection,"-14.3918, 113.6258"
Парк клх Александровск-Сахалинский,Парк,"-5.8689, 149.0641"
Park of New Lauriemouth,Храм,"13.6498, -58.6928"
Museum of Moralesville,Пляж,"-31.4224, 167.692"
Lake of East Ronald,Public Park,"-10.9483, -131.1323"
Castle of East Kathleen,Горнолыжный курорт,"67.91, 51.0023"
Bridge of Baileyfurt,Public Park,"-6.4876, 60.965"
Park of Lake Jenniferfort,Горнолыжный курорт,"-51.8837, -23.6106"
Музей с. Мокшан,Museum,"-60.2027, 128.8167"
Park of West Renee,Beach,"2.1623, -48.4225"
Lake of Patriciatown,Mountain Peak,"-44.719, 47.6198"
Museum of Alvaradoborough,Парк,"59.126, -13.9777"
Bridge of Amymouth,Парк,"-37.6998, 119.9668"
Озеро с. Междуреченский,Landmark,"-63.0255, 129.5041"
Castle of Paulmouth,Beach,"36.8992, 17.1859"
Castle of Lake Andrew,Природный объект,"20.4797, -117.6856"
Площадь г. Калевала,Museum,"-44.6452, -73.8327"
Castle of Gonzalezfurt,Mountain Peak,"60.4657, 156.545"
Bridge of New Ann,Beach,"47.4232, -104.8068"
Lake of Hillhaven,Beach,"62.0277, 30.3718"
Castle of Port Nicolebury,Famous Intersection,"23.128, 73.6844"
Bridge of South Brian,Музей,"51.8683, -152.6043"
Lake of Lake Jessicashire,Пляж,"-18.7374, -137.7947"
Bridge of Hughestown,Пляж,"-42.998, 42.6235"
Замок п. Валаам,Исторический район,"-68.8264, 165.7959"
Park of Katieport,Famous Intersection,"38.4706, -132.066"
Museum of Brandontown,Public Park,"39.1556, -118.1699"
Музей п. Владимир,Historic Site,"-15.9856, -74.4294"
Park of Huntberg,Горнолыжный курорт,"54.1395, 102.5295"
Площадь ст. Нефтекамск,Парк,"-11.783, -166.2078"
Музей к. Енисейск,Горнолыжный курорт,"-36.7895, 37.0036"
Lake of West Randyport,Beach,"-20.2932, 145.3737"
Замок д. Железногорск(Курск.),Достопримечательность,"-33.1212, -52.4668"
Музей ст. Кулу,Храм,"24.7322, -19.1928"
Замок п. Кижи,Beach,"63.7004, -9.9421"
Bridge of New Deborahport,Природный объект,"26.3893, -158.821"
Замок д. Тулун,Famous Intersection,"48.7585, -8.9868"
Замок д. Балашиха,Природный объект,"17.2171, -10.0321"
Museum of Kristinmouth,Горнолыжный курорт,"-1.9574, -17.185"
Bridge of Pattersonborough,Landmark,"59.3145, -48.5789"
Озеро с. Джубга,Горнолыжный курорт,"-46.5523, 161.5956"
Park of Johnton,Исторический район,"-31.3212, 47.2508"
Музей д. Лабытнанги,Famous Intersection,"17.7886, -160.377"
Bridge of Fergusonbury,Исторический район,"68.7372, -166.409"
Castle of Bryantmouth,Храм,"49.5376, -106.3655"
Замок п. Северо-Курильск,Исторический район,"-30.5057, 75.7664"
Museum of Port Kimberly,Природный объект,"41.5375, 118.6315"
Castle of Andersonside,Музей,"-4.7555, 17.9062"
Square of Loweport,Nature Reserve,"20.0272, -87.275"
Площадь г. Ессентуки,Парк,"42.6175, -117.2492"
Museum of East Andrew,Храм,"-66.4404, -99.3493"
Park of Maryfurt,Public Park,"60.9849, -99.9235"
Озеро к. Сунтар,Museum,"-60.9713, 62.3314"
Озеро п. Теберда,Nature Reserve,"69.9076, 160.1015"
Площадь клх Уссурийск,Пляж,"-42.616, 20.1483"
Площадь ст. Игнашино,Museum,"22.5526, -26.3557"
Bridge of Elizabethbury,Достопримечательность,"66.0629, 86.1439"
Square of Port Andreahaven,Исторический район,"-25.4902, -143.7609"
Castle of Zacharyville,Famous Intersection,"-46.8267, -89.4734"
Парк к. Старая Русса,Beach,"51.8933, -137.8529"
Park of Sheliaport,Исторический район,"-69.9195, -73.3774"
Замок г. Елатьма,Landmark,"-11.5155, -113.6708"
Музей д. Уварово,Famous Intersection,"-40.2693, -76.6118"
Square of Ericksonland,Nature Reserve,"-56.296, 21.6222"
Park of Lindaside,Исторический район,"-24.1598, 33.5677"
Bridge of Sharonmouth,Public Park,"-68.3594, -50.9292"
Castle of Port Antoniotown,Nature Reserve,"-66.2354, 138.7033"
Парк ст. Дмитров,Museum,"-51.6925, -147.6592"
Парк с. Беслан,Museum,"-25.2526, 38.2599"
Музей г. Славянск-на-Кубани,Пляж,"24.4972, 108.189"
Castle of East Kristenfort,Museum,"-38.9893, 66.9438"
Square of West Billytown,Nature Reserve,"-67.8451, 16.891"
Museum of West Alan,Горнолыжный курорт,"40.8142, 49.5814"
Музей ст. Охотск,Музей,"15.0569, 97.9371"
Park of East Michaelport,Public Park,"48.7382, -53.2404"
Castle of West Francesstad,Landmark,"69.5172, -41.5972"
Замок п. Ялуторовск,Nature Reserve,"55.3282, -72.1972"
Castle of Williamsmouth,Храм,"-62.6168, 85.9428"
Площадь с. Кандалакша,Beach,"-65.9068, 107.5816"
Lake of Brandonfurt,Горнолыжный курорт,"-28.6277, -33.5646"
Castle of Maxwellview,Пляж,"-15.3573, 57.5349"
Замок к. Славянск-на-Кубани,Храм,"19.1162, -48.6892"
Bridge of Lake Brendanside,Beach,"12.916, -96.9904"
Bridge of South Williamland,Museum,"-21.6775, -160.5082"
Square of West Sean,Famous Intersection,"-19.9842, 16.4258"
Museum of Port Alexisfurt,Исторический район,"29.8183, 166.2498"
Square of Port Luisshire,Famous Intersection,"-42.4899, -124.5815"
Square of Tammyshire,Исторический район,"9.3581, -119.1113"
Square of Hurleyhaven,Парк,"-6.0469, -118.8605"
Замок д. Владимир,Beach,"16.8621, -23.1655"
Парк к. Орск,Пляж,"38.6447, -169.0075"
Bridge of West Jeffreyside,Храм,"54.2042, -154.2301"
Музей г. Красноярск,Historic Site,"-61.0449, 99.9165"
Park of Fischerview,Historic Site,"55.3204, -105.0426"
Музей д. Касимов,Beach,"10.9468, -14.0282"
Площадь ст. Мыс Шмидта,Музей,"-3.2335, -139.9724"
Square of South Kirktown,Nature Reserve,"11.9897, 83.8606"
Музей д. Красноселькуп,Горнолыжный курорт,"0.3408, -119.723"
Lake of Port Sarah,Пляж,"59.6561, 127.5076"
Озеро с. Нефедова,Beach,"-47.7079, -143.7835"
Музей клх Архангельск,Храм,"22.1399, -96.5714"
Гора ст. Геленджик,Museum,"35.802, 128.9791"
Замок п. Александровск-Сахалинский,Mountain Peak,"38.9173, -18.2266"
Park of Port Carlatown,Mountain Peak,"-46.8686, 26.2838"
Lake of Port Scottburgh,Public Park,"67.5248, 31.5233"
Castle of Lake Jonathanville,Mountain Peak,"-5.1535, 105.2448"
Парк д. Саратов,Музей,"-37.0897, -29.3076"
Bridge of North Christopher,Достопримечательность,"-15.2394, 159.4725"
Castle of Pittsbury,Famous Intersection,"-24.1823, 4.685"
Park of Josephfort,Музей,"23.0754, -53.5476"
Square of New Stephanieport,Historic Site,"48.6569, -33.5185"
Парк клх Пушкинские Горы,Famous Intersection,"-68.9314, 96.509"
Замок ст. Черкесск,Музей,"10.4094, -7.3763"
Square of Port Bianca,Горнолыжный курорт,"-68.4666, -14.948"
Bridge of East Rebecca,Исторический район,"11.8375, 68.7415"
Парк п. Соболево,Горнолыжный курорт,"54.1861, 70.8464"
Square of Deckerland,Historic Site,"-36.5162, -155.8605"
Museum of New Markstad,Landmark,"30.764, -137.962"
Озеро к. Кош-Агач,Музей,"-35.9975, 106.981"
Площадь г. Ребриха,Mountain Peak,"50.5737, -86.405"
Park of Gillespiemouth,Горнолыжный курорт,"3.2907, -16.7483"
Гора с. Мценск,Музей,"-22.2369, -145.4921"
Замок д. Сызрань,Исторический район,"-20.9891, 13.7548"
Озеро к. Апатиты,Храм,"18.6993, -113.2492"
Гора г. Северо-Курильск,Горнолыжный курорт,"13.1594, -130.3858"
Парк клх Сорочинск,Famous Intersection,"60.6829, -33.0746"
Lake of Bondview,Famous Intersection,"14.3625, -149.9431"
Озеро к. Бавлы,Природный объект,"26.031, 158.2349"
Castle of Serranotown,Nature Reserve,"-6.3904, -163.21"
Площадь с. Оренбург,Музей,"4.9121, 140.5829"
Square of Cassieland,Достопримечательность,"42.6935, -59.7719"
Озеро клх Североуральск,Famous Intersection,"5.654, 41.6194"
Музей к. Талдом,Исторический район,"47.2936, 48.8402"
Park of Scottchester,Парк,"-6.9622, 130.9206"
Парк с. Орел,Природный объект,"10.608, -27.9173"
Парк г. Хатанга,Парк,"3.4103, 1.8723"
Парк п. Серафимович,Historic Site,"-66.0549, -56.6545"
Museum of Leeton,Landmark,"29.1337, -142.3361"
Озеро п. Ульяновск,Famous Intersection,"25.9132, 61.7293"
Парк п. Елец,Храм,"-26.9708, 10.7499"
Lake of West Ashleyport,Достопримечательность,"-61.4989, -109.5084"
Square of Rogersburgh,Museum,"-21.9959, 74.7363"
Bridge of Williamshaven,Public Park,"-63.1657, 145.5557"
Озеро д. Чермоз,Храм,"-44.8818, -81.8572"
Castle of Jillchester,Landmark,"20.5555, 51.3583"
Озеро ст. Теберда,Mountain Peak,"-0.4311, -125.9877"
Park of Jordanfort,Famous Intersection,"-62.9922, -119.8513"
Park of North Joshualand,Mountain Peak,"57.271, -88.7883"
Museum of New Brian,Public Park,"12.1057, -47.7582"
Озеро к. Майкоп,Музей,"-51.0261, -16.5542"
Парк ст. Урус-Мартан,Nature Reserve,"8.1126, 2.5143"
Музей ст. Алагир,Пляж,"49.0224, -158.5668"
Castle of Tinahaven,Famous Intersection,"54.4785, -147.721"
Lake of West Brendaland,Public Park,"-67.5869, 133.7741"
Castle of West Allen,Горнолыжный курорт,"-66.586, 33.0238"
Bridge of Byrdberg,Beach,"13.8442, -143.3534"
Bridge of Carterfort,Nature Reserve,"33.3966, -166.768"
Lake of Rodneyshire,Famous Intersection,"-23.5261, 6.6266"
Площадь д. Гремячинск (Бурят.),Музей,"-29.2554, 22.632"
Парк п. Кулу,Nature Reserve,"-66.9874, -65.5772"
Гора г. Киржач,Museum,"-63.7407, -25.2044"
Озеро д. Тимашевск,Beach,"-63.0292, 55.9237"
Площадь ст. Нерчинск,Famous Intersection,"-66.4216, -84.0969"
Museum of Lake David,Музей,"-45.6609, -64.1903"
Замок ст. Карачаевск,Landmark,"-3.6175, -90.456"
Park of Collinsside,Горнолыжный курорт,"57.9524, -116.1851"
Lake of New Joshua,Исторический район,"58.6298, -1.6501"
Museum of West Richard,Historic Site,"-4.316, -68.7316"
Гора п. Славянск-на-Кубани,Парк,"41.0601, 136.7737"
Замок д. Дербент,Public Park,"48.6535, -60.5328"
Castle of North Gregory,Исторический район,"23.9993, 143.3081"
Bridge of Ashleyville,Famous Intersection,"-55.6733, -119.9447"
Озеро п. Тосно,Исторический район,"-60.0235, 101.3512"
Bridge of Port Kristenside,Пляж,"-65.0514, 54.4928"
Museum of Port Ryanstad,Достопримечательность,"31.9544, -79.6043"
Площадь д. Ноябрьск,Достопримечательность,"-31.0121, 21.3817"
Bridge of New Carlystad,Mountain Peak,"-45.1832, -11.3873"
Площадь с. Домбай,Пляж,"-32.2276, -48.8126"
Castle of New Spencer,Горнолыжный курорт,"65.0796, -118.6957"
Парк клх Бологое,Mountain Peak,"-60.4305, -4.3445"
Castle of New Kathrynfort,Храм,"-52.8218, -25.9441"
Парк ст. Стерлитамак,Достопримечательность,"-57.8034, 96.3046"
Lake of Lake Royshire,Beach,"43.8193, 75.1412"
Гора п. Коломна,Beach,"68.0835, -143.2466"
Lake of Lake Hannahton,Музей,"33.3227, 153.7111"
Площадь к. Норильск,Famous Intersection,"34.1171, -98.6445"
Lake of Hollandshire,Nature Reserve,"-14.6128, 7.4274"
Гора г. Магнитогорск,Landmark,"-62.1856, -2.3128"
Castle of Anthonyfort,Mountain Peak,"40.3361, 105.5496"
Парк г. Слюдянка,Public Park,"55.2137, 140.7805"
Park of East Deannafurt,Исторический район,"21.3607, -36.6665"
Гора к. Чегем,Природный объект,"43.0286, -42.5042"
Museum of Kaylahaven,Пляж,"68.3037, -121.9169"
Museum of Justinhaven,Достопримечательность,"2.0285, -99.4332"
Castle of Christensenmouth,Famous Intersection,"48.2351, 59.9462"
Castle of North Jeffreyborough,Nature Reserve,"-33.712, -62.7544"
Park of West Marciaton,Beach,"32.008, 76.2619"
Bridge of East Wendychester,Достопримечательность,"27.2008, -22.8159"
Bridge of Millerland,Famous Intersection,"-61.5996, 23.0178"
Lake of East Leroy,Горнолыжный курорт,"-36.4828, -74.8371"
Square of Morganport,Mountain Peak,"-41.791, 148.3204"
Bridge of West Billyborough,Mountain Peak,"40.4929, 91.3724"
Bridge of New Shawn,Famous Intersection,"55.6299, -64.4227"
Замок ст. Липецк,Public Park,"66.3165, -149.6571"
Озеро ст. Тобольск,Landmark,"66.9608, -145.6484"
Park of West Ashlee,Nature Reserve,"-1.4455, -82.0097"
Lake of Erictown,Nature Reserve,"4.7518, -63.4728"
Museum of Lake Kimberlyview,Museum,"-30.8569, 165.3431"
Замок с. Мостовской,Landmark,"51.3457, -32.3"
Озеро д. Лотошино,Храм,"67.1136, 120.0603"
Гора ст. Кетченеры,Исторический район,"3.3026, -98.587"
Park of Port Brian,Храм,"23.4248, -74.4332"
Bridge of East Jennifer,Храм,"-22.9745, -17.2528"
Museum of Carlberg,Museum,"56.3146, -8.0509"
Museum of North Melissahaven,Музей,"11.621, 84.0212"
Castle of Morrisport,Nature Reserve,"-45.4555, -23.1442"
Bridge of Garrisonfurt,Горнолыжный курорт,"-52.7236, -11.0"
Замок клх Шадринск,Исторический район,"-29.7445, 29.1146"
Lake of South Morganhaven,Парк,"58.7772, 22.793"
Bridge of Williamsborough,Famous Intersection,"-55.192, 27.7091"
Парк г. Ноглики,Nature Reserve,"-30.7986, -87.0"
Озеро с. Сеймчан,Природный объект,"13.1116, 59.81"
Lake of Heathermouth,Исторический район,"-57.6157, -43.1248"
Музей п. Благовещенск (Амур.),Historic Site,"30.2105, -87.6296"
Lake of Port Brandon,Landmark,"-27.8698, 70.4057"
Гора ст. Тулун,Парк,"40.6821, -6.6656"
Castle of West Shawn,Храм,"63.4052, 101.1801"
Замок п. Курган,Горнолыжный курорт,"37.0443, 68.0654"
Замок г. Славянск-на-Кубани,Исторический район,"18.1548, 143.3612"
Square of Christineton,Исторический район,"37.6381, -97.1682"
Lake of West James,Исторический район,"-20.369, -53.8932"
Lake of New Timothy,Парк,"16.7057, -78.7971"
Музей к. Верхний Уфалей,Mountain Peak,"-3.2718, -157.6057"
Гора клх Волоколамск,Famous Intersection,"-66.1614, -49.8385"
Bridge of New Michelefurt,Парк,"18.5199, -116.4175"
Lake of Matthewmouth,Природный объект,"56.6761, -62.4745"
Lake of Sarahburgh,Museum,"-61.0818, 79.0011"
Museum of Joshuachester,Храм,"-38.5409, 11.3427"
Озеро д. Сальск,Public Park,"-16.3349, 120.4602"
Castle of South Roberthaven,Музей,"-52.9421, -54.8324"
Bridge of Nancyborough,Historic Site,"26.3301, -141.172"
Square of Port Vincent,Горнолыжный курорт,"23.8432, 130.6616"
Castle of Lake Patricia,Nature Reserve,"15.1277, -109.8214"
Bridge of Tonyaport,Public Park,"36.993, 144.8541"
Замок к. Тихвин,Nature Reserve,"24.2994, -28.7001"
Museum of Brendastad,Исторический район,"15.1165, 143.6825"
Музей клх Волгодонск,Museum,"46.214, 80.8636"
Park of Port Andrewport,Landmark,"-67.2891, 70.2133"
Музей г. Ноябрьск,Храм,"-13.5769, 72.4611"
Lake of New Brianna,Горнолыжный курорт,"11.8748, 31.7022"
Park of East Gabrielbury,Museum,"-15.8826, -119.2807"
Castle of New Briantown,Пляж,"37.2637, -160.2689"
Музей клх Ноябрьск,Beach,"-6.5638, -3.5917"
Square of Port Micheleland,Famous Intersection,"41.7348, -165.7877"
Park of East Mark,Достопримечательность,"-66.2203, 32.4963"
Lake of Kingchester,Historic Site,"54.3939, 77.4471"
Park of Cruzside,Пляж,"41.47, 128.0051"
Park of Port Jill,Парк,"-2.2024, -150.8161"
Озеро д. Магнитогорск,Famous Intersection,"44.9832, -66.3221"
Площадь д. Всеволожск,Museum,"-8.308, -161.1625"
Озеро к. Суздаль,Природный объект,"36.3487, 93.5573"
Square of North Shane,Достопримечательность,"34.2676, -40.4674"
Замок д. Карпинск,Mountain Peak,"-19.0276, 106.6694"
Square of Donnatown,Public Park,"22.8713, 80.4637"
Озеро клх Шарья,Landmark,"-61.2147, 110.9864"
Площадь с. Краснокамск,Парк,"56.1632, 141.9268"
Озеро д. Серафимович,Museum,"63.0585, 119.8745"
Lake of West Robertville,Горнолыжный курорт,"-28.205, 113.2996"
Bridge of Thomasview,Исторический район,"-11.4774, -27.4326"
Castle of Shellyville,Mountain Peak,"-0.7722, 79.1498"
Музей п. Сибай,Museum,"57.7648, 71.3683"
Площадь п. Токсово,Пляж,"-30.4017, -6.6576"
Park of Stevenstad,Пляж,"16.0327, -23.5826"
Музей клх Якша,Пляж,"20.7776, 111.8118"
Park of Audreyberg,Museum,"36.9269, -167.5908"
Castle of Chavezmouth,Исторический район,"-5.7091, 70.674"
Square of Port Jessicaside,Famous Intersection,"16.2324, -69.9682"
Замок ст. Подольск,Museum,"59.2162, 92.6812"
Bridge of Powellhaven,Природный объект,"63.7654, -68.3822"
Bridge of Craigland,Mountain Peak,"41.8872, 112.1245"
Museum of New Lisaview,Исторический район,"63.7266, -64.6407"
Замок д. Ростов-на-Дону,Исторический район,"28.8795, 21.1096"
Bridge of Stokesshire,Landmark,"-30.829, -122.1483"
Площадь д. Верхний Тагил,Горнолыжный курорт,"-68.5562, 104.034"
Bridge of South Jeffreyside,Исторический район,"-58.7751, 124.8276"
Парк клх Яхрома,Public Park,"25.0576, -1.822"
Park of Port Jeffrey,Nature Reserve,"-8.2643, -111.2305"
Bridge of South Whitney,Mountain Peak,"-67.679, -138.9637"
Museum of New Kevinchester,Природный объект,"-15.3363, 5.8833"
Bridge of Castilloshire,Исторический район,"52.7972, -44.0318"
Площадь к. Обоянь,Исторический район,"-0.1089, -59.69"
Lake of West John,Исторический район,"37.2866, -119.8089"
Bridge of Lake Sethfort,Храм,"-48.095, -57.456"
Park of Rebeccabury,Природный объект,"58.349, 103.9028"
Park of Benjaminfurt,Landmark,"-64.4995, 124.5925"
Park of Amystad,Public Park,"13.708, 61.4914"
Castle of Lake Tonytown,Public Park,"-61.2738, 58.9818"
Замок клх Учалы,Beach,"57.163, -145.393"
Замок д. Абакан,Museum,"0.314, 41.8301"
Площадь д. Благовещенск (Амур.),Landmark,"-10.48, 81.2507"
Замок п. Балашиха,Природный объект,"65.9127, -140.3516"
Museum of Melissachester,Природный объект,"63.3323, 66.6556"
Площадь ст. Черкесск,Nature Reserve,"45.9271, 93.036"
Музей с. Вуктыл,Nature Reserve,"-2.0176, 155.5261"
Площадь д. Диксон,Музей,"-63.6888, 32.9297"
Площадь к. Всеволожск,Historic Site,"-41.5995, -18.1374"
Парк г. Шереметьево,Пляж,"9.9043, 38.3391"
Площадь п. Тура,Музей,"14.5663, -25.6189"
Lake of South Barbara,Nature Reserve,"60.7235, -126.3772"
Озеро ст. Кировск (Ленин.),Достопримечательность,"-47.6154, -81.1719"
Гора г. Кизляр,Храм,"-29.702, -102.5694"
Озеро г. Великий Устюг,Достопримечательность,"8.8499, 50.1049"
Площадь д. Лазаревское,Достопримечательность,"49.2904, -86.7409"
Lake of West Tylerport,Храм,"-28.2886, 68.432"
Park of East Michael,Nature Reserve,"24.8141, -127.2406"
Museum of Port Kimberly,Public Park,"45.578, -154.0264"
Square of Johnsonton,Музей,"51.2422, 164.8136"
Park of Nicoleton,Храм,"-38.0632, 15.0605"
Гора к. Верхнее Пенжино,Famous Intersection,"-39.5768, -1.0806"
Castle of North Jenniferburgh,Пляж,"-13.2281, -9.3579"
Замок г. Соликамск,Горнолыжный курорт,"-58.3224, 150.8065"
Озеро клх Ангарск,Beach,"-3.051, 88.7704"
Площадь с. Сосьва (Хант.),Historic Site,"-38.8786, 27.0102"
Castle of North Stephenton,Природный объект,"12.2352, -64.095"
Museum of Wrightmouth,Достопримечательность,"-52.0674, -150.2302"
Bridge of Cooperside,Nature Reserve,"62.4752, -84.0815"
Lake of Lucasside,Храм,"-47.317, -115.4566"
Lake of Cameronland,Landmark,"32.9544, 92.0146"
Парк ст. Баксан,Пляж,"-46.1889, 104.0565"
Museum of Port Jennifer,Beach,"-62.1586, 82.0593"
Castle of North Emma,Пляж,"-29.179, 28.1481"
Museum of Greenton,Nature Reserve,"-38.7347, -48.7843"
Museum of Courtneyfurt,Nature Reserve,"60.0704, 16.5607"
Park of Juliaside,Природный объект,"-42.0111, -29.2691"
Castle of Benderside,Museum,"-26.2509, 139.8508"
Castle of Robertchester,Парк,"-43.1624, 34.0678"
Парк г. Апшеронск,Historic Site,"-30.3693, 20.2668"
Square of Adkinsmouth,Храм,"-24.9285, 56.5244"
Park of Danielbury,Famous Intersection,"-4.4842, -86.0935"
Square of South Michael,Горнолыжный курорт,"-65.0536, -154.7729"
Bridge of Brianstad,Музей,"-47.3801, -95.8071"
Озеро клх Шамары,Nature Reserve,"59.9141, -12.4321"
Музей клх Анива,Природный объект,"53.8051, 150.8384"
Castle of Potterhaven,Famous Intersection,"19.8703, 48.8442"
Музей д. Терней,Beach,"-29.7186, -0.5613"
Парк ст. Элиста,Beach,"-59.8523, 109.3945"
Square of Blairshire,Природный объект,"-4.4759, -71.8955"
Square of Seanfort,Museum,"-57.4603, 67.9085"
Площадь п. Приозерск,Исторический район,"40.2383, -81.4368"
Lake of Choiton,Museum,"62.7665, -57.7668"
Замок п. Усмань,Museum,"67.2395, 81.3871"
Lake of Thomasmouth,Historic Site,"6.7449, 104.3154"
Bridge of Butlertown,Public Park,"-27.9624, -17.5872"
Замок п. Сальск,Beach,"-62.1026, 108.9233"
Гора ст. Ершов,Museum,"21.3026, 69.041"
Площадь клх Жиганск,Landmark,"-31.159, -48.7126"
Castle of North Justin,Mountain Peak,"-28.5674, 18.7561"
Square of Port Colleen,Достопримечательность,"53.7288, 21.3967"
Square of Jamesville,Достопримечательность,"55.3781, 161.1432"
Square of West Robert,Beach,"30.1226, 114.9585"
Lake of North Richardborough,Museum,"29.6172, 78.6006"
Park of South Markstad,Mountain Peak,"28.0643, 17.9714"
Square of Munozchester,Природный объект,"50.4482, 35.5114"
Park of Brittneyhaven,Парк,"-12.4175, -52.4368"
Square of Johnsonbury,Famous Intersection,"5.8096, -63.1797"
Площадь г. Липецк,Landmark,"-61.3846, 77.7844"
Castle of North Claudia,Historic Site,"-33.9933, 36.2825"
Park of Port Erica,Пляж,"51.4622, 57.1126"
Museum of Tracyport,Historic Site,"26.8269, -77.6741"
Castle of Carloschester,Достопримечательность,"-5.4449, -28.1283"
Lake of New Wendy,Парк,"-35.8822, -160.792"
Bridge of East Jessica,Beach,"31.2451, 43.6969"
Площадь клх Туруханск,Landmark,"67.3872, -117.7783"
Озеро к. Абакан,Famous Intersection,"22.5375, -124.203"
Площадь с. Кунгур,Исторический район,"-51.0424, -70.7864"
Гора п. Чегем,Музей,"-57.9147, 78.6889"
Bridge of Jenniferland,Горнолыжный курорт,"-8.7552, 108.9511"
Площадь г. Владимир,Музей,"-57.7197, 91.0719"
Парк с. Омск,Пляж,"-15.6838, -127.5754"
Castle of Dukeland,Museum,"24.2592, -93.6904"
Castle of New Rhonda,Landmark,"-40.1083, 155.6582"
Museum of Port Ericberg,Храм,"-55.7084, 34.598"
Lake of Kathleenmouth,Landmark,"-62.5433, -125.9442"
Замок ст. Бронницы,Музей,"-66.2082, -126.0202"
Castle of Jamesland,Храм,"40.2968, 90.8483"
Замок ст. Кирово-Чепецк,Museum,"67.6764, -16.9654"
Museum of Glennhaven,Famous Intersection,"-53.0395, 64.3405"
Bridge of South Christophermouth,Музей,"37.5557, 71.4973"
Озеро к. Инта,Beach,"32.5781, -104.4954"
Park of Rosariofort,Парк,"-45.018, 21.0938"
Park of Lemouth,Храм,"-25.2324, 83.9238"
Park of Port Jenniferport,Храм,"44.655, 78.8779"
Museum of Port Kathleen,Музей,"66.6573, 140.9879"
Замок к. Красноярск,Mountain Peak,"-57.0485, -23.8752"
Museum of South Meganmouth,Природный объект,"-10.7268, 139.0181"
Музей ст. Арзамас,Landmark,"13.1824, -156.3639"
Гора ст. Валдай,Горнолыжный курорт,"-57.6164, -56.0953"
Park of Amyview,Музей,"22.076, -10.7908"
Museum of Erictown,Природный объект,"-45.0039, 163.6365"
Lake of West Veronicamouth,Historic Site,"58.8303, 46.8968"
Замок г. Елец,Достопримечательность,"-19.1649, 150.7628"
Castle of Matthewland,Public Park,"-56.1981, -123.6978"
Замок ст. Миллерово,Достопримечательность,"42.4564, -48.919"
Bridge of Petersonmouth,Храм,"-28.6068, -40.1365"
Castle of Port Kathrynfurt,Горнолыжный курорт,"53.4968, 132.655"
Площадь к. Добрянка,Пляж,"-64.0183, 7.9965"
Square of Matthewsborough,Nature Reserve,"35.4069, 52.5546"
Lake of Lake Johnview,Mountain Peak,"-54.2059, -102.8282"
Lake of East Stephenmouth,Famous Intersection,"-62.3326, 67.7348"
Площадь д. Кингисепп,Достопримечательность,"3.6802, 133.5832"
Park of Leeshire,Landmark,"3.8431, -63.4179"
Парк д. Двинской,Landmark,"16.2407, 32.4998"
Замок ст. Диксон,Исторический район,"-66.1225, -72.9061"
Castle of East Erika,Mountain Peak,"7.6441, 39.3335"
Замок клх Балашов,Горнолыжный курорт,"-31.3237, -59.7055"
Castle of East Sonyaview,Beach,"14.5972, -162.7604"
Square of Port Johnathanfort,Пляж,"-3.9488, 100.0443"
Площадь г. Красноселькуп,Mountain Peak,"-21.038, 164.4139"
Square of New Kristin,Исторический район,"-52.5218, 7.2664"
Park of Katherineland,Исторический район,"38.1583, -100.8231"
Музей ст. Елатьма,Природный объект,"-7.9511, 68.401"
Castle of Millsport,Исторический район,"24.2905, 166.4533"
Музей клх Павловский Посад,Пляж,"-60.0625, 119.07"
Гора д. Кинешма,Beach,"-61.3021, 90.6488"
Castle of Samuelmouth,Горнолыжный курорт,"-67.6399, 13.4947"
Парк с. Чебаркуль,Museum,"62.2459, -101.7209"
Замок ст. Старый Оскол,Landmark,"26.6162, 34.9629"
Museum of Mooreland,Достопримечательность,"42.0635, -103.517"
Замок клх Партизанск,Парк,"31.2166, 113.6756"
Lake of South Danielleshire,Famous Intersection,"-56.807, 43.6595"
Парк к. Черский,Природный объект,"16.1607, 137.6006"
Озеро к. Магадан,Museum,"-30.2232, -83.4985"
Гора г. Макаров,Landmark,"62.4863, -112.8473"
Bridge of Brownport,Famous Intersection,"17.8934, -33.1357"
Square of Port Jessica,Горнолыжный курорт,"44.7627, -46.2174"
Музей ст. Ростов,Nature Reserve,"-30.036, -160.5739"
Lake of Bennettview,Nature Reserve,"-25.2028, -102.7848"
Lake of Woodardchester,Исторический район,"44.2198, -89.5034"
Square of Smithmouth,Достопримечательность,"9.933, -61.2654"
Bridge of New Charlesville,Достопримечательность,"-23.4246, -153.422"
Park of South Danielle,Beach,"-11.8268, 64.313"
Museum of South Angelaton,Природный объект,"-67.6905, -143.2795"
Lake of Saundershaven,Famous Intersection,"52.9244, 16.8179"
Площадь ст. Южноуральск,Парк,"16.2079, -127.4363"
Гора к. Кош-Агач,Mountain Peak,"50.5256, 99.7027"
Озеро д. Калач,Парк,"-52.9401, -104.2051"
Парк г. Бодайбо,Famous Intersection,"68.813, -130.9568"
Square of Jenniferborough,Public Park,"-11.2045, 45.6757"
Замок к. Междуреченский,Природный объект,"-68.4971, 76.2744"
Castle of Jenniferborough,Nature Reserve,"10.1516, 75.0186"
Озеро с. Тюмень,Famous Intersection,"-50.8839, 105.8989"
Площадь ст. Мценск,Пляж,"9.4445, 151.0117"
Гора г. Листвянка (Иркут.),Природный объект,"12.984, -14.1074"
Park of South Alexis,Пляж,"24.4324, 33.264"
Гора к. Йошкар-Ола,Музей,"41.2111, -83.062"
Музей клх Арзамас,Beach,"-47.3858, -99.128"
Парк г. Анадырь,Nature Reserve,"27.7835, -31.3339"
Museum of Garymouth,Природный объект,"14.6493, -141.7268"
Castle of Hollyberg,Природный объект,"-50.4015, 144.8251"
Музей г. Назрань,Исторический район,"-63.1803, 125.176"
Lake of North Amandaborough,Nature Reserve,"66.9891, -95.9575"
Bridge of South Carlos,Historic Site,"17.8619, -164.9881"
Озеро д. Льгов,Горнолыжный курорт,"21.0934, 130.4082"
Площадь с. Ноябрьск,Famous Intersection,"42.94, -64.4637"
Парк с. Крымск,Достопримечательность,"2.5759, 101.9313"
Площадь ст. Бологое,Природный объект,"-46.6119, 37.5756"
Озеро с. Карталы,Пляж,"4.9879, 121.671"
Lake of East Paulshire,Достопримечательность,"-65.3993, -13.8622"
Гора с. Шелагонцы,Museum,"-17.8644, 134.7164"
Park of Martinezside,Mountain Peak,"63.5769, -52.0546"
Museum of Lake Edward,Парк,"54.8139, 152.9725"
Музей г. Мурманск,Beach,"-3.5642, -49.5379"
Square of West Brianborough,Музей,"-8.2918, 72.9838"
Парк клх Уренгой,Mountain Peak,"38.1938, 78.9726"
Square of Rossbury,Nature Reserve,"-58.7205, -44.3075"
Castle of Vasquezland,Парк,"-16.9951, -69.3504"
Bridge of Justintown,Beach,"51.9975, -131.6427"
Гора д. Данков,Храм,"0.7682, 137.2413"
Озеро д. Сергиев Посад,Museum,"-34.7548, -100.8701"
Lake of Staceyhaven,Nature Reserve,"69.613, -168.0761"
Bridge of Port Michaelchester,Парк,"-25.9863, -88.2724"
Озеро п. Беломорск,Исторический район,"-27.2879, 162.5218"
Замок к. Ангарск,Beach,"35.233, 143.6138"
Museum of East Markland,Горнолыжный курорт,"10.4124, -147.6298"
Park of Toddberg,Исторический район,"-23.2492, -104.2307"
Озеро клх Агата,Mountain Peak,"33.2168, -144.358"
Castle of Curtisfort,Храм,"14.1979, -19.2476"
Park of Port Mary,Mountain Peak,"16.5655, -145.6368"
Замок г. Буденновск,Исторический район,"-20.1002, -97.0107"
Museum of Scottville,Museum,"34.5179, 90.9205"
Park of Davistown,Beach,"-68.8923, 64.762"
Park of Patelberg,Historic Site,"-44.4905, -24.7069"
Lake of South Nicholas,Historic Site,"23.8212, 135.5309"
Museum of South Edwardport,Музей,"-49.0478, 86.6199"
Park of Wilcoxton,Природный объект,"44.1287, 64.7203"
Park of Lake Jamiefurt,Достопримечательность,"30.5294, 9.2904"
Площадь д. Байкальск,Beach,"-11.8614, 84.1984"
Castle of West Courtney,Famous Intersection,"56.4186, 102.8535"
Замок клх Уфа,Музей,"-31.1265, -121.6645"
Castle of Port Sheri,Природный объект,"-42.0835, 86.0969"
Bridge of East Eileen,Landmark,"21.5086, 41.2857"
Castle of Port Jared,Горнолыжный курорт,"40.1206, 108.0454"
Площадь д. Черкесск,Природный объект,"51.4345, -19.073"
Музей ст. Миллерово,Historic Site,"36.8074, 148.9283"
Square of Friedmanmouth,Природный объект,"-54.4836, -23.878"
Парк п. Учалы,Исторический район,"-3.8363, -114.1405"
Castle of North Wayne,Храм,"-66.7729, -102.9078"
Музей д. Дзержинск,Парк,"-59.4794, 151.1738"
Museum of East Charlesville,Landmark,"-53.5204, -146.4271"
Площадь клх Катав-Ивановск,Famous Intersection,"25.6842, 10.6666"
Замок к. Александров Гай,Музей,"-50.734, -0.8924"
Замок д. Черский,Mountain Peak,"27.83, -9.8954"
Парк ст. Торжок,Beach,"41.9163, -2.1037"
Park of New David,Достопримечательность,"20.4962, -87.0543"
Bridge of Parksborough,Museum,"-14.0502, -5.7277"
Castle of Phelpsstad,Public Park,"-37.7327, -152.7784"
Park of North John,Пляж,"24.5608, -53.4365"
Lake of Kevintown,Храм,"21.6577, -136.6811"
Museum of Kennethmouth,Парк,"-46.984, 20.4871"
Озеро клх Тюмень,Landmark,"-61.4626, 85.7748"
Площадь д. Уварово,Famous Intersection,"67.3843, -97.329"
Park of Karlhaven,Музей,"-21.4713, -62.8446"
Lake of North Adam,Пляж,"22.1998, 20.6021"
Castle of North Hannahchester,Nature Reserve,"-65.9067, 93.9552"
Музей г. Ижевск,Горнолыжный курорт,"-62.6844, 167.1707"
Square of South Heather,Museum,"-21.935, -106.01"
Площадь к. Слюдянка,Beach,"43.509, -129.0705"
Square of Wolfemouth,Mountain Peak,"-62.636, -104.3997"
Парк с. Старый Оскол,Музей,"-13.4465, -135.4484"
Lake of Trevorshire,Public Park,"41.5599, 57.9737"
Park of North Steven,Mountain Peak,"-1.266, 42.0361"
Гора с. Серафимович,Природный объект,"0.6303, 159.5648"
Square of Porterburgh,Природный объект,"59.8015, 35.498"
Square of West Desireeport,Достопримечательность,"3.3551, -74.6689"
Bridge of Aaronmouth,Nature Reserve,"-39.7562, 56.2861"
Park of Port Frederickville,Храм,"67.3069, -143.0159"
Castle of South Jeffreyton,Mountain Peak,"-6.2099, -78.7906"
Площадь п. Радужный,Nature Reserve,"48.1177, 102.8551"
Park of Kaylaburgh,Historic Site,"10.4949, 106.407"
Гора д. Армавир,Музей,"-20.1932, -50.0095"
Square of Lake Veronica,Горнолыжный курорт,"52.5087, -81.1972"
Park of Frederickhaven,Храм,"68.9927, 127.3048"
Парк г. Кетченеры,Храм,"34.8864, 61.2171"
Замок с. Нарым,Горнолыжный курорт,"-57.4327, -167.2033"
Замок п. Хасан,Достопримечательность,"27.7114, -135.9582"
Озеро п. Владивосток,Famous Intersection,"-20.3689, 26.9881"
Музей д. Александровск-Сахалинский,Beach,"56.0609, 36.6653"
Museum of Patriciamouth,Famous Intersection,"43.1294, 108.003"
Museum of Andersonshire,Historic Site,"-47.9213, -21.2433"
Lake of East Robertview,Famous Intersection,"68.5508, -16.9973"
Square of Tinaport,Museum,"67.7751, -53.9152"
Lake of Juliefurt,Храм,"48.7888, -98.8726"
Музей с. Углегорск,Достопримечательность,"7.3924, 23.5606"
Замок г. Кузнецк,Famous Intersection,"4.1831, 4.766"
Square of Mariehaven,Храм,"64.1614, 67.1772"
Замок г. Агинское (Забайк.),Парк,"-8.1739, 168.9555"
Гора с. Москва,Historic Site,"-49.3492, -135.8585"
Castle of North Andreastad,Горнолыжный курорт,"-69.4393, -54.9594"
Парк ст. Неплюевка,Mountain Peak,"55.1868, 151.0451"
Озеро с. Воткинск,Парк,"-37.1353, -92.6013"
Гора д. Кировск (Ленин.),Mountain Peak,"-17.0139, 139.2839"
Lake of Sherryburgh,Public Park,"-10.666, 88.822"
Castle of Robertstad,Пляж,"-56.629, 60.0863"
Bridge of North Katherine,Museum,"39.3461, 81.3909"
Озеро д. Тосно,Горнолыжный курорт,"-20.9871, -9.869"
Museum of East Jeremyside,Nature Reserve,"-41.807, -55.9666"
Lake of Dianachester,Famous Intersection,"-43.0274, 108.3268"
Museum of Port Taylor,Historic Site,"-22.9706, 87.1586"
Гора ст. Лянтор,Парк,"20.8478, 127.5496"
Lake of Fordville,Природный объект,"-19.8727, 53.2665"
Park of Stevensborough,Горнолыжный курорт,"0.6298, -138.0429"
Площадь г. Катайск,Горнолыжный курорт,"41.1101, 70.9748"
Озеро п. Тверь,Mountain Peak,"-20.8751, 161.9623"
Площадь г. Владивосток,Парк,"-69.1749, 81.4078"
Museum of East Yolandafurt,Historic Site,"24.8599, 165.2368"
Lake of Richardton,Исторический район,"-59.2363, -101.9406"
Museum of East Hannahburgh,Природный объект,"51.9788, -129.1187"
Lake of South Brettfort,Достопримечательность,"-9.023, -34.534"
Lake of North Haleyberg,Nature Reserve,"5.2498, 124.9352"
Площадь д. Хатанга,Горнолыжный курорт,"59.7724, 31.6391"
Площадь г. Краснокамск,Famous Intersection,"37.4607, 45.192"
Museum of Besthaven,Парк,"11.1315, -48.5917"
Гора д. Палана,Парк,"7.1239, 168.9475"
Lake of Angelaport,Famous Intersection,"58.595, -98.2254"
Площадь с. Серебряные Пруды,Public Park,"27.5692, 21.1835"
Bridge of Rebeccaborough,Nature Reserve,"34.9022, -89.4581"
Замок г. Мокшан,Mountain Peak,"63.485, -89.3529"
Park of Jenniferview,Historic Site,"26.0081, 106.1457"
Парк п. Глазов,Mountain Peak,"5.7056, -138.6299"
Музей с. Азов (Рост.),Museum,"6.9558, 40.6482"
Park of West James,Храм,"-23.9072, -14.5061"
Озеро г. Тутончаны,Famous Intersection,"67.7561, -153.4197"
Замок д. Октябрьское (Хант.),Historic Site,"52.6776, -86.9855"
Площадь ст. Южноуральск,Исторический район,"-63.5492, 53.1713"
Bridge of West Greg,Природный объект,"-4.546, -131.4081"
Площадь клх Выборг,Landmark,"-49.4274, 64.4214"
Гора клх Сергиев Посад,Beach,"8.6778, -23.8441"
Lake of South Katrina,Historic Site,"-68.4862, -70.2459"
Музей ст. Каменномостский,Mountain Peak,"14.8079, 142.2264"
Bridge of North Joann,Горнолыжный курорт,"17.7991, -155.6119"
Озеро г. Магадан,Historic Site,"-6.3445, 70.3413"
Park of East Paula,Famous Intersection,"-11.6768, -79.6359"
Парк п. Усолье Сибирское,Парк,"50.9917, 136.8175"
Lake of Port Loriton,Public Park,"0.5241, -5.7205"
Гора д. Орехово-Зуево,Горнолыжный курорт,"7.3141, -25.7348"
Lake of New Ricardo,Парк,"15.6535, -92.8215"
Park of Lake Melissaport,Museum,"-20.0968, 36.6527"
Озеро ст. Раменское,Музей,"44.0608, 107.3109"
Bridge of West Blakeview,Природный объект,"-64.1014, -12.3518"
Square of Lake Alejandro,Пляж,"-12.3359, -141.9174"
Bridge of West Sheilaborough,Famous Intersection,"-35.9498, 131.4274"
Парк д. Черусти,Горнолыжный курорт,"-9.5072, -164.2352"
Square of South Jillborough,Пляж,"-58.4851, 21.078"
Castle of Simpsonville,Парк,"3.2422, -134.5919"
Museum of New Amberchester,Пляж,"-27.9206, -67.8229"
Площадь п. Тулпан,Nature Reserve,"39.3544, 23.8777"
Park of South Cody,Парк,"-30.1428, 98.8834"
Музей с. Киржач,Горнолыжный курорт,"64.4243, 142.8773"
Гора с. Буйнакск,Музей,"46.3676, -120.6644"
Square of East Matthewview,Landmark,"-67.4341, 136.5433"
Bridge of Rodriguezborough,Пляж,"-7.7523, 35.7296"
Lake of Port Ashleyside,Пляж,"12.1665, -147.1926"
Bridge of Thomasshire,Museum,"51.5756, -45.6765"
Замок клх Глазов,Landmark,"69.801, 92.2321"
Гора с. Внуково (метеост.),Public Park,"-5.6745, -163.8022"
Bridge of Bobbyshire,Природный объект,"8.7314, 27.6914"
Парк п. Курск,Museum,"-64.4091, -158.4078"
Museum of Millerstad,Nature Reserve,"-36.5077, 39.2444"
Площадь ст. Тырныауз,Исторический район,"28.0575, 15.3693"
Castle of East Rhonda,Beach,"-2.4318, -99.8053"
Square of Jonesmouth,Historic Site,"-49.5834, 54.3901"
Озеро ст. Ведено,Nature Reserve,"11.4622, -153.3629"
Park of Annchester,Достопримечательность,"3.3941, 119.365"
Bridge of Bowmanport,Famous Intersection,"30.5474, -93.8214"
Площадь ст. Калининград,Landmark,"-13.2739, -132.623"
Lake of West Alexander,Mountain Peak,"53.7455, 143.2723"
Park of Charlesstad,Mountain Peak,"47.1224, 47.4849"
Озеро п. Соловки,Nature Reserve,"-67.6006, -71.172"
Museum of Ryanfurt,Famous Intersection,"52.0098, -39.7035"
Park of Julieside,Landmark,"22.7708, 16.0726"
Гора г. Буйнакск,Горнолыжный курорт,"-36.1674, 58.4648"
Lake of Lorichester,Парк,"-36.5678, -5.9905"
Museum of Wilsonchester,Beach,"-51.5654, -28.6985"
Площадь клх Сыктывкар,Public Park,"-7.9687, -72.1581"
Museum of Annaport,Beach,"-63.1257, 90.8987"
Museum of Douglashaven,Beach,"58.5593, -40.4764"
Гора клх Суздаль,Храм,"-41.3316, -89.415"
Музей д. Змеиногорск,Nature Reserve,"68.8313, -110.6744"
Castle of North Anthony,Museum,"54.1803, -17.2103"
Гора д. Нижнекамск,Достопримечательность,"-35.7994, -119.9226"
Park of Lake Linda,Храм,"11.4191, -17.6107"
Castle of Ryanberg,Historic Site,"-23.5574, -34.5844"
Square of Brownmouth,Nature Reserve,"53.5933, 151.123"
Castle of North Mark,Nature Reserve,"34.8801, 116.9075"
Square of Johnstonmouth,Public Park,"56.4216, -97.6603"
Castle of New Robertchester,Beach,"51.3778, -13.2116"
Lake of Martinfort,Пляж,"-47.4541, -86.2309"
Озеро к. Данков,Nature Reserve,"-41.9315, -76.1274"
Гора д. Двинской,Пляж,"-28.3335, -8.6212"
Park of Robertfort,Природный объект,"-2.4029, -117.6017"
Музей с. Каневская,Mountain Peak,"35.9672, -107.8294"
Castle of Curtismouth,Природный объект,"-59.8304, 127.8267"
Bridge of Vargasshire,Mountain Peak,"37.1762, 22.4732"
Square of Adamsbury,Museum,"2.2139, 21.7486"
Гора клх Завьялиха,Достопримечательность,"16.6056, 160.404"
Lake of Pamelatown,Famous Intersection,"-14.1938, -168.0071"
Lake of West Hannah,Museum,"-21.9449, 119.6647"
Park of Lake Michael,Famous Intersection,"33.8678, -130.0643"
Lake of Keithshire,Public Park,"69.5071, -167.6604"
Park of New Leahshire,Landmark,"58.7226, 24.4002"
Square of East Mark,Public Park,"36.7852, -96.9015"
Park of North Margaret,Природный объект,"40.8108, -41.0839"
Парк г. Североуральск,Mountain Peak,"-20.617, 60.9474"
Castle of Whitefurt,Landmark,"23.6135, -141.6283"
Замок г. Зарайск,Public Park,"-21.489, -33.4248"
Замок ст. Чебаркуль,Исторический район,"-45.5442, 8.0798"
Castle of West Kelly,Исторический район,"-12.326, -144.6087"
Museum of Sethville,Храм,"20.4185, 47.2675"
Площадь г. Осташков,Музей,"18.2183, 91.5539"
Замок п. Орел,Landmark,"10.1681, -69.9859"
Park of Stephanieton,Природный объект,"51.5409, -58.7938"
Castle of South Henry,Historic Site,"-45.4206, 129.9648"
Castle of East Abigail,Музей,"-44.0103, -91.7732"
Park of Adamburgh,Historic Site,"-16.4065, 112.9453"
Музей п. Добрянка,Beach,"-49.5744, -154.074"
Castle of Port Benjamin,Historic Site,"58.056, 8.2971"
Замок с. Якутск,Пляж,"-9.5038, -97.6505"
Museum of Bakerstad,Landmark,"-9.6432, 143.3231"
Площадь клх Елабуга,Famous Intersection,"42.3218, 160.7553"
Castle of Lake Valerie,Historic Site,"57.3888, 110.7773"
Гора к. Междуреченский,Достопримечательность,"-40.4381, 46.6521"
Bridge of Kristopherview,Природный объект,"65.0591, -143.8406"
Озеро клх Ухта,Museum,"-33.7398, -10.4769"
Museum of North Gordonbury,Public Park,"-51.86, -116.8801"
Озеро с. Углегорск,Landmark,"-47.2899, -125.7726"
Museum of Mcguireland,Museum,"-42.7635, -87.0475"
Museum of Lake Kevinview,Парк,"-19.1757, 160.5647"
Square of East Kevinland,Landmark,"47.6014, -4.4723"
Castle of West Summerland,Природный объект,"-18.3718, -118.5135"
Парк д. Белогорск (Амур.),Исторический район,"2.2349, 115.4782"
Park of Johnsonfurt,Музей,"54.4782, 21.7891"
Музей к. Макушино,Nature Reserve,"-52.7469, 20.3279"
Площадь д. Усть-Илимск,Historic Site,"55.4184, -148.4663"
Озеро д. Учалы,Исторический район,"13.0163, -54.1918"
Square of New Kurt,Public Park,"-0.505, 62.5102"
Square of Evansshire,Исторический район,"12.9684, -42.6574"
Гора д. Санкт-Петербург,Museum,"-52.7368, 118.5067"
Museum of Christinaport,Парк,"41.2774, 5.8895"
Bridge of North Kimberlyview,Музей,"45.606, 150.7357"
Park of West Bryanside,Исторический район,"-26.3998, 86.9898"
Озеро клх Палана,Public Park,"65.925, 88.4806"
Bridge of Garciaton,Достопримечательность,"-23.3991, -35.4918"
Bridge of Lake Josephchester,Горнолыжный курорт,"43.9578, -11.6052"
Площадь д. Оса,Природный объект,"-0.393, -120.4327"
Парк г. Холмск,Historic Site,"-1.2505, -109.8833"
Castle of Vanessahaven,Museum,"34.8603, -3.3725"
Гора клх Шуя,Mountain Peak,"-19.192, 70.2483"
Bridge of Waltersville,Исторический район,"16.8717, -74.1047"
Lake of Armstrongmouth,Mountain Peak,"-46.3525, -73.0797"
Озеро д. Малоярославец,Исторический район,"-24.2476, 106.705"
Square of Pattonberg,Historic Site,"63.5683, -7.7134"
Lake of Port Sheilachester,Достопримечательность,"-37.0494, 117.6801"
Square of Port Colleen,Достопримечательность,"-27.1942, -144.1343"
Square of Brownside,Famous Intersection,"-58.3096, -58.4405"
Площадь к. Южно-Сахалинск,Beach,"-23.1781, 98.0096"
Square of Lake Jasonside,Mountain Peak,"-61.7636, -93.5003"
Museum of West Sheenatown,Горнолыжный курорт,"-22.0615, -57.5087"
Парк г. Волгодонск,Beach,"36.0692, 32.4518"
Museum of Collinsland,Historic Site,"60.6877, 22.5777"
Площадь к. Волгодонск,Nature Reserve,"-38.5877, -63.6792"
Museum of Alvarezhaven,Landmark,"59.1323, 66.3738"
Castle of East Timothy,Public Park,"-55.0911, -57.2556"
Площадь г. Вуктыл,Nature Reserve,"32.9136, 28.9191"
Lake of Thomasport,Landmark,"39.8798, -58.8739"
Square of Burtonburgh,Mountain Peak,"52.7291, 165.8514"
Castle of Susanmouth,Природный объект,"-59.3036, -104.3304"
Lake of New Alexis,Museum,"-54.121, 151.1981"
Bridge of West Nicholastown,Nature Reserve,"-57.6175, -99.5081"
Square of Williamsstad,Музей,"-20.2219, -157.5806"
Park of North Zoe,Исторический район,"61.1079, 7.001"
Замок г. Листвянка (Иркут.),Пляж,"64.3091, -5.5831"
Замок с. Лодейное Поле,Historic Site,"-34.1303, 159.5742"
Парк п. Карабудахкент,Музей,"-66.7865, 25.036"
Озеро клх Диксон,Landmark,"-51.8654, 100.8175"
Square of Contrerasburgh,Public Park,"19.2219, 61.6235"
Площадь д. Макушино,Исторический район,"-28.4294, 165.2376"
Castle of Chambersstad,Beach,"26.0108, -162.5982"
Square of Lake Robert,Beach,"55.9428, 57.2693"
Museum of West Heatherfurt,Public Park,"22.3107, -116.9373"
Замок п. Ростов-на-Дону,Nature Reserve,"-59.8926, -167.463"
Музей ст. Иваново,Храм,"45.423, 107.7754"
Озеро к. Забайкальск,Museum,"49.6324, 145.4856"
Castle of East Joshuamouth,Храм,"-13.4536, 115.9067"
Гора с. Азов (Рост.),Достопримечательность,"53.8647, 169.1683"
Озеро г. Барнаул,Historic Site,"33.1686, 36.0461"
Bridge of South Carla,Музей,"-14.0128, -114.5533"
Площадь клх Лодейное Поле,Historic Site,"54.9976, -85.7627"
Музей с. Сызрань,Landmark,"48.1568, -145.5462"
Castle of North Stephanieside,Парк,"-27.7828, -39.7043"
Парк к. Саранск,Beach,"-51.874, -57.8921"
Square of North Christinestad,Исторический район,"-32.8437, -60.0479"
Square of Edwardport,Достопримечательность,"50.2912, 3.1056"
Park of East Christopherfurt,Пляж,"39.2085, -43.5128"
Замок с. Черусти,Public Park,"-55.2843, 109.331"
Замок с. Кашхатау,Landmark,"56.4096, 34.7323"
Museum of Adamhaven,Исторический район,"-1.757, 9.5171"
Museum of Kaitlynbury,Музей,"-56.4436, 90.4597"
Гора с. Батайск,Горнолыжный курорт,"28.5987, 157.6633"
Озеро с. Белый Яр (Томск.),Public Park,"-34.1034, 9.9945"
Castle of West Crystalburgh,Beach,"-14.4809, 117.6107"
Парк к. Светлогорск (Калин.),Исторический район,"-60.8779, 34.3939"
Castle of North Mathewstad,Landmark,"30.4355, -84.1387"
Park of New Annport,Храм,"-16.6427, 57.7254"
Square of Scottside,Landmark,"8.5112, -1.0676"
Замок г. Смоленск,Museum,"-2.9629, -134.5796"
Озеро г. Кизляр,Музей,"-12.474, 17.3377"
Square of South Anthony,Museum,"27.1088, 122.2665"
Park of New Sarah,Nature Reserve,"63.3097, 106.414"
Парк к. Кострома,Nature Reserve,"64.4523, 136.7363"
Замок ст. Октябрьское (Хант.),Nature Reserve,"-69.2957, -102.3578"
Castle of Ramosmouth,Nature Reserve,"51.206, 169.9884"
Парк клх Бугульма,Храм,"35.815, -10.0736"
Lake of Nicolefurt,Museum,"18.8188, -19.9683"
Музей г. Псебай,Mountain Peak,"-25.4669, -147.5339"
Square of Karichester,Пляж,"17.3453, 107.9764"
Park of Perezbury,Пляж,"-1.6304, 32.9588"
Гора г. Александровск,Beach,"11.3875, -108.3481"
Замок д. Кулунда,Храм,"-52.7745, -17.025"
Castle of Lake Williamland,Museum,"-22.1747, 98.7312"
Lake of North Emma,Горнолыжный курорт,"-11.1181, -151.8889"
Park of Michelleburgh,Природный объект,"-55.6961, -138.8257"
Castle of Lake Scott,Museum,"-22.8584, -26.3405"
Музей п. Кызыл,Mountain Peak,"7.9557, -156.0638"
Гора п. Уварово,Природный объект,"36.8813, 4.0483"
Museum of East Dianaville,Достопримечательность,"14.98, -104.918"
Парк ст. Назрань,Famous Intersection,"36.7866, 39.3939"
Парк п. Салават,Historic Site,"17.4073, -98.0675"
Замок п. Терскол,Достопримечательность,"-68.9538, -106.1954"
Парк г. Кущевская,Исторический район,"-53.2425, -30.3435"
Lake of Port Jonathantown,Исторический район,"18.7534, 0.1167"
Парк п. Баргузин,Nature Reserve,"-21.8579, 168.1622"
Castle of Watsonview,Landmark,"6.0737, -15.8315"
Park of Robertburgh,Исторический район,"-57.8579, 51.229"
Площадь п. Красногорск (Моск.),Museum,"-24.1472, 139.5942"
Park of Lake Monicaview,Музей,"-66.1482, 36.9058"
Музей к. Петрозаводск,Парк,"2.6838, 16.8844"
Замок с. Далматово,Beach,"-23.8474, -143.9311"
Lake of Rodriguezshire,Парк,"15.9455, 159.7831"
Lake of Thomasland,Горнолыжный курорт,"0.385, 39.4424"
Park of Brianland,Nature Reserve,"39.012, -166.0771"
Castle of Portermouth,Храм,"39.8818, 96.2224"
Площадь клх Псков,Landmark,"-40.0589, 116.479"
Castle of Port Theresaborough,Mountain Peak,"-38.051, 151.8015"
Музей п. Холмск,Historic Site,"-68.3867, 22.8088"
Bridge of New Kevin,Mountain Peak,"-41.4354, 129.0184"
Гора п. Усть-Илимск,Природный объект,"4.0912, -65.3477"
Парк г. Казань,Горнолыжный курорт,"24.7783, -12.2951"
Замок к. Малоярославец,Исторический район,"7.2083, 13.7976"
Площадь д. Медногорск,Исторический район,"-62.4548, 1.8223"
Museum of Lake Derek,Природный объект,"-54.8954, 123.869"
Парк д. Сасово,Nature Reserve,"-27.0909, 95.6261"
Гора д. Псков,Горнолыжный курорт,"-50.5933, 91.5782"
Museum of Jasminefurt,Public Park,"50.2779, 157.3066"
Museum of Calebfurt,Музей,"6.5938, 93.6871"
Парк д. Псебай,Nature Reserve,"-49.7064, 102.3764"
Park of Markhaven,Достопримечательность,"61.5021, -159.2954"
Озеро клх Печора,Храм,"-50.6118, -8.6197"
Park of Port Renee,Nature Reserve,"61.349, -153.1405"
Bridge of Salazarchester,Пляж,"-6.0749, 34.9166"
Площадь к. Бузулук,Горнолыжный курорт,"61.448, 45.6474"
Museum of Thomasside,Пляж,"-15.7012, 21.734"
Park of Port Kevinport,Парк,"29.658, 65.1262"
Museum of Perryborough,Храм,"-0.3981, 40.1127"
Площадь клх Пышма,Исторический район,"14.5006, 161.6886"
Castle of South April,Достопримечательность,"-25.2043, 146.9162"
Museum of West Shirley,Храм,"-1.0324, 69.931"
Castle of Johnsonfort,Музей,"-39.0954, 9.3588"
Парк п. Славянск-на-Кубани,Famous Intersection,"-24.2856, 121.162"
Bridge of West Cindy,Исторический район,"-37.083, -91.7061"
Castle of Port Benjaminmouth,Храм,"53.0317, -147.9717"
Park of South Alexanderview,Музей,"56.2755, -62.1598"
Castle of Port Helen,Nature Reserve,"-54.0765, 149.3536"
Озеро к. Горячий Ключ,Храм,"25.0953, 116.8766"
Парк д. Сергиев Посад,Beach,"-57.4361, -44.5157"
Park of Millerfort,Пляж,"69.5725, -159.4957"
Озеро д. Нарткала,Famous Intersection,"-22.3693, 74.6788"
Парк к. Верещагино (Перм.),Public Park,"-44.3266, -58.2453"
Museum of Port Evanstad,Famous Intersection,"-61.8113, -65.4614"
Площадь г. Медногорск,Храм,"-63.8191, -48.916"
Lake of Chambersfurt,Исторический район,"5.2715, 23.6038"
Square of Williamside,Museum,"-13.7977, 164.1198"
Bridge of New Robertchester,Beach,"45.5978, -49.7879"
Castle of Rossmouth,Храм,"-67.6393, 92.5044"
Bridge of Port Vincent,Landmark,"-63.542, 79.1651"
Museum of Port April,Пляж,"45.5141, 81.887"
Замок д. Новгород Великий,Горнолыжный курорт,"-49.8099, -122.3766"
Парк ст. Ржев,Исторический район,"-35.36, -150.0555"
Музей к. Нефтеюганск,Museum,"5.1082, 32.3547"
Bridge of North Michaelfurt,Museum,"33.4321, -125.6439"
Square of Perryshire,Famous Intersection,"66.4133, 133.0586"
Lake of Ashleyfort,Достопримечательность,"-43.2432, 21.813"
Park of West Ericaview,Museum,"34.4824, 153.8515"
Bridge of New Lisaton,Достопримечательность,"34.8601, 123.9918"
Castle of Williamsville,Достопримечательность,"58.5305, -94.3157"
Площадь г. Ревда (Сверд.),Природный объект,"55.5706, 77.8057"
Park of Kerrport,Landmark,"-47.5561, 152.2255"
Парк с. Катайск,Historic Site,"-47.8932, -10.1655"
Площадь г. Казань,Mountain Peak,"16.5204, -55.2643"
Museum of Richardtown,Достопримечательность,"-17.2384, 16.4402"
Castle of Robertsberg,Пляж,"4.6611, 54.0123"
Museum of Richardshire,Public Park,"68.7779, 69.0268"
Museum of Stewartfurt,Исторический район,"-17.0905, -53.5669"
Museum of Williamsbury,Beach,"-47.4401, -51.0943"
Площадь с. Хабаровск,Пляж,"-31.8313, -30.3034"
Замок к. Калуга,Музей,"-9.0216, 115.2702"
Castle of New Amanda,Public Park,"-60.4484, 72.8617"
Park of South Meganview,Public Park,"-8.5589, -3.9758"
Park of Watsonmouth,Beach,"-48.6939, 160.4109"
Castle of Brownport,Достопримечательность,"-39.7184, -148.8986"
Museum of East Daniel,Historic Site,"41.1723, 104.72"
Lake of Anaville,Исторический район,"-37.8268, 36.7744"
Bridge of Christopherbury,Famous Intersection,"34.5827, 24.3506"
Park of Lake Jessica,Nature Reserve,"29.5072, -135.2515"
Museum of Port Andrew,Природный объект,"29.9998, -98.7329"
Площадь к. Зарайск,Landmark,"-65.0035, -44.5346"
Замок с. Усть-Катав,Природный объект,"-4.0391, -62.9826"
Музей г. Неплюевка,Museum,"58.8228, -77.504"
Park of North Annette,Исторический район,"-58.0509, 48.6831"
Гора г. Озеры,Museum,"60.151, -99.9281"
Park of Lake Crystal,Природный объект,"-11.3249, -147.5759"
Lake of Sandrafurt,Горнолыжный курорт,"-62.7001, 154.0791"
Гора клх Юрюзань,Beach,"-21.8639, -78.1204"
Museum of Lutztown,Beach,"-64.9847, 29.1118"
Square of South David,Public Park,"-7.801, 56.1017"
Замок ст. Анадырь,Beach,"-11.0489, 22.7994"
Озеро с. Токсово,Парк,"-0.7764, 116.1066"
Square of Christyfort,Famous Intersection,"47.4272, 96.1558"
Lake of Watersport,Mountain Peak,"40.8174, 35.2508"
Площадь к. Североморск,Парк,"53.3661, 127.1034"
Bridge of Jeffberg,Парк,"50.1638, 33.6181"
Парк г. Нижнекамск,Landmark,"-47.1121, -48.4331"
Square of South Davidmouth,Парк,"-27.1809, -108.0445"
Гора с. Черняховск,Beach,"-44.9512, 111.7158"
Bridge of East Shannonfurt,Beach,"2.3151, 25.7932"
Park of Vasquezborough,Музей,"60.7394, -160.1293"
Парк к. Усть-Кулом,Public Park,"-52.8808, -84.2108"
Замок к. Домбай,Nature Reserve,"-31.5603, -14.2514"
Замок клх Калевала,Historic Site,"-47.654, 62.8355"
Музей г. Нефтеюганск,Famous Intersection,"-18.3818, 119.5754"
Озеро с. Белорецк,Природный объект,"2.594, 58.4731"
Museum of New Jasonview,Landmark,"-45.0022, -148.6371"
Park of Lake Ashleyport,Landmark,"28.9423, 23.9366"
Парк к. Сургут (Хант.),Храм,"53.3034, 50.0258"
Парк ст. Камень-на-Оби,Mountain Peak,"10.5594, 57.1127"
Bridge of West Sonyaborough,Beach,"51.2801, -160.8598"
Castle of Stricklandtown,Public Park,"-42.1822, -103.6898"
Park of Elizabethland,Природный объект,"11.2647, -7.5394"
Museum of East Ashleytown,Храм,"-11.4509, 25.2689"
Castle of New Alexischester,Исторический район,"-63.7218, -64.4451"
Замок ст. Соликамск,Museum,"-68.1295, 59.3516"
Площадь п. Подольск,Исторический район,"-65.9355, -145.8284"
Castle of Andrechester,Парк,"-23.2924, -130.0303"
Park of Andersonborough,Historic Site,"-44.7144, 2.083"
Парк д. Лабытнанги,Храм,"-45.9443, -7.2697"
Square of Stephaniefort,Пляж,"-21.8982, -95.1746"
Park of West Devonview,Природный объект,"-60.6406, 13.1211"
Парк д. Рыльск,Famous Intersection,"-29.2739, 86.5849"
Площадь клх Благовещенск (Амур.),Museum,"26.329, 22.8972"
Площадь к. Тихорецк,Beach,"-45.1542, 63.9278"
Castle of South Matthew,Горнолыжный курорт,"-61.3478, 31.6756"
Гора клх Ноглики,Public Park,"-25.8326, -130.3534"
Museum of South Amy,Famous Intersection,"-29.2438, 68.7466"
Museum of Kendratown,Historic Site,"35.1337, 84.8832"
Square of Port Suzannehaven,Достопримечательность,"-55.2007, -34.6648"
Park of South Matthewtown,Исторический район,"4.7079, -162.5004"
Озеро д. Красная Поляна,Храм,"-22.899, 28.3296"
Bridge of Raymondborough,Public Park,"37.7465, -84.0381"
Park of Richardsmouth,Музей,"-32.5611, 153.6413"
Square of Port Danielchester,Famous Intersection,"13.4714, 114.2159"
Озеро ст. Ялуторовск,Храм,"35.7393, -119.4669"
Гора д. Каргасок,Достопримечательность,"-30.8474, 120.9695"
Bridge of Normanmouth,Парк,"29.699, 93.3364"
Castle of Hannahland,Пляж,"-6.8122, 94.0538"
Lake of Longborough,Горнолыжный курорт,"-20.818, 107.4869"
Lake of Juliefurt,Landmark,"-1.9705, -19.0205"
Гора ст. Калуга,Храм,"34.1319, -70.8666"
Площадь д. Холмогоры,Достопримечательность,"-28.0607, 52.0467"
Lake of North Amyfort,Природный объект,"37.1381, 31.7447"
Парк г. Шерегеш,Public Park,"69.2358, -98.574"
Museum of North Brendafurt,Достопримечательность,"-2.1143, 68.6215"
Museum of New Charles,Landmark,"54.4278, -40.1002"
Музей клх Волгоград,Public Park,"-15.6193, 140.5668"
Lake of Brianton,Nature Reserve,"-42.5474, 133.9462"
Площадь клх Ямбург,Горнолыжный курорт,"1.1688, 37.0774"
Castle of North Travis,Famous Intersection,"-8.8993, 103.511"
Гора ст. Красноярск,Mountain Peak,"-68.3366, 28.6187"
Square of Donnaside,Mountain Peak,"-1.5324, -46.3116"
Озеро к. Сибай,Природный объект,"-28.0205, -26.4653"
Озеро к. Тамбов,Famous Intersection,"-36.9799, -121.8122"
Bridge of South Russellport,Исторический район,"-52.076, 131.5269"
Museum of Jacobton,Public Park,"61.5426, 137.3609"
Square of Jamesland,Исторический район,"49.8471, -150.1999"
Bridge of Adkinsside,Природный объект,"-29.4591, -84.4519"
Square of New Moniquebury,Парк,"-13.5179, 23.7441"
Гора п. Великий Устюг,Пляж,"-31.2904, 116.9044"
Castle of Port Nathan,Парк,"39.4267, -37.4926"
Park of Joneston,Природный объект,"-27.751, 128.1601"
Lake of Smithtown,Природный объект,"-17.0175, -111.8417"
Park of Port Brettside,Музей,"-19.1695, 134.2699"
Озеро к. Кизилюрт,Landmark,"11.9011, -18.554"
Bridge of Sandratown,Historic Site,"7.9601, 156.737"
Bridge of West Christopherbury,Парк,"36.1379, -36.7316"
Озеро ст. Пинега,Landmark,"-26.2371, -169.58"
Lake of South Joshuaburgh,Достопримечательность,"-28.6521, 147.9687"
Square of North Davidmouth,Historic Site,"-24.7381, -110.6752"
Lake of Lake Scottshire,Beach,"-29.4984, 150.6049"
Museum of Amandaside,Природный объект,"-10.814, -8.6579"
Lake of New Crystalfurt,Исторический район,"-4.6801, 68.386"
Bridge of Joneshaven,Public Park,"56.4841, 122.1878"
Park of Watersmouth,Nature Reserve,"-66.7173, -115.156"
Гора д. Тулун,Музей,"-34.6136, -125.4867"
Гора ст. Краснотурьинск,Beach,"39.8129, -20.308"
Museum of Kentburgh,Landmark,"42.4333, 84.0768"
Square of Douglastown,Historic Site,"11.5433, -75.4291"
Гора клх Муром,Достопримечательность,"66.6999, 99.2958"
Озеро клх Сосновый Бор,Landmark,"21.7047, 22.6341"
Гора п. Салават,Пляж,"-60.4338, 47.5356"
Park of Buchananside,Парк,"60.5413, -10.4537"
Museum of South William,Mountain Peak,"-64.3526, 97.0362"
Lake of East Brandonville,Famous Intersection,"-66.4618, 53.3865"
Square of West Cynthia,Mountain Peak,"-26.9521, -29.3435"
Square of East Michelle,Горнолыжный курорт,"-42.1211, 89.2095"
Park of Port Damonstad,Природный объект,"-49.646, 46.2707"
Музей к. Тымовское,Исторический район,"20.793, -15.0661"
Озеро клх Лагань,Famous Intersection,"-38.9379, 112.9802"
Castle of Averymouth,Исторический район,"51.5027, -150.2011"
Park of Port Juliechester,Пляж,"48.2441, 59.7365"
Square of Laurenfurt,Mountain Peak,"20.1565, 134.4093"
Castle of Jennifermouth,Достопримечательность,"-10.8499, -71.9923"
Museum of Jonathanport,Mountain Peak,"27.7894, -167.0174"
Гора ст. Медногорск,Nature Reserve,"-66.3359, -4.5418"
Bridge of New Laurenborough,Исторический район,"2.2581, -95.809"
Park of Weissland,Historic Site,"-3.3468, -163.9954"
Замок п. Магнитогорск,Храм,"-44.7965, 19.6808"
Музей п. Моздок,Famous Intersection,"-29.2967, -73.924"
Castle of New Robertburgh,Храм,"-48.8568, -36.7881"
Музей д. Бугуруслан,Historic Site,"58.1806, -168.0265"
Castle of West Vincent,Музей,"-8.7642, 113.4877"
Park of North Christopher,Landmark,"61.8557, -28.2849"
Lake of North Jennifer,Nature Reserve,"-9.889, -133.3912"
Castle of New Nicolestad,Beach,"-24.213, -13.2607"
Замок к. Норильск,Природный объект,"-55.7813, -136.7949"
Square of East Jamie,Beach,"-35.7788, -84.6224"
Square of Davisview,Nature Reserve,"14.3798, 105.037"
Парк п. Северодвинск,Исторический район,"-50.499, -141.2067"
Bridge of South Kaylafurt,Mountain Peak,"-45.4032, -46.3847"
Парк к. Сковородино,Парк,"-55.5359, 24.3314"
Озеро п. Снежногорск (Мурм.),Исторический район,"10.532, 37.5613"
Park of Michaelville,Храм,"-11.9497, 97.6198"
Bridge of Tonyaville,Храм,"10.7829, -103.2188"
Замок ст. Горячинск,Пляж,"66.9973, -149.3866"
Castle of Mitchellshire,Historic Site,"23.9703, 106.4616"
Замок клх Ульяновск,Пляж,"-42.5766, -92.2774"
Park of New Alexanderside,Historic Site,"-29.3056, -132.2066"
Lake of North Adrian,Горнолыжный курорт,"61.9073, -31.2467"
Парк г. Бузулук,Пляж,"-68.0792, 22.8671"
Castle of North Douglas,Парк,"-26.8976, 37.1675"
Парк к. Куртамыш,Храм,"-46.6269, -57.9094"
Square of New Samanthatown,Исторический район,"-52.0864, 166.5856"
Museum of West Janeland,Природный объект,"28.8201, -75.7174"
Square of Davisberg,Beach,"-0.0083, -93.1751"
Park of New Biancastad,Пляж,"-27.6056, -83.9336"
Музей к. Старый Оскол,Famous Intersection,"1.4017, 158.0299"
Bridge of Mandyburgh,Исторический район,"56.9932, 99.0858"
Площадь с. Адлер,Парк,"13.2723, -60.5474"
Castle of Mortonborough,Храм,"-58.0881, -142.0744"
Музей г. Адыгейск,Museum,"19.6751, 58.1706"
Park of Johnville,Парк,"-47.5659, 33.7686"
Park of New Aaronton,Исторический район,"-67.9376, -36.6319"
Square of Port Maxhaven,Mountain Peak,"-36.5979, -38.3423"
Bridge of New Shawnshire,Парк,"38.8882, 110.2107"
Bridge of West Williamport,Mountain Peak,"51.7731, 149.9531"
Гора д. Вуктыл,Исторический район,"19.1382, -110.9605"
Square of Amymouth,Historic Site,"-51.046, -157.0002"
Lake of Gibbsbury,Nature Reserve,"1.0944, -50.1767"
Музей к. Объячево,Храм,"14.1931, -123.7695"
Park of New Juan,Храм,"-42.5021, -134.2045"
Lake of Elizabethton,Храм,"-39.3632, 40.1156"
Lake of Jenniferfort,Природный объект,"-40.3895, -64.7052"
Музей г. Прохладный,Музей,"-35.6688, -68.0561"
Парк к. Павловская,Пляж,"-32.6306, -159.6365"
Bridge of Keithburgh,Public Park,"-16.6131, -29.7119"
Bridge of New Lisatown,Достопримечательность,"49.1586, -134.9569"
Museum of South Robertview,Горнолыжный курорт,"-36.7748, -25.978"
Museum of Jonesburgh,Достопримечательность,"61.0728, 161.4695"
Площадь д. Кимры,Beach,"-35.5225, 77.2572"
Castle of South Anthonyside,Исторический район,"-8.9201, -20.6826"
Park of Lorifurt,Горнолыжный курорт,"46.5851, 147.0323"
Замок ст. Шадринск,Mountain Peak,"14.0133, -10.6065"
Озеро к. Верхоянск,Museum,"-22.0357, -43.7565"
Lake of New Hayleytown,Храм,"10.0633, -149.2324"
Bridge of North Tiffany,Mountain Peak,"36.3798, 5.9848"
Замок к. Юрьевец (Иван.),Достопримечательность,"20.3399, -92.1281"
Square of Larafurt,Горнолыжный курорт,"-42.5517, 6.9576"
Площадь клх Лабытнанги,Public Park,"-36.9511, 36.2873"
Площадь ст. Краснокамск,Historic Site,"45.8354, -7.274"
Гора г. Шадринск,Музей,"-26.0293, 32.151"
Музей п. Ивдель,Храм,"57.963, 81.5943"
Lake of Shannonburgh,Public Park,"-33.6694, 120.777"
Озеро п. Ивдель,Музей,"6.1625, 59.3426"
Square of East Christine,Горнолыжный курорт,"-6.8538, 61.4994"
Square of Briggsberg,Пляж,"39.0353, -67.7496"
Озеро к. Бугульма,Famous Intersection,"-48.9478, -62.2708"
Музей клх Лазаревское,Mountain Peak,"-61.9765, -27.3422"
Замок д. Сладково,Музей,"27.2004, -66.6919"
Castle of Mitchellshire,Музей,"-11.2807, 42.1278"
Гора д. Салават,Парк,"1.7436, -72.4004"
Замок ст. Новороссийск,Historic Site,"61.7295, -111.2715"
Озеро ст. Сасово,Природный объект,"46.5294, 5.98"
Square of South Omarland,Landmark,"-9.8679, 51.3871"
Lake of Scottfort,Nature Reserve,"-4.2315, -95.7105"
Замок клх Чокурдах,Mountain Peak,"-53.6061, -26.304"
Museum of Thomasfort,Пляж,"-51.2577, -160.648"
Castle of East Sandrashire,Museum,"43.8484, -91.2375"
Lake of Smithside,Beach,"-39.5529, 107.3958"
Bridge of Port Laura,Public Park,"-9.7518, 166.4906"
Гора д. Октябрьское (Хант.),Historic Site,"63.3517, -120.6841"
Park of North Megan,Historic Site,"47.4831, -161.4369"
Гора ст. Стерлитамак,Пляж,"9.8124, -96.1736"
Гора п. Мыс Шмидта,Nature Reserve,"-63.0486, 17.7918"
Castle of South Larrybury,Музей,"50.7161, -29.5846"
Гора клх Снежинск,Landmark,"42.0168, -126.153"
Square of Markfurt,Nature Reserve,"26.4878, 121.7775"
Museum of Port Connor,Парк,"25.4254, 28.2777"
Озеро д. Воркута,Famous Intersection,"36.1088, -78.845"
Замок клх Псков,Famous Intersection,"-26.1269, -157.2749"
Castle of West Shannon,Парк,"-48.2198, 72.0009"
Озеро с. Клин,Парк,"35.5854, -78.8739"
Square of North Todd,Landmark,"-12.5558, 121.9176"
Park of New Chris,Горнолыжный курорт,"-40.5924, 167.0123"
Park of Lisaberg,Famous Intersection,"67.0403, 124.311"
Музей к. Сургут (Хант.),Парк,"50.8819, 83.8481"
Площадь г. Томари,Природный объект,"52.5369, -112.3633"
Парк к. Новомосковск,Nature Reserve,"2.0964, -143.5792"
Площадь к. Калининград,Landmark,"-55.7794, 56.8279"
Площадь к. Богучар,Mountain Peak,"57.7365, -78.6187"
Гора п. Ардон,Nature Reserve,"2.222, -165.1646"
Square of New Barbaratown,Public Park,"10.0951, -34.1918"
Bridge of Port Michael,Historic Site,"-69.7489, 80.9925"
Lake of Joseland,Исторический район,"17.3895, 133.4452"
Замок п. Черкесск,Mountain Peak,"-35.8842, -121.6769"
Площадь г. Шилка,Музей,"54.2865, -149.2007"
Lake of Sarahburgh,Historic Site,"54.5773, 15.6999"
Музей г. Ершов,Достопримечательность,"2.7702, 34.0078"
Гора п. Выборг,Landmark,"10.4036, 43.192"
Lake of Schultztown,Исторический район,"2.2404, 38.8274"
Озеро г. Кострома,Храм,"30.8512, 162.8165"
Bridge of Barrton,Beach,"-42.2223, 150.9647"
Парк п. Обоянь,Nature Reserve,"51.8393, -14.5873"
Замок п. Саров (Морд.),Парк,"-10.7928, -64.3639"
Park of New David,Historic Site,"-65.4859, 154.4963"
Музей г. Междуреченский,Достопримечательность,"40.9727, 26.5009"
Castle of Jacksonfort,Museum,"-30.7538, 71.1969"
Площадь ст. Карачаевск,Парк,"-2.2316, 113.5597"
Square of Danashire,Public Park,"-59.1878, -21.8859"
Озеро г. Рыльск,Исторический район,"29.6156, -32.1301"
Замок д. Кудымкар,Museum,"36.1776, -15.339"
Парк клх Набережные Челны,Музей,"40.1749, -162.0766"
Castle of East Michael,Public Park,"65.4133, -67.4766"
Bridge of Nicholasshire,Public Park,"38.8526, 6.0794"
Museum of East David,Горнолыжный курорт,"-46.9197, -20.9804"
Square of North Anthonyborough,Landmark,"-55.7208, 34.8972"
Castle of Staffordburgh,Исторический район,"-44.2143, -65.3656"
Bridge of New Laurenview,Исторический район,"-59.2239, -132.4243"
Гора клх Кирово-Чепецк,Nature Reserve,"-24.9059, -143.6759"
Museum of South Brianside,Mountain Peak,"-60.3619, 116.1732"
Castle of Port Stuartstad,Nature Reserve,"-2.0162, 70.8363"
Square of Jenniferburgh,Достопримечательность,"-1.384, 89.9385"
Park of Michaelview,Museum,"-9.4775, -101.5018"
Bridge of Danielleville,Historic Site,"-52.3488, 102.8845"
Озеро к. Корсаков,Исторический район,"13.5276, -149.8474"
Museum of Luishaven,Достопримечательность,"9.4, 146.8113"
Castle of Wilsonview,Музей,"23.6231, -68.135"
Озеро клх Сусуман,Landmark,"-35.2738, 92.1238"
Музей д. Челюскин,Nature Reserve,"42.9525, 119.4179"
Замок г. Наро-Фоминск,Достопримечательность,"67.4623, 16.469"
Museum of Oconnorfort,Museum,"-35.1767, -105.7603"
Lake of Lake Bradley,Historic Site,"-44.9163, -23.0826"
Lake of West Briantown,Храм,"-8.9118, -141.6766"
Park of Nelsonfort,Музей,"-47.4009, -87.6146"
Park of Feliciaton,Храм,"64.3758, 134.1636"
Озеро п. Лабытнанги,Музей,"-40.6163, -11.4321"
Square of East Christopher,Достопримечательность,"-4.9155, -63.4953"
Озеро г. Новочеркасск,Landmark,"15.6549, -64.2573"
Парк п. Нерчинск,Famous Intersection,"-12.934, 118.576"
Площадь ст. Анадырь,Музей,"34.4177, -18.2076"
Bridge of Schroederfort,Музей,"40.3272, 17.1"
Museum of Philipshire,Museum,"55.6432, 133.4731"
Lake of Jeffreyland,Пляж,"-64.2508, 163.3212"
Музей п. Ершов,Mountain Peak,"-51.9162, -142.9225"
Площадь с. Шелагонцы,Nature Reserve,"-64.7455, 51.7163"
Museum of East Heather,Достопримечательность,"22.7456, 164.8341"
Park of Conleybury,Famous Intersection,"1.3949, -26.5377"
Square of West Susanburgh,Famous Intersection,"57.5367, -124.9789"
Castle of Adamborough,Пляж,"56.279, -64.2425"
Park of Weberland,Mountain Peak,"69.8774, 39.4628"
Bridge of Jonathanborough,Public Park,"11.4669, 147.3977"
Bridge of New Jamiechester,Пляж,"53.9185, 161.8063"
Площадь с. Ейск,Historic Site,"36.8872, 40.9488"
Замок к. Сосновый Бор,Достопримечательность,"-6.9724, 85.1299"
Замок п. Октябрьское (Челяб.),Landmark,"66.944, 130.5244"
Площадь п. Сергиев Посад,Public Park,"-58.32, 48.2058"
Museum of Port Sonyaview,Public Park,"8.2668, -47.3045"
Гора д. Егорьевск,Пляж,"66.9527, -150.0118"
Bridge of Vargasmouth,Пляж,"-22.9919, -20.88"
Lake of West Kelli,Достопримечательность,"-64.6546, 48.2485"
Museum of West Danatown,Пляж,"-24.6591, -51.0965"
Bridge of Jamesside,Музей,"-19.8644, 103.691"
Гора с. Воткинск,Достопримечательность,"-65.8349, 121.6662"
Park of New Carol,Historic Site,"-59.3901, -166.1961"
Museum of Campbellville,Nature Reserve,"19.5291, -50.1694"
Гора клх Тосно,Public Park,"0.1892, 112.7907"
Park of Wardview,Музей,"7.8905, -53.7335"
Озеро д. Апрелевка,Historic Site,"31.7886, 57.247"
Castle of South Lucas,Пляж,"40.7731, 57.4164"
Парк с. Охотск,Mountain Peak,"38.1406, -72.9244"
Museum of Grahamside,Public Park,"-0.8732, -163.863"
Square of New Patrickberg,Public Park,"25.7761, -128.7689"
Square of West Tracy,Горнолыжный курорт,"1.494, -40.5115"
Музей с. Холмск,Nature Reserve,"46.7442, -34.8256"
Замок к. Касимов,Храм,"-52.1869, -99.0948"
Lake of Aprilshire,Famous Intersection,"-40.0365, -135.8828"
Museum of East Mary,Nature Reserve,"27.3822, -80.2468"
Bridge of New Austin,Beach,"30.0348, -151.29"
Museum of Lynnstad,Музей,"34.5322, 107.3104"
Гора с. Дзержинск,Famous Intersection,"38.0749, 87.0645"
Музей с. Челябинск,Public Park,"0.6232, 136.7174"
Bridge of New Ricky,Mountain Peak,"-27.1507, -163.2407"
Bridge of New Brandon,Public Park,"-50.5585, -152.1632"
Park of Lake Vanessaborough,Музей,"69.6415, -129.0547"
Museum of South Willie,Beach,"67.0674, -53.361"
Парк к. Верхний Тагил,Nature Reserve,"30.6768, 19.8709"
Озеро г. Жигулевск,Храм,"-17.5096, -4.9833"
Lake of Lake Robertview,Museum,"58.2233, -130.3721"
Озеро п. Кирово-Чепецк,Landmark,"-35.7136, -42.8268"
Castle of Brownhaven,Пляж,"43.2153, 109.3173"
Castle of Lake Tracey,Музей,"65.0782, 77.6831"
Park of South Ethanberg,Парк,"40.6968, 10.7165"
Castle of Browningmouth,Храм,"-61.2827, 12.7914"
Гора ст. Змеиногорск,Природный объект,"61.4504, 105.5538"
Bridge of Jenniferberg,Парк,"31.2636, 23.037"
Площадь к. Новомосковск,Nature Reserve,"48.5757, 37.186"
Площадь с. Армавир,Горнолыжный курорт,"21.5062, -1.5261"
Museum of Rosshaven,Beach,"-24.655, -38.8725"
Square of Rodriguezville,Горнолыжный курорт,"29.5264, 98.7538"
Гора клх Сасово,Landmark,"62.4769, -135.3411"
Замок к. Терней,Достопримечательность,"-27.5678, 130.5387"
Lake of Crystalfort,Beach,"56.1892, -150.1191"
Озеро п. Калуга,Горнолыжный курорт,"-54.4314, -88.7118"
Castle of Davisstad,Музей,"-17.3931, 34.6386"
Lake of Terribury,Музей,"66.9924, 158.8109"
Square of Laneside,Природный объект,"-69.1653, -90.0507"
Square of Stokesland,Музей,"8.1471, 81.3735"
Museum of East Monica,Landmark,"-7.0406, 130.6524"
Парк д. Воронеж,Пляж,"-38.3096, -89.3499"
Park of Maysmouth,Исторический район,"7.8972, 115.5352"
Bridge of Lake Dennis,Beach,"22.2227, 117.6338"
Озеро г. Кетченеры,Пляж,"58.4133, -116.9721"
Площадь с. Карталы,Пляж,"-24.5269, -21.2081"
Square of South Codyhaven,Горнолыжный курорт,"-43.1985, 35.8685"
Lake of Smithville,Пляж,"-15.8186, 165.0879"
Bridge of New Kathryn,Горнолыжный курорт,"-3.4972, -121.3835"
Музей клх Якша,Парк,"67.4091, -141.5206"
Museum of South Stephanieburgh,Landmark,"-13.9906, -132.586"
Square of Port Nathanielville,Famous Intersection,"-40.568, 87.1929"
Площадь клх Озеры,Природный объект,"20.1943, 141.8439"
Square of Smithville,Public Park,"23.3353, -38.6912"
Озеро к. Новгород Великий,Nature Reserve,"5.3287, 62.5139"
Museum of Ericside,Historic Site,"65.6611, 164.5571"
Museum of Warnerport,Достопримечательность,"10.7063, 67.1194"
Square of West Kevintown,Горнолыжный курорт,"10.3345, -11.6205"
Museum of Rochafort,Музей,"0.7801, -37.0208"
Замок с. Воткинск,Public Park,"1.0395, -107.4539"
Площадь к. Новороссийск,Пляж,"-38.8491, 156.7487"
Парк ст. Валдай,Nature Reserve,"-0.1127, 44.4756"
Square of Gutierrezville,Исторический район,"-61.8985, 145.5214"
Museum of Lesliefort,Природный объект,"-41.3519, 82.6004"
Озеро п. Железногорск(Курск.),Пляж,"53.3375, 30.2139"
Замок г. Кедровый,Public Park,"53.3021, 42.7755"
Square of New Frank,Храм,"31.1654, 106.0388"
Park of Port Andreaberg,Museum,"18.9888, -3.9667"
Park of East Stevenville,Достопримечательность,"-64.3358, -3.6444"
Lake of West Cody,Музей,"-9.7275, 40.2814"
Park of Marilynburgh,Museum,"-12.6856, 148.3341"
Lake of Smithburgh,Природный объект,"60.8558, 85.9123"
Castle of Johnsonstad,Горнолыжный курорт,"-67.7873, -125.59"
Гора к. Казань,Пляж,"69.3466, -113.5006"
Castle of Port Craigbury,Горнолыжный курорт,"-25.9969, -21.6021"
Площадь к. Данков,Пляж,"5.4752, 143.4518"
Castle of New Ashleychester,Музей,"-13.7847, 43.1401"
Парк с. Тура,Музей,"-56.6239, 0.6167"
Square of Port Stephenchester,Исторический район,"-36.6856, 103.5959"
Озеро д. Волгоград,Nature Reserve,"-5.1719, 41.8065"
Lake of Joview,Beach,"-25.4462, -80.3898"
Музей г. Диксон,Landmark,"-17.7119, -53.3174"
Park of Robinsonmouth,Пляж,"35.5235, 40.2802"
Bridge of North Carrie,Historic Site,"68.5397, -83.2994"
Замок клх Каменск-Шахтинский,Famous Intersection,"-11.943, -153.4092"
Парк п. Верхотурье,Historic Site,"-7.9489, -93.439"
Музей к. Малая Вишера,Музей,"24.5104, -34.0122"
Парк д. Советский,Горнолыжный курорт,"-67.7309, -56.0059"
Музей к. Тобольск,Nature Reserve,"-52.0711, 66.2735"
Музей к. Выборг,Храм,"-25.8907, -165.9773"
Парк г. Сургут (Хант.),Природный объект,"-7.3687, -20.6574"
Park of Garyton,Достопримечательность,"-7.7233, 83.2758"
Museum of East Brendan,Храм,"-18.7299, 124.9497"
Castle of Nataliestad,Historic Site,"-25.3589, -54.2367"
Square of Rhondafurt,Исторический район,"48.1281, 131.4873"
Озеро с. Усть-Илимск,Museum,"-61.9143, -154.4694"
Гора ст. Можга,Nature Reserve,"-45.4104, -119.6561"
Озеро г. Алагир,Landmark,"18.7942, 155.0815"
Museum of Port Sarahtown,Beach,"-40.2787, 140.7652"
Castle of Port Roseberg,Nature Reserve,"-14.3491, -30.347"
Lake of Lake Matthewburgh,Достопримечательность,"7.4403, 26.8497"
Park of West Tyronetown,Достопримечательность,"-63.73, -90.3112"
Озеро клх Ведено,Парк,"-15.7551, -135.7935"
Square of Walkerview,Достопримечательность,"29.6905, -164.0502"
Озеро г. Челюскин,Landmark,"33.7419, 60.4482"
Bridge of Lake Troyville,Beach,"-43.1728, 144.2476"
Square of Katelynmouth,Nature Reserve,"57.8777, -81.3647"
Гора клх Нарткала,Исторический район,"-25.3442, 94.4925"
Музей клх Тарко-Сале,Famous Intersection,"-7.0822, 58.0411"
Lake of Lake Jacksonberg,Музей,"22.878, 39.9591"
Castle of Perryfort,Landmark,"-27.564, 73.2768"
Castle of New Rebecca,Historic Site,"12.0498, 82.673"
Museum of West Lisastad,Горнолыжный курорт,"64.307, 48.4936"
Castle of Michaelland,Пляж,"29.1466, 60.247"
Гора с. Холмск,Nature Reserve,"18.7938, 91.257"
Bridge of Annetown,Mountain Peak,"30.2129, 122.2965"
Bridge of West Ashley,Горнолыжный курорт,"-41.0213, -158.7096"
Castle of New Tyler,Famous Intersection,"-11.453, 27.1004"
Площадь к. Ревда (Сверд.),Landmark,"-22.7093, -26.5192"
Bridge of Brownmouth,Museum,"-1.6188, -11.7327"
Park of East Joseph,Достопримечательность,"37.8746, -72.0502"
Castle of South Jaredton,Храм,"-52.1539, 54.1857"
Lake of Vaughnberg,Достопримечательность,"18.723, -136.9399"
Площадь п. Шереметьево,Храм,"12.3961, 157.6995"
Парк г. Иркутск,Beach,"-29.1373, -119.8981"
Bridge of Richardmouth,Historic Site,"-24.9085, 54.9688"
Площадь д. Губкинский,Public Park,"17.9371, 28.6713"
Гора клх Нарткала,Достопримечательность,"52.8713, -19.3102"
Park of West Andrewfort,Museum,"33.4067, 84.802"
Lake of West Kennethport,Historic Site,"43.1489, 0.0247"
Park of South Michaelview,Historic Site,"1.6961, -162.1752"
Castle of New Lauren,Исторический район,"66.6493, -113.6237"
Озеро клх Иркутск,Mountain Peak,"25.3718, -112.6448"
Park of Lake Christopher,Nature Reserve,"-43.8058, 126.5723"
Park of Johnfurt,Nature Reserve,"-46.63, 21.6951"
Park of Henryburgh,Природный объект,"57.8012, 82.1327"
Park of East Barbara,Beach,"52.357, -136.0545"
Музей клх Ряжск,Landmark,"53.4833, -6.6463"
Озеро г. Белый Яр (Томск.),Historic Site,"-27.0852, 136.7165"
Park of Jenniferbury,Historic Site,"48.4019, 39.4353"
Park of Brownchester,Public Park,"-26.6928, 155.5999"
Park of Ashleyfort,Парк,"-14.9337, -159.0174"
Castle of Deckerburgh,Исторический район,"-69.8656, 32.2637"
Площадь г. Сергиев Посад,Mountain Peak,"-21.79, 32.2608"
Lake of Rossberg,Public Park,"-17.6721, 91.9624"
Square of North Davidton,Beach,"12.8839, -33.0924"
Парк п. Гдов,Landmark,"-42.829, 153.4887"
Lake of New Courtneychester,Beach,"-23.548, 68.54"
Castle of New Crystal,Парк,"-28.3774, -90.037"
Lake of New Thomasside,Famous Intersection,"-40.6676, 3.887"
Park of Port Carolyn,Храм,"-9.1633, 0.0966"
Castle of South Wesleyport,Природный объект,"-46.5197, 74.9797"
Square of East Stevenstad,Музей,"8.9941, 28.4062"
Площадь г. Красноуральск,Historic Site,"-38.2275, -94.4075"
Square of Paulstad,Museum,"-14.5126, 37.9831"
Гора п. Псков,Пляж,"58.6191, 37.6021"
Square of East Ricky,Парк,"39.2141, 7.5443"
Square of Port Anthony,Mountain Peak,"32.2601, -143.6896"
Castle of East Lisa,Парк,"16.8454, 39.7448"
Bridge of South Josephburgh,Храм,"26.4016, 16.9647"
Озеро к. Кырен,Beach,"-25.7189, 128.5187"
Замок г. Калининград,Museum,"44.2277, -36.8178"
Bridge of Danastad,Достопримечательность,"-64.9128, 65.5248"
Bridge of Nicoleton,Пляж,"17.2054, -2.8323"
Square of Josephland,Исторический район,"56.3612, 166.2373"
Castle of North Melanie,Historic Site,"40.462, -91.8327"
Гора г. Охотск,Public Park,"-46.1612, 90.7203"
Bridge of West Mariaberg,Храм,"12.7792, 66.0272"
Площадь ст. Дагомыс,Public Park,"12.9184, -52.1808"
Bridge of West Keith,Горнолыжный курорт,"39.6585, -76.1271"
Museum of Jamesside,Famous Intersection,"69.1059, 149.4192"
Парк с. Ялуторовск,Landmark,"-59.0254, -86.0766"
Park of Port Julia,Landmark,"-3.7451, -85.2471"
Castle of Mckenzieville,Nature Reserve,"6.4577, 61.3475"
Lake of Amandaton,Природный объект,"49.5445, 118.6294"
Парк к. Находка,Исторический район,"65.813, 64.3637"
Museum of South Jeremyburgh,Mountain Peak,"-40.134, -168.4408"
Гора клх Елец,Достопримечательность,"-29.6062, -115.8697"
Lake of Martinezview,Горнолыжный курорт,"-39.5724, -147.556"
Гора г. Можга,Nature Reserve,"-11.3677, -110.3067"
Замок с. Домодедово,Исторический район,"-24.4269, -112.5138"
Museum of South Jamesberg,Достопримечательность,"-37.2366, -12.5676"
Square of North Christina,Храм,"63.1347, 148.7598"
Гора д. Нальчик,Public Park,"-68.837, 160.3521"
Парк д. Астрахань,Горнолыжный курорт,"62.1198, 118.9715"
Square of Port Danielle,Public Park,"22.7472, 51.5365"
Museum of Katrinamouth,Музей,"-25.0574, 21.7469"
Castle of Aaronside,Museum,"4.5202, -108.722"
Парк к. Тольятти,Museum,"-39.4318, 123.6033"
Гора с. Люберцы,Пляж,"23.8642, 129.9019"
Замок д. Тула,Public Park,"10.5572, -15.6837"
Площадь к. Терскол,Пляж,"30.6771, -6.3133"
Square of Lake Thomasmouth,Museum,"-60.1583, -68.4766"
Замок д. Ржев,Достопримечательность,"-14.2458, -7.213"
Park of Wilsonside,Парк,"49.1351, -143.1621"
Замок ст. Аша,Historic Site,"65.4836, 130.1257"
Park of North Joann,Достопримечательность,"-8.372, 93.7074"
Гора п. Лодейное Поле,Парк,"-20.3634, -50.8683"
Castle of North Amy,Nature Reserve,"8.8384, -102.36"
Замок с. Крымск,Public Park,"53.5688, -162.9549"
Square of Port Danafurt,Парк,"30.7911, 130.8583"
Castle of Howellburgh,Пляж,"-26.4508, -151.8639"
Lake of Navarrobury,Музей,"-53.2631, 119.4056"
Park of Lake Camerontown,Исторический район,"13.1967, 134.9355"
Площадь ст. Заводоуковск,Природный объект,"-35.3111, 43.7239"
Square of South Thomas,Nature Reserve,"40.5507, -9.104"
Bridge of Elizabethbury,Historic Site,"20.9825, 139.2865"
Замок г. Каменск-Уральский,Nature Reserve,"-13.9729, -18.5631"
Гора г. Макушино,Famous Intersection,"13.5139, 161.6247"
Музей ст. Невинномысск,Пляж,"50.1144, 117.4827"
Музей клх Нижний Новгород,Public Park,"-59.7527, 79.5457"
Замок ст. Тайшет,Достопримечательность,"26.333, 104.4618"
Square of South Seanport,Пляж,"-47.3438, 119.6726"
Парк с. Ростов-на-Дону,Museum,"-52.3585, -5.6024"
Square of Port Kevinborough,Музей,"68.6717, -37.7095"
Museum of Lake Julieton,Исторический район,"-2.9531, 27.1287"
Museum of Lake Keithview,Достопримечательность,"12.0114, -104.5087"
Парк клх Ковров,Парк,"55.2635, 5.4664"
Square of Arielville,Пляж,"-7.6831, -126.9527"
Museum of Danielmouth,Museum,"56.504, -16.1022"
Castle of Matthewfort,Mountain Peak,"-27.2175, -82.143"
Lake of Parkerborough,Landmark,"-6.3508, -107.2733"
Музей п. Фатеж,Landmark,"21.8301, 135.9139"
Park of East Tiffany,Landmark,"40.4893, 39.6122"
Озеро клх Черкесск,Nature Reserve,"-4.2328, 128.0406"
Парк г. Пушкин,Famous Intersection,"-27.6384, 156.9668"
Bridge of Tonyahaven,Famous Intersection,"36.0916, 43.7539"
Square of Jenniferland,Музей,"64.9375, 57.0285"
Park of Jasonfort,Beach,"32.4792, 86.0685"
Museum of West Davidberg,Пляж,"8.7514, 89.5169"
Парк клх Пинега,Museum,"52.2117, 118.8535"
Bridge of Whiteside,Famous Intersection,"7.5459, -18.4441"
Bridge of South Russell,Nature Reserve,"8.9972, -127.5629"
Гора к. Чебоксары,Museum,"69.3698, 49.0959"
Bridge of Maldonadofort,Museum,"13.7352, 86.8864"
Площадь ст. Белый Яр (Томск.),Mountain Peak,"38.5256, 75.5103"
Озеро п. Уэлен,Famous Intersection,"60.6902, 167.8642"
Park of East Linda,Природный объект,"41.2344, 31.0024"
Парк клх Миллерово,Famous Intersection,"-69.2147, -159.3221"
Castle of Austinburgh,Музей,"-26.8804, -128.8419"
Музей с. Красновишерск,Beach,"-6.8141, -37.9459"
Озеро п. Шумиха,Парк,"43.4912, -103.8636"
Bridge of Port Steven,Beach,"-20.6231, -85.8283"
Гора к. Кизилюрт,Природный объект,"-8.5964, -148.2173"
Парк д. Инта,Historic Site,"-65.1134, -55.4794"
Square of West Alantown,Landmark,"-43.9892, 27.6968"
Lake of West Ricardostad,Mountain Peak,"55.7854, -99.119"
Озеро ст. Южно-Сахалинск,Historic Site,"-57.5097, 159.0583"
Castle of Donaldfort,Nature Reserve,"10.7123, -101.1479"
Замок к. Кострома,Public Park,"10.336, 160.8177"
Lake of Port Brianna,Музей,"45.6713, 129.5339"
Площадь ст. Игнашино,Famous Intersection,"-19.2652, -157.2241"
Озеро клх Тамбов,Museum,"-38.5529, 36.189"
Bridge of Cassandrashire,Historic Site,"-65.7983, 50.6837"
Музей п. Видное,Nature Reserve,"-63.2536, -36.6989"
Озеро г. Витим,Храм,"42.0217, -13.4012"
Square of South Ana,Храм,"-24.4594, -152.1198"
Lake of Williamsstad,Famous Intersection,"35.3993, -42.2106"
Square of Rodneychester,Historic Site,"-68.9699, -78.7587"
Замок д. Курумкан,Landmark,"-8.9205, -37.5456"
Bridge of Greenfort,Museum,"-11.4954, 160.5839"
Park of East Gerald,Исторический район,"-28.1861, -4.4816"
Bridge of North Benjamin,Храм,"-24.4336, 138.3485"
Гора д. Подольск,Пляж,"-61.935, -121.1597"
Castle of Robinberg,Достопримечательность,"63.6931, 148.0802"
Museum of Frankview,Nature Reserve,"60.1861, -78.3651"
Площадь клх Октябрьское (Челяб.),Mountain Peak,"50.0976, 106.0551"
Площадь г. Астрахань,Beach,"6.774, -24.5728"
Lake of Banksburgh,Пляж,"4.5094, -83.0843"
Музей п. Ачхой Мартан,Природный объект,"-37.2376, 60.1947"
Park of Kristaberg,Famous Intersection,"-54.6203, -57.5356"
Озеро к. Дагомыс,Historic Site,"58.01, -48.6201"
Square of New Jeffrey,Mountain Peak,"-50.1788, -158.7077"
Museum of Port Kristen,Nature Reserve,"61.3666, -79.9235"
Музей ст. Юровск,Public Park,"23.2955, 119.4276"
Museum of Port Trevormouth,Landmark,"43.5467, 42.1626"
Гора к. Челябинск,Famous Intersection,"48.523, 151.1772"
Гора п. Салехард,Музей,"-60.7853, -96.201"
Park of Mauriceton,Исторический район,"-32.7299, -100.5103"
Озеро п. Пермь,Исторический район,"-2.0455, 139.9635"
Парк ст. Андреаполь,Исторический район,"20.7835, 133.4822"
Castle of Moraview,Landmark,"-13.0833, -156.6243"
Парк д. Нягань,Парк,"-27.7921, 133.3345"
Park of Julialand,Mountain Peak,"-3.1176, 161.0551"
Парк ст. Теберда,Исторический район,"42.1854, -92.3029"
Bridge of Fryeshire,Храм,"-19.889, -129.2807"
Bridge of East John,Nature Reserve,"-64.4742, 77.4312"
Bridge of Michaelmouth,Природный объект,"23.6295, -120.18"
Замок с. Ребриха,Historic Site,"-52.3524, 90.6061"
Гора ст. Мостовской,Landmark,"29.2044, 74.7621"
Музей д. Шали,Достопримечательность,"61.7422, 26.3125"
Гора п. Старая Русса,Храм,"-19.524, 28.8796"
Замок к. Невьянск,Пляж,"3.2363, -57.0523"
Озеро ст. Чита,Пляж,"-21.1737, 28.7789"
Square of Hallhaven,Музей,"-60.3258, -44.9518"
Bridge of Coffeyburgh,Famous Intersection,"59.4969, 152.8715"
Музей клх Семлячики,Public Park,"54.1307, 160.5584"
Square of North Tristan,Public Park,"-15.8901, -51.8682"
Озеро г. Октябрьское (Челяб.),Горнолыжный курорт,"-64.9835, -133.5331"
Площадь к. Тихорецк,Горнолыжный курорт,"-3.7747, 64.7073"
Озеро к. Надым,Public Park,"32.4728, 111.5741"
Музей к. Омск,Музей,"40.0508, 38.7158"
Park of Clarketown,Парк,"-55.9114, -144.2344"
Озеро клх Корсаков,Музей,"-36.9135, -161.2191"
Музей ст. Петушки,Музей,"-65.4805, 36.2497"
Парк п. Усть-Камчатск,Музей,"-35.4381, -14.2528"
Castle of Brianbury,Landmark,"-61.839, 150.115"
Lake of Staceyview,Historic Site,"-14.472, 10.7389"
"Музей ст. Москва, МГУ",Парк,"-1.9348, 35.7717"
Square of West Stephanie,Nature Reserve,"-13.0001, 82.4312"
Музей г. Тымовское,Музей,"2.7932, -10.004"
Museum of Mooneyberg,Достопримечательность,"10.1866, 62.4842"
Bridge of West Mariaville,Famous Intersection,"57.2506, -50.8144"
Lake of North Sheritown,Природный объект,"-7.5376, 168.7186"
Bridge of Lake Michelleborough,Храм,"27.1935, 103.7969"
Square of Cohenhaven,Достопримечательность,"-34.5537, 19.8377"
Lake of Goodmantown,Храм,"69.4063, 159.7549"
Музей ст. Нефтеюганск,Nature Reserve,"-39.0707, -123.8"
Bridge of Brandonton,Музей,"-10.1737, 39.7392"
Bridge of Port Stephanie,Nature Reserve,"20.872, -1.776"
Castle of New Eduardo,Museum,"2.523, 157.2839"
Museum of North Nathaniel,Landmark,"-68.9763, -67.3374"
Парк к. Грозный,Музей,"24.2748, 95.8471"
Bridge of Taylorfort,Mountain Peak,"-16.1813, -166.8363"
Замок к. Урюпинск,Исторический район,"7.6739, -99.8854"
Озеро д. Тутончаны,Достопримечательность,"-18.0613, 125.3025"
Square of West Bryan,Nature Reserve,"15.5024, -41.3925"
Castle of Strongland,Mountain Peak,"8.107, 20.5323"
Замок п. Стерлитамак,Famous Intersection,"14.4784, -17.3915"
Square of North Ginaburgh,Исторический район,"-50.3563, 154.9988"
Museum of Danafort,Горнолыжный курорт,"0.7223, 164.1516"
Площадь г. Апшеронск,Горнолыжный курорт,"-22.0722, -137.8999"
Lake of Josephfort,Парк,"-21.7363, 36.2224"
Bridge of New Robertville,Парк,"4.6075, 37.2515"
Музей ст. Беломорск,Beach,"59.8905, 46.3961"
Lake of Myersmouth,Nature Reserve,"46.8923, 146.2365"
Castle of East Cheryl,Beach,"66.1762, -146.1511"
Square of Port Joechester,Museum,"-63.2358, 148.1531"
Замок г. Абакан,Музей,"41.0288, -23.5999"
Площадь г. Стерлитамак,Mountain Peak,"26.1211, -105.1412"
Lake of Burtonmouth,Famous Intersection,"65.8614, -149.0379"
Парк г. Березники,Парк,"57.3245, 169.7406"
Square of Brandychester,Природный объект,"-53.2921, -39.9297"
Музей с. Суздаль,Public Park,"-55.4889, -155.3626"
Гора д. Кизел,Парк,"-19.5612, -59.4"
Bridge of Maryside,Музей,"-35.7674, -14.9112"
Bridge of East Pamelaton,Beach,"47.7401, -88.2625"
Castle of Johnberg,Исторический район,"-58.5086, 63.3377"
Парк п. Пушкинские Горы,Museum,"-33.642, -18.8191"
Площадь клх Батайск,Beach,"-48.4485, 40.1792"
Bridge of North Michaelside,Пляж,"-4.3779, -158.7127"
Bridge of Wutown,Горнолыжный курорт,"32.7149, -78.3052"
Museum of Charlesmouth,Beach,"45.4776, 83.039"
Bridge of Port Stevenberg,Museum,"32.5438, 131.8024"
Square of Jonathanbury,Public Park,"35.7204, -12.0739"
Square of Smithton,Достопримечательность,"-63.5752, -70.6807"
Museum of North Ronaldshire,Пляж,"2.7289, 126.1591"
Lake of Tracymouth,Пляж,"27.4828, 25.9364"
Музей п. Шереметьево,Горнолыжный курорт,"44.0386, -95.4568"
Castle of Port Joshua,Beach,"-23.3833, 15.6042"
Park of Katherinestad,Исторический район,"-49.9541, 80.7071"
Площадь п. Армавир,Природный объект,"44.547, 54.4378"
Парк с. Истра,Природный объект,"32.5226, -77.5171"
Museum of South Laura,Historic Site,"-41.8346, -100.7041"
Озеро д. Тулун,Nature Reserve,"-64.3042, 151.2697"
Озеро п. Урай,Парк,"65.744, -98.3426"
Bridge of North Rebeccaside,Пляж,"66.8539, -15.1236"
Озеро к. Москва,Исторический район,"53.214, 111.8983"
Площадь д. Красноярск,Природный объект,"57.3702, -35.0236"
Гора ст. Ростов-на-Дону,Public Park,"-25.9912, -99.4736"
Museum of Thomasburgh,Famous Intersection,"14.8616, -61.1246"
Park of Patricktown,Public Park,"-31.413, -142.2068"
Square of West Edwardfort,Природный объект,"-66.6128, -59.4342"
Museum of East Christopher,Исторический район,"-5.1639, 62.7993"
Bridge of Ericborough,Famous Intersection,"47.1105, 82.9258"
Museum of Bartonborough,Mountain Peak,"-50.7483, -32.0058"
Castle of Alexanderport,Природный объект,"-64.8602, 20.8727"
Гора д. Великие Луки,Исторический район,"-40.7367, -15.5602"
Park of West Devin,Исторический район,"-45.2829, 129.5811"
Bridge of Grimesstad,Historic Site,"-37.454, -26.9603"
Museum of Port Scotthaven,Mountain Peak,"-29.801, -69.9655"
Замок п. Печенга,Beach,"10.7574, -108.5519"
Square of Port Christopherborough,Museum,"-16.5241, -13.2907"
Square of Millerhaven,Public Park,"2.4574, 120.3254"
Музей п. Пушкино (Моск.),Достопримечательность,"-28.2918, -137.4619"
Площадь с. Кудымкар,Музей,"-68.1043, -159.907"
Square of North Stephanie,Public Park,"-14.8396, -97.2194"
Музей с. Токма,Музей,"22.951, 126.2693"
Castle of North Emilyport,Public Park,"-62.9089, -66.4672"
Bridge of North Michaelside,Горнолыжный курорт,"42.8461, 123.7207"
Square of Xavierfurt,Парк,"36.3343, -115.6668"
Музей ст. Андреаполь,Famous Intersection,"-6.4826, 59.6637"
Lake of Lake Rhondamouth,Храм,"18.3785, -9.2023"
Park of East Christopher,Природный объект,"68.8616, 152.7229"
Озеро к. Серебряные Пруды,Парк,"10.1909, -87.7739"
Museum of Lake Eddie,Beach,"-60.405, -28.209"
Lake of New Heather,Музей,"19.9221, 134.3632"
Музей д. Певек,Landmark,"-29.2909, 151.7938"
Парк д. Инта,Historic Site,"22.2283, -75.8294"
Озеро г. Кисловодск,Храм,"38.5102, 59.4445"
Park of West Mary,Beach,"64.4025, 61.0418"
Замок с. Томари,Museum,"-63.9062, -138.8986"
Музей к. Адыгейск,Пляж,"-14.4517, -7.0215"
Museum of South Mary,Landmark,"3.5563, -125.8077"
Lake of South Julieshire,Природный объект,"-8.1257, 35.732"
Square of Jonesland,Храм,"33.7355, 7.8361"
Парк п. Майкоп,Храм,"-4.9948, 26.9103"
Square of Duncanhaven,Музей,"25.6713, 158.9258"
Square of Meghanfurt,Nature Reserve,"-67.6792, 126.4775"
Museum of Fletcherhaven,Храм,"7.2751, 2.977"
Museum of Stephanieberg,Парк,"41.9971, -110.8256"
Square of Gomezfurt,Famous Intersection,"66.7314, 166.6655"
Lake of Williamton,Famous Intersection,"38.2773, 113.4084"
Lake of Lake James,Mountain Peak,"53.1712, -1.8073"
Площадь к. Кырен,Historic Site,"25.4199, -88.1496"
Замок д. Эльтон,Горнолыжный курорт,"-52.3784, 92.9839"
Площадь клх Усть-Баргузин,Природный объект,"52.6964, 5.5977"
Озеро д. Малая Вишера,Beach,"40.1968, -112.4356"
Lake of Chandlerport,Парк,"7.4865, -32.5852"
Площадь клх Тутаев,Historic Site,"-68.0287, 53.7475"
Museum of Port Robertoshire,Beach,"43.9734, -54.1355"
Square of Rodriguezborough,Mountain Peak,"-38.5564, 162.158"
Park of New Barbara,Природный объект,"-4.011, -167.6281"
Square of East Teresashire,Public Park,"42.8662, 59.1085"
Museum of Josephfurt,Historic Site,"56.46, -145.6115"
Площадь клх Чикола,Public Park,"24.8755, -66.5321"
Lake of Lake Virginia,Famous Intersection,"27.7705, -111.234"
Замок клх Кежма,Nature Reserve,"28.107, 35.4666"
Castle of Masonville,Горнолыжный курорт,"-51.9063, -159.9919"
Bridge of Jillchester,Mountain Peak,"22.4159, 128.7404"
Square of East Steven,Public Park,"23.1303, 39.6766"
Парк д. Тотьма,Пляж,"-50.4098, 38.0288"
Park of South Hannah,Famous Intersection,"53.6737, -156.1041"
Музей с. Тулпан,Горнолыжный курорт,"15.1732, 24.8123"
Парк ст. Кинешма,Landmark,"-29.3968, 132.1464"
Музей клх Карачаевск,Nature Reserve,"-16.1841, 157.341"
Озеро г. Галич,Historic Site,"11.6694, -114.4782"
Castle of West Gregborough,Public Park,"-46.0359, 92.145"
Замок к. Нефтегорск (Самар.),Природный объект,"56.6665, -68.7271"
Bridge of South John,Public Park,"34.3461, -101.5443"
Парк ст. Приозерск,Храм,"54.3262, 18.6434"
Park of Christopherton,Пляж,"53.5341, -5.9481"
Замок д. Мезень,Mountain Peak,"12.7816, -42.207"
Гора клх Моршанск,Музей,"-55.9787, 106.7785"
Park of Lake Rachel,Горнолыжный курорт,"-13.1775, -131.2501"
Парк д. Богучар,Горнолыжный курорт,"55.8792, -95.6662"
Castle of North Carolynville,Museum,"14.2397, 60.3739"
Парк клх Грозный,Historic Site,"-7.4095, 154.5718"
Гора с. Архыз,Парк,"-16.0861, 65.9915"
Lake of West Chad,Музей,"-40.7962, 148.9551"
Park of North Jesse,Famous Intersection,"51.8836, -147.7895"
Музей с. Уссурийск,Природный объект,"-7.4079, -10.5303"
Гора к. Агата,Природный объект,"-21.817, -3.2381"
Park of New Sarahburgh,Горнолыжный курорт,"-45.9202, -31.5112"
Парк д. Неплюевка,Historic Site,"-67.8419, -149.4567"
Озеро д. Усть-Кут,Landmark,"46.6077, -66.0702"
Museum of Robertshire,Mountain Peak,"53.8665, 163.7647"
Озеро к. Апшеронск,Музей,"-59.9931, -99.7207"
Lake of South Benjaminville,Historic Site,"47.7233, 119.3704"
Park of Meltonstad,Landmark,"-0.9264, -125.3117"
Park of South Ryanfort,Храм,"-36.3142, 120.0905"
Castle of Hodgesburgh,Museum,"17.0427, 156.5893"
Парк с. Кизляр,Museum,"-21.481, -147.4849"
Park of New Cynthia,Public Park,"-67.7031, -3.2662"
Гора д. Коломна,Landmark,"-58.6641, -162.0062"
Square of East Roberthaven,Исторический район,"-55.5732, -128.017"
Castle of Jameshaven,Горнолыжный курорт,"0.8416, -127.5087"
Парк клх Холмогоры,Исторический район,"19.0262, 24.4653"
Park of Fosterburgh,Public Park,"-11.2993, -101.0821"
Парк д. Юрьевец (Иван.),Исторический район,"18.3784, -59.3809"
Square of Lopezborough,Пляж,"26.524, -51.0712"
Bridge of Michaelstad,Исторический район,"30.2509, 168.0343"
Museum of Adamfort,Храм,"41.3225, 31.132"
Замок к. Азов (Рост.),Исторический район,"-68.7359, 42.5982"
Замок ст. Новгород Великий,Mountain Peak,"-5.2688, 124.3958"
Bridge of Vanessashire,Historic Site,"5.9256, 110.6637"
Парк клх Черемхово,Nature Reserve,"-8.0246, -101.2263"
Lake of Wesleyshire,Музей,"34.4184, -47.3031"
Озеро ст. Пятигорск,Исторический район,"-5.4539, -46.8119"
Square of Robertschester,Historic Site,"7.0927, 143.6572"
Museum of Port Bradleyhaven,Nature Reserve,"16.4501, 107.956"
Park of Dayborough,Достопримечательность,"-19.6889, -29.2821"
Museum of North Rebecca,Музей,"-62.5049, 73.166"
Площадь п. Кунгур,Горнолыжный курорт,"30.9624, -155.1097"
Озеро ст. Омск,Public Park,"3.3394, -153.0734"
Парк ст. Кузнецк,Пляж,"-22.2117, 113.6572"
Lake of West Kenneth,Достопримечательность,"-1.2329, 162.2379"
Площадь п. Нарткала,Достопримечательность,"42.0513, -153.1127"
Lake of Millerville,Historic Site,"41.5616, 44.8308"
Площадь ст. Сызрань,Парк,"2.0351, 84.8996"
Bridge of Ewingstad,Landmark,"-47.5604, -14.2069"
Castle of Meganfurt,Природный объект,"55.8104, 132.854"
Square of Port Jeffrey,Музей,"43.7567, -96.4915"
Площадь клх Рыльск,Historic Site,"37.1801, -106.5855"
Замок г. Алапаевск,Парк,"-27.0431, -25.1389"
Парк п. Рыльск,Beach,"45.3401, 75.0435"
Park of Marissashire,Природный объект,"26.7271, -97.8011"
Музей клх Саянск,Храм,"40.2776, -21.9209"
Castle of Port Candice,Природный объект,"-36.8273, -17.3885"
Park of Lake Kathleenside,Landmark,"53.1566, -89.0894"
Замок с. Чусовой,Горнолыжный курорт,"-26.6519, 8.7531"
Castle of Mcdonaldstad,Горнолыжный курорт,"-4.9638, 116.4369"
Museum of North Feliciafort,Famous Intersection,"-68.0067, 16.7238"
Замок п. Кропоткин (Краснод.),Горнолыжный курорт,"-55.9879, -116.4175"
Square of Olsonburgh,Landmark,"0.1641, -66.8344"
Lake of East Nicolebury,Famous Intersection,"-27.8345, -105.5842"
Площадь к. Бреды,Museum,"23.8378, 64.9174"
Park of North Jason,Исторический район,"-17.2793, 127.5507"
Square of Vincentport,Музей,"-42.6786, -161.603"
Lake of Joshuabury,Исторический район,"-2.4464, -119.2046"
Площадь к. Мураши,Landmark,"67.1387, 62.2108"
Park of Hartchester,Исторический район,"-66.5628, 56.8542"
Замок с. Кимры,Public Park,"16.0716, -135.5839"
Озеро д. Камень-на-Оби,Пляж,"16.3906, -21.2166"
Museum of Mariaton,Природный объект,"56.8664, -37.1258"
Гора клх Саянск,Исторический район,"33.6043, 137.4171"
Парк п. Ельня,Достопримечательность,"57.6732, -73.2771"
Озеро с. Надым,Горнолыжный курорт,"-27.8162, -90.5167"
Park of Lake Zachary,Landmark,"25.9289, -156.522"
Square of New Brandonbury,Beach,"53.3058, 5.365"
Площадь клх Хоста,Парк,"-22.1388, 32.725"
Площадь ст. Чехов,Landmark,"64.4048, 69.6598"
Озеро г. Мостовской,Landmark,"11.5299, -119.8109"
Озеро п. Великий Устюг,Nature Reserve,"-45.7409, 47.664"
Парк к. Североморск,Природный объект,"6.6828, -139.4103"
Castle of Jeffreyville,Beach,"-14.1524, -99.9585"
Парк п. Воскресенск,Достопримечательность,"37.65, -5.1271"
Парк с. Дзержинск,Nature Reserve,"28.3551, 17.1545"
Castle of New Dawnfort,Museum,"44.3272, 94.4183"
Озеро д. Ясный (Оренб.),Public Park,"-39.2028, 129.5584"
Озеро г. Ставрополь,Nature Reserve,"49.2643, 154.8231"
Bridge of New Marc,Public Park,"-35.4869, -58.3079"
Square of Pottsville,Горнолыжный курорт,"28.2992, 39.3851"
Museum of Wattsmouth,Парк,"-52.7585, -127.512"
Park of Lake Rebecca,Пляж,"64.7994, 131.0826"
Парк г. Сальск,Природный объект,"38.0831, -56.7684"
Museum of South Cassandraport,Nature Reserve,"-42.0676, 140.8893"
Озеро п. Чермоз,Исторический район,"-29.2883, -40.3289"
Bridge of Connerton,Historic Site,"-40.8355, -87.0909"
Bridge of Lake Marioville,Исторический район,"11.4777, -151.5386"
Bridge of Kayleetown,Храм,"18.717, 156.9948"
Lake of Jacksonview,Landmark,"-25.0684, 148.1383"
Lake of Davidstad,Природный объект,"-21.5725, 9.125"
Castle of Nataliemouth,Beach,"31.5267, -141.5259"
Castle of Port Kathrynmouth,Nature Reserve,"-68.7544, 97.3119"
Castle of Port Steven,Mountain Peak,"-0.4431, -17.1131"
Museum of Maryberg,Храм,"65.2726, -71.7574"
Музей д. Ведено,Museum,"-58.5163, -27.3836"
Castle of Smithhaven,Landmark,"13.9333, -146.6367"
Гора к. Данков,Исторический район,"33.6788, 36.4595"
Park of East Michaelborough,Исторический район,"-28.9494, -47.3156"
Музей к. Кировск (Ленин.),Исторический район,"43.7337, -20.2489"
Park of New Rachelbury,Музей,"-4.2063, 88.4436"
Castle of Phillipsfurt,Mountain Peak,"12.3913, -150.8289"
Museum of Jimmyport,Famous Intersection,"27.0291, 152.3975"
Парк к. Объячево,Горнолыжный курорт,"-50.9939, -162.783"
Замок клх Урюпинск,Beach,"39.9899, 28.4877"
Замок п. Игнашино,Пляж,"-55.7422, -113.1678"
Замок с. Александровск-Сахалинский,Public Park,"-46.6486, 22.2624"
Museum of West Alexandermouth,Храм,"69.2217, 164.9823"
Bridge of New Codyland,Landmark,"25.6553, 123.123"
Park of Davidland,Beach,"-67.2272, -114.3283"
Озеро к. Волгодонск,Музей,"44.6757, 79.2045"
Парк с. Верхний Тагил,Beach,"-68.5218, -35.0105"
Парк г. Кузнецк,Beach,"-1.0815, -51.911"
Square of Port April,Храм,"55.3249, -125.3088"
Музей к. Дудинка,Природный объект,"-32.9487, -111.3577"
Замок г. Кырен,Достопримечательность,"37.0286, 77.939"
Озеро п. Красноуральск,Public Park,"52.1348, 13.0146"
Площадь к. Меренга,Historic Site,"35.2327, -91.124"
Square of North Bobbytown,Mountain Peak,"-18.4469, 139.5053"
Музей д. Уэлен,Природный объект,"67.5019, 18.6365"
Площадь д. Нижний Тагил,Historic Site,"-24.1006, -108.0766"
Lake of West Jofort,Historic Site,"-42.5687, -143.8386"
Bridge of Buckleymouth,Исторический район,"-31.8065, 35.8397"
Square of Port Raymond,Исторический район,"4.2755, -106.8245"
Park of Port Haleyview,Historic Site,"56.3158, 163.0089"
Park of Kristenmouth,Парк,"67.6928, -28.8596"
Lake of Troymouth,Mountain Peak,"58.4458, 111.0177"
Площадь ст. Балтийск,Landmark,"-33.9696, 133.2847"
Bridge of Briantown,Beach,"6.2772, 147.164"
Square of Stephenbury,Landmark,"-55.7157, 138.1155"
Гора к. Миасс,Храм,"56.055, -52.5172"
Lake of Gillview,Landmark,"28.4157, 116.6143"
Square of South Reneeville,Beach,"51.9312, 29.919"
Парк д. Сочи,Nature Reserve,"-45.2422, -9.2514"
Museum of Lauramouth,Исторический район,"-24.6643, -149.9108"
Замок ст. Солнечногорск,Храм,"-25.7177, 75.1164"
Музей п. Елабуга,Public Park,"-10.7259, 86.9799"
Castle of New John,Горнолыжный курорт,"34.1449, -10.7112"
Square of Castillochester,Landmark,"15.2494, 99.5884"
Bridge of Lake Christineport,Landmark,"-8.7109, -135.9657"
Озеро к. Егорьевск,Горнолыжный курорт,"33.8118, -52.5972"
Парк д. Усинск,Nature Reserve,"-12.0203, 87.9571"
Парк п. Великие Луки,Музей,"-5.5158, 102.2847"
Square of South Kim,Landmark,"-32.7073, -0.7487"
Парк ст. Невьянск,Горнолыжный курорт,"3.7682, -114.0803"
Castle of Richardport,Historic Site,"29.5299, -21.8135"
Castle of West Anthony,Museum,"11.2752, 80.6904"
Гора п. Енисейск,Горнолыжный курорт,"35.6646, 151.8403"
Castle of Port John,Public Park,"-9.3583, -111.6135"
Castle of South Brendanview,Landmark,"38.2322, -104.9539"
Lake of New David,Горнолыжный курорт,"-20.5597, -159.7839"
Castle of West Jessicaberg,Исторический район,"32.2246, 115.0501"
Park of Courtneymouth,Горнолыжный курорт,"-9.786, -139.2016"
Площадь клх Змеиногорск,Музей,"-12.6273, -37.4955"
Замок ст. Бронницы,Храм,"39.235, 65.0126"
Museum of Hessmouth,Landmark,"65.2205, 137.6096"
Square of North Jesusfurt,Парк,"-0.2129, -93.6032"
Музей п. Шарья,Museum,"-1.6055, 137.8303"
Park of Lake Sarahview,Landmark,"-44.2889, -125.9006"
Замок ст. Кунгур,Historic Site,"-12.8202, 83.4659"
Музей д. Бугульма,Famous Intersection,"42.9813, -4.0233"
Castle of Johnnystad,Природный объект,"38.7274, -61.7083"
Гора г. Арзамас,Landmark,"-30.9785, 157.8888"
Bridge of Lake Rebecca,Музей,"67.7791, 137.2249"
Castle of Port Edwardborough,Public Park,"-42.964, -10.4201"
Square of New Jeremyshire,Museum,"66.9445, -29.2555"
Square of Lake Jodi,Исторический район,"-51.7402, 141.4967"
Озеро клх Бугуруслан,Музей,"-2.2318, -37.5235"
Bridge of Adkinsbury,Парк,"51.8778, -76.9792"
Castle of East Danielle,Парк,"14.3375, 157.5828"
Park of Joseport,Музей,"63.091, 94.2992"
Museum of Johnsonborough,Парк,"31.0934, -112.4126"
Замок к. Новомичуринск,Достопримечательность,"0.4308, -95.7043"
Парк клх Терскол,Famous Intersection,"-3.6446, -56.2338"
Парк ст. Верхнее Пенжино,Пляж,"68.6811, 60.1689"
Lake of Valeriefurt,Museum,"-50.3382, -102.376"
Castle of Leechester,Музей,"-37.0413, -24.3917"
Парк клх Охотск,Достопримечательность,"10.9897, -114.8242"
Lake of South Amy,Nature Reserve,"-49.3664, 111.9378"
Замок к. Зеленоград,Исторический район,"-54.0551, -25.7725"
Парк г. Карталы,Museum,"-26.1906, -155.3854"
Замок с. Нарым,Пляж,"-53.3618, 8.3418"
Castle of North Austinview,Famous Intersection,"-29.5428, 98.9235"
Square of Benjaminview,Пляж,"-43.0798, -156.1916"
Castle of North Jose,Храм,"-33.5985, -22.4349"
Парк п. Кисловодск,Горнолыжный курорт,"-50.0251, 155.5168"
Bridge of Carrieburgh,Landmark,"54.8061, 144.0288"
Площадь к. Вологда,Природный объект,"16.0099, 10.6522"
Музей д. Каменномостский,Исторический район,"-7.4684, 107.778"
Парк с. Тюмень,Исторический район,"18.1768, 111.3117"
Square of New Micheal,Достопримечательность,"68.1033, 28.0974"
Square of East Xavierbury,Landmark,"51.7125, -50.4454"
Museum of East Molly,Nature Reserve,"48.022, 84.2179"
Музей п. Волхов,Museum,"12.1776, -169.8416"
Lake of New Randallmouth,Парк,"65.1862, -161.4561"
Castle of Colemanland,Nature Reserve,"-68.6465, -40.1473"
Lake of New Ashley,Landmark,"15.4409, -4.7071"
Музей ст. Кинешма,Музей,"3.7025, -87.0033"
Bridge of North Cynthiamouth,Beach,"40.754, 114.1644"
Озеро п. Миасс,Парк,"-55.2157, 55.15"
Lake of New Jameshaven,Парк,"1.8562, -82.8278"
Square of Erikaview,Landmark,"28.8553, -28.984"
Castle of East Carolyn,Public Park,"-69.9119, -160.2849"
Castle of Matthewmouth,Public Park,"53.4863, 71.9774"
Bridge of North Juanburgh,Beach,"46.2217, -17.6348"
Museum of Sullivanbury,Пляж,"-54.1739, 9.0396"
Castle of New Richard,Beach,"66.7923, 48.6828"
Озеро ст. Щельяюр,Парк,"-18.2404, 108.2187"
Square of Lake Alexis,Пляж,"-67.6519, -144.6489"
Lake of West Jessica,Nature Reserve,"-59.0946, -51.7328"
Park of Port Christinestad,Парк,"9.0025, 115.268"
Музей к. Чусовой,Mountain Peak,"37.1761, 117.5405"
Гора с. Нефедова,Горнолыжный курорт,"-15.7627, 130.3342"
Park of Williamschester,Горнолыжный курорт,"-39.1098, -140.7364"
Lake of Jessicahaven,Mountain Peak,"5.9309, -30.7012"
Museum of Pricemouth,Beach,"-10.6931, -98.2856"
Гора п. Дно,Nature Reserve,"-29.2046, 3.0301"
Castle of Lake Rebeccaport,Музей,"-49.0944, 121.8836"
Площадь с. Оленек,Public Park,"-4.6314, -137.5632"
Square of South Daniel,Музей,"31.9361, 169.359"
Lake of Sandersview,Mountain Peak,"4.6319, 23.7503"
Парк к. Магадан,Исторический район,"45.38, 52.7808"
Square of Richmondland,Пляж,"-43.7665, -80.7489"
Bridge of South Angelaburgh,Nature Reserve,"-59.554, 62.4598"
Castle of Port Deborah,Museum,"-42.399, -148.1005"
Castle of Ericberg,Nature Reserve,"29.9294, 28.2505"
Park of Adamschester,Museum,"46.368, 40.8906"
Square of North Johnathan,Исторический район,"18.524, -87.4284"
Озеро с. Тикси,Достопримечательность,"19.291, -9.9034"
Museum of North Donald,Парк,"-42.196, -128.6261"
Озеро г. Курумкан,Достопримечательность,"37.0291, 19.0942"
Bridge of West Joshua,Public Park,"-37.4532, -162.4996"
Square of New Eric,Historic Site,"-62.055, -119.8057"
Замок д. Кулунда,Beach,"-0.8608, -155.0419"
Museum of North Tanya,Famous Intersection,"27.6648, -1.015"
Square of Cherylchester,Beach,"4.2506, 76.9642"
Площадь г. Лагань,Public Park,"-64.5256, -123.3265"
Museum of South William,Исторический район,"-36.5522, -120.7629"
Озеро г. Чегем,Храм,"-16.9565, -106.1711"
Площадь с. Тутончаны,Пляж,"7.9889, -113.8095"
Square of Port Cynthiaborough,Музей,"59.4854, -54.061"
Museum of Davisside,Пляж,"3.6419, 9.6484"
Парк ст. Обоянь,Public Park,"-35.1266, 60.8627"
Square of Austinland,Горнолыжный курорт,"61.2259, -37.9071"
Lake of Lake Sharonland,Museum,"-3.3931, 5.1414"
Lake of Nathanfort,Landmark,"52.8272, -169.7172"
Castle of West Dana,Достопримечательность,"-66.1, 6.7533"
Lake of New Jason,Beach,"34.4074, 124.3866"
Парк п. Курумкан,Природный объект,"3.5738, -29.5922"
Парк г. Асбест,Музей,"53.8355, -127.2499"
Замок ст. Пятигорск,Museum,"-26.2799, 86.8183"
Озеро д. Слюдянка,Достопримечательность,"-31.8174, -46.1656"
Парк ст. Горячий Ключ,Музей,"28.3941, 136.5226"
Lake of Nguyenside,Музей,"-12.5283, 23.1886"
Музей клх Жуковский,Пляж,"31.4344, -167.0207"
Square of East Rebecca,Достопримечательность,"64.6943, 89.5039"
Park of Lake Jason,Famous Intersection,"-13.2039, -66.2513"
Озеро д. Барнаул,Museum,"-38.3973, 127.633"
Park of South Dakotastad,Historic Site,"39.8542, -150.6178"
Park of Bakerport,Beach,"-28.7386, -95.5304"
Park of Port Arianatown,Public Park,"25.7002, 84.2869"
Museum of Lake Catherinemouth,Горнолыжный курорт,"-59.1652, -7.5391"
Lake of Fergusonborough,Природный объект,"25.1615, 120.0099"
Square of South Jeffrey,Горнолыжный курорт,"-29.9854, -51.9132"
Square of Hancockville,Исторический район,"3.5241, -48.1181"
Гора п. Юровск,Парк,"3.7426, -50.0253"
Lake of Mezashire,Парк,"-67.5634, -80.2867"
Парк клх Енисейск,Музей,"28.4322, -3.7806"
Музей с. Армавир,Пляж,"-53.0772, 129.36"
Музей ст. Печора,Museum,"-7.6051, -60.1712"
Парк клх Нижний Тагил,Nature Reserve,"-28.0392, 122.8921"
Парк с. Псков,Храм,"51.1087, 78.0009"
Park of West Timothyburgh,Достопримечательность,"25.8698, 66.3929"
Lake of West Heather,Nature Reserve,"-27.2191, -65.3768"
Museum of Andreashire,Храм,"17.3266, 7.7113"
Square of Collinshaven,Mountain Peak,"-30.0733, -67.4392"
Площадь д. Озеры,Достопримечательность,"55.814, 96.5329"
Замок ст. Новороссийск,Горнолыжный курорт,"-17.1157, 167.1054"
Square of Tylerstad,Historic Site,"13.9601, -23.4992"
Гора клх Билибино,Mountain Peak,"-18.1348, 104.9468"
Square of Charlesburgh,Public Park,"15.6927, 105.2263"
Park of East Christianshire,Beach,"61.8101, 22.1118"
Музей д. Богучар,Famous Intersection,"-0.7734, 124.0236"
Park of West Katherineburgh,Исторический район,"47.8628, 92.9761"
Castle of Buckleyburgh,Public Park,"-38.4018, -144.0627"
Museum of Derekfurt,Famous Intersection,"-11.0009, 10.6928"
Lake of West Erictown,Famous Intersection,"-3.2624, -153.1942"
Museum of Lake Amandamouth,Mountain Peak,"-53.9053, -67.0979"
Castle of Greenebury,Музей,"-26.8084, -71.0506"
Park of Richardsonmouth,Горнолыжный курорт,"44.3013, 21.087"
Castle of New Edgar,Горнолыжный курорт,"-50.9742, -95.5304"
Музей с. Морозовск,Храм,"32.8123, 83.3908"
Bridge of West Kimberly,Famous Intersection,"-8.1199, -36.2645"
Озеро д. Хасан,Пляж,"21.8985, 141.8158"
Озеро с. Серпухов,Nature Reserve,"21.5455, -73.4588"
Museum of Martinhaven,Mountain Peak,"4.5352, 47.7432"
Замок клх Бронницы,Public Park,"-31.627, 167.8496"
Castle of New Elizabethview,Пляж,"-65.0364, 47.5356"
Square of New Tyler,Landmark,"17.8333, -109.3146"
Озеро к. Аргаяш,Mountain Peak,"34.6847, -118.2559"
Гора г. Джубга,Mountain Peak,"-56.8169, -22.3828"
Park of East William,Nature Reserve,"67.7717, 108.702"
Square of South Gerald,Музей,"-1.5673, 128.1432"
Замок п. Звенигород,Museum,"-37.0841, 161.8127"
Museum of Rachelmouth,Исторический район,"-62.9262, 144.2822"
Замок к. Курган,Исторический район,"-63.8529, -123.9544"
Парк п. Сибай,Музей,"15.5968, 148.5958"
Замок клх Новый Оскол,Горнолыжный курорт,"-43.8866, -123.8071"
Музей ст. Кирово-Чепецк,Музей,"16.2783, -55.9098"
Park of Amychester,Landmark,"26.4562, -6.0582"
Площадь клх Сеймчан,Горнолыжный курорт,"-24.8745, -45.584"
Lake of New Albertland,Museum,"68.3655, -22.5182"
Park of South Shane,Beach,"-60.0346, -91.1668"
Гора клх Усолье Сибирское,Mountain Peak,"-59.9355, -162.2832"
Square of Chadview,Горнолыжный курорт,"36.0084, 153.4193"
Park of Breannafurt,Historic Site,"22.5541, 166.9683"
Озеро к. Бавлы,Famous Intersection,"-59.1496, 106.6784"
Museum of Joshuachester,Historic Site,"-27.8726, -166.0767"
Square of East Wyatt,Famous Intersection,"62.1212, -98.4279"
Castle of Elizabethbury,Парк,"-17.0714, -103.4203"
Castle of West Kevin,Парк,"-68.4489, 162.8148"
Замок ст. Дивногорск,Храм,"27.3591, -26.4723"
Castle of West Alexishaven,Парк,"12.4607, 10.8491"
Lake of New Janet,Пляж,"33.5837, 155.9818"
Museum of North Emily,Горнолыжный курорт,"-8.4782, 73.4984"
Park of Sotomouth,Природный объект,"-30.2604, 67.403"
Площадь с. Энгельс,Горнолыжный курорт,"-11.8915, -94.6444"
Castle of Austinmouth,Nature Reserve,"-59.1329, -21.601"
Square of West Wayneborough,Храм,"-61.9954, -148.676"
Museum of West Johnbury,Nature Reserve,"37.2984, 56.6774"
Озеро к. Оймякон,Парк,"-64.1437, 4.0798"
Площадь к. Городовиковск,Исторический район,"-36.5984, -131.6634"
Bridge of Lake Bethany,Museum,"6.581, -5.238"
Озеро д. Шуя,Исторический район,"-28.0859, 156.885"
Bridge of Lake Michaelchester,Mountain Peak,"1.462, 18.0374"
Замок д. Диксон,Landmark,"-50.9942, 43.6258"
Museum of Cannonville,Храм,"-45.6823, 16.0523"
Square of Port Jameschester,Mountain Peak,"4.6877, -149.5845"
Парк г. Волгодонск,Храм,"32.8584, -51.2674"
Park of Brooketown,Горнолыжный курорт,"-31.4352, 118.8747"
Park of Brownborough,Nature Reserve,"40.1681, -28.093"
Парк с. Чебаркуль,Landmark,"53.3335, 66.1879"
Замок г. Руза,Исторический район,"-58.9762, -51.9842"
Площадь ст. Анапа,Landmark,"-11.231, -150.101"
Bridge of Erinfort,Музей,"-27.2144, -20.1285"
Museum of New Kyle,Nature Reserve,"0.5856, -42.8577"
Озеро д. Оленегорск (Якут.),Museum,"51.1203, -55.795"
Парк п. Нягань,Достопримечательность,"-23.9225, 147.3887"
Castle of South Tyler,Музей,"18.5979, -158.0371"
Музей к. Тулпан,Public Park,"51.8569, -127.4283"
Bridge of Courtneyberg,Public Park,"59.5491, 36.1745"
Square of Stewartmouth,Beach,"27.1827, 10.6684"
Замок клх Соль-Илецк,Famous Intersection,"-35.1702, 111.5449"
Park of Johnstad,Historic Site,"7.5587, -145.9654"
Castle of West Randall,Mountain Peak,"-2.4552, 130.3433"
Lake of Christopherville,Природный объект,"12.576, 5.8988"
Bridge of East Steven,Famous Intersection,"40.9013, -122.4721"
Park of Turnermouth,Пляж,"-50.0401, 92.3821"
Lake of North Paige,Famous Intersection,"46.9677, 121.3038"
Castle of Woodland,Пляж,"50.1795, -71.1487"
Lake of Lake Jesse,Парк,"68.5225, -151.9837"
Lake of Owenfurt,Пляж,"-66.78, -50.0518"
Castle of New Royberg,Famous Intersection,"48.387, 95.4985"
Park of Port Mia,Природный объект,"68.4919, -125.5435"
Museum of West Ellen,Парк,"52.8999, 57.9728"
Озеро п. Ирбит,Исторический район,"15.1937, -66.2333"
Озеро с. Партизанск,Достопримечательность,"-67.1659, -33.0722"
Castle of Lake Thomasmouth,Достопримечательность,"-35.945, -71.8549"
Castle of Port Stevenland,Mountain Peak,"63.0207, 114.3331"
Замок г. Каменск-Уральский,Public Park,"-45.658, 163.7136"
Музей ст. Шереметьево,Mountain Peak,"-64.8842, -62.8723"
Площадь ст. Волхов,Nature Reserve,"-68.5931, 17.4298"
Museum of New Leahborough,Historic Site,"-69.441, -95.7129"
Park of Youngport,Парк,"-48.0743, 91.3788"
Гора ст. Шатки,Храм,"-59.8641, 95.8485"
Замок ст. Гусь-Хрустальный,Храм,"-30.1762, 35.8409"
Bridge of Bryantown,Исторический район,"62.6696, -53.5956"
Парк г. Ижевск,Public Park,"-11.9277, -114.5495"
Bridge of North Lindsayshire,Beach,"-39.5747, -98.7714"
Lake of North Amberburgh,Public Park,"-52.2306, 132.3048"
Museum of Port Molly,Famous Intersection,"63.5748, -62.4084"
Square of Lisabury,Природный объект,"-8.9054, 143.2058"
Озеро с. Уэлен,Достопримечательность,"43.8461, -68.1655"
Square of Wellsbury,Исторический район,"-49.7378, -107.2294"
Lake of Jessicaborough,Museum,"-45.7058, 57.2527"
Castle of Justinborough,Горнолыжный курорт,"69.1115, 84.3183"
Музей п. Кирово-Чепецк,Парк,"-18.7607, 28.5766"
Lake of New Brenda,Landmark,"-20.3833, -114.0694"
Museum of South Gregorystad,Музей,"-15.9596, 168.6793"
Музей к. Кедровый,Достопримечательность,"27.5088, 11.9807"
Площадь п. Камышин,Famous Intersection,"46.1447, -7.2278"
Castle of Adamton,Природный объект,"51.1422, 103.9468"
Парк д. Новгород Великий,Famous Intersection,"27.5003, -76.8834"
Museum of Melissaton,Famous Intersection,"-57.2937, -75.1046"
Замок клх Воткинск,Nature Reserve,"3.708, -111.9585"
Гора клх Кяхта,Природный объект,"22.2997, -86.0154"
Озеро ст. Тюмень,Храм,"16.1334, 8.1341"
Park of Angelaborough,Горнолыжный курорт,"23.397, 95.1371"
Парк п. Городовиковск,Пляж,"41.004, -54.9498"
Park of East Christineville,Музей,"-32.2655, -0.6566"
Square of Heathermouth,Nature Reserve,"-21.1303, 136.4159"
Lake of South Christineberg,Historic Site,"-58.269, 155.8978"
Castle of Rebeccastad,Mountain Peak,"18.8465, 168.6712"
Гора с. Гдов,Храм,"-53.0528, -40.0013"
Square of Jamesland,Исторический район,"-50.6087, -90.1866"
Square of Harrischester,Парк,"49.4627, 37.262"
Museum of Jaimechester,Historic Site,"55.8792, 48.564"
Замок г. Оренбург,Музей,"-9.0802, -162.6614"
Bridge of Obrienfurt,Храм,"-54.282, -132.4858"
Museum of Hawkinsmouth,Музей,"-1.2794, -49.3211"
Bridge of Port Barbara,Горнолыжный курорт,"-5.303, -57.8347"
Lake of Coxton,Public Park,"-46.6361, -42.6784"
Square of Ericshire,Historic Site,"-50.4991, 95.9816"
Гора г. Озеры,Historic Site,"-51.766, 87.1114"
Парк с. Каргополь,Горнолыжный курорт,"-57.0821, 94.3682"
Castle of Lake Andrew,Исторический район,"-26.6602, -55.213"
Гора к. Елатьма,Mountain Peak,"44.8057, -145.3469"
Площадь клх Мончегорск,Beach,"28.937, -76.5728"
Замок с. Асино,Природный объект,"2.718, -15.7785"
Lake of Port Kendra,Museum,"-33.3885, 23.2648"
Lake of Port Kaylaberg,Достопримечательность,"-34.9164, -99.4994"
Озеро к. Шелагонцы,Beach,"23.3772, -145.8009"
Lake of Lake Nicholas,Исторический район,"12.2587, -109.7317"
Museum of Jasonbury,Museum,"-20.7268, -32.9242"
Замок клх Курган,Mountain Peak,"-67.3887, -61.1798"
Музей клх Петропавловск-Камчатский,Mountain Peak,"1.8461, 35.9288"
Square of Walkerfurt,Достопримечательность,"-37.0743, 46.4072"
Озеро д. Ухта,Public Park,"32.4196, -26.3669"
Lake of Nicholsfort,Достопримечательность,"-6.4135, 130.1171"
Музей п. Архангельск,Природный объект,"-18.3135, 13.2753"
Park of New James,Nature Reserve,"35.0642, 139.8984"
Замок ст. Змеиногорск,Landmark,"-43.6933, 86.4386"
Парк клх Ростов,Горнолыжный курорт,"13.9816, 12.7576"
Парк клх Архангельск,Музей,"62.7799, 68.2245"
Озеро клх Чулым,Природный объект,"-12.6663, 29.8929"
Озеро г. Объячево,Пляж,"-65.3828, 159.5148"
Площадь с. Данков,Beach,"40.3492, -103.1555"
Парк к. Ковров,Достопримечательность,"45.7989, -136.8096"
Замок клх Ачхой Мартан,Museum,"-2.3086, 68.8385"
Замок к. Рязань,Museum,"62.1917, -70.3453"
Bridge of Lambertville,Historic Site,"51.309, -163.9736"
Museum of Connieburgh,Природный объект,"35.8833, -91.7551"
Park of Lake Ryanburgh,Природный объект,"48.7586, -15.5262"
Площадь г. Нижнекамск,Beach,"68.1508, 148.8978"
Bridge of Lake Donaldfort,Исторический район,"2.5122, -0.3113"
Castle of Lake Christopher,Природный объект,"0.0158, 101.8011"
Bridge of Davisshire,Парк,"-48.5286, -143.0446"
Bridge of West Davidland,Пляж,"-18.4836, -25.0534"
Park of East Hectorton,Nature Reserve,"-42.0536, 150.8282"
Square of Josephton,Достопримечательность,"53.9196, -92.921"
Lake of East Michael,Beach,"-10.451, 100.2543"
Castle of Navarromouth,Mountain Peak,"2.7452, 46.7722"
Castle of New Danielleville,Горнолыжный курорт,"-11.0996, -123.2024"
Bridge of Port Valerie,Beach,"-43.971, 122.3819"
Castle of Robbinsview,Beach,"-4.3629, 72.1363"
Museum of West Bradley,Nature Reserve,"46.5047, 93.8453"
Park of West Trevorborough,Museum,"47.7653, -168.8507"
Museum of South Kimberly,Парк,"-26.705, -24.3997"
Музей с. Адлер,Природный объект,"-7.8584, -35.7369"
Square of Taylorshire,Музей,"-62.4304, 134.1081"
Lake of Port Brianaview,Парк,"26.2813, 105.4135"
Museum of New Jameschester,Парк,"31.1674, 147.384"
Площадь г. Кирово-Чепецк,Храм,"-30.593, 108.5041"
Square of Watsonfurt,Исторический район,"40.6638, 158.3479"
Замок д. Советский,Парк,"4.9251, -106.9296"
Замок клх Таштагол,Музей,"-37.4754, 26.5572"
Square of Robertberg,Museum,"28.213, 74.9656"
Парк д. Кировск (Ленин.),Mountain Peak,"-68.652, -103.5886"
Гора с. Дзержинск,Famous Intersection,"-30.8061, -162.7709"
Bridge of Wrightstad,Горнолыжный курорт,"6.6761, 125.181"
Музей к. Тайшет,Храм,"64.8652, 143.5953"
Площадь п. Алапаевск,Горнолыжный курорт,"-65.3589, -12.5712"
Square of Williamland,Исторический район,"-58.4342, -26.9155"
Square of Torresfurt,Исторический район,"-57.9124, 40.5206"
Площадь с. Дубна,Famous Intersection,"-61.6341, 164.2128"
Museum of Lake Lindatown,Public Park,"53.774, 23.1854"
Озеро с. Мытищи,Пляж,"3.84, 63.0201"
Square of North Stephenton,Достопримечательность,"63.8158, 60.1248"
Музей г. Щельяюр,Музей,"-12.5222, -109.7816"
Park of Janeberg,Исторический район,"8.8392, 156.8192"
Square of Mcdonaldville,Храм,"-56.8621, -7.3377"
Bridge of Lake Johnfort,Природный объект,"36.2681, 62.8897"
Парк клх Кировск (Мурм.),Храм,"8.3424, -76.2853"
Гора п. Охотск,Mountain Peak,"48.5064, -57.3844"
Гора к. Гудермес,Храм,"7.2162, -157.1571"
Castle of Tuckershire,Храм,"4.302, -144.4986"
Park of Shawland,Пляж,"22.1821, -160.8879"
Lake of East Timothy,Landmark,"58.5697, -109.3156"
Гора ст. Адлер,Historic Site,"-44.5045, -82.3133"
Lake of Butlerton,Исторический район,"28.1383, -137.7275"
Музей к. Йошкар-Ола,Famous Intersection,"-17.7295, -147.9626"
Square of Perkinston,Исторический район,"21.7961, -21.9266"
Озеро п. Ногинск (Моск.),Достопримечательность,"61.0809, 13.6747"
Парк к. Чокурдах,Beach,"62.1581, -10.0087"
Lake of South Jeffrey,Пляж,"42.3287, 14.5558"
Park of Lake Amanda,Парк,"46.8228, -58.2066"
Площадь г. Сковородино,Museum,"-12.5116, -148.4573"
Castle of West Jennifer,Museum,"0.8569, -161.8792"
Lake of West Monica,Музей,"-43.7033, 9.9991"
Square of Williamsland,Парк,"15.9255, -48.9237"
Bridge of Hardyport,Public Park,"23.3534, -31.3565"
Square of East Angela,Пляж,"-46.3905, -55.8356"
Bridge of South David,Beach,"-41.5663, 18.5242"
Square of North Tyler,Горнолыжный курорт,"-3.0505, 139.0518"
Square of Christinaview,Горнолыжный курорт,"-54.8261, -49.5013"
Castle of Moodystad,Природный объект,"-35.8744, 49.2117"
Lake of South Christopherfurt,Храм,"-58.4334, -87.0351"
Площадь клх Дзержинск,Landmark,"-22.4678, -76.9763"
Музей г. Междуреченский,Музей,"-55.7794, -82.4765"
Замок г. Вологда,Храм,"-54.927, 108.5951"
Музей г. Славгород,Mountain Peak,"-17.9972, 72.3599"
Площадь ст. Теберда,Landmark,"-27.5235, -152.9722"
Парк ст. Обоянь,Museum,"-18.9715, -32.6088"
Square of Randyfurt,Достопримечательность,"1.6617, 35.4967"
Гора ст. Мирный,Historic Site,"45.5156, -137.7295"
Озеро п. Оренбург,Mountain Peak,"16.2432, -11.2813"
Замок д. Холмогоры,Природный объект,"-20.5996, 114.014"
Lake of Banksfurt,Historic Site,"-59.4343, -73.6301"
Castle of Jenniferberg,Landmark,"4.4304, -123.4488"
Museum of Nicolebury,Исторический район,"-38.3385, -52.961"
Castle of Jamiemouth,Museum,"-68.2978, -67.0129"
Гора к. Дмитров,Nature Reserve,"-36.2488, -86.3437"
Square of Carlsonshire,Храм,"26.9796, 167.5753"
Lake of Lake Brandy,Природный объект,"15.1679, -111.5171"
Музей ст. Брянск,Парк,"47.5498, 164.469"
Park of Lake Sean,Природный объект,"28.3299, -57.0907"
Castle of Smithmouth,Музей,"19.322, -34.0495"
Lake of West Anthony,Beach,"-23.0874, -23.9257"
Озеро п. Адыгейск,Музей,"-36.2956, -164.1542"
Museum of North Nicole,Храм,"-51.992, -107.8743"
Lake of Hodgeshire,Достопримечательность,"-68.6113, -108.4139"
Museum of Benjaminfurt,Музей,"16.4758, 98.9995"
Lake of Carlosland,Достопримечательность,"-7.8794, -99.7993"
Museum of Holderview,Public Park,"-56.8679, -102.7776"
Парк ст. Адыгейск,Достопримечательность,"-24.7913, 102.4829"
Park of Tonyberg,Famous Intersection,"41.4953, 2.7266"
Castle of North Jonathanmouth,Landmark,"-14.3586, -58.8797"
Square of Port Kelly,Landmark,"59.1612, 108.8939"
Square of West Maryfort,Museum,"-50.2982, -52.6076"
Парк ст. Холмск,Исторический район,"-19.9605, -110.631"
Музей п. Тихвин,Пляж,"-48.9753, -52.4901"
Museum of Youngtown,Mountain Peak,"30.9106, 162.4227"
Square of Sanchezside,Достопримечательность,"-33.1584, -135.1702"
Озеро г. Дмитров,Пляж,"54.946, -98.6044"
Bridge of North Donnaport,Landmark,"-67.6835, 132.2364"
Castle of Port Davidfurt,Mountain Peak,"-9.8557, 141.2597"
Park of Mooreport,Beach,"-11.6543, 80.9782"
Парк п. Богучар,Парк,"-22.6246, -52.8314"
Bridge of Torresville,Famous Intersection,"32.5639, 134.0661"
Park of Zacharyhaven,Mountain Peak,"-11.6187, -27.9165"
Castle of Christophermouth,Beach,"27.602, 114.5864"
Square of Porterbury,Landmark,"1.7535, -38.9285"
Lake of Martinstad,Пляж,"60.4129, -63.5268"
Square of Robertsview,Храм,"-2.1323, 35.2049"
Square of Port Vickieview,Парк,"0.9597, -18.0933"
Castle of Lake Aaronside,Public Park,"-44.3405, -30.9768"
Lake of Schroederview,Достопримечательность,"-36.0862, 12.8691"
Square of Jasonview,Исторический район,"12.6544, 8.0783"
Museum of Loriton,Парк,"-24.1358, -151.8638"
Парк ст. Железногорск(Курск.),Храм,"-52.9843, 148.9028"
Bridge of South Cassandraland,Горнолыжный курорт,"-49.9171, -57.9288"
Square of New Cameron,Парк,"51.737, -125.1571"
Bridge of West Mauricebury,Mountain Peak,"45.8375, -99.9773"
Площадь к. Валдай,Музей,"25.4483, 159.3555"
Музей клх Волгоград,Храм,"52.5562, -95.0695"
Castle of East Donnahaven,Public Park,"-44.6895, 74.8378"
Museum of South Kimberlychester,Природный объект,"10.0429, 1.6052"
Парк ст. Вендинга,Beach,"69.3882, 106.0547"
Museum of Carrville,Nature Reserve,"-41.3941, -131.4715"
Озеро г. Истра,Парк,"30.1449, -9.9981"
Park of North Kevinmouth,Природный объект,"37.4767, 160.4382"
Музей г. Красноуфимск,Природный объект,"47.8068, -62.2163"
Museum of Kathyburgh,Mountain Peak,"48.6748, -15.769"
Bridge of Guzmanchester,Historic Site,"11.6102, -99.7094"
Гора ст. Александровск,Public Park,"31.7036, -35.1778"
Bridge of Brianfurt,Public Park,"-60.3123, 159.2877"
Lake of South Patricia,Храм,"-43.7388, 91.3064"
Museum of Smithview,Достопримечательность,"67.8563, 85.3644"
Museum of Lewisfort,Природный объект,"-27.8797, -98.8942"
Площадь п. Ряжск,Горнолыжный курорт,"-9.3395, -57.8937"
Замок г. Холмогоры,Museum,"-66.7054, -121.941"
Museum of East Jesse,Исторический район,"35.8247, 41.7838"
Площадь клх Курганинск,Горнолыжный курорт,"37.9417, 20.4612"
Lake of Matthewbury,Beach,"-64.1473, 81.998"
Гора к. Рязань,Historic Site,"60.8959, -156.9666"
Castle of East Robertobury,Famous Intersection,"-20.7334, 91.6094"
Гора с. Нальчик,Museum,"51.8823, 43.6613"
Замок п. Томари,Храм,"-49.8188, -131.6208"
Музей клх Хоста,Landmark,"49.7127, 162.3205"
Castle of Victorside,Горнолыжный курорт,"51.8455, 4.5962"
Площадь клх Гремячинск (Перм.),Пляж,"-8.4081, -58.2761"
Castle of Georgeborough,Парк,"10.4127, -117.0803"
Музей д. Муром,Famous Intersection,"18.4454, 88.4155"
Парк с. Кашира,Природный объект,"27.7243, -0.3288"
Park of New Annaland,Исторический район,"-2.4619, 27.0104"
Озеро ст. Сковородино,Пляж,"29.3855, -95.2072"
Озеро к. Кирово-Чепецк,Парк,"38.478, -101.3408"
Гора г. Кетченеры,Mountain Peak,"35.5461, 100.548"
Castle of Port Edwardstad,Historic Site,"29.5795, -38.1185"
Castle of East Beverly,Достопримечательность,"-69.3095, -123.1478"
Озеро п. Алексин,Парк,"31.123, 55.8555"
Озеро к. Ярославль,Nature Reserve,"-27.2768, -64.3056"
Озеро клх Мыс Шмидта,Пляж,"15.3625, -149.4303"
Museum of West Tara,Mountain Peak,"-9.3209, -164.2631"
Park of West Madisonmouth,Nature Reserve,"41.8125, 113.1886"
Museum of Shawntown,Храм,"24.579, 168.3867"
Park of Port Carlport,Достопримечательность,"4.1456, -47.1363"
Square of Lake Catherineborough,Природный объект,"7.7351, -164.6808"
Lake of Brettmouth,Public Park,"13.9932, 16.6603"
Bridge of Garciachester,Historic Site,"-24.4867, -125.5231"
Lake of Port Chase,Храм,"4.3365, -148.2101"
Square of North Christine,Museum,"-2.5486, -102.1268"
Museum of East Elizabethburgh,Mountain Peak,"26.0495, -58.8716"
Square of South Angel,Museum,"-30.3237, -121.2005"
Замок д. Голицыно,Museum,"52.8334, -137.56"
Square of Lake Christian,Mountain Peak,"56.5048, 25.3308"
Bridge of Melissafort,Природный объект,"43.1653, -14.6699"
Castle of East Joseph,Museum,"12.1705, 28.8729"
Площадь с. Южно-Курильск,Mountain Peak,"19.9529, -38.6609"
Museum of West Rachaelberg,Горнолыжный курорт,"57.973, 120.4363"
Парк к. Певек,Природный объект,"18.539, 103.3619"
Square of Nicoleview,Горнолыжный курорт,"67.6164, -151.1879"
Озеро клх Владивосток,Public Park,"-64.6109, -68.1947"
Lake of South Carriestad,Храм,"-58.7254, -56.7463"
Castle of North Brianton,Museum,"58.7372, 31.9852"
Площадь п. Ковров,Mountain Peak,"6.4873, -120.8348"
Lake of North Davidshire,Historic Site,"-61.6382, 51.5397"
Museum of Hurstbury,Museum,"-14.4886, -78.8029"
Square of Hunthaven,Museum,"-2.6456, -47.74"
Park of East Karenstad,Famous Intersection,"-56.5857, -128.0332"
Castle of West Cherylville,Beach,"-23.6551, 13.3857"
Castle of West Mark,Famous Intersection,"59.1892, -125.7078"
Park of Duncanchester,Nature Reserve,"-49.3829, -55.9821"
Парк клх Губкин,Пляж,"-33.255, -111.4538"
Музей д. Переславль-Залесский,Nature Reserve,"-63.5034, 131.6727"
Lake of Kyletown,Mountain Peak,"0.6996, 52.0402"
Lake of West Kevin,Landmark,"-37.2095, -24.566"
Castle of Susanchester,Nature Reserve,"-62.4991, -79.4418"
Замок г. Ахтубинск,Пляж,"-38.9098, -34.4527"
Square of East Williamfort,Famous Intersection,"-31.8928, -20.206"
Square of Stevenberg,Исторический район,"-59.1722, -122.8603"
Lake of Lake Michael,Mountain Peak,"28.1105, 138.3259"
Озеро к. Ялуторовск,Famous Intersection,"-63.3409, -142.5122"
Castle of Johnsonchester,Пляж,"35.7738, -70.8149"
Площадь г. Данков,Mountain Peak,"-57.6296, 118.3984"
Парк д. Санкт-Петербург,Famous Intersection,"31.6808, 102.6754"
Park of West Nicholasport,Historic Site,"-11.3697, -90.5937"
Музей к. Муравленко,Mountain Peak,"-31.8116, 28.2233"
Square of New Chloe,Достопримечательность,"-29.2456, -115.5676"
Park of Gregoryburgh,Парк,"49.2369, 142.6376"
Castle of Stephaniechester,Музей,"-23.6087, -122.7536"
Парк п. Рославль,Public Park,"14.5292, -165.81"
Bridge of North Tracey,Museum,"-67.7394, 110.571"
Bridge of Jeffville,Исторический район,"-30.1749, -119.5197"
Площадь ст. Ижевск,Достопримечательность,"-67.2403, -158.3517"
Park of Barbaraville,Museum,"51.5852, 110.9214"
Площадь д. Калуга,Nature Reserve,"35.9814, -7.9016"
Castle of Natashafurt,Пляж,"49.9245, -41.4818"
Парк клх Темрюк,Горнолыжный курорт,"37.2974, 13.5778"
Square of Johnsonbury,Historic Site,"-63.7794, -69.3298"
Bridge of North Alexander,Beach,"-67.0152, -10.9144"
Square of Frederickville,Храм,"-55.88, -8.4448"
Bridge of Robinsonchester,Достопримечательность,"12.25, 26.4736"
Park of Davisbury,Природный объект,"-63.5512, -109.2004"
Lake of Samanthashire,Museum,"17.6545, -121.8703"
Square of Johnshire,Famous Intersection,"34.8662, -19.4607"
Lake of Port James,Landmark,"50.5986, 49.9757"
Гора п. Александровск-Сахалинский,Горнолыжный курорт,"-30.4005, -0.3476"
Bridge of New Jamesview,Музей,"17.2082, -109.3292"
Гора к. Нарткала,Парк,"-36.8596, 140.7652"
Музей клх Калуга,Парк,"69.7049, -17.5428"
Lake of Diazview,Пляж,"6.738, -106.6466"
Museum of Martinborough,Парк,"-58.2541, 9.2912"
Музей с. Невьянск,Исторический район,"-66.3054, 69.0549"
Park of New Rebecca,Горнолыжный курорт,"-3.5581, 103.4185"
Castle of New Ellen,Достопримечательность,"10.3321, -37.8643"
Square of Kennedyshire,Nature Reserve,"61.938, 85.992"
Castle of East Hollyberg,Mountain Peak,"-3.1074, 118.3721"
Museum of North Davidside,Пляж,"-54.212, -99.7926"
Museum of Port Tracey,Famous Intersection,"9.936, -135.6731"
Bridge of Port Ryanmouth,Горнолыжный курорт,"-65.5394, -47.6341"
Castle of South John,Famous Intersection,"-55.8602, 106.9663"
Lake of East Alyssa,Nature Reserve,"54.7441, 40.6174"
Bridge of South Sandra,Парк,"-49.4419, -8.4578"
Park of Scottchester,Public Park,"48.0008, -142.8589"
Museum of Ginaside,Historic Site,"8.6115, -139.0512"
Гора д. Усть-Калманка,Historic Site,"-3.304, -14.4467"
Museum of East Jamesstad,Парк,"39.8575, 6.1523"
Lake of Robertfurt,Парк,"-34.5294, 52.7572"
Bridge of Port Katherine,Природный объект,"-16.3365, 115.7246"
Museum of Gregoryton,Famous Intersection,"21.7456, 72.2246"
Square of Patelview,Пляж,"-45.2062, 61.1145"
Bridge of South Erikahaven,Historic Site,"-69.4167, 92.255"
Park of Jessestad,Landmark,"-27.2571, -7.2823"
Castle of West Rebecca,Nature Reserve,"44.6741, 118.1349"
Замок клх Обоянь,Парк,"-4.7663, 32.1612"
Озеро г. Геленджик,Landmark,"-11.9616, 128.421"
Музей ст. Фатеж,Public Park,"-3.6691, 92.4001"
Bridge of Williamschester,Landmark,"-52.1432, 71.7819"
Гора д. Стерлитамак,Музей,"32.641, 78.949"
Парк ст. Петушки,Достопримечательность,"30.3871, -8.0836"
Square of Wendyside,Музей,"8.0229, 110.873"
Озеро к. Кулу,Музей,"16.7125, 21.7535"
Озеро п. Королев,Landmark,"20.5037, 48.5428"
Park of East Lorrainestad,Горнолыжный курорт,"-43.5415, 101.9627"
Museum of New Kimberlyport,Beach,"-33.5748, -49.0094"
Square of Perezburgh,Исторический район,"39.6185, 100.5029"
Парк ст. Россошь,Горнолыжный курорт,"18.8309, -133.8771"
Площадь ст. Тамбей,Достопримечательность,"-21.2617, -27.2773"
Bridge of West Tammy,Beach,"16.8471, 89.3436"
Озеро клх Тихорецк,Пляж,"-51.1849, 24.7325"
Castle of Avilaside,Beach,"-32.3753, 63.6002"
Lake of South Michaelchester,Музей,"-4.786, 64.8557"
Озеро г. Уссурийск,Landmark,"43.1635, -34.4839"
Замок ст. Ирбит,Исторический район,"69.4085, 7.2935"
Lake of Moralesborough,Исторический район,"66.1065, -142.3436"
Park of Lake Robert,Пляж,"-28.4401, 136.1144"
Museum of Lake Marcview,Природный объект,"-59.8735, 169.0379"
Lake of Baileymouth,Public Park,"65.0785, 135.3556"
Park of Brandonville,Природный объект,"43.7354, -125.7496"
Park of Dianeton,Beach,"23.0386, -43.2164"
Музей ст. Архыз,Public Park,"-45.5043, 46.1314"
Museum of Davidbury,Достопримечательность,"-46.5885, 106.1452"
Castle of Porterstad,Пляж,"6.571, -164.6334"
Castle of Porterside,Природный объект,"53.4693, -20.3585"
Castle of Gutierrezfort,Famous Intersection,"-5.095, -54.1899"
Парк клх Шатура,Пляж,"-64.2568, 41.592"
Гора с. Волгоград,Храм,"15.2343, -65.3127"
Park of North Cynthiabury,Достопримечательность,"-32.9255, -26.6991"
Парк д. Тымовское,Mountain Peak,"-62.923, -67.6139"
Гора к. Черский,Museum,"2.9366, 87.2054"
Музей клх Шадринск,Музей,"-32.3713, 69.1317"
Парк г. Шенкурск,Public Park,"-2.3099, 32.932"
Замок г. Видное,Пляж,"-48.3035, 37.3147"
Площадь ст. Буденновск,Nature Reserve,"-28.8505, 19.0366"
Музей ст. Курумкан,Достопримечательность,"61.4884, 81.855"
Square of Nicholasfurt,Famous Intersection,"12.4511, 20.6135"
Bridge of Ortegatown,Пляж,"45.8988, -160.2139"
Bridge of Lake Mitchell,Nature Reserve,"11.2604, -66.5932"
Park of Port Joseph,Historic Site,"3.1437, 54.334"
Музей с. Радужный,Храм,"22.9843, 82.4629"
Lake of Kellyfurt,Горнолыжный курорт,"-38.7422, -132.1701"
Bridge of Camposmouth,Горнолыжный курорт,"47.8557, 149.482"
Museum of Port Ashlee,Пляж,"65.8479, -86.1263"
Площадь ст. Губаха,Исторический район,"-32.8258, -141.9456"
Park of West Ericborough,Museum,"53.7048, 167.5391"
Castle of South Hannah,Historic Site,"-4.3232, 32.0379"
Музей к. Лабинск,Пляж,"-34.0945, -29.9624"
Замок п. Белоярский,Famous Intersection,"27.7305, -133.7038"
Lake of Shafferland,Nature Reserve,"-11.5266, 17.2528"
Площадь к. Звенигород,Природный объект,"56.3548, 65.2879"
Озеро к. Агата,Исторический район,"57.8477, 24.9854"
Museum of Kimshire,Достопримечательность,"24.7995, -35.7793"
Гора к. Ханты-Мансийск,Музей,"1.1389, -109.4654"
Lake of Christianstad,Nature Reserve,"24.6617, 119.5158"
Castle of East Michael,Парк,"-22.517, -156.7771"
Square of Mclaughlinmouth,Nature Reserve,"-19.9379, 64.4169"
Замок клх Амурск,Landmark,"-69.6345, -121.5341"
Площадь с. Пушкинские Горы,Природный объект,"41.0011, 95.7024"
Музей с. Шуя,Достопримечательность,"-9.5567, 54.487"
Museum of East Jamesstad,Пляж,"59.211, 73.5221"
Lake of Amyfort,Public Park,"3.9564, 15.5472"
Square of West Johnathanstad,Mountain Peak,"53.0408, 85.6943"
Park of Damonbury,Достопримечательность,"-44.6454, 100.8982"
Park of Port Tracy,Достопримечательность,"24.0275, 29.3984"
Lake of Port Vincentfurt,Достопримечательность,"19.2616, -136.7006"
Гора клх Каргасок,Храм,"27.4146, -126.7141"
Bridge of Suarezfort,Public Park,"2.396, 128.9345"
Square of Trevinohaven,Пляж,"-51.7078, 136.4054"
Park of East Caroline,Public Park,"49.9204, -12.2393"
Озеро с. Печора,Beach,"-2.98, -44.2007"
Museum of West Pamelashire,Храм,"9.3979, 50.8447"
Park of Thomasmouth,Исторический район,"61.8137, 71.3364"
Замок клх Чехов,Достопримечательность,"-59.7028, -14.7176"
Замок ст. Ершов,Famous Intersection,"65.5835, 20.6839"
Bridge of Mikaylaville,Mountain Peak,"16.7376, 78.9678"
Castle of Anthonyview,Достопримечательность,"2.7323, 88.2208"
Lake of Michaeltown,Достопримечательность,"51.9715, -159.0952"
Гора п. Рязань,Beach,"-17.0832, 117.8722"
Гора п. Пятигорск,Горнолыжный курорт,"-63.0375, 28.5579"
Lake of East Julieburgh,Парк,"-7.7991, 132.5608"
Музей д. Усть-Ишим,Парк,"49.8461, 160.9076"
Bridge of Port Emily,Historic Site,"-8.9035, -45.0976"
Museum of Melindafurt,Исторический район,"12.8319, -123.2586"
Castle of Stephenton,Nature Reserve,"-5.3946, 114.2599"
Музей п. Тутаев,Достопримечательность,"-54.1332, -12.2713"
Museum of Smithside,Природный объект,"28.5809, 1.7746"
Square of Fergusonhaven,Пляж,"-4.0059, 153.7584"
Музей с. Осташков,Famous Intersection,"13.2414, -96.1955"
Замок клх Калевала,Historic Site,"51.7063, -43.0983"
Park of Lake Lonnie,Mountain Peak,"-14.2278, -99.2041"
Park of Nelsonside,Nature Reserve,"-37.1387, -6.4151"
Square of East Debra,Храм,"69.9855, -63.0866"
Lake of Jasminefort,Beach,"-65.799, -21.6689"
Гора г. Шали,Горнолыжный курорт,"54.6292, 166.0064"
Museum of Ramirezchester,Famous Intersection,"-40.9636, -129.4862"
Bridge of East Travis,Природный объект,"62.044, 72.124"
Озеро д. Колпашево,Исторический район,"55.933, 168.2503"
Музей п. Кондопога,Парк,"39.29, 90.9836"
Замок клх Балтийск,Mountain Peak,"39.9821, 99.5896"
Lake of Hicksside,Museum,"51.7026, 40.6474"
Bridge of Lake Sarahhaven,Historic Site,"-33.1686, -125.9918"
Park of Virginiaville,Природный объект,"-25.725, -3.5938"
Bridge of Sanchezborough,Пляж,"-33.7147, 113.983"
Castle of West Stephen,Beach,"-58.1385, 127.8242"
Музей д. Лотошино,Исторический район,"-51.412, 140.3586"
Park of New Douglas,Парк,"65.6411, 33.5286"
Замок клх Кунгур,Исторический район,"-9.0724, -152.9591"
Castle of South Kurt,Museum,"19.8, -25.3697"
Парк к. Сеймчан,Museum,"-0.6572, -104.5988"
Park of Coxhaven,Beach,"25.9931, -40.3218"
Museum of North Eric,Museum,"47.2758, -69.7142"
Square of Hoganstad,Beach,"10.5721, 132.5951"
Музей с. Кызыл,Historic Site,"-62.8611, -132.7989"
Square of East Franciscoside,Landmark,"60.5078, -88.4902"
Lake of Port Anthony,Исторический район,"-6.3409, 131.2295"
Park of New Donaldville,Mountain Peak,"-30.0118, -99.0275"
Парк д. Ступино,Historic Site,"-51.3416, 155.0526"
Bridge of Zacharyfurt,Музей,"-39.7396, -75.6311"
Гора с. Кировск (Ленин.),Landmark,"5.4071, -109.085"
Park of East Shannonport,Храм,"14.3172, 128.2883"
Park of Lake Tylerhaven,Famous Intersection,"60.7173, -19.9875"
Замок д. Калачинск,Исторический район,"-24.9102, 136.8792"
Гора д. Североуральск,Famous Intersection,"8.1183, 51.5338"
Музей с. Химки,Landmark,"-28.191, 85.2293"
Bridge of Port Jeffrey,Достопримечательность,"-31.5281, -142.2032"
Музей д. Ачхой Мартан,Museum,"34.0204, 51.5651"
Музей г. Щелково,Горнолыжный курорт,"-53.0013, -42.1674"
Замок п. Палана,Музей,"29.5176, 151.9337"
Bridge of Jamiemouth,Природный объект,"-65.47, -11.2708"
Музей к. Морозовск,Historic Site,"37.2629, -110.6846"
Bridge of Jenniferhaven,Mountain Peak,"59.1216, -95.0257"
Square of Nathanhaven,Beach,"-4.3717, -19.6281"
Museum of Charlesstad,Храм,"51.608, 15.28"
Площадь д. Фатеж,Mountain Peak,"-23.4024, 8.3687"
Museum of East Adriennechester,Храм,"55.8973, -78.4553"
Lake of Sandersburgh,Природный объект,"21.6185, -54.3065"
Гора п. Ишим,Достопримечательность,"4.4853, -105.7112"
Museum of Simmonston,Beach,"10.2344, -77.9537"
Гора п. Боровск,Beach,"-27.4727, 6.86"
Площадь к. Карачаевск,Museum,"-65.8049, -158.8441"
Гора ст. Ульяновск,Mountain Peak,"-33.3823, 144.7677"
Square of Port Jessica,Достопримечательность,"64.6232, 153.7747"
Bridge of North Jennifer,Горнолыжный курорт,"-29.1262, -101.1306"
Square of South Michael,Горнолыжный курорт,"-44.8488, -54.2318"
Castle of Garciashire,Природный объект,"41.7293, 158.3967"
Площадь клх Усть-Кулом,Храм,"14.9415, -33.8545"
Озеро д. Нарым,Исторический район,"-29.2797, 19.7265"
Park of Mullinston,Исторический район,"-11.9303, 21.2565"
Замок ст. Тулпан,Исторический район,"22.419, 148.5515"
Park of South Andrea,Museum,"41.014, 33.7227"
Museum of Brianland,Достопримечательность,"-24.7224, -25.1734"
Park of Millermouth,Пляж,"50.4417, -151.6141"
Park of Kevinside,Beach,"-69.7505, -133.9026"
Парк к. Гусь-Хрустальный,Historic Site,"-17.3927, -134.1602"
Park of Kimfurt,Музей,"-47.6853, 144.4593"
Музей клх Нижневартовск,Landmark,"24.4023, -108.1579"
Гора п. Листвянка (Иркут.),Горнолыжный курорт,"62.5292, 2.0288"
Museum of Emmafurt,Парк,"22.0495, -143.6231"
Square of Thomasshire,Храм,"-40.0809, -106.2547"
Square of Lake Tracifurt,Museum,"-42.6096, -49.2821"
Lake of Wattsland,Mountain Peak,"51.1356, -36.7006"
Square of South Lisaview,Природный объект,"18.2806, -140.1022"
Парк г. Ирбит,Landmark,"-9.7671, 73.163"
Lake of Alisonchester,Museum,"-14.6146, -85.4729"
Озеро с. Льгов,Beach,"62.0141, -11.8542"
Square of South Jenniferville,Природный объект,"21.3699, 20.8415"
Замок д. Новосибирск,Museum,"-44.0535, 150.5794"
Гора ст. Камышин,Музей,"17.5918, -75.9175"
Museum of Christinatown,Парк,"-5.9685, 107.4709"
Площадь г. Кущевская,Famous Intersection,"1.5211, -24.1322"
Парк с. Пенза,Historic Site,"35.3774, -127.9833"
Lake of Lake Randyland,Природный объект,"-67.143, 76.0758"
Парк д. Юровск,Достопримечательность,"19.5621, 5.6944"
Музей клх Курск,Горнолыжный курорт,"67.1239, -150.2884"
Park of Jonesburgh,Public Park,"-41.1587, 113.3867"
Park of New Kristy,Горнолыжный курорт,"38.842, 6.9197"
Park of Garyberg,Музей,"-13.6262, -94.751"
Замок ст. Сунтар,Исторический район,"-34.8152, 66.5238"
Castle of East Christopher,Beach,"-42.5109, 149.9282"
Гора ст. Тында,Горнолыжный курорт,"-30.4811, 12.2601"
Lake of West Taylor,Пляж,"-48.2853, 4.0889"
Гора к. Пинега,Исторический район,"67.0902, 68.0275"
Square of Hughesport,Горнолыжный курорт,"3.1804, 109.7457"
Castle of New Deborah,Beach,"19.2526, -16.1944"
Castle of West Daniellebury,Достопримечательность,"55.5325, 154.411"
Bridge of West Karl,Пляж,"-24.6541, 30.932"
Park of Port Kathybury,Beach,"-61.9461, 60.874"
Музей п. Ревда (Сверд.),Historic Site,"23.9058, -129.2205"
Museum of Petersonhaven,Beach,"37.5498, 41.0848"
Park of Torresmouth,Beach,"-49.7858, 110.5061"
Площадь с. Старый Оскол,Nature Reserve,"-17.3551, -119.6602"
Озеро д. Катайск,Nature Reserve,"35.1551, 95.2735"
Музей п. Александровск-Сахалинский,Парк,"-12.0097, -32.9859"
Озеро д. Качканар,Исторический район,"4.8337, 76.1816"
Castle of Port Michael,Beach,"-40.9135, -57.9114"
Castle of East Samantha,Достопримечательность,"3.345, -51.0155"
Castle of Danaland,Landmark,"25.2465, 9.2527"
Museum of North Davidview,Mountain Peak,"59.708, -135.5469"
Lake of North William,Historic Site,"23.8415, 134.2243"
Lake of North Jared,Nature Reserve,"-46.0157, -23.9565"
Площадь ст. Верхнее Пенжино,Museum,"-10.4024, -111.0286"
Park of Robertberg,Mountain Peak,"-57.948, 98.5725"
Bridge of East Mariah,Природный объект,"-12.4858, 151.9432"
Square of Morganshire,Mountain Peak,"60.6229, 124.7759"
Озеро к. Кетченеры,Historic Site,"-12.7026, -127.1913"
Замок п. Усть-Баргузин,Beach,"62.7041, 107.391"
Озеро к. Шенкурск,Музей,"-61.4728, -116.6451"
Замок к. Быково (метеост.),Исторический район,"59.833, 126.952"
Castle of West Katherine,Храм,"60.8457, -126.5198"
Park of Lake Christopherstad,Пляж,"33.5339, -2.0954"
Озеро г. Заводоуковск,Музей,"63.701, -156.8992"
Площадь д. Елатьма,Nature Reserve,"42.209, -7.9128"
Lake of East Elizabethport,Public Park,"-34.3505, -131.2453"
Парк клх Шарья,Public Park,"40.4625, -89.638"
Square of Port Ericbury,Храм,"5.3633, 89.7325"
Square of West Ronniefort,Historic Site,"-0.8474, -29.2117"
Lake of Buckleyville,Landmark,"61.771, 144.3914"
Bridge of Leeview,Nature Reserve,"23.164, -92.9895"
Lake of Lake Taylorfort,Mountain Peak,"6.0736, 87.8526"
Bridge of North Jasonberg,Пляж,"-53.0773, 115.3461"
Castle of North Misty,Горнолыжный курорт,"-49.7546, 61.0986"
Park of South Nicole,Парк,"54.8426, -99.4183"
Castle of East Christopher,Historic Site,"-7.6955, -27.1621"
Замок д. Приморско-Ахтарск,Музей,"58.8275, -146.2069"
Парк с. Биробиджан,Пляж,"-64.038, -131.9797"
Museum of Leonchester,Горнолыжный курорт,"36.5197, 34.9953"
Гора ст. Уссурийск,Парк,"4.0749, 165.6732"
Museum of Jonesburgh,Природный объект,"65.0856, 10.8032"
Площадь клх Щельяюр,Пляж,"46.598, -109.9136"
Озеро к. Анапа,Mountain Peak,"-8.6341, -3.8025"
Bridge of South Jose,Mountain Peak,"9.0482, 52.0205"
Парк п. Бирск,Природный объект,"-23.8142, -92.4111"
Озеро ст. Петропавловск-Камчатский,Public Park,"-26.866, -60.7758"
Замок г. Клин,Beach,"-37.9314, -24.676"
Замок д. Троицк (Челяб.),Public Park,"-32.7041, 49.6239"
Площадь ст. Любань,Museum,"-69.3856, -126.7885"
Замок ст. Шенкурск,Музей,"-49.2318, -103.3889"
Замок ст. Щельяюр,Public Park,"36.6224, -166.9421"
Музей п. Белорецк,Famous Intersection,"48.3408, 161.9823"
Замок ст. Беслан,Храм,"-0.3522, -39.059"
Гора клх Кизилюрт,Достопримечательность,"33.1208, -108.2921"
Парк клх Туапсе,Mountain Peak,"23.7883, 36.1189"
Square of South Marcmouth,Пляж,"-52.5429, -135.0382"
Square of Nathantown,Музей,"53.7553, 168.5209"
Park of North Katrinastad,Природный объект,"22.4458, -66.8384"
Музей д. Чехов,Nature Reserve,"-7.949, -164.8056"
Lake of Rodriguezland,Beach,"-5.3798, -162.9538"
Square of Adamsstad,Пляж,"41.5866, 28.5436"
Гора г. Петрозаводск,Museum,"21.533, -63.0254"
Castle of Amyview,Пляж,"-52.2727, -12.9974"
Square of Dylanbury,Landmark,"-20.2645, 47.0896"
Bridge of Heatherbury,Храм,"-18.2229, 8.2761"
Square of Port Jamesbury,Горнолыжный курорт,"-10.1308, 166.2964"
Bridge of Andrewberg,Beach,"-3.5523, -139.5818"
Музей д. Каргасок,Famous Intersection,"-60.7207, 141.3715"
Площадь с. Кажим,Достопримечательность,"38.917, -29.9241"
Bridge of Jesseton,Храм,"69.2739, 18.0251"
Park of East Seanside,Historic Site,"-50.9532, -133.859"
Square of West Stephanie,Public Park,"-13.9215, -29.9464"
Museum of Harrisshire,Nature Reserve,"18.8982, -79.873"
Castle of Turnerborough,Храм,"-68.3269, -95.6975"
Замок п. Магас,Пляж,"-5.2248, 157.3384"
Музей клх Калининград,Исторический район,"1.7637, 123.6537"
Lake of South Robertview,Пляж,"63.0043, -62.0352"
Площадь д. Воркута,Public Park,"-13.1054, 57.2628"
Музей с. Азов (Рост.),Nature Reserve,"-45.1299, 143.3718"
Bridge of South Suzannetown,Historic Site,"-67.8937, 126.0435"
Озеро г. Кулунда,Famous Intersection,"-58.1009, -86.972"
Площадь г. Териберка,Historic Site,"45.0917, 37.8915"
Castle of Port Julie,Historic Site,"57.5275, -130.9196"
Площадь п. Моршанск,Достопримечательность,"59.4736, -41.9253"
Площадь ст. Торжок,Nature Reserve,"58.1066, -112.6913"
Гора п. Санкт-Петербург,Famous Intersection,"67.0427, 72.5647"
Музей д. Туруханск,Музей,"31.5316, 65.741"
Castle of West Devin,Public Park,"39.5533, 1.4506"
Bridge of Lake Carolynstad,Landmark,"-62.1714, -113.4532"
Гора к. Кяхта,Museum,"-4.88, -44.8158"
Площадь к. Уэлен,Музей,"-35.5981, 116.9913"
Museum of Harrellburgh,Горнолыжный курорт,"23.2812, 136.1561"
Парк ст. Ямбург,Public Park,"-53.319, 62.9964"
Гора п. Кашхатау,Храм,"-9.3844, 65.2549"
Парк г. Данков,Исторический район,"15.4299, -78.8008"
Museum of Vincentmouth,Beach,"14.3403, -84.3088"
Park of Elizabethstad,Mountain Peak,"6.6287, 118.3877"
Museum of North Bradborough,Достопримечательность,"12.5696, 125.3042"
Замок к. Ясный (Оренб.),Достопримечательность,"-52.2236, 165.1985"
Парк ст. Пенза,Beach,"-66.7819, -103.53"
Square of Taylorport,Historic Site,"6.7894, 146.4428"
Square of Colleenstad,Храм,"-1.3047, 121.0843"
Lake of Pooleborough,Пляж,"-2.0614, 4.3272"
Замок д. Шахты,Famous Intersection,"-15.4717, 4.8586"
Park of Jasontown,Достопримечательность,"61.8936, -119.0814"
Bridge of Lake Sergiomouth,Mountain Peak,"53.4769, -79.5783"
Гора клх Кущевская,Nature Reserve,"61.9295, 152.0164"
Bridge of Carrollview,Храм,"-16.3474, 71.7102"
Bridge of East Steven,Museum,"65.9831, 168.63"
Парк д. Палана,Museum,"25.1088, -108.7822"
Square of North Matthewmouth,Historic Site,"-60.1539, 54.0225"
Замок к. Цимлянск,Mountain Peak,"-36.1496, 45.0902"
Park of North Jared,Храм,"-24.4686, -35.4445"
Square of New David,Музей,"-55.2838, 60.0844"
Museum of Aguirrehaven,Достопримечательность,"-4.4859, 89.582"
Музей клх Хоста,Пляж,"22.7046, -68.9032"
Озеро п. Теберда,Храм,"0.1, -153.3579"
Bridge of Hoganbury,Historic Site,"-61.1213, -21.982"
Castle of North Thomas,Достопримечательность,"-58.1107, 73.2997"
Park of West Kimberly,Nature Reserve,"-7.7112, 140.6561"
Square of Nguyenshire,Горнолыжный курорт,"-25.2507, 22.8594"
Square of Richardsville,Природный объект,"17.6582, 43.1305"
Гора клх Малгобек,Парк,"-29.7852, -65.8299"
Park of North Patricia,Beach,"17.5452, 154.2778"
Музей к. Междуреченский,Famous Intersection,"57.0202, -60.2932"
Park of Peterborough,Достопримечательность,"-24.8495, -36.2111"
Museum of South Monica,Public Park,"1.9604, -9.3252"
Park of East Latoya,Public Park,"-52.3559, -133.8966"
Музей ст. Лабытнанги,Famous Intersection,"-8.6275, 140.8474"
Озеро д. Палана,Landmark,"25.2333, 3.8289"
Lake of West Amanda,Mountain Peak,"-67.2859, 111.5399"
Замок д. Белокуриха,Природный объект,"-62.3983, 153.5523"
Lake of Port Joshua,Museum,"11.2142, 141.5172"
Замок к. Кандалакша,Landmark,"-27.1719, 161.2277"
Музей к. Малгобек,Famous Intersection,"-31.611, -81.7192"
Park of Laurenville,Historic Site,"-45.837, -61.2377"
Lake of Deanbury,Исторический район,"67.5582, -140.8845"
Square of Port Hannahbury,Парк,"15.1361, -12.3828"
Lake of Port Gerald,Public Park,"30.997, 166.2491"
Площадь ст. Сибай,Исторический район,"11.7535, -137.1412"
Замок клх Видное,Historic Site,"-62.0452, -164.245"
Lake of North Melissa,Nature Reserve,"47.1952, 98.9329"
Парк г. Воронеж,Парк,"-4.154, -7.8955"
Озеро с. Невинномысск,Historic Site,"20.0559, -43.6853"
Lake of East Rachelview,Горнолыжный курорт,"-18.0855, -26.322"
Park of North Lindsey,Public Park,"53.3898, 154.334"
Парк клх Миасс,Пляж,"-63.0279, 97.3842"
Замок к. Гусь-Хрустальный,Горнолыжный курорт,"61.3591, -48.0613"
Гора п. Дивногорск,Достопримечательность,"-1.3467, 167.4794"
Lake of East Sarah,Nature Reserve,"9.0406, 107.6547"
Museum of Susanton,Исторический район,"-46.7991, 134.9562"
Озеро клх Токсово,Парк,"-20.4037, -90.8931"
Озеро клх Салехард,Historic Site,"67.087, 107.9559"
Замок п. Усть-Ордынский,Храм,"-12.733, 167.2206"
Square of Lake Jesse,Исторический район,"5.8002, -36.4207"
Bridge of South Davidview,Landmark,"-59.6255, -47.8144"
Park of West Marthaport,Достопримечательность,"66.374, 82.3378"
Lake of Alexanderside,Mountain Peak,"-31.5088, -47.7637"
Lake of Garyhaven,Природный объект,"9.1437, -24.3617"
Museum of Lake Kathleenhaven,Горнолыжный курорт,"65.6834, 49.914"
Museum of Morganport,Храм,"14.2978, -81.267"
Замок п. Корсаков,Historic Site,"59.3931, 128.9472"
Bridge of Lake Brandiville,Музей,"26.7227, 114.35"
Гора п. Осташков,Достопримечательность,"-66.6993, -154.3434"
Lake of Marshallville,Музей,"-58.7216, 103.3663"
Площадь к. Ханты-Мансийск,Public Park,"-3.4694, 83.6876"
Площадь г. Саров (Морд.),Музей,"6.7991, 22.6343"
Гора клх Саянск,Парк,"57.2302, 151.3452"
Museum of Johnnyhaven,Landmark,"10.5003, 87.0323"
Bridge of Youngport,Пляж,"-36.9525, 29.2961"
Square of Cherylview,Nature Reserve,"-64.7824, -67.4601"
Площадь ст. Каспийск,Пляж,"29.4095, 124.059"
Museum of Annview,Public Park,"-18.5067, -48.9474"
Площадь д. Бомнак,Nature Reserve,"-35.5808, 64.6506"
Park of Lake Tonybury,Горнолыжный курорт,"-16.8061, 47.1965"
Castle of Lisaport,Музей,"29.6404, 54.6695"
Park of Martinezberg,Museum,"-17.6971, -115.7822"
Lake of Christopherview,Достопримечательность,"-12.1302, -89.8534"
Lake of Port John,Beach,"-17.5203, -3.5914"
Парк ст. Рыльск,Пляж,"-28.1295, 27.4157"
Парк клх Гремячинск (Бурят.),Historic Site,"-64.5628, -54.8893"
Museum of West Brittneybury,Landmark,"61.463, -3.3715"
Bridge of Hickmanside,Mountain Peak,"63.6444, 65.8577"
Square of Lake Todd,Landmark,"60.9438, -132.7389"
Bridge of East Lori,Парк,"69.85, 134.9764"
Парк п. Курганинск,Горнолыжный курорт,"-36.7641, -142.3944"
Lake of Madisonmouth,Museum,"-1.483, -87.1621"
Замок г. Руза,Public Park,"-13.7131, -108.1377"
Castle of South Meganside,Природный объект,"-32.5191, 107.9783"
Castle of Smithtown,Храм,"17.478, -4.0189"
Lake of North Ryanfurt,Парк,"-10.6058, -63.8295"
Площадь п. Домодедово,Горнолыжный курорт,"-36.3354, -88.3433"
Гора ст. Яшалта,Пляж,"-44.856, 78.1373"
Square of New Annaland,Public Park,"12.0483, 154.5582"
Lake of Danielleside,Горнолыжный курорт,"11.101, -162.4748"
Площадь г. Губаха,Nature Reserve,"56.9911, 45.2287"
Парк клх Вуктыл,Historic Site,"-19.4313, -106.8221"
Гора клх Одинцово,Famous Intersection,"-4.2569, -113.6455"
Square of Port Misty,Исторический район,"7.5048, -160.4524"
Музей клх Жуковский,Парк,"-33.6069, -132.4014"
Bridge of Virginiamouth,Парк,"27.3285, -151.9527"
Площадь с. Зеленоград,Достопримечательность,"13.5215, 137.8802"
Lake of South Peterland,Historic Site,"63.1917, 3.9433"
Bridge of Johnsonton,Historic Site,"-11.9903, 136.9469"
Park of West Derekmouth,Nature Reserve,"-20.5655, 57.0067"
Park of West Jenniferville,Горнолыжный курорт,"65.3609, -106.0929"
Square of Port Michael,Public Park,"-4.8642, -98.271"
Озеро г. Тутаев,Музей,"-1.517, 38.9634"
Park of Jasonchester,Nature Reserve,"0.6573, 43.5458"
Площадь к. Нижний Тагил,Музей,"-45.8811, 36.9988"
Музей г. Токма,Парк,"24.2755, -113.1737"
Castle of Donnaville,Nature Reserve,"8.0964, -157.2544"
Lake of Shelbyborough,Исторический район,"-32.302, -72.7091"
Park of Turnerview,Достопримечательность,"40.2068, 154.0553"
Замок к. Шадринск,Природный объект,"-54.9277, -133.9801"
Lake of Paulstad,Landmark,"6.0015, -13.5509"
Park of Lake Stephanie,Landmark,"-53.7122, -158.9522"
Площадь ст. Сибай,Горнолыжный курорт,"-13.328, 88.6916"
Lake of Lawsonside,Nature Reserve,"-2.0386, 88.3804"
Bridge of South Jessica,Public Park,"-3.4178, 5.4814"
Castle of Arnoldmouth,Beach,"-56.7724, -162.9685"
Замок г. Комсомольск-на-Амуре,Храм,"3.4881, -82.9266"
Castle of North Kelly,Famous Intersection,"-13.0976, 156.0109"
Bridge of Velezshire,Парк,"22.6689, -92.8727"
Музей д. Алагир,Nature Reserve,"-59.6323, -6.9686"
Park of Port Scott,Горнолыжный курорт,"-19.1261, -162.6717"
Castle of Kennethmouth,Достопримечательность,"18.9668, -100.6691"
Park of Oliviahaven,Достопримечательность,"12.3824, -6.7315"
Замок п. Волоколамск,Исторический район,"58.1462, -165.3003"
Парк клх Кедровый,Природный объект,"46.4836, -137.1374"
Замок д. Южно-Курильск,Mountain Peak,"-26.0247, -140.1064"
Музей ст. Орел,Природный объект,"-6.5401, 159.4807"
Музей п. Тулун,Public Park,"-47.157, 74.6121"
Площадь с. Можга,Mountain Peak,"23.4697, -88.9201"
Bridge of South David,Mountain Peak,"-14.8474, -11.0505"
Square of South Laurenburgh,Nature Reserve,"-8.7115, 131.1575"
Музей к. Псков,Пляж,"5.3485, 19.2284"
Square of North Rebekahshire,Public Park,"-66.2496, 89.5009"
Музей д. Уренгой,Beach,"39.5489, 124.1781"
Lake of South Tammyshire,Beach,"61.4898, 144.0665"
Park of Melissaview,Nature Reserve,"43.8652, 150.5018"
Озеро ст. Бирск,Храм,"-4.8539, 124.6513"
Площадь с. Кандалакша,Храм,"-64.4412, 96.2596"
Парк к. Мичуринск,Пляж,"29.1743, -135.2107"
Bridge of Johnfort,Природный объект,"-53.5721, 38.9531"
Bridge of Jamesmouth,Historic Site,"53.789, 37.6015"
Museum of Crossfort,Горнолыжный курорт,"53.7537, -30.2559"
Озеро п. Сортавала,Парк,"-58.9784, 155.8728"
Парк ст. Нижний Тагил,Historic Site,"36.3374, 146.5533"
Bridge of New Anna,Landmark,"11.7567, 86.6415"
Площадь ст. Владимир,Музей,"27.5533, 49.829"
Озеро клх Тулун,Mountain Peak,"-50.5345, 152.0224"
Square of Davismouth,Природный объект,"-60.5789, -110.3009"
Площадь п. Игнашино,Исторический район,"16.4741, 127.9307"
Bridge of Port Angelaland,Исторический район,"30.74, 54.9345"
Парк к. Анадырь,Природный объект,"40.7995, 30.0532"
Музей к. Озеры,Public Park,"66.2375, 103.103"
Square of Caldwellview,Public Park,"62.4565, 93.4371"
Bridge of Port Codyshire,Beach,"-67.0894, -138.4496"
Bridge of Jacobmouth,Public Park,"40.3883, -147.8809"
Castle of New James,Landmark,"-55.0919, -168.7914"
Площадь клх Шерегеш,Природный объект,"-11.8243, -78.407"
Парк г. Двинской,Museum,"45.4208, -92.8061"
Lake of Russomouth,Пляж,"67.1709, 149.0565"
Гора ст. Радужный,Mountain Peak,"55.5017, 53.4784"
Площадь п. Киров (Вятка),Природный объект,"53.1224, 27.105"
Музей к. Ивдель,Храм,"53.7995, 122.6929"
Museum of Barberfort,Пляж,"-39.9067, 27.6639"
Гора д. Пенза,Historic Site,"-53.8208, -147.7294"
Замок к. Нижневартовск,Горнолыжный курорт,"-51.4363, 163.901"
Museum of Christopherville,Beach,"7.4497, 71.5431"
Музей д. Сосногорск,Горнолыжный курорт,"-36.8671, 40.2614"
Square of Lewisfort,Beach,"-60.1491, 101.8824"
Park of Emilyfort,Пляж,"-31.5219, 78.567"
Bridge of Johnmouth,Природный объект,"48.4609, -143.0642"
Museum of Jamesfurt,Mountain Peak,"34.5336, 126.9401"
Square of North Natasha,Museum,"52.4218, -15.44"
Замок г. Мичуринск,Historic Site,"-37.4583, 28.4784"
Square of West Stacy,Природный объект,"-2.0715, 30.3172"
Castle of Lake Jose,Famous Intersection,"66.2676, -169.6472"
Площадь п. Агата,Пляж,"24.5306, -162.7045"
Castle of Port Walterport,Mountain Peak,"-62.4003, 81.4424"
Bridge of Nelsontown,Famous Intersection,"-45.4177, 112.5715"
Lake of Hartmanborough,Горнолыжный курорт,"-52.9806, -162.7851"
Музей с. Соль-Илецк,Парк,"-65.933, -71.8874"
Озеро д. Жуковский,Природный объект,"-15.8253, 136.8621"
Озеро г. Тихорецк,Горнолыжный курорт,"-15.7136, 132.4526"
Lake of East Lisaburgh,Famous Intersection,"39.5575, 92.5126"
Bridge of South John,Landmark,"17.2506, -132.4946"
Museum of Christopherside,Достопримечательность,"9.6318, 76.5072"
Парк клх Великий Устюг,Landmark,"29.2577, -120.1363"
Museum of Port Brenda,Музей,"-53.6934, -24.883"
Museum of Lake Jeffreyville,Historic Site,"7.1127, 77.9329"
Гора п. Верхний Уфалей,Парк,"-24.4168, -64.7985"
Площадь г. Шумиха,Famous Intersection,"-2.1637, 157.9132"
Castle of North Shawn,Museum,"-21.4044, 93.2405"
Lake of Burkeburgh,Historic Site,"-41.3233, -18.9672"
Bridge of Jonesburgh,Museum,"59.7409, 102.1148"
Музей г. Владикавказ,Горнолыжный курорт,"-58.0573, 98.4517"
Площадь к. Талдом,Достопримечательность,"-13.9612, -75.4939"
Музей п. Александров Гай,Nature Reserve,"19.3822, 133.2459"
Square of Port Robinborough,Горнолыжный курорт,"-8.3087, 92.9973"
Гора д. Ноглики,Парк,"35.3751, -21.6514"
Square of Michaelchester,Famous Intersection,"46.76, -156.2891"
Парк ст. Усмань,Парк,"20.6143, 144.5293"
Castle of New Stephanie,Famous Intersection,"36.4956, -18.1021"
Парк п. Сусуман,Исторический район,"-6.9001, 149.3805"
Square of Guyville,Mountain Peak,"-1.0191, -113.9894"
Castle of Johnshire,Парк,"4.8836, -60.0138"
Castle of Michellestad,Mountain Peak,"10.6786, -30.2295"
Lake of Lake Savannah,Музей,"-28.5864, 81.4794"
Озеро д. Яхрома,Museum,"-3.6502, 0.1744"
Замок д. Каневская,Museum,"57.7483, 46.6197"
Park of West Lauraburgh,Храм,"10.7326, 140.1609"
Castle of East Robert,Public Park,"6.8498, -98.8737"
Park of Maynardberg,Достопримечательность,"24.5463, -63.7556"
Park of Tamarafurt,Природный объект,"-30.1339, -130.4437"
Castle of Brownburgh,Пляж,"20.7312, 20.9993"
Гора ст. Калуга,Достопримечательность,"-13.73, -167.5473"
Замок п. Андреаполь,Природный объект,"69.8219, 46.6677"
Bridge of Hamiltonburgh,Исторический район,"30.4191, 55.0031"
Castle of South Taylor,Парк,"-29.7637, -157.6206"
Park of West Shelley,Famous Intersection,"-12.8395, -31.6909"
Park of New Stephanieland,Горнолыжный курорт,"-13.6919, -110.9923"
Park of Kendrachester,Горнолыжный курорт,"-56.0849, -63.87"
Square of Salazarchester,Исторический район,"25.9644, -16.4652"
Замок п. Каргополь,Landmark,"-12.2195, 39.6867"
Square of North Emilyburgh,Исторический район,"-20.6545, -44.354"
Park of Lake Virginia,Famous Intersection,"0.2855, -76.5904"
Lake of East Allison,Парк,"-33.7192, -168.2211"
Lake of New Kristinastad,Парк,"-18.7182, -131.9228"
Museum of Wilsonview,Парк,"68.4452, 121.2664"
Музей клх Каргополь,Landmark,"-62.0614, 81.4946"
Парк г. Ульяновск,Landmark,"55.6094, 17.6751"
Музей с. Самара,Beach,"38.3926, 166.8236"
Музей г. Петрозаводск,Museum,"-37.0903, 11.9488"
Square of Berrymouth,Парк,"-2.6065, -136.9572"
Square of New Joseph,Beach,"-54.4309, 5.7427"
Lake of Larryfort,Парк,"5.5871, 59.5754"
Замок к. Люберцы,Достопримечательность,"41.4409, 129.373"
Castle of Ralphchester,Парк,"13.3413, 111.7127"
Bridge of Romeroview,Public Park,"0.3332, -166.532"
Lake of East Kayla,Landmark,"-35.249, 99.4052"
Park of Port Davidbury,Famous Intersection,"-5.2139, -27.7112"
Парк ст. Красноуральск,Пляж,"-39.9821, 118.7418"
Square of East Kara,Famous Intersection,"-26.2923, -11.3641"
Озеро д. Сарапул,Музей,"39.606, -67.0119"
Гора д. Северо-Курильск,Famous Intersection,"10.9731, 95.5727"
Площадь к. Елатьма,Храм,"-45.79, 74.4396"
Museum of West Justin,Музей,"-67.1002, -57.2089"
Museum of Simmonsburgh,Famous Intersection,"68.4478, 93.7771"
Замок д. Каменск-Уральский,Исторический район,"-13.3751, -15.9362"
Парк г. Тверь,Mountain Peak,"-51.1416, 141.677"
Замок г. Внуково (метеост.),Исторический район,"-54.6017, -158.2655"
Гора г. Минусинск,Historic Site,"15.8428, 44.3702"
Square of Fowlerhaven,Landmark,"-18.9173, -157.6322"
Museum of Gardnerborough,Public Park,"-1.2361, -8.4754"
Square of Lake Williamtown,Historic Site,"-2.3168, 138.3237"
Площадь ст. Лысьва,Famous Intersection,"5.7068, 36.6456"
Музей г. Ребриха,Достопримечательность,"-2.0658, 115.6254"
Площадь д. Кириши,Музей,"4.2607, 39.3366"
Bridge of Cherylborough,Landmark,"22.2619, 134.9146"
Castle of Davisberg,Beach,"-69.8139, 101.6812"
Парк с. Тавда,Исторический район,"-68.2933, -130.7104"
Lake of Lake Francesfurt,Исторический район,"-2.4236, 66.5196"
Park of Christopherville,Landmark,"-69.7338, 51.0562"
Square of Serranoburgh,Пляж,"-55.4903, 156.2267"
Museum of West Annaside,Mountain Peak,"-31.9607, 150.0769"
Square of Port Kyle,Достопримечательность,"-20.8821, -23.0792"
Замок клх Дербент,Пляж,"-42.8053, 102.4334"
Museum of Ayalatown,Historic Site,"-3.3127, 65.4359"
Озеро с. Данков,Mountain Peak,"47.1721, 93.969"
Музей ст. Березники,Museum,"26.6049, -88.5319"
Museum of West Timothy,Парк,"-20.4891, -70.969"
Park of Charlesmouth,Mountain Peak,"-7.3786, -7.5763"
Lake of Edwardmouth,Парк,"-3.3117, -148.2363"
Bridge of North Robert,Nature Reserve,"12.8296, 106.0654"
Museum of Skinnertown,Храм,"32.7134, -80.5614"
Square of Santiagoport,Museum,"-38.3788, 158.3892"
Park of Lake Caseychester,Museum,"17.9191, 105.1855"
Square of West Kristiefort,Famous Intersection,"-3.9654, 83.1578"
Museum of Lake Justin,Храм,"49.9959, -81.1234"
Bridge of Derekburgh,Mountain Peak,"-17.8008, 62.5536"
Озеро д. Каневская,Горнолыжный курорт,"-7.1962, 110.7545"
Музей с. Новороссийск,Mountain Peak,"17.0723, -30.1408"
Park of Webstershire,Парк,"-37.1678, 23.1469"
Озеро г. Лабинск,Beach,"-33.8922, -83.3053"
Museum of Port Michael,Горнолыжный курорт,"4.4139, -36.2535"
Озеро п. Яшалта,Природный объект,"27.0525, -96.6418"
Castle of New Paulmouth,Beach,"-17.7866, 157.3201"
Парк к. Уренгой,Museum,"21.4513, -100.9122"
Lake of North Christina,Beach,"-12.2637, 40.1662"
Парк клх Валаам,Historic Site,"27.8273, -131.126"
Парк п. Партизанск,Горнолыжный курорт,"-5.7191, -122.2657"
Парк д. Енисейск,Landmark,"-31.3361, 43.8466"
Lake of Lake Michaelstad,Public Park,"12.9293, -136.5308"
Bridge of Wallacefort,Public Park,"4.188, 63.2536"
Park of Lake James,Famous Intersection,"26.9184, 128.0424"
Castle of Teresamouth,Beach,"57.1242, -9.8537"
Museum of Matthewton,Храм,"33.2747, 162.5904"
Lake of Whitefurt,Музей,"61.5455, 124.5135"
Bridge of Greenside,Mountain Peak,"26.2826, -59.2891"
Гора к. Междуреченский,Храм,"64.5056, 115.4791"
Museum of South Shannon,Природный объект,"-37.6917, 59.2206"
Castle of North Sarah,Museum,"58.8748, 77.103"
Castle of Alexischester,Historic Site,"33.4883, 89.3194"
Castle of North Brianna,Public Park,"31.8664, 18.6591"
Bridge of Mitchellport,Достопримечательность,"-31.5361, 8.5726"
Гора с. Моздок,Famous Intersection,"-56.2171, -63.6733"
Square of South Jeffville,Famous Intersection,"25.7533, 7.9352"
Castle of New Sarah,Горнолыжный курорт,"17.8015, 121.224"
Castle of Port Ricardomouth,Beach,"-19.257, -129.3976"
Замок клх Нягань,Landmark,"4.6739, 61.6195"
Park of Josephstad,Nature Reserve,"50.5921, 67.0693"
Square of Colonmouth,Landmark,"-56.2077, 51.5316"
Park of Timothytown,Landmark,"57.2923, 106.6919"
Lake of Stacyview,Beach,"-32.9424, 3.5959"
Bridge of Lake Kevinville,Достопримечательность,"-35.8801, 117.5219"
Bridge of Kaylahaven,Пляж,"-29.0718, -59.314"
Гора д. Калязин,Beach,"16.0701, -83.5443"
Square of East Claudia,Museum,"33.9131, -106.8442"
Lake of South Dominique,Горнолыжный курорт,"56.8013, 117.2165"
Lake of Alyssamouth,Nature Reserve,"61.0839, 25.9"
Гора к. Подольск,Горнолыжный курорт,"4.8949, 126.5519"
Bridge of West Kelly,Природный объект,"23.4106, 28.6319"
Park of Jonathanton,Mountain Peak,"-45.7263, 107.1687"
Lake of West Christinehaven,Landmark,"54.8021, -54.2013"
Гора д. Волоколамск,Beach,"-27.9915, -95.5238"
Замок д. Сунтар,Historic Site,"69.4793, 51.3853"
Museum of West Ashleystad,Beach,"65.4569, 94.3779"
Озеро ст. Таштагол,Historic Site,"-43.8191, -68.0649"
Гора п. Назрань,Природный объект,"-58.0757, -62.0119"
Гора п. Баргузин,Достопримечательность,"-3.9348, 125.8291"
Музей клх Кежма,Природный объект,"-18.9556, 34.5505"
Castle of Rodneyberg,Nature Reserve,"-46.3803, -46.3591"
Озеро г. Нижнекамск,Mountain Peak,"47.4603, -11.1611"
Castle of Kaylaside,Mountain Peak,"-21.9229, -136.5275"
Озеро п. Воронеж,Парк,"-16.3877, -31.2113"
Bridge of West Alexander,Храм,"-62.5228, -100.4386"
Museum of Tiffanymouth,Парк,"-32.1111, 44.6652"
Museum of Ruizstad,Nature Reserve,"30.9417, -25.8137"
Гора клх Лагань,Достопримечательность,"-22.595, -70.8488"
Bridge of Brianland,Nature Reserve,"-36.0753, 103.7672"
Парк с. Магас,Парк,"-5.2041, -13.4032"
Castle of Port Robertchester,Пляж,"-58.9156, 48.7092"
Музей г. Нарткала,Public Park,"-10.5538, 49.3007"
Square of Roseland,Музей,"55.4011, 89.8885"
Площадь г. Соликамск,Historic Site,"-31.5612, -96.3216"
Museum of Ravenberg,Исторический район,"-2.9063, 125.3071"
Lake of East Ericashire,Beach,"-44.869, 1.0049"
Музей к. Дно,Парк,"35.5479, 140.2413"
Park of Patriciaberg,Beach,"-6.1377, -6.6615"
Гора г. Тихорецк,Горнолыжный курорт,"-37.7851, -90.1379"
Castle of Lambertfurt,Mountain Peak,"-7.3453, -101.7321"
Park of Whitestad,Горнолыжный курорт,"65.7059, 160.9013"
Гора д. Дзержинск,Historic Site,"-62.2668, 151.8972"
Lake of New Malikborough,Nature Reserve,"-57.8239, -158.7841"
Замок клх Сургут (Хант.),Nature Reserve,"-16.7028, -27.5082"
Площадь г. Тутаев,Горнолыжный курорт,"-56.1926, 162.6916"
Замок клх Агинское (Забайк.),Храм,"-57.7871, 117.1234"
Museum of Kellyland,Public Park,"-26.1075, 111.7799"
Museum of North Hayleymouth,Beach,"49.963, -163.3584"
Гора ст. Приозерск,Beach,"69.0102, -131.1"
Замок г. Бавлы,Парк,"17.8243, 93.0926"
Square of Whitemouth,Природный объект,"-52.9555, -41.7581"
Bridge of Robertsonmouth,Исторический район,"-46.0223, 65.4803"
Площадь с. Можайск,Museum,"-24.4779, -15.5555"
Озеро с. Красноселькуп,Горнолыжный курорт,"-48.3928, -101.181"
Замок ст. Билибино,Исторический район,"-3.5109, -156.3292"
Square of East Austin,Famous Intersection,"33.5453, 121.548"
Замок с. Салехард,Museum,"-37.7332, -121.4651"
Bridge of North Danielleburgh,Достопримечательность,"49.2007, 34.9504"
Castle of East Brianside,Mountain Peak,"-50.688, -126.0421"
Park of Lake Christinaberg,Природный объект,"-15.9378, 50.5686"
Museum of Sharonview,Достопримечательность,"-15.0887, -52.5472"
Гора д. Кемерово,Beach,"-29.0279, -111.1574"
Square of South Andrea,Museum,"60.2763, 143.6406"
Парк ст. Пышма,Mountain Peak,"2.4632, 24.7019"
Замок к. Уварово,Public Park,"57.621, -155.6725"
Площадь г. Горячий Ключ,Museum,"-1.5719, 42.4698"
Bridge of Lake Kelliberg,Historic Site,"46.9778, -16.9045"
Музей к. Орехово-Зуево,Nature Reserve,"33.0547, 71.8011"
Bridge of North Williamchester,Nature Reserve,"43.8007, 72.3584"
Museum of North Denise,Historic Site,"13.0543, 49.0668"
Lake of Mezatown,Горнолыжный курорт,"-26.7255, 54.4712"
Museum of West Scottburgh,Храм,"50.0204, -25.0902"
Гора с. Гусь-Хрустальный,Museum,"-48.2561, -14.2222"
Озеро п. Орел,Famous Intersection,"16.5984, 104.3081"
Lake of Lake Raymond,Исторический район,"39.1854, -65.7745"
Bridge of Larsontown,Достопримечательность,"-24.3583, 53.8236"
Bridge of Goodwinborough,Исторический район,"-49.0248, 87.6148"
Castle of Port Brittney,Храм,"-39.2315, 95.1135"
Park of Nathanview,Public Park,"23.5981, -85.763"
Lake of Mollyport,Historic Site,"-3.5913, -1.8678"
Bridge of Josephstad,Храм,"-30.4053, 155.5436"
Площадь ст. Ардон,Historic Site,"25.5739, 143.8609"
Парк с. Ардон,Храм,"-27.5942, -136.9936"
Park of North Kevin,Достопримечательность,"27.7392, 145.5478"
Park of Garciaview,Музей,"65.3822, 51.9869"
Музей ст. Буденновск,Museum,"34.2876, 144.9954"
Park of New Justin,Исторический район,"-52.0962, 66.2298"
Castle of Bennettside,Museum,"-31.7141, -141.3625"
Озеро к. Пушкино (Моск.),Museum,"-9.4678, 147.5691"
Museum of Olivertown,Парк,"-33.8655, 117.6031"
Озеро г. Балашиха,Nature Reserve,"44.6959, 143.7296"
Bridge of Rebeccaborough,Mountain Peak,"23.0539, -50.1871"
Park of East Douglas,Mountain Peak,"36.9792, -108.7905"
Гора д. Сочи,Landmark,"65.1585, 147.7859"
Castle of Nicholasside,Пляж,"-11.3529, -63.0785"
Парк с. Мончегорск,Museum,"30.0267, 116.2629"
Площадь к. Оленек,Пляж,"-50.0029, 42.1792"
Square of Jacobsbury,Nature Reserve,"11.9901, 134.8157"
Bridge of South Lindashire,Достопримечательность,"21.5052, 169.9058"
Castle of Lake James,Famous Intersection,"-30.454, 74.4136"
Площадь ст. Грозный,Храм,"-45.417, 123.6303"
Museum of Matthewsborough,Парк,"45.7788, -6.1041"
Замок к. Кемерово,Природный объект,"-62.3985, -117.8715"
Замок с. Соль-Илецк,Beach,"53.1844, -36.9654"
Площадь с. Оленегорск (Якут.),Beach,"8.8707, -163.9439"
Площадь клх Южно-Сахалинск,Исторический район,"-14.1962, -41.2727"
Square of Maryville,Храм,"-49.6855, 90.5406"
Парк с. Тамбов,Historic Site,"-63.311, -40.2101"
Парк с. Ростов,Храм,"-8.927, 57.6399"
Озеро к. Пенза,Historic Site,"-23.5855, 138.8446"
Park of Lake Mariahaven,Природный объект,"-12.1098, -14.8569"
Castle of North Matthewville,Музей,"-27.2438, 114.6815"
Площадь г. Мостовской,Исторический район,"58.4652, -12.3183"
Lake of Port John,Пляж,"-50.8953, 46.9916"
Замок п. Назрань,Музей,"-30.4502, -45.8636"
Park of South Angela,Музей,"3.6374, -162.5339"
Park of Leblancberg,Landmark,"32.0438, 41.5606"
Lake of Wrightshire,Горнолыжный курорт,"-45.8124, 25.2759"
Museum of South Anthony,Historic Site,"-53.5299, 15.7918"
Замок п. Орел,Пляж,"36.0035, 29.355"
Castle of Lake Nancyburgh,Пляж,"63.2623, -64.3577"
Park of West Jamesfort,Museum,"41.7729, 26.4648"
Museum of Jessicaland,Famous Intersection,"15.8709, 116.3768"
Square of South Patrick,Mountain Peak,"-42.6564, 165.0994"
Castle of New Kaylamouth,Достопримечательность,"-47.0523, -22.0112"
Museum of Cummingsside,Пляж,"-0.9222, 32.9458"
Озеро г. Ярославль,Музей,"-65.2596, 7.3064"
Замок г. Усинск,Храм,"21.774, 87.5783"
Lake of Port Richard,Nature Reserve,"-42.0434, -1.0745"
Castle of Port Amyport,Nature Reserve,"3.1728, 32.9415"
Square of East Carrieburgh,Горнолыжный курорт,"-7.1295, -44.5058"
Park of Lake Jonathan,Храм,"-35.0442, -40.5772"
Park of Anneview,Музей,"33.3445, -115.0651"
Castle of Lake Rebeccafort,Landmark,"54.8884, 29.1264"
Park of Eatonberg,Пляж,"58.5132, 55.2442"
Square of Jamesbury,Landmark,"-41.8267, -22.3728"
Парк п. Липецк,Public Park,"-7.8662, 65.5693"
Парк ст. Тутончаны,Пляж,"23.6028, 18.2605"
Park of East Kevinhaven,Достопримечательность,"-2.9137, -147.596"
Озеро г. Армавир,Nature Reserve,"29.92, 96.3825"
Bridge of Kennethberg,Парк,"63.3735, 69.5188"
Museum of Jamesstad,Famous Intersection,"3.7486, -155.5873"
Музей д. Рязань,Природный объект,"-24.875, -10.449"
Озеро с. Усолье Сибирское,Landmark,"-13.934, -82.5959"
Музей д. Черский,Пляж,"35.9209, 12.8451"
Парк клх Оса,Парк,"-61.6151, 140.7208"
Озеро ст. Серпухов,Горнолыжный курорт,"-31.1083, -48.3563"
Озеро г. Беслан,Beach,"-35.4383, 73.3437"
Square of Johnsonborough,Mountain Peak,"27.5991, -152.0683"
Castle of Port Rebecca,Famous Intersection,"-38.9064, 75.1283"
Bridge of Lake Sallybury,Парк,"32.3152, -159.6541"
Museum of Michaeltown,Famous Intersection,"49.8838, -95.3711"
Парк д. Боровск,Музей,"-47.1718, -69.0761"
Гора клх Уфа,Museum,"-45.8835, -121.7709"
Bridge of Vazquezchester,Музей,"-47.6526, -59.7312"
Lake of South Lesliebury,Пляж,"19.9611, 13.6955"
Lake of Danmouth,Горнолыжный курорт,"-23.5482, -40.5327"
Bridge of Matthewsfurt,Музей,"-16.7801, -53.0605"
Museum of Port Valeriehaven,Музей,"41.004, -88.0701"
Park of Lake Barbara,Достопримечательность,"-60.7687, -151.2567"
Museum of New Pamela,Museum,"67.5654, 92.5709"
Музей с. Пинега,Горнолыжный курорт,"-21.8982, -110.8453"
Озеро с. Самара,Famous Intersection,"57.5378, 114.3627"
Гора к. Салават,Historic Site,"1.7028, 30.8943"
Bridge of East Brianshire,Исторический район,"55.6591, 161.3509"
Castle of Lake Michaelshire,Landmark,"-56.8651, -14.9807"
Lake of New Jane,Museum,"-54.8553, -12.6018"
Bridge of Joshuachester,Mountain Peak,"-18.1639, 5.3661"
Lake of Grayland,Исторический район,"63.5155, -88.2253"
Озеро с. Октябрьское (Челяб.),Public Park,"49.258, 10.0671"
Гора к. Льгов,Landmark,"-50.5195, -144.688"
Парк с. Охотск,Храм,"18.4629, -94.368"
Lake of Parkerbury,Музей,"-53.3772, 129.2406"
Озеро с. Морозовск,Mountain Peak,"-49.3825, 101.2789"
Bridge of West Johnside,Достопримечательность,"-4.229, 89.8664"
Замок ст. Витим,Public Park,"32.5814, 45.4835"
Bridge of Port Robertmouth,Mountain Peak,"35.8027, 159.817"
Museum of East Tasha,Beach,"-54.1676, 7.3361"
Парк д. Черемхово,Музей,"-26.8502, 88.4041"
Park of Burtonburgh,Пляж,"45.3301, 61.3651"
Museum of Williamsview,Природный объект,"44.3737, -105.9697"
Bridge of Port Benjaminshire,Nature Reserve,"51.9923, -50.0361"
Park of Lake Joannmouth,Исторический район,"1.1388, -138.9177"
Музей д. Терскол,Museum,"-23.7142, -1.9728"
Площадь д. Усть-Калманка,Музей,"67.3096, 72.1499"
Гора с. Сосногорск,Landmark,"61.0229, -165.3045"
Гора п. Волоколамск,Landmark,"8.0194, -4.8856"
Гора д. Грозный,Горнолыжный курорт,"45.7451, 19.7201"
Castle of Kristinbury,Природный объект,"22.5027, -70.9834"
Музей д. Эльбрус,Landmark,"34.6546, 17.1198"
Музей к. Владикавказ,Храм,"-44.3152, 1.6116"
Замок п. Быково (метеост.),Исторический район,"-9.1636, -112.5637"
Музей ст. Усть-Кулом,Famous Intersection,"-7.8385, 2.7057"
Park of Lake Kristinmouth,Музей,"-21.6665, -7.0929"
Замок г. Невьянск,Famous Intersection,"33.3165, -2.2922"
Square of Rodriguezmouth,Public Park,"22.3481, 112.7031"
Bridge of New Anthony,Храм,"-59.1323, 114.9941"
Museum of Port Hannah,Исторический район,"63.2344, 112.0851"
Park of Fisherton,Museum,"5.2616, -61.0914"
Park of Carlaton,Historic Site,"-49.6517, 163.6507"
Castle of North Michael,Landmark,"48.8114, 66.5916"
Museum of Lake Gabrielaville,Достопримечательность,"-18.476, 160.4768"
Замок д. Жиганск,Landmark,"38.2856, -132.1489"
Площадь ст. Воронеж,Парк,"17.9982, 141.2303"
Museum of Stephaniestad,Парк,"-2.942, 129.023"
Square of Natalieberg,Historic Site,"-11.9585, 89.8073"
Замок ст. Сосновый Бор,Природный объект,"56.0545, 141.9829"
Bridge of Nicolemouth,Museum,"11.5177, -136.5124"
Гора клх Бавлы,Исторический район,"63.7011, -0.5599"
Square of Hoodberg,Исторический район,"18.186, -139.7467"
Парк клх Пермь,Historic Site,"30.1679, 92.7881"
Museum of Port Benjaminchester,Historic Site,"-23.7276, 58.1335"
Park of North Angela,Парк,"-13.9846, 105.6066"
Bridge of Campbellchester,Museum,"27.7424, -79.5211"
Museum of Johnsonchester,Исторический район,"-42.8741, 12.7593"
Lake of Stevensonshire,Famous Intersection,"38.7327, -100.581"
Park of Jonestown,Landmark,"-34.7224, 132.8578"
Музей п. Ногинск (Моск.),Пляж,"33.5849, 65.6256"
Музей клх Малоярославец,Парк,"-0.2207, 57.9168"
Bridge of Fisherborough,Пляж,"4.5086, -6.5287"
Castle of North Amyland,Mountain Peak,"-11.5431, 49.2568"
Замок клх Слюдянка,Public Park,"-56.5354, -165.9668"
Bridge of Matthewland,Пляж,"-44.5744, -21.9747"
Парк клх Минусинск,Храм,"-55.7201, -22.9686"
Lake of South Ashley,Пляж,"-45.0853, -12.3619"
Гора с. Тюмень,Mountain Peak,"-69.0725, -16.2881"
Гора к. Северо-Курильск,Природный объект,"-37.5626, 124.4216"
Museum of East Aaronview,Храм,"-65.8884, -158.2459"
Square of Kristopherville,Музей,"-2.2151, 67.8974"
Bridge of Justinhaven,Museum,"39.4725, 69.9693"
Парк с. Бугульма,Пляж,"45.3656, -65.2451"
Площадь п. Ставрополь,Исторический район,"62.4345, -72.1582"
"Озеро г. Москва, МГУ",Пляж,"16.3478, 54.8185"
Bridge of Tracyside,Beach,"-22.8971, -162.7762"
Гора г. Югорск,Landmark,"66.0891, 147.584"
Площадь г. Энгельс,Nature Reserve,"-5.7062, 63.6778"
Гора к. Сунтар,Достопримечательность,"44.5805, 1.6332"
Lake of North Marie,Пляж,"14.9758, -115.7353"
Bridge of West Josephbury,Mountain Peak,"-6.7335, -82.5043"
Гора ст. Североуральск,Mountain Peak,"-30.7937, 142.572"
Square of Edgarport,Исторический район,"24.9776, -152.6629"
Square of East Tara,Храм,"-67.2538, -133.7325"
Park of Amyton,Природный объект,"13.1646, 79.437"
Castle of West Rebecca,Горнолыжный курорт,"26.8426, 4.8487"
Озеро д. Пинега,Historic Site,"57.2585, 82.9257"
Castle of North Caroltown,Горнолыжный курорт,"20.6155, 34.6898"
Castle of North Alyssa,Historic Site,"60.0175, 71.6322"
Castle of New Jorgeberg,Парк,"48.5107, 62.8251"
Озеро г. Куртамыш,Достопримечательность,"2.069, 66.3773"
Парк клх Ирбит,Горнолыжный курорт,"36.4349, -81.2897"
Bridge of Lake Johnport,Famous Intersection,"55.722, -71.0687"
Озеро д. Октябрьское (Хант.),Исторический район,"58.6853, 92.503"
Музей с. Сухиничи,Парк,"-3.2583, -46.0947"
Museum of Kevinview,Парк,"2.2115, -164.307"
Парк к. Хасавюрт,Mountain Peak,"24.3823, 84.24"
Park of North Kellychester,Beach,"15.783, -95.9153"
Гора д. Черский,Landmark,"25.8956, -146.9146"
Площадь ст. Углегорск,Достопримечательность,"-0.3053, 28.6733"
Музей к. Мирный,Nature Reserve,"31.7637, -97.7946"
Lake of Michaeltown,Парк,"-65.4384, -152.5268"
Park of South Robert,Исторический район,"-29.9856, 168.5863"
Square of Charlesside,Парк,"35.9903, -157.6698"
Lake of Amandaside,Храм,"-52.5611, -99.6483"
Lake of Josephbury,Mountain Peak,"-4.8909, 69.271"
Park of New Maryshire,Природный объект,"57.8172, -33.0952"
Замок ст. Кандалакша,Public Park,"-36.4396, 76.3646"
Lake of North Paige,Природный объект,"32.1092, -95.4223"
Парк д. Плесецк,Museum,"-54.0012, 144.8093"
Lake of South Jessica,Famous Intersection,"3.2369, -137.2412"
Озеро к. Валдай,Горнолыжный курорт,"-47.1373, 53.0668"
Square of New Nichole,Парк,"-53.576, 2.7912"
Park of South Ashley,Горнолыжный курорт,"57.2583, -6.8995"
Bridge of Lake Jackborough,Museum,"-50.3785, 54.8084"
Castle of South John,Beach,"-32.1799, -69.7497"
Museum of New Jason,Beach,"21.6368, 15.1444"
Парк г. Троицко-Печорск,Historic Site,"-35.2479, -149.8844"
Замок п. Усмань,Museum,"-44.9128, 83.9014"
Museum of East Andrewside,Исторический район,"24.6034, -92.261"
Square of Port Michaelstad,Музей,"13.5667, 138.1015"
Озеро клх Шелагонцы,Historic Site,"-30.9728, -51.6546"
Lake of North Wendy,Природный объект,"-60.194, -62.4848"
Парк с. Бронницы,Mountain Peak,"-65.1725, 109.4886"
Castle of North Eric,Исторический район,"28.7709, -108.0591"
Museum of East Michaelstad,Mountain Peak,"-67.1477, -12.2184"
Гора ст. Шали,Public Park,"-49.4521, 109.6299"
Park of Teresastad,Исторический район,"-28.4331, 131.6662"
Гора клх Краснотурьинск,Beach,"5.058, 41.2117"
Музей с. Великие Луки,Достопримечательность,"-12.0533, -167.4686"
Park of Jonesburgh,Mountain Peak,"50.1069, -165.2219"
Museum of Carterchester,Beach,"52.0161, 102.9236"
Замок клх Кировск (Ленин.),Музей,"-59.7516, -67.3756"
Park of Michelleside,Достопримечательность,"-45.2556, -41.8045"
Castle of South Jeffrey,Горнолыжный курорт,"-36.9414, 166.0752"
Озеро г. Кировск (Ленин.),Исторический район,"-59.609, 70.4201"
Square of South Tyler,Mountain Peak,"34.1478, 50.4717"
Площадь п. Нижневартовск,Исторический район,"-23.0537, 159.0031"
Гора клх Арсеньев,Nature Reserve,"58.6161, 121.6059"
Парк г. Тверь,Famous Intersection,"-1.5827, -66.7805"
Парк г. Середниково,Nature Reserve,"50.8451, 146.151"
Площадь д. Юрьевец (Иван.),Nature Reserve,"-10.6806, -58.6"
Гора г. Асбест,Природный объект,"-20.3157, 136.207"
Lake of Lisamouth,Парк,"-22.0121, 125.7061"
Парк с. Чермоз,Museum,"8.0181, 145.8044"
Озеро п. Оленегорск (Якут.),Пляж,"66.8084, 68.1975"
Bridge of Parktown,Парк,"24.5555, 34.6132"
Castle of Markside,Горнолыжный курорт,"-60.249, -64.1561"
Замок с. Эльтон,Достопримечательность,"40.8401, -111.8221"
Square of New Charles,Достопримечательность,"-14.1024, -52.4649"
Castle of Millerstad,Historic Site,"45.5061, -63.3503"
Озеро с. Соболево,Исторический район,"66.2605, 44.71"
Museum of Martinfurt,Парк,"-13.6543, -0.298"
Замок г. Киржач,Музей,"-31.3428, 23.9446"
Парк с. Петропавловск-Камчатский,Historic Site,"26.9289, -93.7063"
Площадь д. Белогорск (Амур.),Museum,"-58.7052, -148.1977"
Square of Lake Lori,Museum,"-55.5695, 15.0187"
Озеро ст. Сосновый Бор,Beach,"-64.263, 120.6016"
Озеро ст. Самара,Nature Reserve,"37.4552, -32.123"
Park of West Travis,Храм,"69.0646, -7.9927"
Площадь с. Ямбург,Beach,"-29.1824, 98.5933"
Park of Mcdanielbury,Пляж,"-17.4377, 97.27"
Park of Port Clintonmouth,Достопримечательность,"-47.7482, 112.6655"
Музей д. Брянск,Museum,"-68.7509, 115.9269"
Замок клх Тихвин,Храм,"-20.8032, 161.2701"
Bridge of Richardberg,Nature Reserve,"8.8701, -5.8314"
Museum of Alvarezville,Historic Site,"-0.8935, 23.9305"
Площадь с. Магнитогорск,Храм,"-8.8672, 167.4828"
Парк к. Горно-Алтайск,Landmark,"-27.6126, -37.591"
Castle of East Jenniferfort,Public Park,"-27.3865, 97.6265"
Lake of Bakermouth,Museum,"35.0726, 114.869"
Lake of Jasonfurt,Historic Site,"-10.3206, 129.0139"
Парк г. Бирск,Museum,"47.6642, 133.0874"
Castle of Murillobury,Landmark,"3.0309, 131.1294"
Castle of Johnsonton,Public Park,"40.5918, 109.44"
Музей с. Мыс Шмидта,Historic Site,"2.7802, 70.847"
Площадь с. Лотошино,Mountain Peak,"-5.2672, -45.0453"
Озеро ст. Курган,Beach,"24.0946, -33.3775"
Площадь клх Шаховская,Пляж,"11.7191, 74.3688"
Park of Autumnbury,Горнолыжный курорт,"17.0133, 27.3269"
Парк клх Ясный (Оренб.),Landmark,"-67.5574, -48.8223"
Площадь клх Светлогорск (Калин.),Храм,"32.424, -20.9565"
Lake of West Ashleychester,Горнолыжный курорт,"-32.2714, -21.7779"
Озеро п. Мокшан,Парк,"-25.0837, 69.4264"
Castle of Andersontown,Исторический район,"22.4549, -60.0464"
Bridge of North Jimmyside,Достопримечательность,"-52.3665, -11.8332"
Castle of Dianehaven,Природный объект,"41.1719, 138.6681"
Озеро д. Талдом,Nature Reserve,"15.773, -110.6466"
Гора с. Тура,Historic Site,"-13.2613, 53.8602"
Площадь г. Амдерма,Public Park,"24.7306, -107.8885"
Square of Lake Alexander,Nature Reserve,"-39.8219, -86.6519"
Square of West Tammy,Historic Site,"-36.5489, 21.2851"
Lake of Christopherstad,Landmark,"20.2013, -77.8204"
Museum of Staceyfort,Landmark,"66.1844, 88.9752"
Парк клх Старый Оскол,Исторический район,"34.499, -113.3192"
Museum of Stokesview,Горнолыжный курорт,"46.7404, -102.6538"
Площадь д. Беломорск,Famous Intersection,"44.5274, 124.9648"
Castle of Sanchezshire,Пляж,"-5.3443, -142.3902"
Озеро п. Рославль,Музей,"-46.0419, 31.0295"
Парк г. Магнитогорск,Museum,"24.6889, 75.5428"
Замок г. Карачаевск,Горнолыжный курорт,"38.6461, 168.4689"
Castle of Vasquezville,Горнолыжный курорт,"-1.9411, -8.915"
Museum of South Nathanielborough,Nature Reserve,"37.6057, 59.196"
Museum of Lake Tracy,Beach,"-1.4232, -52.9329"
Lake of Williamsshire,Beach,"61.5501, -62.1378"
Гора д. Змеиногорск,Музей,"-59.7025, 160.4995"
Замок ст. Анадырь,Музей,"-23.5231, -83.4472"
Озеро с. Салехард,Beach,"53.4736, -60.3168"
Парк с. Ступино,Museum,"53.2322, -23.3368"
Гора г. Токма,Beach,"45.7545, -68.7576"
Гора д. Балашов,Nature Reserve,"22.3854, 156.4373"
Парк к. Пушкинские Горы,Музей,"-50.0566, -116.403"
Museum of Kaylamouth,Historic Site,"9.5547, 33.2786"
Замок клх Озеры,Mountain Peak,"-54.471, -105.8192"
Square of New Conniefort,Пляж,"-30.2606, -7.4552"
Гора клх Ардон,Historic Site,"28.4786, 78.1211"
Парк с. Сусуман,Famous Intersection,"27.6763, 157.4135"
Площадь д. Муром,Горнолыжный курорт,"-48.2598, 31.3951"
Museum of Farmermouth,Достопримечательность,"-42.9562, 146.8114"
Castle of Navarroberg,Исторический район,"-6.7588, -7.9109"
Bridge of Wilsonview,Храм,"28.4267, 142.1528"
Гора ст. Александров,Nature Reserve,"56.8567, 136.6074"
Lake of New Aaronburgh,Mountain Peak,"1.0995, 13.7831"
Square of North Tiffanyhaven,Горнолыжный курорт,"45.8268, -94.0142"
Lake of Smithfurt,Горнолыжный курорт,"30.947, -115.0685"
Музей клх Сковородино,Храм,"-56.0347, 122.8003"
Lake of Port Leslie,Beach,"45.3871, -146.3683"
Музей с. Кондопога,Historic Site,"48.6823, 25.8749"
Lake of Larryfurt,Горнолыжный курорт,"-33.6925, -1.4731"
Square of Bowmanside,Горнолыжный курорт,"-1.9526, 96.5188"
Парк г. Суздаль,Landmark,"47.1967, -126.3272"
Museum of Port Christophershire,Landmark,"47.7661, 70.8909"
Гора г. Певек,Mountain Peak,"-14.3861, 120.1035"
Парк к. Назрань,Пляж,"0.5539, 95.5515"
Гора д. Углегорск,Nature Reserve,"-62.2424, 18.0087"
Park of Weaverside,Beach,"-57.8312, 110.9413"
Lake of Samanthaview,Historic Site,"-33.3029, 88.3649"
Парк клх Мончегорск,Музей,"12.2109, -166.571"
Square of Williemouth,Музей,"21.3175, -98.0866"
Castle of Lake Helen,Храм,"-31.6893, -1.1584"
Музей с. Сузун,Famous Intersection,"-17.6046, 67.8321"
Park of Tracyshire,Museum,"-60.461, -30.7624"
Museum of Lake Thomas,Famous Intersection,"-69.7675, 122.7381"
Bridge of Michelleburgh,Достопримечательность,"39.9455, 123.3753"
Lake of East Rebeccaburgh,Beach,"11.6871, 50.0696"
Castle of Reyesport,Beach,"-49.2257, 141.3123"
Lake of West Melissafurt,Пляж,"-8.4178, -114.7559"
Bridge of North Brenda,Mountain Peak,"59.6717, 168.3073"
Музей с. Кудымкар,Beach,"-0.4516, 31.05"
Площадь п. Артем,Famous Intersection,"25.8207, -68.1955"
Museum of Tammyburgh,Landmark,"15.0602, 45.6967"
Square of Colonshire,Famous Intersection,"-41.2969, 65.8699"
Castle of Carmenside,Landmark,"-48.5692, -44.9124"
Bridge of Lake Marychester,Historic Site,"56.4205, -83.9694"
Озеро клх Кострома,Достопримечательность,"2.1905, -134.1352"
Замок к. Хабаровск,Храм,"26.573, -161.7863"
Парк клх Смоленск,Храм,"-12.1364, 162.748"
Музей ст. Терней,Горнолыжный курорт,"-6.4517, 64.3512"
Площадь клх Можайск,Beach,"-62.7569, 69.6095"
Square of Breannamouth,Mountain Peak,"60.3187, -101.628"
Park of North Dwayneville,Пляж,"-11.9589, -140.6689"
Museum of Wilkinsside,Famous Intersection,"18.0587, -41.4536"
Площадь с. Гремячинск (Перм.),Пляж,"18.8813, 148.5765"
Замок ст. Катав-Ивановск,Музей,"18.4349, -138.7741"
Гора ст. Петушки,Mountain Peak,"-55.1099, -127.353"
Замок д. Семлячики,Museum,"-10.8193, 118.7773"
Гора с. Можайск,Museum,"19.8357, 113.8197"
Square of Simpsonhaven,Mountain Peak,"-35.1349, 49.9857"
Музей г. Таганрог,Beach,"41.543, 159.9349"
Bridge of West Julieborough,Landmark,"25.5056, 166.5457"
Bridge of Port Mark,Museum,"38.1108, -79.2455"
Площадь г. Саранск,Природный объект,"68.3124, -1.3878"
Bridge of Taylorberg,Nature Reserve,"50.9828, 3.568"
Park of Lake Brianaside,Museum,"58.3537, 90.7776"
Castle of North Donna,Museum,"34.7088, 63.5661"
Park of Hodgeshaven,Исторический район,"51.7378, -30.0554"
Museum of Bowmanport,Mountain Peak,"-34.1574, -14.3955"
Square of South Donna,Исторический район,"23.5996, 164.2169"
Парк ст. Архангельск,Mountain Peak,"48.3565, -81.0945"
Castle of New Samantha,Historic Site,"-55.6269, 135.7081"
Park of Ivanland,Храм,"23.842, 141.923"
Museum of Dixonfurt,Historic Site,"-20.843, 75.9066"
Lake of Jonesbury,Nature Reserve,"39.4473, -91.7977"
Museum of East Heather,Музей,"41.656, -134.4684"
Castle of West Nicolebury,Famous Intersection,"9.2454, -41.5701"
Площадь с. Касимов,Храм,"-42.1159, -83.0309"
Парк п. Оленегорск (Якут.),Музей,"12.8877, 67.8765"
Озеро ст. Саров (Морд.),Landmark,"52.0956, 5.3823"
Square of Leestad,Храм,"-57.7938, -30.0721"
Castle of Hughesbury,Природный объект,"61.3932, -38.868"
Гора д. Новочеркасск,Nature Reserve,"56.4387, 97.7061"
Озеро ст. Енисейск,Museum,"-7.4575, -1.1377"
Square of Millershire,Nature Reserve,"0.5545, -22.5846"
Castle of Stewartmouth,Парк,"5.7918, -28.4262"
Bridge of West Michaelport,Храм,"-53.6577, 119.4837"
Bridge of East Melissa,Mountain Peak,"64.0349, -151.1624"
Замок п. Шарья,Famous Intersection,"-61.3516, 2.0677"
Музей клх Нижнеудинск,Mountain Peak,"-26.8781, -166.7973"
Озеро г. Люберцы,Historic Site,"-36.4849, -129.5776"
Bridge of East Shannonshire,Historic Site,"-20.9182, -44.3968"
Музей д. Гаврилов-Ям,Historic Site,"-14.7482, -55.3334"
Площадь г. Кандалакша,Museum,"9.1741, -31.3841"
Museum of Port Samanthastad,Mountain Peak,"-31.2239, -110.8539"
Square of Tonyaside,Famous Intersection,"55.6536, -106.6824"
Park of East Lisa,Пляж,"-10.1812, 1.1362"
Парк к. Йошкар-Ола,Public Park,"13.4155, -126.3405"
Музей к. Снежногорск (Мурм.),Музей,"68.7612, -84.7734"
Square of Robertstown,Горнолыжный курорт,"5.1555, 36.9193"
Castle of East Matthew,Famous Intersection,"21.1147, 37.9904"
Озеро с. Приморско-Ахтарск,Landmark,"-12.1289, 123.6896"
Замок ст. Камышлов,Пляж,"34.8032, -146.2806"
Lake of Lake Michael,Mountain Peak,"-54.8187, -2.584"
Museum of Brittanyburgh,Nature Reserve,"54.2734, 97.0531"
Park of Pattersonport,Достопримечательность,"-20.1072, 28.5831"
Lake of Henrymouth,Парк,"48.6193, 133.0417"
Castle of Johnsonborough,Исторический район,"-46.4558, -143.0076"
Castle of Kylebury,Храм,"-53.764, -113.6705"
Парк к. Карталы,Mountain Peak,"-51.2528, 149.6662"
Озеро клх Алапаевск,Famous Intersection,"35.2407, -168.3575"
Парк д. Северобайкальск,Historic Site,"44.1324, -153.314"
Square of West Jacob,Mountain Peak,"43.4457, -42.2064"
Парк ст. Усть-Катав,Public Park,"-6.105, 43.8704"
Озеро клх Екатеринбург,Museum,"-13.3201, 27.9009"
Музей г. Терней,Достопримечательность,"12.6072, 26.357"
Музей с. Сибай,Пляж,"44.5356, -35.6956"
Castle of South Shawnfurt,Museum,"10.9391, -158.8839"
Bridge of Maldonadoburgh,Mountain Peak,"-30.1042, 85.1605"
Замок с. Дзержинск,Достопримечательность,"54.904, -47.9884"
Castle of West Tammy,Храм,"12.2754, 118.7584"
Castle of Rossmouth,Достопримечательность,"62.5315, 44.765"
Lake of Port Natalie,Nature Reserve,"-10.9461, 64.9439"
Площадь к. Мураши,Достопримечательность,"-6.3604, 112.8086"
Площадь д. Дзержинск,Famous Intersection,"-51.6609, -108.225"
Bridge of New Tyler,Historic Site,"15.9638, -65.805"
Площадь клх Домбай,Музей,"-51.1381, 39.2083"
Castle of Port Paigeview,Достопримечательность,"3.5947, 60.4282"
Square of Lake Crystalbury,Mountain Peak,"-20.2939, 64.1177"
Гора ст. Тура,Храм,"-64.3646, 82.9844"
Bridge of Cookchester,Public Park,"27.3776, 77.3329"
Lake of Kathryntown,Горнолыжный курорт,"10.6643, 96.6174"
Замок ст. Агата,Исторический район,"54.0843, -16.4789"
Castle of Davidbury,Достопримечательность,"58.4626, 136.2135"
Lake of Thomastown,Музей,"32.7921, 58.5514"
Castle of Ambertown,Public Park,"-45.4896, -11.9702"
Square of Kevinfort,Famous Intersection,"-26.2946, -44.3466"
Парк д. Кедровый,Historic Site,"-28.7038, -141.3104"
Музей п. Иваново,Горнолыжный курорт,"63.6857, 37.6828"
Castle of South Christopherhaven,Beach,"-32.6292, -141.5569"
Square of East Cindyburgh,Public Park,"50.4205, -24.859"
Bridge of Kristenburgh,Beach,"-5.1004, 145.5274"
Park of Lake Sara,Mountain Peak,"-8.6625, -139.5625"
Lake of Taylorburgh,Beach,"-24.0637, -32.8382"
Замок к. Якутск,Музей,"-41.9156, -47.3853"
Lake of Alexismouth,Парк,"-48.4513, 76.285"
Озеро ст. Каменномостский,Достопримечательность,"64.9042, -108.296"
Museum of Lake Denisebury,Nature Reserve,"-24.424, -163.2559"
Park of Tonyshire,Достопримечательность,"15.6479, 50.274"
Замок ст. Вязьма,Famous Intersection,"53.089, -44.1212"
Castle of Tylerburgh,Mountain Peak,"-13.316, 105.7554"
Museum of North Robertville,Nature Reserve,"40.3602, 132.9936"
Park of Maciasstad,Beach,"67.6716, -55.3211"
Гора г. Добрянка,Historic Site,"-16.7169, 47.1664"
Castle of Jamesborough,Горнолыжный курорт,"-32.1751, -149.6542"
Замок к. Шереметьево,Landmark,"2.5521, -91.7277"
Площадь к. Верхний Баскунчак,Достопримечательность,"6.5675, 124.6245"
Park of East Jamie,Парк,"0.2243, 95.3618"
Castle of North Lisa,Природный объект,"-29.3455, 92.7663"
Озеро к. Уварово,Музей,"-41.2997, -145.6115"
Square of Steveborough,Храм,"27.1999, -23.2395"
Square of Lake Kendraside,Mountain Peak,"-15.4459, 17.4906"
Museum of Chamberston,Достопримечательность,"-16.5682, 19.3461"
Парк с. Балашов,Достопримечательность,"0.8335, -47.9502"
Lake of West Manuelborough,Museum,"30.3126, -15.2446"
Castle of South Robertmouth,Пляж,"3.4765, -58.5127"
Museum of Lake Joy,Парк,"24.9999, 23.2603"
Bridge of Port Michael,Парк,"53.8436, 127.6477"
Bridge of West Daleview,Museum,"-49.2026, 33.1563"
Замок к. Тарко-Сале,Public Park,"-23.353, 32.6436"
Castle of Zacharymouth,Famous Intersection,"-59.62, 97.5636"
Музей с. Тихорецк,Горнолыжный курорт,"-31.5833, -9.6133"
Гора к. Псков,Museum,"29.909, 159.7542"
Гора ст. Усинск,Historic Site,"4.2142, -12.997"
Озеро клх Гремячинск (Перм.),Beach,"7.9538, 3.1841"
Park of East Mariamouth,Museum,"22.8257, 41.7415"
Музей д. Ногинск (Моск.),Famous Intersection,"22.168, 9.5232"
Lake of West Robert,Природный объект,"26.1329, 95.4586"
Музей д. Джейрах,Public Park,"-1.8542, -136.4248"
Парк г. Ялуторовск,Historic Site,"-40.2363, 2.2985"
Castle of North Kelly,Famous Intersection,"34.5619, -148.3691"
Гора с. Щельяюр,Достопримечательность,"18.5125, -91.5856"
Park of Port Ricky,Музей,"-43.5726, -26.1479"
Castle of Andrewhaven,Храм,"-20.2921, 36.2192"
Парк п. Кизилюрт,Достопримечательность,"-12.8357, 24.6033"
Замок ст. Сургут (Хант.),Достопримечательность,"35.6687, -24.7677"
Lake of Johnsonhaven,Nature Reserve,"-41.1897, -83.025"
Castle of Henryborough,Beach,"-32.4479, 10.0643"
Bridge of Lake Jennifer,Famous Intersection,"69.8723, -106.7855"
Square of New Brandon,Nature Reserve,"-62.7203, -151.5191"
Square of West Jamesview,Public Park,"-1.65, 168.3868"
Гора к. Сергиев Посад,Mountain Peak,"-31.6527, -63.4948"
Музей ст. Алагир,Пляж,"-57.119, -125.2451"
Озеро г. Троицк (Моск.),Famous Intersection,"-47.3405, 24.2956"
Парк к. Верещагино (Перм.),Nature Reserve,"-11.8664, -112.3191"
Замок г. Верхнее Пенжино,Храм,"-40.455, 163.8304"
Площадь г. Бугульма,Музей,"46.873, -1.537"
Площадь п. Волгоград,Достопримечательность,"-11.2681, -121.1035"
Музей г. Баксан,Mountain Peak,"-23.1716, 74.7911"
Bridge of Sanchezmouth,Public Park,"45.8301, -166.681"
Park of New Albertton,Mountain Peak,"-36.5026, 94.2138"
Park of East Alecborough,Museum,"-66.0047, -137.8686"
Bridge of Francisbury,Famous Intersection,"2.4729, 144.9237"
Castle of Kaylafurt,Достопримечательность,"21.2708, -74.449"
Bridge of Kennethshire,Горнолыжный курорт,"17.1698, 135.5091"
Lake of Scottberg,Famous Intersection,"41.0059, -45.2151"
Музей клх Сасово,Исторический район,"-5.394, -60.8888"
Museum of Josephland,Beach,"-1.0728, 2.3928"
Площадь д. Кежма,Природный объект,"39.0522, 106.6512"
Музей к. Бронницы,Museum,"-5.1467, -115.5816"
Museum of New Jeremy,Исторический район,"57.5887, -63.8784"
Museum of North Andrewview,Mountain Peak,"-22.9927, 45.4121"
Park of Ashleyburgh,Public Park,"62.2996, -91.8549"
Lake of Ericamouth,Famous Intersection,"-3.8478, -51.1407"
Lake of Stanleymouth,Храм,"-31.1455, 39.3244"
Square of Harrisfort,Храм,"-50.6223, -102.6203"
Замок г. Хоста,Исторический район,"64.945, 44.1017"
Museum of West Brent,Достопримечательность,"-32.455, -48.7082"
Замок г. Семлячики,Музей,"-34.7475, -110.122"
Озеро клх Пышма,Museum,"2.7999, 67.7852"
Museum of North Michael,Достопримечательность,"62.8313, -33.6606"
Museum of Tamaraton,Парк,"-57.5066, -162.4065"
Парк п. Новороссийка,Природный объект,"-57.0552, -64.2169"
Озеро п. Железногорск(Курск.),Природный объект,"-1.0008, -163.9954"
Castle of New Eric,Beach,"53.6219, 40.526"
Гора с. Галич,Музей,"-1.5121, 129.8487"
Озеро д. Киров (Вятка),Природный объект,"-47.3888, 169.6537"
Музей к. Армавир,Nature Reserve,"-50.5252, 9.971"
Гора ст. Кяхта,Исторический район,"1.7016, 34.3064"
Castle of North Matthewside,Исторический район,"51.1483, -99.0457"
Park of Lake Brandyland,Музей,"-59.6874, -140.1886"
Lake of Clarkton,Beach,"-16.7962, -41.7095"
Музей ст. Ряжск,Public Park,"-47.2962, -99.9476"
Bridge of East Kimberlyport,Пляж,"-18.08, 160.029"
Гора ст. Бирск,Historic Site,"64.7882, -93.3956"
Замок д. Токма,Museum,"30.5086, 165.1692"
Bridge of East Belinda,Historic Site,"1.7286, 91.2381"
Museum of Hernandeztown,Достопримечательность,"23.4384, 2.8087"
Park of Lake Jodistad,Храм,"66.7149, -38.7507"
Park of Port Donna,Nature Reserve,"1.8586, 26.8985"
Озеро с. Санкт-Петербург,Парк,"-59.2055, 162.7718"
Озеро г. Миасс,Historic Site,"15.416, -55.7087"
Castle of East Jamesville,Достопримечательность,"-50.2303, 118.4996"
Museum of West Sabrina,Музей,"46.1698, -19.8767"
Замок г. Шуя,Природный объект,"22.2681, 44.7585"
Square of Cuevasfurt,Public Park,"19.6627, -32.7039"
Bridge of Johnstonmouth,Природный объект,"-6.1266, 45.1551"
Музей клх Ступино,Горнолыжный курорт,"53.1487, 164.2721"
Castle of Edwardstown,Landmark,"-58.0013, -24.578"
Museum of Bakertown,Исторический район,"55.8265, 77.9582"
Castle of Harrisport,Достопримечательность,"-36.7969, -21.3552"
Гора ст. Барнаул,Famous Intersection,"-22.2203, 138.8801"
Bridge of Huntbury,Достопримечательность,"-2.0744, 17.9649"
Museum of New Paulshire,Landmark,"49.0917, -57.4697"
Bridge of Melindaberg,Nature Reserve,"-9.0206, -55.0467"
Музей к. Уэлен,Famous Intersection,"14.9537, -134.5223"
Lake of Port Laura,Парк,"-44.7798, -45.1275"
Lake of Loganland,Горнолыжный курорт,"0.0282, 112.9382"
Museum of Sheltonborough,Landmark,"-60.9091, 51.0091"
Castle of Christophertown,Храм,"15.7804, -139.623"
Озеро к. Оха,Public Park,"-53.0224, -45.6312"
Bridge of West Dennis,Famous Intersection,"-38.0594, -16.021"
Музей д. Апрелевка,Пляж,"-36.3962, 156.6156"
Museum of Waltersshire,Famous Intersection,"61.7091, 50.0798"
Парк с. Орел,Пляж,"1.5698, -100.0685"
Площадь с. Чайковский,Горнолыжный курорт,"46.9268, 135.4533"
Bridge of East Donna,Музей,"18.2459, -160.7856"
Museum of West Stephanie,Музей,"28.2323, 42.5568"
Castle of North Joseph,Famous Intersection,"-5.9408, 46.3165"
Lake of East Timothy,Historic Site,"49.7864, 119.2058"
Square of Marybury,Парк,"43.559, 55.2744"
Замок д. Ейск,Пляж,"58.071, -161.2336"
Lake of New Aaron,Природный объект,"-55.7927, -84.123"
Музей п. Сладково,Landmark,"49.9791, -156.0561"
Lake of Acevedoshire,Nature Reserve,"-31.4807, 119.5378"
Парк ст. Усолье Сибирское,Museum,"5.2957, -127.3434"
Park of Juliestad,Public Park,"-10.0115, -120.5354"
Озеро к. Касимов,Public Park,"25.635, 12.1023"
Park of New Abigailfurt,Музей,"8.8362, 113.8857"
Bridge of Paulborough,Famous Intersection,"66.3327, -33.9412"
Square of Cohenside,Горнолыжный курорт,"-48.8366, -35.5267"
Bridge of New Martin,Public Park,"19.1538, -59.2164"
Lake of Griffinville,Пляж,"-33.783, -2.4143"
Park of East Donna,Public Park,"48.4228, -94.4933"
Park of Snowville,Nature Reserve,"-14.0986, -48.2547"
Square of North Jonathanfurt,Public Park,"64.0402, 9.9168"
Castle of West Brettbury,Famous Intersection,"11.3741, -93.8422"
Lake of Lake Jane,Museum,"-31.5393, -152.8164"
Park of Lake Patriciaborough,Nature Reserve,"-7.0723, 74.0673"
Museum of Keithport,Museum,"25.7368, 149.2023"
Музей д. Егорьевск,Beach,"34.7348, -46.6767"
Square of Lisachester,Пляж,"12.1958, 166.3322"
Гора г. Липецк,Museum,"-18.4307, 10.987"
Castle of Lucashaven,Парк,"39.2033, -118.3685"
Парк клх Тулпан,Beach,"-64.9818, 9.8761"
Замок п. Радужный,Landmark,"11.4321, -41.3298"
Музей к. Калач-на-Дону,Пляж,"47.1718, -140.7568"
Bridge of Glennland,Исторический район,"-15.5847, 138.3801"
Парк ст. Щельяюр,Достопримечательность,"66.0424, 33.8174"
Castle of North Bryan,Достопримечательность,"-63.8101, -115.9188"
Озеро ст. Малоярославец,Природный объект,"17.1952, 22.4835"
Lake of Lake Robertton,Public Park,"65.9077, 150.6425"
Castle of South Kathytown,Парк,"-27.9912, 147.9222"
Площадь к. Рыбинск,Достопримечательность,"-7.5185, -116.1814"
Square of Anafurt,Beach,"-29.9231, -146.3575"
Музей г. Балашов,Парк,"-48.3556, 108.7144"
Square of Christopherville,Горнолыжный курорт,"67.2179, -163.0186"
Bridge of Garciaport,Nature Reserve,"-68.0613, 148.2086"
Park of Edwardbury,Горнолыжный курорт,"11.9531, -145.5692"
Museum of Timothyton,Природный объект,"-12.1888, -154.1173"
Lake of New Wendymouth,Mountain Peak,"33.1233, -110.0409"
Площадь ст. Мытищи,Горнолыжный курорт,"-38.8019, -107.206"
Bridge of Mcknightfort,Mountain Peak,"-26.549, 99.7487"
Museum of North Matthew,Historic Site,"47.101, 166.8072"
Museum of Jameschester,Достопримечательность,"57.6427, -33.7459"
Замок к. Ярославль,Historic Site,"43.2981, 104.3417"
Museum of North Amyton,Природный объект,"-7.2402, -45.2523"
Castle of Lake Mia,Природный объект,"20.4557, 28.6927"
Castle of Evanstown,Beach,"-26.1246, -12.6733"
Lake of Lake Kathleen,Храм,"-53.1124, 48.4534"
Castle of Smithtown,Природный объект,"33.0638, 46.1197"
Castle of Port Adamborough,Музей,"49.832, -17.8276"
Bridge of Cherylport,Beach,"-29.6546, -40.727"
Парк г. Нязепетровск,Достопримечательность,"26.9869, -25.577"
Park of Boothport,Исторический район,"-5.9266, -83.4501"
Square of South Coreymouth,Famous Intersection,"19.9711, 100.7985"
Гора г. Чокурдах,Famous Intersection,"-31.323, -51.7367"
Museum of East Zacharyport,Музей,"52.3953, -32.1803"
Площадь д. Североуральск,Museum,"2.9597, 82.8469"
Square of Abigailshire,Beach,"61.487, 9.7791"
Lake of New Amandabury,Public Park,"-52.6623, 168.9706"
Замок клх Далматово,Mountain Peak,"-11.709, -139.8826"
Park of Stephaniemouth,Nature Reserve,"6.5992, -169.6187"
Замок ст. Уварово,Храм,"-12.3741, -4.9736"
Bridge of Williamhaven,Пляж,"-50.7958, -88.7723"
Square of Stephenton,Museum,"-56.8033, 110.4411"
Замок п. Ишим,Горнолыжный курорт,"-44.1792, -30.0081"
Square of East Jessica,Historic Site,"-43.0475, -56.6889"
Museum of Jamesshire,Landmark,"43.356, -15.9731"
Castle of South Meagantown,Nature Reserve,"-64.4434, 136.0813"
Square of Port Melanie,Достопримечательность,"1.7263, 92.36"
Lake of Johnton,Достопримечательность,"42.7227, 165.2585"
Музей ст. Витим,Famous Intersection,"42.1923, -139.4017"
Музей п. Губкин,Горнолыжный курорт,"-69.3432, 4.8916"
Замок г. Ставрополь,Горнолыжный курорт,"-40.9517, -89.2403"
Гора к. Печора,Горнолыжный курорт,"22.7641, 43.6319"
Museum of Edwardsmouth,Famous Intersection,"53.4373, -42.8605"
Музей п. Лянтор,Landmark,"-31.0769, -57.1942"
Замок ст. Дербент,Beach,"15.0556, -7.236"
Гора ст. Междуреченский,Nature Reserve,"42.3721, 77.0373"
Bridge of Rhondaborough,Исторический район,"64.8149, 59.9835"
Square of Amandafort,Парк,"-47.9885, 108.0286"
Замок п. Поронайск,Горнолыжный курорт,"-29.9301, 30.0043"
Park of Spencermouth,Historic Site,"8.118, -36.6091"
Замок г. Павловская,Пляж,"13.3513, -133.3353"
Замок г. Рыльск,Historic Site,"6.5457, 129.3097"
Парк клх Ведено,Горнолыжный курорт,"-65.4391, -45.7947"
Замок ст. Гагарин,Музей,"-40.0615, -51.9645"
Парк п. Абинск,Landmark,"18.5016, -135.1755"
Park of East Edward,Музей,"-27.1627, 2.1005"
Square of Lake Paul,Исторический район,"4.3565, 136.974"
Bridge of North Jordan,Landmark,"-6.6096, -15.5412"
Озеро клх Чермоз,Beach,"30.8826, -125.3461"
Castle of South Dale,Храм,"-35.5062, -0.9672"
Museum of Jonesfort,Пляж,"-29.0538, 54.199"
Castle of North Kathleen,Достопримечательность,"59.5206, -81.2368"
Park of Glassberg,Landmark,"-39.7077, -125.16"
Озеро с. Анапа,Beach,"6.9396, -20.9723"
Музей п. Слюдянка,Famous Intersection,"20.4981, 41.7013"
Замок клх Верхний Тагил,Museum,"-17.3059, 81.3603"
Озеро д. Новомосковск,Famous Intersection,"49.8479, 79.1674"
Замок г. Ижевск,Museum,"68.2975, 142.4162"
Гора к. Белореченск,Mountain Peak,"-66.1719, -86.934"
Lake of Jeffreyfurt,Landmark,"53.3145, 47.8922"
Замок к. Нягань,Достопримечательность,"14.9471, -111.5932"
Музей клх Кош-Агач,Достопримечательность,"60.8525, 72.7703"
Озеро ст. Батайск,Храм,"-67.165, -75.5"
Park of Johnsonton,Historic Site,"52.6473, -155.6551"
Озеро клх Находка,Музей,"-23.7959, 34.7616"
Озеро д. Мураши,Исторический район,"-59.7672, -159.1824"
Музей г. Холмск,Mountain Peak,"-37.5722, 147.336"
Озеро г. Верхний Баскунчак,Природный объект,"-48.7697, -149.6338"
Замок п. Гремячинск (Перм.),Исторический район,"-26.1643, 154.7006"
Озеро с. Хабаровск,Beach,"-39.3721, -91.862"
Замок к. Нижнеудинск,Museum,"48.007, -131.814"
Bridge of East Michele,Nature Reserve,"29.2484, 132.9832"
Музей с. Уренгой,Парк,"65.3033, -85.053"
Парк г. Туруханск,Beach,"56.8978, -99.2462"
Square of West Michaelshire,Парк,"-42.3791, -152.8082"
Озеро с. Ковров,Достопримечательность,"23.0595, 155.8817"
Park of Geraldfort,Храм,"-1.5214, 22.8894"
Square of Lindafurt,Landmark,"18.0307, 67.7204"
Square of Martinside,Nature Reserve,"-25.4827, -169.5378"
Museum of East Mason,Mountain Peak,"-21.941, -12.042"
Площадь клх Дно,Beach,"-18.6163, -118.6542"
Lake of Brianville,Mountain Peak,"-15.4818, -121.0878"
Площадь с. Новомосковск,Музей,"-12.4011, 156.5495"
Lake of Ninafort,Beach,"32.5387, 151.0682"
Озеро п. Ведено,Museum,"-63.9301, -162.9207"
Гора клх Вологда,Достопримечательность,"53.877, -1.5723"
Lake of South Ryanside,Museum,"-68.6932, -137.0206"
Площадь г. Муравленко,Горнолыжный курорт,"65.7224, -160.061"
Замок ст. Березники,Museum,"4.2422, -30.64"
Lake of North Wesleyberg,Природный объект,"-10.41, 117.9431"
Square of New Lisa,Nature Reserve,"27.8553, 165.4758"
Castle of West Matthew,Горнолыжный курорт,"-49.8941, 51.8401"
Castle of East Jack,Исторический район,"44.8108, -154.015"
Гора к. Неплюевка,Пляж,"-53.5001, 148.1335"
Музей к. Инта,Пляж,"-10.3484, 146.2915"
Lake of Rodriguezshire,Достопримечательность,"-52.9466, 168.4831"
Парк г. Шахты,Landmark,"-23.2661, 116.4741"
Park of Walkerhaven,Nature Reserve,"-22.3986, 58.8784"
Музей к. Шатура,Historic Site,"68.9455, 78.5035"
Музей п. Карабулак,Природный объект,"25.7798, -143.0203"
Museum of Sherryland,Парк,"-37.9487, -131.7094"
Lake of North Christina,Beach,"-23.0529, -118.2134"
Square of Smithtown,Горнолыжный курорт,"13.1069, 162.7275"
Park of Madelineside,Пляж,"31.0076, -163.6676"
Площадь клх Соликамск,Горнолыжный курорт,"69.1583, 25.9502"
Музей с. Южно-Курильск,Храм,"61.4978, -42.6207"
Замок г. Северобайкальск,Горнолыжный курорт,"-44.4389, -105.3935"
Площадь г. Азов (Рост.),Горнолыжный курорт,"46.9598, -137.131"
Square of Jesseview,Горнолыжный курорт,"33.7127, -76.3518"
Museum of New Gina,Historic Site,"-40.0224, 23.5353"
Гора к. Плесецк,Historic Site,"3.6318, 45.9846"
Castle of East Kevinview,Famous Intersection,"41.5207, 142.9947"
Square of New Shannon,Храм,"30.5897, -125.8325"
Square of Frankland,Public Park,"35.2655, 160.0407"
Lake of New Larry,Famous Intersection,"-34.1977, 63.0162"
Музей д. Каменск-Шахтинский,Mountain Peak,"-28.7521, 36.3611"
Площадь с. Пенза,Достопримечательность,"25.5774, -88.3891"
Bridge of East Juanport,Парк,"19.2301, 27.9046"
Castle of Ayalafort,Музей,"-17.9016, 49.2914"
Castle of Danamouth,Public Park,"-6.3911, 112.131"
Замок к. Старый Оскол,Museum,"68.9725, 9.6564"
Парк д. Плесецк,Парк,"42.9327, -53.5771"
Park of Hollandburgh,Музей,"-22.4535, 125.5731"
Square of South Haleyburgh,Historic Site,"53.6076, 59.0538"
Замок ст. Азов (Рост.),Горнолыжный курорт,"64.9599, 138.2023"
Lake of New Emily,Парк,"-20.128, 66.5983"
Square of Lake Marieborough,Historic Site,"-21.9516, 30.7339"
Музей клх Голицыно,Landmark,"22.6745, 156.2784"
Square of Port Heatherville,Природный объект,"48.2628, 14.1162"
Площадь к. Данков,Достопримечательность,"51.7182, 76.465"
Замок п. Джубга,Mountain Peak,"13.5168, 46.6489"
Castle of Williamside,Музей,"-37.5439, -71.1077"
Замок ст. Дудинка,Historic Site,"-6.8478, 74.6796"
Museum of North Stephen,Храм,"-69.8032, 18.9909"
Замок г. Пенза,Природный объект,"-12.6499, -98.1486"
Площадь с. Тосно,Famous Intersection,"-50.4309, 140.3107"
Музей д. Нарткала,Famous Intersection,"-49.5748, -130.2233"
Museum of Harrisonfort,Исторический район,"48.4814, 123.5"
Museum of Duanestad,Достопримечательность,"26.8655, 9.9717"
Парк ст. Ахтубинск,Museum,"59.6381, 131.8303"
Lake of East Chelseachester,Museum,"44.8151, 53.2566"
Museum of Haasberg,Природный объект,"-17.566, -125.7559"
Музей п. Лысьва,Достопримечательность,"3.7144, 94.5261"
Lake of Travisside,Famous Intersection,"-61.0876, -153.0043"
Castle of Shepardmouth,Музей,"6.904, -118.8292"
Озеро к. Дно,Парк,"17.7476, -121.7912"
Castle of Goodmanborough,Beach,"-14.4336, 73.4469"
Park of Port Dawnfurt,Mountain Peak,"-36.2396, 153.2162"
Park of Port Terry,Public Park,"-18.4046, -126.9904"
Bridge of Melissafurt,Famous Intersection,"-30.9059, -45.7552"
Museum of Michaelstad,Public Park,"-45.5976, 75.9075"
Castle of Hillmouth,Достопримечательность,"40.4466, 99.3376"
Гора д. Дубна,Museum,"-11.7976, -77.0384"
Park of South Nicholas,Mountain Peak,"4.9827, 40.6099"
Площадь с. Канск,Горнолыжный курорт,"54.4073, 130.36"
Замок п. Радужный,Пляж,"-15.1762, 34.8274"
Museum of Amandamouth,Парк,"-21.1007, -112.4669"
Площадь д. Чикола,Beach,"30.285, -113.3643"
Музей г. Абинск,Mountain Peak,"-46.2719, -110.6306"
Lake of South Brian,Горнолыжный курорт,"-68.6843, 45.1332"
Bridge of Michaelland,Природный объект,"42.3149, -35.8374"
Bridge of Lindsayview,Храм,"35.0486, 9.6172"
Музей г. Карачаевск,Пляж,"66.3084, -87.396"
Castle of Lake Scott,Парк,"59.6918, -31.743"
Lake of Longchester,Горнолыжный курорт,"-58.9001, 104.8257"
Гора с. Адыгейск,Пляж,"26.0776, -101.5129"
Museum of Pattersonchester,Museum,"53.9513, 88.4184"
Castle of West Reneeton,Достопримечательность,"27.3524, 75.6029"
Озеро д. Комсомольск-на-Амуре,Достопримечательность,"-69.4695, 41.2994"
Замок к. Нальчик,Museum,"-68.3371, -61.2706"
Park of East Cameronburgh,Пляж,"42.1839, 63.1678"
Park of Jenniferbury,Природный объект,"45.3668, 141.7614"
Гора к. Чокурдах,Mountain Peak,"0.4468, 149.128"
Парк д. Усть-Джегута,Достопримечательность,"-28.2101, 126.3462"
Museum of South Brandon,Museum,"35.235, -84.7062"
Bridge of East Juantown,Достопримечательность,"36.3941, -42.5009"
Museum of North David,Музей,"64.9385, -17.327"
Парк ст. Рязань,Природный объект,"-19.2723, -141.1628"
Museum of South Tammyfurt,Природный объект,"-28.6733, 59.1817"
Гора к. Магас,Достопримечательность,"-69.7882, -136.2162"
Museum of Samanthamouth,Public Park,"-38.2522, 51.1126"
Square of Julieside,Mountain Peak,"-65.9538, -2.4569"
Square of South Christophershire,Природный объект,"59.8804, 67.0351"
Гора клх Краснодар,Парк,"51.7317, 160.3729"
Bridge of Sheilastad,Museum,"-2.4189, 71.7934"
Bridge of Garcialand,Достопримечательность,"-17.9274, -125.8526"
Музей д. Серпухов,Beach,"60.5447, 139.5506"
Square of South Juliahaven,Famous Intersection,"-11.6869, -62.2892"
Park of Lake Andrewstad,Nature Reserve,"-30.5368, 66.4001"
Museum of North Johnstad,Парк,"32.3506, -61.4436"
Park of Kimberlyside,Landmark,"46.2792, -42.9311"
Park of Lake Brenda,Достопримечательность,"26.9819, -73.4002"
Square of East Jerry,Пляж,"26.0114, -61.8082"
Park of West Jesse,Famous Intersection,"45.1025, 100.4263"
Castle of Peterstown,Mountain Peak,"-49.8163, 105.1847"
Парк с. Тула,Музей,"7.0586, 36.2171"
Парк ст. Кострома,Landmark,"-63.2373, -168.9282"
Парк клх Орел,Парк,"-50.4062, -45.7446"
Озеро г. Углич,Mountain Peak,"64.975, -150.8985"
Lake of New Nancyshire,Достопримечательность,"36.0942, -168.2782"
Castle of Stephanieside,Парк,"-29.8012, 126.1399"
Замок клх Мезень,Достопримечательность,"68.0335, 109.6956"
Площадь клх Кижи,Museum,"69.889, -49.6312"
Castle of Calhounhaven,Храм,"51.436, 168.4448"
Парк п. Хоста,Famous Intersection,"49.5441, 122.795"
Castle of Chaseview,Famous Intersection,"-27.9684, 123.5866"
Square of Michaelastad,Парк,"10.2673, 55.5378"
Park of Connerbury,Достопримечательность,"-5.6343, 166.522"
Lake of Lake Jeffrey,Природный объект,"55.3772, -127.2517"
Lake of Stephenfort,Beach,"9.6485, 68.3913"
Музей п. Городовиковск,Beach,"-14.3179, -68.3456"
Lake of Larsentown,Historic Site,"-64.1748, 148.0956"
Lake of East Joshua,Public Park,"-7.558, 110.3063"
Park of South Amyview,Исторический район,"-1.9831, 67.2251"
Lake of Lake Robinland,Храм,"6.8378, -94.8376"
Castle of Maysberg,Храм,"8.2372, 106.244"
Museum of Taylortown,Museum,"-27.0678, 72.3961"
Площадь д. Тосно,Парк,"6.8261, -14.3833"
Замок п. Серафимович,Landmark,"42.404, 105.7576"
Замок к. Забайкальск,Mountain Peak,"57.9922, -154.971"
Museum of East Michaelport,Пляж,"-55.319, 41.4553"
Castle of Huynhbury,Достопримечательность,"-16.7621, -30.4645"
Замок г. Ижевск,Famous Intersection,"14.6827, 123.1788"
Park of Tinaville,Nature Reserve,"-36.5619, -8.4265"
Museum of East Joseland,Famous Intersection,"12.6829, 56.2168"
Парк ст. Находка,Музей,"-28.3041, -132.7018"
