user_id,trigger_at,is_sent
8030,2026-08-19 03:15:00,FALSE
2303,2025-01-28 09:30:00,TRUE
3325,2025-11-07 04:15:00,TRUE
4442,2025-02-04 20:45:00,TRUE
4345,2025-10-31 06:30:00,TRUE
4045,2027-04-15 00:30:00,FALSE
6606,2025-12-23 08:45:00,TRUE
978,2027-01-04 16:30:00,FALSE
1387,2027-07-25 11:45:00,FALSE
7274,2027-10-28 00:00:00,FALSE
9242,2025-12-14 00:30:00,TRUE
6275,2026-09-09 15:15:00,FALSE
6025,2025-01-22 17:30:00,TRUE
6061,2026-09-19 10:30:00,FALSE
4534,2027-02-08 13:00:00,FALSE
9677,2027-08-24 00:00:00,FALSE
2073,2025-05-06 03:00:00,TRUE
7966,2026-08-25 09:45:00,FALSE
9387,2027-08-11 01:30:00,FALSE
1405,2027-02-18 01:00:00,FALSE
5697,2025-06-07 06:15:00,TRUE
9770,2025-01-19 22:00:00,TRUE
7189,2026-09-11 23:15:00,FALSE
188,2027-04-16 22:00:00,FALSE
3239,2026-02-08 11:00:00,TRUE
216,2025-05-15 14:45:00,TRUE
4748,2026-04-05 18:00:00,TRUE
2518,2027-03-31 07:00:00,FALSE
4177,2026-09-05 13:30:00,FALSE
9286,2025-03-06 07:30:00,TRUE
9896,2026-11-20 16:45:00,FALSE
749,2025-12-06 14:45:00,TRUE
5761,2027-09-02 12:00:00,FALSE
9443,2025-12-25 19:00:00,TRUE
2127,2027-03-13 01:30:00,FALSE
5989,2026-08-26 00:45:00,FALSE
1311,2027-12-29 21:15:00,FALSE
5134,2027-08-20 18:00:00,FALSE
4949,2025-03-03 16:45:00,TRUE
7774,2027-04-28 06:15:00,FALSE
3277,2025-03-04 12:00:00,TRUE
1941,2027-10-10 12:45:00,FALSE
3191,2027-02-08 04:15:00,FALSE
472,2026-07-16 12:15:00,FALSE
5174,2027-01-13 14:45:00,FALSE
9181,2027-09-05 23:15:00,FALSE
388,2027-05-27 13:30:00,FALSE
3129,2027-02-17 02:45:00,FALSE
1612,2026-12-15 17:00:00,FALSE
9386,2027-11-03 07:15:00,FALSE
5634,2025-04-20 02:30:00,TRUE
8879,2027-06-30 09:00:00,FALSE
1007,2026-12-10 14:00:00,FALSE
8055,2025-10-25 23:15:00,TRUE
4813,2027-12-12 08:15:00,FALSE
1830,2027-12-17 17:45:00,FALSE
10001,2027-06-29 10:15:00,FALSE
8819,2026-09-07 16:15:00,FALSE
6978,2027-12-15 11:00:00,FALSE
5945,2026-03-07 00:15:00,TRUE
7625,2026-07-14 08:15:00,FALSE
4340,2026-12-02 14:30:00,FALSE
258,2027-01-16 15:30:00,FALSE
9214,2027-10-29 18:45:00,FALSE
2650,2025-09-10 13:15:00,TRUE
7557,2027-06-05 02:45:00,FALSE
9976,2026-09-15 20:45:00,FALSE
9573,2026-08-24 15:45:00,FALSE
5596,2025-04-13 10:15:00,TRUE
7298,2027-01-01 11:00:00,FALSE
4802,2027-12-22 03:45:00,FALSE
2403,2027-09-09 20:30:00,FALSE
9631,2025-12-13 15:00:00,TRUE
3460,2027-01-10 01:00:00,FALSE
112,2026-01-24 09:15:00,TRUE
3464,2025-09-26 11:15:00,TRUE
9262,2025-01-20 12:00:00,TRUE
9201,2026-11-11 03:00:00,FALSE
8317,2026-08-15 00:30:00,FALSE
7450,2027-08-04 11:45:00,FALSE
5676,2027-01-23 06:45:00,FALSE
7351,2026-09-21 22:00:00,FALSE
8570,2027-04-01 18:45:00,FALSE
7372,2025-02-05 14:30:00,TRUE
2069,2026-07-27 21:15:00,FALSE
1454,2025-03-19 07:15:00,TRUE
935,2025-04-22 19:15:00,TRUE
4930,2026-08-08 23:30:00,FALSE
4052,2026-10-22 10:00:00,FALSE
6176,2027-05-26 16:30:00,FALSE
7848,2026-12-08 20:15:00,FALSE
10002,2026-07-25 21:15:00,FALSE
2661,2026-05-28 02:30:00,FALSE
4038,2026-01-16 07:00:00,TRUE
8696,2026-03-06 22:00:00,TRUE
3056,2027-03-08 13:15:00,FALSE
7607,2026-09-06 23:00:00,FALSE
3383,2025-12-28 06:00:00,TRUE
5918,2026-09-19 19:15:00,FALSE
9277,2026-08-22 17:15:00,FALSE
1146,2026-02-24 18:00:00,TRUE
7226,2025-10-04 17:00:00,TRUE
5205,2025-03-18 20:30:00,TRUE
374,2025-04-30 23:00:00,TRUE
1762,2027-06-11 15:00:00,FALSE
3663,2027-08-31 02:00:00,FALSE
4376,2027-08-20 03:30:00,FALSE
6138,2027-12-27 22:30:00,FALSE
8832,2026-10-06 04:30:00,FALSE
8959,2025-08-10 07:30:00,TRUE
9026,2025-08-19 19:30:00,TRUE
7210,2027-07-21 11:00:00,FALSE
2214,2026-01-19 14:45:00,TRUE
7036,2026-07-28 15:45:00,FALSE
936,2027-09-15 15:45:00,FALSE
7523,2027-03-09 14:00:00,FALSE
6736,2027-01-31 03:15:00,FALSE
7108,2027-06-26 19:45:00,FALSE
1041,2025-11-04 18:45:00,TRUE
1886,2027-02-04 11:45:00,FALSE
5823,2027-10-24 17:30:00,FALSE
9552,2027-06-13 04:00:00,FALSE
88,2027-11-21 03:30:00,FALSE
6507,2027-08-26 01:15:00,FALSE
8638,2026-12-08 12:00:00,FALSE
7556,2025-06-19 02:00:00,TRUE
8658,2027-06-10 04:15:00,FALSE
4303,2025-10-28 06:00:00,TRUE
7011,2026-12-07 11:45:00,FALSE
5460,2025-08-29 01:45:00,TRUE
1299,2027-12-14 16:15:00,FALSE
3292,2027-07-09 13:15:00,FALSE
2265,2026-09-30 08:30:00,FALSE
333,2026-06-28 03:15:00,FALSE
5456,2026-10-26 22:00:00,FALSE
7345,2027-11-25 01:00:00,FALSE
3846,2026-09-24 23:00:00,FALSE
3679,2026-07-12 14:00:00,FALSE
6548,2025-12-20 03:15:00,TRUE
9843,2027-12-08 04:15:00,FALSE
3013,2027-11-28 03:00:00,FALSE
8303,2026-09-28 07:30:00,FALSE
6749,2026-04-15 00:30:00,TRUE
6191,2025-05-25 21:30:00,TRUE
8614,2026-08-09 02:30:00,FALSE
8851,2025-04-28 05:45:00,TRUE
3109,2027-02-17 23:00:00,FALSE
2627,2026-08-23 10:15:00,FALSE
7062,2025-10-21 07:30:00,TRUE
7393,2025-08-12 12:00:00,TRUE
308,2025-01-08 10:45:00,TRUE
9908,2026-03-11 09:30:00,TRUE
6829,2026-05-21 18:45:00,FALSE
9478,2025-03-21 02:45:00,TRUE
5710,2025-09-05 14:30:00,TRUE
1429,2025-08-28 00:00:00,TRUE
2664,2027-12-25 01:00:00,FALSE
5095,2025-05-31 14:45:00,TRUE
1088,2027-11-27 22:00:00,FALSE
9699,2026-12-03 02:15:00,FALSE
6436,2026-09-20 09:15:00,FALSE
2130,2025-04-30 02:00:00,TRUE
1739,2026-03-19 01:00:00,TRUE
1525,2026-11-13 14:00:00,FALSE
1210,2026-08-10 20:00:00,FALSE
9223,2027-10-25 08:15:00,FALSE
3125,2027-01-11 05:45:00,FALSE
6464,2026-05-24 15:30:00,FALSE
7036,2027-08-23 21:30:00,FALSE
213,2026-02-05 01:45:00,TRUE
2007,2027-01-23 18:30:00,FALSE
8284,2026-11-21 06:30:00,FALSE
5479,2025-05-17 14:30:00,TRUE
8988,2026-08-13 12:45:00,FALSE
9633,2027-12-18 16:45:00,FALSE
6440,2026-01-05 18:45:00,TRUE
4035,2025-07-15 17:00:00,TRUE
4109,2026-11-27 11:45:00,FALSE
3342,2026-01-26 06:15:00,TRUE
3884,2025-10-02 13:30:00,TRUE
916,2026-12-21 14:45:00,FALSE
7235,2025-09-17 06:00:00,TRUE
746,2027-07-15 01:15:00,FALSE
6061,2027-05-10 19:00:00,FALSE
3681,2026-07-12 07:45:00,FALSE
2897,2026-09-28 21:15:00,FALSE
5721,2025-05-25 03:15:00,TRUE
7724,2025-04-21 07:45:00,TRUE
6201,2027-05-16 04:30:00,FALSE
6837,2026-04-23 06:45:00,TRUE
8319,2025-06-14 10:15:00,TRUE
9384,2025-06-23 14:45:00,TRUE
4965,2025-04-03 08:30:00,TRUE
4841,2025-05-12 05:45:00,TRUE
4824,2027-09-29 07:45:00,FALSE
5357,2025-02-26 09:15:00,TRUE
5435,2026-09-13 01:45:00,FALSE
4864,2026-03-12 22:00:00,TRUE
4713,2026-02-02 00:00:00,TRUE
9411,2026-04-28 02:15:00,TRUE
5500,2027-12-11 22:00:00,FALSE
7200,2027-01-08 02:15:00,FALSE
959,2026-12-06 02:45:00,FALSE
5262,2025-09-20 20:30:00,TRUE
3551,2026-02-05 05:45:00,TRUE
5788,2027-11-01 05:45:00,FALSE
6776,2027-11-27 10:00:00,FALSE
2438,2025-04-26 06:00:00,TRUE
7002,2025-04-04 01:00:00,TRUE
7608,2027-08-27 13:45:00,FALSE
6378,2027-04-10 13:15:00,FALSE
7541,2025-08-01 16:15:00,TRUE
18,2027-09-18 21:45:00,FALSE
3150,2025-09-26 10:45:00,TRUE
5700,2025-06-05 03:15:00,TRUE
4942,2027-06-13 16:30:00,FALSE
212,2025-01-08 19:15:00,TRUE
4675,2026-05-16 20:45:00,FALSE
994,2027-12-04 13:15:00,FALSE
6016,2027-09-19 00:15:00,FALSE
9146,2025-01-22 04:15:00,TRUE
6881,2025-07-01 23:30:00,TRUE
7434,2026-01-18 23:15:00,TRUE
5067,2025-04-18 20:30:00,TRUE
3429,2027-03-05 15:00:00,FALSE
7909,2026-02-04 05:30:00,TRUE
3856,2026-06-28 14:45:00,FALSE
9148,2025-07-27 08:30:00,TRUE
4239,2025-08-06 11:15:00,TRUE
7679,2026-09-25 03:30:00,FALSE
7373,2025-02-28 04:30:00,TRUE
3928,2026-07-11 06:15:00,FALSE
2841,2025-06-16 00:30:00,TRUE
7346,2025-12-02 09:30:00,TRUE
9550,2027-12-04 12:00:00,FALSE
6433,2027-11-27 15:00:00,FALSE
2887,2026-03-07 19:30:00,TRUE
5440,2027-08-07 07:30:00,FALSE
1742,2026-11-06 00:15:00,FALSE
6588,2025-10-26 05:15:00,TRUE
3691,2026-10-21 04:00:00,FALSE
1614,2026-07-02 11:30:00,FALSE
4893,2025-09-19 12:15:00,TRUE
8316,2027-05-11 01:30:00,FALSE
1718,2025-08-19 05:00:00,TRUE
5341,2026-05-01 17:15:00,TRUE
4143,2027-07-26 08:45:00,FALSE
2836,2026-12-10 17:15:00,FALSE
412,2025-04-11 00:45:00,TRUE
4325,2025-07-27 01:15:00,TRUE
7967,2025-04-03 16:00:00,TRUE
3707,2026-11-27 01:15:00,FALSE
4923,2025-05-30 00:00:00,TRUE
8637,2026-06-07 00:45:00,FALSE
1465,2027-08-14 15:15:00,FALSE
5351,2027-02-03 20:30:00,FALSE
6223,2027-02-08 11:45:00,FALSE
6144,2026-04-26 13:15:00,TRUE
2302,2026-02-08 17:00:00,TRUE
5348,2027-08-02 06:45:00,FALSE
7497,2026-03-27 14:00:00,TRUE
7844,2027-02-16 23:45:00,FALSE
9954,2027-07-04 21:00:00,FALSE
3998,2025-07-15 00:15:00,TRUE
6824,2026-04-08 09:45:00,TRUE
9549,2025-06-19 15:15:00,TRUE
2109,2027-07-18 17:00:00,FALSE
8329,2025-09-24 14:30:00,TRUE
7638,2027-11-26 16:00:00,FALSE
949,2025-09-08 03:00:00,TRUE
2662,2026-08-15 17:30:00,FALSE
8920,2025-12-19 19:45:00,TRUE
2030,2027-06-28 23:15:00,FALSE
6736,2026-12-04 14:15:00,FALSE
4415,2025-02-10 03:15:00,TRUE
6833,2025-03-23 18:15:00,TRUE
7466,2026-03-05 11:15:00,TRUE
1296,2026-08-31 18:30:00,FALSE
1911,2026-02-20 23:45:00,TRUE
5454,2026-06-15 06:30:00,FALSE
3691,2027-04-08 05:00:00,FALSE
7721,2026-07-26 22:45:00,FALSE
8938,2026-06-04 05:15:00,FALSE
4922,2026-07-09 13:00:00,FALSE
6489,2026-09-15 09:15:00,FALSE
6779,2027-10-10 07:00:00,FALSE
8468,2026-11-10 14:15:00,FALSE
8371,2026-02-05 14:15:00,TRUE
9980,2026-05-30 06:00:00,FALSE
8651,2026-05-29 21:30:00,FALSE
779,2027-12-12 10:45:00,FALSE
7163,2026-01-23 14:45:00,TRUE
3063,2025-02-02 17:15:00,TRUE
3834,2025-01-06 04:45:00,TRUE
5956,2026-03-18 14:00:00,TRUE
6603,2026-07-30 04:15:00,FALSE
7597,2027-09-06 04:45:00,FALSE
9540,2027-05-23 18:30:00,FALSE
691,2027-11-01 15:45:00,FALSE
4862,2026-10-29 01:45:00,FALSE
3468,2025-06-02 18:45:00,TRUE
8100,2025-10-16 10:15:00,TRUE
1247,2026-07-05 23:30:00,FALSE
5061,2025-02-26 22:30:00,TRUE
8134,2026-12-13 15:30:00,FALSE
125,2026-03-30 07:45:00,TRUE
2065,2025-10-18 08:15:00,TRUE
3117,2027-02-05 17:45:00,FALSE
4201,2027-10-14 21:30:00,FALSE
4689,2026-08-13 19:00:00,FALSE
2354,2025-06-01 18:00:00,TRUE
3204,2026-01-17 07:00:00,TRUE
2557,2026-12-03 11:00:00,FALSE
2133,2025-11-03 22:30:00,TRUE
1376,2026-01-02 22:30:00,TRUE
4239,2025-10-21 20:30:00,TRUE
3112,2026-06-30 02:15:00,FALSE
5360,2025-07-11 08:00:00,TRUE
8587,2025-04-11 16:00:00,TRUE
9096,2025-03-02 12:00:00,TRUE
4589,2026-06-01 06:15:00,FALSE
3708,2026-08-09 22:45:00,FALSE
6735,2027-09-27 22:15:00,FALSE
3125,2027-11-02 22:15:00,FALSE
9977,2026-01-02 14:30:00,TRUE
5131,2026-07-01 05:00:00,FALSE
2677,2027-03-23 02:45:00,FALSE
5922,2026-05-08 07:30:00,TRUE
2689,2026-04-27 15:45:00,TRUE
9823,2025-10-16 11:45:00,TRUE
3344,2026-03-07 19:15:00,TRUE
5921,2026-12-14 23:00:00,FALSE
7533,2026-02-10 18:15:00,TRUE
9096,2026-01-19 13:45:00,TRUE
6969,2027-11-10 22:30:00,FALSE
4100,2027-08-20 12:00:00,FALSE
5222,2026-05-11 10:00:00,TRUE
2028,2027-01-01 21:15:00,FALSE
1620,2026-01-11 22:15:00,TRUE
291,2025-03-14 08:30:00,TRUE
4262,2027-06-18 20:45:00,FALSE
5554,2025-07-11 20:30:00,TRUE
5120,2026-11-06 10:30:00,FALSE
8682,2025-12-06 17:00:00,TRUE
9962,2025-05-23 07:15:00,TRUE
6696,2026-02-19 05:30:00,TRUE
3592,2025-05-06 08:00:00,TRUE
7590,2026-11-08 10:00:00,FALSE
2125,2025-05-04 18:15:00,TRUE
2227,2025-06-14 12:30:00,TRUE
2868,2026-12-15 22:45:00,FALSE
7145,2027-08-18 18:30:00,FALSE
3360,2025-01-31 03:45:00,TRUE
1803,2026-09-14 22:30:00,FALSE
5914,2027-03-30 20:45:00,FALSE
5870,2026-02-12 18:45:00,TRUE
3817,2027-09-06 16:45:00,FALSE
5350,2027-12-15 00:30:00,FALSE
7815,2026-04-07 19:45:00,TRUE
7788,2027-01-15 09:00:00,FALSE
4465,2027-07-24 05:45:00,FALSE
3437,2025-03-01 15:00:00,TRUE
538,2025-02-27 17:00:00,TRUE
4575,2027-03-31 02:45:00,FALSE
7374,2027-08-28 04:45:00,FALSE
936,2027-09-06 05:45:00,FALSE
6970,2027-12-12 21:00:00,FALSE
1479,2027-04-28 00:30:00,FALSE
1295,2027-07-16 13:00:00,FALSE
1262,2026-12-11 23:00:00,FALSE
5554,2026-11-14 13:45:00,FALSE
3479,2025-04-05 20:00:00,TRUE
6701,2027-05-24 23:00:00,FALSE
1658,2027-12-09 17:30:00,FALSE
4146,2025-11-11 09:45:00,TRUE
6809,2025-06-08 11:00:00,TRUE
2365,2025-03-10 03:45:00,TRUE
1757,2025-03-09 07:15:00,TRUE
4811,2026-08-15 20:15:00,FALSE
8871,2026-06-02 12:30:00,FALSE
4899,2027-10-27 16:45:00,FALSE
8542,2026-04-28 06:45:00,TRUE
1697,2026-11-12 15:15:00,FALSE
4297,2025-04-08 05:30:00,TRUE
1467,2025-02-18 20:15:00,TRUE
4725,2026-03-15 16:30:00,TRUE
1638,2027-06-21 16:30:00,FALSE
8842,2027-04-15 22:30:00,FALSE
6694,2027-11-23 08:00:00,FALSE
6014,2027-04-24 06:30:00,FALSE
8449,2025-10-27 12:45:00,TRUE
164,2025-06-04 09:30:00,TRUE
8291,2026-05-01 09:15:00,TRUE
2901,2025-08-29 20:30:00,TRUE
75,2025-07-13 23:45:00,TRUE
2259,2027-05-09 14:45:00,FALSE
7177,2025-05-09 07:00:00,TRUE
9243,2025-03-23 11:00:00,TRUE
4713,2026-12-09 19:00:00,FALSE
1095,2026-03-16 04:30:00,TRUE
1437,2025-03-09 10:00:00,TRUE
8023,2026-08-26 05:00:00,FALSE
7522,2025-06-21 01:45:00,TRUE
3929,2026-09-12 08:45:00,FALSE
3334,2026-09-22 18:15:00,FALSE
5924,2027-03-29 11:30:00,FALSE
7492,2027-06-12 10:30:00,FALSE
900,2025-09-11 12:15:00,TRUE
7795,2025-11-24 15:45:00,TRUE
6279,2026-05-06 13:45:00,TRUE
9598,2027-11-28 03:30:00,FALSE
9486,2026-06-27 18:45:00,FALSE
6001,2025-03-03 22:00:00,TRUE
5965,2026-01-02 15:00:00,TRUE
5398,2025-11-04 14:00:00,TRUE
3638,2025-06-08 01:45:00,TRUE
2342,2027-06-02 02:45:00,FALSE
5205,2026-08-17 02:00:00,FALSE
5251,2026-09-16 18:15:00,FALSE
4260,2027-10-07 18:45:00,FALSE
5830,2027-01-15 11:45:00,FALSE
1013,2026-05-10 20:00:00,TRUE
4118,2025-12-05 11:45:00,TRUE
1720,2027-04-16 05:00:00,FALSE
3591,2025-11-05 06:15:00,TRUE
4000,2026-01-19 20:15:00,TRUE
8947,2027-03-07 11:00:00,FALSE
358,2027-08-17 19:00:00,FALSE
2258,2025-03-15 22:00:00,TRUE
1353,2026-11-24 00:30:00,FALSE
3962,2025-11-22 21:00:00,TRUE
3459,2025-08-29 10:15:00,TRUE
7226,2025-12-28 22:00:00,TRUE
5443,2025-12-02 07:45:00,TRUE
4665,2025-09-13 10:00:00,TRUE
3890,2026-06-27 15:45:00,FALSE
548,2025-11-24 04:00:00,TRUE
4275,2025-09-23 02:15:00,TRUE
5769,2026-01-06 21:30:00,TRUE
6088,2025-05-06 21:45:00,TRUE
594,2025-11-30 05:45:00,TRUE
6151,2026-02-11 23:00:00,TRUE
4839,2027-02-10 02:30:00,FALSE
2912,2027-04-27 05:30:00,FALSE
762,2027-12-26 11:15:00,FALSE
7462,2026-03-24 14:00:00,TRUE
341,2025-09-03 20:00:00,TRUE
2837,2026-02-20 03:00:00,TRUE
7378,2027-02-05 11:45:00,FALSE
2769,2025-06-26 17:45:00,TRUE
9365,2025-04-20 14:15:00,TRUE
875,2025-05-16 16:00:00,TRUE
246,2027-11-21 01:45:00,FALSE
3970,2026-02-17 15:00:00,TRUE
7553,2027-08-29 19:15:00,FALSE
4358,2025-06-12 23:45:00,TRUE
5713,2026-09-12 07:30:00,FALSE
9818,2025-08-18 03:45:00,TRUE
9887,2027-10-06 23:30:00,FALSE
7818,2026-03-04 19:15:00,TRUE
9207,2027-03-03 09:00:00,FALSE
8497,2026-05-02 06:00:00,TRUE
134,2026-01-22 19:15:00,TRUE
8868,2025-07-17 08:45:00,TRUE
7623,2025-04-14 09:15:00,TRUE
3724,2026-10-19 13:15:00,FALSE
1541,2026-11-09 13:45:00,FALSE
8029,2025-09-02 14:00:00,TRUE
1817,2025-09-19 05:15:00,TRUE
3174,2027-02-07 23:30:00,FALSE
1904,2026-08-30 08:00:00,FALSE
5906,2025-01-13 07:15:00,TRUE
7745,2027-06-17 02:00:00,FALSE
4924,2027-03-13 10:15:00,FALSE
8204,2026-07-19 09:00:00,FALSE
4419,2027-04-02 21:45:00,FALSE
4514,2027-03-02 20:30:00,FALSE
5865,2025-12-28 09:15:00,TRUE
4239,2026-12-24 23:00:00,FALSE
4958,2025-03-14 11:15:00,TRUE
3109,2026-12-08 04:45:00,FALSE
2917,2027-08-02 21:00:00,FALSE
1837,2026-06-19 08:45:00,FALSE
900,2027-11-21 10:00:00,FALSE
8825,2025-01-20 08:15:00,TRUE
2072,2025-10-15 18:45:00,TRUE
9702,2025-02-14 10:45:00,TRUE
8355,2026-03-18 20:00:00,TRUE
5264,2026-04-11 05:00:00,TRUE
1689,2027-09-30 19:15:00,FALSE
7235,2025-12-07 09:15:00,TRUE
6898,2026-08-05 23:30:00,FALSE
8757,2025-04-07 23:00:00,TRUE
4324,2027-12-23 20:45:00,FALSE
9619,2026-11-12 17:30:00,FALSE
776,2027-06-25 16:00:00,FALSE
1912,2027-02-17 00:30:00,FALSE
6625,2026-08-12 09:00:00,FALSE
193,2025-10-04 10:45:00,TRUE
4495,2026-02-27 09:45:00,TRUE
1341,2026-07-29 17:15:00,FALSE
3422,2027-07-06 18:00:00,FALSE
6308,2026-10-13 11:00:00,FALSE
6758,2026-09-20 16:30:00,FALSE
5508,2027-05-25 14:30:00,FALSE
8893,2026-02-01 07:15:00,TRUE
8445,2027-08-22 01:15:00,FALSE
5100,2026-07-18 15:00:00,FALSE
5148,2027-03-04 10:15:00,FALSE
1182,2025-02-24 06:30:00,TRUE
3853,2025-06-30 07:45:00,TRUE
7643,2027-08-13 07:45:00,FALSE
5208,2025-11-23 04:15:00,TRUE
7104,2026-12-28 18:30:00,FALSE
6804,2025-05-10 13:15:00,TRUE
1415,2026-10-16 01:15:00,FALSE
7548,2027-06-01 01:00:00,FALSE
7273,2025-07-22 10:00:00,TRUE
1324,2027-02-22 10:30:00,FALSE
8814,2025-01-28 08:45:00,TRUE
7937,2025-05-16 05:45:00,TRUE
4681,2025-07-06 09:45:00,TRUE
3484,2027-09-18 06:15:00,FALSE
3902,2025-11-25 18:15:00,TRUE
1756,2027-08-25 08:45:00,FALSE
4646,2025-08-16 17:15:00,TRUE
6963,2027-05-30 10:00:00,FALSE
884,2025-10-10 02:45:00,TRUE
7671,2025-04-29 13:45:00,TRUE
8314,2027-03-11 00:00:00,FALSE
7178,2027-11-15 19:45:00,FALSE
429,2025-08-28 03:15:00,TRUE
5242,2026-02-15 17:30:00,TRUE
985,2025-09-21 00:15:00,TRUE
1953,2026-04-29 09:45:00,TRUE
7963,2027-10-12 15:00:00,FALSE
9441,2026-04-23 11:15:00,TRUE
2217,2026-02-10 17:45:00,TRUE
6585,2027-12-26 03:15:00,FALSE
2485,2025-01-22 22:30:00,TRUE
5187,2025-06-27 01:45:00,TRUE
2064,2025-01-05 18:00:00,TRUE
1423,2026-09-15 23:15:00,FALSE
2603,2027-08-09 13:00:00,FALSE
2282,2027-07-27 21:00:00,FALSE
2676,2027-08-27 16:30:00,FALSE
4836,2027-03-26 08:30:00,FALSE
4253,2027-02-01 11:15:00,FALSE
982,2027-09-17 13:15:00,FALSE
8533,2027-09-09 19:15:00,FALSE
8726,2027-05-09 10:00:00,FALSE
995,2025-10-31 11:00:00,TRUE
4316,2026-10-16 02:00:00,FALSE
479,2027-01-23 04:00:00,FALSE
9266,2025-06-14 12:00:00,TRUE
8024,2027-04-12 04:00:00,FALSE
4142,2026-05-28 04:15:00,FALSE
2722,2026-07-14 01:15:00,FALSE
4504,2027-03-05 08:00:00,FALSE
2198,2025-03-31 11:30:00,TRUE
7087,2026-05-05 04:45:00,TRUE
2719,2027-11-14 11:45:00,FALSE
3318,2027-04-17 07:45:00,FALSE
1486,2027-11-30 05:45:00,FALSE
1704,2027-05-10 21:15:00,FALSE
8100,2027-08-22 16:45:00,FALSE
1931,2027-03-12 12:15:00,FALSE
8201,2027-08-27 22:15:00,FALSE
7494,2025-09-12 16:45:00,TRUE
7143,2026-06-08 07:45:00,FALSE
1214,2026-08-17 21:15:00,FALSE
5359,2027-10-10 12:45:00,FALSE
1765,2027-09-07 05:00:00,FALSE
2948,2026-11-04 23:00:00,FALSE
2595,2025-04-18 21:00:00,TRUE
4083,2026-08-05 04:00:00,FALSE
7689,2025-05-18 13:15:00,TRUE
4740,2027-04-26 01:30:00,FALSE
4808,2026-12-30 01:30:00,FALSE
9431,2027-07-01 06:00:00,FALSE
9931,2025-03-31 07:45:00,TRUE
3984,2027-06-19 15:15:00,FALSE
4196,2027-06-15 00:30:00,FALSE
6030,2025-09-05 04:15:00,TRUE
407,2025-10-09 20:15:00,TRUE
4863,2027-07-19 15:45:00,FALSE
330,2027-03-15 05:45:00,FALSE
7598,2025-09-11 22:45:00,TRUE
6199,2027-01-21 16:00:00,FALSE
8661,2025-09-06 15:00:00,TRUE
9545,2025-02-26 04:15:00,TRUE
2520,2027-03-09 22:30:00,FALSE
6595,2025-05-14 09:00:00,TRUE
5590,2025-10-13 03:00:00,TRUE
8882,2025-03-04 05:15:00,TRUE
8310,2027-12-27 16:45:00,FALSE
9552,2026-08-15 23:15:00,FALSE
2086,2025-08-07 17:30:00,TRUE
1415,2025-11-25 23:00:00,TRUE
2510,2025-09-06 12:15:00,TRUE
5284,2027-06-02 19:30:00,FALSE
9236,2025-12-26 16:30:00,TRUE
3017,2026-02-20 21:00:00,TRUE
2149,2025-06-04 01:15:00,TRUE
2692,2025-02-08 17:15:00,TRUE
7133,2025-01-14 16:00:00,TRUE
8525,2025-05-02 10:45:00,TRUE
502,2026-11-27 04:00:00,FALSE
2458,2025-01-13 17:30:00,TRUE
4980,2025-01-15 04:00:00,TRUE
2425,2025-06-09 21:45:00,TRUE
9188,2026-05-27 00:15:00,FALSE
1168,2025-02-23 01:45:00,TRUE
9627,2025-07-14 07:15:00,TRUE
3215,2025-08-07 14:00:00,TRUE
927,2025-07-15 12:15:00,TRUE
8839,2027-12-06 06:00:00,FALSE
7033,2027-02-10 19:45:00,FALSE
6698,2026-03-21 14:30:00,TRUE
1839,2027-05-02 10:15:00,FALSE
5829,2027-04-23 07:30:00,FALSE
6101,2027-02-04 22:45:00,FALSE
6692,2026-08-01 05:30:00,FALSE
9198,2026-01-23 13:30:00,TRUE
4899,2027-07-16 04:30:00,FALSE
8287,2026-04-20 16:30:00,TRUE
7474,2027-02-01 20:00:00,FALSE
9169,2027-01-01 19:45:00,FALSE
2693,2027-08-25 18:30:00,FALSE
247,2027-04-22 19:30:00,FALSE
6876,2025-01-05 16:30:00,TRUE
8344,2027-12-08 21:15:00,FALSE
1202,2025-03-17 23:30:00,TRUE
4314,2026-06-17 01:00:00,FALSE
3530,2026-09-20 19:15:00,FALSE
9136,2027-05-12 02:15:00,FALSE
1797,2026-03-06 21:30:00,TRUE
4432,2025-09-04 17:30:00,TRUE
7413,2026-05-11 00:00:00,TRUE
1237,2026-09-16 19:00:00,FALSE
3981,2025-12-26 05:30:00,TRUE
9484,2027-05-20 23:45:00,FALSE
8268,2026-07-04 18:00:00,FALSE
5352,2027-07-26 17:00:00,FALSE
1869,2027-09-07 12:15:00,FALSE
5941,2025-05-05 23:00:00,TRUE
170,2027-04-19 07:45:00,FALSE
3642,2027-07-20 11:15:00,FALSE
427,2027-07-29 14:15:00,FALSE
8866,2027-11-03 02:00:00,FALSE
2028,2025-01-27 19:30:00,TRUE
9138,2025-01-29 12:00:00,TRUE
7564,2025-02-13 00:30:00,TRUE
6859,2025-02-14 18:30:00,TRUE
989,2027-04-26 17:30:00,FALSE
4034,2026-04-11 11:00:00,TRUE
401,2026-02-16 17:45:00,TRUE
1930,2026-12-11 08:45:00,FALSE
5014,2025-04-26 23:00:00,TRUE
5934,2026-01-12 04:30:00,TRUE
6536,2025-05-28 14:45:00,TRUE
8008,2025-01-28 11:15:00,TRUE
7040,2026-07-23 05:45:00,FALSE
7995,2025-05-26 19:30:00,TRUE
8599,2025-01-25 15:45:00,TRUE
309,2025-02-01 12:30:00,TRUE
3655,2027-04-25 18:00:00,FALSE
7311,2027-12-15 20:15:00,FALSE
4266,2026-10-14 08:00:00,FALSE
7537,2026-08-22 17:30:00,FALSE
8678,2025-10-10 01:30:00,TRUE
7696,2026-01-18 18:45:00,TRUE
7343,2027-01-23 18:15:00,FALSE
55,2025-08-18 23:15:00,TRUE
5718,2025-02-05 23:30:00,TRUE
5429,2026-03-26 23:45:00,TRUE
7985,2027-06-02 14:00:00,FALSE
353,2026-07-09 07:45:00,FALSE
8128,2027-10-08 21:45:00,FALSE
2585,2025-05-24 05:30:00,TRUE
4774,2026-07-31 13:15:00,FALSE
1429,2027-10-09 22:15:00,FALSE
165,2027-07-29 17:00:00,FALSE
4759,2027-04-29 19:45:00,FALSE
8062,2027-01-13 01:15:00,FALSE
10002,2025-04-03 06:45:00,TRUE
6641,2026-03-01 20:00:00,TRUE
6179,2026-04-29 21:00:00,TRUE
9882,2025-01-18 14:00:00,TRUE
3474,2027-02-28 06:45:00,FALSE
7637,2027-09-12 22:45:00,FALSE
6088,2025-06-04 08:15:00,TRUE
9941,2026-01-15 23:45:00,TRUE
409,2026-12-27 20:30:00,FALSE
3628,2025-07-17 20:30:00,TRUE
7718,2027-04-12 15:30:00,FALSE
1959,2025-08-08 03:00:00,TRUE
7327,2025-06-04 19:00:00,TRUE
135,2025-03-09 21:45:00,TRUE
9047,2027-10-07 06:00:00,FALSE
1826,2027-07-16 13:30:00,FALSE
5519,2027-01-19 21:30:00,FALSE
5835,2025-09-16 11:00:00,TRUE
9204,2026-02-19 22:45:00,TRUE
2646,2027-04-09 10:00:00,FALSE
3915,2027-05-18 12:15:00,FALSE
4173,2026-06-08 00:15:00,FALSE
6188,2025-02-23 22:45:00,TRUE
9399,2027-07-29 09:30:00,FALSE
1112,2026-08-13 15:15:00,FALSE
5937,2025-06-17 22:15:00,TRUE
3431,2026-04-15 08:45:00,TRUE
1476,2027-03-31 14:00:00,FALSE
3419,2027-09-19 05:30:00,FALSE
5124,2027-05-31 22:00:00,FALSE
9278,2026-08-03 19:15:00,FALSE
4538,2027-02-09 14:00:00,FALSE
3077,2026-11-05 01:15:00,FALSE
9097,2026-10-30 03:15:00,FALSE
9031,2026-10-15 05:30:00,FALSE
98,2025-10-13 09:45:00,TRUE
9314,2025-03-31 23:15:00,TRUE
1746,2027-10-10 05:15:00,FALSE
3682,2026-08-17 12:00:00,FALSE
8544,2027-08-24 13:00:00,FALSE
10008,2025-12-27 15:15:00,TRUE
4653,2025-11-18 13:00:00,TRUE
9529,2027-05-13 23:45:00,FALSE
4528,2025-06-17 08:45:00,TRUE
6014,2027-01-06 04:30:00,FALSE
9216,2025-02-22 16:00:00,TRUE
6137,2027-02-04 17:15:00,FALSE
3719,2025-04-01 05:45:00,TRUE
5362,2027-06-04 10:15:00,FALSE
985,2026-09-08 06:15:00,FALSE
6916,2026-10-07 12:15:00,FALSE
4364,2027-11-08 03:45:00,FALSE
9771,2025-03-07 20:15:00,TRUE
1195,2025-01-21 12:15:00,TRUE
1914,2026-05-06 02:30:00,TRUE
3062,2026-08-01 00:00:00,FALSE
2859,2026-09-07 16:15:00,FALSE
777,2026-07-04 03:00:00,FALSE
3963,2025-09-22 10:00:00,TRUE
4243,2025-07-29 20:30:00,TRUE
2117,2027-08-01 06:30:00,FALSE
6427,2027-03-12 12:30:00,FALSE
1904,2025-11-27 03:00:00,TRUE
4407,2025-08-08 13:30:00,TRUE
351,2026-03-14 15:00:00,TRUE
8276,2027-12-22 14:15:00,FALSE
6138,2026-11-18 09:15:00,FALSE
2648,2027-11-28 03:00:00,FALSE
135,2027-12-24 04:00:00,FALSE
192,2026-01-25 04:30:00,TRUE
1515,2026-02-01 10:45:00,TRUE
7145,2026-06-25 08:00:00,FALSE
6649,2027-02-09 17:30:00,FALSE
397,2026-11-05 12:30:00,FALSE
636,2025-07-15 17:30:00,TRUE
2315,2027-07-05 17:30:00,FALSE
7755,2027-09-30 20:45:00,FALSE
8130,2026-01-04 16:15:00,TRUE
9515,2026-10-25 13:45:00,FALSE
8318,2025-04-06 18:15:00,TRUE
2193,2027-05-07 17:30:00,FALSE
9722,2026-01-19 02:00:00,TRUE
7933,2026-11-17 00:30:00,FALSE
9824,2026-01-07 03:45:00,TRUE
937,2027-03-25 13:45:00,FALSE
7230,2026-12-30 00:00:00,FALSE
6756,2027-03-28 09:00:00,FALSE
3431,2027-01-25 17:00:00,FALSE
4514,2027-07-19 21:15:00,FALSE
2094,2026-05-25 03:45:00,FALSE
2258,2025-06-28 16:30:00,TRUE
9962,2025-08-12 07:30:00,TRUE
5066,2027-06-17 12:00:00,FALSE
7603,2025-03-18 04:30:00,TRUE
1427,2025-07-22 12:30:00,TRUE
5676,2027-10-11 01:45:00,FALSE
6964,2025-05-12 14:45:00,TRUE
9382,2026-04-03 08:15:00,TRUE
5008,2026-08-05 10:30:00,FALSE
6106,2027-09-01 03:00:00,FALSE
8028,2026-01-07 09:00:00,TRUE
1088,2027-08-16 10:45:00,FALSE
6476,2025-01-23 02:15:00,TRUE
8704,2026-04-12 10:00:00,TRUE
8237,2025-07-20 04:15:00,TRUE
8095,2026-05-07 20:45:00,TRUE
1191,2026-09-28 20:15:00,FALSE
1024,2025-03-08 08:30:00,TRUE
2060,2025-02-04 04:45:00,TRUE
8998,2025-10-03 19:00:00,TRUE
4416,2027-09-23 05:00:00,FALSE
3315,2026-09-29 10:45:00,FALSE
2813,2027-11-26 17:45:00,FALSE
9163,2027-06-20 00:15:00,FALSE
7395,2027-12-03 09:30:00,FALSE
7612,2026-10-12 21:15:00,FALSE
4423,2027-11-01 18:30:00,FALSE
953,2027-09-25 09:15:00,FALSE
8515,2027-08-25 04:45:00,FALSE
8680,2027-03-26 21:45:00,FALSE
9170,2027-11-20 23:45:00,FALSE
3820,2026-02-03 06:30:00,TRUE
3067,2025-05-15 19:45:00,TRUE
3031,2027-12-27 11:00:00,FALSE
2882,2026-01-11 22:30:00,TRUE
4687,2026-01-24 20:45:00,TRUE
9391,2027-08-23 20:30:00,FALSE
3371,2027-03-16 10:45:00,FALSE
5745,2027-07-09 18:30:00,FALSE
5068,2027-06-27 03:15:00,FALSE
3290,2026-11-25 08:45:00,FALSE
2474,2025-05-17 04:15:00,TRUE
6889,2026-02-15 17:00:00,TRUE
1640,2026-01-17 14:00:00,TRUE
257,2027-03-16 08:15:00,FALSE
9369,2026-02-22 14:00:00,TRUE
2366,2025-06-24 00:00:00,TRUE
245,2025-10-09 23:45:00,TRUE
2284,2026-01-29 12:00:00,TRUE
5782,2025-12-30 19:15:00,TRUE
6319,2025-04-14 09:15:00,TRUE
8655,2026-03-25 16:15:00,TRUE
2562,2026-04-07 05:00:00,TRUE
487,2027-03-26 19:15:00,FALSE
3435,2027-06-07 02:30:00,FALSE
3361,2025-01-16 10:45:00,TRUE
1721,2027-11-11 10:45:00,FALSE
8835,2027-02-02 00:15:00,FALSE
5908,2027-08-06 11:00:00,FALSE
8607,2027-11-16 17:15:00,FALSE
9768,2027-05-16 09:00:00,FALSE
9097,2026-06-26 18:00:00,FALSE
3077,2026-12-23 20:45:00,FALSE
5170,2025-06-21 09:00:00,TRUE
1364,2027-11-06 22:45:00,FALSE
7216,2025-08-25 20:15:00,TRUE
6399,2025-04-01 04:30:00,TRUE
6082,2026-09-15 02:15:00,FALSE
1805,2027-01-18 10:00:00,FALSE
5877,2026-12-15 19:00:00,FALSE
578,2027-02-17 23:30:00,FALSE
6794,2025-11-09 01:30:00,TRUE
2138,2027-08-15 14:00:00,FALSE
2170,2025-07-12 07:45:00,TRUE
3349,2025-11-16 21:45:00,TRUE
5142,2027-04-16 11:15:00,FALSE
8687,2026-03-05 19:00:00,TRUE
16,2026-09-26 17:00:00,FALSE
4955,2026-10-11 23:15:00,FALSE
4432,2027-09-28 19:30:00,FALSE
103,2027-01-11 18:30:00,FALSE
153,2026-10-31 03:15:00,FALSE
800,2026-01-06 09:15:00,TRUE
1216,2025-01-02 20:45:00,TRUE
1430,2027-01-02 19:15:00,FALSE
4373,2025-01-03 20:00:00,TRUE
7298,2025-06-30 00:00:00,TRUE
3532,2025-08-22 10:30:00,TRUE
4782,2025-05-28 23:15:00,TRUE
6258,2027-07-16 10:45:00,FALSE
7063,2027-06-09 14:00:00,FALSE
890,2025-12-20 19:15:00,TRUE
4944,2027-08-27 09:45:00,FALSE
5814,2026-12-01 17:00:00,FALSE
2960,2027-08-02 21:45:00,FALSE
2599,2025-02-16 07:45:00,TRUE
8528,2025-12-13 15:30:00,TRUE
6443,2026-05-26 13:45:00,FALSE
3572,2027-01-08 04:30:00,FALSE
5097,2026-03-24 10:45:00,TRUE
9942,2027-09-15 21:45:00,FALSE
3893,2025-05-26 15:30:00,TRUE
5426,2026-09-08 02:30:00,FALSE
6105,2025-01-18 07:30:00,TRUE
7480,2027-12-22 10:30:00,FALSE
8626,2027-01-01 08:30:00,FALSE
7477,2027-07-23 17:15:00,FALSE
8238,2026-12-06 11:15:00,FALSE
4346,2026-06-22 14:00:00,FALSE
6249,2025-09-08 09:45:00,TRUE
1697,2027-01-31 16:45:00,FALSE
5535,2025-11-18 08:30:00,TRUE
2549,2027-07-26 04:30:00,FALSE
5226,2026-04-30 01:30:00,TRUE
6073,2026-07-12 14:30:00,FALSE
4294,2025-04-25 12:30:00,TRUE
1911,2026-07-26 14:15:00,FALSE
3776,2026-06-17 13:30:00,FALSE
2619,2027-06-27 01:45:00,FALSE
556,2026-09-30 18:30:00,FALSE
3177,2027-01-30 02:30:00,FALSE
624,2025-03-30 21:00:00,TRUE
3219,2026-10-22 14:00:00,FALSE
1344,2025-07-26 17:15:00,TRUE
4763,2026-01-06 15:15:00,TRUE
4280,2025-05-10 10:00:00,TRUE
7690,2025-08-07 10:30:00,TRUE
6148,2026-07-14 05:15:00,FALSE
8927,2027-09-11 00:15:00,FALSE
2819,2026-06-25 22:30:00,FALSE
5786,2025-02-14 16:15:00,TRUE
9260,2027-08-14 13:45:00,FALSE
4339,2026-05-04 02:15:00,TRUE
1455,2025-11-14 23:45:00,TRUE
6143,2027-09-23 02:15:00,FALSE
8390,2025-02-18 15:45:00,TRUE
9916,2026-01-14 14:15:00,TRUE
803,2025-08-05 11:00:00,TRUE
8908,2026-07-19 18:30:00,FALSE
4870,2025-05-24 08:00:00,TRUE
4305,2026-05-02 05:00:00,TRUE
3831,2027-08-19 23:45:00,FALSE
7854,2027-07-12 02:00:00,FALSE
5964,2027-01-19 07:00:00,FALSE
2851,2027-02-21 07:15:00,FALSE
7237,2026-04-17 11:00:00,TRUE
7773,2027-05-21 14:45:00,FALSE
2756,2025-07-08 12:00:00,TRUE
3081,2027-12-17 06:30:00,FALSE
9013,2025-03-23 05:15:00,TRUE
6916,2025-06-09 13:00:00,TRUE
6031,2025-03-22 05:15:00,TRUE
9232,2026-05-16 10:00:00,FALSE
9325,2026-10-01 03:15:00,FALSE
2192,2025-11-23 04:45:00,TRUE
2644,2025-06-09 08:30:00,TRUE
698,2027-09-22 00:45:00,FALSE
1594,2026-01-27 11:00:00,TRUE
7055,2026-12-11 19:00:00,FALSE
6289,2027-08-30 11:45:00,FALSE
5431,2026-08-12 02:00:00,FALSE
4558,2027-03-23 13:30:00,FALSE
273,2027-04-16 03:45:00,FALSE
1021,2027-04-18 20:00:00,FALSE
9696,2027-01-23 13:45:00,FALSE
8072,2025-08-30 10:30:00,TRUE
7037,2026-06-09 07:00:00,FALSE
3354,2025-07-12 23:45:00,TRUE
8971,2027-06-25 06:15:00,FALSE
4434,2027-07-04 01:15:00,FALSE
1436,2025-08-20 04:45:00,TRUE
423,2027-10-30 16:30:00,FALSE
5471,2025-03-11 06:15:00,TRUE
5014,2025-01-28 05:15:00,TRUE
6085,2027-04-27 13:15:00,FALSE
6192,2027-01-09 06:30:00,FALSE
9119,2026-11-17 21:45:00,FALSE
3393,2026-02-02 15:30:00,TRUE
8928,2027-11-11 09:45:00,FALSE
8917,2025-04-26 18:45:00,TRUE
5317,2026-06-23 17:00:00,FALSE
7352,2025-05-04 23:30:00,TRUE
828,2026-02-27 16:45:00,TRUE
6608,2027-10-15 07:45:00,FALSE
3507,2027-09-13 23:00:00,FALSE
9985,2026-08-21 02:15:00,FALSE
3950,2025-11-08 10:45:00,TRUE
4931,2026-04-11 00:15:00,TRUE
2881,2025-01-09 13:00:00,TRUE
1697,2025-02-22 09:15:00,TRUE
4173,2026-01-10 02:15:00,TRUE
5036,2026-04-27 12:00:00,TRUE
6878,2025-08-15 16:15:00,TRUE
9737,2025-01-17 22:15:00,TRUE
5374,2027-02-13 17:30:00,FALSE
4917,2027-01-06 22:45:00,FALSE
9144,2025-11-17 17:15:00,TRUE
3155,2025-02-04 07:15:00,TRUE
8069,2027-05-05 04:15:00,FALSE
8521,2026-02-20 14:00:00,TRUE
6721,2026-01-08 23:00:00,TRUE
3866,2027-02-12 21:45:00,FALSE
5040,2025-10-13 12:00:00,TRUE
6875,2027-01-23 22:30:00,FALSE
4530,2025-11-19 13:15:00,TRUE
8393,2027-12-20 23:15:00,FALSE
3105,2026-07-22 06:00:00,FALSE
9723,2027-04-29 20:15:00,FALSE
2130,2025-01-10 10:15:00,TRUE
6013,2027-06-20 13:45:00,FALSE
7207,2025-08-24 03:45:00,TRUE
4098,2026-05-09 08:30:00,TRUE
356,2026-04-18 22:15:00,TRUE
4724,2026-07-16 07:00:00,FALSE
8970,2026-01-13 16:15:00,TRUE
6478,2026-04-08 01:30:00,TRUE
807,2025-03-05 22:15:00,TRUE
5978,2026-06-26 11:00:00,FALSE
1993,2025-10-10 05:15:00,TRUE
7967,2027-10-31 11:30:00,FALSE
1016,2025-10-04 13:30:00,TRUE
492,2027-07-14 21:15:00,FALSE
1699,2026-12-14 09:30:00,FALSE
2698,2026-07-30 04:30:00,FALSE
8669,2025-07-24 10:00:00,TRUE
3676,2025-04-06 06:15:00,TRUE
7506,2026-12-31 08:15:00,FALSE
6710,2025-06-15 23:15:00,TRUE
488,2025-03-19 07:45:00,TRUE
395,2026-02-08 22:45:00,TRUE
6541,2026-01-18 12:15:00,TRUE
1154,2027-04-03 14:15:00,FALSE
2504,2025-04-24 10:00:00,TRUE
800,2025-05-18 01:45:00,TRUE
8546,2026-07-13 21:30:00,FALSE
9188,2025-11-29 10:30:00,TRUE
5265,2025-02-04 01:15:00,TRUE
3717,2027-02-06 20:15:00,FALSE
6596,2025-11-21 00:30:00,TRUE
7519,2025-05-07 02:45:00,TRUE
2064,2026-05-10 06:00:00,TRUE
9321,2026-06-09 14:30:00,FALSE
9231,2026-12-25 08:30:00,FALSE
5709,2027-08-21 03:30:00,FALSE
1646,2027-01-02 03:45:00,FALSE
8840,2027-03-17 06:45:00,FALSE
4148,2027-10-30 05:45:00,FALSE
2845,2026-07-18 21:15:00,FALSE
4124,2027-11-06 19:00:00,FALSE
1314,2026-02-02 18:45:00,TRUE
4577,2027-01-11 06:00:00,FALSE
272,2027-01-11 22:00:00,FALSE
7141,2027-11-20 07:30:00,FALSE
7589,2027-08-26 18:30:00,FALSE
94,2027-11-29 12:00:00,FALSE
3630,2027-08-21 00:00:00,FALSE
1855,2027-12-16 09:15:00,FALSE
434,2027-02-09 06:30:00,FALSE
2371,2026-04-09 08:45:00,TRUE
5319,2026-01-06 07:30:00,TRUE
1789,2025-04-13 01:00:00,TRUE
7967,2027-07-23 11:00:00,FALSE
1776,2026-06-22 17:00:00,FALSE
4262,2025-11-03 11:00:00,TRUE
8608,2026-10-16 13:30:00,FALSE
1474,2026-10-07 01:30:00,FALSE
4788,2026-08-08 13:30:00,FALSE
4625,2026-09-03 17:30:00,FALSE
1962,2026-12-12 02:30:00,FALSE
5073,2025-02-12 22:30:00,TRUE
8219,2025-08-19 11:15:00,TRUE
75,2026-01-31 23:00:00,TRUE
4846,2026-05-29 06:30:00,FALSE
4990,2025-08-12 19:45:00,TRUE
9352,2025-12-07 22:45:00,TRUE
2897,2027-03-22 08:45:00,FALSE
8521,2025-05-02 05:30:00,TRUE
4220,2026-01-14 15:45:00,TRUE
8349,2026-12-29 21:45:00,FALSE
9747,2025-06-10 07:00:00,TRUE
8527,2025-12-29 11:00:00,TRUE
8332,2027-07-15 20:30:00,FALSE
5510,2027-05-30 18:15:00,FALSE
1425,2026-10-09 13:00:00,FALSE
2341,2026-03-14 04:15:00,TRUE
9554,2027-06-18 12:15:00,FALSE
779,2027-09-26 04:00:00,FALSE
2358,2026-08-19 16:30:00,FALSE
5826,2027-07-27 01:00:00,FALSE
4649,2027-07-29 10:00:00,FALSE
7758,2026-05-24 23:30:00,FALSE
1382,2025-10-30 11:00:00,TRUE
300,2027-02-05 09:00:00,FALSE
6146,2026-09-08 23:45:00,FALSE
6455,2026-05-04 19:45:00,TRUE
1485,2027-09-23 13:45:00,FALSE
2818,2025-03-23 21:00:00,TRUE
7962,2026-09-27 03:45:00,FALSE
4678,2027-05-07 18:00:00,FALSE
2204,2027-04-14 04:00:00,FALSE
5864,2025-03-03 20:15:00,TRUE
2346,2026-05-14 20:30:00,TRUE
347,2025-10-14 11:00:00,TRUE
701,2027-12-16 23:45:00,FALSE
6057,2025-08-28 11:00:00,TRUE
328,2027-10-20 23:30:00,FALSE
1332,2027-07-21 01:00:00,FALSE
2356,2027-03-02 11:45:00,FALSE
5701,2027-06-10 20:45:00,FALSE
1987,2026-04-04 06:00:00,TRUE
3709,2025-05-14 03:30:00,TRUE
9968,2027-02-27 03:00:00,FALSE
9889,2026-12-28 02:30:00,FALSE
8966,2025-07-01 04:15:00,TRUE
6794,2026-10-13 05:15:00,FALSE
8282,2026-06-25 15:45:00,FALSE
3650,2025-10-08 15:00:00,TRUE
3550,2025-08-29 02:30:00,TRUE
6920,2025-11-24 11:30:00,TRUE
1529,2027-02-07 23:45:00,FALSE
2362,2025-11-07 00:15:00,TRUE
1734,2027-07-12 10:15:00,FALSE
5454,2027-08-08 14:45:00,FALSE
4641,2027-05-11 20:30:00,FALSE
9765,2027-09-13 10:00:00,FALSE
6648,2025-01-31 17:15:00,TRUE
6928,2025-02-23 01:30:00,TRUE
4953,2025-07-05 09:30:00,TRUE
5319,2026-01-31 05:30:00,TRUE
8860,2025-08-11 21:30:00,TRUE
626,2025-07-23 12:00:00,TRUE
424,2026-02-07 06:00:00,TRUE
4361,2027-09-11 13:45:00,FALSE
8271,2027-09-24 07:00:00,FALSE
7363,2025-08-25 17:45:00,TRUE
6512,2026-03-16 08:30:00,TRUE
8705,2025-05-10 14:30:00,TRUE
3539,2025-01-18 18:30:00,TRUE
3938,2026-01-02 16:30:00,TRUE
9849,2026-12-10 01:00:00,FALSE
4222,2026-10-07 17:45:00,FALSE
825,2026-07-10 02:30:00,FALSE
5600,2025-02-07 04:15:00,TRUE
4228,2026-02-27 11:00:00,TRUE
3666,2026-03-13 02:45:00,TRUE
7655,2026-08-28 13:45:00,FALSE
4906,2025-07-18 08:00:00,TRUE
3127,2027-03-28 03:45:00,FALSE
5240,2025-12-20 01:45:00,TRUE
2128,2025-03-23 03:45:00,TRUE
7996,2025-02-07 16:45:00,TRUE
2003,2025-12-01 03:30:00,TRUE
3701,2025-06-13 20:00:00,TRUE
4972,2026-06-17 19:30:00,FALSE
3630,2027-11-08 19:15:00,FALSE
6186,2025-09-15 14:00:00,TRUE
7673,2026-04-30 09:30:00,TRUE
3870,2026-01-24 18:30:00,TRUE
2953,2027-06-24 02:00:00,FALSE
5282,2025-05-26 08:00:00,TRUE
3426,2025-03-11 07:30:00,TRUE
6340,2027-08-25 16:30:00,FALSE
2864,2026-08-08 17:30:00,FALSE
9436,2025-07-03 15:15:00,TRUE
6086,2026-02-23 02:45:00,TRUE
3696,2027-08-14 01:00:00,FALSE
497,2027-02-12 13:15:00,FALSE
1875,2025-07-03 00:45:00,TRUE
7305,2027-01-02 04:00:00,FALSE
9574,2026-08-10 16:30:00,FALSE
7725,2027-11-23 15:00:00,FALSE
8734,2026-10-02 02:45:00,FALSE
2625,2026-08-05 02:30:00,FALSE
6964,2026-01-04 13:30:00,TRUE
2928,2026-10-20 19:45:00,FALSE
99,2025-05-05 19:30:00,TRUE
1957,2026-06-28 19:45:00,FALSE
5880,2027-07-25 18:15:00,FALSE
3109,2025-05-29 22:45:00,TRUE
3125,2026-12-09 03:00:00,FALSE
9881,2027-12-08 23:45:00,FALSE
2728,2027-02-21 16:45:00,FALSE
1553,2025-09-06 09:45:00,TRUE
5961,2026-07-12 01:15:00,FALSE
1343,2026-07-17 03:15:00,FALSE
3109,2025-12-10 11:45:00,TRUE
49,2027-04-19 13:30:00,FALSE
8619,2025-10-29 21:30:00,TRUE
99,2025-06-11 05:45:00,TRUE
3225,2026-04-18 21:00:00,TRUE
6779,2027-04-15 08:15:00,FALSE
4299,2026-06-11 22:45:00,FALSE
1885,2025-03-26 05:15:00,TRUE
6993,2025-03-04 02:00:00,TRUE
6695,2026-07-31 17:30:00,FALSE
4253,2026-05-18 10:30:00,FALSE
417,2027-10-26 13:30:00,FALSE
8567,2025-05-05 05:00:00,TRUE
6789,2026-07-01 17:30:00,FALSE
3651,2027-10-14 15:45:00,FALSE
761,2027-06-21 15:30:00,FALSE
5135,2025-12-05 23:15:00,TRUE
7743,2026-08-19 09:00:00,FALSE
6463,2026-03-30 11:15:00,TRUE
6876,2025-11-25 13:30:00,TRUE
4136,2027-01-12 18:00:00,FALSE
7450,2026-04-20 21:15:00,TRUE
8587,2025-01-31 21:30:00,TRUE
925,2026-09-08 13:00:00,FALSE
1514,2027-01-16 06:30:00,FALSE
3174,2026-12-16 20:45:00,FALSE
5153,2027-05-26 10:45:00,FALSE
7846,2025-01-16 21:00:00,TRUE
3097,2025-11-02 09:45:00,TRUE
7615,2027-11-15 01:45:00,FALSE
3859,2027-05-27 03:45:00,FALSE
4296,2027-06-19 22:30:00,FALSE
7667,2027-08-17 08:00:00,FALSE
8502,2027-08-21 04:30:00,FALSE
5052,2027-06-21 04:45:00,FALSE
2864,2027-04-20 23:15:00,FALSE
650,2026-12-27 04:15:00,FALSE
9479,2026-04-11 19:30:00,TRUE
1770,2027-06-02 11:45:00,FALSE
4276,2027-08-07 05:30:00,FALSE
4186,2027-05-30 22:00:00,FALSE
9231,2025-01-06 19:00:00,TRUE
3093,2025-12-19 00:45:00,TRUE
8415,2027-12-08 10:45:00,FALSE
1600,2026-02-08 04:15:00,TRUE
7760,2025-09-02 17:30:00,TRUE
1480,2027-07-23 20:30:00,FALSE
7349,2027-11-10 06:30:00,FALSE
4677,2027-08-27 19:15:00,FALSE
5349,2027-11-18 20:00:00,FALSE
9657,2026-10-05 11:15:00,FALSE
9383,2025-04-23 00:30:00,TRUE
9974,2027-09-16 02:15:00,FALSE
6107,2026-06-29 01:15:00,FALSE
9615,2027-03-04 10:45:00,FALSE
2044,2025-07-23 17:45:00,TRUE
8430,2026-10-31 20:45:00,FALSE
7046,2027-03-02 10:00:00,FALSE
8675,2027-07-22 01:45:00,FALSE
1334,2026-10-22 16:45:00,FALSE
8419,2027-12-26 05:30:00,FALSE
3050,2025-12-08 15:00:00,TRUE
1483,2026-04-25 21:15:00,TRUE
7407,2027-07-28 07:45:00,FALSE
4326,2025-03-08 00:15:00,TRUE
6761,2025-04-17 19:00:00,TRUE
2943,2027-09-09 17:30:00,FALSE
7030,2026-06-03 04:30:00,FALSE
9250,2025-05-06 15:00:00,TRUE
3180,2027-04-25 18:00:00,FALSE
3823,2027-06-21 08:45:00,FALSE
8427,2026-07-04 14:30:00,FALSE
3788,2027-08-12 09:30:00,FALSE
1748,2026-08-01 18:30:00,FALSE
6530,2026-02-12 10:30:00,TRUE
2212,2025-02-09 07:00:00,TRUE
3683,2025-11-03 12:15:00,TRUE
2034,2026-11-30 22:00:00,FALSE
4814,2025-11-13 14:15:00,TRUE
3881,2025-04-25 08:30:00,TRUE
9182,2026-02-08 08:00:00,TRUE
3729,2025-12-22 12:45:00,TRUE
9106,2025-01-28 14:45:00,TRUE
6193,2025-10-08 14:15:00,TRUE
412,2025-01-07 03:45:00,TRUE
414,2027-02-11 23:45:00,FALSE
2052,2027-08-16 19:15:00,FALSE
2094,2025-08-27 10:45:00,TRUE
147,2025-02-27 16:15:00,TRUE
3128,2025-07-20 19:15:00,TRUE
4725,2026-02-10 04:15:00,TRUE
4065,2025-09-29 07:45:00,TRUE
9095,2025-08-22 21:00:00,TRUE
158,2025-03-10 16:00:00,TRUE
4516,2026-08-27 00:15:00,FALSE
5179,2025-02-03 22:00:00,TRUE
215,2027-01-24 23:45:00,FALSE
1955,2025-11-07 07:45:00,TRUE
8999,2026-06-19 22:45:00,FALSE
8737,2025-05-10 08:00:00,TRUE
3822,2026-08-20 04:00:00,FALSE
3947,2026-10-22 18:00:00,FALSE
9197,2027-10-09 17:00:00,FALSE
3931,2026-06-09 03:00:00,FALSE
9268,2025-07-10 00:00:00,TRUE
5646,2026-11-28 19:30:00,FALSE
4818,2027-07-23 21:00:00,FALSE
205,2026-03-18 11:45:00,TRUE
7876,2025-11-17 21:15:00,TRUE
9925,2027-10-19 03:00:00,FALSE
530,2025-03-04 11:00:00,TRUE
1498,2026-08-14 04:00:00,FALSE
5100,2026-01-14 21:30:00,TRUE
9483,2026-06-21 09:30:00,FALSE
7940,2026-02-25 21:45:00,TRUE
1612,2027-05-14 00:15:00,FALSE
338,2027-03-24 16:00:00,FALSE
962,2025-03-04 04:15:00,TRUE
1380,2026-05-23 10:45:00,FALSE
5769,2026-10-18 03:30:00,FALSE
2614,2027-11-17 13:45:00,FALSE
8778,2027-01-13 00:45:00,FALSE
1123,2026-02-07 08:15:00,TRUE
2937,2025-04-17 08:00:00,TRUE
9499,2026-12-23 05:00:00,FALSE
6522,2027-04-24 18:00:00,FALSE
8414,2027-03-11 00:15:00,FALSE
1195,2027-12-11 13:45:00,FALSE
3890,2025-05-16 07:15:00,TRUE
6625,2025-12-31 23:00:00,TRUE
5451,2027-12-24 00:45:00,FALSE
1391,2026-03-25 17:15:00,TRUE
7310,2026-07-21 05:45:00,FALSE
8738,2026-06-20 21:00:00,FALSE
8625,2025-03-30 02:00:00,TRUE
3644,2025-06-20 04:30:00,TRUE
1443,2025-01-20 20:45:00,TRUE
2067,2025-12-08 15:15:00,TRUE
5658,2026-04-16 04:15:00,TRUE
7582,2026-12-01 04:45:00,FALSE
7776,2026-04-15 10:15:00,TRUE
6135,2025-02-11 04:00:00,TRUE
752,2025-12-16 01:00:00,TRUE
8165,2026-02-13 12:45:00,TRUE
1469,2025-08-19 21:00:00,TRUE
4741,2026-01-15 00:45:00,TRUE
8804,2027-01-01 04:45:00,FALSE
8024,2027-04-02 15:00:00,FALSE
2104,2025-04-18 23:45:00,TRUE
3520,2026-05-02 12:00:00,TRUE
1020,2025-12-12 03:15:00,TRUE
1758,2027-08-30 12:45:00,FALSE
2158,2027-05-09 10:15:00,FALSE
2756,2027-02-04 05:15:00,FALSE
789,2025-09-18 17:00:00,TRUE
725,2025-07-16 14:15:00,TRUE
8343,2027-01-29 10:45:00,FALSE
8438,2027-10-29 11:00:00,FALSE
8205,2026-05-24 18:15:00,FALSE
1299,2026-11-19 22:15:00,FALSE
9598,2026-06-25 19:00:00,FALSE
5582,2025-06-03 10:45:00,TRUE
3916,2026-09-11 23:00:00,FALSE
9879,2025-06-12 21:30:00,TRUE
507,2025-09-25 09:00:00,TRUE
5897,2026-02-20 03:30:00,TRUE
8552,2026-01-09 11:15:00,TRUE
6049,2027-06-18 06:30:00,FALSE
5383,2027-04-27 19:00:00,FALSE
2829,2027-08-24 07:45:00,FALSE
8222,2027-03-02 03:45:00,FALSE
3655,2025-03-27 08:15:00,TRUE
8241,2025-03-21 17:15:00,TRUE
427,2025-06-10 01:00:00,TRUE
1827,2027-08-12 02:15:00,FALSE
6037,2027-11-17 00:15:00,FALSE
2657,2026-08-18 02:30:00,FALSE
349,2026-05-17 10:00:00,FALSE
4961,2026-11-02 07:45:00,FALSE
3392,2027-02-17 09:15:00,FALSE
4846,2027-11-24 12:45:00,FALSE
1380,2025-03-08 14:00:00,TRUE
3678,2026-11-04 12:45:00,FALSE
6947,2025-02-16 04:00:00,TRUE
7094,2026-05-25 03:30:00,FALSE
8849,2027-03-07 05:45:00,FALSE
58,2027-03-04 11:00:00,FALSE
3733,2025-04-20 14:30:00,TRUE
8980,2025-09-13 00:00:00,TRUE
4767,2027-08-26 01:30:00,FALSE
9250,2025-01-06 01:30:00,TRUE
2421,2025-05-16 11:15:00,TRUE
476,2025-02-02 08:00:00,TRUE
1156,2025-08-02 17:15:00,TRUE
7119,2025-12-26 23:45:00,TRUE
6508,2027-09-23 06:00:00,FALSE
8365,2025-06-28 07:45:00,TRUE
7535,2025-08-06 01:30:00,TRUE
8150,2026-09-25 14:30:00,FALSE
5379,2027-04-05 01:00:00,FALSE
1659,2025-09-20 20:30:00,TRUE
6677,2027-05-10 10:45:00,FALSE
9017,2027-11-21 05:45:00,FALSE
3923,2025-07-15 04:30:00,TRUE
4320,2027-01-01 05:00:00,FALSE
2044,2025-02-11 02:00:00,TRUE
343,2027-04-08 00:00:00,FALSE
7115,2026-01-15 22:15:00,TRUE
302,2025-10-06 16:00:00,TRUE
7372,2025-10-06 08:45:00,TRUE
9077,2027-06-06 01:45:00,FALSE
3552,2026-11-29 03:30:00,FALSE
5451,2026-02-07 17:30:00,TRUE
3497,2026-12-21 01:30:00,FALSE
9229,2025-04-18 11:30:00,TRUE
9296,2025-05-31 05:45:00,TRUE
5793,2026-10-09 05:15:00,FALSE
1347,2027-07-21 17:15:00,FALSE
5851,2026-07-16 06:00:00,FALSE
3293,2026-07-05 20:45:00,FALSE
1627,2025-09-16 19:30:00,TRUE
7165,2027-03-05 08:15:00,FALSE
576,2027-03-25 21:45:00,FALSE
4999,2027-12-16 05:45:00,FALSE
7401,2027-06-28 13:15:00,FALSE
7390,2027-05-10 06:15:00,FALSE
2600,2026-07-08 01:45:00,FALSE
706,2026-03-05 09:15:00,TRUE
1993,2025-11-30 20:15:00,TRUE
8960,2025-02-24 17:45:00,TRUE
950,2025-02-08 11:00:00,TRUE
8697,2027-04-29 07:30:00,FALSE
4843,2025-09-06 11:45:00,TRUE
6071,2025-04-07 17:00:00,TRUE
1584,2027-07-02 02:45:00,FALSE
8375,2027-08-03 07:00:00,FALSE
6170,2026-10-09 07:00:00,FALSE
5315,2025-07-11 15:00:00,TRUE
19,2025-06-20 15:15:00,TRUE
9289,2026-08-04 03:00:00,FALSE
3027,2025-06-29 02:00:00,TRUE
2970,2027-01-17 22:45:00,FALSE
2710,2027-11-12 05:30:00,FALSE
5761,2025-05-06 12:30:00,TRUE
8836,2027-08-03 21:15:00,FALSE
8493,2026-05-11 11:15:00,TRUE
6599,2025-03-13 01:15:00,TRUE
9362,2025-08-24 11:30:00,TRUE
3888,2025-02-05 15:00:00,TRUE
7129,2025-11-20 05:15:00,TRUE
6658,2025-05-07 01:30:00,TRUE
7450,2027-10-23 02:15:00,FALSE
8662,2027-03-23 04:00:00,FALSE
5106,2026-01-22 18:15:00,TRUE
4840,2026-05-02 06:00:00,TRUE
8289,2027-12-17 14:15:00,FALSE
1109,2027-11-19 03:30:00,FALSE
9425,2026-12-29 14:00:00,FALSE
8764,2025-04-13 20:45:00,TRUE
2951,2025-01-17 12:00:00,TRUE
4426,2026-05-07 10:15:00,TRUE
3834,2027-02-13 01:30:00,FALSE
5351,2025-03-31 23:15:00,TRUE
7798,2025-03-26 01:00:00,TRUE
5361,2026-06-04 04:30:00,FALSE
2685,2025-02-20 23:30:00,TRUE
7033,2026-06-08 03:15:00,FALSE
4552,2026-09-03 19:15:00,FALSE
263,2026-05-04 12:30:00,TRUE
5833,2027-08-10 18:00:00,FALSE
3397,2026-04-30 13:30:00,TRUE
2843,2026-08-13 06:30:00,FALSE
5068,2025-02-10 19:15:00,TRUE
6682,2027-09-11 03:45:00,FALSE
8118,2026-06-23 13:30:00,FALSE
8391,2026-01-10 19:30:00,TRUE
4514,2026-06-19 18:00:00,FALSE
7735,2025-09-03 12:30:00,TRUE
6702,2027-06-24 06:30:00,FALSE
4209,2027-10-11 19:45:00,FALSE
9351,2026-03-09 08:00:00,TRUE
2179,2025-11-28 11:45:00,TRUE
2629,2025-01-05 17:00:00,TRUE
5752,2027-09-04 12:45:00,FALSE
7867,2025-02-22 02:15:00,TRUE
3514,2025-05-22 02:45:00,TRUE
5657,2026-10-04 22:15:00,FALSE
6378,2025-07-10 08:15:00,TRUE
5419,2027-08-04 18:00:00,FALSE
5151,2025-05-24 03:15:00,TRUE
7053,2026-05-15 11:00:00,TRUE
8336,2026-09-19 07:30:00,FALSE
8641,2027-02-19 01:45:00,FALSE
1745,2025-02-14 05:15:00,TRUE
7655,2027-07-22 12:30:00,FALSE
5047,2027-05-09 10:00:00,FALSE
5867,2026-01-23 06:00:00,TRUE
554,2027-05-24 12:30:00,FALSE
8027,2026-11-19 07:00:00,FALSE
3411,2025-01-24 06:45:00,TRUE
169,2027-11-29 03:00:00,FALSE
1378,2026-12-12 22:15:00,FALSE
4228,2025-03-31 10:15:00,TRUE
6461,2027-02-10 21:15:00,FALSE
8967,2025-01-28 19:15:00,TRUE
397,2027-09-11 10:30:00,FALSE
1330,2027-06-13 07:15:00,FALSE
9528,2025-01-08 06:45:00,TRUE
3288,2027-05-16 19:00:00,FALSE
8885,2025-03-15 14:30:00,TRUE
5149,2027-11-27 03:15:00,FALSE
5526,2025-11-13 12:00:00,TRUE
3842,2026-05-27 14:00:00,FALSE
8938,2027-01-25 07:15:00,FALSE
7324,2025-11-01 12:00:00,TRUE
9955,2025-01-03 18:30:00,TRUE
8012,2026-01-10 13:30:00,TRUE
4278,2026-11-07 11:30:00,FALSE
7612,2026-12-28 02:45:00,FALSE
4393,2027-04-17 16:45:00,FALSE
4732,2025-12-29 10:15:00,TRUE
6050,2027-01-02 06:15:00,FALSE
8296,2026-12-03 17:15:00,FALSE
5848,2025-02-08 01:45:00,TRUE
3881,2027-11-28 09:15:00,FALSE
9814,2026-07-19 23:30:00,FALSE
302,2025-10-15 03:45:00,TRUE
2862,2026-11-03 10:30:00,FALSE
71,2026-01-30 06:00:00,TRUE
6223,2025-06-08 20:30:00,TRUE
664,2027-08-29 21:00:00,FALSE
5465,2027-04-13 11:00:00,FALSE
8336,2026-06-24 05:30:00,FALSE
3463,2027-04-13 07:30:00,FALSE
8340,2026-08-13 01:30:00,FALSE
4658,2025-11-16 06:45:00,TRUE
8427,2027-12-25 19:45:00,FALSE
8724,2026-01-29 18:15:00,TRUE
628,2025-02-23 12:15:00,TRUE
8787,2025-04-19 06:30:00,TRUE
3731,2027-11-17 17:00:00,FALSE
6230,2025-07-05 21:45:00,TRUE
8095,2026-07-18 23:30:00,FALSE
5753,2026-09-09 11:00:00,FALSE
8110,2025-04-06 06:45:00,TRUE
7661,2027-12-30 10:45:00,FALSE
8711,2026-02-08 11:30:00,TRUE
8604,2025-03-18 18:45:00,TRUE
4739,2025-12-27 09:00:00,TRUE
4803,2025-10-11 00:15:00,TRUE
2353,2025-06-11 21:15:00,TRUE
3501,2026-01-22 21:15:00,TRUE
9128,2026-09-04 09:30:00,FALSE
115,2026-08-18 12:15:00,FALSE
3481,2027-08-16 19:45:00,FALSE
9309,2027-04-22 17:45:00,FALSE
3315,2027-12-03 08:30:00,FALSE
6016,2027-09-10 19:30:00,FALSE
6919,2027-04-02 14:00:00,FALSE
4480,2027-10-13 20:15:00,FALSE
4865,2025-03-16 07:45:00,TRUE
7243,2026-11-11 10:15:00,FALSE
8375,2027-09-23 08:45:00,FALSE
4911,2025-01-15 00:00:00,TRUE
5980,2027-04-30 18:45:00,FALSE
789,2026-07-29 16:45:00,FALSE
3327,2027-12-22 21:30:00,FALSE
6243,2027-09-26 12:30:00,FALSE
3430,2026-07-04 23:45:00,FALSE
6190,2027-02-02 14:00:00,FALSE
5216,2027-07-20 18:30:00,FALSE
3182,2025-07-03 18:15:00,TRUE
2471,2025-06-03 09:15:00,TRUE
3746,2027-08-27 03:15:00,FALSE
7043,2025-06-29 13:30:00,TRUE
6427,2025-12-19 14:15:00,TRUE
4492,2025-06-26 20:15:00,TRUE
3006,2026-07-03 19:45:00,FALSE
7528,2027-01-08 23:15:00,FALSE
4107,2027-05-16 17:00:00,FALSE
562,2027-10-05 03:45:00,FALSE
729,2025-04-07 12:00:00,TRUE
6952,2027-04-06 04:30:00,FALSE
9341,2025-01-17 17:30:00,TRUE
9852,2026-10-10 01:15:00,FALSE
4694,2027-09-19 02:00:00,FALSE
7062,2027-08-05 00:30:00,FALSE
3389,2027-07-13 02:30:00,FALSE
6157,2025-09-16 12:45:00,TRUE
9737,2025-09-05 23:15:00,TRUE
7632,2025-10-15 00:45:00,TRUE
6511,2026-12-02 13:30:00,FALSE
6291,2027-03-30 10:45:00,FALSE
5364,2025-12-16 13:15:00,TRUE
584,2027-08-06 20:15:00,FALSE
4139,2026-02-10 15:15:00,TRUE
2771,2026-12-02 13:15:00,FALSE
8028,2027-04-17 17:15:00,FALSE
8474,2025-10-12 22:00:00,TRUE
6252,2027-04-25 16:00:00,FALSE
5502,2027-12-21 07:30:00,FALSE
9471,2025-04-11 20:15:00,TRUE
2355,2027-10-31 18:15:00,FALSE
26,2026-01-22 00:00:00,TRUE
5078,2027-01-04 20:45:00,FALSE
7814,2026-10-18 01:15:00,FALSE
7986,2027-10-05 09:15:00,FALSE
4061,2026-09-20 09:45:00,FALSE
5458,2026-04-11 20:00:00,TRUE
3912,2026-04-24 09:00:00,TRUE
6223,2026-02-11 08:30:00,TRUE
5613,2025-04-26 09:15:00,TRUE
9135,2027-04-13 18:15:00,FALSE
9144,2026-07-26 09:30:00,FALSE
5268,2026-06-26 23:30:00,FALSE
6514,2026-02-28 12:00:00,TRUE
9165,2027-06-10 13:45:00,FALSE
507,2026-11-24 01:15:00,FALSE
3358,2026-09-02 08:45:00,FALSE
370,2027-03-29 00:45:00,FALSE
1815,2027-03-04 15:15:00,FALSE
420,2027-09-12 21:00:00,FALSE
3765,2025-06-05 18:00:00,TRUE
1370,2026-05-06 04:30:00,TRUE
3619,2026-08-21 01:00:00,FALSE
6887,2026-03-10 05:45:00,TRUE
2817,2027-12-29 09:00:00,FALSE
7527,2025-01-20 14:30:00,TRUE
3206,2026-11-06 19:45:00,FALSE
9820,2027-11-13 08:15:00,FALSE
4698,2027-05-31 09:45:00,FALSE
1186,2026-10-20 13:15:00,FALSE
6614,2025-12-24 20:15:00,TRUE
6202,2027-11-07 05:45:00,FALSE
5539,2025-11-04 10:15:00,TRUE
5916,2025-05-13 15:45:00,TRUE
8132,2026-08-29 03:45:00,FALSE
37,2027-09-08 04:30:00,FALSE
5585,2025-01-08 15:30:00,TRUE
1343,2026-04-10 09:15:00,TRUE
2201,2025-11-20 01:15:00,TRUE
2818,2025-02-19 05:45:00,TRUE
8081,2026-05-19 11:00:00,FALSE
5752,2026-03-23 16:45:00,TRUE
4666,2027-11-17 12:45:00,FALSE
6848,2026-07-24 16:00:00,FALSE
7083,2025-10-18 18:30:00,TRUE
1005,2026-05-18 01:00:00,FALSE
4489,2026-05-09 04:15:00,TRUE
8500,2026-06-26 14:15:00,FALSE
5852,2025-12-18 06:15:00,TRUE
1185,2026-08-02 23:00:00,FALSE
7103,2027-11-16 06:15:00,FALSE
6829,2027-11-22 10:30:00,FALSE
4564,2025-12-20 03:15:00,TRUE
6427,2026-02-15 16:45:00,TRUE
5908,2025-10-16 22:45:00,TRUE
8565,2026-10-03 06:45:00,FALSE
4404,2026-03-17 22:00:00,TRUE
6343,2027-05-05 16:30:00,FALSE
1067,2026-11-12 20:45:00,FALSE
2984,2027-03-09 17:45:00,FALSE
883,2025-03-19 17:45:00,TRUE
9908,2025-11-16 12:45:00,TRUE
8642,2026-02-21 11:30:00,TRUE
4560,2026-01-25 01:30:00,TRUE
2297,2027-12-15 12:00:00,FALSE
2970,2026-12-11 04:30:00,FALSE
3150,2027-12-21 15:45:00,FALSE
7455,2025-04-15 23:45:00,TRUE
8241,2027-03-02 10:30:00,FALSE
1850,2025-11-05 15:15:00,TRUE
3477,2025-06-16 03:30:00,TRUE
9566,2027-11-02 00:30:00,FALSE
605,2026-01-20 11:15:00,TRUE
8894,2026-05-24 07:45:00,FALSE
5009,2027-09-15 10:00:00,FALSE
7036,2027-05-14 02:30:00,FALSE
6140,2026-09-21 01:30:00,FALSE
6904,2025-01-01 11:15:00,TRUE
1367,2027-06-02 07:45:00,FALSE
8798,2025-01-21 17:15:00,TRUE
6677,2026-04-26 16:45:00,TRUE
3741,2027-07-31 12:45:00,FALSE
2035,2025-10-20 06:15:00,TRUE
6050,2025-03-03 06:00:00,TRUE
7878,2026-05-04 23:30:00,TRUE
4519,2026-07-30 02:30:00,FALSE
214,2027-06-26 17:00:00,FALSE
8265,2026-02-12 12:45:00,TRUE
3906,2025-10-23 23:15:00,TRUE
9715,2025-06-02 01:00:00,TRUE
7199,2025-04-05 04:30:00,TRUE
4420,2026-12-06 09:15:00,FALSE
7003,2026-06-09 03:45:00,FALSE
8999,2026-11-28 05:00:00,FALSE
8747,2025-05-08 05:00:00,TRUE
1306,2025-09-08 11:45:00,TRUE
7525,2027-03-08 14:45:00,FALSE
2967,2027-12-08 17:00:00,FALSE
4394,2025-08-15 11:15:00,TRUE
2305,2027-06-03 15:15:00,FALSE
1827,2025-10-06 12:00:00,TRUE
7340,2025-01-15 08:30:00,TRUE
9599,2026-03-26 23:15:00,TRUE
7617,2027-08-20 13:15:00,FALSE
2312,2025-12-27 07:45:00,TRUE
1024,2027-07-27 12:15:00,FALSE
9979,2026-06-11 22:00:00,FALSE
5900,2025-01-14 01:00:00,TRUE
1980,2027-11-17 07:15:00,FALSE
3344,2026-06-22 12:45:00,FALSE
6223,2026-06-10 04:00:00,FALSE
4582,2027-10-15 03:15:00,FALSE
5369,2025-05-07 20:30:00,TRUE
2201,2027-02-24 17:00:00,FALSE
2304,2026-07-07 07:30:00,FALSE
764,2026-07-29 08:15:00,FALSE
5263,2026-11-12 12:30:00,FALSE
1294,2026-03-13 06:45:00,TRUE
6783,2025-01-28 18:00:00,TRUE
6197,2026-01-22 11:00:00,TRUE
5573,2026-07-09 07:45:00,FALSE
6186,2025-01-07 01:00:00,TRUE
8144,2025-04-17 17:15:00,TRUE
6383,2027-04-17 11:15:00,FALSE
9361,2025-08-18 04:15:00,TRUE
634,2025-12-24 20:15:00,TRUE
1116,2025-07-25 12:30:00,TRUE
8349,2027-07-09 00:45:00,FALSE
6307,2027-10-25 14:30:00,FALSE
1365,2026-10-29 07:00:00,FALSE
9642,2025-09-17 20:30:00,TRUE
9887,2027-07-04 22:15:00,FALSE
5379,2025-07-13 01:45:00,TRUE
3782,2026-04-30 13:15:00,TRUE
9200,2027-03-12 15:45:00,FALSE
7562,2026-09-02 20:30:00,FALSE
3206,2025-07-20 07:15:00,TRUE
734,2026-04-05 23:15:00,TRUE
2739,2026-04-08 11:15:00,TRUE
8120,2026-01-01 04:45:00,TRUE
6837,2025-02-24 07:00:00,TRUE
608,2027-04-03 01:15:00,FALSE
4484,2027-08-03 01:15:00,FALSE
4761,2025-02-02 04:15:00,TRUE
5633,2026-05-19 16:15:00,FALSE
5210,2027-11-22 09:30:00,FALSE
2994,2025-07-11 00:45:00,TRUE
3798,2027-06-20 03:15:00,FALSE
902,2025-10-29 20:30:00,TRUE
459,2027-06-17 19:45:00,FALSE
4615,2026-05-30 10:00:00,FALSE
6609,2027-06-26 03:30:00,FALSE
9158,2025-08-20 14:00:00,TRUE
1740,2027-08-10 17:15:00,FALSE
5227,2027-04-16 17:45:00,FALSE
3237,2027-05-23 07:00:00,FALSE
7893,2026-03-25 08:15:00,TRUE
52,2027-03-22 08:00:00,FALSE
9986,2025-01-04 21:15:00,TRUE
2236,2026-08-17 08:15:00,FALSE
9878,2026-02-15 12:00:00,TRUE
3539,2026-10-29 02:30:00,FALSE
3140,2027-07-04 05:00:00,FALSE
1148,2025-02-19 22:00:00,TRUE
581,2027-04-02 05:00:00,FALSE
6958,2026-07-08 06:45:00,FALSE
494,2025-11-22 16:15:00,TRUE
7219,2026-06-20 12:15:00,FALSE
1213,2025-04-09 07:45:00,TRUE
2555,2025-03-15 12:30:00,TRUE
2668,2026-07-25 14:45:00,FALSE
7912,2027-12-21 17:15:00,FALSE
7300,2025-06-04 01:45:00,TRUE
5709,2026-12-11 07:00:00,FALSE
1052,2025-01-15 20:45:00,TRUE
2971,2026-11-03 00:00:00,FALSE
4475,2025-02-05 18:30:00,TRUE
8040,2025-04-14 06:45:00,TRUE
1684,2025-03-04 20:00:00,TRUE
7314,2026-09-07 23:45:00,FALSE
9497,2025-09-23 03:00:00,TRUE
9985,2027-05-17 15:00:00,FALSE
4028,2026-03-12 22:15:00,TRUE
8770,2025-09-24 20:00:00,TRUE
7078,2026-06-02 11:45:00,FALSE
6590,2027-10-24 05:00:00,FALSE
639,2025-09-12 02:45:00,TRUE
5318,2027-08-19 03:00:00,FALSE
7559,2025-05-03 00:45:00,TRUE
1936,2026-02-04 23:45:00,TRUE
5478,2027-04-12 05:45:00,FALSE
3512,2027-05-08 08:30:00,FALSE
8179,2026-03-05 19:00:00,TRUE
2229,2025-01-07 13:45:00,TRUE
5898,2027-03-11 02:00:00,FALSE
6868,2027-08-07 01:45:00,FALSE
983,2027-03-29 14:30:00,FALSE
4833,2026-02-04 17:30:00,TRUE
2940,2026-02-14 03:45:00,TRUE
6523,2026-02-27 09:00:00,TRUE
4878,2025-04-11 02:00:00,TRUE
8458,2027-01-15 09:30:00,FALSE
1463,2026-05-24 11:00:00,FALSE
9090,2025-10-02 23:00:00,TRUE
7265,2026-01-28 14:15:00,TRUE
2715,2025-12-20 06:15:00,TRUE
4681,2025-01-24 11:15:00,TRUE
77,2026-01-19 05:00:00,TRUE
4721,2026-09-29 08:30:00,FALSE
8572,2025-01-16 09:15:00,TRUE
84,2025-09-12 17:15:00,TRUE
1246,2027-05-13 01:00:00,FALSE
5134,2026-10-18 15:00:00,FALSE
1688,2027-07-29 08:00:00,FALSE
9816,2025-11-13 07:30:00,TRUE
382,2026-09-01 18:45:00,FALSE
7924,2027-11-23 23:00:00,FALSE
8375,2025-12-26 07:00:00,TRUE
9636,2027-09-15 03:45:00,FALSE
159,2026-05-24 13:45:00,FALSE
3305,2025-01-11 16:15:00,TRUE
1977,2027-09-11 18:15:00,FALSE
8632,2027-03-31 07:30:00,FALSE
320,2027-07-04 19:30:00,FALSE
8232,2027-01-18 06:45:00,FALSE
2415,2025-06-11 20:15:00,TRUE
1675,2027-11-29 23:00:00,FALSE
3308,2026-09-02 13:45:00,FALSE
6755,2027-08-05 11:00:00,FALSE
3134,2025-12-19 14:00:00,TRUE
5344,2025-05-01 15:45:00,TRUE
8376,2026-12-23 17:00:00,FALSE
7181,2025-12-18 14:00:00,TRUE
6813,2027-11-27 17:30:00,FALSE
8823,2025-06-02 01:15:00,TRUE
3951,2025-12-26 18:00:00,TRUE
4415,2027-10-03 13:30:00,FALSE
5192,2027-11-22 13:45:00,FALSE
2441,2025-12-23 06:15:00,TRUE
626,2027-06-20 09:45:00,FALSE
6529,2026-04-30 01:30:00,TRUE
1410,2027-09-27 09:00:00,FALSE
422,2027-09-14 20:15:00,FALSE
2191,2027-11-05 08:15:00,FALSE
2315,2025-10-10 02:15:00,TRUE
1843,2026-03-26 12:30:00,TRUE
2595,2025-04-15 18:00:00,TRUE
4711,2026-07-13 23:00:00,FALSE
6902,2027-06-04 19:15:00,FALSE
4239,2025-06-04 12:30:00,TRUE
532,2025-04-28 03:30:00,TRUE
5173,2027-11-18 12:15:00,FALSE
2989,2027-10-19 21:15:00,FALSE
803,2027-10-13 09:00:00,FALSE
5938,2026-05-05 02:00:00,TRUE
7469,2027-08-16 16:45:00,FALSE
9661,2025-05-09 10:45:00,TRUE
5132,2026-07-28 21:30:00,FALSE
2875,2025-01-14 22:45:00,TRUE
4473,2025-08-30 19:15:00,TRUE
1169,2026-07-22 02:15:00,FALSE
5025,2026-06-20 11:15:00,FALSE
6442,2026-03-10 13:30:00,TRUE
7846,2025-05-02 04:45:00,TRUE
6474,2026-03-02 13:45:00,TRUE
9219,2025-08-19 08:15:00,TRUE
2013,2026-07-13 14:15:00,FALSE
7323,2025-01-19 23:00:00,TRUE
4869,2027-02-24 03:15:00,FALSE
2580,2026-06-20 13:30:00,FALSE
9439,2026-05-05 11:00:00,TRUE
1473,2025-03-05 19:45:00,TRUE
3112,2027-11-05 10:30:00,FALSE
3614,2026-09-04 04:15:00,FALSE
3518,2027-11-05 02:15:00,FALSE
9775,2027-08-13 11:15:00,FALSE
2717,2026-06-09 20:00:00,FALSE
2724,2027-07-30 08:45:00,FALSE
4696,2026-09-05 20:15:00,FALSE
3782,2026-03-08 09:15:00,TRUE
7848,2025-03-15 22:30:00,TRUE
7503,2027-04-25 07:15:00,FALSE
4165,2025-08-23 18:30:00,TRUE
2185,2026-05-14 13:15:00,TRUE
7083,2027-04-16 20:45:00,FALSE
8461,2026-03-04 08:15:00,TRUE
4293,2027-11-08 18:30:00,FALSE
5115,2025-08-13 14:45:00,TRUE
907,2025-03-21 20:00:00,TRUE
6128,2027-08-01 21:30:00,FALSE
9986,2027-02-19 20:00:00,FALSE
7093,2027-01-26 22:15:00,FALSE
3079,2027-10-27 17:30:00,FALSE
8321,2027-12-03 20:15:00,FALSE
8635,2027-12-06 20:15:00,FALSE
4240,2025-04-03 03:15:00,TRUE
1477,2025-07-08 14:45:00,TRUE
9042,2025-10-04 18:30:00,TRUE
8653,2025-10-24 15:45:00,TRUE
6684,2025-10-05 16:00:00,TRUE
756,2026-06-10 05:15:00,FALSE
9718,2026-03-17 22:45:00,TRUE
6550,2025-04-22 21:30:00,TRUE
2075,2025-10-08 03:15:00,TRUE
4068,2025-05-03 10:30:00,TRUE
5929,2025-07-26 00:00:00,TRUE
8479,2027-07-07 21:00:00,FALSE
1526,2027-04-18 11:45:00,FALSE
1071,2027-03-10 20:30:00,FALSE
5110,2027-06-20 11:00:00,FALSE
8177,2027-04-24 23:15:00,FALSE
5333,2027-09-18 12:00:00,FALSE
1465,2027-01-16 21:00:00,FALSE
9030,2026-10-27 11:15:00,FALSE
5304,2026-07-13 02:30:00,FALSE
7247,2027-05-21 11:00:00,FALSE
1086,2025-04-18 11:00:00,TRUE
8929,2026-10-07 20:15:00,FALSE
6868,2025-08-12 13:15:00,TRUE
2922,2026-08-21 15:30:00,FALSE
6678,2027-01-10 12:30:00,FALSE
4324,2026-10-25 07:45:00,FALSE
6419,2027-12-23 14:45:00,FALSE
2974,2025-04-24 16:00:00,TRUE
9805,2026-10-03 01:00:00,FALSE
4250,2027-06-10 05:45:00,FALSE
6755,2025-06-22 01:15:00,TRUE
5850,2025-07-03 02:30:00,TRUE
8920,2025-07-17 22:45:00,TRUE
7394,2025-07-06 02:15:00,TRUE
8140,2025-02-11 16:30:00,TRUE
3116,2026-08-30 22:00:00,FALSE
6874,2026-01-21 08:00:00,TRUE
7545,2027-09-04 19:00:00,FALSE
6504,2027-10-28 01:45:00,FALSE
199,2025-04-09 10:45:00,TRUE
5920,2025-11-27 11:15:00,TRUE
4859,2027-07-21 07:00:00,FALSE
5281,2026-08-21 12:15:00,FALSE
5004,2025-01-16 00:15:00,TRUE
2426,2027-02-04 17:30:00,FALSE
3830,2026-05-09 00:15:00,TRUE
6862,2026-09-23 01:45:00,FALSE
5994,2026-11-10 22:45:00,FALSE
1015,2025-04-26 22:30:00,TRUE
6321,2027-06-29 23:45:00,FALSE
634,2027-09-07 03:15:00,FALSE
1536,2026-04-18 18:30:00,TRUE
1777,2026-08-05 22:15:00,FALSE
8576,2026-12-19 20:45:00,FALSE
7945,2025-06-19 08:00:00,TRUE
9019,2026-04-18 15:15:00,TRUE
271,2025-10-04 09:00:00,TRUE
4348,2026-02-02 07:00:00,TRUE
576,2027-12-14 03:00:00,FALSE
8206,2026-12-07 00:15:00,FALSE
839,2027-05-14 08:45:00,FALSE
6698,2027-08-11 03:00:00,FALSE
5389,2027-03-08 03:45:00,FALSE
4304,2027-08-11 07:30:00,FALSE
7617,2027-11-05 00:15:00,FALSE
6510,2027-06-03 11:45:00,FALSE
8207,2026-08-07 13:30:00,FALSE
3560,2026-07-03 23:45:00,FALSE
172,2026-08-13 12:00:00,FALSE
3123,2027-10-09 05:15:00,FALSE
2887,2026-06-22 10:15:00,FALSE
9148,2025-12-27 22:30:00,TRUE
3992,2026-12-07 16:00:00,FALSE
9187,2027-05-14 02:30:00,FALSE
7939,2026-08-28 08:30:00,FALSE
1568,2027-08-15 23:00:00,FALSE
9815,2026-11-19 03:45:00,FALSE
1477,2026-06-02 06:00:00,FALSE
8056,2025-09-11 19:30:00,TRUE
1180,2025-03-19 07:30:00,TRUE
6085,2026-12-17 22:15:00,FALSE
8342,2026-03-17 09:45:00,TRUE
2651,2026-08-31 17:30:00,FALSE
3627,2026-03-17 05:45:00,TRUE
3354,2026-07-04 22:15:00,FALSE
1461,2025-10-12 06:00:00,TRUE
1470,2025-12-26 19:45:00,TRUE
4606,2026-11-03 20:45:00,FALSE
3616,2026-01-09 21:30:00,TRUE
2942,2026-08-27 02:30:00,FALSE
2804,2026-05-07 04:30:00,TRUE
1265,2027-06-28 11:00:00,FALSE
9110,2027-07-16 16:30:00,FALSE
6224,2025-02-22 09:00:00,TRUE
4243,2025-08-23 00:30:00,TRUE
9161,2027-02-13 15:00:00,FALSE
275,2025-09-28 07:15:00,TRUE
9590,2027-08-25 00:15:00,FALSE
7873,2025-11-29 04:30:00,TRUE
5504,2025-04-19 02:45:00,TRUE
1582,2025-06-02 14:00:00,TRUE
9250,2025-06-10 08:00:00,TRUE
6520,2026-06-09 14:15:00,FALSE
7542,2025-12-07 18:30:00,TRUE
1311,2025-03-30 08:45:00,TRUE
7087,2025-10-15 06:30:00,TRUE
4628,2027-05-15 16:30:00,FALSE
7436,2027-11-11 21:00:00,FALSE
3838,2026-03-05 14:15:00,TRUE
9969,2025-08-30 04:15:00,TRUE
5553,2025-12-06 00:30:00,TRUE
3248,2026-06-23 12:45:00,FALSE
8902,2026-05-01 00:15:00,TRUE
8450,2027-12-26 21:15:00,FALSE
6384,2026-02-27 19:45:00,TRUE
5882,2025-08-11 03:15:00,TRUE
7942,2026-05-05 09:15:00,TRUE
518,2026-05-04 01:00:00,TRUE
7844,2026-06-29 04:00:00,FALSE
3940,2027-01-22 02:00:00,FALSE
431,2026-02-14 00:00:00,TRUE
4306,2027-06-01 14:15:00,FALSE
3593,2026-04-21 07:00:00,TRUE
3276,2026-04-08 01:15:00,TRUE
7590,2026-01-07 10:45:00,TRUE
3900,2025-05-02 04:15:00,TRUE
4959,2026-06-12 16:30:00,FALSE
7513,2025-02-26 22:00:00,TRUE
7388,2026-02-12 01:00:00,TRUE
9888,2025-06-01 22:30:00,TRUE
843,2025-07-04 20:00:00,TRUE
7982,2025-09-24 06:45:00,TRUE
6124,2026-08-25 14:15:00,FALSE
9933,2026-08-16 17:45:00,FALSE
9245,2026-09-06 11:00:00,FALSE
344,2026-04-16 14:15:00,TRUE
2442,2025-06-02 21:00:00,TRUE
3306,2025-07-07 07:00:00,TRUE
2716,2027-06-13 02:00:00,FALSE
9692,2027-06-14 02:45:00,FALSE
7667,2026-04-03 00:00:00,TRUE
8271,2026-10-27 18:30:00,FALSE
3581,2026-07-10 07:15:00,FALSE
6626,2026-05-19 19:00:00,FALSE
7056,2027-09-05 01:45:00,FALSE
353,2025-06-15 17:30:00,TRUE
8171,2025-01-24 21:45:00,TRUE
9318,2027-09-29 17:45:00,FALSE
5238,2026-04-30 17:45:00,TRUE
7457,2027-03-02 13:45:00,FALSE
1464,2027-02-28 19:15:00,FALSE
8247,2027-07-03 05:15:00,FALSE
698,2027-11-10 22:00:00,FALSE
8266,2026-08-07 07:00:00,FALSE
2633,2027-08-08 20:30:00,FALSE
886,2025-11-20 13:00:00,TRUE
9939,2027-07-16 08:00:00,FALSE
5793,2025-01-07 15:15:00,TRUE
6502,2026-06-16 09:45:00,FALSE
2842,2027-07-26 02:45:00,FALSE
7067,2026-10-07 13:30:00,FALSE
1212,2027-11-19 09:15:00,FALSE
1218,2026-01-11 21:30:00,TRUE
3810,2026-11-07 05:45:00,FALSE
4435,2025-12-12 17:15:00,TRUE
3535,2025-05-06 21:30:00,TRUE
5819,2026-06-28 05:15:00,FALSE
9659,2025-05-13 12:15:00,TRUE
1110,2027-05-11 01:00:00,FALSE
1300,2026-02-07 01:00:00,TRUE
2085,2026-01-02 13:15:00,TRUE
4613,2025-01-03 17:45:00,TRUE
1180,2025-02-08 13:45:00,TRUE
9172,2026-01-08 15:45:00,TRUE
1070,2025-08-11 08:45:00,TRUE
2050,2025-07-31 05:15:00,TRUE
1344,2026-07-14 03:15:00,FALSE
2280,2026-01-13 22:30:00,TRUE
6756,2026-11-14 01:45:00,FALSE
6178,2025-07-09 00:00:00,TRUE
8778,2026-11-03 03:00:00,FALSE
4288,2027-11-18 13:30:00,FALSE
6792,2025-03-05 11:00:00,TRUE
2213,2027-01-11 19:30:00,FALSE
3825,2027-09-18 20:30:00,FALSE
501,2027-12-25 19:30:00,FALSE
4410,2026-12-26 18:30:00,FALSE
7584,2026-07-11 02:00:00,FALSE
2003,2026-07-07 02:45:00,FALSE
228,2025-02-13 22:45:00,TRUE
6797,2027-06-23 19:15:00,FALSE
9473,2026-08-19 13:30:00,FALSE
7018,2026-11-17 09:00:00,FALSE
1711,2027-07-24 20:45:00,FALSE
4411,2027-12-12 22:00:00,FALSE
9495,2026-04-26 13:30:00,TRUE
3818,2026-12-18 03:30:00,FALSE
8063,2027-09-16 08:00:00,FALSE
6313,2025-09-08 03:15:00,TRUE
4693,2026-11-07 07:15:00,FALSE
3431,2025-07-20 16:45:00,TRUE
851,2025-08-05 21:45:00,TRUE
5652,2027-06-20 17:45:00,FALSE
163,2026-05-13 00:30:00,TRUE
9394,2026-12-31 06:45:00,FALSE
9511,2025-07-30 13:00:00,TRUE
9357,2027-11-02 10:15:00,FALSE
9542,2027-05-16 23:00:00,FALSE
4806,2026-11-14 22:30:00,FALSE
4020,2026-03-19 10:00:00,TRUE
2227,2026-01-21 06:45:00,TRUE
3524,2027-07-17 06:30:00,FALSE
5263,2026-02-28 13:15:00,TRUE
9044,2027-12-05 12:45:00,FALSE
428,2025-10-14 21:00:00,TRUE
4825,2025-03-10 08:45:00,TRUE
8849,2026-09-12 16:45:00,FALSE
2933,2026-05-29 07:45:00,FALSE
4269,2025-01-30 14:45:00,TRUE
2835,2025-10-08 15:00:00,TRUE
9976,2025-12-16 11:15:00,TRUE
5653,2026-07-31 09:00:00,FALSE
7615,2026-05-31 08:30:00,FALSE
4346,2025-01-03 21:15:00,TRUE
2609,2027-08-26 13:30:00,FALSE
8304,2026-08-16 21:45:00,FALSE
351,2025-02-05 12:00:00,TRUE
9922,2027-09-01 05:15:00,FALSE
4474,2025-03-09 10:30:00,TRUE
1470,2027-09-11 14:45:00,FALSE
9461,2026-10-26 14:15:00,FALSE
1405,2026-03-11 20:00:00,TRUE
6753,2026-05-23 18:45:00,FALSE
9598,2026-10-07 16:00:00,FALSE
4815,2025-07-12 11:45:00,TRUE
5878,2026-01-10 08:00:00,TRUE
7695,2026-03-18 22:00:00,TRUE
1273,2025-01-26 23:15:00,TRUE
1129,2025-06-05 12:15:00,TRUE
8065,2026-07-18 01:30:00,FALSE
2828,2027-06-25 18:45:00,FALSE
1267,2025-01-09 21:15:00,TRUE
1660,2026-12-06 22:15:00,FALSE
1638,2025-10-29 03:45:00,TRUE
2157,2026-09-02 02:45:00,FALSE
1360,2027-03-01 16:30:00,FALSE
811,2026-10-01 16:30:00,FALSE
8943,2025-07-13 07:15:00,TRUE
4849,2025-01-11 18:30:00,TRUE
7782,2026-02-26 16:45:00,TRUE
8525,2026-01-15 05:30:00,TRUE
8436,2027-10-17 07:15:00,FALSE
7228,2025-05-02 19:00:00,TRUE
2833,2027-10-15 06:15:00,FALSE
5665,2025-10-11 18:30:00,TRUE
863,2027-09-19 16:00:00,FALSE
4080,2026-11-12 01:45:00,FALSE
399,2027-08-10 18:30:00,FALSE
8611,2026-03-28 08:45:00,TRUE
9274,2027-03-16 10:45:00,FALSE
632,2027-11-18 20:15:00,FALSE
1055,2025-11-02 15:30:00,TRUE
3607,2025-03-02 12:00:00,TRUE
924,2026-10-14 20:00:00,FALSE
7998,2026-02-24 04:30:00,TRUE
1931,2025-03-30 20:45:00,TRUE
8695,2025-11-26 05:00:00,TRUE
1024,2027-09-21 09:15:00,FALSE
5235,2026-11-21 10:45:00,FALSE
1039,2027-08-12 18:00:00,FALSE
3575,2026-07-06 22:00:00,FALSE
5888,2027-04-14 23:45:00,FALSE
1186,2026-09-02 02:00:00,FALSE
8335,2027-01-18 01:45:00,FALSE
838,2026-08-15 03:30:00,FALSE
6995,2025-09-19 10:00:00,TRUE
9038,2027-02-15 03:45:00,FALSE
6314,2026-11-27 07:15:00,FALSE
1975,2026-06-13 14:00:00,FALSE
6930,2026-02-27 18:15:00,TRUE
1253,2026-05-21 02:15:00,FALSE
2154,2025-06-12 02:00:00,TRUE
4327,2027-09-12 22:00:00,FALSE
8467,2025-01-12 12:00:00,TRUE
3470,2025-10-25 06:30:00,TRUE
6582,2026-04-04 12:00:00,TRUE
6281,2026-06-18 22:30:00,FALSE
4435,2027-10-04 00:45:00,FALSE
2322,2026-06-11 08:30:00,FALSE
4448,2027-07-09 20:00:00,FALSE
7206,2027-11-09 22:15:00,FALSE
5683,2025-01-09 23:00:00,TRUE
5409,2026-01-25 22:15:00,TRUE
1311,2025-02-09 04:30:00,TRUE
5248,2027-03-18 03:15:00,FALSE
5593,2026-08-23 07:15:00,FALSE
7541,2026-07-17 14:45:00,FALSE
9422,2027-09-06 08:45:00,FALSE
6500,2025-01-12 18:30:00,TRUE
1194,2026-06-22 20:30:00,FALSE
7756,2027-07-17 20:45:00,FALSE
8363,2025-06-18 11:30:00,TRUE
8131,2026-08-09 23:30:00,FALSE
3423,2026-11-21 12:15:00,FALSE
8008,2027-04-24 08:15:00,FALSE
3875,2026-09-28 12:45:00,FALSE
1102,2025-09-12 01:30:00,TRUE
6716,2025-05-05 13:45:00,TRUE
2055,2026-01-13 18:15:00,TRUE
2409,2026-02-10 11:00:00,TRUE
8589,2026-05-12 00:30:00,TRUE
5757,2025-08-20 12:15:00,TRUE
9343,2025-10-01 00:45:00,TRUE
9705,2025-12-16 10:45:00,TRUE
991,2025-06-14 23:00:00,TRUE
6895,2027-07-16 10:15:00,FALSE
8440,2026-03-09 22:45:00,TRUE
9193,2027-11-18 12:15:00,FALSE
2137,2027-08-23 14:15:00,FALSE
6346,2027-08-15 23:30:00,FALSE
1653,2027-04-16 19:00:00,FALSE
6990,2026-04-15 04:30:00,TRUE
7686,2027-10-24 12:30:00,FALSE
4991,2026-05-03 21:30:00,TRUE
7066,2027-11-16 11:15:00,FALSE
1905,2027-02-11 14:00:00,FALSE
4145,2027-12-27 14:30:00,FALSE
1628,2026-07-14 14:15:00,FALSE
1049,2026-01-14 13:00:00,TRUE
2584,2026-03-27 16:45:00,TRUE
3028,2026-09-02 04:45:00,FALSE
9410,2027-10-04 19:00:00,FALSE
5574,2026-02-24 22:30:00,TRUE
1828,2026-05-28 06:45:00,FALSE
1793,2026-10-05 14:00:00,FALSE
7131,2027-06-02 04:15:00,FALSE
9758,2027-07-31 12:00:00,FALSE
35,2025-01-20 21:00:00,TRUE
1115,2026-04-16 13:45:00,TRUE
2088,2025-09-25 22:15:00,TRUE
9007,2027-11-04 19:15:00,FALSE
3155,2027-07-08 05:30:00,FALSE
5768,2025-03-09 22:15:00,TRUE
2079,2025-08-19 08:15:00,TRUE
8240,2025-07-01 06:30:00,TRUE
5415,2025-05-03 00:30:00,TRUE
2122,2025-06-04 11:30:00,TRUE
6158,2027-12-11 08:45:00,FALSE
7625,2027-02-14 08:30:00,FALSE
7928,2026-11-06 07:30:00,FALSE
4972,2027-08-26 09:00:00,FALSE
3405,2027-10-22 07:30:00,FALSE
8493,2025-01-10 16:00:00,TRUE
4322,2027-08-30 00:00:00,FALSE
9383,2027-08-10 05:30:00,FALSE
8100,2026-08-01 17:15:00,FALSE
807,2026-03-03 20:45:00,TRUE
8391,2025-07-07 03:45:00,TRUE
7053,2025-12-10 22:00:00,TRUE
8376,2027-01-30 07:00:00,FALSE
6175,2027-01-07 22:15:00,FALSE
9375,2027-06-17 14:45:00,FALSE
2468,2027-09-27 17:15:00,FALSE
2077,2026-03-24 18:15:00,TRUE
5697,2026-08-06 05:00:00,FALSE
8159,2027-06-04 09:00:00,FALSE
154,2025-09-26 10:30:00,TRUE
7527,2026-06-07 01:15:00,FALSE
9380,2026-05-02 02:00:00,TRUE
942,2027-08-17 09:15:00,FALSE
2060,2026-06-02 01:30:00,FALSE
2270,2027-06-14 07:45:00,FALSE
9432,2025-07-10 01:45:00,TRUE
6691,2027-05-25 16:15:00,FALSE
4696,2027-12-18 03:45:00,FALSE
436,2026-12-28 17:00:00,FALSE
9731,2027-07-11 14:45:00,FALSE
8701,2027-08-16 18:15:00,FALSE
6368,2026-09-06 02:15:00,FALSE
3902,2027-01-27 06:15:00,FALSE
8414,2025-03-06 06:45:00,TRUE
6622,2026-10-02 23:15:00,FALSE
2874,2026-11-28 18:45:00,FALSE
1944,2027-06-17 08:15:00,FALSE
9240,2025-05-14 03:30:00,TRUE
6604,2026-03-10 14:00:00,TRUE
557,2026-12-29 00:15:00,FALSE
4908,2026-03-14 03:30:00,TRUE
7805,2026-03-02 08:00:00,TRUE
6159,2025-11-05 10:00:00,TRUE
2219,2027-06-06 06:45:00,FALSE
4427,2027-09-15 04:00:00,FALSE
7817,2026-04-08 03:00:00,TRUE
1057,2026-09-24 12:15:00,FALSE
1416,2025-02-03 10:00:00,TRUE
9082,2026-06-08 06:30:00,FALSE
1002,2025-04-30 06:45:00,TRUE
5461,2025-05-03 19:00:00,TRUE
1467,2027-11-04 18:45:00,FALSE
3989,2026-09-22 00:00:00,FALSE
1549,2026-11-14 08:45:00,FALSE
3125,2026-05-23 20:45:00,FALSE
5989,2027-01-10 15:30:00,FALSE
8793,2025-04-06 14:15:00,TRUE
5367,2027-11-25 17:45:00,FALSE
4671,2026-09-18 11:45:00,FALSE
9315,2025-11-05 04:30:00,TRUE
706,2025-11-25 18:45:00,TRUE
6268,2027-06-06 17:30:00,FALSE
9658,2026-02-25 21:00:00,TRUE
5094,2027-12-26 01:45:00,FALSE
2391,2026-10-05 03:00:00,FALSE
3372,2027-06-28 10:15:00,FALSE
3,2027-11-16 21:00:00,FALSE
4017,2025-03-19 00:00:00,TRUE
3198,2026-07-29 18:45:00,FALSE
3828,2027-03-08 21:15:00,FALSE
341,2025-02-24 23:00:00,TRUE
7765,2026-03-08 01:45:00,TRUE
4388,2027-10-20 17:00:00,FALSE
7415,2026-01-09 11:00:00,TRUE
1629,2025-10-09 02:00:00,TRUE
2457,2027-12-03 13:15:00,FALSE
5861,2027-11-11 01:15:00,FALSE
904,2027-02-17 23:30:00,FALSE
1077,2026-09-16 06:15:00,FALSE
3142,2027-03-05 21:00:00,FALSE
500,2025-07-08 07:00:00,TRUE
4228,2026-09-06 15:45:00,FALSE
1491,2027-05-19 13:45:00,FALSE
6399,2026-02-08 07:45:00,TRUE
6255,2025-07-31 12:00:00,TRUE
8217,2027-01-25 14:00:00,FALSE
6326,2027-09-22 07:45:00,FALSE
4256,2025-07-27 23:45:00,TRUE
8655,2027-04-12 21:00:00,FALSE
391,2027-07-28 18:15:00,FALSE
7509,2026-07-04 02:00:00,FALSE
3272,2025-12-02 07:15:00,TRUE
8667,2027-09-20 23:00:00,FALSE
770,2026-06-04 11:30:00,FALSE
3655,2025-11-25 22:00:00,TRUE
6634,2025-06-30 09:30:00,TRUE
9548,2026-10-10 14:45:00,FALSE
3252,2027-10-25 19:15:00,FALSE
1667,2025-09-20 03:15:00,TRUE
6712,2025-05-22 23:00:00,TRUE
1318,2026-08-04 02:00:00,FALSE
4892,2026-11-12 02:45:00,FALSE
561,2026-12-30 12:30:00,FALSE
72,2026-02-04 02:45:00,TRUE
9421,2025-05-04 05:30:00,TRUE
9190,2025-06-21 03:30:00,TRUE
5058,2025-12-02 17:30:00,TRUE
4690,2027-04-25 20:00:00,FALSE
5092,2027-02-21 00:00:00,FALSE
3993,2025-11-27 02:15:00,TRUE
5676,2025-11-22 18:00:00,TRUE
5927,2026-08-10 16:00:00,FALSE
8166,2025-02-08 02:00:00,TRUE
6842,2025-10-29 22:15:00,TRUE
3674,2025-05-21 11:15:00,TRUE
3660,2025-03-03 03:45:00,TRUE
4947,2025-01-21 17:15:00,TRUE
996,2026-05-25 19:00:00,FALSE
5807,2025-05-20 06:30:00,TRUE
2543,2025-06-25 02:30:00,TRUE
5430,2026-11-06 03:15:00,FALSE
3687,2025-08-24 11:15:00,TRUE
5305,2025-04-26 09:30:00,TRUE
4724,2025-02-14 21:00:00,TRUE
1928,2026-10-24 10:00:00,FALSE
2223,2026-02-18 01:30:00,TRUE
42,2026-10-05 22:00:00,FALSE
4821,2026-11-25 19:15:00,FALSE
6081,2027-10-07 19:45:00,FALSE
4308,2026-09-08 00:00:00,FALSE
2114,2025-03-23 12:00:00,TRUE
8913,2026-03-16 11:15:00,TRUE
7699,2025-08-02 06:45:00,TRUE
7655,2027-05-31 08:00:00,FALSE
8497,2027-10-13 00:30:00,FALSE
784,2027-06-12 12:30:00,FALSE
449,2025-02-15 10:30:00,TRUE
6425,2027-10-27 19:00:00,FALSE
613,2027-06-19 16:30:00,FALSE
2643,2026-07-07 02:30:00,FALSE
7049,2025-11-13 14:15:00,TRUE
4172,2027-02-20 21:00:00,FALSE
2515,2025-05-02 06:00:00,TRUE
9008,2027-04-15 11:45:00,FALSE
9525,2025-10-17 01:45:00,TRUE
3166,2026-03-27 14:30:00,TRUE
617,2027-07-06 14:00:00,FALSE
1257,2025-11-25 02:45:00,TRUE
6534,2026-02-07 08:00:00,TRUE
4301,2025-12-04 16:00:00,TRUE
6696,2026-05-03 19:15:00,TRUE
9377,2027-10-23 17:15:00,FALSE
8642,2025-12-26 16:45:00,TRUE
8133,2027-01-18 16:45:00,FALSE
720,2025-04-15 16:45:00,TRUE
3100,2027-03-09 03:45:00,FALSE
1444,2026-09-22 19:15:00,FALSE
9080,2027-12-21 07:45:00,FALSE
2688,2025-04-13 13:00:00,TRUE
8825,2027-01-17 21:45:00,FALSE
7808,2027-01-04 13:00:00,FALSE
2820,2026-05-29 13:30:00,FALSE
9231,2027-10-30 11:30:00,FALSE
57,2027-08-31 04:00:00,FALSE
4046,2025-12-23 05:15:00,TRUE
1825,2026-01-22 05:45:00,TRUE
6706,2027-01-18 06:00:00,FALSE
471,2027-08-04 21:30:00,FALSE
7313,2027-02-12 04:30:00,FALSE
4786,2025-11-04 12:00:00,TRUE
5623,2027-09-29 18:30:00,FALSE
3980,2025-02-14 01:15:00,TRUE
7005,2026-12-27 11:15:00,FALSE
5278,2026-12-10 16:00:00,FALSE
7532,2027-12-19 14:30:00,FALSE
2466,2027-08-16 13:00:00,FALSE
8446,2025-12-05 05:00:00,TRUE
9007,2026-09-29 01:30:00,FALSE
366,2027-09-06 23:45:00,FALSE
3340,2027-08-10 06:30:00,FALSE
1792,2027-02-02 12:15:00,FALSE
584,2026-08-26 21:30:00,FALSE
9547,2026-06-21 00:30:00,FALSE
3276,2027-12-20 19:45:00,FALSE
6908,2025-01-22 12:00:00,TRUE
498,2027-01-20 18:00:00,FALSE
5696,2026-10-09 08:00:00,FALSE
4571,2025-12-05 22:00:00,TRUE
8047,2026-03-27 15:30:00,TRUE
3938,2027-11-24 08:15:00,FALSE
3734,2027-08-18 01:45:00,FALSE
3110,2027-03-30 15:00:00,FALSE
5737,2026-09-30 07:45:00,FALSE
8680,2025-07-01 14:30:00,TRUE
9937,2025-04-24 23:45:00,TRUE
5401,2027-12-24 13:15:00,FALSE
8218,2025-08-16 08:45:00,TRUE
1820,2026-05-12 06:15:00,TRUE
8802,2025-10-06 21:45:00,TRUE
5367,2025-07-14 20:30:00,TRUE
9229,2027-09-17 09:30:00,FALSE
5077,2026-10-06 15:15:00,FALSE
6854,2026-09-07 19:15:00,FALSE
4627,2025-04-11 10:45:00,TRUE
4744,2027-04-30 03:45:00,FALSE
4175,2027-09-26 12:00:00,FALSE
9720,2025-02-03 18:45:00,TRUE
4848,2027-10-27 16:45:00,FALSE
7992,2027-04-02 17:45:00,FALSE
1925,2025-12-25 21:30:00,TRUE
7149,2025-07-12 20:00:00,TRUE
1857,2026-06-30 12:15:00,FALSE
1782,2026-07-11 06:15:00,FALSE
2224,2025-08-13 14:15:00,TRUE
7231,2027-04-24 17:15:00,FALSE
1405,2026-08-31 11:00:00,FALSE
6427,2027-12-05 12:30:00,FALSE
3069,2027-04-29 17:00:00,FALSE
4142,2026-06-25 04:00:00,FALSE
8293,2025-04-04 01:30:00,TRUE
4907,2027-01-04 16:15:00,FALSE
1992,2025-06-04 06:45:00,TRUE
8681,2027-03-26 17:30:00,FALSE
355,2025-02-01 03:45:00,TRUE
2789,2025-05-31 03:15:00,TRUE
8550,2025-01-29 00:45:00,TRUE
7030,2026-04-16 14:00:00,TRUE
9228,2025-04-01 19:00:00,TRUE
4618,2026-03-18 07:00:00,TRUE
6201,2026-11-28 05:15:00,FALSE
3318,2027-07-13 10:30:00,FALSE
7092,2025-06-29 20:45:00,TRUE
5723,2027-06-17 21:15:00,FALSE
8334,2027-06-14 16:45:00,FALSE
7168,2025-12-09 14:15:00,TRUE
34,2027-05-30 00:00:00,FALSE
3201,2025-11-05 17:15:00,TRUE
2513,2027-09-21 07:45:00,FALSE
8924,2027-08-07 15:30:00,FALSE
1247,2026-12-10 11:30:00,FALSE
7027,2025-08-10 12:45:00,TRUE
8674,2025-08-08 11:15:00,TRUE
6153,2025-05-10 13:30:00,TRUE
4222,2027-04-14 21:15:00,FALSE
442,2026-10-24 20:00:00,FALSE
6255,2025-08-23 20:45:00,TRUE
5503,2026-07-03 21:15:00,FALSE
7378,2025-09-12 12:00:00,TRUE
8423,2026-07-18 02:00:00,FALSE
9146,2026-01-09 11:00:00,TRUE
4065,2027-07-07 16:45:00,FALSE
4247,2027-01-13 16:45:00,FALSE
3319,2026-02-18 02:30:00,TRUE
7061,2027-06-09 09:15:00,FALSE
2880,2027-12-07 19:00:00,FALSE
116,2025-10-24 20:30:00,TRUE
8304,2026-02-16 01:30:00,TRUE
6773,2025-09-28 13:45:00,TRUE
7348,2026-09-27 23:00:00,FALSE
7354,2027-06-12 12:00:00,FALSE
1080,2025-12-30 17:30:00,TRUE
4103,2027-06-01 11:15:00,FALSE
3130,2027-01-10 18:30:00,FALSE
80,2026-04-25 07:15:00,TRUE
4952,2025-09-25 11:00:00,TRUE
8893,2025-03-17 15:45:00,TRUE
1484,2025-03-30 13:00:00,TRUE
4992,2026-10-02 06:45:00,FALSE
7100,2027-11-18 23:15:00,FALSE
3687,2025-01-26 18:15:00,TRUE
4578,2026-01-28 09:30:00,TRUE
143,2025-03-18 15:00:00,TRUE
8680,2027-03-02 13:45:00,FALSE
1197,2026-10-09 04:45:00,FALSE
3786,2026-09-14 16:00:00,FALSE
5566,2026-09-24 21:30:00,FALSE
9212,2026-04-08 23:30:00,TRUE
985,2026-03-17 22:45:00,TRUE
8246,2027-04-19 00:45:00,FALSE
4392,2027-09-28 08:15:00,FALSE
6911,2026-09-20 08:45:00,FALSE
1814,2025-05-15 14:45:00,TRUE
3342,2025-03-19 16:45:00,TRUE
2948,2027-11-15 20:00:00,FALSE
236,2026-02-18 20:30:00,TRUE
902,2027-12-18 03:00:00,FALSE
858,2025-05-20 12:15:00,TRUE
6175,2025-05-07 01:30:00,TRUE
8527,2025-04-11 09:00:00,TRUE
386,2025-12-08 06:00:00,TRUE
4175,2027-09-14 06:30:00,FALSE
4207,2027-06-12 19:00:00,FALSE
2863,2025-03-06 06:00:00,TRUE
3792,2025-02-22 08:00:00,TRUE
1151,2026-02-27 11:45:00,TRUE
7617,2025-09-07 15:30:00,TRUE
1594,2025-10-03 08:15:00,TRUE
6205,2025-03-21 06:00:00,TRUE
9447,2027-05-13 23:00:00,FALSE
350,2025-10-23 06:30:00,TRUE
2654,2027-10-16 05:45:00,FALSE
5121,2026-11-14 04:30:00,FALSE
3992,2027-05-22 12:15:00,FALSE
8222,2025-12-06 08:45:00,TRUE
3987,2025-01-29 20:45:00,TRUE
5105,2025-11-09 16:15:00,TRUE
654,2025-06-09 21:00:00,TRUE
883,2027-04-13 18:15:00,FALSE
9334,2026-08-17 01:45:00,FALSE
6529,2025-05-24 13:00:00,TRUE
9973,2026-09-01 15:45:00,FALSE
8600,2027-02-05 02:30:00,FALSE
5,2027-12-21 05:45:00,FALSE
897,2026-03-29 22:00:00,TRUE
666,2025-10-20 07:15:00,TRUE
291,2025-11-15 09:45:00,TRUE
6949,2027-12-13 07:30:00,FALSE
9368,2027-08-12 14:45:00,FALSE
6570,2025-10-20 04:00:00,TRUE
8461,2026-05-28 13:15:00,FALSE
8509,2027-10-09 09:45:00,FALSE
2374,2026-08-20 14:00:00,FALSE
9075,2025-01-05 12:30:00,TRUE
2786,2026-03-21 18:30:00,TRUE
1629,2027-02-11 21:45:00,FALSE
5960,2026-04-20 19:00:00,TRUE
5128,2025-10-28 16:30:00,TRUE
919,2026-12-05 15:00:00,FALSE
9113,2026-12-26 10:30:00,FALSE
5362,2027-12-20 21:15:00,FALSE
8041,2026-03-31 11:45:00,TRUE
5191,2027-08-25 22:00:00,FALSE
8210,2027-06-21 13:45:00,FALSE
3984,2027-07-12 03:00:00,FALSE
1540,2026-06-18 06:00:00,FALSE
2288,2026-10-23 15:15:00,FALSE
7348,2025-04-07 02:00:00,TRUE
2789,2025-07-27 09:45:00,TRUE
40,2026-09-28 13:00:00,FALSE
9485,2025-08-26 00:15:00,TRUE
5727,2026-12-10 19:45:00,FALSE
9180,2026-02-06 08:00:00,TRUE
6395,2025-01-04 10:15:00,TRUE
5452,2027-10-30 21:30:00,FALSE
6701,2027-01-13 07:30:00,FALSE
2246,2026-02-08 00:45:00,TRUE
1760,2027-11-19 20:30:00,FALSE
1895,2025-08-26 11:45:00,TRUE
290,2026-07-13 17:15:00,FALSE
2228,2027-11-14 13:30:00,FALSE
2467,2025-02-05 19:00:00,TRUE
543,2025-12-25 05:15:00,TRUE
3992,2026-06-19 20:45:00,FALSE
6654,2027-12-21 10:30:00,FALSE
6077,2026-08-10 22:30:00,FALSE
9246,2027-03-05 19:15:00,FALSE
9680,2025-08-17 14:00:00,TRUE
6856,2026-05-08 11:00:00,TRUE
8438,2026-05-21 04:45:00,FALSE
5809,2026-03-28 14:15:00,TRUE
707,2027-05-07 22:00:00,FALSE
5167,2027-05-21 22:00:00,FALSE
6564,2026-06-29 12:00:00,FALSE
4114,2027-12-31 23:15:00,FALSE
1041,2025-11-30 02:15:00,TRUE
7549,2026-12-01 01:30:00,FALSE
4346,2027-01-20 13:15:00,FALSE
7926,2027-08-16 14:30:00,FALSE
944,2026-07-22 02:45:00,FALSE
7496,2027-08-05 10:00:00,FALSE
872,2026-03-23 10:15:00,TRUE
7351,2026-07-14 06:45:00,FALSE
9755,2026-06-04 02:45:00,FALSE
7203,2027-11-27 00:00:00,FALSE
5328,2025-08-19 10:30:00,TRUE
7224,2027-03-08 19:45:00,FALSE
5782,2026-01-19 04:15:00,TRUE
6458,2026-04-03 03:15:00,TRUE
3538,2026-12-07 13:45:00,FALSE
5583,2025-12-21 02:15:00,TRUE
8775,2025-12-03 11:30:00,TRUE
6962,2026-05-12 20:45:00,TRUE
1416,2026-01-28 21:45:00,TRUE
8673,2026-01-13 06:45:00,TRUE
7299,2025-12-05 04:30:00,TRUE
683,2027-01-19 07:00:00,FALSE
3715,2026-03-02 15:30:00,TRUE
3530,2026-08-04 04:30:00,FALSE
9814,2026-01-07 11:45:00,TRUE
9356,2026-05-25 20:30:00,FALSE
9869,2025-05-04 03:30:00,TRUE
6979,2027-01-29 11:00:00,FALSE
464,2025-11-05 06:00:00,TRUE
5685,2025-07-20 00:00:00,TRUE
8084,2026-01-06 10:15:00,TRUE
8245,2027-01-10 03:00:00,FALSE
468,2026-02-23 16:15:00,TRUE
9840,2027-06-02 05:15:00,FALSE
9520,2027-05-31 17:00:00,FALSE
2552,2026-09-25 04:45:00,FALSE
5984,2027-06-29 22:15:00,FALSE
4247,2027-09-29 20:45:00,FALSE
8693,2027-07-21 11:15:00,FALSE
9097,2025-11-22 10:45:00,TRUE
6598,2027-08-16 08:00:00,FALSE
8286,2027-12-21 09:15:00,FALSE
5098,2027-07-31 15:15:00,FALSE
4505,2025-02-04 05:15:00,TRUE
2982,2026-10-10 03:30:00,FALSE
2695,2026-09-11 05:15:00,FALSE
5568,2026-01-15 03:45:00,TRUE
9154,2027-02-28 08:45:00,FALSE
1041,2026-06-29 02:30:00,FALSE
3532,2025-10-06 08:15:00,TRUE
9287,2026-07-19 10:00:00,FALSE
9808,2027-11-27 04:15:00,FALSE
5173,2027-11-28 17:30:00,FALSE
4190,2025-07-02 00:30:00,TRUE
7037,2027-12-04 20:30:00,FALSE
8208,2026-02-11 05:30:00,TRUE
8939,2027-07-19 20:30:00,FALSE
5417,2025-07-17 05:30:00,TRUE
6915,2027-03-07 10:15:00,FALSE
9523,2027-02-13 09:45:00,FALSE
9784,2025-11-11 04:45:00,TRUE
1716,2025-12-22 06:15:00,TRUE
487,2027-12-08 12:15:00,FALSE
7937,2027-03-01 01:00:00,FALSE
1367,2027-03-28 02:15:00,FALSE
7830,2026-02-28 06:00:00,TRUE
4713,2026-12-24 23:00:00,FALSE
4251,2025-08-03 01:30:00,TRUE
4690,2026-02-02 08:00:00,TRUE
7621,2026-04-10 08:15:00,TRUE
7527,2027-04-23 10:30:00,FALSE
2168,2026-06-09 07:15:00,FALSE
5776,2026-01-28 00:15:00,TRUE
6091,2026-07-06 08:30:00,FALSE
8988,2025-07-09 07:00:00,TRUE
9355,2026-01-01 17:30:00,TRUE
197,2025-03-24 10:00:00,TRUE
9598,2027-10-10 22:45:00,FALSE
572,2025-09-06 01:00:00,TRUE
4145,2027-02-23 02:45:00,FALSE
7483,2027-01-09 12:30:00,FALSE
3725,2027-12-12 10:15:00,FALSE
1429,2025-04-03 09:15:00,TRUE
5130,2025-01-29 23:15:00,TRUE
4707,2025-08-19 20:45:00,TRUE
2048,2025-02-01 10:15:00,TRUE
8424,2025-01-08 02:00:00,TRUE
5595,2026-06-19 02:30:00,FALSE
860,2027-10-11 06:15:00,FALSE
3892,2025-03-09 16:00:00,TRUE
7997,2027-09-06 06:00:00,FALSE
6149,2025-04-19 07:30:00,TRUE
1280,2026-01-07 10:00:00,TRUE
8954,2027-09-09 14:45:00,FALSE
5340,2026-08-01 11:30:00,FALSE
1344,2025-11-03 05:15:00,TRUE
4159,2026-09-06 16:00:00,FALSE
7651,2027-07-21 16:30:00,FALSE
3597,2026-11-06 12:30:00,FALSE
4920,2027-05-20 02:45:00,FALSE
6315,2026-02-01 22:00:00,TRUE
2263,2026-07-22 22:45:00,FALSE
9875,2025-11-30 13:45:00,TRUE
2375,2026-01-06 09:15:00,TRUE
7082,2027-08-06 06:00:00,FALSE
2512,2026-04-16 18:15:00,TRUE
1514,2026-01-01 07:15:00,TRUE
5510,2025-08-29 00:15:00,TRUE
1700,2026-02-06 08:15:00,TRUE
6557,2026-01-04 16:00:00,TRUE
104,2025-04-20 09:00:00,TRUE
4644,2025-06-11 12:45:00,TRUE
1585,2025-03-19 10:45:00,TRUE
9497,2025-05-18 15:00:00,TRUE
8381,2026-11-21 14:15:00,FALSE
3832,2025-04-21 03:30:00,TRUE
6996,2026-11-21 15:30:00,FALSE
8321,2026-09-29 14:30:00,FALSE
7340,2026-02-05 00:30:00,TRUE
2228,2025-10-03 06:00:00,TRUE
3108,2027-01-04 02:15:00,FALSE
2547,2026-06-14 01:45:00,FALSE
1053,2025-10-02 15:15:00,TRUE
8935,2025-05-28 01:15:00,TRUE
2981,2026-12-13 00:15:00,FALSE
7306,2027-05-10 08:30:00,FALSE
4375,2027-11-20 00:45:00,FALSE
3590,2025-06-10 21:15:00,TRUE
4144,2027-05-15 03:45:00,FALSE
7021,2026-07-16 14:00:00,FALSE
842,2026-11-29 01:30:00,FALSE
3217,2026-12-25 00:45:00,FALSE
8813,2026-07-24 06:30:00,FALSE
306,2025-08-27 04:00:00,TRUE
6149,2025-04-13 23:45:00,TRUE
4795,2027-05-04 02:30:00,FALSE
8116,2027-07-21 13:45:00,FALSE
9005,2027-10-12 13:45:00,FALSE
7055,2026-09-18 15:15:00,FALSE
5745,2026-11-23 06:00:00,FALSE
1046,2026-11-15 13:45:00,FALSE
804,2027-04-09 06:00:00,FALSE
2685,2025-11-29 11:45:00,TRUE
191,2027-05-15 15:15:00,FALSE
6809,2025-08-17 19:30:00,TRUE
8808,2027-05-07 15:00:00,FALSE
7911,2027-10-23 10:45:00,FALSE
8923,2027-10-18 09:30:00,FALSE
521,2027-11-25 01:15:00,FALSE
4975,2026-06-11 20:00:00,FALSE
4144,2026-05-13 20:00:00,TRUE
9255,2025-12-03 19:30:00,TRUE
5553,2026-07-24 10:00:00,FALSE
2162,2025-12-03 21:30:00,TRUE
7695,2027-08-20 07:00:00,FALSE
691,2026-01-13 07:30:00,TRUE
6527,2026-05-25 18:45:00,FALSE
88,2025-06-07 22:30:00,TRUE
382,2025-06-06 22:00:00,TRUE
8549,2026-12-10 00:30:00,FALSE
3885,2026-12-27 06:45:00,FALSE
9485,2027-07-16 03:30:00,FALSE
2725,2025-05-07 15:00:00,TRUE
7120,2026-07-10 10:00:00,FALSE
2746,2026-02-19 13:30:00,TRUE
6152,2025-01-24 10:00:00,TRUE
918,2027-06-04 19:00:00,FALSE
238,2026-03-24 09:30:00,TRUE
1872,2026-09-17 09:00:00,FALSE
1037,2027-02-14 07:45:00,FALSE
5291,2026-08-20 06:45:00,FALSE
951,2026-04-17 14:15:00,TRUE
4194,2027-04-03 20:15:00,FALSE
746,2025-04-11 16:15:00,TRUE
3911,2025-03-07 20:15:00,TRUE
9534,2026-04-11 05:00:00,TRUE
9305,2027-03-14 13:30:00,FALSE
4183,2026-03-27 08:30:00,TRUE
338,2027-04-23 22:30:00,FALSE
5942,2025-01-19 10:30:00,TRUE
518,2027-06-21 04:30:00,FALSE
8791,2025-01-18 18:45:00,TRUE
5995,2027-01-27 00:45:00,FALSE
8049,2027-03-03 18:15:00,FALSE
6698,2025-06-09 16:45:00,TRUE
461,2027-12-29 23:30:00,FALSE
6274,2025-02-11 07:15:00,TRUE
6369,2027-11-15 08:45:00,FALSE
383,2026-10-06 11:45:00,FALSE
4848,2025-04-30 06:30:00,TRUE
1881,2026-05-30 09:30:00,FALSE
6857,2026-11-23 05:30:00,FALSE
1219,2027-05-06 20:15:00,FALSE
2430,2026-01-07 22:45:00,TRUE
669,2025-12-11 08:00:00,TRUE
1177,2026-05-03 14:00:00,TRUE
62,2025-04-04 03:15:00,TRUE
4802,2027-10-24 21:45:00,FALSE
5475,2026-09-26 14:15:00,FALSE
8422,2026-03-21 16:45:00,TRUE
1444,2025-05-01 11:15:00,TRUE
6670,2027-08-11 17:00:00,FALSE
5199,2025-05-11 08:00:00,TRUE
8154,2027-06-28 06:00:00,FALSE
4062,2026-03-16 05:15:00,TRUE
4495,2026-02-02 08:15:00,TRUE
2731,2026-04-30 02:00:00,TRUE
9936,2026-10-05 10:45:00,FALSE
8581,2026-12-24 08:45:00,FALSE
4293,2027-12-04 11:45:00,FALSE
2046,2025-04-16 05:45:00,TRUE
6781,2027-09-22 06:30:00,FALSE
7293,2025-07-16 17:30:00,TRUE
9662,2026-06-01 15:30:00,FALSE
8440,2025-04-21 01:30:00,TRUE
8521,2027-08-19 22:00:00,FALSE
4009,2025-05-26 20:15:00,TRUE
7948,2026-02-14 16:45:00,TRUE
5073,2027-11-09 08:15:00,FALSE
1408,2026-07-15 02:15:00,FALSE
9593,2026-08-14 23:45:00,FALSE
608,2027-01-28 04:15:00,FALSE
2693,2026-10-20 08:15:00,FALSE
4211,2026-10-31 16:30:00,FALSE
6710,2027-10-26 15:45:00,FALSE
4301,2025-06-28 02:30:00,TRUE
8520,2025-11-29 15:15:00,TRUE
926,2027-09-26 09:45:00,FALSE
5249,2027-07-10 16:45:00,FALSE
8905,2025-04-21 03:15:00,TRUE
3990,2027-01-26 09:00:00,FALSE
1167,2026-07-13 18:30:00,FALSE
7043,2025-12-30 17:15:00,TRUE
3507,2025-11-23 12:45:00,TRUE
9618,2027-02-22 10:30:00,FALSE
7227,2025-01-22 09:30:00,TRUE
8277,2027-08-07 15:45:00,FALSE
6682,2026-04-01 06:45:00,TRUE
451,2025-10-27 03:30:00,TRUE
7840,2027-06-10 18:15:00,FALSE
2009,2026-01-13 06:15:00,TRUE
4192,2026-10-10 01:00:00,FALSE
5302,2027-07-17 09:45:00,FALSE
6920,2025-04-13 22:15:00,TRUE
1307,2027-10-18 16:00:00,FALSE
5205,2026-10-19 18:15:00,FALSE
6716,2025-03-30 01:00:00,TRUE
463,2027-09-01 11:15:00,FALSE
8456,2025-04-24 18:15:00,TRUE
3602,2025-06-18 02:30:00,TRUE
6949,2027-12-09 16:15:00,FALSE
5253,2027-09-24 06:00:00,FALSE
7946,2025-12-28 15:00:00,TRUE
5794,2025-01-24 06:15:00,TRUE
642,2026-12-25 11:30:00,FALSE
9077,2025-12-10 00:15:00,TRUE
7152,2027-07-19 05:45:00,FALSE
2756,2026-07-17 06:00:00,FALSE
873,2025-10-13 05:45:00,TRUE
9379,2026-01-31 23:00:00,TRUE
7534,2027-08-19 13:00:00,FALSE
6548,2027-05-26 14:15:00,FALSE
1007,2026-04-05 04:00:00,TRUE
9508,2025-04-14 23:15:00,TRUE
2057,2025-06-10 07:45:00,TRUE
6600,2027-02-08 05:15:00,FALSE
7902,2027-08-03 02:00:00,FALSE
8654,2026-12-27 21:45:00,FALSE
35,2027-03-13 12:00:00,FALSE
3765,2026-02-03 22:45:00,TRUE
6957,2025-07-31 04:15:00,TRUE
5902,2025-04-26 04:00:00,TRUE
7321,2027-07-17 21:45:00,FALSE
644,2025-09-06 13:30:00,TRUE
8522,2027-10-25 10:30:00,FALSE
732,2026-06-15 07:30:00,FALSE
5497,2027-10-30 20:45:00,FALSE
5957,2025-02-26 04:15:00,TRUE
1752,2025-02-27 05:00:00,TRUE
636,2025-09-13 02:30:00,TRUE
9825,2027-07-06 08:15:00,FALSE
8112,2027-12-23 13:00:00,FALSE
6304,2027-10-03 00:15:00,FALSE
1424,2026-08-21 19:45:00,FALSE
8615,2026-08-13 11:00:00,FALSE
8883,2027-09-06 20:45:00,FALSE
2465,2026-07-12 21:45:00,FALSE
4321,2025-07-23 20:15:00,TRUE
576,2026-04-08 15:15:00,TRUE
1116,2027-07-09 16:45:00,FALSE
2654,2026-11-04 04:15:00,FALSE
7858,2027-02-28 13:45:00,FALSE
4795,2026-10-09 15:15:00,FALSE
6171,2025-06-27 00:00:00,TRUE
366,2026-12-29 03:15:00,FALSE
1789,2027-12-07 03:30:00,FALSE
8505,2027-07-13 03:15:00,FALSE
2717,2026-10-15 04:30:00,FALSE
8796,2027-10-15 07:15:00,FALSE
3510,2025-11-25 00:45:00,TRUE
8857,2027-04-07 04:00:00,FALSE
6508,2025-03-28 14:45:00,TRUE
8682,2025-12-14 22:45:00,TRUE
1,2027-03-25 00:00:00,FALSE
557,2026-07-20 22:15:00,FALSE
9825,2026-01-13 01:00:00,TRUE
2336,2027-06-29 22:15:00,FALSE
6823,2025-02-08 22:45:00,TRUE
4337,2026-01-02 09:30:00,TRUE
2729,2025-11-25 03:45:00,TRUE
5519,2027-02-18 07:00:00,FALSE
2529,2025-12-23 21:15:00,TRUE
7811,2026-01-31 21:45:00,TRUE
2619,2027-03-17 07:45:00,FALSE
4287,2025-03-08 02:15:00,TRUE
1535,2025-02-27 07:00:00,TRUE
3544,2027-04-22 21:00:00,FALSE
3663,2025-01-17 21:30:00,TRUE
1777,2026-12-08 14:00:00,FALSE
4132,2027-07-10 12:15:00,FALSE
1608,2026-12-12 05:45:00,FALSE
9754,2027-03-28 10:30:00,FALSE
3101,2026-07-30 01:30:00,FALSE
6779,2025-01-11 17:00:00,TRUE
2409,2026-02-01 07:00:00,TRUE
4704,2026-07-15 11:15:00,FALSE
8879,2027-10-27 03:30:00,FALSE
8978,2026-05-05 11:45:00,TRUE
4050,2025-05-31 10:45:00,TRUE
3932,2026-11-18 07:30:00,FALSE
8736,2026-03-25 15:00:00,TRUE
8353,2026-01-22 19:15:00,TRUE
7068,2026-02-10 15:30:00,TRUE
5069,2026-03-13 06:15:00,TRUE
5700,2027-02-23 00:30:00,FALSE
3705,2027-06-20 02:00:00,FALSE
348,2027-09-02 08:00:00,FALSE
8147,2026-12-31 01:15:00,FALSE
2366,2025-01-03 13:30:00,TRUE
1914,2027-09-12 19:15:00,FALSE
4748,2025-03-24 08:45:00,TRUE
7415,2027-10-24 04:30:00,FALSE
4716,2027-01-13 02:15:00,FALSE
9752,2025-08-29 20:30:00,TRUE
4760,2026-01-31 09:00:00,TRUE
8654,2027-11-04 04:45:00,FALSE
5533,2026-09-03 13:00:00,FALSE
6328,2026-08-05 14:15:00,FALSE
7818,2026-11-21 10:45:00,FALSE
696,2026-09-26 01:00:00,FALSE
9424,2025-06-28 00:15:00,TRUE
4918,2027-02-06 19:00:00,FALSE
595,2025-06-20 22:45:00,TRUE
6605,2025-02-22 09:00:00,TRUE
2065,2027-02-18 22:15:00,FALSE
7274,2026-05-11 00:00:00,TRUE
8839,2025-01-28 14:45:00,TRUE
9618,2027-04-30 16:45:00,FALSE
8639,2026-11-27 01:45:00,FALSE
6407,2025-03-15 17:00:00,TRUE
8113,2027-12-13 17:30:00,FALSE
1014,2027-02-03 08:15:00,FALSE
4030,2027-06-03 16:30:00,FALSE
722,2025-07-08 01:45:00,TRUE
8435,2027-01-20 18:45:00,FALSE
2839,2026-07-11 22:45:00,FALSE
7546,2027-03-19 00:15:00,FALSE
5354,2025-11-27 09:45:00,TRUE
6811,2026-02-12 20:00:00,TRUE
2862,2027-09-14 16:45:00,FALSE
18,2026-02-21 01:15:00,TRUE
787,2027-11-21 11:30:00,FALSE
4495,2025-03-07 15:15:00,TRUE
4227,2025-03-25 16:00:00,TRUE
4164,2025-01-19 08:30:00,TRUE
722,2026-10-27 20:30:00,FALSE
1736,2025-07-24 20:15:00,TRUE
265,2025-12-19 11:45:00,TRUE
6182,2025-12-05 17:15:00,TRUE
5356,2027-10-02 21:00:00,FALSE
4936,2025-02-08 00:45:00,TRUE
3796,2025-10-13 14:15:00,TRUE
906,2026-09-25 23:30:00,FALSE
4589,2027-08-02 09:00:00,FALSE
9511,2027-05-17 21:30:00,FALSE
7363,2027-05-27 01:30:00,FALSE
1696,2026-07-30 00:45:00,FALSE
1146,2025-06-22 21:45:00,TRUE
1215,2025-01-06 10:45:00,TRUE
2503,2027-07-11 22:15:00,FALSE
7042,2027-05-03 10:15:00,FALSE
6460,2027-02-24 04:15:00,FALSE
5801,2026-08-20 03:15:00,FALSE
5629,2027-04-17 11:30:00,FALSE
2707,2026-11-06 08:30:00,FALSE
3058,2027-02-06 04:45:00,FALSE
155,2026-08-24 11:15:00,FALSE
6885,2025-08-29 05:45:00,TRUE
8587,2025-09-16 19:15:00,TRUE
4009,2027-02-09 12:00:00,FALSE
6162,2027-05-17 05:45:00,FALSE
6357,2026-02-13 14:45:00,TRUE
7328,2027-01-03 09:15:00,FALSE
8614,2025-10-22 10:15:00,TRUE
2388,2026-08-26 07:00:00,FALSE
818,2025-03-23 21:30:00,TRUE
9846,2025-02-18 22:15:00,TRUE
4775,2026-02-13 18:00:00,TRUE
1592,2025-11-27 15:45:00,TRUE
9288,2025-08-04 09:45:00,TRUE
5100,2025-04-29 15:30:00,TRUE
4821,2026-10-25 06:15:00,FALSE
9060,2026-12-29 00:45:00,FALSE
5899,2025-09-27 06:00:00,TRUE
8134,2025-09-30 15:15:00,TRUE
964,2027-12-24 10:15:00,FALSE
7898,2026-02-03 20:15:00,TRUE
190,2027-01-04 19:00:00,FALSE
5427,2026-03-20 10:00:00,TRUE
423,2027-12-16 21:45:00,FALSE
784,2025-12-05 17:30:00,TRUE
6558,2027-08-13 00:00:00,FALSE
5330,2025-06-20 16:30:00,TRUE
8038,2025-01-22 18:30:00,TRUE
5332,2026-04-08 16:00:00,TRUE
8771,2026-07-04 22:00:00,FALSE
2336,2027-05-22 12:00:00,FALSE
8437,2026-05-30 10:30:00,FALSE
1101,2026-11-13 12:15:00,FALSE
4805,2026-09-07 12:30:00,FALSE
2064,2027-09-18 03:45:00,FALSE
7591,2027-07-01 07:15:00,FALSE
4361,2026-04-02 04:30:00,TRUE
2066,2027-01-27 17:30:00,FALSE
4002,2025-12-11 13:45:00,TRUE
788,2025-06-17 03:15:00,TRUE
7008,2027-12-25 07:45:00,FALSE
8057,2026-06-13 14:45:00,FALSE
192,2027-03-29 11:15:00,FALSE
2779,2026-11-29 11:30:00,FALSE
7062,2025-08-09 00:45:00,TRUE
2518,2025-12-25 04:15:00,TRUE
4487,2025-08-18 06:15:00,TRUE
911,2025-12-08 00:15:00,TRUE
7911,2027-06-13 04:45:00,FALSE
8675,2027-07-07 07:30:00,FALSE
1352,2027-11-09 12:00:00,FALSE
8522,2027-03-20 13:15:00,FALSE
4377,2027-11-25 19:15:00,FALSE
2434,2027-04-04 08:45:00,FALSE
5174,2026-01-30 03:45:00,TRUE
2982,2027-06-14 23:30:00,FALSE
7943,2025-11-02 18:15:00,TRUE
4799,2027-07-30 01:30:00,FALSE
6751,2027-11-25 10:15:00,FALSE
5544,2026-09-25 08:45:00,FALSE
1763,2027-06-06 09:45:00,FALSE
5806,2025-07-10 22:15:00,TRUE
5617,2026-04-19 18:15:00,TRUE
6462,2027-07-20 00:45:00,FALSE
3815,2025-11-24 15:00:00,TRUE
5497,2027-02-14 14:45:00,FALSE
6271,2026-10-17 03:30:00,FALSE
6472,2027-05-12 02:00:00,FALSE
9094,2026-05-27 11:45:00,FALSE
3441,2025-05-22 03:45:00,TRUE
6084,2026-01-30 10:15:00,TRUE
616,2027-08-22 06:45:00,FALSE
9891,2026-03-04 21:00:00,TRUE
5504,2026-11-18 17:00:00,FALSE
9525,2025-01-02 06:15:00,TRUE
3568,2025-10-13 16:00:00,TRUE
4952,2027-10-06 20:30:00,FALSE
2830,2026-07-15 20:30:00,FALSE
9850,2026-10-17 23:30:00,FALSE
4144,2027-03-20 14:30:00,FALSE
5885,2027-05-08 04:15:00,FALSE
5396,2025-08-28 15:15:00,TRUE
6038,2025-05-22 01:45:00,TRUE
1049,2025-03-21 16:15:00,TRUE
6741,2025-08-18 06:45:00,TRUE
2464,2026-10-09 15:00:00,FALSE
6662,2025-05-10 07:15:00,TRUE
8264,2026-04-22 12:00:00,TRUE
8968,2026-03-04 18:30:00,TRUE
2862,2025-03-11 19:15:00,TRUE
9424,2025-09-26 09:45:00,TRUE
4366,2026-01-10 23:30:00,TRUE
7476,2026-12-17 05:00:00,FALSE
42,2026-01-28 21:00:00,TRUE
7276,2025-09-26 16:00:00,TRUE
5876,2026-07-19 22:15:00,FALSE
98,2027-04-30 16:45:00,FALSE
2045,2026-06-25 10:15:00,FALSE
3910,2027-02-27 23:45:00,FALSE
3176,2027-02-20 23:00:00,FALSE
91,2027-05-09 05:00:00,FALSE
1184,2025-04-16 13:00:00,TRUE
4578,2025-11-11 09:30:00,TRUE
841,2026-07-19 03:30:00,FALSE
9558,2027-01-07 04:30:00,FALSE
7278,2025-02-02 06:30:00,TRUE
5071,2026-02-04 15:15:00,TRUE
5017,2025-04-19 16:30:00,TRUE
356,2026-11-21 22:00:00,FALSE
2126,2025-12-26 02:30:00,TRUE
9449,2025-02-25 21:45:00,TRUE
4156,2026-03-21 12:00:00,TRUE
708,2026-09-01 11:15:00,FALSE
5098,2026-01-01 14:45:00,TRUE
2390,2025-10-09 21:00:00,TRUE
4032,2026-05-05 00:45:00,TRUE
4113,2026-08-02 22:15:00,FALSE
8289,2026-01-28 18:45:00,TRUE
7870,2026-03-13 03:00:00,TRUE
3273,2027-06-09 16:45:00,FALSE
3505,2025-09-19 15:45:00,TRUE
4037,2027-08-13 04:00:00,FALSE
5095,2026-10-07 03:15:00,FALSE
2907,2027-02-18 17:15:00,FALSE
2099,2025-10-17 13:45:00,TRUE
5980,2026-08-04 20:30:00,FALSE
8905,2027-06-03 02:15:00,FALSE
1153,2026-05-12 16:15:00,TRUE
3514,2025-09-16 21:00:00,TRUE
9404,2027-07-10 11:00:00,FALSE
3960,2027-01-15 10:45:00,FALSE
4810,2026-01-03 02:30:00,TRUE
7679,2025-05-16 20:00:00,TRUE
6619,2025-06-01 03:15:00,TRUE
3879,2025-10-18 10:30:00,TRUE
4033,2025-12-20 06:30:00,TRUE
6792,2027-11-01 07:15:00,FALSE
9035,2026-09-18 08:30:00,FALSE
9981,2026-11-01 17:45:00,FALSE
4160,2026-08-24 22:30:00,FALSE
1487,2026-12-30 21:00:00,FALSE
6293,2026-05-08 04:00:00,TRUE
2121,2025-09-12 02:30:00,TRUE
8660,2026-08-06 02:30:00,FALSE
6551,2027-11-05 12:00:00,FALSE
2375,2027-09-30 18:15:00,FALSE
30,2026-01-29 07:30:00,TRUE
1164,2026-09-05 21:45:00,FALSE
5618,2027-10-31 17:15:00,FALSE
3302,2025-03-24 14:45:00,TRUE
957,2027-06-09 10:00:00,FALSE
8537,2026-05-17 03:00:00,FALSE
4800,2026-07-03 23:45:00,FALSE
3008,2027-10-02 08:00:00,FALSE
4879,2025-07-05 21:45:00,TRUE
1600,2026-04-25 07:15:00,TRUE
219,2027-07-03 00:45:00,FALSE
8130,2026-05-24 11:45:00,FALSE
2108,2026-04-02 07:00:00,TRUE
6358,2027-03-03 21:45:00,FALSE
6210,2025-06-13 11:15:00,TRUE
3187,2027-02-21 03:00:00,FALSE
1807,2026-04-07 07:00:00,TRUE
9748,2025-08-04 20:00:00,TRUE
3165,2025-10-30 16:30:00,TRUE
9586,2027-11-27 02:00:00,FALSE
442,2027-08-01 20:30:00,FALSE
5409,2025-03-04 04:15:00,TRUE
6652,2026-04-21 14:15:00,TRUE
4611,2027-09-13 21:45:00,FALSE
5174,2026-05-17 16:00:00,FALSE
1322,2027-11-24 13:30:00,FALSE
3296,2025-06-06 07:15:00,TRUE
9561,2026-03-03 15:15:00,TRUE
8108,2026-05-01 22:30:00,TRUE
8801,2027-10-26 15:45:00,FALSE
1548,2027-11-24 19:15:00,FALSE
5946,2025-01-28 14:30:00,TRUE
958,2026-11-12 06:00:00,FALSE
6374,2026-03-22 14:00:00,TRUE
4246,2025-12-11 03:15:00,TRUE
9364,2025-02-19 00:30:00,TRUE
3124,2027-03-10 00:30:00,FALSE
2608,2025-11-15 02:45:00,TRUE
2211,2025-08-25 13:15:00,TRUE
7467,2027-01-20 03:15:00,FALSE
1772,2025-01-16 09:00:00,TRUE
1401,2025-05-21 08:00:00,TRUE
5649,2027-12-04 17:30:00,FALSE
1440,2025-08-06 00:45:00,TRUE
6954,2025-05-11 12:00:00,TRUE
8070,2025-05-29 21:30:00,TRUE
4947,2026-05-11 20:15:00,TRUE
9134,2027-05-26 21:00:00,FALSE
5801,2026-12-12 08:45:00,FALSE
339,2025-02-24 03:00:00,TRUE
4812,2025-03-11 02:00:00,TRUE
5312,2025-12-28 11:30:00,TRUE
8332,2025-12-21 11:15:00,TRUE
8123,2026-08-16 22:30:00,FALSE
3696,2027-01-05 19:45:00,FALSE
6877,2026-09-05 00:30:00,FALSE
6743,2027-10-05 09:15:00,FALSE
1397,2025-10-07 21:30:00,TRUE
8336,2025-03-15 04:15:00,TRUE
4254,2027-09-29 05:15:00,FALSE
5884,2026-04-21 02:45:00,TRUE
4322,2025-12-12 10:30:00,TRUE
1560,2026-07-28 18:00:00,FALSE
9442,2027-12-18 05:00:00,FALSE
8256,2026-05-03 07:15:00,TRUE
5904,2025-09-12 16:30:00,TRUE
3371,2025-11-02 03:00:00,TRUE
1944,2025-10-11 13:30:00,TRUE
4174,2027-03-26 22:15:00,FALSE
3414,2025-08-11 03:45:00,TRUE
3211,2025-09-08 18:00:00,TRUE
878,2027-12-05 10:30:00,FALSE
6382,2025-08-13 06:15:00,TRUE
2088,2027-12-31 17:30:00,FALSE
8921,2027-06-03 23:00:00,FALSE
2625,2027-04-24 13:00:00,FALSE
8589,2026-01-12 23:45:00,TRUE
3323,2027-01-02 04:30:00,FALSE
4768,2027-02-10 14:30:00,FALSE
5897,2027-09-06 09:45:00,FALSE
9877,2027-01-08 23:45:00,FALSE
9667,2026-10-05 10:30:00,FALSE
209,2027-07-08 04:45:00,FALSE
6038,2025-12-14 09:00:00,TRUE
5056,2027-05-05 22:15:00,FALSE
4738,2026-04-26 02:45:00,TRUE
3540,2026-05-06 23:45:00,TRUE
5284,2027-07-04 13:00:00,FALSE
9855,2027-12-21 21:30:00,FALSE
2113,2027-08-02 16:00:00,FALSE
9060,2025-07-07 10:45:00,TRUE
5444,2025-08-16 10:45:00,TRUE
3605,2026-09-17 08:15:00,FALSE
1381,2025-06-04 19:30:00,TRUE
6068,2025-01-04 16:15:00,TRUE
6046,2026-08-04 17:45:00,FALSE
1738,2026-11-25 09:15:00,FALSE
693,2025-10-03 14:45:00,TRUE
9226,2025-04-05 23:30:00,TRUE
455,2026-05-05 21:00:00,TRUE
7749,2027-02-28 08:30:00,FALSE
4288,2026-07-29 22:15:00,FALSE
4403,2026-10-14 06:30:00,FALSE
9610,2027-01-18 11:30:00,FALSE
7130,2027-01-28 19:45:00,FALSE
3977,2026-02-19 18:00:00,TRUE
7864,2026-03-23 12:15:00,TRUE
1324,2026-01-17 11:00:00,TRUE
6183,2026-06-01 06:45:00,FALSE
367,2026-08-09 17:45:00,FALSE
9054,2025-02-25 15:30:00,TRUE
1706,2027-12-09 03:15:00,FALSE
4792,2027-03-22 01:45:00,FALSE
6226,2026-01-16 13:00:00,TRUE
3819,2027-07-19 22:30:00,FALSE
4356,2025-01-26 08:00:00,TRUE
1735,2026-05-03 12:45:00,TRUE
7181,2025-02-11 04:00:00,TRUE
4221,2025-06-15 18:30:00,TRUE
5354,2025-03-29 21:00:00,TRUE
5898,2025-01-08 14:45:00,TRUE
3065,2025-11-16 10:15:00,TRUE
6216,2025-12-01 15:15:00,TRUE
9893,2026-03-07 00:15:00,TRUE
4722,2026-06-14 22:15:00,FALSE
895,2025-11-04 09:00:00,TRUE
9444,2027-12-07 15:00:00,FALSE
1323,2026-09-10 11:00:00,FALSE
168,2025-03-19 13:00:00,TRUE
597,2026-01-23 05:15:00,TRUE
9634,2025-10-13 10:15:00,TRUE
9892,2027-04-29 20:30:00,FALSE
9866,2025-02-26 07:45:00,TRUE
613,2027-01-01 00:15:00,FALSE
9917,2025-04-02 00:30:00,TRUE
4120,2026-09-19 00:30:00,FALSE
767,2025-03-18 09:15:00,TRUE
7042,2025-03-21 18:30:00,TRUE
5352,2027-03-16 17:45:00,FALSE
4364,2027-01-30 23:45:00,FALSE
9570,2027-09-30 10:45:00,FALSE
5728,2027-10-31 13:15:00,FALSE
3509,2025-12-23 03:00:00,TRUE
4787,2026-08-29 00:15:00,FALSE
2350,2027-03-03 20:30:00,FALSE
2680,2026-03-05 01:45:00,TRUE
5408,2027-09-29 03:15:00,FALSE
5585,2026-04-28 06:45:00,TRUE
6424,2027-04-28 14:00:00,FALSE
6009,2026-12-19 21:15:00,FALSE
1677,2026-01-12 07:00:00,TRUE
8638,2027-08-08 17:45:00,FALSE
7985,2027-09-15 03:45:00,FALSE
8872,2025-07-07 03:15:00,TRUE
9876,2027-03-23 21:30:00,FALSE
4667,2027-12-30 05:45:00,FALSE
4315,2026-03-22 08:45:00,TRUE
3117,2027-05-24 16:00:00,FALSE
5291,2027-05-13 17:30:00,FALSE
9376,2027-05-04 16:45:00,FALSE
754,2025-09-02 19:00:00,TRUE
840,2026-08-12 03:30:00,FALSE
9160,2025-12-30 22:00:00,TRUE
4597,2026-10-16 01:15:00,FALSE
2750,2027-02-14 03:30:00,FALSE
2775,2026-09-13 00:30:00,FALSE
4931,2025-06-10 00:00:00,TRUE
7652,2026-01-24 13:30:00,TRUE
8473,2025-08-07 03:00:00,TRUE
4467,2027-10-29 08:45:00,FALSE
4897,2025-04-05 22:15:00,TRUE
25,2027-02-26 13:00:00,FALSE
5307,2027-08-25 15:15:00,FALSE
9064,2025-10-11 12:00:00,TRUE
5230,2025-04-11 22:15:00,TRUE
7842,2026-01-26 05:45:00,TRUE
1382,2027-09-23 22:15:00,FALSE
9881,2026-06-24 12:15:00,FALSE
1201,2027-12-24 13:45:00,FALSE
1838,2025-06-18 00:15:00,TRUE
1986,2025-10-23 09:15:00,TRUE
45,2027-09-13 02:00:00,FALSE
2521,2026-05-12 05:30:00,TRUE
1743,2027-08-11 17:15:00,FALSE
8108,2027-01-26 04:30:00,FALSE
10000,2025-04-30 09:15:00,TRUE
1975,2027-02-25 04:45:00,FALSE
7562,2025-10-09 15:30:00,TRUE
1186,2025-10-29 11:15:00,TRUE
7127,2027-04-21 21:00:00,FALSE
7090,2026-10-14 23:30:00,FALSE
4927,2026-08-12 05:15:00,FALSE
2086,2025-07-17 13:45:00,TRUE
2827,2026-08-16 19:00:00,FALSE
6835,2025-12-12 17:00:00,TRUE
698,2025-06-03 16:15:00,TRUE
7236,2027-09-24 14:15:00,FALSE
9323,2025-04-27 18:15:00,TRUE
9543,2026-01-01 11:30:00,TRUE
7264,2026-06-28 03:00:00,FALSE
9707,2027-03-27 23:00:00,FALSE
2919,2027-03-08 03:45:00,FALSE
171,2027-06-06 16:00:00,FALSE
5073,2027-04-05 19:15:00,FALSE
3992,2026-05-11 20:00:00,TRUE
9069,2027-12-18 00:45:00,FALSE
6828,2025-08-16 05:15:00,TRUE
7332,2025-06-30 07:00:00,TRUE
8979,2027-12-16 15:15:00,FALSE
3477,2025-07-03 15:45:00,TRUE
2083,2025-10-19 02:15:00,TRUE
7474,2026-03-29 03:45:00,TRUE
5894,2025-03-21 05:45:00,TRUE
7592,2027-06-25 01:15:00,FALSE
9106,2026-12-09 12:30:00,FALSE
8489,2026-01-09 00:30:00,TRUE
1710,2025-03-21 05:30:00,TRUE
5194,2025-05-16 13:45:00,TRUE
9090,2027-03-22 05:15:00,FALSE
6805,2026-11-21 08:45:00,FALSE
6993,2026-04-01 05:00:00,TRUE
7032,2026-12-11 07:00:00,FALSE
6245,2027-10-15 00:45:00,FALSE
3476,2027-08-17 17:45:00,FALSE
3285,2026-03-21 03:30:00,TRUE
8076,2027-05-14 06:30:00,FALSE
5478,2027-07-31 01:15:00,FALSE
8566,2025-07-18 09:30:00,TRUE
1137,2026-08-06 08:30:00,FALSE
9050,2026-10-30 17:30:00,FALSE
7107,2026-08-28 20:45:00,FALSE
1849,2026-04-10 02:00:00,TRUE
2338,2026-03-08 08:45:00,TRUE
5078,2026-02-02 15:15:00,TRUE
8703,2026-06-30 21:30:00,FALSE
8528,2026-08-24 19:45:00,FALSE
5682,2027-07-13 16:30:00,FALSE
4736,2025-10-27 09:45:00,TRUE
1621,2027-04-13 22:15:00,FALSE
1257,2025-07-20 08:00:00,TRUE
6235,2025-12-16 12:00:00,TRUE
5241,2026-05-12 17:00:00,TRUE
3004,2025-11-16 04:45:00,TRUE
8508,2026-11-21 18:45:00,FALSE
4128,2026-05-22 09:30:00,FALSE
3682,2027-07-10 10:00:00,FALSE
1631,2027-09-22 06:15:00,FALSE
9198,2027-11-10 16:15:00,FALSE
9570,2026-01-25 13:15:00,TRUE
2853,2027-08-08 06:00:00,FALSE
310,2027-10-01 17:15:00,FALSE
7873,2027-01-05 18:30:00,FALSE
131,2025-07-17 04:45:00,TRUE
2985,2025-01-16 21:45:00,TRUE
5929,2027-03-24 21:15:00,FALSE
3162,2026-07-16 23:45:00,FALSE
4646,2027-04-03 08:15:00,FALSE
6425,2026-01-11 13:00:00,TRUE
9619,2026-03-23 21:00:00,TRUE
4710,2025-02-06 15:30:00,TRUE
3204,2026-03-10 21:45:00,TRUE
9098,2026-09-24 10:45:00,FALSE
181,2026-03-30 19:30:00,TRUE
6185,2025-03-30 23:15:00,TRUE
6889,2026-07-19 09:15:00,FALSE
9978,2025-02-23 18:30:00,TRUE
988,2026-05-19 15:00:00,FALSE
652,2025-04-08 03:00:00,TRUE
9744,2027-05-15 11:45:00,FALSE
3817,2027-06-25 20:45:00,FALSE
5976,2027-10-09 22:30:00,FALSE
7359,2025-02-25 07:15:00,TRUE
4928,2025-04-20 19:15:00,TRUE
7713,2025-04-17 05:15:00,TRUE
2564,2027-01-27 17:30:00,FALSE
2821,2025-10-07 13:15:00,TRUE
1538,2025-07-28 20:00:00,TRUE
4205,2027-02-09 00:15:00,FALSE
2543,2026-05-21 11:00:00,FALSE
207,2027-06-12 06:00:00,FALSE
6257,2027-05-26 16:30:00,FALSE
2176,2025-10-23 21:15:00,TRUE
467,2026-06-27 08:30:00,FALSE
7622,2025-04-18 03:00:00,TRUE
9558,2025-08-10 00:15:00,TRUE
7409,2026-05-11 04:00:00,TRUE
4071,2025-11-05 08:15:00,TRUE
2340,2027-04-26 12:30:00,FALSE
696,2027-12-22 07:00:00,FALSE
216,2026-03-05 10:00:00,TRUE
8679,2025-10-10 15:45:00,TRUE
2798,2026-10-20 10:45:00,FALSE
43,2026-08-10 23:00:00,FALSE
2718,2026-02-17 15:15:00,TRUE
5184,2027-05-14 17:30:00,FALSE
2144,2027-12-11 23:15:00,FALSE
9013,2027-01-30 16:00:00,FALSE
4969,2027-05-02 07:00:00,FALSE
892,2026-01-04 11:45:00,TRUE
8647,2026-07-12 17:45:00,FALSE
5528,2026-07-30 03:45:00,FALSE
9076,2025-07-14 06:00:00,TRUE
8864,2026-09-03 15:30:00,FALSE
3935,2027-05-11 23:15:00,FALSE
8359,2026-12-17 12:45:00,FALSE
2677,2025-01-16 21:30:00,TRUE
3901,2026-11-27 16:00:00,FALSE
9809,2026-04-29 09:45:00,TRUE
6373,2026-08-14 10:00:00,FALSE
6186,2027-01-05 13:15:00,FALSE
3561,2026-11-17 05:45:00,FALSE
3923,2025-04-13 08:30:00,TRUE
1250,2025-08-17 10:45:00,TRUE
1109,2025-01-15 21:15:00,TRUE
8734,2025-06-20 22:30:00,TRUE
6022,2027-02-10 23:45:00,FALSE
8116,2026-10-09 16:15:00,FALSE
438,2027-12-06 00:15:00,FALSE
8252,2026-07-07 16:15:00,FALSE
7645,2026-08-09 19:15:00,FALSE
9972,2025-11-28 16:45:00,TRUE
6115,2025-08-24 12:00:00,TRUE
4063,2025-12-29 23:00:00,TRUE
9621,2025-11-14 15:45:00,TRUE
6048,2027-02-11 05:30:00,FALSE
4173,2027-11-01 16:15:00,FALSE
5269,2027-04-22 06:45:00,FALSE
9980,2026-10-05 12:45:00,FALSE
6862,2027-04-26 06:00:00,FALSE
4214,2026-05-23 13:15:00,FALSE
9862,2025-02-05 02:30:00,TRUE
7665,2025-06-18 03:00:00,TRUE
9551,2025-01-24 06:00:00,TRUE
4630,2025-07-25 19:45:00,TRUE
3037,2027-01-17 10:15:00,FALSE
1919,2026-07-09 14:15:00,FALSE
5918,2025-07-24 08:15:00,TRUE
7236,2026-06-08 20:30:00,FALSE
4310,2027-05-04 23:15:00,FALSE
7837,2025-09-16 19:30:00,TRUE
2587,2027-08-07 22:45:00,FALSE
1773,2026-08-06 18:30:00,FALSE
113,2025-05-20 10:00:00,TRUE
4371,2027-06-28 14:30:00,FALSE
3820,2026-12-23 21:30:00,FALSE
7916,2026-12-28 18:45:00,FALSE
7552,2025-04-12 05:15:00,TRUE
78,2027-12-07 23:30:00,FALSE
3946,2027-11-15 22:30:00,FALSE
3214,2025-05-06 09:00:00,TRUE
11,2025-08-17 12:00:00,TRUE
6759,2025-08-27 19:00:00,TRUE
8381,2027-08-12 15:15:00,FALSE
232,2025-12-06 10:00:00,TRUE
2563,2027-09-07 11:45:00,FALSE
5809,2027-01-16 12:00:00,FALSE
6627,2027-01-16 10:15:00,FALSE
8566,2025-04-19 01:30:00,TRUE
3920,2025-01-10 00:30:00,TRUE
4955,2027-04-13 13:30:00,FALSE
9589,2026-09-26 01:15:00,FALSE
518,2025-12-12 05:45:00,TRUE
5692,2025-07-09 08:30:00,TRUE
5099,2025-06-29 00:45:00,TRUE
553,2025-04-23 15:30:00,TRUE
9502,2027-07-21 07:15:00,FALSE
9007,2027-05-13 05:00:00,FALSE
2040,2026-12-16 23:30:00,FALSE
1311,2026-09-21 06:45:00,FALSE
104,2027-02-25 06:15:00,FALSE
37,2027-04-12 11:30:00,FALSE
9115,2025-11-23 01:00:00,TRUE
6975,2027-12-11 15:45:00,FALSE
5037,2027-10-25 12:45:00,FALSE
1168,2027-09-15 20:30:00,FALSE
3491,2026-01-22 15:45:00,TRUE
1489,2026-11-03 22:15:00,FALSE
4569,2027-09-09 06:45:00,FALSE
4012,2027-04-29 08:15:00,FALSE
1549,2027-05-21 18:15:00,FALSE
6470,2025-05-11 23:45:00,TRUE
5606,2025-08-02 10:15:00,TRUE
2925,2026-11-06 06:45:00,FALSE
5152,2027-02-25 11:30:00,FALSE
8203,2027-06-06 06:30:00,FALSE
82,2026-04-07 17:00:00,TRUE
205,2025-11-25 01:45:00,TRUE
5252,2025-10-31 06:30:00,TRUE
5714,2026-03-04 22:45:00,TRUE
7088,2027-02-26 23:15:00,FALSE
1362,2027-09-19 10:00:00,FALSE
9687,2025-02-06 23:45:00,TRUE
733,2027-06-27 16:00:00,FALSE
1375,2027-04-01 13:15:00,FALSE
9899,2026-08-20 03:45:00,FALSE
3882,2025-08-13 19:00:00,TRUE
274,2027-02-16 21:45:00,FALSE
2376,2026-05-06 00:30:00,TRUE
5613,2026-04-11 06:45:00,TRUE
4159,2027-05-17 09:15:00,FALSE
3802,2025-03-23 04:00:00,TRUE
6750,2026-09-22 10:45:00,FALSE
3866,2026-11-15 11:00:00,FALSE
10003,2027-09-13 20:15:00,FALSE
6296,2025-07-24 04:45:00,TRUE
7133,2025-04-23 21:45:00,TRUE
2089,2026-02-20 17:45:00,TRUE
9790,2027-10-07 19:45:00,FALSE
7297,2025-09-28 06:15:00,TRUE
3690,2026-03-23 16:30:00,TRUE
6357,2026-11-17 11:00:00,FALSE
5718,2025-01-29 21:00:00,TRUE
269,2025-10-02 15:45:00,TRUE
523,2025-07-07 23:00:00,TRUE
4641,2027-08-07 06:45:00,FALSE
3327,2027-06-09 16:30:00,FALSE
9567,2027-02-14 13:00:00,FALSE
4693,2025-11-20 08:15:00,TRUE
2867,2025-05-30 17:00:00,TRUE
1055,2026-05-30 13:45:00,FALSE
5009,2027-12-10 21:45:00,FALSE
1295,2025-12-16 22:30:00,TRUE
6645,2025-12-02 20:45:00,TRUE
3066,2027-05-17 13:30:00,FALSE
6320,2027-08-29 14:15:00,FALSE
5435,2025-12-25 13:30:00,TRUE
1905,2027-02-27 16:15:00,FALSE
6742,2026-02-12 22:15:00,TRUE
2680,2025-12-01 17:30:00,TRUE
996,2027-08-12 21:15:00,FALSE
4388,2027-02-05 07:00:00,FALSE
5275,2027-09-21 11:15:00,FALSE
7397,2025-08-09 04:45:00,TRUE
3079,2027-08-28 07:45:00,FALSE
6594,2026-09-11 06:15:00,FALSE
1881,2027-05-11 18:00:00,FALSE
2753,2026-04-06 23:45:00,TRUE
8596,2026-09-01 01:00:00,FALSE
3618,2027-08-07 21:00:00,FALSE
5774,2027-08-18 13:30:00,FALSE
6171,2027-12-19 22:30:00,FALSE
232,2025-05-15 20:15:00,TRUE
2235,2027-10-28 14:15:00,FALSE
6492,2026-08-25 14:45:00,FALSE
4853,2026-05-08 00:30:00,TRUE
184,2025-02-25 06:30:00,TRUE
5785,2026-08-17 10:00:00,FALSE
5637,2025-05-25 06:15:00,TRUE
7594,2026-12-09 07:30:00,FALSE
9466,2026-08-28 05:45:00,FALSE
4779,2025-02-22 17:15:00,TRUE
6410,2027-07-30 16:45:00,FALSE
8794,2025-01-23 18:30:00,TRUE
1605,2027-10-08 04:00:00,FALSE
3655,2025-12-18 03:15:00,TRUE
8336,2026-05-13 02:30:00,TRUE
5784,2026-07-16 16:30:00,FALSE
6009,2027-12-22 05:30:00,FALSE
4980,2027-06-21 08:00:00,FALSE
8513,2025-12-03 15:15:00,TRUE
9031,2026-01-28 20:00:00,TRUE
6483,2026-05-26 20:30:00,FALSE
2475,2026-03-16 04:00:00,TRUE
964,2025-06-20 16:30:00,TRUE
8595,2025-02-18 04:00:00,TRUE
2054,2026-02-02 19:45:00,TRUE
2420,2027-07-26 23:30:00,FALSE
2062,2027-10-18 05:45:00,FALSE
1972,2027-04-03 05:45:00,FALSE
1106,2025-04-25 06:45:00,TRUE
1329,2026-08-20 04:15:00,FALSE
6028,2026-05-05 05:45:00,TRUE
7579,2025-05-13 04:30:00,TRUE
6759,2026-07-15 16:30:00,FALSE
7431,2027-08-27 14:15:00,FALSE
4219,2027-05-17 00:45:00,FALSE
9640,2026-11-09 07:30:00,FALSE
3762,2025-08-22 10:45:00,TRUE
762,2025-10-14 19:30:00,TRUE
8336,2025-09-06 09:15:00,TRUE
6500,2026-03-04 10:30:00,TRUE
7654,2025-03-28 06:15:00,TRUE
6086,2025-10-24 12:30:00,TRUE
9648,2027-11-26 21:00:00,FALSE
8705,2025-09-24 18:15:00,TRUE
9645,2025-01-17 10:00:00,TRUE
743,2025-01-18 14:45:00,TRUE
2722,2025-05-02 23:15:00,TRUE
9542,2027-11-02 16:00:00,FALSE
6633,2027-08-12 23:15:00,FALSE
9027,2026-02-07 12:00:00,TRUE
3285,2027-08-01 23:30:00,FALSE
3085,2027-02-15 17:00:00,FALSE
2105,2025-11-24 22:45:00,TRUE
3023,2025-09-11 04:45:00,TRUE
9490,2026-11-13 19:45:00,FALSE
2477,2026-09-26 07:30:00,FALSE
9758,2025-10-29 22:45:00,TRUE
4928,2026-07-24 01:15:00,FALSE
1558,2025-06-09 00:30:00,TRUE
5894,2026-04-27 16:00:00,TRUE
1291,2025-03-25 10:30:00,TRUE
1007,2026-10-19 10:30:00,FALSE
2101,2025-02-03 15:00:00,TRUE
7086,2026-07-16 05:45:00,FALSE
7942,2026-11-24 16:00:00,FALSE
1220,2025-02-11 01:45:00,TRUE
4070,2025-03-20 14:00:00,TRUE
2390,2026-12-02 20:30:00,FALSE
4350,2027-06-22 13:30:00,FALSE
7880,2026-07-04 06:00:00,FALSE
7641,2026-05-11 05:00:00,TRUE
8143,2026-07-14 00:00:00,FALSE
8231,2026-12-11 09:45:00,FALSE
9958,2027-04-09 21:00:00,FALSE
3472,2026-06-22 17:00:00,FALSE
6921,2027-11-27 16:45:00,FALSE
1121,2025-03-17 14:30:00,TRUE
9374,2026-01-14 04:45:00,TRUE
3473,2026-12-02 05:30:00,FALSE
6994,2027-09-03 12:30:00,FALSE
5789,2027-07-21 18:45:00,FALSE
4779,2026-05-05 19:30:00,TRUE
7068,2027-11-23 15:30:00,FALSE
4910,2025-05-17 13:00:00,TRUE
6492,2027-03-03 17:45:00,FALSE
3570,2026-01-29 11:00:00,TRUE
9262,2025-04-13 08:00:00,TRUE
1200,2025-02-04 11:15:00,TRUE
7693,2027-04-09 12:15:00,FALSE
4101,2025-09-22 18:00:00,TRUE
5782,2027-09-28 03:30:00,FALSE
772,2027-10-31 14:30:00,FALSE
4309,2027-07-23 17:30:00,FALSE
194,2027-08-14 15:15:00,FALSE
7095,2025-09-21 04:00:00,TRUE
7504,2025-05-29 15:15:00,TRUE
9459,2026-01-22 06:45:00,TRUE
9237,2026-07-13 07:45:00,FALSE
9652,2026-05-01 22:00:00,TRUE
968,2025-03-11 03:45:00,TRUE
625,2025-11-30 02:30:00,TRUE
1716,2026-02-13 08:45:00,TRUE
7839,2027-03-07 09:00:00,FALSE
5913,2025-09-13 17:45:00,TRUE
6725,2026-05-21 17:15:00,FALSE
4884,2027-03-21 01:30:00,FALSE
33,2026-07-02 09:45:00,FALSE
5921,2026-03-22 02:30:00,TRUE
8013,2025-05-01 07:00:00,TRUE
2154,2027-11-11 16:45:00,FALSE
8903,2025-04-18 20:45:00,TRUE
2980,2025-12-24 10:00:00,TRUE
1017,2027-02-12 19:00:00,FALSE
5555,2025-04-07 20:45:00,TRUE
308,2027-09-27 11:00:00,FALSE
1959,2026-04-15 16:15:00,TRUE
8949,2026-04-01 22:30:00,TRUE
4240,2027-03-30 15:30:00,FALSE
373,2026-02-23 10:15:00,TRUE
818,2027-01-14 03:45:00,FALSE
3509,2025-04-15 03:15:00,TRUE
3387,2026-12-09 20:00:00,FALSE
5538,2025-03-25 05:45:00,TRUE
2452,2026-08-11 02:00:00,FALSE
6166,2026-07-27 10:00:00,FALSE
7928,2026-04-13 04:00:00,TRUE
9409,2026-12-01 07:15:00,FALSE
3198,2026-05-28 14:45:00,FALSE
964,2025-09-12 13:00:00,TRUE
4568,2026-10-27 18:30:00,FALSE
863,2026-10-27 15:00:00,FALSE
9828,2027-03-24 19:30:00,FALSE
1423,2025-05-03 01:15:00,TRUE
5452,2026-12-27 12:45:00,FALSE
333,2027-06-08 07:45:00,FALSE
544,2025-04-05 07:45:00,TRUE
2497,2027-11-29 09:30:00,FALSE
2449,2026-01-20 00:45:00,TRUE
1895,2025-06-27 10:15:00,TRUE
1461,2027-10-25 01:15:00,FALSE
45,2027-04-03 18:30:00,FALSE
6411,2025-05-12 13:45:00,TRUE
599,2025-08-23 09:45:00,TRUE
3319,2027-06-13 02:15:00,FALSE
2781,2027-04-17 11:30:00,FALSE
4676,2026-08-08 13:00:00,FALSE
2770,2027-03-20 10:30:00,FALSE
1886,2025-06-27 04:45:00,TRUE
1826,2027-07-09 20:15:00,FALSE
9997,2025-11-06 03:30:00,TRUE
3251,2027-11-05 09:45:00,FALSE
8707,2025-01-10 02:00:00,TRUE
8826,2027-10-22 01:00:00,FALSE
6764,2025-10-14 10:45:00,TRUE
5360,2025-01-12 11:00:00,TRUE
2652,2027-08-14 01:30:00,FALSE
1519,2025-05-14 13:45:00,TRUE
5982,2026-01-04 10:15:00,TRUE
1828,2026-07-05 14:30:00,FALSE
3756,2027-07-13 01:00:00,FALSE
5546,2027-07-18 05:00:00,FALSE
6061,2025-08-24 06:30:00,TRUE
5478,2026-08-09 03:00:00,FALSE
2546,2026-11-20 06:15:00,FALSE
7857,2026-11-22 14:00:00,FALSE
1840,2026-01-16 23:45:00,TRUE
9171,2025-10-26 04:00:00,TRUE
455,2027-09-25 14:45:00,FALSE
9929,2026-11-18 09:15:00,FALSE
3819,2027-06-02 03:15:00,FALSE
1348,2025-05-05 23:45:00,TRUE
7024,2026-12-02 06:00:00,FALSE
5523,2026-01-07 11:15:00,TRUE
192,2026-01-12 22:15:00,TRUE
5236,2026-08-12 16:30:00,FALSE
2156,2027-11-03 12:00:00,FALSE
1669,2025-04-29 05:45:00,TRUE
6570,2025-06-14 15:45:00,TRUE
4678,2027-10-27 01:15:00,FALSE
692,2026-09-20 00:00:00,FALSE
5983,2025-03-02 16:30:00,TRUE
2331,2027-01-02 20:00:00,FALSE
983,2027-06-19 18:15:00,FALSE
6478,2025-02-01 11:30:00,TRUE
1901,2025-11-22 03:30:00,TRUE
4304,2027-01-01 04:30:00,FALSE
6014,2027-09-01 13:30:00,FALSE
7677,2027-04-28 08:15:00,FALSE
4935,2025-07-21 10:00:00,TRUE
7272,2026-08-01 10:00:00,FALSE
348,2026-12-11 09:15:00,FALSE
1113,2027-06-10 16:30:00,FALSE
8914,2026-06-26 09:30:00,FALSE
8033,2025-05-21 18:30:00,TRUE
8740,2025-06-10 13:45:00,TRUE
3192,2025-11-22 17:15:00,TRUE
9487,2026-07-02 19:45:00,FALSE
2186,2027-08-14 22:30:00,FALSE
9337,2025-09-22 22:00:00,TRUE
6130,2026-03-29 01:30:00,TRUE
8707,2025-06-05 08:45:00,TRUE
3354,2025-10-11 11:00:00,TRUE
4458,2027-05-19 14:00:00,FALSE
8118,2025-11-24 01:15:00,TRUE
9991,2027-04-19 22:30:00,FALSE
7034,2025-02-11 08:30:00,TRUE
6723,2027-10-10 07:45:00,FALSE
6483,2025-09-19 21:00:00,TRUE
9332,2025-02-27 12:45:00,TRUE
70,2025-08-28 19:15:00,TRUE
1664,2027-11-26 07:45:00,FALSE
2917,2026-05-21 04:45:00,FALSE
3937,2027-08-14 08:30:00,FALSE
8180,2026-10-05 22:45:00,FALSE
150,2026-06-10 11:00:00,FALSE
6399,2025-06-16 23:15:00,TRUE
3513,2026-08-28 18:30:00,FALSE
4949,2026-04-27 02:15:00,TRUE
5196,2025-10-05 03:00:00,TRUE
8252,2026-04-09 15:45:00,TRUE
1592,2026-05-18 13:45:00,FALSE
6624,2025-02-19 03:45:00,TRUE
6656,2025-11-20 01:45:00,TRUE
346,2027-12-22 12:45:00,FALSE
4154,2025-08-30 02:15:00,TRUE
5194,2027-10-15 15:00:00,FALSE
7087,2026-01-02 22:00:00,TRUE
7138,2025-01-04 16:30:00,TRUE
9319,2027-01-02 03:45:00,FALSE
264,2026-06-14 16:45:00,FALSE
1428,2025-06-04 14:00:00,TRUE
228,2025-09-05 18:30:00,TRUE
5104,2026-11-17 20:15:00,FALSE
5338,2026-03-10 16:30:00,TRUE
6481,2026-03-27 17:30:00,TRUE
1897,2026-06-20 07:45:00,FALSE
2926,2025-04-01 16:30:00,TRUE
3947,2025-05-27 12:00:00,TRUE
1671,2025-09-19 22:00:00,TRUE
5444,2027-10-31 11:00:00,FALSE
7669,2025-09-25 03:00:00,TRUE
5552,2027-03-09 17:15:00,FALSE
5085,2027-02-22 14:45:00,FALSE
7592,2027-04-25 16:00:00,FALSE
2893,2026-03-25 19:30:00,TRUE
9277,2026-12-26 04:00:00,FALSE
7410,2027-03-19 22:30:00,FALSE
5065,2027-03-08 01:30:00,FALSE
7263,2025-10-18 00:45:00,TRUE
7685,2025-10-11 09:00:00,TRUE
190,2027-05-29 08:00:00,FALSE
6572,2026-03-04 18:45:00,TRUE
9563,2027-12-30 01:00:00,FALSE
4967,2027-02-10 23:30:00,FALSE
9751,2027-02-21 20:45:00,FALSE
978,2025-10-12 20:15:00,TRUE
675,2025-10-30 17:00:00,TRUE
7009,2027-11-12 02:00:00,FALSE
1696,2027-07-27 04:30:00,FALSE
4258,2027-10-26 14:30:00,FALSE
9081,2026-11-08 17:45:00,FALSE
2555,2027-05-24 15:30:00,FALSE
2384,2027-03-23 13:45:00,FALSE
2568,2026-11-13 05:00:00,FALSE
6773,2025-01-04 12:45:00,TRUE
5530,2027-12-26 09:00:00,FALSE
9684,2025-02-01 02:00:00,TRUE
5485,2026-09-07 00:15:00,FALSE
4518,2025-02-20 13:15:00,TRUE
9131,2026-06-18 06:30:00,FALSE
3870,2025-05-25 19:45:00,TRUE
3784,2026-09-27 17:15:00,FALSE
2600,2027-03-16 15:00:00,FALSE
2523,2027-04-04 17:45:00,FALSE
4844,2026-03-04 18:00:00,TRUE
8654,2026-09-11 02:45:00,FALSE
2397,2025-08-24 17:00:00,TRUE
1635,2027-08-22 04:00:00,FALSE
2461,2025-06-21 15:00:00,TRUE
3213,2027-07-30 22:30:00,FALSE
4064,2027-12-21 09:15:00,FALSE
671,2025-09-18 11:15:00,TRUE
5500,2026-08-08 20:30:00,FALSE
3206,2027-12-03 12:30:00,FALSE
1050,2027-02-07 22:30:00,FALSE
5250,2026-07-19 13:00:00,FALSE
7322,2027-02-17 07:15:00,FALSE
1330,2027-01-07 10:45:00,FALSE
1880,2025-02-13 18:00:00,TRUE
7662,2025-12-04 01:00:00,TRUE
2132,2027-12-26 13:45:00,FALSE
8817,2025-04-30 19:15:00,TRUE
5427,2027-08-02 18:00:00,FALSE
5258,2025-03-31 14:45:00,TRUE
4621,2026-10-27 02:30:00,FALSE
9381,2025-10-13 03:45:00,TRUE
2839,2025-02-26 17:00:00,TRUE
8053,2025-04-22 12:45:00,TRUE
8676,2027-03-03 08:15:00,FALSE
2455,2027-07-10 21:30:00,FALSE
3281,2025-10-18 00:00:00,TRUE
8699,2026-08-31 16:45:00,FALSE
1730,2027-08-18 11:15:00,FALSE
1167,2027-12-07 12:45:00,FALSE
549,2026-08-16 16:15:00,FALSE
562,2026-01-06 21:45:00,TRUE
1019,2025-07-07 17:30:00,TRUE
5885,2025-03-03 22:45:00,TRUE
5143,2027-08-17 10:30:00,FALSE
3616,2026-08-28 03:30:00,FALSE
2766,2025-06-28 01:15:00,TRUE
5122,2027-03-11 03:30:00,FALSE
8028,2026-04-30 20:30:00,TRUE
7410,2025-08-05 16:15:00,TRUE
3181,2027-10-26 14:15:00,FALSE
3439,2027-09-12 02:30:00,FALSE
2711,2026-01-29 23:45:00,TRUE
963,2026-09-11 15:00:00,FALSE
5216,2027-10-20 15:45:00,FALSE
7021,2027-04-27 17:30:00,FALSE
7792,2026-10-11 18:15:00,FALSE
1248,2025-06-10 06:30:00,TRUE
8728,2026-07-08 05:30:00,FALSE
4675,2025-11-08 01:15:00,TRUE
6178,2027-04-24 10:00:00,FALSE
8982,2025-11-30 17:15:00,TRUE
6607,2027-10-11 19:15:00,FALSE
8747,2025-01-20 10:00:00,TRUE
1961,2027-01-31 23:15:00,FALSE
9290,2025-01-05 09:30:00,TRUE
3506,2027-12-19 13:30:00,FALSE
6672,2027-12-24 20:15:00,FALSE
1440,2025-04-17 17:15:00,TRUE
1206,2025-04-15 15:15:00,TRUE
1483,2026-06-12 04:00:00,FALSE
8980,2026-01-02 08:00:00,TRUE
7302,2026-09-29 03:15:00,FALSE
9067,2025-02-11 08:00:00,TRUE
2682,2026-03-21 13:00:00,TRUE
3840,2025-09-22 19:15:00,TRUE
9514,2027-08-10 20:00:00,FALSE
3732,2027-06-20 12:15:00,FALSE
3528,2025-04-30 19:15:00,TRUE
9120,2027-07-28 17:15:00,FALSE
4913,2025-02-26 00:30:00,TRUE
5238,2027-01-18 19:00:00,FALSE
3136,2025-03-12 20:30:00,TRUE
3827,2025-01-17 23:15:00,TRUE
9633,2025-05-03 03:00:00,TRUE
10000,2026-02-25 08:30:00,TRUE
2634,2027-04-18 07:30:00,FALSE
5250,2026-01-12 07:15:00,TRUE
8081,2026-11-23 22:45:00,FALSE
5301,2025-05-28 21:15:00,TRUE
9104,2027-05-06 20:45:00,FALSE
4642,2026-04-07 06:30:00,TRUE
3756,2025-04-01 06:15:00,TRUE
6838,2025-07-28 15:45:00,TRUE
3131,2026-09-01 09:30:00,FALSE
7587,2027-02-24 19:45:00,FALSE
304,2027-09-17 19:15:00,FALSE
2151,2025-06-13 05:00:00,TRUE
4986,2025-12-17 16:45:00,TRUE
7955,2027-05-25 04:30:00,FALSE
252,2025-05-18 18:00:00,TRUE
3616,2025-08-03 08:30:00,TRUE
1763,2026-07-21 11:15:00,FALSE
6376,2025-10-18 01:15:00,TRUE
8943,2027-02-18 03:30:00,FALSE
6182,2026-02-09 00:00:00,TRUE
4397,2027-03-11 03:30:00,FALSE
5530,2026-06-04 02:30:00,FALSE
9158,2027-03-26 04:15:00,FALSE
2662,2026-02-10 01:45:00,TRUE
8700,2025-02-08 05:45:00,TRUE
4304,2027-03-07 09:15:00,FALSE
6230,2025-12-07 00:45:00,TRUE
5577,2025-11-11 23:45:00,TRUE
686,2025-08-29 07:30:00,TRUE
7163,2025-03-05 12:15:00,TRUE
1226,2026-11-11 19:15:00,FALSE
9546,2025-02-01 22:30:00,TRUE
1526,2026-04-11 08:45:00,TRUE
1221,2025-07-24 02:30:00,TRUE
1796,2025-08-07 07:00:00,TRUE
7553,2025-01-03 00:45:00,TRUE
8442,2025-08-17 08:00:00,TRUE
8789,2026-08-24 09:30:00,FALSE
1847,2027-04-10 09:00:00,FALSE
3134,2025-12-29 11:45:00,TRUE
4356,2025-12-12 10:00:00,TRUE
7960,2027-01-14 08:45:00,FALSE
9274,2026-01-31 15:15:00,TRUE
6336,2026-01-04 18:30:00,TRUE
5948,2026-03-31 10:00:00,TRUE
7290,2026-09-12 07:45:00,FALSE
9275,2025-10-13 19:00:00,TRUE
3431,2027-01-25 17:45:00,FALSE
3425,2026-07-26 22:00:00,FALSE
3171,2026-10-01 09:00:00,FALSE
4585,2027-10-06 03:15:00,FALSE
9940,2026-06-08 14:30:00,FALSE
4574,2025-12-20 15:15:00,TRUE
6515,2026-10-07 12:15:00,FALSE
5654,2027-11-30 20:15:00,FALSE
2298,2025-08-15 13:15:00,TRUE
5092,2026-11-16 02:00:00,FALSE
8076,2027-02-20 06:15:00,FALSE
6532,2026-09-08 21:45:00,FALSE
5508,2025-06-09 05:45:00,TRUE
8141,2026-11-10 00:45:00,FALSE
4012,2025-06-10 18:00:00,TRUE
5431,2027-06-15 17:00:00,FALSE
1872,2026-10-25 12:15:00,FALSE
7877,2026-10-21 04:15:00,FALSE
2286,2027-06-21 11:00:00,FALSE
3773,2026-03-13 09:00:00,TRUE
8454,2027-01-08 06:30:00,FALSE
3739,2025-06-02 01:15:00,TRUE
4064,2026-07-04 19:45:00,FALSE
1952,2026-11-25 23:45:00,FALSE
5275,2026-12-12 19:45:00,FALSE
1949,2027-07-09 09:45:00,FALSE
2445,2027-05-12 12:15:00,FALSE
8209,2027-06-22 21:15:00,FALSE
4705,2025-02-23 15:00:00,TRUE
7501,2025-06-20 12:30:00,TRUE
4776,2027-08-28 22:30:00,FALSE
8478,2025-02-24 07:15:00,TRUE
5945,2027-04-26 21:45:00,FALSE
9353,2027-11-09 14:00:00,FALSE
7014,2026-04-04 08:15:00,TRUE
2827,2026-08-14 07:15:00,FALSE
6427,2025-07-19 10:30:00,TRUE
6794,2026-12-15 12:30:00,FALSE
4943,2027-09-21 06:00:00,FALSE
5069,2025-01-23 12:45:00,TRUE
528,2026-07-18 12:00:00,FALSE
3772,2025-10-06 17:45:00,TRUE
244,2026-01-19 00:45:00,TRUE
1665,2027-03-11 23:15:00,FALSE
9171,2025-06-25 17:00:00,TRUE
3034,2027-04-14 15:00:00,FALSE
509,2026-01-31 18:45:00,TRUE
1482,2027-02-21 16:00:00,FALSE
7197,2026-10-21 07:45:00,FALSE
3011,2025-11-21 01:30:00,TRUE
3394,2027-01-19 13:15:00,FALSE
5182,2026-11-12 21:30:00,FALSE
5207,2027-11-16 23:15:00,FALSE
2692,2025-02-07 05:00:00,TRUE
5851,2026-06-14 01:00:00,FALSE
316,2025-03-26 09:30:00,TRUE
6608,2025-08-02 10:00:00,TRUE
9649,2026-09-12 23:00:00,FALSE
2379,2027-06-13 02:45:00,FALSE
312,2025-12-28 21:45:00,TRUE
1618,2025-04-09 20:30:00,TRUE
6609,2026-09-15 10:30:00,FALSE
3130,2025-01-25 01:45:00,TRUE
7282,2026-03-16 07:00:00,TRUE
6052,2026-09-11 06:30:00,FALSE
7304,2026-06-04 15:15:00,FALSE
5365,2027-12-13 14:30:00,FALSE
2721,2026-03-08 07:00:00,TRUE
7662,2027-03-28 11:15:00,FALSE
2130,2027-02-16 19:45:00,FALSE
8311,2026-03-16 06:30:00,TRUE
2602,2026-05-13 02:45:00,TRUE
4816,2026-06-15 08:15:00,FALSE
6101,2025-12-14 23:30:00,TRUE
8564,2025-04-29 20:00:00,TRUE
3822,2026-02-06 06:15:00,TRUE
4460,2025-06-11 21:15:00,TRUE
7774,2027-06-10 19:00:00,FALSE
9443,2026-06-13 13:30:00,FALSE
1153,2027-08-05 18:45:00,FALSE
2339,2027-11-26 17:45:00,FALSE
439,2027-12-30 10:30:00,FALSE
449,2026-07-14 16:15:00,FALSE
1731,2025-10-13 15:15:00,TRUE
8012,2025-12-03 05:15:00,TRUE
7167,2027-06-13 13:30:00,FALSE
9307,2027-11-22 05:30:00,FALSE
9885,2025-05-30 22:45:00,TRUE
7324,2027-01-15 06:30:00,FALSE
1123,2026-03-07 22:00:00,TRUE
3924,2025-06-11 16:15:00,TRUE
7818,2026-12-24 15:15:00,FALSE
2374,2027-05-22 21:15:00,FALSE
5348,2026-10-07 05:45:00,FALSE
7318,2026-08-02 04:30:00,FALSE
6055,2027-02-14 16:15:00,FALSE
6494,2026-03-10 00:15:00,TRUE
604,2027-12-08 15:00:00,FALSE
7372,2025-08-14 07:45:00,TRUE
6053,2027-01-29 22:15:00,FALSE
7414,2026-08-26 04:15:00,FALSE
9374,2025-09-21 19:30:00,TRUE
8162,2026-11-25 05:15:00,FALSE
3296,2026-07-03 22:00:00,FALSE
8231,2026-07-22 05:15:00,FALSE
4693,2026-12-04 04:00:00,FALSE
9383,2027-04-13 03:45:00,FALSE
7093,2026-01-24 11:45:00,TRUE
3528,2027-08-23 17:00:00,FALSE
2464,2025-10-22 01:00:00,TRUE
2711,2027-08-28 23:00:00,FALSE
8963,2025-04-14 20:30:00,TRUE
9928,2027-12-04 20:45:00,FALSE
2943,2027-10-31 14:15:00,FALSE
3401,2025-06-13 20:45:00,TRUE
9954,2027-07-24 07:00:00,FALSE
9866,2027-12-19 04:15:00,FALSE
671,2027-08-26 11:00:00,FALSE
3010,2025-03-25 14:30:00,TRUE
1313,2025-08-15 21:15:00,TRUE
3916,2027-06-10 20:00:00,FALSE
9398,2026-01-25 02:45:00,TRUE
1740,2027-03-14 06:00:00,FALSE
9204,2027-02-25 23:30:00,FALSE
8937,2026-05-25 16:15:00,FALSE
1492,2026-08-17 05:00:00,FALSE
5561,2026-06-07 14:00:00,FALSE
6692,2025-06-22 08:15:00,TRUE
3527,2025-11-15 14:15:00,TRUE
7591,2027-10-27 14:45:00,FALSE
8736,2026-08-16 04:45:00,FALSE
3733,2027-11-15 15:30:00,FALSE
8866,2026-03-23 19:00:00,TRUE
6908,2026-09-01 08:30:00,FALSE
7221,2027-11-23 10:45:00,FALSE
2860,2026-05-11 06:45:00,TRUE
4759,2025-06-07 18:15:00,TRUE
3591,2025-03-22 20:00:00,TRUE
5350,2025-03-04 23:30:00,TRUE
7007,2025-07-13 21:15:00,TRUE
577,2027-02-03 23:15:00,FALSE
705,2027-10-16 09:30:00,FALSE
8517,2025-11-22 00:30:00,TRUE
8129,2026-11-26 02:45:00,FALSE
9393,2025-02-16 16:15:00,TRUE
7123,2026-09-23 23:00:00,FALSE
2940,2027-10-10 08:45:00,FALSE
8754,2027-02-16 03:15:00,FALSE
4131,2026-05-22 01:00:00,FALSE
7734,2027-05-19 10:45:00,FALSE
6537,2025-11-19 05:45:00,TRUE
4428,2027-01-09 18:15:00,FALSE
9370,2025-09-22 01:00:00,TRUE
9632,2026-07-14 01:45:00,FALSE
3882,2027-08-16 04:45:00,FALSE
3717,2027-12-16 02:45:00,FALSE
9645,2027-11-11 16:00:00,FALSE
838,2026-09-11 00:00:00,FALSE
3779,2025-03-29 18:30:00,TRUE
2359,2025-01-11 14:45:00,TRUE
9305,2025-06-14 02:30:00,TRUE
9118,2026-04-01 08:45:00,TRUE
9016,2025-11-02 01:30:00,TRUE
3742,2026-06-13 03:15:00,FALSE
3407,2025-09-15 15:00:00,TRUE
1446,2027-07-08 09:00:00,FALSE
4445,2027-09-07 11:00:00,FALSE
8401,2025-01-19 03:45:00,TRUE
9693,2025-12-19 17:15:00,TRUE
6439,2025-03-02 18:45:00,TRUE
8890,2027-02-20 07:45:00,FALSE
5632,2025-11-19 00:45:00,TRUE
2793,2025-10-06 21:45:00,TRUE
2732,2025-08-16 06:00:00,TRUE
6512,2026-12-09 04:00:00,FALSE
1824,2025-02-21 14:00:00,TRUE
5957,2027-07-26 20:00:00,FALSE
4781,2025-06-27 04:45:00,TRUE
5741,2027-10-23 12:45:00,FALSE
8669,2027-09-15 04:30:00,FALSE
2655,2026-04-18 05:00:00,TRUE
368,2025-12-26 19:30:00,TRUE
6321,2027-02-21 19:45:00,FALSE
6778,2026-11-19 00:15:00,FALSE
9196,2027-02-27 05:00:00,FALSE
4112,2026-08-17 06:30:00,FALSE
4113,2027-12-02 03:45:00,FALSE
8383,2027-01-10 17:00:00,FALSE
5138,2025-01-24 15:30:00,TRUE
3853,2026-03-27 01:30:00,TRUE
2072,2027-09-23 12:00:00,FALSE
555,2026-05-07 05:45:00,TRUE
1082,2025-11-08 15:00:00,TRUE
8533,2026-05-29 12:30:00,FALSE
2377,2026-08-24 18:00:00,FALSE
1580,2027-04-26 03:45:00,FALSE
1896,2025-05-07 23:15:00,TRUE
8239,2027-05-27 06:00:00,FALSE
6722,2027-02-10 05:15:00,FALSE
5832,2025-10-11 00:45:00,TRUE
4249,2026-06-09 11:15:00,FALSE
8413,2026-08-31 11:15:00,FALSE
641,2027-01-19 13:30:00,FALSE
7732,2027-11-26 16:45:00,FALSE
5041,2025-10-04 16:30:00,TRUE
6451,2025-03-18 19:00:00,TRUE
7758,2026-03-08 19:45:00,TRUE
3377,2027-12-17 07:45:00,FALSE
9452,2026-12-10 23:00:00,FALSE
1928,2025-08-16 00:00:00,TRUE
7651,2027-10-07 16:00:00,FALSE
5039,2027-05-31 03:30:00,FALSE
7880,2026-07-09 16:45:00,FALSE
3630,2026-10-28 06:30:00,FALSE
2469,2026-04-13 00:30:00,TRUE
4449,2027-08-09 15:00:00,FALSE
1760,2027-04-25 21:00:00,FALSE
5505,2026-05-29 12:00:00,FALSE
4719,2025-08-20 08:45:00,TRUE
9299,2026-10-11 10:15:00,FALSE
4958,2027-09-17 11:45:00,FALSE
2282,2025-11-26 15:00:00,TRUE
6705,2025-08-17 12:00:00,TRUE
5067,2027-11-14 07:30:00,FALSE
2712,2027-02-23 23:45:00,FALSE
3071,2025-02-07 20:00:00,TRUE
7054,2025-05-21 22:30:00,TRUE
5448,2026-07-13 13:30:00,FALSE
595,2025-01-27 07:15:00,TRUE
8401,2027-09-08 22:15:00,FALSE
4182,2027-05-02 19:15:00,FALSE
1995,2025-02-04 09:00:00,TRUE
1368,2025-01-02 03:00:00,TRUE
9233,2025-08-01 12:45:00,TRUE
8694,2027-12-06 21:00:00,FALSE
2700,2026-09-06 07:15:00,FALSE
5550,2025-11-15 11:45:00,TRUE
3103,2026-11-16 11:00:00,FALSE
1952,2026-08-02 06:30:00,FALSE
1798,2025-10-03 22:30:00,TRUE
4660,2025-04-03 11:00:00,TRUE
3924,2027-10-24 07:15:00,FALSE
9179,2025-10-10 05:30:00,TRUE
3183,2027-01-31 20:30:00,FALSE
1917,2025-07-22 06:30:00,TRUE
9017,2026-06-01 20:15:00,FALSE
8318,2026-10-15 15:15:00,FALSE
3309,2025-07-14 16:00:00,TRUE
6059,2026-11-01 07:30:00,FALSE
7845,2027-01-14 22:45:00,FALSE
3984,2026-05-02 22:15:00,TRUE
3783,2026-12-02 05:15:00,FALSE
3821,2027-01-14 10:45:00,FALSE
2006,2025-01-06 01:15:00,TRUE
8653,2027-10-30 20:15:00,FALSE
2733,2026-01-12 02:00:00,TRUE
4639,2025-05-25 02:30:00,TRUE
8939,2026-12-15 04:30:00,FALSE
988,2025-05-12 22:30:00,TRUE
4638,2027-06-09 15:45:00,FALSE
2605,2027-12-23 00:00:00,FALSE
7807,2025-07-21 14:00:00,TRUE
6769,2026-10-19 16:30:00,FALSE
9705,2025-12-29 07:45:00,TRUE
6457,2025-10-11 10:00:00,TRUE
7909,2026-08-07 10:45:00,FALSE
5205,2026-01-20 17:00:00,TRUE
194,2025-08-18 23:45:00,TRUE
7836,2027-11-30 07:15:00,FALSE
2648,2027-02-12 12:15:00,FALSE
7194,2025-03-20 17:15:00,TRUE
4426,2026-04-22 21:45:00,TRUE
9549,2025-01-26 19:45:00,TRUE
1441,2027-12-14 13:30:00,FALSE
6754,2026-03-09 13:30:00,TRUE
622,2025-12-25 06:00:00,TRUE
8560,2025-06-18 11:45:00,TRUE
2413,2026-05-10 09:30:00,TRUE
4965,2026-09-15 22:00:00,FALSE
4016,2026-03-14 12:00:00,TRUE
2713,2025-05-05 14:45:00,TRUE
7777,2026-04-05 14:00:00,TRUE
4196,2025-05-20 20:00:00,TRUE
9065,2027-03-12 20:30:00,FALSE
373,2025-12-16 06:30:00,TRUE
7987,2025-01-11 17:45:00,TRUE
6971,2026-03-27 08:45:00,TRUE
3014,2027-02-17 18:30:00,FALSE
7236,2027-02-13 20:30:00,FALSE
1500,2025-08-20 11:30:00,TRUE
6032,2026-08-28 16:30:00,FALSE
8816,2025-06-28 15:45:00,TRUE
6752,2027-05-30 10:45:00,FALSE
1468,2027-09-10 15:15:00,FALSE
9993,2025-01-02 21:45:00,TRUE
8775,2027-01-17 19:00:00,FALSE
2701,2027-11-06 16:15:00,FALSE
449,2025-05-11 08:30:00,TRUE
1277,2027-09-15 02:00:00,FALSE
7753,2025-12-31 08:15:00,TRUE
9047,2025-12-11 23:30:00,TRUE
8261,2026-09-24 05:45:00,FALSE
2421,2026-06-10 13:30:00,FALSE
3049,2025-11-05 00:00:00,TRUE
9084,2025-06-25 14:45:00,TRUE
3464,2025-11-09 17:15:00,TRUE
6401,2027-01-01 17:45:00,FALSE
4005,2027-02-26 08:30:00,FALSE
8473,2025-06-21 16:15:00,TRUE
6173,2025-12-06 08:45:00,TRUE
1690,2026-09-15 23:45:00,FALSE
6792,2026-04-13 23:15:00,TRUE
2158,2026-04-05 22:30:00,TRUE
2803,2025-10-07 20:00:00,TRUE
9971,2027-03-14 05:00:00,FALSE
8823,2027-10-31 21:00:00,FALSE
1891,2027-12-03 02:30:00,FALSE
241,2027-03-25 14:15:00,FALSE
9683,2027-08-10 08:00:00,FALSE
8009,2025-06-24 11:15:00,TRUE
8378,2025-03-09 11:30:00,TRUE
6827,2025-07-27 22:00:00,TRUE
9557,2025-02-01 21:30:00,TRUE
9866,2026-04-22 22:15:00,TRUE
3678,2027-10-20 20:00:00,FALSE
3641,2025-10-11 06:15:00,TRUE
7737,2026-12-20 19:45:00,FALSE
1883,2027-10-01 12:15:00,FALSE
3253,2026-01-22 18:30:00,TRUE
4840,2026-11-18 16:15:00,FALSE
4189,2025-04-02 00:45:00,TRUE
8389,2026-08-19 08:15:00,FALSE
6128,2026-06-15 06:30:00,FALSE
4610,2025-04-23 15:45:00,TRUE
7295,2026-05-12 02:30:00,TRUE
5535,2026-07-31 04:30:00,FALSE
6476,2027-08-30 22:00:00,FALSE
8410,2025-06-11 11:00:00,TRUE
4803,2025-10-15 11:45:00,TRUE
698,2026-08-26 18:30:00,FALSE
2210,2026-05-06 09:00:00,TRUE
8631,2025-06-21 01:45:00,TRUE
60,2027-04-24 07:30:00,FALSE
9740,2026-05-25 22:15:00,FALSE
7356,2025-04-03 20:45:00,TRUE
5396,2025-02-18 19:15:00,TRUE
6430,2025-01-17 14:30:00,TRUE
1401,2026-08-26 06:45:00,FALSE
3158,2027-05-13 10:15:00,FALSE
7299,2027-07-21 21:45:00,FALSE
2224,2027-07-14 22:45:00,FALSE
7614,2027-01-29 18:45:00,FALSE
5306,2025-02-08 11:45:00,TRUE
6284,2025-07-19 07:45:00,TRUE
7955,2025-10-22 15:30:00,TRUE
6239,2026-08-23 23:30:00,FALSE
3392,2026-09-22 23:30:00,FALSE
4711,2025-06-30 00:45:00,TRUE
7821,2026-08-18 02:00:00,FALSE
926,2026-11-27 11:00:00,FALSE
4923,2027-06-13 11:15:00,FALSE
2985,2027-12-08 19:00:00,FALSE
2173,2026-04-01 12:15:00,TRUE
2726,2027-04-07 16:45:00,FALSE
771,2025-09-30 14:00:00,TRUE
3797,2027-08-24 19:30:00,FALSE
3567,2025-02-28 08:15:00,TRUE
5650,2027-02-06 17:00:00,FALSE
6043,2027-03-24 00:15:00,FALSE
5242,2026-03-17 17:00:00,TRUE
5434,2025-03-15 04:00:00,TRUE
499,2025-04-03 23:30:00,TRUE
4945,2025-11-18 14:15:00,TRUE
4718,2026-05-26 18:00:00,FALSE
3980,2027-11-08 15:15:00,FALSE
6076,2026-01-18 05:30:00,TRUE
3743,2025-01-08 20:15:00,TRUE
9121,2027-11-03 16:30:00,FALSE
7235,2027-03-09 20:30:00,FALSE
7793,2027-10-02 10:15:00,FALSE
7603,2026-01-02 16:45:00,TRUE
8589,2026-05-26 16:15:00,FALSE
7198,2026-06-25 11:30:00,FALSE
6042,2025-05-26 19:00:00,TRUE
2179,2027-02-04 16:45:00,FALSE
2311,2027-03-09 01:45:00,FALSE
8866,2026-07-25 18:45:00,FALSE
2886,2027-12-11 06:45:00,FALSE
7934,2025-11-08 20:30:00,TRUE
8809,2026-05-28 01:45:00,FALSE
621,2025-08-18 17:00:00,TRUE
5619,2026-08-11 23:30:00,FALSE
306,2027-10-22 12:45:00,FALSE
7127,2025-06-06 18:15:00,TRUE
2151,2025-02-26 13:30:00,TRUE
7439,2026-02-02 22:15:00,TRUE
7126,2026-07-16 14:45:00,FALSE
3159,2027-05-09 03:30:00,FALSE
473,2025-04-27 12:30:00,TRUE
1702,2027-04-26 20:30:00,FALSE
1622,2027-07-21 02:30:00,FALSE
1651,2025-06-01 05:15:00,TRUE
6624,2026-10-14 01:30:00,FALSE
3871,2026-11-13 09:45:00,FALSE
3844,2025-10-08 07:30:00,TRUE
624,2026-07-16 07:45:00,FALSE
1638,2025-11-17 15:30:00,TRUE
2225,2025-01-26 04:30:00,TRUE
1409,2027-11-10 13:30:00,FALSE
1879,2026-08-28 21:45:00,FALSE
3060,2025-07-18 03:00:00,TRUE
7547,2027-01-07 08:30:00,FALSE
2007,2026-06-11 02:15:00,FALSE
1905,2027-07-27 13:45:00,FALSE
8105,2026-09-19 20:30:00,FALSE
6165,2027-10-31 16:45:00,FALSE
8315,2025-05-24 12:45:00,TRUE
7375,2026-02-20 07:30:00,TRUE
5319,2027-02-19 16:00:00,FALSE
4617,2026-09-29 02:45:00,FALSE
6858,2026-09-28 16:00:00,FALSE
7584,2027-02-02 09:30:00,FALSE
7803,2027-06-22 14:45:00,FALSE
1374,2027-10-08 09:15:00,FALSE
6493,2027-09-21 20:00:00,FALSE
5370,2026-10-07 09:00:00,FALSE
4265,2025-07-07 10:00:00,TRUE
6812,2027-10-20 18:15:00,FALSE
629,2025-06-26 02:30:00,TRUE
3006,2026-02-16 20:15:00,TRUE
5618,2027-06-21 23:00:00,FALSE
2035,2026-01-08 11:00:00,TRUE
6263,2025-08-22 07:00:00,TRUE
7119,2025-06-29 22:30:00,TRUE
8382,2027-10-01 07:45:00,FALSE
3555,2027-03-20 07:30:00,FALSE
6393,2025-11-26 20:00:00,TRUE
3652,2025-09-04 12:30:00,TRUE
4552,2025-12-23 11:00:00,TRUE
1666,2026-02-19 06:00:00,TRUE
6846,2025-12-03 12:15:00,TRUE
2491,2027-09-29 18:00:00,FALSE
3895,2026-03-17 00:30:00,TRUE
1698,2025-04-14 15:30:00,TRUE
4956,2027-10-23 23:00:00,FALSE
9173,2025-05-10 20:45:00,TRUE
4507,2026-01-27 15:45:00,TRUE
7997,2025-04-13 19:45:00,TRUE
1379,2025-05-04 23:45:00,TRUE
6149,2026-05-17 11:15:00,FALSE
4305,2027-07-28 18:45:00,FALSE
3107,2025-05-08 19:00:00,TRUE
4316,2025-02-08 01:00:00,TRUE
7566,2025-11-02 12:45:00,TRUE
2611,2026-10-21 12:00:00,FALSE
5468,2026-09-25 09:00:00,FALSE
6475,2027-10-18 15:00:00,FALSE
3570,2026-09-17 12:45:00,FALSE
2037,2025-11-29 08:45:00,TRUE
8269,2026-04-06 23:00:00,TRUE
4447,2026-01-12 04:30:00,TRUE
9566,2025-08-30 05:00:00,TRUE
587,2027-02-06 22:15:00,FALSE
2228,2026-04-25 01:45:00,TRUE
3935,2027-11-28 04:15:00,FALSE
6809,2027-09-19 14:00:00,FALSE
4134,2025-06-06 11:15:00,TRUE
1550,2027-02-20 17:00:00,FALSE
5494,2026-08-18 18:30:00,FALSE
4671,2025-07-24 21:00:00,TRUE
3034,2025-04-21 14:15:00,TRUE
5809,2027-03-14 15:30:00,FALSE
1148,2025-07-05 10:30:00,TRUE
4373,2025-02-26 07:45:00,TRUE
1984,2025-07-02 21:30:00,TRUE
8336,2027-09-08 19:00:00,FALSE
5574,2027-11-15 10:45:00,FALSE
1332,2026-06-21 13:30:00,FALSE
6114,2026-06-11 22:45:00,FALSE
8926,2025-04-18 11:00:00,TRUE
1393,2025-10-11 23:15:00,TRUE
176,2025-09-13 00:30:00,TRUE
976,2027-04-09 03:00:00,FALSE
2676,2026-07-08 15:45:00,FALSE
3684,2025-02-25 06:15:00,TRUE
8662,2025-02-08 09:30:00,TRUE
7058,2025-07-15 10:45:00,TRUE
1603,2025-01-03 00:30:00,TRUE
4190,2026-03-03 09:15:00,TRUE
7679,2026-01-30 22:00:00,TRUE
5971,2027-12-23 01:00:00,FALSE
1337,2026-11-01 03:00:00,FALSE
9658,2026-11-06 18:15:00,FALSE
629,2027-09-28 18:00:00,FALSE
634,2026-05-10 16:30:00,TRUE
4909,2027-07-10 18:30:00,FALSE
9500,2026-12-24 19:45:00,FALSE
3207,2027-01-15 11:15:00,FALSE
4146,2025-05-14 13:30:00,TRUE
9920,2027-08-29 12:30:00,FALSE
6727,2025-08-13 13:15:00,TRUE
1876,2027-08-11 17:45:00,FALSE
2138,2027-08-16 14:45:00,FALSE
5717,2026-09-05 15:00:00,FALSE
7612,2025-06-03 16:15:00,TRUE
7594,2026-11-01 04:30:00,FALSE
705,2026-10-02 03:15:00,FALSE
1250,2027-09-25 05:00:00,FALSE
2094,2025-08-13 12:30:00,TRUE
9902,2026-02-24 04:00:00,TRUE
518,2027-06-16 20:45:00,FALSE
2011,2027-06-18 03:45:00,FALSE
5833,2026-07-07 13:00:00,FALSE
9932,2026-05-29 12:45:00,FALSE
3800,2026-03-11 02:30:00,TRUE
6373,2027-02-22 21:00:00,FALSE
275,2027-04-09 13:00:00,FALSE
2513,2027-08-27 07:30:00,FALSE
5823,2025-02-28 19:30:00,TRUE
5731,2027-07-10 19:30:00,FALSE
5888,2026-08-04 04:15:00,FALSE
6546,2027-04-07 05:45:00,FALSE
630,2026-12-09 07:00:00,FALSE
7430,2027-08-21 19:00:00,FALSE
3165,2027-03-03 03:30:00,FALSE
9076,2026-06-08 10:45:00,FALSE
6095,2025-09-15 22:00:00,TRUE
1853,2026-02-19 13:45:00,TRUE
8805,2026-03-14 05:00:00,TRUE
2996,2026-06-29 06:30:00,FALSE
6035,2025-04-08 16:15:00,TRUE
6184,2026-08-10 05:15:00,FALSE
4354,2027-06-15 15:00:00,FALSE
1033,2027-12-23 04:30:00,FALSE
6144,2027-02-25 07:45:00,FALSE
1433,2025-05-08 11:30:00,TRUE
8937,2026-11-23 13:15:00,FALSE
3978,2027-01-27 23:15:00,FALSE
5560,2027-03-20 14:30:00,FALSE
2811,2027-08-10 00:30:00,FALSE
3705,2027-09-22 18:15:00,FALSE
4127,2026-05-20 17:15:00,FALSE
1316,2027-01-02 11:15:00,FALSE
7398,2027-04-22 18:00:00,FALSE
8459,2026-09-26 17:30:00,FALSE
1020,2027-01-23 11:00:00,FALSE
7115,2027-02-02 23:00:00,FALSE
6098,2027-02-13 00:00:00,FALSE
9495,2026-08-11 04:00:00,FALSE
7654,2026-05-25 04:45:00,FALSE
7552,2025-02-26 21:45:00,TRUE
3524,2026-08-29 12:30:00,FALSE
8883,2025-03-10 15:15:00,TRUE
4215,2025-09-21 20:30:00,TRUE
9542,2027-12-21 21:00:00,FALSE
1701,2026-10-13 07:45:00,FALSE
2537,2027-11-11 17:30:00,FALSE
8053,2026-02-27 05:45:00,TRUE
4650,2027-09-19 12:30:00,FALSE
436,2025-02-01 17:00:00,TRUE
2797,2027-05-11 08:45:00,FALSE
7381,2026-06-27 02:45:00,FALSE
748,2026-01-25 14:45:00,TRUE
6971,2026-12-15 12:00:00,FALSE
375,2027-06-14 05:15:00,FALSE
2271,2027-02-24 04:15:00,FALSE
2363,2027-09-09 21:00:00,FALSE
6724,2027-09-20 08:45:00,FALSE
5754,2027-07-08 01:00:00,FALSE
9688,2027-03-25 10:45:00,FALSE
3727,2027-11-11 01:15:00,FALSE
1672,2025-11-14 06:45:00,TRUE
783,2027-03-18 12:30:00,FALSE
1429,2027-07-09 03:45:00,FALSE
4409,2026-11-05 13:30:00,FALSE
8462,2026-02-21 02:45:00,TRUE
8189,2027-12-24 02:45:00,FALSE
4275,2027-06-21 04:45:00,FALSE
2412,2026-05-28 04:30:00,FALSE
4325,2026-03-12 01:00:00,TRUE
5831,2025-07-09 08:30:00,TRUE
4267,2025-08-05 12:00:00,TRUE
8559,2025-11-19 11:15:00,TRUE
8246,2025-05-17 22:15:00,TRUE
4521,2027-09-25 14:45:00,FALSE
8735,2027-03-27 16:15:00,FALSE
8177,2026-05-25 13:45:00,FALSE
3948,2027-09-10 03:45:00,FALSE
3807,2026-07-29 18:45:00,FALSE
6378,2026-01-07 22:45:00,TRUE
597,2026-01-01 18:00:00,TRUE
9062,2025-08-19 07:15:00,TRUE
6224,2027-05-31 12:45:00,FALSE
7152,2025-10-17 10:15:00,TRUE
2750,2027-09-06 08:15:00,FALSE
2165,2025-02-17 17:00:00,TRUE
8771,2025-08-15 18:00:00,TRUE
6408,2026-12-06 12:30:00,FALSE
5583,2025-08-20 13:15:00,TRUE
1544,2026-02-05 08:15:00,TRUE
6730,2027-03-01 16:30:00,FALSE
4999,2027-08-24 15:45:00,FALSE
6085,2026-01-29 04:15:00,TRUE
8255,2025-02-04 20:15:00,TRUE
4007,2026-04-06 11:15:00,TRUE
8106,2025-11-18 21:30:00,TRUE
806,2027-12-21 09:45:00,FALSE
3322,2027-10-23 16:00:00,FALSE
5712,2027-08-05 02:15:00,FALSE
7661,2027-02-26 17:45:00,FALSE
33,2027-05-15 23:00:00,FALSE
7262,2026-11-07 06:00:00,FALSE
9198,2026-07-19 10:00:00,FALSE
8475,2025-07-13 21:30:00,TRUE
6126,2025-06-15 03:15:00,TRUE
3287,2027-12-24 11:45:00,FALSE
8597,2026-08-05 14:00:00,FALSE
6612,2025-07-24 20:15:00,TRUE
3672,2026-12-14 18:00:00,FALSE
9825,2027-04-27 15:00:00,FALSE
1899,2026-11-01 11:15:00,FALSE
5970,2027-09-20 12:00:00,FALSE
8922,2025-02-22 08:30:00,TRUE
7542,2027-10-20 14:00:00,FALSE
1098,2027-12-22 12:30:00,FALSE
1046,2026-08-12 03:45:00,FALSE
4247,2025-01-30 08:00:00,TRUE
7000,2027-10-26 16:45:00,FALSE
2630,2026-03-04 06:45:00,TRUE
6648,2027-01-27 06:00:00,FALSE
5837,2027-10-12 12:00:00,FALSE
9749,2027-12-10 08:30:00,FALSE
8,2027-05-03 06:45:00,FALSE
3902,2025-11-11 13:45:00,TRUE
6028,2026-12-24 14:00:00,FALSE
7245,2025-12-25 21:00:00,TRUE
8660,2026-05-19 09:15:00,FALSE
10003,2026-08-20 03:15:00,FALSE
111,2026-01-24 12:30:00,TRUE
666,2027-03-18 18:00:00,FALSE
3534,2025-10-21 18:30:00,TRUE
6464,2027-04-21 11:45:00,FALSE
9904,2027-06-08 08:30:00,FALSE
14,2026-03-05 23:45:00,TRUE
6474,2027-02-09 21:00:00,FALSE
2212,2026-08-13 16:30:00,FALSE
1684,2025-10-04 19:30:00,TRUE
8343,2026-01-23 01:45:00,TRUE
6767,2025-04-14 19:30:00,TRUE
5456,2026-07-30 07:30:00,FALSE
2339,2025-11-18 04:00:00,TRUE
8056,2027-12-28 16:45:00,FALSE
2995,2025-03-14 06:00:00,TRUE
3571,2027-11-11 09:00:00,FALSE
9689,2027-03-19 15:30:00,FALSE
504,2025-12-24 05:45:00,TRUE
5603,2025-07-14 11:45:00,TRUE
5428,2025-12-16 13:30:00,TRUE
2048,2026-10-05 17:15:00,FALSE
6312,2027-04-19 03:45:00,FALSE
1952,2025-05-20 19:30:00,TRUE
967,2026-06-05 15:00:00,FALSE
7635,2026-01-27 10:45:00,TRUE
2276,2025-09-02 04:00:00,TRUE
3434,2026-05-14 05:45:00,TRUE
5969,2026-01-16 06:15:00,TRUE
4848,2025-11-22 05:45:00,TRUE
9496,2026-11-15 17:45:00,FALSE
2439,2026-03-29 14:15:00,TRUE
5495,2025-01-29 13:30:00,TRUE
5223,2025-07-15 19:15:00,TRUE
4148,2027-11-21 06:15:00,FALSE
3964,2026-01-24 22:15:00,TRUE
9795,2027-07-08 11:45:00,FALSE
3509,2026-09-07 04:15:00,FALSE
9933,2025-11-26 18:15:00,TRUE
6213,2027-03-14 12:30:00,FALSE
7443,2027-07-22 21:30:00,FALSE
4429,2025-02-16 20:45:00,TRUE
1879,2025-07-03 10:30:00,TRUE
4636,2027-07-26 07:45:00,FALSE
5506,2027-04-10 19:45:00,FALSE
328,2027-07-10 19:15:00,FALSE
371,2027-05-09 05:30:00,FALSE
8984,2027-08-20 21:30:00,FALSE
5404,2025-03-21 22:45:00,TRUE
3490,2027-10-10 02:15:00,FALSE
8782,2027-10-25 07:30:00,FALSE
1019,2026-12-26 14:30:00,FALSE
6653,2027-09-27 05:15:00,FALSE
8979,2025-08-07 21:00:00,TRUE
9065,2026-10-31 05:30:00,FALSE
204,2025-10-28 14:45:00,TRUE
1100,2027-07-22 12:30:00,FALSE
4405,2025-10-20 02:00:00,TRUE
4404,2027-09-18 19:30:00,FALSE
7899,2025-05-13 21:00:00,TRUE
1091,2027-12-13 18:15:00,FALSE
6628,2025-11-24 22:00:00,TRUE
3862,2025-12-04 20:15:00,TRUE
8295,2025-04-19 02:15:00,TRUE
8073,2027-10-28 13:45:00,FALSE
4127,2026-11-25 10:15:00,FALSE
2409,2025-06-16 06:15:00,TRUE
6839,2026-04-28 14:15:00,TRUE
2743,2027-04-14 13:15:00,FALSE
764,2026-11-22 23:15:00,FALSE
9743,2026-09-12 03:45:00,FALSE
4789,2026-01-04 16:15:00,TRUE
1663,2026-03-16 12:30:00,TRUE
898,2026-04-12 07:00:00,TRUE
8176,2025-03-01 03:45:00,TRUE
2043,2027-07-08 03:45:00,FALSE
4901,2027-02-12 20:15:00,FALSE
3145,2027-03-19 12:15:00,FALSE
7769,2027-07-26 12:30:00,FALSE
7921,2027-03-24 22:30:00,FALSE
5224,2025-08-18 11:00:00,TRUE
7997,2025-04-22 01:00:00,TRUE
1491,2026-07-17 09:00:00,FALSE
7879,2027-12-02 08:30:00,FALSE
7686,2026-05-11 15:00:00,TRUE
8213,2026-11-04 23:45:00,FALSE
8938,2025-06-25 07:30:00,TRUE
7110,2025-08-10 18:15:00,TRUE
1253,2025-03-15 09:45:00,TRUE
1737,2026-09-06 18:30:00,FALSE
3913,2027-01-30 15:30:00,FALSE
2096,2027-08-02 22:15:00,FALSE
7971,2025-01-16 20:15:00,TRUE
3188,2025-01-29 03:30:00,TRUE
843,2027-02-13 01:15:00,FALSE
9770,2027-08-18 15:45:00,FALSE
4528,2027-12-02 11:30:00,FALSE
7120,2025-08-09 03:30:00,TRUE
5559,2026-03-26 00:30:00,TRUE
9415,2025-09-07 09:15:00,TRUE
4674,2026-10-11 06:45:00,FALSE
4780,2026-05-28 10:45:00,FALSE
5822,2025-01-23 15:45:00,TRUE
7149,2027-01-10 09:15:00,FALSE
1673,2027-05-21 10:45:00,FALSE
9435,2025-12-02 03:45:00,TRUE
4607,2026-05-06 19:15:00,TRUE
6463,2027-05-03 05:45:00,FALSE
947,2027-02-20 01:30:00,FALSE
9754,2026-05-24 08:15:00,FALSE
2254,2026-04-25 17:00:00,TRUE
250,2026-07-31 14:15:00,FALSE
8836,2027-09-01 09:15:00,FALSE
6675,2026-09-23 21:30:00,FALSE
5599,2026-03-12 20:30:00,TRUE
3612,2026-08-14 04:45:00,FALSE
3814,2025-04-16 06:45:00,TRUE
4571,2025-03-16 15:00:00,TRUE
4292,2026-04-26 04:45:00,TRUE
6798,2025-11-11 20:45:00,TRUE
6526,2026-10-07 22:45:00,FALSE
3962,2027-05-15 15:00:00,FALSE
3448,2025-04-08 14:45:00,TRUE
6768,2025-01-01 20:15:00,TRUE
2571,2026-05-17 10:00:00,FALSE
5101,2026-03-22 17:30:00,TRUE
1056,2027-01-13 04:30:00,FALSE
1975,2026-12-01 19:30:00,FALSE
6527,2027-01-08 13:45:00,FALSE
7317,2025-12-30 01:45:00,TRUE
3936,2027-08-24 15:45:00,FALSE
6903,2025-04-18 00:00:00,TRUE
7695,2026-11-15 22:30:00,FALSE
5272,2025-09-30 09:45:00,TRUE
2195,2027-01-03 20:00:00,FALSE
9802,2027-11-29 16:45:00,FALSE
1408,2026-03-03 19:00:00,TRUE
7424,2026-08-08 04:30:00,FALSE
2011,2026-07-14 09:45:00,FALSE
1127,2026-07-19 18:45:00,FALSE
5532,2027-04-17 20:15:00,FALSE
7304,2027-02-16 05:30:00,FALSE
5778,2027-08-04 11:30:00,FALSE
7685,2026-12-14 20:45:00,FALSE
535,2025-07-29 11:15:00,TRUE
1938,2025-03-29 09:45:00,TRUE
6090,2026-04-07 20:00:00,TRUE
2597,2026-11-24 00:45:00,FALSE
6958,2025-03-30 11:00:00,TRUE
2156,2026-09-26 18:15:00,FALSE
3235,2026-08-06 15:15:00,FALSE
329,2025-02-20 08:30:00,TRUE
8731,2026-05-04 18:15:00,TRUE
1177,2027-10-18 22:30:00,FALSE
1197,2025-10-17 19:30:00,TRUE
4110,2025-05-28 17:30:00,TRUE
705,2027-06-15 22:15:00,FALSE
210,2025-06-24 08:45:00,TRUE
4119,2025-08-30 02:45:00,TRUE
3082,2027-11-29 18:30:00,FALSE
3283,2027-09-19 15:30:00,FALSE
2512,2026-04-10 17:15:00,TRUE
3244,2027-03-22 19:15:00,FALSE
8284,2025-06-04 14:30:00,TRUE
9722,2025-12-02 07:45:00,TRUE
261,2027-07-25 23:15:00,FALSE
7658,2026-05-15 13:45:00,TRUE
1874,2025-05-01 10:45:00,TRUE
2884,2025-07-11 00:00:00,TRUE
1611,2027-11-16 12:30:00,FALSE
5713,2026-05-15 22:45:00,TRUE
6897,2026-08-31 11:45:00,FALSE
6573,2027-12-07 06:00:00,FALSE
8307,2025-04-23 13:00:00,TRUE
6883,2025-12-14 11:30:00,TRUE
2075,2027-01-15 05:15:00,FALSE
9430,2026-09-01 08:15:00,FALSE
1404,2025-01-08 18:00:00,TRUE
1704,2025-01-08 07:45:00,TRUE
7594,2025-03-01 09:00:00,TRUE
4077,2026-01-12 02:30:00,TRUE
768,2025-08-25 18:15:00,TRUE
9919,2026-05-08 02:30:00,TRUE
7227,2025-04-28 16:00:00,TRUE
3261,2026-05-02 01:15:00,TRUE
4016,2025-05-11 04:45:00,TRUE
8812,2027-12-19 05:30:00,FALSE
121,2025-09-14 18:30:00,TRUE
8083,2025-09-21 02:30:00,TRUE
6247,2025-12-31 16:30:00,TRUE
4646,2026-04-26 06:45:00,TRUE
941,2027-11-11 11:00:00,FALSE
9030,2027-03-26 08:00:00,FALSE
4438,2026-12-08 17:45:00,FALSE
1270,2026-10-03 12:30:00,FALSE
9714,2026-09-21 09:45:00,FALSE
4618,2026-04-27 05:45:00,TRUE
6670,2027-03-07 08:15:00,FALSE
9939,2025-07-31 18:00:00,TRUE
9295,2027-12-06 23:45:00,FALSE
1560,2025-08-15 01:00:00,TRUE
5170,2027-04-19 05:45:00,FALSE
9047,2027-04-14 07:00:00,FALSE
5125,2027-01-04 15:45:00,FALSE
1175,2025-02-01 18:45:00,TRUE
3158,2027-06-22 02:30:00,FALSE
7866,2026-09-15 20:00:00,FALSE
6474,2026-02-02 11:45:00,TRUE
2843,2026-03-03 15:15:00,TRUE
5799,2027-07-04 17:45:00,FALSE
5889,2027-10-06 07:15:00,FALSE
9418,2027-05-03 19:15:00,FALSE
6958,2025-06-10 17:15:00,TRUE
3520,2025-12-07 22:45:00,TRUE
6298,2025-06-25 21:15:00,TRUE
5549,2027-07-11 20:15:00,FALSE
5160,2027-12-16 20:45:00,FALSE
6060,2025-08-28 22:15:00,TRUE
1778,2026-07-18 08:45:00,FALSE
7119,2026-12-17 02:00:00,FALSE
83,2025-01-08 11:00:00,TRUE
1318,2026-06-14 01:15:00,FALSE
7178,2026-05-25 13:45:00,FALSE
4774,2027-02-08 14:15:00,FALSE
44,2026-01-02 22:45:00,TRUE
4758,2027-10-19 14:45:00,FALSE
5572,2025-09-02 06:15:00,TRUE
4371,2027-11-12 07:30:00,FALSE
1479,2026-12-23 04:00:00,FALSE
3201,2026-03-30 09:45:00,TRUE
2646,2027-07-17 02:15:00,FALSE
4648,2027-04-30 01:30:00,FALSE
5368,2026-05-03 23:45:00,TRUE
9598,2027-02-21 11:30:00,FALSE
9853,2027-07-09 23:00:00,FALSE
5767,2025-03-12 07:30:00,TRUE
9806,2026-10-16 14:15:00,FALSE
1216,2027-11-22 12:00:00,FALSE
2535,2026-09-19 13:30:00,FALSE
11,2027-10-05 00:00:00,FALSE
3,2025-01-01 00:00:00,TRUE
4698,2026-03-09 15:00:00,TRUE
9972,2026-03-26 10:30:00,TRUE
7100,2025-11-15 06:15:00,TRUE
1279,2027-12-05 21:45:00,FALSE
2679,2026-12-20 20:30:00,FALSE
80,2025-07-31 00:30:00,TRUE
4839,2027-08-25 05:45:00,FALSE
2360,2027-01-06 15:15:00,FALSE
4218,2027-09-21 08:00:00,FALSE
4232,2026-08-12 23:15:00,FALSE
4592,2026-07-27 23:45:00,FALSE
6502,2025-06-05 19:00:00,TRUE
7708,2025-06-07 13:00:00,TRUE
1278,2025-06-18 12:45:00,TRUE
310,2025-09-24 11:15:00,TRUE
6353,2027-06-22 08:45:00,FALSE
6228,2025-02-05 05:30:00,TRUE
2268,2026-03-30 02:00:00,TRUE
338,2027-05-22 01:30:00,FALSE
4655,2025-10-08 11:30:00,TRUE
7201,2026-01-18 13:15:00,TRUE
6185,2026-05-31 23:45:00,FALSE
6724,2027-05-28 17:00:00,FALSE
1124,2026-06-06 15:30:00,FALSE
8916,2026-02-07 16:15:00,TRUE
5095,2026-09-11 20:15:00,FALSE
4609,2026-01-14 16:45:00,TRUE
4981,2027-06-21 02:00:00,FALSE
2980,2026-07-08 17:00:00,FALSE
2409,2026-10-23 05:15:00,FALSE
276,2025-01-10 13:45:00,TRUE
102,2027-11-28 18:45:00,FALSE
3669,2026-09-29 06:00:00,FALSE
3336,2026-08-18 00:45:00,FALSE
63,2027-07-21 21:00:00,FALSE
2289,2027-08-31 16:00:00,FALSE
5178,2027-06-22 23:15:00,FALSE
8204,2026-07-22 18:45:00,FALSE
6181,2026-09-05 18:30:00,FALSE
1978,2027-09-08 08:30:00,FALSE
8038,2027-07-06 22:45:00,FALSE
290,2026-09-01 02:00:00,FALSE
9862,2025-08-24 03:00:00,TRUE
7740,2026-06-27 14:00:00,FALSE
9448,2025-07-21 23:00:00,TRUE
3557,2026-06-25 03:45:00,FALSE
7273,2027-03-22 22:15:00,FALSE
4419,2027-08-31 01:15:00,FALSE
5310,2027-03-20 04:15:00,FALSE
2087,2026-11-29 04:15:00,FALSE
7710,2026-06-04 03:15:00,FALSE
5654,2027-01-18 18:30:00,FALSE
2236,2026-05-02 21:45:00,TRUE
4303,2027-09-08 13:00:00,FALSE
4671,2026-09-01 04:30:00,FALSE
3062,2025-01-11 19:15:00,TRUE
6995,2026-03-13 17:30:00,TRUE
6273,2025-01-06 18:30:00,TRUE
788,2026-06-01 02:15:00,FALSE
8794,2026-02-17 22:30:00,TRUE
5883,2026-01-22 12:15:00,TRUE
3776,2027-06-05 03:15:00,FALSE
6571,2027-12-25 00:00:00,FALSE
8456,2026-12-27 05:30:00,FALSE
7512,2027-04-10 08:15:00,FALSE
8645,2025-12-15 15:00:00,TRUE
7384,2026-11-29 04:30:00,FALSE
4885,2026-08-02 23:15:00,FALSE
7796,2025-04-08 15:00:00,TRUE
4249,2026-02-14 14:30:00,TRUE
2675,2027-05-30 05:15:00,FALSE
2250,2027-05-12 10:15:00,FALSE
1670,2026-06-10 20:30:00,FALSE
2500,2026-11-28 12:15:00,FALSE
3221,2025-12-19 10:00:00,TRUE
8094,2026-10-08 11:30:00,FALSE
1597,2027-01-29 17:00:00,FALSE
9571,2025-04-09 01:45:00,TRUE
1352,2027-02-06 06:00:00,FALSE
2213,2025-06-11 03:45:00,TRUE
9094,2027-04-29 00:30:00,FALSE
3507,2025-02-21 21:15:00,TRUE
9751,2027-08-12 20:00:00,FALSE
2773,2025-05-14 16:00:00,TRUE
9719,2026-08-03 09:00:00,FALSE
2980,2027-02-27 01:45:00,FALSE
5086,2025-10-25 11:00:00,TRUE
585,2025-12-04 12:15:00,TRUE
5727,2027-01-06 10:00:00,FALSE
1224,2025-03-07 06:00:00,TRUE
8832,2027-11-08 06:30:00,FALSE
8497,2025-03-24 19:45:00,TRUE
597,2027-03-20 12:30:00,FALSE
3141,2025-06-23 02:00:00,TRUE
4153,2025-04-19 14:30:00,TRUE
1554,2027-04-05 09:15:00,FALSE
4759,2026-06-24 03:15:00,FALSE
1439,2027-03-13 02:45:00,FALSE
2429,2027-10-02 03:30:00,FALSE
5754,2027-01-10 19:45:00,FALSE
2928,2027-01-17 12:00:00,FALSE
7986,2025-11-27 06:45:00,TRUE
1938,2025-03-29 17:30:00,TRUE
9275,2026-10-31 05:30:00,FALSE
9993,2026-12-18 03:00:00,FALSE
5557,2026-08-13 04:00:00,FALSE
420,2026-09-02 03:30:00,FALSE
6654,2027-10-12 08:15:00,FALSE
3214,2027-06-22 01:45:00,FALSE
5932,2027-01-29 20:30:00,FALSE
9027,2027-08-10 07:30:00,FALSE
1589,2026-09-15 13:45:00,FALSE
6462,2026-11-01 09:00:00,FALSE
3099,2026-05-04 16:30:00,TRUE
3647,2027-04-20 03:45:00,FALSE
7231,2027-02-20 09:15:00,FALSE
1470,2027-07-18 09:00:00,FALSE
4212,2027-10-04 21:15:00,FALSE
8401,2025-03-14 18:30:00,TRUE
2318,2027-11-21 00:15:00,FALSE
5712,2026-08-02 10:30:00,FALSE
5241,2025-12-28 02:30:00,TRUE
8718,2027-06-09 17:15:00,FALSE
1162,2027-05-10 16:15:00,FALSE
5626,2027-08-10 14:15:00,FALSE
1971,2026-09-03 22:15:00,FALSE
1367,2027-12-08 14:30:00,FALSE
7116,2025-11-27 11:15:00,TRUE
5321,2026-03-24 19:30:00,TRUE
3446,2025-08-22 22:45:00,TRUE
5790,2025-08-22 01:30:00,TRUE
3238,2025-10-06 03:15:00,TRUE
6538,2026-12-30 07:45:00,FALSE
6018,2027-11-23 18:15:00,FALSE
601,2026-11-28 22:30:00,FALSE
8681,2026-10-29 16:45:00,FALSE
6561,2025-01-02 08:00:00,TRUE
9249,2025-01-12 06:30:00,TRUE
5263,2027-07-10 07:15:00,FALSE
7937,2025-08-19 08:30:00,TRUE
7705,2025-06-02 09:15:00,TRUE
476,2026-04-27 13:15:00,TRUE
324,2027-08-27 01:45:00,FALSE
9111,2026-10-11 13:00:00,FALSE
6299,2027-10-18 02:15:00,FALSE
2015,2027-03-20 14:15:00,FALSE
7454,2025-02-28 03:30:00,TRUE
4826,2027-05-26 01:15:00,FALSE
1688,2026-05-20 10:45:00,FALSE
9057,2027-10-08 06:45:00,FALSE
1824,2027-12-14 05:30:00,FALSE
6249,2025-10-09 15:30:00,TRUE
1888,2026-09-07 04:30:00,FALSE
5671,2025-01-18 05:00:00,TRUE
6136,2025-11-29 05:00:00,TRUE
1106,2025-08-13 04:15:00,TRUE
9194,2026-06-21 03:15:00,FALSE
5651,2027-03-16 10:45:00,FALSE
4866,2027-12-17 21:45:00,FALSE
6293,2026-02-26 10:15:00,TRUE
898,2026-04-05 08:15:00,TRUE
9190,2027-09-01 12:30:00,FALSE
2264,2026-11-26 08:15:00,FALSE
3994,2025-01-14 17:00:00,TRUE
9152,2025-10-11 12:30:00,TRUE
7071,2026-02-10 16:00:00,TRUE
5128,2026-12-28 06:00:00,FALSE
4047,2027-09-22 23:30:00,FALSE
7453,2027-02-18 14:00:00,FALSE
6659,2025-09-07 06:00:00,TRUE
1298,2026-09-16 18:00:00,FALSE
161,2027-06-16 00:00:00,FALSE
9216,2025-08-20 14:00:00,TRUE
3725,2026-02-15 08:30:00,TRUE
7039,2027-11-20 23:30:00,FALSE
408,2026-09-13 06:30:00,FALSE
7076,2026-09-26 19:15:00,FALSE
8980,2025-11-11 08:45:00,TRUE
4800,2027-08-16 04:15:00,FALSE
3370,2026-03-16 14:30:00,TRUE
7603,2027-08-29 15:30:00,FALSE
4465,2027-11-22 15:15:00,FALSE
4649,2026-09-12 20:00:00,FALSE
1992,2027-10-09 05:45:00,FALSE
4717,2027-07-04 06:00:00,FALSE
2955,2026-02-18 12:30:00,TRUE
6387,2025-02-01 21:30:00,TRUE
3045,2025-12-21 20:00:00,TRUE
9526,2026-10-13 10:30:00,FALSE
5005,2027-05-15 17:45:00,FALSE
445,2027-08-09 22:30:00,FALSE
6130,2027-04-04 17:15:00,FALSE
4653,2027-10-22 05:45:00,FALSE
7402,2026-03-28 02:15:00,TRUE
3518,2027-08-10 00:45:00,FALSE
1601,2026-08-30 12:00:00,FALSE
5720,2025-10-06 20:30:00,TRUE
4364,2027-03-11 13:45:00,FALSE
828,2025-10-25 23:45:00,TRUE
1713,2027-12-15 13:30:00,FALSE
1811,2027-06-16 10:00:00,FALSE
348,2025-12-27 12:00:00,TRUE
9516,2026-12-23 03:00:00,FALSE
7171,2027-06-22 09:00:00,FALSE
8116,2025-02-19 16:45:00,TRUE
3814,2025-08-18 08:45:00,TRUE
297,2026-12-16 19:00:00,FALSE
998,2027-09-05 03:00:00,FALSE
9109,2025-12-13 09:15:00,TRUE
8086,2026-03-02 08:30:00,TRUE
7479,2025-11-27 17:00:00,TRUE
829,2026-01-03 22:30:00,TRUE
3658,2025-08-31 23:00:00,TRUE
8869,2027-04-30 16:30:00,FALSE
1492,2026-08-12 10:00:00,FALSE
7165,2026-04-18 11:15:00,TRUE
1824,2026-01-22 10:00:00,TRUE
593,2026-07-14 07:45:00,FALSE
9077,2025-02-02 04:15:00,TRUE
9096,2026-09-18 10:30:00,FALSE
9485,2026-10-21 04:00:00,FALSE
3706,2027-06-28 01:15:00,FALSE
5410,2025-01-11 15:30:00,TRUE
3979,2027-05-25 11:30:00,FALSE
1819,2027-04-07 17:45:00,FALSE
8197,2027-03-24 19:45:00,FALSE
6235,2025-03-30 22:15:00,TRUE
6461,2027-03-11 23:15:00,FALSE
6105,2025-10-16 16:15:00,TRUE
9441,2026-06-16 00:15:00,FALSE
5277,2026-10-24 15:00:00,FALSE
7240,2025-03-17 08:00:00,TRUE
3522,2027-07-26 16:45:00,FALSE
3690,2027-03-25 05:00:00,FALSE
3014,2026-10-08 08:15:00,FALSE
5604,2025-08-04 19:45:00,TRUE
7103,2027-09-27 02:30:00,FALSE
3952,2027-06-27 15:15:00,FALSE
4208,2025-04-14 05:00:00,TRUE
4292,2025-03-28 12:30:00,TRUE
7746,2026-02-01 16:30:00,TRUE
1212,2026-09-10 02:45:00,FALSE
4995,2027-05-21 20:30:00,FALSE
9406,2026-09-02 15:00:00,FALSE
7688,2027-10-25 00:15:00,FALSE
4247,2026-02-23 05:15:00,TRUE
307,2027-04-30 21:30:00,FALSE
9171,2027-03-05 09:45:00,FALSE
9476,2027-08-25 17:15:00,FALSE
3717,2025-04-14 05:45:00,TRUE
139,2025-05-27 20:15:00,TRUE
5182,2025-06-08 05:30:00,TRUE
9788,2027-10-09 05:00:00,FALSE
4398,2025-03-31 05:45:00,TRUE
931,2026-05-11 06:30:00,TRUE
585,2027-09-02 01:45:00,FALSE
960,2025-09-20 17:15:00,TRUE
975,2027-01-21 08:00:00,FALSE
2807,2027-05-26 13:30:00,FALSE
7953,2027-04-28 14:00:00,FALSE
7642,2025-12-29 23:45:00,TRUE
8469,2025-12-09 00:45:00,TRUE
869,2026-03-23 11:00:00,TRUE
2979,2026-05-30 14:00:00,FALSE
1148,2027-04-29 08:45:00,FALSE
3676,2026-02-21 04:30:00,TRUE
4754,2025-11-06 07:15:00,TRUE
7325,2026-03-28 18:00:00,TRUE
4288,2027-09-27 17:30:00,FALSE
5602,2026-11-07 00:30:00,FALSE
6391,2027-07-08 00:30:00,FALSE
8326,2025-05-16 00:15:00,TRUE
6660,2025-06-04 07:45:00,TRUE
1422,2025-08-12 01:15:00,TRUE
9288,2027-05-20 05:15:00,FALSE
8169,2026-11-07 21:15:00,FALSE
1533,2025-03-14 02:30:00,TRUE
3083,2026-11-05 02:45:00,FALSE
2203,2025-12-17 15:30:00,TRUE
4916,2025-01-13 09:45:00,TRUE
685,2026-12-11 04:45:00,FALSE
6699,2027-11-27 21:45:00,FALSE
2881,2027-02-07 03:00:00,FALSE
943,2027-01-29 23:30:00,FALSE
2482,2027-06-01 19:15:00,FALSE
3022,2025-12-25 00:30:00,TRUE
2714,2025-12-02 04:00:00,TRUE
8052,2027-05-28 13:45:00,FALSE
430,2026-12-26 02:15:00,FALSE
7063,2026-06-13 05:15:00,FALSE
8189,2027-02-10 05:45:00,FALSE
2488,2026-06-22 11:45:00,FALSE
774,2027-12-11 03:30:00,FALSE
8989,2027-02-13 23:00:00,FALSE
977,2026-10-30 08:00:00,FALSE
9618,2027-05-21 06:45:00,FALSE
5607,2026-06-19 22:15:00,FALSE
9079,2025-08-16 06:00:00,TRUE
600,2027-07-06 14:30:00,FALSE
3341,2027-04-22 11:30:00,FALSE
1348,2027-06-20 13:45:00,FALSE
8974,2027-07-13 15:15:00,FALSE
9549,2026-03-15 08:45:00,TRUE
5285,2026-07-11 22:30:00,FALSE
7589,2026-04-17 17:30:00,TRUE
9870,2026-01-25 03:00:00,TRUE
1626,2025-01-01 02:45:00,TRUE
2572,2027-11-06 20:00:00,FALSE
7201,2025-11-27 10:30:00,TRUE
2784,2026-12-19 06:15:00,FALSE
1654,2026-09-19 23:00:00,FALSE
7187,2025-05-07 19:15:00,TRUE
3937,2026-10-03 00:45:00,FALSE
7411,2025-06-30 19:15:00,TRUE
4395,2025-07-29 02:00:00,TRUE
2879,2026-01-12 22:30:00,TRUE
827,2025-10-16 23:30:00,TRUE
5652,2027-01-09 18:00:00,FALSE
5703,2025-06-13 09:30:00,TRUE
7406,2027-03-17 16:30:00,FALSE
6124,2027-11-26 03:30:00,FALSE
2527,2025-09-16 20:00:00,TRUE
7504,2025-05-23 03:45:00,TRUE
56,2027-10-20 16:45:00,FALSE
2352,2025-10-04 12:00:00,TRUE
7418,2026-05-13 14:30:00,TRUE
9972,2025-02-20 02:00:00,TRUE
3681,2027-11-26 07:45:00,FALSE
5454,2027-08-27 07:15:00,FALSE
5382,2027-10-15 02:00:00,FALSE
6833,2027-06-22 08:15:00,FALSE
7632,2026-07-09 06:00:00,FALSE
8582,2027-04-13 23:30:00,FALSE
8429,2026-04-12 16:30:00,TRUE
9383,2027-11-24 19:00:00,FALSE
1839,2026-06-22 07:45:00,FALSE
9976,2025-04-23 04:15:00,TRUE
8960,2025-11-08 11:15:00,TRUE
296,2027-08-06 00:00:00,FALSE
5517,2026-12-15 17:45:00,FALSE
1666,2025-07-02 13:45:00,TRUE
7857,2025-08-13 09:00:00,TRUE
8502,2027-04-07 20:45:00,FALSE
9938,2025-12-16 01:00:00,TRUE
1343,2027-01-11 15:45:00,FALSE
2735,2027-03-25 09:00:00,FALSE
7155,2026-11-28 16:15:00,FALSE
10001,2026-04-15 09:00:00,TRUE
8443,2027-12-05 10:00:00,FALSE
1576,2027-03-08 06:00:00,FALSE
297,2027-03-07 07:30:00,FALSE
9498,2027-04-05 21:00:00,FALSE
1563,2027-07-12 05:15:00,FALSE
3181,2025-07-08 05:00:00,TRUE
4193,2026-07-16 08:30:00,FALSE
1704,2026-01-25 01:00:00,TRUE
8586,2027-10-06 04:30:00,FALSE
9368,2027-09-10 07:00:00,FALSE
4747,2025-04-10 05:15:00,TRUE
9023,2025-09-29 22:15:00,TRUE
9931,2027-10-29 23:30:00,FALSE
6001,2025-12-03 13:45:00,TRUE
9414,2025-08-11 07:00:00,TRUE
7565,2025-01-21 19:45:00,TRUE
5953,2025-07-18 13:15:00,TRUE
693,2025-04-14 07:15:00,TRUE
5145,2025-04-30 02:00:00,TRUE
419,2026-03-24 17:15:00,TRUE
4685,2026-08-23 15:30:00,FALSE
4823,2026-10-09 17:45:00,FALSE
6602,2025-06-03 00:45:00,TRUE
9628,2026-06-12 15:45:00,FALSE
4531,2025-11-17 17:45:00,TRUE
2637,2027-02-25 00:00:00,FALSE
7950,2025-07-26 06:15:00,TRUE
382,2027-02-09 02:30:00,FALSE
1121,2025-06-14 16:45:00,TRUE
3953,2025-11-20 13:15:00,TRUE
651,2027-09-02 13:15:00,FALSE
9865,2026-11-05 17:00:00,FALSE
6656,2027-03-11 23:15:00,FALSE
7836,2026-01-09 03:00:00,TRUE
9909,2026-07-12 02:00:00,FALSE
260,2025-11-18 05:00:00,TRUE
2465,2026-08-23 01:45:00,FALSE
8498,2027-06-10 12:45:00,FALSE
1637,2025-07-20 11:15:00,TRUE
4416,2027-02-09 12:00:00,FALSE
330,2027-12-26 22:00:00,FALSE
8981,2026-07-19 08:45:00,FALSE
9474,2026-04-26 22:15:00,TRUE
1738,2027-08-02 11:15:00,FALSE
7880,2025-04-03 15:30:00,TRUE
4235,2027-02-01 09:30:00,FALSE
8865,2026-01-03 07:45:00,TRUE
5287,2027-12-12 19:00:00,FALSE
1945,2025-01-13 15:15:00,TRUE
724,2025-01-17 16:00:00,TRUE
3802,2026-07-04 03:45:00,FALSE
4187,2027-09-16 06:45:00,FALSE
4872,2027-01-16 01:30:00,FALSE
6312,2026-03-05 21:30:00,TRUE
7742,2027-11-30 13:00:00,FALSE
6401,2025-04-06 10:45:00,TRUE
9438,2027-09-29 12:15:00,FALSE
6737,2027-11-20 09:30:00,FALSE
2017,2025-10-15 00:45:00,TRUE
7824,2025-08-09 23:30:00,TRUE
898,2027-01-26 02:00:00,FALSE
1901,2025-06-01 22:30:00,TRUE
6091,2025-04-28 02:15:00,TRUE
5719,2026-05-11 01:45:00,TRUE
600,2025-01-26 13:15:00,TRUE
5153,2027-07-14 12:45:00,FALSE
6975,2025-10-16 21:00:00,TRUE
4592,2026-08-08 04:15:00,FALSE
7199,2026-10-10 10:30:00,FALSE
3045,2027-04-15 17:30:00,FALSE
8748,2025-03-07 07:15:00,TRUE
2081,2025-08-21 17:00:00,TRUE
5059,2027-10-08 17:00:00,FALSE
4319,2027-04-11 07:30:00,FALSE
8603,2027-03-15 18:30:00,FALSE
8263,2026-01-24 07:30:00,TRUE
5203,2027-08-30 22:30:00,FALSE
524,2027-05-05 01:45:00,FALSE
7037,2025-01-11 05:30:00,TRUE
2108,2025-02-10 18:15:00,TRUE
995,2025-12-12 16:15:00,TRUE
8151,2027-05-27 13:30:00,FALSE
9365,2027-07-14 03:00:00,FALSE
2725,2027-08-02 16:15:00,FALSE
8330,2025-02-06 23:15:00,TRUE
9483,2026-12-27 18:30:00,FALSE
9776,2025-12-29 21:30:00,TRUE
354,2026-06-18 03:30:00,FALSE
4710,2027-10-06 22:30:00,FALSE
8957,2027-02-09 13:15:00,FALSE
1376,2027-05-20 01:15:00,FALSE
513,2026-03-09 23:00:00,TRUE
1698,2026-07-05 10:15:00,FALSE
1831,2027-11-14 07:15:00,FALSE
3873,2027-05-09 14:45:00,FALSE
1564,2025-05-30 10:30:00,TRUE
6922,2027-10-20 04:15:00,FALSE
3309,2026-07-16 09:15:00,FALSE
8144,2026-09-23 08:15:00,FALSE
8645,2027-02-16 03:45:00,FALSE
1772,2025-12-02 10:15:00,TRUE
9885,2027-11-16 02:15:00,FALSE
5422,2025-07-08 01:00:00,TRUE
2403,2026-11-26 01:15:00,FALSE
4961,2025-11-24 06:00:00,TRUE
204,2025-02-10 15:45:00,TRUE
1087,2027-06-16 12:30:00,FALSE
4306,2027-09-28 23:15:00,FALSE
5494,2027-07-10 05:15:00,FALSE
4933,2026-09-10 10:45:00,FALSE
1309,2026-05-12 22:45:00,TRUE
1525,2026-12-09 17:15:00,FALSE
9940,2025-02-21 19:45:00,TRUE
8525,2025-03-24 14:00:00,TRUE
8696,2025-10-10 23:30:00,TRUE
2934,2027-03-25 19:00:00,FALSE
6731,2025-12-25 01:45:00,TRUE
9887,2027-04-08 15:30:00,FALSE
6720,2025-07-31 04:45:00,TRUE
955,2027-07-27 00:15:00,FALSE
380,2025-10-29 17:15:00,TRUE
498,2026-07-26 15:00:00,FALSE
6472,2025-11-05 20:45:00,TRUE
8710,2025-09-07 06:30:00,TRUE
2497,2027-12-12 23:45:00,FALSE
6273,2025-06-16 05:30:00,TRUE
6557,2026-11-22 23:30:00,FALSE
6693,2027-07-02 23:15:00,FALSE
1278,2026-09-30 09:45:00,FALSE
2466,2025-02-14 06:30:00,TRUE
946,2027-07-29 12:30:00,FALSE
3330,2026-01-08 03:45:00,TRUE
4250,2027-03-15 12:00:00,FALSE
5951,2027-12-27 11:45:00,FALSE
1253,2026-04-11 10:00:00,TRUE
5297,2027-02-18 09:00:00,FALSE
8643,2025-07-24 16:00:00,TRUE
5514,2027-07-11 04:45:00,FALSE
2414,2026-06-17 21:30:00,FALSE
1987,2025-05-21 00:45:00,TRUE
4950,2026-04-05 09:45:00,TRUE
1863,2027-11-18 07:00:00,FALSE
9443,2025-01-15 17:45:00,TRUE
3066,2026-07-08 19:15:00,FALSE
7454,2026-11-22 16:00:00,FALSE
9075,2026-02-05 13:45:00,TRUE
4337,2027-06-02 17:00:00,FALSE
5397,2025-10-08 14:30:00,TRUE
8374,2025-03-23 13:15:00,TRUE
8973,2026-01-15 06:00:00,TRUE
249,2027-10-16 07:30:00,FALSE
1302,2026-08-02 03:15:00,FALSE
4649,2027-08-27 10:30:00,FALSE
6526,2025-09-02 05:45:00,TRUE
9561,2027-06-28 05:00:00,FALSE
8411,2026-01-15 21:15:00,TRUE
7033,2025-06-05 23:30:00,TRUE
527,2027-11-27 17:45:00,FALSE
6737,2026-01-20 23:00:00,TRUE
5690,2027-09-21 13:00:00,FALSE
9721,2025-05-15 09:30:00,TRUE
3352,2026-12-27 02:15:00,FALSE
7997,2027-06-17 07:30:00,FALSE
5005,2027-05-03 21:45:00,FALSE
8392,2027-08-19 19:30:00,FALSE
891,2025-10-09 12:30:00,TRUE
6791,2027-03-02 05:45:00,FALSE
4337,2027-02-20 22:15:00,FALSE
6817,2025-02-16 11:15:00,TRUE
5978,2025-10-14 18:00:00,TRUE
7917,2026-01-23 11:30:00,TRUE
9978,2027-04-15 04:45:00,FALSE
8316,2025-10-13 23:45:00,TRUE
1831,2025-09-06 23:15:00,TRUE
9272,2027-10-21 12:30:00,FALSE
2756,2025-05-22 23:00:00,TRUE
8364,2026-09-26 22:30:00,FALSE
2021,2026-03-10 01:15:00,TRUE
2369,2027-03-21 13:30:00,FALSE
7341,2027-10-07 22:30:00,FALSE
4894,2027-01-02 02:30:00,FALSE
6535,2027-12-25 19:45:00,FALSE
872,2025-12-15 07:45:00,TRUE
5792,2025-10-01 01:30:00,TRUE
4525,2025-10-12 03:45:00,TRUE
5678,2027-06-12 05:30:00,FALSE
4382,2025-08-31 09:15:00,TRUE
3567,2025-03-01 01:00:00,TRUE
3363,2025-11-30 21:00:00,TRUE
3877,2027-08-29 16:00:00,FALSE
5696,2027-01-18 06:45:00,FALSE
7737,2027-08-18 05:00:00,FALSE
1156,2026-02-03 02:00:00,TRUE
9781,2025-06-19 05:00:00,TRUE
2723,2026-03-27 19:00:00,TRUE
7622,2026-09-30 03:00:00,FALSE
1791,2026-12-15 14:00:00,FALSE
1351,2027-08-01 01:30:00,FALSE
5558,2027-11-29 17:15:00,FALSE
5971,2026-10-25 16:15:00,FALSE
8221,2026-08-30 23:15:00,FALSE
7208,2026-01-26 15:45:00,TRUE
3618,2027-09-13 08:00:00,FALSE
9952,2025-05-04 08:15:00,TRUE
8278,2026-12-31 09:45:00,FALSE
2640,2027-07-12 16:45:00,FALSE
4382,2025-12-30 10:00:00,TRUE
1695,2026-07-22 13:00:00,FALSE
6104,2027-12-19 09:30:00,FALSE
423,2027-09-02 07:00:00,FALSE
6573,2025-06-03 07:45:00,TRUE
7415,2025-03-14 13:45:00,TRUE
5022,2026-03-19 00:15:00,TRUE
6483,2026-09-14 16:30:00,FALSE
7593,2027-01-25 00:30:00,FALSE
7503,2027-04-18 23:15:00,FALSE
3204,2027-12-25 11:30:00,FALSE
1990,2026-03-10 23:00:00,TRUE
6789,2026-09-05 03:45:00,FALSE
6016,2027-11-07 23:30:00,FALSE
6496,2027-03-17 23:30:00,FALSE
2088,2027-03-17 19:30:00,FALSE
4816,2026-03-29 17:30:00,TRUE
7377,2025-07-16 20:00:00,TRUE
6198,2025-04-28 02:45:00,TRUE
763,2027-06-22 10:15:00,FALSE
5439,2026-07-21 15:45:00,FALSE
6329,2025-02-13 15:15:00,TRUE
923,2025-07-31 12:15:00,TRUE
4370,2026-10-27 02:30:00,FALSE
9815,2026-10-07 00:30:00,FALSE
6732,2026-03-16 20:45:00,TRUE
2061,2026-08-26 23:30:00,FALSE
5347,2027-06-18 20:00:00,FALSE
7521,2026-06-03 11:00:00,FALSE
1489,2025-05-08 20:00:00,TRUE
3349,2027-06-24 07:30:00,FALSE
4207,2025-03-10 22:15:00,TRUE
10010,2025-08-07 16:30:00,TRUE
3389,2026-01-14 21:30:00,TRUE
5120,2027-07-07 13:45:00,FALSE
3158,2025-08-15 17:45:00,TRUE
856,2026-07-28 14:00:00,FALSE
1746,2025-11-25 18:15:00,TRUE
6142,2027-02-16 13:30:00,FALSE
4263,2026-09-06 17:30:00,FALSE
776,2026-01-11 20:00:00,TRUE
133,2027-03-12 06:15:00,FALSE
7316,2025-11-29 22:45:00,TRUE
3515,2027-10-09 20:45:00,FALSE
7747,2025-09-10 07:00:00,TRUE
2027,2027-09-24 10:00:00,FALSE
9126,2026-08-03 14:00:00,FALSE
3235,2027-09-16 15:00:00,FALSE
6136,2027-03-17 01:00:00,FALSE
1316,2026-11-03 09:30:00,FALSE
787,2027-03-05 05:30:00,FALSE
9364,2027-05-22 00:15:00,FALSE
3370,2027-08-01 09:30:00,FALSE
8689,2025-08-25 16:00:00,TRUE
4381,2027-02-10 09:30:00,FALSE
9355,2025-12-11 07:45:00,TRUE
2169,2026-05-09 15:15:00,TRUE
1736,2025-03-17 04:15:00,TRUE
6316,2027-09-25 04:45:00,FALSE
1304,2027-05-27 15:45:00,FALSE
7056,2026-10-29 14:15:00,FALSE
5495,2026-07-10 19:30:00,FALSE
5394,2027-01-04 12:00:00,FALSE
6935,2027-10-18 17:15:00,FALSE
9891,2026-07-05 05:15:00,FALSE
3035,2025-10-25 10:30:00,TRUE
8838,2025-10-09 19:15:00,TRUE
7148,2027-10-10 14:30:00,FALSE
6697,2027-08-25 13:30:00,FALSE
2708,2025-12-15 22:00:00,TRUE
5352,2026-12-19 19:45:00,FALSE
6643,2026-07-19 18:30:00,FALSE
9763,2025-05-17 18:30:00,TRUE
1493,2027-05-08 08:45:00,FALSE
7201,2025-08-01 00:45:00,TRUE
5167,2025-08-22 12:45:00,TRUE
1986,2026-10-21 01:45:00,FALSE
1617,2027-09-04 02:45:00,FALSE
9347,2027-10-05 12:45:00,FALSE
8871,2027-10-30 21:45:00,FALSE
9458,2026-01-31 15:45:00,TRUE
4163,2027-02-12 16:00:00,FALSE
424,2027-12-12 03:15:00,FALSE
6916,2027-08-01 02:30:00,FALSE
2989,2027-03-22 10:15:00,FALSE
5287,2026-09-14 13:00:00,FALSE
2698,2026-04-01 07:30:00,TRUE
3626,2026-07-01 15:30:00,FALSE
7386,2027-07-30 04:15:00,FALSE
3242,2025-05-04 07:00:00,TRUE
5223,2025-07-04 04:45:00,TRUE
4552,2026-11-30 16:15:00,FALSE
4996,2026-06-09 08:30:00,FALSE
8916,2027-10-08 10:00:00,FALSE
9181,2025-11-22 08:15:00,TRUE
901,2027-04-29 03:45:00,FALSE
6790,2027-12-10 16:00:00,FALSE
3032,2027-06-18 21:30:00,FALSE
1846,2025-11-30 10:15:00,TRUE
5299,2027-09-28 03:00:00,FALSE
6040,2026-10-20 14:30:00,FALSE
9129,2025-08-14 18:30:00,TRUE
7804,2026-08-20 19:00:00,FALSE
8973,2025-01-05 16:45:00,TRUE
1549,2027-09-13 16:30:00,FALSE
344,2027-05-01 08:15:00,FALSE
610,2025-02-04 20:45:00,TRUE
4752,2027-02-25 04:00:00,FALSE
776,2027-11-12 14:30:00,FALSE
8248,2025-08-27 01:15:00,TRUE
3886,2026-06-23 08:00:00,FALSE
6542,2026-03-21 16:45:00,TRUE
875,2026-11-07 19:15:00,FALSE
5556,2027-01-13 07:00:00,FALSE
8592,2025-07-11 20:30:00,TRUE
4020,2026-10-24 19:00:00,FALSE
1768,2026-09-08 20:00:00,FALSE
2151,2027-01-29 13:15:00,FALSE
4662,2027-09-30 09:45:00,FALSE
672,2025-05-02 23:45:00,TRUE
1810,2026-01-17 22:15:00,TRUE
5933,2025-09-25 11:15:00,TRUE
6119,2026-06-06 16:15:00,FALSE
8905,2027-08-20 03:30:00,FALSE
9031,2027-05-31 07:45:00,FALSE
5776,2025-07-06 13:15:00,TRUE
3137,2027-06-14 02:00:00,FALSE
9812,2026-09-25 15:00:00,FALSE
6267,2027-07-19 04:00:00,FALSE
7645,2026-10-14 02:15:00,FALSE
7756,2027-09-30 12:15:00,FALSE
2389,2026-11-03 18:15:00,FALSE
5996,2027-11-22 04:30:00,FALSE
8251,2027-12-21 04:45:00,FALSE
2862,2025-11-10 20:45:00,TRUE
4388,2025-10-13 16:15:00,TRUE
6233,2026-11-05 19:15:00,FALSE
5422,2025-05-13 02:45:00,TRUE
8607,2026-09-13 19:30:00,FALSE
7583,2025-03-01 07:45:00,TRUE
9854,2025-09-18 16:30:00,TRUE
5709,2025-08-02 13:30:00,TRUE
799,2025-01-22 23:00:00,TRUE
420,2026-06-24 16:00:00,FALSE
2715,2026-11-25 06:15:00,FALSE
944,2027-01-02 07:15:00,FALSE
8330,2027-11-15 10:30:00,FALSE
4832,2026-01-26 01:30:00,TRUE
4587,2025-06-03 08:00:00,TRUE
4794,2025-05-04 09:45:00,TRUE
4561,2025-01-29 01:00:00,TRUE
50,2025-07-08 00:45:00,TRUE
9563,2027-06-27 01:45:00,FALSE
2259,2027-11-25 22:30:00,FALSE
9435,2025-03-15 18:30:00,TRUE
8518,2026-10-19 08:30:00,FALSE
2631,2026-12-31 03:30:00,FALSE
9747,2027-09-18 16:45:00,FALSE
8571,2026-06-12 06:30:00,FALSE
3759,2026-01-26 15:15:00,TRUE
6285,2025-12-21 20:15:00,TRUE
1111,2027-11-05 10:30:00,FALSE
3159,2025-05-21 00:45:00,TRUE
2869,2025-11-02 22:45:00,TRUE
9213,2025-08-08 17:30:00,TRUE
2887,2025-11-08 10:45:00,TRUE
712,2026-08-15 19:45:00,FALSE
3739,2025-07-08 18:15:00,TRUE
9729,2025-06-06 00:00:00,TRUE
4868,2027-11-01 08:45:00,FALSE
9047,2027-11-13 02:00:00,FALSE
1902,2025-12-18 12:15:00,TRUE
6870,2027-05-17 05:30:00,FALSE
3646,2026-07-16 13:15:00,FALSE
5452,2027-11-14 14:15:00,FALSE
2656,2027-06-24 05:30:00,FALSE
6537,2027-08-31 16:45:00,FALSE
5202,2025-08-29 10:30:00,TRUE
1783,2026-07-14 02:45:00,FALSE
1003,2027-03-10 21:45:00,FALSE
6574,2027-11-12 23:00:00,FALSE
2612,2025-07-13 01:30:00,TRUE
175,2025-06-12 13:45:00,TRUE
7428,2027-05-16 06:00:00,FALSE
2451,2025-11-03 00:00:00,TRUE
9226,2025-12-19 16:15:00,TRUE
2260,2025-03-16 14:45:00,TRUE
9067,2027-09-04 21:30:00,FALSE
4434,2026-06-01 05:45:00,FALSE
2143,2026-10-24 03:15:00,FALSE
5602,2025-12-28 17:00:00,TRUE
7232,2026-09-20 23:15:00,FALSE
4665,2025-02-05 22:30:00,TRUE
9343,2027-01-19 02:15:00,FALSE
3215,2025-06-09 16:45:00,TRUE
4637,2026-07-06 06:15:00,FALSE
949,2026-11-21 08:00:00,FALSE
4163,2027-08-26 22:00:00,FALSE
6974,2025-03-03 23:45:00,TRUE
4351,2025-04-04 02:45:00,TRUE
4156,2026-05-18 13:30:00,FALSE
6861,2026-04-18 13:30:00,TRUE
5628,2027-10-08 04:45:00,FALSE
5068,2026-09-21 08:30:00,FALSE
1071,2026-07-02 07:45:00,FALSE
950,2026-05-16 11:30:00,FALSE
8382,2026-11-26 07:45:00,FALSE
9541,2027-07-08 00:00:00,FALSE
1017,2027-12-25 04:45:00,FALSE
3951,2025-06-13 18:15:00,TRUE
7794,2027-03-28 07:45:00,FALSE
6434,2025-05-13 08:00:00,TRUE
6344,2027-01-22 08:00:00,FALSE
8300,2025-10-01 02:30:00,TRUE
8191,2025-09-09 18:00:00,TRUE
7822,2027-09-05 13:30:00,FALSE
1185,2027-12-04 08:15:00,FALSE
8218,2027-01-15 17:00:00,FALSE
8154,2025-09-17 14:15:00,TRUE
1178,2027-02-17 02:15:00,FALSE
3582,2025-04-16 14:30:00,TRUE
3642,2027-12-31 05:15:00,FALSE
6135,2026-11-28 20:45:00,FALSE
8881,2026-09-19 15:15:00,FALSE
8626,2027-06-03 04:45:00,FALSE
665,2026-07-18 04:15:00,FALSE
8880,2027-01-30 02:45:00,FALSE
369,2026-05-12 06:15:00,TRUE
9035,2025-04-22 16:00:00,TRUE
5249,2025-07-30 02:00:00,TRUE
6211,2026-10-01 06:30:00,FALSE
4592,2025-02-21 21:45:00,TRUE
6348,2026-01-27 05:15:00,TRUE
3891,2026-01-03 17:00:00,TRUE
4487,2025-08-30 19:00:00,TRUE
9104,2026-03-14 11:30:00,TRUE
9324,2026-11-08 15:45:00,FALSE
2766,2025-06-13 21:00:00,TRUE
5603,2026-02-13 05:30:00,TRUE
68,2026-11-25 05:30:00,FALSE
1664,2026-10-02 03:30:00,FALSE
3573,2026-04-27 05:15:00,TRUE
2794,2026-11-06 20:00:00,FALSE
7001,2027-01-25 05:00:00,FALSE
4786,2025-01-03 21:00:00,TRUE
6458,2025-05-19 19:45:00,TRUE
1917,2025-03-13 02:00:00,TRUE
572,2025-06-11 04:00:00,TRUE
4628,2027-11-26 10:00:00,FALSE
5693,2026-01-21 03:15:00,TRUE
5417,2027-02-25 16:30:00,FALSE
8745,2025-10-18 02:00:00,TRUE
3137,2025-03-12 04:15:00,TRUE
4671,2027-09-26 16:15:00,FALSE
3060,2027-09-25 16:15:00,FALSE
4225,2026-09-14 05:00:00,FALSE
1797,2027-08-18 10:00:00,FALSE
1467,2027-01-27 03:30:00,FALSE
4808,2025-12-19 09:00:00,TRUE
5039,2025-04-23 19:30:00,TRUE
1493,2025-05-30 21:45:00,TRUE
7692,2026-08-20 22:30:00,FALSE
3244,2025-08-29 13:30:00,TRUE
1824,2027-12-13 15:00:00,FALSE
1634,2026-10-25 05:15:00,FALSE
8600,2026-09-12 11:45:00,FALSE
4149,2025-07-15 05:30:00,TRUE
6199,2027-03-22 05:30:00,FALSE
5526,2026-10-24 13:45:00,FALSE
842,2026-10-16 23:15:00,FALSE
2444,2025-04-25 12:00:00,TRUE
769,2026-04-27 18:45:00,TRUE
8638,2027-04-16 09:15:00,FALSE
1459,2025-10-17 17:45:00,TRUE
411,2027-10-07 17:45:00,FALSE
5265,2027-07-13 12:00:00,FALSE
1979,2026-12-14 23:45:00,FALSE
9258,2026-08-09 00:45:00,FALSE
8318,2026-03-01 03:15:00,TRUE
759,2025-05-02 06:00:00,TRUE
1860,2025-12-30 03:30:00,TRUE
9375,2025-05-24 19:15:00,TRUE
1099,2026-10-13 13:15:00,FALSE
823,2026-12-16 01:15:00,FALSE
6586,2026-09-29 00:45:00,FALSE
8869,2026-06-16 08:30:00,FALSE
8487,2025-12-07 00:45:00,TRUE
9559,2025-01-13 05:00:00,TRUE
2269,2026-05-02 09:15:00,TRUE
5335,2026-10-16 10:45:00,FALSE
1116,2026-03-05 04:15:00,TRUE
1685,2027-04-21 06:45:00,FALSE
1249,2026-03-18 04:45:00,TRUE
7707,2026-09-22 03:15:00,FALSE
2688,2026-11-29 11:45:00,FALSE
9086,2026-08-29 05:15:00,FALSE
4732,2026-09-24 17:00:00,FALSE
5279,2025-03-17 18:15:00,TRUE
9338,2027-01-21 20:00:00,FALSE
2626,2027-05-01 00:15:00,FALSE
7197,2025-04-03 07:45:00,TRUE
9748,2026-08-16 00:30:00,FALSE
7501,2025-10-28 18:30:00,TRUE
4522,2025-07-05 20:45:00,TRUE
1181,2026-12-25 17:30:00,FALSE
4579,2025-11-24 19:00:00,TRUE
2698,2025-10-08 10:45:00,TRUE
1467,2027-12-10 06:00:00,FALSE
2675,2027-06-29 12:15:00,FALSE
8331,2026-04-26 17:45:00,TRUE
9890,2025-01-15 08:45:00,TRUE
1562,2026-12-04 14:45:00,FALSE
6935,2027-02-11 17:15:00,FALSE
2710,2026-01-18 06:45:00,TRUE
1783,2025-02-05 23:45:00,TRUE
5365,2027-10-18 03:15:00,FALSE
7138,2027-09-30 20:15:00,FALSE
4043,2027-11-23 10:45:00,FALSE
7064,2025-01-02 10:30:00,TRUE
2449,2027-10-25 04:15:00,FALSE
5005,2027-09-05 21:00:00,FALSE
9400,2027-02-24 18:45:00,FALSE
9404,2026-12-05 02:15:00,FALSE
9974,2027-09-26 12:00:00,FALSE
3330,2025-05-13 13:45:00,TRUE
1256,2027-01-04 18:45:00,FALSE
4522,2025-06-19 14:00:00,TRUE
4313,2027-11-09 01:45:00,FALSE
6235,2026-11-05 04:45:00,FALSE
681,2026-07-12 00:30:00,FALSE
9517,2025-03-28 10:30:00,TRUE
5630,2025-01-30 09:15:00,TRUE
6286,2027-08-18 23:45:00,FALSE
21,2026-06-04 12:45:00,FALSE
5477,2027-03-03 23:30:00,FALSE
4747,2025-11-10 01:45:00,TRUE
8883,2026-04-07 11:00:00,TRUE
383,2026-03-03 17:15:00,TRUE
9956,2026-05-06 16:00:00,TRUE
2631,2025-06-06 10:00:00,TRUE
3791,2025-05-29 12:45:00,TRUE
4113,2025-05-06 15:45:00,TRUE
2563,2027-01-13 05:15:00,FALSE
8193,2026-07-18 11:15:00,FALSE
2989,2025-09-16 22:00:00,TRUE
2934,2026-01-01 05:45:00,TRUE
9749,2025-03-06 20:15:00,TRUE
4262,2027-10-16 15:45:00,FALSE
7451,2026-04-21 03:15:00,TRUE
4054,2027-03-21 22:15:00,FALSE
6332,2027-02-18 13:00:00,FALSE
4709,2027-06-22 15:45:00,FALSE
3465,2027-12-01 10:15:00,FALSE
3687,2026-05-11 16:45:00,TRUE
3589,2026-04-21 07:00:00,TRUE
8748,2025-04-13 00:00:00,TRUE
5540,2026-04-28 06:45:00,TRUE
3552,2025-10-12 09:15:00,TRUE
5481,2026-03-11 03:45:00,TRUE
1389,2027-06-27 15:30:00,FALSE
9193,2025-02-06 06:15:00,TRUE
490,2027-11-15 19:30:00,FALSE
4790,2026-02-18 15:30:00,TRUE
5123,2026-11-03 02:30:00,FALSE
1188,2026-07-11 09:00:00,FALSE
713,2026-08-06 00:30:00,FALSE
5851,2026-02-27 14:15:00,TRUE
493,2026-06-06 11:00:00,FALSE
5660,2027-03-26 03:15:00,FALSE
7533,2027-08-28 10:30:00,FALSE
740,2027-05-07 09:30:00,FALSE
7019,2027-04-26 05:30:00,FALSE
2884,2027-07-16 03:45:00,FALSE
9825,2025-12-05 03:15:00,TRUE
6542,2025-02-26 22:00:00,TRUE
3499,2027-04-24 02:15:00,FALSE
4226,2025-06-30 10:45:00,TRUE
3527,2027-06-03 21:30:00,FALSE
3095,2026-08-11 13:00:00,FALSE
3850,2026-05-05 04:00:00,TRUE
286,2025-04-02 09:00:00,TRUE
2384,2025-04-04 07:15:00,TRUE
4983,2026-07-08 16:30:00,FALSE
8739,2027-06-26 13:15:00,FALSE
5757,2026-02-14 22:30:00,TRUE
6241,2025-10-11 21:45:00,TRUE
5745,2025-03-18 15:30:00,TRUE
9079,2026-11-18 11:15:00,FALSE
9165,2026-03-06 09:00:00,TRUE
6382,2025-03-16 20:00:00,TRUE
2578,2027-10-17 03:00:00,FALSE
6310,2025-05-21 04:15:00,TRUE
5353,2027-07-18 23:00:00,FALSE
4759,2026-03-20 16:30:00,TRUE
1123,2026-08-21 02:30:00,FALSE
968,2025-07-07 08:45:00,TRUE
6479,2026-08-29 22:45:00,FALSE
9428,2025-04-17 06:15:00,TRUE
2892,2026-04-11 23:15:00,TRUE
6882,2026-02-01 18:15:00,TRUE
8118,2027-01-23 06:00:00,FALSE
7655,2026-11-27 05:45:00,FALSE
3156,2027-06-10 06:30:00,FALSE
3621,2027-04-06 14:30:00,FALSE
8713,2027-10-17 19:15:00,FALSE
7526,2025-12-25 19:45:00,TRUE
4057,2025-12-09 09:00:00,TRUE
7465,2025-06-24 04:30:00,TRUE
9090,2026-02-17 12:15:00,TRUE
8236,2026-12-28 21:15:00,FALSE
5800,2027-09-10 11:30:00,FALSE
5919,2025-01-23 03:00:00,TRUE
3903,2025-03-03 11:45:00,TRUE
1939,2026-09-19 06:00:00,FALSE
7162,2027-04-26 21:00:00,FALSE
3794,2025-06-02 02:15:00,TRUE
3351,2027-12-12 06:00:00,FALSE
4833,2027-05-14 11:15:00,FALSE
7960,2026-04-19 09:30:00,TRUE
1716,2027-12-01 01:00:00,FALSE
4811,2027-11-04 17:30:00,FALSE
4723,2025-01-26 02:15:00,TRUE
9216,2027-01-15 09:00:00,FALSE
123,2026-08-24 21:15:00,FALSE
5863,2025-01-29 17:00:00,TRUE
3230,2027-02-24 00:15:00,FALSE
6454,2025-06-17 16:45:00,TRUE
2836,2026-07-17 13:15:00,FALSE
1285,2025-07-23 18:30:00,TRUE
9303,2027-04-05 09:00:00,FALSE
2413,2027-07-16 06:30:00,FALSE
6280,2027-11-27 23:00:00,FALSE
6995,2027-03-14 19:30:00,FALSE
7545,2027-10-03 19:00:00,FALSE
4964,2026-07-30 10:00:00,FALSE
8760,2025-01-12 17:45:00,TRUE
8354,2026-12-31 10:30:00,FALSE
6445,2027-07-08 17:15:00,FALSE
9080,2026-08-22 07:45:00,FALSE
9492,2027-09-16 22:15:00,FALSE
3143,2027-05-25 13:30:00,FALSE
8692,2027-09-13 08:30:00,FALSE
1291,2027-04-04 04:15:00,FALSE
4631,2026-06-08 16:45:00,FALSE
4414,2025-04-06 20:30:00,TRUE
2193,2026-05-22 09:00:00,FALSE
9472,2026-08-21 06:30:00,FALSE
2166,2027-01-02 18:00:00,FALSE
1105,2027-04-01 08:15:00,FALSE
9721,2027-03-02 04:45:00,FALSE
7463,2025-02-02 13:30:00,TRUE
6450,2026-01-15 07:00:00,TRUE
5758,2027-09-28 09:15:00,FALSE
9939,2026-01-18 23:30:00,TRUE
3650,2027-02-17 03:45:00,FALSE
6279,2026-08-31 10:15:00,FALSE
6976,2025-03-31 04:30:00,TRUE
8487,2025-08-06 13:30:00,TRUE
2928,2025-04-21 07:15:00,TRUE
3486,2026-11-10 10:45:00,FALSE
5156,2027-11-03 12:30:00,FALSE
9348,2027-08-10 12:45:00,FALSE
3283,2026-03-19 14:45:00,TRUE
5990,2027-07-08 20:15:00,FALSE
8865,2025-04-28 15:00:00,TRUE
409,2027-04-29 04:15:00,FALSE
4527,2027-03-08 08:15:00,FALSE
8415,2026-11-13 03:15:00,FALSE
7255,2027-03-18 19:45:00,FALSE
4732,2026-07-16 11:30:00,FALSE
6780,2027-10-12 10:15:00,FALSE
7581,2026-08-03 04:00:00,FALSE
5971,2027-04-20 13:45:00,FALSE
1129,2025-08-22 14:00:00,TRUE
5333,2027-04-05 10:30:00,FALSE
9243,2025-08-11 19:30:00,TRUE
4078,2027-05-17 15:15:00,FALSE
3452,2027-01-25 15:15:00,FALSE
2237,2026-08-21 23:45:00,FALSE
6932,2025-02-18 04:00:00,TRUE
8160,2027-04-02 02:45:00,FALSE
2952,2026-03-22 12:00:00,TRUE
439,2025-03-08 00:15:00,TRUE
4058,2025-11-01 13:45:00,TRUE
7876,2027-11-23 11:30:00,FALSE
3517,2026-06-09 12:15:00,FALSE
8476,2027-04-18 01:00:00,FALSE
2495,2027-01-01 02:15:00,FALSE
5577,2027-12-01 23:30:00,FALSE
7916,2026-08-05 07:00:00,FALSE
3499,2027-09-08 23:45:00,FALSE
7920,2026-04-28 03:30:00,TRUE
4136,2025-02-25 20:00:00,TRUE
6124,2025-12-07 13:30:00,TRUE
183,2027-12-19 13:30:00,FALSE
9492,2027-09-17 14:00:00,FALSE
5793,2025-04-22 00:00:00,TRUE
9087,2027-02-03 07:15:00,FALSE
9910,2026-11-05 21:00:00,FALSE
8864,2027-10-07 10:15:00,FALSE
8633,2027-01-07 05:30:00,FALSE
4785,2025-06-08 20:30:00,TRUE
9693,2026-02-15 16:45:00,TRUE
9622,2026-01-17 12:45:00,TRUE
9749,2027-10-05 17:30:00,FALSE
7383,2027-01-02 09:00:00,FALSE
741,2026-07-19 07:30:00,FALSE
1398,2025-04-16 20:15:00,TRUE
2288,2027-02-15 19:00:00,FALSE
4992,2025-07-18 14:00:00,TRUE
5352,2026-05-31 06:30:00,FALSE
6964,2025-07-15 23:30:00,TRUE
6555,2025-12-29 08:45:00,TRUE
6556,2026-01-03 16:30:00,TRUE
1672,2025-09-27 07:15:00,TRUE
7152,2025-08-24 10:30:00,TRUE
5048,2026-05-12 13:00:00,TRUE
1178,2025-11-12 00:30:00,TRUE
6782,2025-04-12 14:45:00,TRUE
7820,2026-09-21 15:30:00,FALSE
2224,2027-12-20 02:30:00,FALSE
5350,2026-03-16 21:15:00,TRUE
1228,2025-02-11 21:45:00,TRUE
1351,2027-11-21 22:15:00,FALSE
4300,2025-12-19 08:15:00,TRUE
164,2025-04-10 00:00:00,TRUE
5792,2027-04-03 20:15:00,FALSE
1286,2026-03-13 20:45:00,TRUE
1605,2025-11-07 14:45:00,TRUE
4008,2027-09-24 23:45:00,FALSE
2899,2027-03-02 14:15:00,FALSE
2722,2026-01-26 12:00:00,TRUE
7135,2025-06-03 20:30:00,TRUE
5315,2027-09-22 16:30:00,FALSE
3056,2027-05-29 12:30:00,FALSE
6526,2026-11-16 22:00:00,FALSE
542,2025-02-05 07:15:00,TRUE
9456,2026-07-07 11:15:00,FALSE
1216,2026-01-09 20:30:00,TRUE
8008,2027-07-20 12:45:00,FALSE
847,2025-10-01 08:45:00,TRUE
6219,2026-01-02 08:30:00,TRUE
5607,2027-07-21 12:30:00,FALSE
9644,2026-10-02 11:00:00,FALSE
3160,2026-11-15 16:45:00,FALSE
4438,2027-07-27 19:45:00,FALSE
7147,2026-02-05 13:30:00,TRUE
819,2025-02-16 04:00:00,TRUE
6315,2027-06-01 11:45:00,FALSE
5766,2026-04-08 15:00:00,TRUE
8889,2026-05-11 18:00:00,TRUE
3970,2025-12-30 20:00:00,TRUE
51,2026-01-15 12:15:00,TRUE
9388,2026-02-28 02:15:00,TRUE
5962,2027-12-18 06:00:00,FALSE
9626,2027-12-12 07:30:00,FALSE
8707,2025-11-23 05:30:00,TRUE
4979,2026-04-05 16:00:00,TRUE
8839,2027-08-01 23:15:00,FALSE
3210,2026-01-05 19:15:00,TRUE
7661,2025-04-27 02:30:00,TRUE
5101,2025-06-17 18:00:00,TRUE
8331,2026-07-25 14:45:00,FALSE
3620,2025-05-22 22:45:00,TRUE
2207,2026-03-11 14:15:00,TRUE
8964,2026-11-03 21:30:00,FALSE
9344,2026-06-22 20:30:00,FALSE
8232,2027-01-19 11:45:00,FALSE
6352,2027-11-04 22:00:00,FALSE
6579,2027-09-18 02:45:00,FALSE
1611,2026-06-30 11:45:00,FALSE
5272,2025-02-12 02:30:00,TRUE
7757,2027-07-19 21:00:00,FALSE
4050,2026-10-02 02:30:00,FALSE
1189,2026-10-16 10:00:00,FALSE
9497,2027-06-01 11:45:00,FALSE
8198,2027-02-05 13:15:00,FALSE
4574,2027-08-28 19:15:00,FALSE
7892,2026-09-29 17:45:00,FALSE
1054,2026-12-29 19:30:00,FALSE
2898,2026-01-10 07:00:00,TRUE
704,2025-05-15 11:00:00,TRUE
8198,2027-01-27 08:30:00,FALSE
7761,2027-10-10 01:15:00,FALSE
9539,2026-07-18 00:00:00,FALSE
2391,2025-10-07 23:15:00,TRUE
4259,2025-01-01 12:00:00,TRUE
7072,2026-09-12 13:00:00,FALSE
9578,2026-02-20 00:15:00,TRUE
6532,2026-12-20 15:15:00,FALSE
146,2027-05-19 21:30:00,FALSE
750,2025-07-26 17:30:00,TRUE
8277,2025-07-30 19:45:00,TRUE
7572,2026-01-24 14:15:00,TRUE
1798,2026-05-03 19:00:00,TRUE
1960,2025-09-28 03:30:00,TRUE
4955,2025-07-13 04:45:00,TRUE
8396,2026-09-16 20:45:00,FALSE
9839,2027-03-02 11:30:00,FALSE
6728,2027-03-11 18:15:00,FALSE
4154,2027-10-27 18:30:00,FALSE
6706,2026-04-11 15:45:00,TRUE
6540,2026-04-23 13:30:00,TRUE
1060,2027-12-02 10:45:00,FALSE
7713,2027-08-22 02:30:00,FALSE
7631,2027-02-10 03:00:00,FALSE
3118,2027-12-15 17:15:00,FALSE
2144,2026-06-07 18:45:00,FALSE
6623,2026-01-07 02:00:00,TRUE
6909,2025-04-26 09:45:00,TRUE
9656,2025-05-19 06:15:00,TRUE
2258,2026-07-21 18:15:00,FALSE
3396,2027-09-13 13:00:00,FALSE
9192,2026-08-08 15:15:00,FALSE
9248,2027-11-24 19:30:00,FALSE
7061,2027-12-25 06:00:00,FALSE
6319,2025-12-30 22:00:00,TRUE
320,2026-05-07 23:00:00,TRUE
3685,2025-03-15 16:30:00,TRUE
1681,2025-09-15 07:00:00,TRUE
524,2025-04-07 22:30:00,TRUE
4263,2025-04-07 22:00:00,TRUE
1587,2025-12-26 23:45:00,TRUE
7893,2025-05-02 02:30:00,TRUE
2445,2025-08-03 12:15:00,TRUE
5183,2027-11-21 16:15:00,FALSE
6191,2025-10-11 07:45:00,TRUE
616,2027-11-28 09:15:00,FALSE
6429,2025-06-22 10:30:00,TRUE
2513,2026-07-18 05:30:00,FALSE
4359,2027-12-03 13:00:00,FALSE
540,2025-07-27 00:15:00,TRUE
8261,2025-04-19 06:15:00,TRUE
6744,2027-08-29 20:30:00,FALSE
4926,2027-05-20 19:00:00,FALSE
6927,2026-03-11 12:15:00,TRUE
5160,2025-01-28 09:45:00,TRUE
9662,2025-12-11 00:30:00,TRUE
9733,2026-12-23 01:15:00,FALSE
841,2025-12-28 09:15:00,TRUE
4704,2027-06-01 16:30:00,FALSE
479,2025-08-30 20:45:00,TRUE
8439,2027-06-18 23:15:00,FALSE
1220,2027-11-22 08:00:00,FALSE
5186,2027-06-30 18:30:00,FALSE
2588,2027-01-21 17:30:00,FALSE
6624,2026-03-29 01:30:00,TRUE
4745,2027-10-07 10:30:00,FALSE
2341,2027-12-18 01:45:00,FALSE
4548,2026-11-11 00:15:00,FALSE
3288,2027-10-30 13:15:00,FALSE
9898,2025-10-10 11:45:00,TRUE
1122,2027-04-29 20:30:00,FALSE
7313,2027-06-16 03:30:00,FALSE
1429,2027-01-28 20:30:00,FALSE
1376,2025-07-18 18:15:00,TRUE
8803,2025-04-14 18:45:00,TRUE
2180,2025-05-24 18:30:00,TRUE
4744,2027-03-28 19:00:00,FALSE
2824,2025-11-17 20:30:00,TRUE
8223,2026-04-05 18:15:00,TRUE
2630,2026-04-10 21:00:00,TRUE
4598,2026-06-29 14:00:00,FALSE
7618,2025-12-19 11:15:00,TRUE
172,2027-09-28 03:15:00,FALSE
1475,2027-06-24 07:30:00,FALSE
8929,2026-11-22 10:45:00,FALSE
9725,2027-04-10 07:45:00,FALSE
1787,2027-02-10 21:30:00,FALSE
9763,2025-11-30 10:45:00,TRUE
4439,2025-09-03 01:00:00,TRUE
1032,2027-10-12 22:00:00,FALSE
3074,2025-08-30 21:45:00,TRUE
8429,2026-10-13 22:00:00,FALSE
3391,2027-03-10 19:15:00,FALSE
9013,2026-08-07 06:45:00,FALSE
4133,2025-03-16 15:00:00,TRUE
6542,2025-02-20 10:00:00,TRUE
1380,2027-05-09 00:00:00,FALSE
5185,2025-04-18 15:45:00,TRUE
3824,2026-11-15 21:45:00,FALSE
6048,2027-06-10 19:00:00,FALSE
9808,2025-09-06 08:00:00,TRUE
1112,2027-05-11 17:00:00,FALSE
429,2026-01-18 05:30:00,TRUE
489,2026-04-19 15:00:00,TRUE
196,2026-07-03 11:30:00,FALSE
6779,2026-03-23 13:15:00,TRUE
3939,2025-12-22 21:15:00,TRUE
9110,2026-11-05 10:15:00,FALSE
5901,2025-04-11 18:30:00,TRUE
6073,2025-02-07 06:30:00,TRUE
1007,2027-09-03 03:15:00,FALSE
6698,2026-01-10 16:00:00,TRUE
7136,2026-12-10 21:15:00,FALSE
5074,2026-08-09 07:45:00,FALSE
2180,2026-04-29 19:15:00,TRUE
5909,2025-02-25 01:00:00,TRUE
7942,2027-11-26 15:00:00,FALSE
43,2026-08-15 08:00:00,FALSE
510,2025-12-04 07:45:00,TRUE
387,2027-02-16 14:00:00,FALSE
9533,2025-05-26 21:00:00,TRUE
5938,2026-07-01 21:45:00,FALSE
7574,2027-03-30 19:45:00,FALSE
6479,2025-04-04 23:45:00,TRUE
6025,2025-09-15 21:15:00,TRUE
5922,2027-01-07 10:30:00,FALSE
2406,2027-01-07 16:15:00,FALSE
2108,2027-01-04 20:45:00,FALSE
7865,2027-04-24 21:45:00,FALSE
7900,2025-05-25 23:15:00,TRUE
7942,2026-03-14 18:00:00,TRUE
4340,2026-08-22 13:30:00,FALSE
4455,2026-04-03 20:30:00,TRUE
3741,2027-10-11 19:30:00,FALSE
371,2026-09-22 18:15:00,FALSE
3221,2027-11-29 20:45:00,FALSE
2744,2025-08-08 12:45:00,TRUE
6574,2025-01-09 07:30:00,TRUE
4424,2026-02-18 18:00:00,TRUE
4144,2026-09-06 12:30:00,FALSE
4614,2027-09-15 23:00:00,FALSE
1981,2026-02-15 11:30:00,TRUE
9289,2025-06-12 08:45:00,TRUE
156,2027-07-02 13:30:00,FALSE
3560,2026-05-26 08:00:00,FALSE
3415,2025-11-11 18:30:00,TRUE
852,2026-12-11 22:00:00,FALSE
3120,2026-06-16 19:45:00,FALSE
1805,2025-08-16 17:00:00,TRUE
7864,2026-04-04 23:00:00,TRUE
860,2026-12-25 14:30:00,FALSE
4248,2027-01-05 12:15:00,FALSE
9013,2025-10-25 14:00:00,TRUE
8661,2025-08-18 22:15:00,TRUE
1592,2026-11-25 07:45:00,FALSE
5212,2027-07-16 15:00:00,FALSE
8735,2027-11-04 21:00:00,FALSE
5773,2026-10-16 18:00:00,FALSE
9741,2027-10-20 15:00:00,FALSE
8332,2025-03-27 13:30:00,TRUE
5901,2027-07-19 11:00:00,FALSE
5266,2027-06-24 09:15:00,FALSE
3891,2025-12-12 05:30:00,TRUE
4381,2026-12-14 13:45:00,FALSE
2883,2025-04-05 19:15:00,TRUE
7776,2026-07-19 04:30:00,FALSE
1303,2027-08-28 16:30:00,FALSE
29,2025-05-07 00:00:00,TRUE
545,2025-05-13 17:15:00,TRUE
9608,2025-09-05 02:30:00,TRUE
5543,2025-08-28 23:00:00,TRUE
946,2025-03-19 17:45:00,TRUE
1909,2027-12-16 02:15:00,FALSE
2023,2025-11-08 22:15:00,TRUE
2516,2025-09-24 01:15:00,TRUE
8959,2026-08-17 09:30:00,FALSE
5903,2026-11-07 09:30:00,FALSE
9139,2025-06-08 11:45:00,TRUE
7894,2027-02-23 09:00:00,FALSE
8747,2025-06-09 15:45:00,TRUE
5659,2026-02-24 04:30:00,TRUE
7560,2025-05-04 18:30:00,TRUE
6914,2026-04-29 22:45:00,TRUE
9365,2026-04-10 23:00:00,TRUE
5549,2026-01-06 08:00:00,TRUE
4714,2025-11-13 01:30:00,TRUE
8388,2027-01-24 18:30:00,FALSE
1739,2027-06-25 05:30:00,FALSE
7620,2027-12-29 23:45:00,FALSE
6233,2027-01-22 04:00:00,FALSE
8251,2025-10-11 10:30:00,TRUE
992,2025-08-14 09:30:00,TRUE
4481,2027-12-27 11:30:00,FALSE
8947,2025-10-24 22:00:00,TRUE
4140,2025-02-14 01:15:00,TRUE
8833,2026-01-01 06:45:00,TRUE
7498,2027-09-30 13:45:00,FALSE
5113,2025-04-24 21:15:00,TRUE
7316,2027-06-24 05:00:00,FALSE
7635,2026-07-28 14:00:00,FALSE
7321,2027-07-25 03:45:00,FALSE
7828,2026-04-30 17:15:00,TRUE
1504,2026-08-28 08:00:00,FALSE
7461,2027-07-26 05:15:00,FALSE
8435,2027-02-08 12:15:00,FALSE
6295,2027-11-16 08:45:00,FALSE
5801,2025-06-18 02:30:00,TRUE
7863,2026-07-21 03:45:00,FALSE
3196,2025-11-29 10:00:00,TRUE
8242,2027-11-25 02:15:00,FALSE
1354,2027-03-18 13:45:00,FALSE
4343,2026-11-03 06:00:00,FALSE
2055,2025-09-03 04:15:00,TRUE
1478,2027-08-30 00:30:00,FALSE
7797,2027-11-24 14:00:00,FALSE
8720,2027-04-09 07:00:00,FALSE
9204,2027-10-23 13:00:00,FALSE
9411,2026-12-15 20:45:00,FALSE
7357,2025-04-10 05:00:00,TRUE
3139,2027-11-15 09:00:00,FALSE
9399,2025-11-08 05:45:00,TRUE
3937,2027-11-19 15:45:00,FALSE
9873,2027-01-02 04:15:00,FALSE
4103,2027-11-17 11:15:00,FALSE
945,2027-05-06 07:00:00,FALSE
9385,2026-06-29 07:00:00,FALSE
7065,2027-04-22 04:45:00,FALSE
6320,2026-05-03 10:15:00,TRUE
8028,2025-05-06 16:30:00,TRUE
8308,2026-02-13 16:30:00,TRUE
3881,2027-03-28 12:00:00,FALSE
8756,2025-10-30 06:30:00,TRUE
6914,2026-11-15 17:15:00,FALSE
1471,2027-05-22 15:45:00,FALSE
6380,2027-10-19 08:15:00,FALSE
4741,2026-03-12 02:30:00,TRUE
921,2025-12-29 00:45:00,TRUE
3715,2027-09-18 11:15:00,FALSE
3662,2026-03-23 20:45:00,TRUE
1486,2025-05-17 17:30:00,TRUE
313,2026-09-07 05:45:00,FALSE
7478,2027-11-06 12:30:00,FALSE
5258,2025-06-03 00:00:00,TRUE
277,2027-10-30 18:15:00,FALSE
7922,2026-05-17 18:00:00,FALSE
2734,2026-11-13 16:30:00,FALSE
3705,2025-01-15 23:30:00,TRUE
9713,2026-02-16 06:15:00,TRUE
6445,2026-12-28 13:00:00,FALSE
8237,2027-05-12 12:00:00,FALSE
1253,2025-12-17 14:15:00,TRUE
2020,2026-12-09 13:00:00,FALSE
1469,2025-06-15 22:15:00,TRUE
1638,2027-09-26 02:30:00,FALSE
8512,2026-11-13 16:15:00,FALSE
4667,2026-06-02 23:45:00,FALSE
4681,2027-05-18 06:30:00,FALSE
9593,2026-06-21 18:45:00,FALSE
1317,2025-06-01 10:15:00,TRUE
5471,2026-09-26 16:00:00,FALSE
3734,2026-12-06 02:45:00,FALSE
4643,2027-10-07 05:00:00,FALSE
3491,2026-12-30 01:30:00,FALSE
5695,2025-09-30 11:00:00,TRUE
117,2025-11-14 17:45:00,TRUE
1953,2026-10-08 08:30:00,FALSE
131,2025-07-06 20:30:00,TRUE
9235,2027-08-31 20:15:00,FALSE
4859,2026-12-21 21:30:00,FALSE
1444,2025-01-24 22:30:00,TRUE
6825,2027-02-21 17:30:00,FALSE
1352,2027-09-11 19:15:00,FALSE
6302,2027-07-05 00:45:00,FALSE
6587,2026-01-13 08:30:00,TRUE
8533,2027-01-20 13:45:00,FALSE
1398,2027-08-13 21:45:00,FALSE
2324,2027-04-22 08:45:00,FALSE
3629,2025-12-06 16:15:00,TRUE
2610,2026-06-11 09:30:00,FALSE
4352,2027-01-10 04:30:00,FALSE
5749,2025-11-25 20:00:00,TRUE
4123,2026-04-15 12:45:00,TRUE
1727,2025-10-02 06:00:00,TRUE
7087,2027-07-23 16:15:00,FALSE
3136,2025-01-31 12:00:00,TRUE
2430,2025-03-16 14:00:00,TRUE
8667,2027-02-07 00:00:00,FALSE
9420,2026-03-11 07:45:00,TRUE
4299,2026-07-24 09:45:00,FALSE
9886,2027-08-26 20:45:00,FALSE
5067,2027-11-12 01:30:00,FALSE
2891,2026-06-28 17:00:00,FALSE
7726,2027-01-14 16:15:00,FALSE
5385,2027-12-26 09:00:00,FALSE
4050,2027-01-04 23:45:00,FALSE
9775,2025-05-24 16:15:00,TRUE
2492,2026-12-06 03:15:00,FALSE
4359,2026-04-24 11:45:00,TRUE
8231,2026-03-16 05:30:00,TRUE
3869,2027-09-29 12:30:00,FALSE
2975,2026-06-27 11:15:00,FALSE
425,2026-11-08 22:45:00,FALSE
1797,2027-07-05 02:00:00,FALSE
873,2026-03-20 07:00:00,TRUE
8914,2026-02-22 21:45:00,TRUE
9647,2027-09-06 06:00:00,FALSE
981,2027-10-30 08:00:00,FALSE
2919,2026-05-20 10:15:00,FALSE
9275,2026-11-24 12:00:00,FALSE
4565,2027-07-18 13:15:00,FALSE
5429,2027-08-03 15:30:00,FALSE
7974,2026-01-10 02:00:00,TRUE
1950,2027-09-14 16:30:00,FALSE
4353,2025-12-17 08:30:00,TRUE
3218,2025-04-24 16:15:00,TRUE
2516,2025-01-27 11:30:00,TRUE
946,2025-02-13 14:15:00,TRUE
6714,2025-11-27 21:45:00,TRUE
8783,2026-05-20 16:45:00,FALSE
4295,2027-11-01 16:15:00,FALSE
3380,2026-03-25 09:15:00,TRUE
933,2025-05-23 01:45:00,TRUE
6191,2026-07-30 03:30:00,FALSE
8484,2025-05-04 09:15:00,TRUE
886,2025-03-07 23:30:00,TRUE
3968,2025-01-26 07:15:00,TRUE
701,2025-05-07 20:15:00,TRUE
6193,2026-02-11 19:45:00,TRUE
1034,2025-07-09 01:15:00,TRUE
2605,2027-11-17 10:00:00,FALSE
1943,2026-11-05 22:00:00,FALSE
7964,2026-01-30 20:45:00,TRUE
1304,2027-12-07 17:00:00,FALSE
2278,2025-10-22 18:45:00,TRUE
8987,2027-10-10 05:30:00,FALSE
1637,2025-07-28 04:15:00,TRUE
7397,2026-09-17 23:30:00,FALSE
6793,2027-02-22 07:00:00,FALSE
7425,2027-06-17 11:15:00,FALSE
5637,2027-04-01 05:30:00,FALSE
1379,2027-05-15 03:00:00,FALSE
6087,2026-08-24 14:30:00,FALSE
4676,2027-01-16 22:15:00,FALSE
7554,2025-04-16 14:45:00,TRUE
3119,2027-01-27 21:45:00,FALSE
3762,2025-07-29 11:30:00,TRUE
547,2025-01-15 10:00:00,TRUE
3778,2027-06-30 22:15:00,FALSE
9048,2027-03-18 05:00:00,FALSE
2829,2025-12-20 20:30:00,TRUE
4636,2026-08-02 01:45:00,FALSE
5232,2027-10-06 23:15:00,FALSE
8878,2025-05-14 07:00:00,TRUE
4095,2025-04-08 01:15:00,TRUE
6785,2025-09-24 13:00:00,TRUE
5267,2026-01-15 02:45:00,TRUE
7090,2026-12-27 11:45:00,FALSE
8219,2026-12-24 19:45:00,FALSE
7436,2027-11-08 04:15:00,FALSE
4203,2026-03-10 01:45:00,TRUE
2160,2027-11-28 16:00:00,FALSE
184,2026-08-31 14:15:00,FALSE
9985,2025-12-28 20:45:00,TRUE
63,2026-03-23 05:00:00,TRUE
4800,2025-11-11 17:30:00,TRUE
3218,2025-01-25 09:00:00,TRUE
6649,2027-01-03 09:00:00,FALSE
3958,2026-09-22 23:45:00,FALSE
7341,2026-10-22 01:00:00,FALSE
6384,2025-12-16 18:00:00,TRUE
9384,2026-10-16 02:15:00,FALSE
7154,2026-11-20 14:45:00,FALSE
9267,2025-08-19 19:15:00,TRUE
931,2026-12-19 01:45:00,FALSE
2145,2027-11-14 04:00:00,FALSE
3520,2027-06-23 16:45:00,FALSE
5738,2025-03-29 03:15:00,TRUE
8998,2026-09-21 09:30:00,FALSE
5729,2026-12-20 13:30:00,FALSE
8551,2027-03-09 01:30:00,FALSE
9178,2027-05-22 13:15:00,FALSE
8475,2025-07-28 19:30:00,TRUE
7866,2027-09-07 11:15:00,FALSE
3030,2026-04-23 12:45:00,TRUE
9195,2027-05-06 01:30:00,FALSE
2838,2027-05-09 11:30:00,FALSE
6744,2025-09-05 19:45:00,TRUE
9765,2025-12-20 22:15:00,TRUE
616,2027-03-23 11:15:00,FALSE
2749,2027-04-05 11:30:00,FALSE
9375,2027-02-03 20:30:00,FALSE
135,2026-08-18 19:15:00,FALSE
6022,2025-04-21 07:00:00,TRUE
4006,2027-06-14 07:45:00,FALSE
7352,2025-03-26 05:15:00,TRUE
4187,2027-04-17 16:30:00,FALSE
409,2026-06-24 00:30:00,FALSE
188,2026-03-23 07:00:00,TRUE
531,2027-09-04 00:15:00,FALSE
3832,2027-10-30 20:45:00,FALSE
1192,2025-04-29 13:15:00,TRUE
7483,2025-01-16 04:00:00,TRUE
1434,2027-04-28 09:30:00,FALSE
1778,2025-01-10 08:45:00,TRUE
8196,2027-04-15 15:15:00,FALSE
4166,2026-08-02 23:30:00,FALSE
4618,2027-11-15 18:30:00,FALSE
6436,2025-01-20 12:45:00,TRUE
9144,2025-05-05 23:00:00,TRUE
3372,2026-07-20 22:45:00,FALSE
8048,2026-12-14 03:00:00,FALSE
9036,2027-12-07 04:45:00,FALSE
4081,2026-01-22 11:00:00,TRUE
5220,2027-08-14 17:30:00,FALSE
4430,2026-05-05 20:15:00,TRUE
9086,2026-05-29 00:15:00,FALSE
9112,2027-12-24 11:15:00,FALSE
4091,2027-09-27 03:30:00,FALSE
9681,2026-05-02 11:45:00,TRUE
9766,2026-05-12 01:30:00,TRUE
4201,2026-07-26 03:45:00,FALSE
5402,2026-09-21 08:45:00,FALSE
201,2027-02-01 03:45:00,FALSE
3741,2027-05-15 14:30:00,FALSE
4612,2027-06-09 14:00:00,FALSE
7064,2027-02-14 23:45:00,FALSE
7973,2027-07-22 22:45:00,FALSE
3284,2025-11-05 21:30:00,TRUE
2900,2025-08-14 10:30:00,TRUE
1331,2025-04-27 16:45:00,TRUE
1278,2025-07-05 06:45:00,TRUE
1383,2025-04-12 11:30:00,TRUE
6369,2026-01-17 05:15:00,TRUE
186,2025-08-11 06:15:00,TRUE
6307,2026-03-20 14:45:00,TRUE
7489,2026-04-28 23:30:00,TRUE
6742,2025-01-23 21:45:00,TRUE
7564,2026-08-18 19:30:00,FALSE
9372,2026-08-22 11:15:00,FALSE
4222,2025-03-19 16:30:00,TRUE
5118,2026-06-05 23:45:00,FALSE
1344,2025-05-07 12:30:00,TRUE
8248,2027-08-25 06:45:00,FALSE
71,2026-03-16 13:00:00,TRUE
5593,2027-11-14 11:15:00,FALSE
3549,2025-09-29 07:00:00,TRUE
1846,2026-05-23 09:15:00,FALSE
9543,2026-12-13 00:45:00,FALSE
383,2026-04-29 18:30:00,TRUE
837,2025-10-19 17:00:00,TRUE
6117,2026-03-23 16:15:00,TRUE
7656,2025-10-07 22:15:00,TRUE
6605,2025-03-23 02:45:00,TRUE
7218,2027-07-31 03:45:00,FALSE
3838,2025-11-20 08:15:00,TRUE
7411,2025-10-29 09:45:00,TRUE
1298,2027-08-18 13:45:00,FALSE
9685,2027-04-11 23:00:00,FALSE
7884,2027-10-15 15:30:00,FALSE
3225,2027-02-24 01:00:00,FALSE
5811,2027-08-05 09:15:00,FALSE
494,2025-07-23 03:15:00,TRUE
717,2026-06-29 02:45:00,FALSE
9340,2027-09-30 21:15:00,FALSE
8583,2027-08-18 05:15:00,FALSE
8470,2025-03-22 12:00:00,TRUE
8819,2026-08-23 14:30:00,FALSE
2770,2027-05-29 05:15:00,FALSE
7746,2027-05-09 10:45:00,FALSE
4960,2027-09-17 01:30:00,FALSE
9938,2026-11-23 13:00:00,FALSE
8253,2026-12-14 16:15:00,FALSE
3931,2025-09-09 21:00:00,TRUE
5684,2027-05-31 07:45:00,FALSE
897,2027-07-10 15:15:00,FALSE
7881,2026-03-11 02:30:00,TRUE
9851,2027-08-08 00:15:00,FALSE
7492,2027-09-19 10:15:00,FALSE
7357,2027-12-18 10:15:00,FALSE
2363,2027-09-12 13:00:00,FALSE
184,2026-11-27 02:15:00,FALSE
7914,2027-03-03 20:30:00,FALSE
7603,2025-07-11 17:30:00,TRUE
1207,2025-09-19 13:30:00,TRUE
3796,2025-08-28 03:30:00,TRUE
9076,2026-12-14 06:15:00,FALSE
2136,2027-02-08 10:00:00,FALSE
6858,2025-10-01 11:30:00,TRUE
1133,2027-01-08 17:45:00,FALSE
9532,2026-08-28 16:30:00,FALSE
6902,2027-07-15 09:15:00,FALSE
8661,2027-12-13 03:45:00,FALSE
924,2027-12-06 21:15:00,FALSE
3952,2026-01-03 05:45:00,TRUE
9277,2026-05-06 05:15:00,TRUE
7904,2026-06-15 17:15:00,FALSE
1408,2027-10-28 21:15:00,FALSE
5936,2027-07-20 05:45:00,FALSE
2059,2025-09-09 18:45:00,TRUE
9720,2027-06-15 17:15:00,FALSE
9019,2026-12-02 10:45:00,FALSE
4259,2027-02-28 06:30:00,FALSE
8314,2026-12-25 02:30:00,FALSE
6895,2025-08-12 10:00:00,TRUE
396,2026-03-09 10:15:00,TRUE
9820,2027-10-10 01:30:00,FALSE
4789,2026-10-28 16:30:00,FALSE
2113,2027-03-06 20:15:00,FALSE
9766,2026-01-21 03:30:00,TRUE
9058,2026-12-03 09:00:00,FALSE
4181,2027-10-12 19:45:00,FALSE
9044,2027-10-19 11:30:00,FALSE
4914,2025-05-10 05:00:00,TRUE
5158,2025-10-02 05:00:00,TRUE
5432,2026-10-18 14:45:00,FALSE
4900,2027-06-14 17:45:00,FALSE
1232,2026-09-23 18:00:00,FALSE
4014,2026-05-26 13:45:00,FALSE
9376,2026-01-18 08:00:00,TRUE
7863,2026-07-02 01:45:00,FALSE
6943,2027-05-28 16:00:00,FALSE
1303,2025-04-22 22:30:00,TRUE
6647,2027-11-18 09:45:00,FALSE
4125,2026-11-10 20:45:00,FALSE
3136,2027-06-17 11:00:00,FALSE
9783,2026-08-30 15:30:00,FALSE
8641,2027-12-26 00:45:00,FALSE
1358,2027-12-31 04:45:00,FALSE
4702,2026-07-08 19:30:00,FALSE
8047,2027-07-24 21:00:00,FALSE
1698,2027-04-01 23:15:00,FALSE
827,2027-03-26 05:30:00,FALSE
7176,2025-01-02 11:45:00,TRUE
353,2025-05-17 06:45:00,TRUE
5266,2026-03-29 05:00:00,TRUE
2417,2027-08-22 15:15:00,FALSE
7360,2026-02-03 04:45:00,TRUE
3948,2026-05-07 04:30:00,TRUE
4506,2025-10-29 17:45:00,TRUE
3519,2026-10-17 15:30:00,FALSE
4329,2027-05-21 04:30:00,FALSE
341,2026-03-30 07:45:00,TRUE
2403,2025-08-15 10:30:00,TRUE
5265,2026-05-19 03:45:00,FALSE
9861,2026-09-22 06:00:00,FALSE
9885,2025-03-10 10:15:00,TRUE
1413,2026-06-17 11:45:00,FALSE
8820,2026-06-19 19:00:00,FALSE
5187,2025-05-31 20:45:00,TRUE
1598,2027-12-04 08:30:00,FALSE
5347,2025-02-16 00:45:00,TRUE
6397,2027-08-25 16:15:00,FALSE
94,2026-07-16 10:00:00,FALSE
9285,2026-09-24 13:15:00,FALSE
3274,2026-09-15 07:45:00,FALSE
9456,2027-09-21 12:15:00,FALSE
5255,2026-01-05 00:45:00,TRUE
9932,2027-01-22 19:30:00,FALSE
4050,2025-05-14 23:45:00,TRUE
2629,2026-01-04 17:15:00,TRUE
4283,2027-08-19 19:15:00,FALSE
9354,2026-06-11 06:00:00,FALSE
1473,2027-01-17 07:45:00,FALSE
6024,2027-02-24 00:00:00,FALSE
7758,2027-12-27 17:45:00,FALSE
5651,2027-09-03 06:45:00,FALSE
3011,2025-08-08 05:45:00,TRUE
5684,2026-09-10 15:45:00,FALSE
6401,2026-08-02 05:15:00,FALSE
1042,2027-01-19 16:45:00,FALSE
779,2027-12-08 20:45:00,FALSE
9647,2027-10-25 06:00:00,FALSE
1693,2025-04-10 09:00:00,TRUE
4950,2026-04-11 01:45:00,TRUE
4135,2026-03-26 18:00:00,TRUE
5075,2025-10-07 13:00:00,TRUE
2144,2027-03-01 02:15:00,FALSE
9305,2027-11-19 05:15:00,FALSE
6514,2027-09-15 08:15:00,FALSE
2021,2025-08-30 22:15:00,TRUE
7653,2025-11-27 01:15:00,TRUE
1504,2026-05-04 18:00:00,TRUE
1634,2027-06-10 16:15:00,FALSE
8592,2025-10-17 04:30:00,TRUE
8693,2026-09-15 04:30:00,FALSE
5342,2026-09-15 03:30:00,FALSE
6970,2025-04-28 08:15:00,TRUE
8122,2026-09-10 02:45:00,FALSE
259,2027-02-07 20:45:00,FALSE
3955,2027-12-09 02:45:00,FALSE
7264,2026-03-27 10:15:00,TRUE
9470,2027-12-27 23:00:00,FALSE
4340,2026-10-27 06:30:00,FALSE
3160,2026-11-20 20:30:00,FALSE
4424,2026-05-11 13:30:00,TRUE
952,2026-02-10 11:15:00,TRUE
3427,2025-05-21 18:45:00,TRUE
6440,2026-04-02 21:00:00,TRUE
8586,2026-03-30 06:45:00,TRUE
8227,2026-10-15 08:45:00,FALSE
6237,2026-03-30 19:45:00,TRUE
8884,2025-07-29 04:00:00,TRUE
3090,2025-08-28 11:45:00,TRUE
43,2026-10-08 16:00:00,FALSE
5201,2026-03-20 14:45:00,TRUE
5746,2027-01-08 21:45:00,FALSE
1242,2025-12-30 22:15:00,TRUE
3933,2027-01-04 15:30:00,FALSE
9139,2026-04-01 09:00:00,TRUE
1222,2025-08-19 08:15:00,TRUE
5139,2025-03-31 06:00:00,TRUE
6816,2026-07-31 23:30:00,FALSE
6758,2027-02-21 20:30:00,FALSE
6508,2025-03-06 06:45:00,TRUE
1228,2026-05-04 17:00:00,TRUE
3548,2026-04-30 20:30:00,TRUE
8359,2025-02-20 04:15:00,TRUE
104,2026-08-20 21:00:00,FALSE
6201,2026-08-24 16:45:00,FALSE
5104,2026-07-10 17:30:00,FALSE
3125,2026-05-03 16:45:00,TRUE
3170,2025-05-10 08:30:00,TRUE
630,2027-10-07 13:30:00,FALSE
4583,2027-08-17 21:45:00,FALSE
8405,2025-07-28 22:30:00,TRUE
6064,2026-10-14 10:30:00,FALSE
3400,2027-04-17 15:30:00,FALSE
1047,2027-06-07 09:15:00,FALSE
252,2027-03-11 01:45:00,FALSE
2348,2025-02-03 02:30:00,TRUE
3829,2026-06-29 05:00:00,FALSE
8978,2026-04-08 07:15:00,TRUE
7765,2025-06-13 20:30:00,TRUE
3091,2025-01-25 19:45:00,TRUE
5270,2026-12-28 11:30:00,FALSE
3193,2027-02-17 10:45:00,FALSE
9858,2025-02-07 19:45:00,TRUE
2299,2025-03-27 19:00:00,TRUE
8935,2027-01-04 14:30:00,FALSE
6944,2026-01-10 03:00:00,TRUE
958,2027-07-06 19:15:00,FALSE
7212,2026-12-30 19:45:00,FALSE
1091,2025-01-15 11:00:00,TRUE
1585,2025-09-20 10:15:00,TRUE
8468,2027-02-26 14:15:00,FALSE
8813,2027-09-11 01:15:00,FALSE
7275,2026-12-27 12:00:00,FALSE
9294,2027-03-09 11:30:00,FALSE
315,2026-03-11 23:15:00,TRUE
6098,2026-06-01 14:15:00,FALSE
5142,2026-06-24 05:15:00,FALSE
4347,2027-02-26 10:00:00,FALSE
5969,2026-03-29 15:00:00,TRUE
4773,2025-09-11 09:45:00,TRUE
3243,2025-10-12 05:15:00,TRUE
5432,2026-06-20 12:45:00,FALSE
726,2025-06-22 20:30:00,TRUE
6250,2025-03-27 06:30:00,TRUE
2120,2027-12-25 16:15:00,FALSE
1134,2026-03-06 03:00:00,TRUE
518,2025-01-31 05:15:00,TRUE
3623,2026-02-18 02:30:00,TRUE
7681,2026-11-28 20:30:00,FALSE
8500,2026-10-28 14:00:00,FALSE
5973,2027-09-28 14:45:00,FALSE
4975,2025-06-23 03:30:00,TRUE
7942,2025-11-21 08:00:00,TRUE
622,2025-11-24 10:45:00,TRUE
4145,2027-08-29 12:30:00,FALSE
652,2027-07-05 06:30:00,FALSE
5293,2027-04-01 01:45:00,FALSE
4274,2026-04-23 01:15:00,TRUE
4426,2026-06-17 00:15:00,FALSE
5197,2025-09-05 04:15:00,TRUE
196,2025-11-27 20:45:00,TRUE
6351,2025-11-29 10:45:00,TRUE
1483,2025-03-24 08:45:00,TRUE
7571,2025-03-09 22:15:00,TRUE
2028,2027-11-08 23:45:00,FALSE
475,2026-11-14 17:45:00,FALSE
5417,2025-09-05 21:00:00,TRUE
9450,2027-07-14 22:00:00,FALSE
4704,2027-07-15 15:15:00,FALSE
2788,2025-05-09 15:45:00,TRUE
5294,2027-05-04 05:00:00,FALSE
7511,2027-08-20 17:15:00,FALSE
1277,2025-10-07 22:30:00,TRUE
3636,2026-07-10 14:15:00,FALSE
9155,2026-06-10 03:00:00,FALSE
4919,2025-02-03 00:30:00,TRUE
4563,2026-01-03 13:15:00,TRUE
7520,2025-10-26 18:15:00,TRUE
1070,2027-02-27 15:45:00,FALSE
1269,2027-01-27 06:00:00,FALSE
3217,2026-11-28 12:15:00,FALSE
7497,2025-12-02 11:30:00,TRUE
6975,2026-08-08 11:45:00,FALSE
6288,2025-08-06 03:30:00,TRUE
2171,2025-05-02 03:15:00,TRUE
1971,2027-09-19 10:30:00,FALSE
4194,2026-07-23 10:00:00,FALSE
7102,2026-04-08 14:15:00,TRUE
3044,2026-08-27 22:45:00,FALSE
5373,2026-10-10 09:45:00,FALSE
7859,2027-11-15 12:45:00,FALSE
5664,2027-03-09 12:30:00,FALSE
9742,2025-12-11 14:00:00,TRUE
4039,2027-02-25 06:00:00,FALSE
4756,2026-06-02 21:00:00,FALSE
7043,2026-11-29 04:00:00,FALSE
5014,2027-08-08 19:30:00,FALSE
6280,2026-01-19 06:00:00,TRUE
863,2025-11-24 16:45:00,TRUE
9249,2026-01-13 23:15:00,TRUE
2433,2026-07-15 00:15:00,FALSE
5442,2025-08-27 07:30:00,TRUE
9865,2027-07-27 01:45:00,FALSE
2753,2025-12-10 11:00:00,TRUE
450,2025-08-09 01:15:00,TRUE
2050,2026-03-18 05:45:00,TRUE
2854,2025-02-27 14:00:00,TRUE
6466,2026-01-24 12:15:00,TRUE
2639,2027-06-22 16:00:00,FALSE
2265,2025-07-06 00:15:00,TRUE
7102,2025-08-22 13:15:00,TRUE
9789,2027-05-30 16:30:00,FALSE
7284,2025-10-04 00:30:00,TRUE
2269,2026-07-11 01:30:00,FALSE
6379,2027-03-08 23:15:00,FALSE
3894,2027-07-31 21:45:00,FALSE
1560,2027-06-12 18:15:00,FALSE
7748,2025-10-17 23:30:00,TRUE
2653,2025-02-05 06:45:00,TRUE
9641,2027-05-13 22:30:00,FALSE
4908,2026-12-14 05:45:00,FALSE
7920,2025-08-12 09:30:00,TRUE
7699,2027-05-07 09:15:00,FALSE
3838,2025-11-02 11:30:00,TRUE
3984,2025-10-27 13:00:00,TRUE
9907,2027-03-24 04:30:00,FALSE
2664,2026-07-03 23:00:00,FALSE
4745,2025-09-26 23:45:00,TRUE
8606,2025-01-04 23:30:00,TRUE
7054,2027-02-16 10:00:00,FALSE
6176,2026-11-24 00:15:00,FALSE
7924,2025-12-02 15:45:00,TRUE
551,2025-12-03 22:30:00,TRUE
4968,2027-02-21 07:00:00,FALSE
1173,2027-05-20 01:00:00,FALSE
5943,2025-11-23 05:45:00,TRUE
8380,2026-05-15 17:45:00,TRUE
712,2027-12-06 03:00:00,FALSE
1485,2025-11-20 06:00:00,TRUE
4938,2026-09-21 12:30:00,FALSE
9601,2026-12-05 00:15:00,FALSE
2543,2027-07-04 16:30:00,FALSE
2038,2027-08-11 19:30:00,FALSE
6482,2027-11-22 09:45:00,FALSE
9072,2026-12-21 16:00:00,FALSE
8165,2025-11-15 23:00:00,TRUE
8151,2025-08-06 19:45:00,TRUE
7653,2026-03-12 05:15:00,TRUE
6496,2027-06-19 06:00:00,FALSE
6500,2026-11-20 19:00:00,FALSE
8087,2026-03-28 16:45:00,TRUE
9659,2026-04-23 07:45:00,TRUE
5340,2025-03-31 04:45:00,TRUE
8749,2025-07-12 15:00:00,TRUE
8453,2027-01-18 09:45:00,FALSE
5198,2026-04-12 07:00:00,TRUE
3579,2027-10-07 03:30:00,FALSE
690,2027-05-07 18:45:00,FALSE
8709,2027-11-17 15:30:00,FALSE
5332,2027-02-04 09:15:00,FALSE
5293,2026-11-17 03:45:00,FALSE
4587,2025-08-12 22:30:00,TRUE
8351,2026-11-26 02:00:00,FALSE
5939,2026-07-12 11:45:00,FALSE
7213,2026-07-04 02:45:00,FALSE
903,2027-07-08 08:00:00,FALSE
4122,2027-01-20 10:30:00,FALSE
3185,2025-06-03 09:45:00,TRUE
4212,2025-10-22 23:15:00,TRUE
6364,2027-06-25 22:30:00,FALSE
5658,2027-06-14 20:30:00,FALSE
2330,2025-08-24 04:30:00,TRUE
7572,2027-11-30 13:00:00,FALSE
6783,2027-12-05 11:30:00,FALSE
279,2027-06-23 10:15:00,FALSE
9999,2026-07-11 18:30:00,FALSE
1995,2025-01-01 16:30:00,TRUE
9571,2025-12-02 14:15:00,TRUE
5145,2027-02-09 05:45:00,FALSE
6235,2026-12-13 01:00:00,FALSE
3028,2025-10-19 06:30:00,TRUE
2697,2027-05-16 07:45:00,FALSE
9706,2026-04-14 23:15:00,TRUE
6129,2026-04-30 09:30:00,TRUE
9519,2025-01-11 21:30:00,TRUE
6622,2025-06-27 22:30:00,TRUE
2927,2026-02-08 01:45:00,TRUE
2994,2025-04-06 03:00:00,TRUE
7457,2027-05-23 11:00:00,FALSE
4436,2027-08-03 02:45:00,FALSE
8324,2026-11-16 20:15:00,FALSE
3491,2025-04-02 20:45:00,TRUE
4816,2026-08-10 00:45:00,FALSE
5543,2026-04-05 01:00:00,TRUE
4538,2026-11-03 07:00:00,FALSE
7686,2027-11-26 02:45:00,FALSE
2784,2026-06-19 10:45:00,FALSE
1472,2025-01-29 15:00:00,TRUE
4255,2027-07-15 23:45:00,FALSE
8990,2027-12-25 07:30:00,FALSE
5707,2026-02-14 11:45:00,TRUE
3215,2025-12-07 16:45:00,TRUE
7786,2025-12-11 02:00:00,TRUE
6808,2027-11-01 07:00:00,FALSE
5906,2027-08-24 09:30:00,FALSE
9431,2026-03-25 01:15:00,TRUE
2741,2027-02-18 05:45:00,FALSE
9319,2027-12-01 10:00:00,FALSE
5077,2027-05-25 04:00:00,FALSE
7496,2025-10-24 13:30:00,TRUE
5459,2026-07-20 01:00:00,FALSE
2031,2027-09-25 12:15:00,FALSE
9232,2025-08-26 09:45:00,TRUE
3737,2026-01-08 05:00:00,TRUE
9677,2026-03-13 12:45:00,TRUE
9149,2027-06-25 15:00:00,FALSE
5771,2026-10-19 09:15:00,FALSE
4641,2025-12-15 23:00:00,TRUE
2159,2026-10-10 11:30:00,FALSE
7293,2027-02-20 21:30:00,FALSE
6099,2027-05-06 09:45:00,FALSE
8587,2025-11-28 19:15:00,TRUE
9996,2026-10-10 08:00:00,FALSE
8294,2025-12-19 23:15:00,TRUE
1506,2026-07-01 00:45:00,FALSE
4680,2027-10-02 15:15:00,FALSE
9538,2025-06-29 00:00:00,TRUE
9614,2027-09-12 18:30:00,FALSE
5590,2025-09-24 19:15:00,TRUE
9208,2026-12-11 19:45:00,FALSE
7977,2027-12-30 22:45:00,FALSE
9067,2027-08-26 07:15:00,FALSE
2803,2026-12-30 11:15:00,FALSE
8257,2025-09-19 09:15:00,TRUE
5552,2025-03-12 00:45:00,TRUE
3432,2027-03-09 12:15:00,FALSE
5055,2025-12-06 10:45:00,TRUE
1454,2025-08-21 14:15:00,TRUE
4250,2025-10-15 05:15:00,TRUE
8763,2027-01-18 02:15:00,FALSE
1123,2026-01-21 20:00:00,TRUE
7366,2025-02-18 03:00:00,TRUE
7765,2027-09-07 01:00:00,FALSE
2544,2027-11-12 01:45:00,FALSE
210,2026-04-28 16:15:00,TRUE
2864,2026-07-13 15:30:00,FALSE
1684,2026-11-15 11:15:00,FALSE
3332,2027-11-19 07:30:00,FALSE
659,2027-05-27 12:30:00,FALSE
44,2025-06-11 16:30:00,TRUE
5825,2025-03-26 22:45:00,TRUE
9434,2027-02-05 10:00:00,FALSE
1059,2026-03-07 06:45:00,TRUE
2744,2025-06-04 14:00:00,TRUE
7283,2026-07-24 23:45:00,FALSE
36,2026-11-23 14:15:00,FALSE
7653,2026-09-15 02:30:00,FALSE
6617,2027-06-02 09:45:00,FALSE
1778,2026-10-24 03:30:00,FALSE
9122,2025-03-17 04:15:00,TRUE
8362,2026-06-29 21:00:00,FALSE
5422,2027-05-10 21:30:00,FALSE
4794,2025-01-07 16:00:00,TRUE
3225,2026-03-15 22:30:00,TRUE
6918,2027-02-09 02:30:00,FALSE
3570,2027-01-29 17:30:00,FALSE
4335,2026-01-07 13:45:00,TRUE
3636,2027-05-06 18:30:00,FALSE
7196,2026-04-15 10:15:00,TRUE
2168,2027-04-27 12:00:00,FALSE
2952,2025-05-05 08:00:00,TRUE
7064,2027-09-18 10:00:00,FALSE
1783,2026-12-26 09:15:00,FALSE
3608,2027-08-26 06:00:00,FALSE
2451,2025-09-16 04:15:00,TRUE
1375,2027-05-08 19:00:00,FALSE
2291,2026-03-12 03:15:00,TRUE
5588,2027-10-25 06:00:00,FALSE
1292,2027-03-16 12:00:00,FALSE
3815,2025-07-30 12:30:00,TRUE
3528,2026-06-11 01:45:00,FALSE
4758,2027-07-14 17:15:00,FALSE
6731,2025-06-04 09:15:00,TRUE
7338,2027-02-11 09:00:00,FALSE
8280,2026-07-03 00:15:00,FALSE
2870,2026-01-25 17:30:00,TRUE
2818,2025-07-04 10:30:00,TRUE
8071,2025-03-22 06:45:00,TRUE
7541,2025-01-22 07:15:00,TRUE
9780,2027-09-12 01:30:00,FALSE
6410,2027-02-28 23:15:00,FALSE
3689,2025-04-05 08:30:00,TRUE
6524,2025-06-10 22:45:00,TRUE
2260,2026-06-27 07:00:00,FALSE
1461,2026-12-12 14:30:00,FALSE
955,2027-10-31 00:30:00,FALSE
340,2025-07-12 10:00:00,TRUE
2190,2025-09-02 16:30:00,TRUE
466,2025-09-24 16:00:00,TRUE
5301,2025-05-15 10:00:00,TRUE
5073,2027-08-15 12:45:00,FALSE
6508,2026-02-11 02:00:00,TRUE
7669,2026-10-21 03:00:00,FALSE
6186,2025-03-24 13:15:00,TRUE
206,2026-04-14 11:30:00,TRUE
711,2026-02-02 15:00:00,TRUE
838,2025-05-09 15:30:00,TRUE
2586,2026-02-08 08:30:00,TRUE
1442,2027-11-13 22:30:00,FALSE
655,2026-08-12 07:00:00,FALSE
228,2026-04-21 06:30:00,TRUE
5984,2025-09-13 02:45:00,TRUE
2666,2027-01-14 20:30:00,FALSE
2183,2027-07-18 02:15:00,FALSE
3531,2026-05-09 01:00:00,TRUE
1648,2026-11-20 02:00:00,FALSE
6302,2027-05-21 01:15:00,FALSE
9512,2026-12-02 10:15:00,FALSE
5254,2025-06-23 09:30:00,TRUE
9271,2025-11-13 08:30:00,TRUE
4388,2027-01-18 18:00:00,FALSE
3896,2026-08-22 12:15:00,FALSE
8486,2025-06-20 15:15:00,TRUE
501,2025-04-04 14:45:00,TRUE
4789,2027-05-17 17:45:00,FALSE
2002,2026-09-19 12:45:00,FALSE
6164,2025-04-15 14:45:00,TRUE
8024,2025-09-20 07:00:00,TRUE
9714,2027-03-23 12:45:00,FALSE
5162,2025-06-04 12:30:00,TRUE
8521,2025-03-01 10:15:00,TRUE
4603,2025-01-31 20:30:00,TRUE
1410,2027-10-20 05:15:00,FALSE
8411,2026-05-19 01:45:00,FALSE
3866,2025-05-19 22:00:00,TRUE
5618,2027-05-29 14:15:00,FALSE
2893,2026-01-11 01:30:00,TRUE
1157,2025-01-25 01:30:00,TRUE
2998,2026-12-14 06:45:00,FALSE
1978,2027-09-29 18:00:00,FALSE
1230,2027-05-25 01:30:00,FALSE
8819,2027-08-24 04:00:00,FALSE
6395,2027-09-26 23:00:00,FALSE
3033,2025-06-14 03:00:00,TRUE
7173,2025-07-20 07:30:00,TRUE
1436,2025-02-10 03:00:00,TRUE
8324,2025-08-28 21:30:00,TRUE
6826,2025-11-05 13:45:00,TRUE
653,2026-02-14 21:30:00,TRUE
3407,2027-11-02 01:15:00,FALSE
5124,2027-12-19 21:00:00,FALSE
3637,2027-02-27 10:15:00,FALSE
328,2025-04-20 13:00:00,TRUE
7374,2026-08-21 07:45:00,FALSE
254,2027-10-19 18:45:00,FALSE
9301,2025-05-18 12:30:00,TRUE
4611,2025-07-17 23:00:00,TRUE
4533,2027-10-06 17:45:00,FALSE
9549,2027-05-30 02:30:00,FALSE
875,2026-01-03 02:15:00,TRUE
1471,2026-05-06 17:15:00,TRUE
4780,2027-01-10 15:30:00,FALSE
3000,2025-07-11 03:15:00,TRUE
4976,2026-05-27 23:00:00,FALSE
5746,2026-06-19 04:15:00,FALSE
8348,2025-04-25 16:00:00,TRUE
732,2026-07-28 08:45:00,FALSE
1912,2025-01-10 12:45:00,TRUE
1943,2027-04-02 07:30:00,FALSE
4429,2027-05-27 04:00:00,FALSE
5115,2026-01-31 02:30:00,TRUE
8011,2025-12-04 22:00:00,TRUE
490,2027-08-18 11:15:00,FALSE
8621,2026-07-21 07:45:00,FALSE
7194,2027-07-20 22:15:00,FALSE
8278,2027-06-04 07:15:00,FALSE
8420,2025-06-07 16:15:00,TRUE
3751,2025-01-21 10:45:00,TRUE
3220,2027-07-19 15:00:00,FALSE
4530,2026-09-11 06:45:00,FALSE
7398,2027-11-11 00:30:00,FALSE
9327,2026-07-29 11:00:00,FALSE
1548,2025-11-09 05:00:00,TRUE
7226,2027-10-29 07:30:00,FALSE
2620,2026-09-01 06:00:00,FALSE
5149,2025-02-03 19:15:00,TRUE
1896,2025-06-06 17:45:00,TRUE
3810,2027-04-18 19:30:00,FALSE
111,2027-06-12 10:15:00,FALSE
1217,2025-03-12 06:00:00,TRUE
771,2027-05-12 09:00:00,FALSE
4199,2027-07-23 04:00:00,FALSE
7687,2025-12-10 10:15:00,TRUE
7864,2026-08-03 14:00:00,FALSE
5537,2026-04-17 07:45:00,TRUE
6886,2026-09-13 20:30:00,FALSE
4369,2025-09-07 01:30:00,TRUE
4251,2026-10-10 11:30:00,FALSE
7467,2026-12-11 19:45:00,FALSE
1493,2025-04-09 09:00:00,TRUE
3011,2027-10-14 11:45:00,FALSE
480,2025-12-15 16:45:00,TRUE
8141,2027-04-08 00:30:00,FALSE
8049,2025-12-09 03:45:00,TRUE
6292,2025-10-04 18:30:00,TRUE
289,2025-10-03 10:45:00,TRUE
9114,2026-02-06 07:45:00,TRUE
8931,2027-05-21 13:30:00,FALSE
6601,2025-02-22 07:45:00,TRUE
8602,2025-05-25 20:00:00,TRUE
9748,2025-10-22 11:45:00,TRUE
2150,2026-10-19 10:00:00,FALSE
4509,2025-10-16 07:45:00,TRUE
1650,2025-05-01 19:00:00,TRUE
6114,2027-06-07 12:30:00,FALSE
3834,2025-09-25 09:00:00,TRUE
3836,2026-04-30 09:30:00,TRUE
2164,2027-11-19 00:30:00,FALSE
7572,2027-08-27 04:15:00,FALSE
4848,2027-11-24 14:45:00,FALSE
747,2025-12-30 21:00:00,TRUE
1230,2025-08-06 06:45:00,TRUE
4343,2026-02-20 20:15:00,TRUE
6041,2027-02-02 17:15:00,FALSE
8060,2027-04-08 23:45:00,FALSE
1696,2025-06-29 16:15:00,TRUE
3432,2026-01-05 02:30:00,TRUE
3877,2026-11-01 13:00:00,FALSE
9667,2027-12-06 19:45:00,FALSE
2836,2025-07-14 12:30:00,TRUE
1044,2025-10-18 01:45:00,TRUE
13,2027-03-31 08:30:00,FALSE
3253,2027-04-20 00:30:00,FALSE
9512,2026-09-04 01:45:00,FALSE
541,2027-05-13 08:00:00,FALSE
9544,2025-01-11 21:45:00,TRUE
2274,2026-04-13 16:45:00,TRUE
9172,2025-01-28 04:15:00,TRUE
7289,2026-06-14 04:30:00,FALSE
9124,2025-10-04 07:30:00,TRUE
833,2026-11-27 23:30:00,FALSE
6213,2027-07-04 03:45:00,FALSE
9047,2026-04-03 14:15:00,TRUE
5854,2027-07-26 09:45:00,FALSE
7819,2027-07-18 02:00:00,FALSE
6216,2025-05-15 18:00:00,TRUE
9019,2025-10-18 16:30:00,TRUE
2566,2027-09-06 16:00:00,FALSE
9691,2025-03-25 07:45:00,TRUE
9421,2026-11-18 21:00:00,FALSE
5090,2027-12-22 12:00:00,FALSE
5782,2026-09-07 15:15:00,FALSE
4956,2026-02-19 19:30:00,TRUE
4951,2027-01-14 19:30:00,FALSE
218,2026-01-27 09:30:00,TRUE
9584,2025-09-19 15:00:00,TRUE
6830,2026-08-09 23:45:00,FALSE
9701,2025-06-18 21:45:00,TRUE
4648,2026-06-15 00:30:00,FALSE
8579,2027-10-28 06:30:00,FALSE
3232,2026-11-11 12:15:00,FALSE
435,2027-08-30 20:00:00,FALSE
108,2026-06-23 02:00:00,FALSE
3436,2026-01-26 13:30:00,TRUE
7183,2026-09-08 01:00:00,FALSE
9883,2026-08-15 08:15:00,FALSE
4512,2026-09-26 04:45:00,FALSE
8356,2025-06-02 22:00:00,TRUE
605,2025-09-27 12:30:00,TRUE
1431,2026-12-03 10:00:00,FALSE
4577,2027-06-07 11:15:00,FALSE
1706,2026-11-05 12:15:00,FALSE
488,2027-04-06 17:00:00,FALSE
7518,2026-07-23 06:30:00,FALSE
6803,2027-02-18 19:00:00,FALSE
9928,2025-04-10 04:45:00,TRUE
5611,2026-10-20 20:00:00,FALSE
1618,2027-11-09 21:15:00,FALSE
4845,2027-07-13 18:15:00,FALSE
8220,2026-08-12 17:45:00,FALSE
4593,2025-09-14 20:00:00,TRUE
4156,2026-04-22 06:00:00,TRUE
3856,2025-10-11 19:00:00,TRUE
3943,2026-07-22 18:45:00,FALSE
25,2027-11-23 14:15:00,FALSE
6739,2026-08-28 18:30:00,FALSE
1843,2026-09-16 05:45:00,FALSE
9056,2025-02-28 07:15:00,TRUE
3408,2026-10-21 04:30:00,FALSE
9830,2027-11-30 10:30:00,FALSE
1346,2026-08-25 09:15:00,FALSE
6459,2026-06-15 03:45:00,FALSE
4962,2027-04-08 11:15:00,FALSE
8034,2027-05-25 08:30:00,FALSE
6632,2027-06-25 19:15:00,FALSE
8897,2025-03-05 15:15:00,TRUE
5509,2027-04-30 14:15:00,FALSE
8867,2027-03-08 23:15:00,FALSE
3944,2026-02-16 09:15:00,TRUE
8280,2025-02-07 02:00:00,TRUE
7169,2025-04-11 17:45:00,TRUE
8835,2027-04-02 08:45:00,FALSE
6745,2026-07-21 21:15:00,FALSE
5977,2026-01-21 07:15:00,TRUE
1383,2026-12-09 13:45:00,FALSE
5903,2026-06-22 09:15:00,FALSE
1941,2025-04-17 03:30:00,TRUE
4409,2027-05-28 06:00:00,FALSE
639,2026-01-20 11:30:00,TRUE
9788,2025-06-05 17:30:00,TRUE
4238,2026-08-25 15:00:00,FALSE
1329,2027-09-16 09:30:00,FALSE
6542,2026-01-05 14:30:00,TRUE
8017,2027-01-24 21:15:00,FALSE
727,2027-04-15 19:30:00,FALSE
8327,2025-12-04 17:30:00,TRUE
4221,2026-09-09 13:30:00,FALSE
548,2025-08-08 11:00:00,TRUE
429,2026-04-26 07:00:00,TRUE
4684,2025-08-22 07:30:00,TRUE
3069,2027-05-01 06:00:00,FALSE
9798,2026-06-01 08:30:00,FALSE
5268,2025-09-01 04:30:00,TRUE
8563,2027-02-06 15:00:00,FALSE
9024,2025-11-27 17:15:00,TRUE
6841,2027-10-16 10:15:00,FALSE
8658,2027-08-10 08:30:00,FALSE
8519,2026-11-18 18:30:00,FALSE
8539,2027-01-13 12:45:00,FALSE
512,2026-02-25 08:45:00,TRUE
9550,2026-09-29 20:00:00,FALSE
1156,2025-07-12 18:00:00,TRUE
2683,2027-01-16 16:45:00,FALSE
4322,2026-08-01 03:45:00,FALSE
8899,2027-01-12 10:30:00,FALSE
93,2025-12-01 03:45:00,TRUE
3700,2026-06-04 17:00:00,FALSE
9752,2025-12-27 23:00:00,TRUE
7896,2027-03-21 05:15:00,FALSE
1784,2025-09-03 15:15:00,TRUE
9432,2025-03-10 12:30:00,TRUE
4788,2026-02-14 18:30:00,TRUE
7531,2027-09-15 10:00:00,FALSE
9839,2026-09-21 05:15:00,FALSE
5185,2027-07-02 22:00:00,FALSE
7037,2025-12-16 02:30:00,TRUE
3059,2027-03-17 14:15:00,FALSE
733,2025-05-08 14:00:00,TRUE
1679,2026-01-15 00:45:00,TRUE
7883,2026-08-21 06:45:00,FALSE
7631,2027-01-13 18:00:00,FALSE
669,2025-04-05 16:45:00,TRUE
7487,2027-09-13 22:00:00,FALSE
9308,2027-03-24 21:30:00,FALSE
6994,2025-10-21 16:30:00,TRUE
3898,2027-10-04 01:00:00,FALSE
7774,2027-12-13 08:45:00,FALSE
2515,2025-03-15 16:00:00,TRUE
1974,2026-11-18 02:15:00,FALSE
2426,2025-05-12 13:45:00,TRUE
4578,2027-06-24 16:00:00,FALSE
8072,2027-03-01 20:00:00,FALSE
1381,2025-04-10 04:30:00,TRUE
7806,2026-10-12 08:00:00,FALSE
4206,2026-06-13 20:00:00,FALSE
9009,2025-06-10 20:45:00,TRUE
2706,2026-09-27 03:15:00,FALSE
5481,2026-01-27 09:15:00,TRUE
5407,2026-10-14 04:15:00,FALSE
9485,2027-06-13 20:15:00,FALSE
9965,2025-12-17 19:45:00,TRUE
6942,2026-08-23 11:30:00,FALSE
5723,2025-08-05 19:45:00,TRUE
6629,2026-05-14 12:15:00,TRUE
1703,2025-10-13 08:45:00,TRUE
7802,2026-01-13 21:45:00,TRUE
853,2026-10-05 00:45:00,FALSE
2834,2025-11-05 15:30:00,TRUE
6070,2026-04-13 06:30:00,TRUE
1866,2025-03-08 16:00:00,TRUE
6146,2025-08-05 13:00:00,TRUE
6651,2027-01-13 21:45:00,FALSE
9685,2025-01-25 05:00:00,TRUE
4540,2026-07-10 10:00:00,FALSE
3885,2025-09-02 13:45:00,TRUE
477,2027-07-22 12:15:00,FALSE
2718,2025-11-18 19:15:00,TRUE
2067,2025-04-10 05:15:00,TRUE
6773,2026-03-26 12:15:00,TRUE
2617,2027-07-16 13:45:00,FALSE
62,2026-09-02 14:15:00,FALSE
3430,2026-12-09 00:00:00,FALSE
5616,2025-02-03 17:45:00,TRUE
25,2026-10-19 00:30:00,FALSE
4148,2025-08-23 08:30:00,TRUE
4291,2026-03-09 23:30:00,TRUE
2379,2026-08-08 03:30:00,FALSE
8493,2027-07-15 19:00:00,FALSE
5196,2025-02-14 21:15:00,TRUE
4569,2026-04-24 18:30:00,TRUE
8711,2025-11-01 10:15:00,TRUE
8338,2027-08-25 15:00:00,FALSE
6373,2025-05-24 06:45:00,TRUE
5987,2025-01-12 23:15:00,TRUE
5432,2027-10-22 12:00:00,FALSE
9226,2027-08-06 07:15:00,FALSE
3221,2026-07-26 16:30:00,FALSE
7542,2027-04-13 16:30:00,FALSE
3530,2025-08-23 00:30:00,TRUE
76,2026-10-02 19:45:00,FALSE
512,2025-12-24 23:00:00,TRUE
1056,2027-07-31 12:15:00,FALSE
4167,2026-08-15 15:15:00,FALSE
7152,2025-09-24 18:15:00,TRUE
7501,2026-09-23 12:15:00,FALSE
1291,2027-06-14 05:00:00,FALSE
3194,2025-04-05 19:00:00,TRUE
5373,2027-05-28 00:00:00,FALSE
3382,2027-08-13 02:45:00,FALSE
1471,2025-07-11 19:15:00,TRUE
6211,2026-04-18 16:45:00,TRUE
8055,2026-09-16 19:45:00,FALSE
6636,2026-11-30 02:45:00,FALSE
3135,2025-05-30 17:30:00,TRUE
8444,2027-09-26 19:30:00,FALSE
9941,2026-03-11 00:00:00,TRUE
388,2026-05-17 14:00:00,FALSE
6815,2027-08-13 20:15:00,FALSE
1233,2026-11-14 07:15:00,FALSE
18,2026-07-12 09:00:00,FALSE
5799,2026-08-12 11:15:00,FALSE
427,2026-02-05 23:15:00,TRUE
8764,2025-09-03 11:30:00,TRUE
845,2025-07-15 02:30:00,TRUE
1073,2027-08-30 13:45:00,FALSE
8970,2025-09-29 01:45:00,TRUE
5938,2027-08-31 04:45:00,FALSE
660,2026-03-30 15:15:00,TRUE
1832,2025-01-07 22:00:00,TRUE
3277,2026-02-25 16:15:00,TRUE
9544,2026-02-20 03:00:00,TRUE
9437,2027-05-27 09:45:00,FALSE
3077,2025-12-23 04:30:00,TRUE
188,2026-09-16 15:00:00,FALSE
6908,2027-03-18 04:00:00,FALSE
6784,2026-10-21 03:15:00,FALSE
5243,2027-04-21 05:15:00,FALSE
6868,2026-12-27 14:30:00,FALSE
9849,2025-07-10 13:30:00,TRUE
7128,2027-02-21 20:15:00,FALSE
2797,2027-07-09 17:15:00,FALSE
881,2025-12-25 09:30:00,TRUE
6946,2025-11-21 20:15:00,TRUE
33,2027-12-13 17:00:00,FALSE
2806,2025-02-11 16:30:00,TRUE
5203,2025-11-15 22:15:00,TRUE
2325,2026-11-24 10:00:00,FALSE
480,2025-04-17 09:00:00,TRUE
3126,2025-09-17 18:30:00,TRUE
7887,2027-08-18 09:45:00,FALSE
8237,2025-05-28 05:15:00,TRUE
6589,2026-11-06 04:00:00,FALSE
4894,2025-08-31 05:45:00,TRUE
7988,2026-04-08 18:15:00,TRUE
4182,2026-11-30 11:45:00,FALSE
5201,2025-06-19 14:15:00,TRUE
5587,2025-11-07 19:00:00,TRUE
8361,2027-07-25 03:00:00,FALSE
6239,2027-07-01 21:30:00,FALSE
6436,2027-07-28 16:45:00,FALSE
9467,2026-09-22 19:15:00,FALSE
3494,2026-10-26 08:30:00,FALSE
9998,2027-10-28 09:45:00,FALSE
3344,2026-12-21 16:30:00,FALSE
8863,2026-10-25 04:15:00,FALSE
2640,2026-03-01 09:15:00,TRUE
8356,2025-09-19 13:45:00,TRUE
5199,2026-05-15 13:15:00,TRUE
7648,2025-06-20 05:45:00,TRUE
3139,2027-05-08 20:15:00,FALSE
5932,2026-12-12 01:15:00,FALSE
8963,2025-12-14 10:00:00,TRUE
845,2026-10-20 02:30:00,FALSE
1713,2026-11-28 06:00:00,FALSE
5527,2025-12-13 05:30:00,TRUE
9125,2026-02-13 01:30:00,TRUE
6247,2026-03-07 07:45:00,TRUE
3067,2026-04-03 12:30:00,TRUE
5053,2027-03-05 19:45:00,FALSE
1674,2026-05-13 13:30:00,TRUE
8293,2025-10-14 15:00:00,TRUE
4128,2025-06-16 01:00:00,TRUE
2650,2025-11-08 04:45:00,TRUE
5578,2025-03-11 18:00:00,TRUE
5630,2027-10-12 00:15:00,FALSE
8174,2025-02-24 11:30:00,TRUE
8329,2026-04-22 13:00:00,TRUE
8716,2027-08-12 10:45:00,FALSE
5697,2025-01-10 07:15:00,TRUE
8472,2026-08-03 18:45:00,FALSE
3973,2027-08-01 19:00:00,FALSE
1160,2026-03-12 22:00:00,TRUE
2307,2025-04-08 03:15:00,TRUE
1740,2025-06-24 11:30:00,TRUE
4038,2027-09-27 05:00:00,FALSE
5723,2025-01-03 23:45:00,TRUE
5796,2025-01-15 07:30:00,TRUE
4670,2026-01-07 05:30:00,TRUE
9385,2027-09-12 23:15:00,FALSE
7697,2026-11-05 20:30:00,FALSE
3160,2025-12-26 04:00:00,TRUE
4490,2025-11-18 03:15:00,TRUE
7465,2025-09-19 17:30:00,TRUE
6802,2025-01-04 07:30:00,TRUE
5562,2027-12-23 05:45:00,FALSE
3182,2027-03-16 05:15:00,FALSE
6557,2027-06-05 19:30:00,FALSE
415,2027-07-20 15:15:00,FALSE
7215,2026-09-05 02:30:00,FALSE
7007,2027-06-16 10:00:00,FALSE
3996,2027-08-27 00:00:00,FALSE
5712,2027-11-01 02:45:00,FALSE
6928,2027-09-03 20:00:00,FALSE
803,2026-10-18 21:00:00,FALSE
6058,2027-12-10 23:45:00,FALSE
9076,2025-12-28 15:45:00,TRUE
4888,2025-09-22 07:45:00,TRUE
7267,2025-10-30 03:45:00,TRUE
5494,2027-04-08 14:00:00,FALSE
144,2026-01-30 10:45:00,TRUE
9490,2025-05-31 10:30:00,TRUE
65,2026-03-06 15:00:00,TRUE
9764,2026-12-31 23:30:00,FALSE
322,2027-04-14 08:45:00,FALSE
9292,2025-08-18 03:30:00,TRUE
9054,2027-12-26 05:30:00,FALSE
1219,2026-06-28 13:45:00,FALSE
9231,2025-10-12 01:30:00,TRUE
8847,2026-03-10 12:15:00,TRUE
9837,2026-06-13 05:45:00,FALSE
8063,2026-04-28 02:30:00,TRUE
3524,2025-08-02 04:00:00,TRUE
2156,2026-11-02 08:00:00,FALSE
689,2025-07-14 23:45:00,TRUE
1531,2027-08-09 07:45:00,FALSE
3034,2026-03-17 04:00:00,TRUE
1466,2025-07-23 07:15:00,TRUE
2142,2027-09-10 13:15:00,FALSE
7698,2027-10-05 20:45:00,FALSE
6198,2026-10-16 03:45:00,FALSE
8990,2027-09-02 08:00:00,FALSE
950,2026-09-25 17:30:00,FALSE
9657,2025-05-07 19:15:00,TRUE
3154,2027-02-09 14:00:00,FALSE
4460,2027-07-15 15:45:00,FALSE
1982,2025-09-30 11:00:00,TRUE
2928,2025-12-27 11:45:00,TRUE
1720,2027-05-10 19:30:00,FALSE
374,2026-11-26 16:30:00,FALSE
2020,2027-12-24 06:00:00,FALSE
4440,2025-08-30 23:15:00,TRUE
5345,2027-01-22 06:45:00,FALSE
2387,2026-08-18 11:15:00,FALSE
4906,2025-07-05 11:00:00,TRUE
6240,2027-03-02 18:15:00,FALSE
6265,2026-07-19 06:45:00,FALSE
5631,2026-09-28 11:45:00,FALSE
780,2026-01-31 09:15:00,TRUE
4714,2027-01-16 05:00:00,FALSE
3890,2025-02-19 13:45:00,TRUE
7281,2026-05-13 23:00:00,TRUE
885,2025-08-12 21:00:00,TRUE
6912,2025-01-22 09:45:00,TRUE
8592,2027-10-12 23:30:00,FALSE
4904,2027-08-17 12:00:00,FALSE
35,2027-05-22 06:15:00,FALSE
8471,2026-01-02 12:00:00,TRUE
6873,2025-03-19 12:30:00,TRUE
429,2026-10-16 22:00:00,FALSE
4442,2025-03-05 15:30:00,TRUE
8944,2027-04-19 18:30:00,FALSE
3735,2027-10-02 22:00:00,FALSE
4747,2027-12-28 00:30:00,FALSE
7212,2025-12-11 06:30:00,TRUE
8754,2025-05-05 00:00:00,TRUE
6882,2026-08-12 15:30:00,FALSE
2432,2026-07-03 19:00:00,FALSE
6295,2025-11-24 23:00:00,TRUE
7214,2027-09-05 05:00:00,FALSE
4432,2027-01-02 04:30:00,FALSE
9960,2026-12-28 16:15:00,FALSE
1191,2026-05-15 00:15:00,TRUE
1040,2025-01-23 21:30:00,TRUE
2831,2027-02-28 06:30:00,FALSE
5885,2025-07-18 00:15:00,TRUE
9524,2025-11-23 07:30:00,TRUE
5896,2027-10-26 06:15:00,FALSE
2316,2026-06-09 09:30:00,FALSE
1637,2026-02-21 19:00:00,TRUE
3719,2025-07-08 16:30:00,TRUE
633,2027-01-31 10:30:00,FALSE
2283,2026-08-24 13:30:00,FALSE
113,2027-07-23 03:00:00,FALSE
1344,2027-12-14 04:15:00,FALSE
2223,2025-06-15 22:15:00,TRUE
8452,2025-07-31 22:15:00,TRUE
7695,2026-12-08 13:30:00,FALSE
2083,2025-04-26 16:00:00,TRUE
891,2026-11-29 21:30:00,FALSE
9338,2026-08-09 14:30:00,FALSE
3137,2026-11-08 21:00:00,FALSE
6678,2025-03-18 12:45:00,TRUE
3604,2027-07-21 16:45:00,FALSE
8264,2025-10-20 04:30:00,TRUE
3494,2027-11-29 15:45:00,FALSE
1073,2026-06-03 14:00:00,FALSE
8136,2026-09-23 22:00:00,FALSE
5582,2025-10-27 12:45:00,TRUE
7720,2025-04-15 09:00:00,TRUE
4757,2025-02-04 16:00:00,TRUE
6382,2026-11-08 05:00:00,FALSE
6331,2027-07-31 10:45:00,FALSE
3405,2025-01-14 05:15:00,TRUE
2574,2025-08-23 16:15:00,TRUE
5059,2026-09-29 11:30:00,FALSE
2748,2026-08-31 22:00:00,FALSE
635,2027-06-22 04:30:00,FALSE
872,2027-03-01 01:45:00,FALSE
1530,2025-08-31 22:15:00,TRUE
5516,2025-06-09 12:15:00,TRUE
5876,2025-03-04 10:00:00,TRUE
3909,2025-07-18 15:45:00,TRUE
2202,2025-03-17 00:30:00,TRUE
1585,2025-08-25 06:00:00,TRUE
1164,2027-02-17 05:45:00,FALSE
4935,2026-12-12 04:15:00,FALSE
6288,2025-02-09 11:45:00,TRUE
53,2025-12-22 06:00:00,TRUE
7825,2027-10-05 00:45:00,FALSE
8255,2025-03-18 17:00:00,TRUE
4063,2027-08-11 16:15:00,FALSE
884,2027-04-10 07:15:00,FALSE
4083,2025-03-17 22:15:00,TRUE
9381,2026-10-04 13:45:00,FALSE
5563,2025-06-18 16:30:00,TRUE
8001,2026-03-23 21:45:00,TRUE
7734,2026-11-29 09:00:00,FALSE
5,2026-01-27 16:30:00,TRUE
4584,2026-12-03 07:00:00,FALSE
5003,2025-11-09 04:15:00,TRUE
6715,2026-09-30 03:30:00,FALSE
2428,2027-11-15 03:45:00,FALSE
1366,2025-01-12 09:30:00,TRUE
6631,2027-12-09 15:45:00,FALSE
7563,2026-01-28 16:45:00,TRUE
3459,2025-02-07 09:00:00,TRUE
9210,2025-02-03 10:45:00,TRUE
5126,2027-10-05 10:45:00,FALSE
2858,2025-09-04 21:00:00,TRUE
4390,2027-12-24 05:00:00,FALSE
384,2025-05-28 15:45:00,TRUE
6216,2027-12-21 05:30:00,FALSE
1048,2027-05-12 14:45:00,FALSE
2636,2027-11-13 05:00:00,FALSE
4536,2026-03-01 14:15:00,TRUE
5380,2027-03-11 23:30:00,FALSE
6398,2025-08-01 08:30:00,TRUE
2188,2025-09-01 05:15:00,TRUE
1418,2027-12-31 21:00:00,FALSE
8409,2026-11-05 08:00:00,FALSE
7755,2027-07-02 03:00:00,FALSE
6195,2025-02-26 09:45:00,TRUE
6515,2025-09-03 05:00:00,TRUE
697,2026-12-05 05:15:00,FALSE
9689,2027-05-29 02:15:00,FALSE
7676,2025-11-18 09:30:00,TRUE
9861,2026-03-02 23:00:00,TRUE
882,2025-03-12 09:45:00,TRUE
5297,2026-09-08 00:45:00,FALSE
399,2026-01-18 16:15:00,TRUE
127,2027-09-15 16:00:00,FALSE
4378,2025-12-09 12:30:00,TRUE
1458,2025-01-04 14:00:00,TRUE
5748,2026-05-29 15:15:00,FALSE
8317,2025-06-03 15:45:00,TRUE
1663,2026-12-17 16:15:00,FALSE
5814,2025-07-20 23:00:00,TRUE
2645,2027-07-29 19:45:00,FALSE
7253,2025-12-16 12:45:00,TRUE
3342,2027-12-21 08:00:00,FALSE
7239,2025-01-18 05:15:00,TRUE
7861,2027-03-18 19:30:00,FALSE
8299,2027-06-13 14:45:00,FALSE
26,2025-08-04 15:15:00,TRUE
2855,2025-02-21 20:15:00,TRUE
6045,2025-12-14 15:45:00,TRUE
7932,2027-10-05 14:30:00,FALSE
842,2026-04-15 13:15:00,TRUE
9435,2025-04-05 19:30:00,TRUE
3690,2026-01-18 13:00:00,TRUE
3458,2025-10-05 17:15:00,TRUE
2096,2025-10-29 00:00:00,TRUE
4818,2025-11-08 21:45:00,TRUE
9537,2026-04-23 17:30:00,TRUE
8804,2026-04-20 17:30:00,TRUE
1641,2027-02-25 00:15:00,FALSE
5330,2026-10-24 06:30:00,FALSE
3732,2026-09-12 12:45:00,FALSE
5716,2027-07-08 15:00:00,FALSE
7468,2027-10-15 07:30:00,FALSE
3315,2026-05-02 12:15:00,TRUE
383,2026-03-19 07:15:00,TRUE
9624,2026-04-13 21:15:00,TRUE
3597,2027-01-10 10:30:00,FALSE
8021,2027-07-23 08:45:00,FALSE
2468,2026-02-22 06:00:00,TRUE
2300,2027-03-06 14:30:00,FALSE
8935,2026-05-19 07:45:00,FALSE
9033,2025-09-23 12:00:00,TRUE
5896,2026-12-04 20:15:00,FALSE
3728,2027-06-28 16:15:00,FALSE
9693,2025-11-07 05:45:00,TRUE
6661,2025-04-11 22:00:00,TRUE
8719,2025-09-04 09:15:00,TRUE
4394,2025-02-02 06:45:00,TRUE
9626,2025-11-06 16:00:00,TRUE
7877,2027-04-01 07:30:00,FALSE
9025,2025-10-13 07:15:00,TRUE
5635,2027-08-08 07:15:00,FALSE
3655,2025-05-28 18:30:00,TRUE
3336,2025-06-06 15:30:00,TRUE
9633,2025-12-16 15:30:00,TRUE
9199,2026-01-11 18:45:00,TRUE
1172,2027-11-02 11:30:00,FALSE
2282,2026-03-01 14:00:00,TRUE
9274,2027-07-28 06:15:00,FALSE
1385,2025-07-19 19:30:00,TRUE
3449,2027-10-22 19:15:00,FALSE
4527,2025-12-13 11:45:00,TRUE
2524,2026-06-22 10:00:00,FALSE
9157,2027-05-05 20:30:00,FALSE
9553,2027-06-14 06:15:00,FALSE
190,2026-07-24 05:15:00,FALSE
8381,2027-07-26 02:30:00,FALSE
6120,2027-03-01 16:45:00,FALSE
7678,2027-08-02 21:15:00,FALSE
8198,2026-12-03 09:45:00,FALSE
8770,2026-02-18 21:00:00,TRUE
3172,2027-06-09 21:30:00,FALSE
8347,2025-01-18 10:45:00,TRUE
2915,2027-11-03 23:00:00,FALSE
238,2027-08-05 20:30:00,FALSE
8988,2027-07-29 21:30:00,FALSE
9490,2026-03-29 09:30:00,TRUE
7281,2026-06-10 15:00:00,FALSE
794,2025-07-11 21:15:00,TRUE
8165,2027-07-17 15:15:00,FALSE
7237,2025-09-12 23:45:00,TRUE
5802,2027-03-30 16:45:00,FALSE
5522,2027-02-27 01:15:00,FALSE
3799,2026-11-29 18:15:00,FALSE
6468,2026-06-20 02:45:00,FALSE
2736,2026-09-15 02:00:00,FALSE
5278,2027-11-04 18:45:00,FALSE
7381,2026-12-28 02:15:00,FALSE
5683,2025-02-22 02:15:00,TRUE
2190,2025-04-06 04:30:00,TRUE
5133,2025-01-06 15:45:00,TRUE
9442,2027-06-02 02:30:00,FALSE
9179,2025-09-09 08:00:00,TRUE
3940,2025-03-25 04:30:00,TRUE
6385,2025-01-13 14:15:00,TRUE
8868,2027-09-25 23:00:00,FALSE
6347,2027-02-11 09:30:00,FALSE
5031,2026-09-26 11:45:00,FALSE
1597,2027-03-11 15:45:00,FALSE
433,2027-04-11 03:45:00,FALSE
787,2026-03-11 01:45:00,TRUE
4467,2025-07-12 07:15:00,TRUE
8939,2026-09-15 05:45:00,FALSE
7402,2027-04-04 21:15:00,FALSE
7739,2027-11-21 15:30:00,FALSE
5501,2027-01-16 23:15:00,FALSE
571,2026-02-24 17:00:00,TRUE
6555,2027-09-22 20:00:00,FALSE
3537,2027-06-09 22:30:00,FALSE
7223,2026-07-03 19:15:00,FALSE
5882,2025-09-01 03:15:00,TRUE
1446,2025-03-24 12:00:00,TRUE
7072,2026-11-16 07:30:00,FALSE
5639,2026-06-30 21:45:00,FALSE
8264,2026-08-19 20:30:00,FALSE
8782,2025-01-05 01:45:00,TRUE
1782,2027-04-10 02:45:00,FALSE
7255,2027-08-04 12:15:00,FALSE
9943,2025-09-30 08:30:00,TRUE
7898,2026-07-19 04:15:00,FALSE
3738,2027-10-03 16:30:00,FALSE
2986,2026-10-12 14:15:00,FALSE
538,2026-03-05 10:15:00,TRUE
4647,2025-08-17 00:15:00,TRUE
4281,2025-06-04 12:30:00,TRUE
886,2027-04-11 01:45:00,FALSE
4625,2025-04-20 00:45:00,TRUE
8800,2025-08-24 15:00:00,TRUE
8111,2025-08-13 18:30:00,TRUE
1307,2027-04-12 22:45:00,FALSE
6975,2027-05-13 06:15:00,FALSE
8440,2026-04-02 04:00:00,TRUE
8915,2026-01-09 11:00:00,TRUE
2262,2026-04-24 02:30:00,TRUE
6529,2026-12-22 03:15:00,FALSE
7167,2025-09-13 22:45:00,TRUE
2535,2026-12-25 02:15:00,FALSE
2575,2027-07-31 21:30:00,FALSE
870,2027-10-13 09:15:00,FALSE
92,2025-04-12 13:45:00,TRUE
5428,2026-02-15 00:00:00,TRUE
56,2026-11-10 14:00:00,FALSE
1514,2025-02-13 14:15:00,TRUE
6452,2027-03-19 14:45:00,FALSE
3811,2027-09-17 13:15:00,FALSE
50,2025-04-01 05:00:00,TRUE
4297,2025-02-23 19:15:00,TRUE
4925,2026-06-02 02:15:00,FALSE
3246,2025-08-09 10:15:00,TRUE
1522,2026-08-12 09:30:00,FALSE
5588,2025-09-05 11:45:00,TRUE
8297,2026-06-04 23:45:00,FALSE
5394,2025-01-01 17:15:00,TRUE
1790,2026-01-04 14:45:00,TRUE
7876,2025-02-15 09:15:00,TRUE
9906,2026-09-15 02:45:00,FALSE
5150,2025-06-28 19:15:00,TRUE
1651,2026-01-26 11:00:00,TRUE
4240,2027-03-23 20:15:00,FALSE
8539,2025-01-01 14:30:00,TRUE
4500,2025-12-08 10:45:00,TRUE
899,2026-01-16 18:30:00,TRUE
9747,2027-03-14 11:30:00,FALSE
3934,2025-10-10 08:15:00,TRUE
4151,2027-03-03 00:45:00,FALSE
6968,2026-08-27 11:45:00,FALSE
2264,2026-02-16 16:00:00,TRUE
1015,2026-06-19 10:45:00,FALSE
3986,2027-10-18 04:30:00,FALSE
2393,2027-10-10 02:15:00,FALSE
4248,2025-08-28 06:45:00,TRUE
7022,2025-09-08 15:45:00,TRUE
9827,2027-02-17 23:00:00,FALSE
4943,2026-11-07 14:00:00,FALSE
9974,2026-01-14 09:30:00,TRUE
1978,2026-06-05 00:30:00,FALSE
2895,2026-04-16 10:15:00,TRUE
6267,2026-10-06 16:15:00,FALSE
6304,2026-10-28 11:00:00,FALSE
412,2025-08-26 04:00:00,TRUE
3948,2027-10-24 01:15:00,FALSE
2027,2025-06-07 15:45:00,TRUE
1847,2025-08-13 09:00:00,TRUE
7649,2026-04-23 19:45:00,TRUE
324,2025-03-26 13:30:00,TRUE
6233,2026-11-05 05:00:00,FALSE
5124,2027-08-25 12:45:00,FALSE
24,2026-08-20 11:30:00,FALSE
7065,2027-06-16 05:15:00,FALSE
8123,2025-08-09 00:30:00,TRUE
4536,2026-06-12 03:00:00,FALSE
1758,2026-06-21 11:00:00,FALSE
995,2027-03-30 14:15:00,FALSE
6387,2027-07-03 23:00:00,FALSE
2394,2025-11-20 13:30:00,TRUE
7855,2026-11-23 13:30:00,FALSE
494,2025-03-28 05:15:00,TRUE
6826,2025-11-08 08:30:00,TRUE
6533,2027-01-06 17:30:00,FALSE
866,2025-12-19 16:00:00,TRUE
2992,2025-12-12 02:45:00,TRUE
4025,2026-08-28 01:15:00,FALSE
6517,2025-10-04 14:45:00,TRUE
8584,2026-03-02 12:45:00,TRUE
8084,2027-03-03 16:15:00,FALSE
137,2025-03-21 23:45:00,TRUE
3774,2026-12-22 07:00:00,FALSE
593,2025-05-26 01:45:00,TRUE
8914,2026-10-30 13:15:00,FALSE
4621,2026-07-08 20:15:00,FALSE
5340,2025-06-26 15:00:00,TRUE
9890,2026-06-01 09:00:00,FALSE
1472,2025-10-31 14:00:00,TRUE
887,2027-03-09 02:15:00,FALSE
4764,2025-10-30 02:00:00,TRUE
5876,2026-10-10 23:00:00,FALSE
9305,2026-02-12 05:30:00,TRUE
4088,2027-10-15 16:30:00,FALSE
7451,2026-08-27 10:15:00,FALSE
5987,2025-08-09 11:45:00,TRUE
7375,2025-08-15 10:45:00,TRUE
1038,2027-08-11 04:45:00,FALSE
6970,2026-08-22 03:30:00,FALSE
8144,2025-09-05 11:00:00,TRUE
4583,2026-06-13 17:00:00,FALSE
6229,2025-08-20 20:45:00,TRUE
1103,2025-01-23 08:00:00,TRUE
3198,2027-08-31 18:30:00,FALSE
2067,2026-01-08 12:15:00,TRUE
9940,2027-08-26 10:15:00,FALSE
6618,2027-04-17 20:00:00,FALSE
7666,2026-04-01 11:45:00,TRUE
8253,2027-12-18 03:00:00,FALSE
5782,2027-01-14 20:15:00,FALSE
6172,2027-04-12 00:45:00,FALSE
1880,2025-07-10 07:45:00,TRUE
1214,2026-06-16 21:15:00,FALSE
91,2027-03-15 08:00:00,FALSE
6992,2025-12-30 04:00:00,TRUE
2170,2026-08-01 23:15:00,FALSE
921,2026-11-24 12:30:00,FALSE
7288,2027-03-26 04:00:00,FALSE
9980,2026-11-22 11:15:00,FALSE
489,2027-01-04 19:00:00,FALSE
3077,2026-09-06 08:15:00,FALSE
7003,2027-09-01 18:30:00,FALSE
3846,2025-07-13 01:00:00,TRUE
8223,2025-06-26 05:00:00,TRUE
8469,2026-07-17 18:45:00,FALSE
2611,2027-08-15 16:30:00,FALSE
8902,2027-09-24 15:30:00,FALSE
497,2027-08-09 03:30:00,FALSE
808,2027-10-14 00:45:00,FALSE
7091,2025-12-17 01:00:00,TRUE
5730,2026-03-24 12:45:00,TRUE
7179,2026-10-20 22:45:00,FALSE
3664,2027-05-30 10:15:00,FALSE
6065,2025-06-01 17:30:00,TRUE
5793,2026-09-24 12:45:00,FALSE
5383,2027-01-09 10:30:00,FALSE
667,2026-06-10 08:30:00,FALSE
5753,2025-11-23 05:15:00,TRUE
6057,2025-04-30 04:30:00,TRUE
77,2026-06-12 00:15:00,FALSE
5579,2027-08-29 21:45:00,FALSE
352,2026-04-25 13:45:00,TRUE
7229,2026-08-08 10:00:00,FALSE
5499,2025-01-24 02:30:00,TRUE
5858,2027-08-09 11:00:00,FALSE
5840,2027-10-05 08:30:00,FALSE
9129,2026-10-06 07:15:00,FALSE
5204,2027-11-10 17:00:00,FALSE
3621,2026-05-11 14:30:00,TRUE
5358,2025-12-08 04:45:00,TRUE
7864,2026-08-03 13:45:00,FALSE
4683,2025-12-11 07:45:00,TRUE
1783,2027-01-24 05:00:00,FALSE
7629,2026-07-20 05:15:00,FALSE
9618,2025-12-05 11:15:00,TRUE
5822,2026-02-15 12:15:00,TRUE
3215,2027-03-02 14:15:00,FALSE
3213,2026-01-31 18:30:00,TRUE
8278,2026-06-07 07:45:00,FALSE
5541,2027-03-18 13:15:00,FALSE
3375,2026-07-05 21:15:00,FALSE
1058,2025-04-02 01:00:00,TRUE
4840,2027-11-12 23:30:00,FALSE
6390,2027-02-03 16:00:00,FALSE
5186,2026-07-21 03:15:00,FALSE
4221,2027-10-27 00:45:00,FALSE
3455,2027-10-21 09:45:00,FALSE
8466,2026-11-07 00:30:00,FALSE
8489,2026-10-08 05:15:00,FALSE
5037,2025-09-15 12:15:00,TRUE
7989,2026-07-01 11:45:00,FALSE
3238,2026-05-30 16:45:00,FALSE
6336,2026-01-17 16:15:00,TRUE
5507,2026-10-13 10:15:00,FALSE
1919,2026-09-17 21:45:00,FALSE
2613,2026-03-08 02:45:00,TRUE
2223,2025-10-11 10:00:00,TRUE
3980,2025-10-10 08:15:00,TRUE
832,2026-05-13 16:00:00,TRUE
6963,2026-06-06 23:30:00,FALSE
6806,2026-10-25 05:00:00,FALSE
2147,2025-10-19 15:45:00,TRUE
6092,2027-02-15 06:15:00,FALSE
7369,2026-02-11 08:15:00,TRUE
3135,2025-04-09 05:30:00,TRUE
6387,2026-06-04 14:00:00,FALSE
3859,2026-06-03 06:15:00,FALSE
7117,2027-04-04 16:15:00,FALSE
3184,2025-02-02 02:00:00,TRUE
863,2025-03-15 07:00:00,TRUE
3152,2026-07-26 13:30:00,FALSE
2128,2026-08-23 21:45:00,FALSE
1964,2027-09-02 04:45:00,FALSE
2599,2025-06-09 19:45:00,TRUE
1252,2025-11-10 19:00:00,TRUE
2908,2027-06-24 11:30:00,FALSE
1166,2025-05-08 19:45:00,TRUE
6899,2026-04-30 22:15:00,TRUE
1124,2026-05-26 23:30:00,FALSE
787,2027-02-07 21:45:00,FALSE
696,2025-02-02 14:00:00,TRUE
3550,2026-02-16 13:30:00,TRUE
8500,2025-12-20 07:00:00,TRUE
6587,2026-08-16 06:15:00,FALSE
2514,2027-11-28 20:30:00,FALSE
8137,2025-01-12 00:30:00,TRUE
111,2026-01-14 18:15:00,TRUE
4968,2027-07-11 15:15:00,FALSE
8855,2025-01-07 18:15:00,TRUE
6461,2027-04-15 12:00:00,FALSE
2428,2026-08-14 01:30:00,FALSE
2961,2025-07-21 20:15:00,TRUE
9961,2025-06-08 08:45:00,TRUE
2867,2027-08-31 01:15:00,FALSE
47,2027-09-07 07:00:00,FALSE
5499,2026-01-31 13:15:00,TRUE
7388,2027-11-28 22:30:00,FALSE
1625,2027-08-29 20:30:00,FALSE
1627,2025-05-22 15:45:00,TRUE
2228,2027-10-26 09:00:00,FALSE
5689,2025-02-21 01:45:00,TRUE
642,2025-05-04 20:45:00,TRUE
1215,2025-05-30 16:00:00,TRUE
1520,2027-11-20 06:45:00,FALSE
9529,2026-06-25 16:30:00,FALSE
4805,2027-07-27 14:45:00,FALSE
2830,2027-06-26 03:30:00,FALSE
5976,2026-03-17 18:00:00,TRUE
7441,2027-01-02 14:45:00,FALSE
8211,2026-05-12 12:30:00,TRUE
9726,2026-05-08 15:30:00,TRUE
6848,2027-05-01 18:30:00,FALSE
3323,2025-02-10 13:45:00,TRUE
6771,2025-01-26 11:00:00,TRUE
7783,2026-05-14 06:00:00,TRUE
8847,2026-03-23 12:15:00,TRUE
3678,2027-02-21 13:45:00,FALSE
4555,2027-02-22 02:30:00,FALSE
574,2027-01-30 21:00:00,FALSE
5879,2025-04-17 06:30:00,TRUE
7880,2027-10-31 23:30:00,FALSE
8005,2026-07-04 04:00:00,FALSE
196,2025-10-27 01:30:00,TRUE
1178,2025-05-11 03:00:00,TRUE
9979,2027-08-28 12:00:00,FALSE
5330,2026-03-25 08:45:00,TRUE
5894,2027-08-27 00:00:00,FALSE
5173,2025-07-19 23:30:00,TRUE
4638,2026-01-19 15:15:00,TRUE
9169,2027-09-01 07:00:00,FALSE
8232,2025-06-08 12:00:00,TRUE
8632,2027-06-28 04:15:00,FALSE
2278,2025-09-17 04:00:00,TRUE
3295,2025-04-22 04:00:00,TRUE
7330,2026-12-22 12:30:00,FALSE
4165,2027-09-11 00:15:00,FALSE
3382,2025-12-10 06:15:00,TRUE
5616,2026-09-21 05:30:00,FALSE
1981,2026-07-08 04:15:00,FALSE
9866,2025-11-15 12:30:00,TRUE
2276,2026-10-01 22:00:00,FALSE
8364,2025-06-12 13:15:00,TRUE
4103,2027-08-13 10:15:00,FALSE
9250,2026-07-31 12:00:00,FALSE
144,2026-03-11 20:30:00,TRUE
3607,2026-02-21 07:00:00,TRUE
2494,2026-05-08 22:45:00,TRUE
5432,2027-05-30 03:00:00,FALSE
1005,2027-09-22 12:30:00,FALSE
5506,2027-12-12 08:45:00,FALSE
8447,2025-01-20 11:00:00,TRUE
7603,2027-10-07 08:45:00,FALSE
9213,2025-08-09 19:15:00,TRUE
3032,2025-12-01 23:45:00,TRUE
662,2025-02-16 19:15:00,TRUE
3174,2026-05-02 07:45:00,TRUE
5556,2027-11-27 15:30:00,FALSE
7099,2027-12-20 21:15:00,FALSE
5535,2027-12-22 15:15:00,FALSE
4002,2026-01-09 23:45:00,TRUE
4572,2026-10-23 02:15:00,FALSE
9464,2025-11-30 15:15:00,TRUE
6468,2027-03-10 15:15:00,FALSE
1668,2025-11-08 23:00:00,TRUE
3914,2027-10-07 01:30:00,FALSE
4445,2025-04-08 10:00:00,TRUE
2224,2026-06-05 10:00:00,FALSE
3562,2026-06-12 05:45:00,FALSE
1942,2025-08-16 02:30:00,TRUE
4585,2027-03-11 22:15:00,FALSE
559,2025-04-25 04:15:00,TRUE
8437,2027-01-09 07:15:00,FALSE
2065,2027-11-16 16:00:00,FALSE
6722,2026-03-28 11:00:00,TRUE
9135,2025-08-18 05:15:00,TRUE
7139,2026-12-05 01:30:00,FALSE
8712,2026-07-04 08:45:00,FALSE
9526,2025-12-24 03:00:00,TRUE
2980,2025-07-22 22:45:00,TRUE
8611,2025-09-17 12:30:00,TRUE
3723,2025-08-14 18:30:00,TRUE
7119,2025-06-13 21:15:00,TRUE
5296,2026-07-27 02:00:00,FALSE
8330,2026-04-07 20:30:00,TRUE
6207,2026-09-12 11:45:00,FALSE
6282,2027-03-04 20:45:00,FALSE
5084,2026-07-20 14:15:00,FALSE
2555,2026-08-02 11:00:00,FALSE
946,2027-11-30 12:00:00,FALSE
3009,2025-11-27 19:15:00,TRUE
7204,2025-06-26 11:15:00,TRUE
8417,2025-07-31 03:15:00,TRUE
4212,2026-07-24 00:15:00,FALSE
4986,2026-07-24 09:00:00,FALSE
4160,2027-03-17 03:30:00,FALSE
1792,2027-02-28 08:30:00,FALSE
6961,2026-12-20 19:45:00,FALSE
7675,2026-11-17 05:45:00,FALSE
8084,2027-04-06 18:00:00,FALSE
3430,2027-04-15 13:00:00,FALSE
697,2025-12-24 04:00:00,TRUE
4938,2026-10-31 10:00:00,FALSE
6807,2027-12-22 02:45:00,FALSE
7853,2025-04-07 19:00:00,TRUE
1642,2026-08-19 02:30:00,FALSE
3192,2025-08-16 11:15:00,TRUE
4193,2025-03-29 03:00:00,TRUE
4222,2025-02-16 07:15:00,TRUE
985,2025-12-31 19:45:00,TRUE
3532,2026-06-08 09:30:00,FALSE
4245,2026-10-19 11:15:00,FALSE
2828,2026-04-01 19:45:00,TRUE
9405,2026-11-27 23:45:00,FALSE
4474,2026-03-03 17:15:00,TRUE
3813,2026-09-15 00:30:00,FALSE
7666,2026-10-07 06:30:00,FALSE
9971,2027-06-24 19:45:00,FALSE
4041,2026-08-08 21:00:00,FALSE
1933,2027-04-18 15:00:00,FALSE
3162,2027-05-02 07:15:00,FALSE
8229,2025-11-23 03:00:00,TRUE
2209,2025-04-09 21:00:00,TRUE
4770,2026-09-19 18:45:00,FALSE
5352,2026-05-07 15:45:00,TRUE
167,2025-01-16 16:30:00,TRUE
10006,2025-06-04 00:45:00,TRUE
6358,2027-09-06 19:15:00,FALSE
7737,2027-02-01 09:45:00,FALSE
7156,2026-12-30 16:45:00,FALSE
3763,2025-12-10 05:30:00,TRUE
8243,2026-02-17 01:00:00,TRUE
4717,2025-01-14 05:00:00,TRUE
3044,2027-07-17 20:00:00,FALSE
9285,2026-12-16 04:45:00,FALSE
4800,2026-06-29 14:30:00,FALSE
2280,2026-03-06 17:45:00,TRUE
1307,2025-04-26 22:15:00,TRUE
5478,2027-01-30 03:15:00,FALSE
9103,2026-02-25 11:00:00,TRUE
1107,2026-08-24 20:15:00,FALSE
3921,2025-03-05 22:15:00,TRUE
4035,2026-07-03 02:00:00,FALSE
8781,2027-12-31 14:15:00,FALSE
2454,2027-02-23 19:45:00,FALSE
7807,2026-03-24 18:30:00,TRUE
7571,2027-04-11 05:15:00,FALSE
5098,2027-09-06 15:45:00,FALSE
8016,2026-02-05 05:30:00,TRUE
1835,2025-06-15 19:15:00,TRUE
736,2027-05-01 01:45:00,FALSE
5914,2027-10-24 13:15:00,FALSE
5455,2025-11-08 05:15:00,TRUE
7295,2025-03-20 05:30:00,TRUE
1266,2025-04-05 11:30:00,TRUE
606,2025-07-16 17:00:00,TRUE
1625,2026-10-02 02:30:00,FALSE
5631,2026-06-24 14:00:00,FALSE
9757,2025-03-07 22:15:00,TRUE
8322,2025-03-07 17:00:00,TRUE
9468,2026-02-06 23:45:00,TRUE
5005,2026-02-10 03:30:00,TRUE
5375,2026-08-22 22:30:00,FALSE
19,2025-07-10 00:30:00,TRUE
5570,2026-08-22 13:00:00,FALSE
1258,2025-07-03 01:30:00,TRUE
4249,2026-01-29 03:45:00,TRUE
6139,2025-09-19 23:45:00,TRUE
5060,2026-04-15 16:45:00,TRUE
8088,2025-06-23 11:00:00,TRUE
1161,2027-08-09 07:45:00,FALSE
3918,2027-07-02 22:15:00,FALSE
4369,2027-05-18 18:30:00,FALSE
7173,2025-01-04 04:45:00,TRUE
8177,2025-06-13 08:45:00,TRUE
7963,2025-11-20 12:15:00,TRUE
1383,2027-08-25 16:45:00,FALSE
5002,2025-02-12 06:45:00,TRUE
2594,2025-10-16 09:30:00,TRUE
4375,2025-12-06 20:15:00,TRUE
6386,2026-10-05 05:15:00,FALSE
4628,2025-09-21 06:30:00,TRUE
9369,2027-05-18 15:45:00,FALSE
5082,2027-08-10 09:45:00,FALSE
4279,2025-03-07 15:30:00,TRUE
1384,2025-11-14 04:45:00,TRUE
2583,2027-01-06 12:00:00,FALSE
9608,2026-08-05 10:00:00,FALSE
8964,2025-12-25 00:30:00,TRUE
9910,2026-09-02 05:15:00,FALSE
6139,2025-11-27 13:45:00,TRUE
9285,2027-12-15 22:00:00,FALSE
2785,2027-03-18 03:15:00,FALSE
1111,2027-10-12 23:15:00,FALSE
2584,2027-01-27 13:00:00,FALSE
1940,2027-10-05 22:00:00,FALSE
8098,2026-10-25 02:30:00,FALSE
5842,2027-12-07 11:45:00,FALSE
7895,2026-12-12 20:45:00,FALSE
5486,2025-12-03 14:15:00,TRUE
5933,2025-08-18 17:15:00,TRUE
770,2027-08-14 22:45:00,FALSE
3084,2026-12-07 00:30:00,FALSE
2693,2026-10-09 11:45:00,FALSE
1111,2027-08-09 18:00:00,FALSE
4197,2027-11-03 02:00:00,FALSE
4097,2027-12-14 23:30:00,FALSE
8095,2025-01-19 07:30:00,TRUE
4884,2025-02-16 10:15:00,TRUE
6906,2026-08-16 08:45:00,FALSE
2869,2025-02-27 21:00:00,TRUE
1343,2025-11-04 03:45:00,TRUE
9724,2027-08-16 21:00:00,FALSE
5727,2025-06-01 15:45:00,TRUE
3438,2026-04-20 19:30:00,TRUE
2994,2026-09-24 14:15:00,FALSE
2901,2025-03-03 21:45:00,TRUE
7535,2026-12-21 16:30:00,FALSE
3468,2026-08-20 19:15:00,FALSE
6903,2027-06-11 15:30:00,FALSE
8390,2027-10-21 07:00:00,FALSE
2925,2027-09-21 02:45:00,FALSE
3417,2025-09-14 16:15:00,TRUE
7523,2026-02-14 17:45:00,TRUE
2542,2026-07-28 11:15:00,FALSE
7102,2025-09-20 07:15:00,TRUE
3398,2026-06-02 00:15:00,FALSE
1519,2027-08-27 11:45:00,FALSE
8175,2026-10-05 16:15:00,FALSE
8799,2026-01-03 03:15:00,TRUE
8243,2025-01-06 07:45:00,TRUE
6170,2026-02-02 09:15:00,TRUE
7874,2027-11-20 05:45:00,FALSE
7571,2025-01-17 03:30:00,TRUE
9658,2027-08-01 19:30:00,FALSE
4241,2026-12-19 10:45:00,FALSE
5689,2027-11-11 12:30:00,FALSE
5626,2026-07-03 14:00:00,FALSE
592,2027-10-22 17:30:00,FALSE
1236,2027-04-25 12:45:00,FALSE
9065,2026-01-17 19:30:00,TRUE
7875,2026-05-02 20:30:00,TRUE
1694,2025-03-01 14:15:00,TRUE
4320,2026-11-25 23:45:00,FALSE
6592,2025-01-03 11:15:00,TRUE
4223,2027-12-07 02:45:00,FALSE
1677,2026-07-17 20:45:00,FALSE
4336,2027-10-08 16:15:00,FALSE
7774,2027-09-11 21:45:00,FALSE
9938,2025-03-13 08:45:00,TRUE
4307,2025-09-14 16:00:00,TRUE
4607,2027-05-24 13:30:00,FALSE
7485,2027-11-09 12:30:00,FALSE
6820,2027-02-07 17:15:00,FALSE
7001,2027-11-23 19:15:00,FALSE
6410,2027-03-22 03:45:00,FALSE
2084,2025-08-24 07:15:00,TRUE
4816,2025-06-10 14:00:00,TRUE
7197,2026-04-25 14:15:00,TRUE
9304,2025-02-28 20:00:00,TRUE
2500,2025-09-15 23:45:00,TRUE
8264,2026-02-19 04:15:00,TRUE
2919,2027-12-12 06:45:00,FALSE
6229,2026-10-10 18:15:00,FALSE
7058,2027-05-03 10:30:00,FALSE
5787,2025-04-18 09:45:00,TRUE
830,2026-11-02 07:00:00,FALSE
7873,2027-08-07 18:00:00,FALSE
8611,2027-01-05 00:45:00,FALSE
924,2026-12-25 06:45:00,FALSE
6890,2026-12-24 19:45:00,FALSE
9943,2026-01-15 16:45:00,TRUE
6338,2025-11-11 23:15:00,TRUE
1713,2025-06-25 09:45:00,TRUE
4938,2027-12-30 11:15:00,FALSE
1740,2027-05-17 06:15:00,FALSE
3035,2025-06-09 18:00:00,TRUE
4036,2027-03-18 10:45:00,FALSE
4062,2027-08-08 15:15:00,FALSE
3850,2025-04-01 14:45:00,TRUE
6936,2026-07-19 19:45:00,FALSE
3787,2027-04-14 07:45:00,FALSE
918,2027-10-20 22:45:00,FALSE
9418,2026-01-19 17:30:00,TRUE
4182,2027-12-12 08:30:00,FALSE
8135,2026-11-22 04:15:00,FALSE
4577,2026-01-18 17:45:00,TRUE
3194,2026-10-01 10:15:00,FALSE
1154,2027-07-06 23:15:00,FALSE
8368,2027-12-01 11:45:00,FALSE
9320,2025-10-25 05:45:00,TRUE
7731,2027-07-11 19:30:00,FALSE
4251,2026-09-14 04:30:00,FALSE
4856,2026-12-07 13:15:00,FALSE
860,2025-03-28 03:15:00,TRUE
5310,2025-11-15 12:45:00,TRUE
6867,2025-10-28 00:45:00,TRUE
1389,2025-04-22 07:30:00,TRUE
3880,2025-09-28 07:15:00,TRUE
9490,2026-04-30 08:45:00,TRUE
7406,2025-08-14 12:15:00,TRUE
2137,2025-08-24 01:30:00,TRUE
2999,2026-01-20 15:45:00,TRUE
7096,2025-05-20 11:45:00,TRUE
4713,2026-02-25 18:15:00,TRUE
8006,2026-01-10 23:30:00,TRUE
7162,2027-06-24 13:00:00,FALSE
1028,2025-05-14 13:00:00,TRUE
1973,2026-04-18 13:30:00,TRUE
5090,2025-09-10 09:00:00,TRUE
3156,2027-08-02 16:30:00,FALSE
7418,2027-12-19 22:45:00,FALSE
4418,2026-05-26 22:15:00,FALSE
4090,2026-03-09 14:30:00,TRUE
3704,2026-05-14 06:00:00,TRUE
8414,2027-09-25 15:30:00,FALSE
2206,2026-04-24 19:30:00,TRUE
6290,2027-08-16 00:00:00,FALSE
1300,2025-08-04 01:15:00,TRUE
922,2026-01-12 14:00:00,TRUE
1434,2025-10-10 06:15:00,TRUE
2316,2027-07-30 03:15:00,FALSE
2100,2026-05-22 21:45:00,FALSE
7641,2027-09-22 11:45:00,FALSE
7805,2027-02-26 20:30:00,FALSE
8337,2027-09-03 06:00:00,FALSE
6697,2027-04-11 06:30:00,FALSE
6075,2025-01-07 12:15:00,TRUE
9828,2025-10-31 22:15:00,TRUE
430,2025-06-21 14:45:00,TRUE
1029,2026-04-30 02:15:00,TRUE
2330,2027-08-10 20:15:00,FALSE
9565,2027-03-19 16:45:00,FALSE
3283,2025-08-21 05:45:00,TRUE
4139,2027-08-03 23:00:00,FALSE
2495,2027-05-29 00:45:00,FALSE
2843,2027-11-04 13:30:00,FALSE
4502,2026-01-19 08:45:00,TRUE
7584,2026-08-24 11:00:00,FALSE
7991,2027-11-25 13:15:00,FALSE
9734,2025-11-03 18:30:00,TRUE
2973,2027-05-31 13:30:00,FALSE
9421,2027-08-19 03:15:00,FALSE
5647,2025-07-06 02:30:00,TRUE
9121,2026-06-14 20:45:00,FALSE
7763,2027-12-12 09:30:00,FALSE
130,2026-08-27 23:45:00,FALSE
6250,2026-05-08 18:15:00,TRUE
3242,2027-04-17 06:30:00,FALSE
3995,2027-03-27 16:45:00,FALSE
6172,2026-06-29 06:15:00,FALSE
6818,2027-12-22 22:30:00,FALSE
5967,2027-06-05 19:30:00,FALSE
4449,2025-12-20 08:15:00,TRUE
8868,2027-06-14 15:00:00,FALSE
6691,2025-12-23 11:45:00,TRUE
6579,2025-08-20 19:00:00,TRUE
1051,2026-05-06 02:15:00,TRUE
9902,2027-05-15 10:45:00,FALSE
8420,2026-05-28 19:00:00,FALSE
6073,2026-02-11 20:00:00,TRUE
1751,2026-12-14 21:15:00,FALSE
10000,2025-07-14 10:15:00,TRUE
6758,2026-08-07 17:45:00,FALSE
3599,2027-05-27 20:45:00,FALSE
499,2027-10-22 08:15:00,FALSE
2898,2026-11-16 04:00:00,FALSE
4542,2025-10-13 18:30:00,TRUE
3887,2027-11-27 22:30:00,FALSE
1449,2025-11-23 19:30:00,TRUE
6976,2026-01-03 00:00:00,TRUE
9479,2026-03-07 02:15:00,TRUE
2139,2027-02-09 22:45:00,FALSE
7014,2026-08-20 04:00:00,FALSE
9128,2025-04-12 16:15:00,TRUE
9244,2027-10-22 19:15:00,FALSE
5043,2027-02-07 11:00:00,FALSE
9223,2025-07-10 17:30:00,TRUE
7556,2025-02-07 20:00:00,TRUE
8880,2026-07-12 17:30:00,FALSE
3552,2026-11-30 23:00:00,FALSE
2773,2027-06-14 16:00:00,FALSE
8282,2027-03-29 09:15:00,FALSE
6931,2026-06-28 01:45:00,FALSE
9493,2025-03-23 15:30:00,TRUE
5838,2027-06-14 20:00:00,FALSE
6246,2025-02-19 22:00:00,TRUE
5099,2025-02-08 12:45:00,TRUE
3495,2026-09-11 07:00:00,FALSE
6202,2026-06-07 08:15:00,FALSE
2009,2026-10-08 14:00:00,FALSE
1947,2026-03-09 14:45:00,TRUE
5492,2025-11-26 01:15:00,TRUE
7388,2027-05-28 01:45:00,FALSE
9466,2025-08-06 22:45:00,TRUE
2087,2025-02-27 21:45:00,TRUE
7407,2025-09-03 19:30:00,TRUE
1991,2025-05-16 16:30:00,TRUE
1193,2025-05-26 07:15:00,TRUE
2927,2025-12-01 21:30:00,TRUE
3289,2027-09-09 21:00:00,FALSE
8472,2025-07-11 11:00:00,TRUE
6853,2025-06-07 05:00:00,TRUE
4341,2027-02-04 10:45:00,FALSE
4742,2027-09-16 02:30:00,FALSE
5981,2025-04-25 11:15:00,TRUE
9756,2027-05-17 22:00:00,FALSE
3000,2026-09-18 11:00:00,FALSE
6454,2025-05-24 00:00:00,TRUE
6643,2026-11-24 06:15:00,FALSE
3533,2025-06-09 17:00:00,TRUE
4571,2027-07-25 10:30:00,FALSE
8205,2027-08-13 02:00:00,FALSE
4114,2025-09-01 03:45:00,TRUE
7951,2026-10-14 11:45:00,FALSE
1337,2026-05-19 22:15:00,FALSE
1731,2025-09-26 22:30:00,TRUE
4676,2025-10-22 11:15:00,TRUE
9307,2027-05-07 18:15:00,FALSE
8709,2026-10-27 15:15:00,FALSE
4637,2026-02-24 22:00:00,TRUE
8981,2025-02-06 03:30:00,TRUE
101,2025-08-14 03:00:00,TRUE
1151,2025-11-09 07:15:00,TRUE
6917,2026-12-08 10:30:00,FALSE
6508,2027-02-21 10:30:00,FALSE
9620,2025-10-07 17:00:00,TRUE
7867,2027-05-08 20:30:00,FALSE
5095,2026-08-27 01:00:00,FALSE
8929,2025-12-11 16:45:00,TRUE
8753,2027-09-25 17:30:00,FALSE
9676,2027-03-07 12:15:00,FALSE
2853,2026-09-22 16:45:00,FALSE
6282,2027-11-26 05:00:00,FALSE
1995,2027-05-13 19:00:00,FALSE
2272,2027-01-05 16:30:00,FALSE
4659,2026-10-03 14:45:00,FALSE
4151,2026-08-14 03:15:00,FALSE
5316,2025-08-05 00:30:00,TRUE
3396,2026-12-23 13:30:00,FALSE
155,2025-07-12 09:45:00,TRUE
8365,2025-10-26 01:45:00,TRUE
669,2026-06-01 17:30:00,FALSE
5833,2027-03-28 15:15:00,FALSE
1681,2027-11-08 13:00:00,FALSE
6423,2027-09-14 00:45:00,FALSE
9742,2025-08-27 03:30:00,TRUE
4372,2027-10-13 10:15:00,FALSE
3142,2027-10-14 10:45:00,FALSE
5988,2027-03-25 12:45:00,FALSE
3005,2025-08-12 08:15:00,TRUE
7941,2026-01-23 05:30:00,TRUE
4850,2026-04-01 03:45:00,TRUE
6830,2026-07-19 08:15:00,FALSE
3441,2025-09-05 11:00:00,TRUE
4992,2026-08-04 02:00:00,FALSE
6874,2027-06-21 22:00:00,FALSE
4530,2027-01-07 01:15:00,FALSE
6973,2026-02-15 15:15:00,TRUE
5709,2025-10-22 13:00:00,TRUE
1337,2027-09-11 23:15:00,FALSE
8333,2026-03-25 14:45:00,TRUE
7310,2025-12-22 12:00:00,TRUE
121,2026-02-14 02:30:00,TRUE
6658,2027-02-05 02:30:00,FALSE
8093,2027-03-02 00:30:00,FALSE
8502,2026-03-01 22:00:00,TRUE
6445,2027-11-26 08:45:00,FALSE
5604,2027-06-25 12:30:00,FALSE
6081,2027-01-03 10:00:00,FALSE
9398,2025-10-27 00:30:00,TRUE
2744,2027-10-27 14:45:00,FALSE
1835,2027-08-24 16:30:00,FALSE
6951,2025-10-02 21:00:00,TRUE
7215,2025-11-28 15:15:00,TRUE
8283,2026-05-29 03:30:00,FALSE
3357,2025-08-07 02:00:00,TRUE
5089,2026-02-15 22:00:00,TRUE
726,2027-04-29 23:00:00,FALSE
9198,2026-11-12 13:30:00,FALSE
1416,2026-05-31 12:30:00,FALSE
5162,2026-07-03 06:15:00,FALSE
1347,2027-05-30 09:00:00,FALSE
5636,2025-02-10 04:00:00,TRUE
4789,2027-07-05 20:15:00,FALSE
5609,2025-10-10 07:45:00,TRUE
4929,2025-12-28 03:00:00,TRUE
995,2025-10-12 22:15:00,TRUE
2610,2027-04-26 23:45:00,FALSE
1528,2026-04-17 18:30:00,TRUE
1201,2027-02-19 23:45:00,FALSE
9894,2025-11-17 11:30:00,TRUE
4017,2027-03-03 14:15:00,FALSE
6472,2025-08-16 18:00:00,TRUE
4387,2027-08-14 19:15:00,FALSE
8640,2025-02-15 00:00:00,TRUE
2844,2027-09-20 10:45:00,FALSE
5370,2026-02-01 01:15:00,TRUE
2316,2025-04-17 17:45:00,TRUE
7172,2025-12-19 21:00:00,TRUE
7721,2026-12-11 09:00:00,FALSE
4765,2026-10-09 09:45:00,FALSE
2320,2027-03-03 07:15:00,FALSE
1805,2026-02-03 16:30:00,TRUE
578,2025-09-14 03:15:00,TRUE
341,2026-09-12 15:45:00,FALSE
513,2025-12-02 12:15:00,TRUE
9498,2027-06-22 14:30:00,FALSE
4140,2027-04-09 18:45:00,FALSE
2450,2027-05-01 22:45:00,FALSE
1679,2027-10-18 03:45:00,FALSE
9245,2027-02-04 02:45:00,FALSE
1850,2027-03-11 02:45:00,FALSE
7930,2027-05-07 10:15:00,FALSE
3535,2025-08-29 16:30:00,TRUE
652,2026-02-09 21:00:00,TRUE
642,2026-05-25 22:45:00,FALSE
9224,2026-11-21 20:30:00,FALSE
9720,2025-04-19 09:00:00,TRUE
8509,2025-10-05 01:00:00,TRUE
7810,2027-06-10 19:30:00,FALSE
9438,2027-10-22 06:30:00,FALSE
4737,2026-01-20 18:00:00,TRUE
7137,2026-05-21 12:45:00,FALSE
3335,2027-03-30 09:30:00,FALSE
5299,2025-07-21 06:00:00,TRUE
5409,2026-12-31 03:30:00,FALSE
4459,2027-05-17 04:30:00,FALSE
1246,2027-04-12 09:15:00,FALSE
2172,2027-04-25 04:15:00,FALSE
9114,2027-04-18 14:15:00,FALSE
1446,2026-10-08 22:00:00,FALSE
9592,2025-09-05 12:45:00,TRUE
5564,2025-08-22 00:45:00,TRUE
2402,2025-03-24 17:45:00,TRUE
2493,2026-08-31 21:15:00,FALSE
2368,2025-02-15 21:45:00,TRUE
5065,2026-03-11 18:15:00,TRUE
9759,2027-02-16 02:45:00,FALSE
9846,2027-06-21 11:00:00,FALSE
1546,2027-10-30 17:00:00,FALSE
3811,2027-02-03 02:30:00,FALSE
4923,2027-09-05 17:00:00,FALSE
1616,2026-02-27 16:15:00,TRUE
2518,2027-04-26 04:15:00,FALSE
6561,2025-12-12 08:15:00,TRUE
7359,2026-05-14 01:15:00,TRUE
591,2025-01-29 19:00:00,TRUE
4340,2025-01-15 09:30:00,TRUE
9196,2026-08-01 05:00:00,FALSE
2044,2025-12-23 04:15:00,TRUE
5891,2027-03-24 06:00:00,FALSE
5290,2027-12-29 09:45:00,FALSE
2622,2025-10-11 22:30:00,TRUE
2738,2027-11-08 06:00:00,FALSE
3963,2026-07-16 01:15:00,FALSE
7475,2027-01-08 20:15:00,FALSE
7354,2026-06-18 17:45:00,FALSE
1970,2027-01-11 12:30:00,FALSE
6738,2025-01-23 03:30:00,TRUE
6246,2026-04-09 08:00:00,TRUE
8799,2025-11-19 21:15:00,TRUE
5580,2025-05-11 09:45:00,TRUE
9588,2025-12-26 16:00:00,TRUE
3328,2027-06-19 20:00:00,FALSE
6820,2027-05-05 04:30:00,FALSE
9052,2025-12-16 21:30:00,TRUE
3336,2026-09-06 23:15:00,FALSE
4875,2027-11-30 13:30:00,FALSE
21,2026-03-03 06:45:00,TRUE
8205,2025-08-09 14:45:00,TRUE
6651,2026-09-29 03:00:00,FALSE
6363,2026-09-23 20:15:00,FALSE
8623,2025-08-18 12:45:00,TRUE
6581,2026-06-01 06:45:00,FALSE
2307,2025-05-27 07:30:00,TRUE
5716,2026-09-04 23:00:00,FALSE
9050,2026-02-20 07:00:00,TRUE
1886,2026-11-08 11:30:00,FALSE
3405,2026-07-21 09:00:00,FALSE
7585,2025-04-29 03:15:00,TRUE
1758,2025-09-27 11:30:00,TRUE
7401,2026-06-26 09:00:00,FALSE
5055,2026-01-29 14:30:00,TRUE
3865,2026-01-02 21:30:00,TRUE
1586,2025-12-20 02:30:00,TRUE
6916,2026-06-05 06:15:00,FALSE
5316,2027-01-05 15:30:00,FALSE
432,2026-04-22 05:00:00,TRUE
2280,2025-09-15 10:30:00,TRUE
9849,2025-10-05 21:00:00,TRUE
5535,2026-02-23 02:30:00,TRUE
3540,2025-10-09 14:30:00,TRUE
2075,2026-01-01 19:15:00,TRUE
6269,2027-08-02 07:30:00,FALSE
8367,2027-07-29 10:15:00,FALSE
508,2025-12-23 12:00:00,TRUE
1632,2026-06-03 17:30:00,FALSE
9656,2026-07-18 23:30:00,FALSE
1828,2026-10-13 01:30:00,FALSE
2430,2025-08-08 17:45:00,TRUE
3382,2025-01-19 10:45:00,TRUE
8621,2027-02-02 15:00:00,FALSE
7635,2027-12-20 21:45:00,FALSE
7732,2025-06-11 08:45:00,TRUE
9926,2026-02-03 14:30:00,TRUE
6968,2027-01-13 17:30:00,FALSE
1525,2025-11-30 19:30:00,TRUE
9284,2025-11-11 06:15:00,TRUE
2864,2026-04-24 03:00:00,TRUE
5401,2026-04-08 14:15:00,TRUE
3824,2025-07-18 19:30:00,TRUE
1724,2025-07-01 06:15:00,TRUE
2462,2027-05-08 04:45:00,FALSE
7367,2025-11-10 06:45:00,TRUE
5548,2026-09-16 01:00:00,FALSE
5744,2027-04-02 19:45:00,FALSE
9706,2026-06-04 14:30:00,FALSE
2062,2027-01-08 00:15:00,FALSE
8918,2025-10-13 20:15:00,TRUE
2608,2026-09-27 06:45:00,FALSE
6832,2026-09-16 12:15:00,FALSE
8210,2027-03-08 08:00:00,FALSE
4701,2026-08-29 12:45:00,FALSE
2313,2027-10-20 08:15:00,FALSE
8303,2025-10-19 02:45:00,TRUE
304,2027-02-06 09:00:00,FALSE
5236,2026-10-24 07:30:00,FALSE
6224,2025-07-06 17:45:00,TRUE
5920,2025-08-21 20:15:00,TRUE
9209,2027-09-14 03:15:00,FALSE
8298,2025-08-04 22:00:00,TRUE
1456,2025-09-11 05:15:00,TRUE
9318,2026-02-11 05:00:00,TRUE
5050,2025-11-12 22:15:00,TRUE
2392,2027-05-13 00:00:00,FALSE
5756,2027-07-16 01:30:00,FALSE
47,2025-11-12 01:45:00,TRUE
4991,2027-12-04 14:45:00,FALSE
5608,2025-05-15 16:45:00,TRUE
603,2027-05-08 17:15:00,FALSE
4064,2026-08-29 00:00:00,FALSE
9748,2027-03-25 10:00:00,FALSE
4293,2025-06-15 06:30:00,TRUE
8358,2025-09-23 16:45:00,TRUE
3892,2025-04-04 10:45:00,TRUE
1855,2025-02-12 04:15:00,TRUE
7480,2025-11-20 12:30:00,TRUE
502,2027-09-30 01:30:00,FALSE
3496,2025-12-03 02:00:00,TRUE
6435,2026-07-24 17:00:00,FALSE
3397,2026-04-01 12:00:00,TRUE
6568,2027-03-16 22:30:00,FALSE
370,2027-09-18 12:00:00,FALSE
9087,2025-10-25 22:15:00,TRUE
6047,2027-10-19 03:00:00,FALSE
9571,2026-06-14 17:15:00,FALSE
1145,2026-06-02 09:00:00,FALSE
2746,2025-11-19 02:00:00,TRUE
2897,2027-04-20 14:45:00,FALSE
4148,2025-11-06 14:30:00,TRUE
6639,2027-04-21 12:00:00,FALSE
4150,2027-05-24 15:15:00,FALSE
7129,2025-04-16 13:45:00,TRUE
1723,2026-10-28 02:15:00,FALSE
5853,2025-01-03 15:30:00,TRUE
3418,2025-02-19 18:30:00,TRUE
8515,2027-01-03 21:00:00,FALSE
9960,2025-05-07 16:00:00,TRUE
9976,2026-11-20 15:45:00,FALSE
6370,2025-02-04 07:15:00,TRUE
581,2025-09-04 05:45:00,TRUE
24,2027-07-06 10:30:00,FALSE
1900,2027-02-21 07:30:00,FALSE
4053,2025-01-28 15:45:00,TRUE
757,2025-05-25 09:45:00,TRUE
5721,2026-02-15 07:30:00,TRUE
6115,2026-06-20 03:00:00,FALSE
5613,2025-05-31 08:45:00,TRUE
7059,2026-01-11 12:00:00,TRUE
9224,2025-12-04 06:15:00,TRUE
4696,2026-06-08 17:30:00,FALSE
6679,2026-09-15 21:15:00,FALSE
3177,2027-09-09 21:45:00,FALSE
4533,2026-07-04 16:45:00,FALSE
2530,2025-08-28 15:30:00,TRUE
4301,2025-05-31 16:15:00,TRUE
6330,2026-05-17 01:00:00,FALSE
7330,2025-04-07 04:15:00,TRUE
9185,2027-01-13 11:15:00,FALSE
2694,2025-10-26 08:00:00,TRUE
4825,2025-07-22 16:00:00,TRUE
9042,2026-02-11 10:15:00,TRUE
2836,2026-07-23 18:30:00,FALSE
7737,2026-05-16 09:45:00,FALSE
4844,2025-01-09 13:45:00,TRUE
9765,2027-08-11 08:15:00,FALSE
9916,2026-09-05 21:45:00,FALSE
8357,2027-05-25 21:15:00,FALSE
6181,2025-07-15 22:00:00,TRUE
1435,2025-08-03 21:30:00,TRUE
9334,2026-09-15 05:15:00,FALSE
7063,2027-11-11 19:45:00,FALSE
3089,2025-04-02 22:15:00,TRUE
7665,2026-05-10 18:45:00,TRUE
980,2025-01-20 09:00:00,TRUE
3272,2027-05-30 13:45:00,FALSE
8173,2027-09-08 08:15:00,FALSE
779,2027-07-09 03:00:00,FALSE
5262,2027-07-01 10:00:00,FALSE
8617,2027-10-05 15:30:00,FALSE
8971,2025-12-25 16:45:00,TRUE
6861,2026-03-09 22:45:00,TRUE
8500,2027-08-15 14:45:00,FALSE
459,2026-04-15 06:45:00,TRUE
9532,2026-12-29 18:45:00,FALSE
1181,2026-12-03 23:00:00,FALSE
6435,2027-07-03 00:45:00,FALSE
7420,2027-09-21 17:15:00,FALSE
6357,2025-01-18 05:45:00,TRUE
563,2026-07-20 14:15:00,FALSE
6225,2026-11-04 08:45:00,FALSE
1152,2027-12-01 22:30:00,FALSE
9460,2025-04-12 22:15:00,TRUE
20,2027-05-08 05:30:00,FALSE
1233,2027-07-09 08:15:00,FALSE
3330,2026-07-01 12:00:00,FALSE
8402,2025-11-08 11:15:00,TRUE
380,2027-08-07 22:30:00,FALSE
2307,2025-03-01 13:45:00,TRUE
9511,2027-11-04 01:45:00,FALSE
886,2027-03-24 05:00:00,FALSE
4322,2027-11-27 06:00:00,FALSE
9219,2025-10-17 22:15:00,TRUE
8333,2025-12-03 03:00:00,TRUE
5395,2027-07-12 23:00:00,FALSE
5863,2025-01-08 06:15:00,TRUE
1504,2026-02-03 08:15:00,TRUE
6024,2026-06-25 21:00:00,FALSE
1617,2027-08-14 06:30:00,FALSE
9975,2027-04-05 10:30:00,FALSE
6666,2025-11-15 01:15:00,TRUE
3666,2026-10-08 11:15:00,FALSE
97,2026-05-24 23:15:00,FALSE
280,2027-11-24 17:00:00,FALSE
5132,2026-09-13 18:30:00,FALSE
3478,2026-01-17 16:15:00,TRUE
1327,2025-05-14 15:00:00,TRUE
1662,2025-03-09 20:30:00,TRUE
810,2027-12-02 15:30:00,FALSE
2424,2027-08-15 12:15:00,FALSE
5594,2026-02-25 20:30:00,TRUE
2588,2026-01-12 11:45:00,TRUE
9950,2026-10-21 08:45:00,FALSE
1391,2026-07-09 19:15:00,FALSE
5916,2026-01-12 23:30:00,TRUE
8275,2025-05-05 10:30:00,TRUE
8329,2027-08-29 14:45:00,FALSE
8133,2027-04-14 08:30:00,FALSE
7881,2025-12-25 05:30:00,TRUE
1206,2026-07-14 02:45:00,FALSE
6211,2026-06-08 18:00:00,FALSE
391,2025-09-09 05:00:00,TRUE
9581,2025-05-28 00:00:00,TRUE
2103,2025-08-29 00:15:00,TRUE
5499,2025-04-30 01:00:00,TRUE
1871,2025-11-28 06:30:00,TRUE
1099,2027-10-10 01:45:00,FALSE
7609,2027-05-15 11:15:00,FALSE
9695,2025-10-17 15:30:00,TRUE
7220,2026-07-19 23:15:00,FALSE
6798,2026-01-03 07:00:00,TRUE
2775,2027-09-20 00:30:00,FALSE
8650,2026-10-23 23:30:00,FALSE
8581,2026-01-01 18:00:00,TRUE
8063,2026-07-10 21:00:00,FALSE
2030,2027-12-24 06:15:00,FALSE
6005,2027-05-30 10:00:00,FALSE
8106,2025-04-03 16:45:00,TRUE
5572,2027-03-25 08:30:00,FALSE
8790,2026-08-10 04:00:00,FALSE
4445,2027-12-01 07:15:00,FALSE
521,2025-04-25 19:45:00,TRUE
6317,2025-01-01 19:00:00,TRUE
9580,2026-01-06 20:30:00,TRUE
1747,2027-07-15 07:00:00,FALSE
1276,2027-07-22 17:45:00,FALSE
7941,2027-03-12 07:45:00,FALSE
5913,2027-05-11 07:15:00,FALSE
5914,2026-08-07 08:30:00,FALSE
784,2027-02-10 08:30:00,FALSE
4221,2026-02-17 21:00:00,TRUE
108,2025-06-29 12:45:00,TRUE
2844,2027-04-18 05:30:00,FALSE
1127,2026-01-05 15:00:00,TRUE
2402,2025-12-16 12:30:00,TRUE
3335,2026-08-06 01:30:00,FALSE
3669,2026-08-10 15:00:00,FALSE
7370,2025-01-12 17:45:00,TRUE
9390,2026-05-14 08:15:00,TRUE
6051,2025-08-22 23:45:00,TRUE
7877,2026-09-22 11:00:00,FALSE
5838,2027-03-31 09:30:00,FALSE
5539,2027-02-13 10:15:00,FALSE
8309,2025-03-23 12:00:00,TRUE
3243,2025-06-20 01:15:00,TRUE
8136,2025-07-12 19:45:00,TRUE
2730,2026-01-10 15:30:00,TRUE
2455,2025-04-10 18:15:00,TRUE
5461,2025-11-18 15:00:00,TRUE
2241,2026-08-12 06:15:00,FALSE
9047,2025-08-25 15:30:00,TRUE
3477,2025-08-19 13:00:00,TRUE
6200,2025-08-03 00:00:00,TRUE
1934,2025-01-17 12:15:00,TRUE
8259,2026-10-07 09:30:00,FALSE
6042,2026-11-02 14:30:00,FALSE
849,2027-02-12 14:45:00,FALSE
948,2026-01-29 22:15:00,TRUE
7462,2027-03-28 11:45:00,FALSE
3316,2025-04-03 15:00:00,TRUE
4491,2026-07-25 06:00:00,FALSE
8126,2026-08-05 09:45:00,FALSE
3680,2027-01-02 04:00:00,FALSE
5837,2027-07-06 09:30:00,FALSE
4282,2026-10-09 19:15:00,FALSE
1577,2027-10-02 15:00:00,FALSE
9010,2027-04-19 06:30:00,FALSE
2250,2026-01-24 01:45:00,TRUE
4067,2025-03-30 22:00:00,TRUE
6272,2025-12-20 09:00:00,TRUE
175,2026-08-21 20:45:00,FALSE
7194,2026-08-29 15:30:00,FALSE
6334,2026-04-02 04:15:00,TRUE
7424,2026-03-16 07:30:00,TRUE
8312,2026-01-22 14:30:00,TRUE
79,2027-10-26 09:15:00,FALSE
3434,2027-07-05 23:15:00,FALSE
3247,2025-11-02 00:00:00,TRUE
2334,2027-08-18 12:15:00,FALSE
507,2027-11-05 15:00:00,FALSE
9126,2025-10-06 13:15:00,TRUE
3973,2025-04-15 20:00:00,TRUE
1567,2025-06-12 16:00:00,TRUE
8941,2026-07-21 09:00:00,FALSE
594,2027-10-06 11:15:00,FALSE
4820,2025-12-26 14:00:00,TRUE
4343,2027-08-13 18:45:00,FALSE
2496,2026-11-28 10:00:00,FALSE
5768,2027-12-01 23:30:00,FALSE
4602,2027-07-06 04:15:00,FALSE
603,2027-01-13 02:30:00,FALSE
2888,2026-02-17 23:30:00,TRUE
1075,2026-10-09 17:00:00,FALSE
8391,2026-08-22 13:00:00,FALSE
7269,2025-12-03 05:30:00,TRUE
7984,2027-05-01 03:00:00,FALSE
6172,2025-08-17 11:45:00,TRUE
8967,2027-01-22 07:15:00,FALSE
2542,2027-11-05 22:00:00,FALSE
3682,2026-03-16 22:45:00,TRUE
5719,2027-02-08 14:00:00,FALSE
5132,2027-08-09 05:30:00,FALSE
3990,2026-07-05 14:30:00,FALSE
2362,2027-11-21 13:45:00,FALSE
9779,2027-02-11 07:15:00,FALSE
7258,2025-08-07 11:00:00,TRUE
3705,2027-07-02 15:30:00,FALSE
3834,2025-09-24 18:45:00,TRUE
872,2025-10-23 18:30:00,TRUE
5279,2026-06-24 18:15:00,FALSE
7885,2026-11-11 14:45:00,FALSE
8077,2027-10-06 14:15:00,FALSE
8470,2027-04-02 08:00:00,FALSE
9441,2027-12-25 21:45:00,FALSE
9817,2025-05-17 12:45:00,TRUE
2613,2027-09-04 03:45:00,FALSE
8526,2027-03-12 01:30:00,FALSE
727,2027-08-04 22:45:00,FALSE
9212,2026-06-16 03:15:00,FALSE
763,2025-12-01 09:15:00,TRUE
8797,2027-02-04 00:15:00,FALSE
3567,2025-08-23 15:30:00,TRUE
5503,2025-10-03 08:45:00,TRUE
6058,2025-12-07 20:30:00,TRUE
9264,2025-02-04 04:45:00,TRUE
5030,2026-11-13 17:15:00,FALSE
468,2026-11-13 22:45:00,FALSE
5678,2027-10-03 01:45:00,FALSE
4406,2025-10-05 12:45:00,TRUE
8934,2026-11-14 19:15:00,FALSE
9810,2027-02-02 15:00:00,FALSE
7832,2027-09-11 15:45:00,FALSE
902,2027-01-26 01:45:00,FALSE
3115,2027-04-08 12:30:00,FALSE
1562,2025-08-20 05:30:00,TRUE
7970,2025-09-03 14:00:00,TRUE
7767,2027-09-01 01:45:00,FALSE
2064,2027-02-06 15:15:00,FALSE
9301,2025-10-15 14:00:00,TRUE
770,2026-07-12 13:30:00,FALSE
8497,2027-08-29 10:00:00,FALSE
2563,2027-09-19 23:30:00,FALSE
6299,2026-09-09 06:30:00,FALSE
7655,2026-02-25 18:45:00,TRUE
3544,2027-08-10 18:15:00,FALSE
9662,2026-11-16 00:30:00,FALSE
3915,2026-08-06 10:00:00,FALSE
588,2026-10-26 08:00:00,FALSE
7912,2027-05-27 03:15:00,FALSE
2294,2027-12-08 12:30:00,FALSE
5908,2026-11-30 14:30:00,FALSE
4859,2027-03-17 11:15:00,FALSE
226,2025-11-09 14:00:00,TRUE
8752,2025-04-10 06:45:00,TRUE
7392,2027-09-11 13:15:00,FALSE
6406,2026-03-14 11:15:00,TRUE
7739,2027-10-17 04:00:00,FALSE
9720,2026-10-11 00:15:00,FALSE
1033,2026-11-25 10:00:00,FALSE
8183,2025-06-06 16:30:00,TRUE
3847,2026-04-25 06:45:00,TRUE
6783,2025-05-21 03:30:00,TRUE
556,2025-08-12 22:45:00,TRUE
3559,2025-10-04 14:30:00,TRUE
2659,2025-11-11 09:15:00,TRUE
658,2026-12-03 17:15:00,FALSE
346,2026-03-30 10:00:00,TRUE
7870,2027-10-06 07:15:00,FALSE
3453,2025-12-05 06:00:00,TRUE
9376,2025-04-15 18:00:00,TRUE
2282,2026-05-13 04:30:00,TRUE
4011,2025-10-20 12:15:00,TRUE
7427,2026-09-30 22:00:00,FALSE
2294,2026-02-06 08:45:00,TRUE
972,2027-07-11 11:00:00,FALSE
7716,2027-04-04 23:30:00,FALSE
5166,2026-04-30 06:30:00,TRUE
8486,2025-05-29 14:00:00,TRUE
8866,2025-05-22 07:15:00,TRUE
392,2027-06-04 04:30:00,FALSE
5721,2027-08-13 12:00:00,FALSE
2085,2027-05-01 10:15:00,FALSE
6779,2027-04-22 22:00:00,FALSE
7092,2025-08-12 19:00:00,TRUE
2451,2027-04-29 14:15:00,FALSE
9106,2025-07-08 20:00:00,TRUE
9644,2027-11-06 02:15:00,FALSE
3614,2027-10-24 07:00:00,FALSE
4889,2025-04-26 16:15:00,TRUE
9778,2025-02-14 17:45:00,TRUE
2992,2025-05-08 18:30:00,TRUE
9226,2027-10-06 12:00:00,FALSE
2751,2027-10-03 05:00:00,FALSE
3745,2026-04-12 03:45:00,TRUE
6961,2025-09-25 22:00:00,TRUE
4046,2027-02-18 06:30:00,FALSE
1405,2026-02-16 00:45:00,TRUE
1600,2025-09-23 15:30:00,TRUE
3286,2026-06-04 14:15:00,FALSE
6170,2027-09-20 05:30:00,FALSE
8351,2025-03-24 19:45:00,TRUE
5853,2026-06-15 23:15:00,FALSE
8628,2027-10-10 14:30:00,FALSE
5599,2025-10-11 21:15:00,TRUE
5400,2026-03-23 13:15:00,TRUE
1877,2025-12-19 20:45:00,TRUE
1930,2025-03-15 18:00:00,TRUE
3145,2027-12-07 08:00:00,FALSE
7989,2026-09-22 01:15:00,FALSE
5498,2027-12-14 01:45:00,FALSE
8427,2025-04-26 13:30:00,TRUE
824,2026-06-07 01:15:00,FALSE
1739,2027-05-21 18:30:00,FALSE
4555,2026-01-03 01:00:00,TRUE
2409,2026-04-03 20:30:00,TRUE
3320,2027-01-07 03:15:00,FALSE
3512,2025-06-08 09:00:00,TRUE
9166,2027-04-02 11:00:00,FALSE
9531,2027-09-14 01:00:00,FALSE
6023,2027-06-19 20:45:00,FALSE
5328,2025-11-28 06:15:00,TRUE
3176,2027-07-20 06:30:00,FALSE
9306,2027-11-22 06:15:00,FALSE
7889,2026-09-16 12:30:00,FALSE
9430,2026-01-12 15:00:00,TRUE
2649,2027-02-20 21:00:00,FALSE
3032,2026-01-03 05:00:00,TRUE
475,2027-11-27 22:30:00,FALSE
6041,2027-08-22 20:00:00,FALSE
1488,2026-02-17 23:30:00,TRUE
7659,2026-10-21 07:30:00,FALSE
8188,2025-08-03 19:30:00,TRUE
2419,2027-11-22 22:15:00,FALSE
7194,2026-08-30 03:45:00,FALSE
4993,2025-08-28 12:30:00,TRUE
6801,2026-10-05 21:45:00,FALSE
9947,2025-01-22 08:00:00,TRUE
2979,2027-10-09 15:15:00,FALSE
9472,2026-04-16 08:30:00,TRUE
3868,2026-12-03 02:00:00,FALSE
3186,2026-05-03 11:30:00,TRUE
1703,2027-04-05 19:15:00,FALSE
9514,2026-08-01 01:15:00,FALSE
1544,2026-02-09 06:15:00,TRUE
8495,2026-08-05 00:15:00,FALSE
6318,2025-03-22 21:00:00,TRUE
4920,2025-02-21 19:45:00,TRUE
5166,2026-08-02 03:45:00,FALSE
4230,2025-05-27 13:30:00,TRUE
1487,2026-11-28 22:15:00,FALSE
2742,2026-07-10 15:45:00,FALSE
9172,2025-11-30 03:45:00,TRUE
3990,2027-09-10 15:30:00,FALSE
2643,2027-04-14 04:00:00,FALSE
4446,2025-10-21 19:00:00,TRUE
8881,2026-08-07 12:00:00,FALSE
1144,2025-07-15 11:00:00,TRUE
3600,2026-09-06 18:45:00,FALSE
3768,2027-02-18 20:45:00,FALSE
670,2025-04-25 11:45:00,TRUE
3802,2026-11-16 04:45:00,FALSE
9890,2027-03-28 20:45:00,FALSE
1150,2027-01-15 12:45:00,FALSE
1164,2026-12-13 18:30:00,FALSE
1303,2025-11-19 23:30:00,TRUE
9811,2025-07-14 21:15:00,TRUE
4632,2025-09-20 04:30:00,TRUE
399,2025-09-02 21:30:00,TRUE
5139,2025-10-03 06:45:00,TRUE
767,2027-08-10 21:00:00,FALSE
6419,2025-09-30 05:00:00,TRUE
9579,2026-10-11 16:30:00,FALSE
6426,2026-07-23 02:30:00,FALSE
9895,2026-08-10 17:30:00,FALSE
7544,2027-12-17 17:30:00,FALSE
5326,2026-10-23 21:45:00,FALSE
7282,2026-06-06 08:00:00,FALSE
5970,2027-09-15 03:15:00,FALSE
4001,2027-10-26 09:00:00,FALSE
2688,2026-02-19 20:15:00,TRUE
8344,2026-10-31 06:15:00,FALSE
1822,2027-01-05 21:45:00,FALSE
6010,2025-07-01 18:15:00,TRUE
9539,2026-09-13 19:45:00,FALSE
9980,2026-07-20 23:15:00,FALSE
3010,2026-02-13 16:00:00,TRUE
5117,2025-09-02 06:15:00,TRUE
4614,2026-04-26 23:00:00,TRUE
6974,2025-08-17 17:30:00,TRUE
6688,2027-07-17 13:15:00,FALSE
5768,2026-03-01 04:30:00,TRUE
389,2025-10-23 16:00:00,TRUE
4096,2027-03-14 13:00:00,FALSE
6959,2027-12-03 09:00:00,FALSE
769,2025-08-06 21:15:00,TRUE
6571,2026-09-04 04:15:00,FALSE
3537,2025-05-23 05:15:00,TRUE
4578,2025-03-31 19:30:00,TRUE
1497,2027-10-28 03:30:00,FALSE
3766,2025-11-25 06:15:00,TRUE
1808,2025-01-27 22:30:00,TRUE
8187,2026-08-10 08:30:00,FALSE
8263,2027-11-19 03:00:00,FALSE
520,2027-09-01 21:00:00,FALSE
7388,2026-05-14 11:45:00,TRUE
6062,2027-07-03 14:00:00,FALSE
4433,2026-10-18 09:15:00,FALSE
4398,2026-06-17 11:15:00,FALSE
3014,2027-07-12 03:00:00,FALSE
6141,2026-09-18 04:30:00,FALSE
386,2026-10-06 06:00:00,FALSE
9517,2026-12-18 01:15:00,FALSE
5019,2025-12-26 21:00:00,TRUE
4125,2026-05-09 14:00:00,TRUE
9263,2027-08-05 03:00:00,FALSE
38,2027-08-29 19:45:00,FALSE
4984,2027-04-28 20:00:00,FALSE
6160,2027-05-29 22:15:00,FALSE
8864,2026-08-28 06:15:00,FALSE
4200,2027-05-17 03:00:00,FALSE
7041,2025-10-27 06:30:00,TRUE
6240,2027-05-04 08:30:00,FALSE
1235,2027-10-18 13:45:00,FALSE
9427,2025-03-15 19:00:00,TRUE
8420,2026-09-19 06:00:00,FALSE
503,2027-03-16 01:30:00,FALSE
6916,2025-12-07 01:15:00,TRUE
3039,2027-11-29 09:30:00,FALSE
7850,2027-10-14 01:00:00,FALSE
3660,2026-04-12 19:00:00,TRUE
6392,2026-06-09 21:00:00,FALSE
2249,2026-11-01 03:45:00,FALSE
9239,2027-12-02 02:00:00,FALSE
7160,2027-02-25 20:45:00,FALSE
514,2025-10-04 10:15:00,TRUE
2764,2025-04-22 01:45:00,TRUE
7454,2025-05-29 20:00:00,TRUE
9914,2025-11-27 12:30:00,TRUE
7108,2026-09-23 03:15:00,FALSE
9527,2025-12-20 10:15:00,TRUE
4929,2025-01-15 03:00:00,TRUE
3588,2026-07-12 09:45:00,FALSE
7516,2027-12-24 13:00:00,FALSE
2667,2027-12-08 04:30:00,FALSE
3276,2027-04-28 18:15:00,FALSE
1542,2027-12-04 06:45:00,FALSE
4680,2026-04-26 14:00:00,TRUE
1673,2026-11-01 04:30:00,FALSE
5059,2026-04-24 05:15:00,TRUE
1054,2027-04-17 09:45:00,FALSE
4789,2027-10-04 12:00:00,FALSE
3367,2025-04-04 05:45:00,TRUE
4391,2027-09-10 06:15:00,FALSE
4128,2025-09-17 21:30:00,TRUE
6103,2025-04-21 13:45:00,TRUE
5684,2026-10-20 03:00:00,FALSE
9545,2025-06-08 14:00:00,TRUE
8971,2025-05-09 08:00:00,TRUE
3886,2026-12-15 08:00:00,FALSE
8015,2025-06-21 08:15:00,TRUE
4480,2026-12-23 16:30:00,FALSE
9402,2025-03-11 16:15:00,TRUE
1724,2025-10-19 10:15:00,TRUE
2695,2025-06-12 04:45:00,TRUE
5652,2026-04-14 06:45:00,TRUE
9295,2026-03-22 11:30:00,TRUE
2664,2026-01-29 09:15:00,TRUE
7835,2026-09-18 01:00:00,FALSE
9234,2026-06-20 05:00:00,FALSE
2962,2026-01-04 12:30:00,TRUE
6985,2027-11-22 17:15:00,FALSE
8444,2026-12-05 12:30:00,FALSE
540,2025-06-06 06:45:00,TRUE
4225,2026-01-14 23:45:00,TRUE
7229,2026-12-06 20:30:00,FALSE
464,2026-06-26 12:45:00,FALSE
2453,2025-06-09 18:00:00,TRUE
5377,2025-11-15 16:00:00,TRUE
3037,2027-04-14 18:00:00,FALSE
139,2026-08-20 03:15:00,FALSE
6204,2027-05-11 04:30:00,FALSE
3319,2027-06-27 21:45:00,FALSE
6718,2027-11-03 16:00:00,FALSE
3958,2027-08-26 03:00:00,FALSE
9583,2026-02-18 15:00:00,TRUE
6208,2025-06-02 21:00:00,TRUE
3164,2026-09-22 03:00:00,FALSE
3328,2025-12-01 09:00:00,TRUE
6917,2026-07-03 22:30:00,FALSE
5580,2026-05-25 07:45:00,FALSE
3913,2027-08-30 20:45:00,FALSE
2163,2025-06-08 01:45:00,TRUE
283,2027-09-20 05:45:00,FALSE
900,2026-08-15 20:45:00,FALSE
2951,2025-10-02 07:15:00,TRUE
6737,2027-03-31 10:45:00,FALSE
4817,2026-09-24 09:15:00,FALSE
8715,2025-02-23 11:30:00,TRUE
5567,2025-07-29 09:30:00,TRUE
501,2026-01-25 08:45:00,TRUE
7751,2026-01-15 09:15:00,TRUE
2459,2027-11-16 05:15:00,FALSE
8065,2026-02-22 03:15:00,TRUE
6552,2025-10-10 18:00:00,TRUE
5691,2025-04-18 01:30:00,TRUE
3778,2026-03-06 16:30:00,TRUE
2920,2025-06-17 14:45:00,TRUE
4914,2027-02-18 16:30:00,FALSE
7500,2026-02-10 01:45:00,TRUE
3196,2026-10-17 02:45:00,FALSE
1470,2026-09-28 09:30:00,FALSE
7537,2026-12-22 12:00:00,FALSE
7969,2025-12-25 20:45:00,TRUE
548,2025-09-11 09:30:00,TRUE
940,2025-07-06 16:45:00,TRUE
6485,2027-09-15 04:45:00,FALSE
1508,2025-08-22 22:30:00,TRUE
5609,2025-05-10 21:00:00,TRUE
3729,2026-02-22 19:45:00,TRUE
7133,2025-04-07 18:00:00,TRUE
5552,2027-07-30 03:30:00,FALSE
9683,2026-03-05 04:45:00,TRUE
5742,2025-02-22 22:00:00,TRUE
2075,2026-09-24 17:15:00,FALSE
7706,2026-07-28 03:45:00,FALSE
3710,2025-02-27 15:15:00,TRUE
573,2025-08-27 06:30:00,TRUE
4039,2025-12-29 13:30:00,TRUE
6664,2025-10-14 18:15:00,TRUE
5419,2027-07-12 07:15:00,FALSE
2663,2027-08-26 00:45:00,FALSE
6651,2025-01-08 06:30:00,TRUE
9468,2026-12-04 17:00:00,FALSE
7263,2025-01-15 18:15:00,TRUE
9106,2027-05-10 13:45:00,FALSE
70,2026-06-19 15:00:00,FALSE
3221,2026-01-22 15:15:00,TRUE
6472,2027-09-17 09:15:00,FALSE
8933,2025-08-28 02:30:00,TRUE
3824,2025-11-05 17:30:00,TRUE
9817,2026-09-13 20:15:00,FALSE
1080,2026-05-16 02:30:00,FALSE
2549,2027-07-16 13:45:00,FALSE
8024,2026-09-13 17:00:00,FALSE
5265,2027-02-05 19:15:00,FALSE
8684,2025-02-25 19:00:00,TRUE
4023,2026-10-13 13:30:00,FALSE
8835,2026-01-24 04:00:00,TRUE
1741,2027-01-24 12:00:00,FALSE
7560,2025-03-28 05:00:00,TRUE
3928,2025-07-31 22:00:00,TRUE
8469,2027-09-07 08:45:00,FALSE
5143,2026-06-08 11:00:00,FALSE
6410,2025-07-15 00:00:00,TRUE
6792,2026-07-13 10:45:00,FALSE
4477,2027-03-28 08:45:00,FALSE
5252,2026-05-06 05:30:00,TRUE
6818,2026-10-16 09:30:00,FALSE
9731,2025-11-06 04:00:00,TRUE
5123,2027-10-15 13:30:00,FALSE
5808,2026-11-28 07:15:00,FALSE
549,2026-04-19 22:00:00,TRUE
7530,2027-03-14 22:00:00,FALSE
1537,2027-09-20 12:00:00,FALSE
4136,2027-05-16 15:45:00,FALSE
2754,2026-12-21 23:45:00,FALSE
2115,2027-12-02 05:00:00,FALSE
5497,2027-07-17 10:00:00,FALSE
6527,2027-10-18 01:45:00,FALSE
732,2025-12-13 04:30:00,TRUE
3950,2026-11-24 21:15:00,FALSE
6787,2026-05-18 22:30:00,FALSE
463,2026-05-09 15:45:00,TRUE
3935,2026-09-26 11:15:00,FALSE
2519,2027-03-15 12:15:00,FALSE
5732,2025-03-20 15:15:00,TRUE
2566,2026-05-01 07:45:00,TRUE
2835,2027-07-02 22:30:00,FALSE
893,2026-01-05 22:45:00,TRUE
7909,2025-06-04 06:00:00,TRUE
8226,2026-06-13 11:30:00,FALSE
2986,2026-02-20 03:00:00,TRUE
5969,2026-09-05 05:30:00,FALSE
288,2025-02-04 18:00:00,TRUE
379,2025-10-01 21:30:00,TRUE
6,2026-10-04 07:15:00,FALSE
7838,2026-11-23 19:00:00,FALSE
3610,2026-12-26 11:45:00,FALSE
4267,2025-06-10 22:30:00,TRUE
5025,2027-03-04 15:15:00,FALSE
2723,2027-08-30 22:30:00,FALSE
7764,2026-05-25 19:15:00,FALSE
9636,2025-07-08 10:30:00,TRUE
6189,2027-05-11 23:30:00,FALSE
4619,2027-07-09 13:45:00,FALSE
1774,2026-10-08 23:45:00,FALSE
9727,2026-12-31 12:45:00,FALSE
7288,2027-05-14 17:15:00,FALSE
7861,2026-02-01 13:15:00,TRUE
148,2026-12-22 00:00:00,FALSE
7937,2027-06-20 00:15:00,FALSE
4284,2027-08-05 00:15:00,FALSE
7556,2025-12-20 04:00:00,TRUE
330,2027-09-27 17:30:00,FALSE
6535,2025-09-14 03:00:00,TRUE
6677,2027-08-04 11:45:00,FALSE
3817,2027-10-30 02:45:00,FALSE
7834,2026-02-21 20:45:00,TRUE
4296,2025-05-27 10:45:00,TRUE
8428,2026-07-20 11:30:00,FALSE
5420,2027-11-11 02:45:00,FALSE
6140,2027-04-16 18:15:00,FALSE
8338,2027-09-25 06:00:00,FALSE
592,2026-02-21 10:30:00,TRUE
1709,2025-01-23 11:00:00,TRUE
8074,2027-05-23 09:00:00,FALSE
3480,2025-05-04 15:00:00,TRUE
9,2025-12-26 14:00:00,TRUE
3385,2025-04-03 21:45:00,TRUE
6428,2027-03-20 13:15:00,FALSE
6140,2026-09-21 09:45:00,FALSE
5176,2025-02-28 11:15:00,TRUE
3306,2026-01-21 20:15:00,TRUE
4217,2027-06-06 01:30:00,FALSE
9417,2027-05-02 06:15:00,FALSE
1437,2027-09-27 22:30:00,FALSE
7007,2025-04-05 10:00:00,TRUE
10009,2027-09-19 08:30:00,FALSE
6014,2027-04-19 03:15:00,FALSE
8517,2025-09-14 03:15:00,TRUE
4862,2025-02-07 13:30:00,TRUE
3745,2026-06-18 13:45:00,FALSE
4952,2026-03-04 09:15:00,TRUE
3933,2027-06-15 10:30:00,FALSE
4074,2027-07-17 05:45:00,FALSE
4084,2027-03-12 18:00:00,FALSE
4926,2027-06-19 19:30:00,FALSE
7769,2027-06-21 19:30:00,FALSE
4113,2027-11-29 12:30:00,FALSE
6916,2027-08-26 16:00:00,FALSE
2285,2025-11-13 01:00:00,TRUE
4662,2026-08-16 16:45:00,FALSE
2,2026-12-04 21:45:00,FALSE
9718,2025-05-26 09:45:00,TRUE
7465,2026-02-21 14:15:00,TRUE
6508,2027-06-28 08:45:00,FALSE
6151,2025-04-20 23:45:00,TRUE
7826,2027-06-21 06:45:00,FALSE
3689,2025-01-10 19:45:00,TRUE
4135,2025-12-04 22:00:00,TRUE
7039,2025-06-18 16:30:00,TRUE
6634,2027-07-09 06:30:00,FALSE
355,2027-08-11 02:00:00,FALSE
7593,2026-01-25 05:15:00,TRUE
4256,2025-11-06 03:45:00,TRUE
7748,2027-05-26 09:15:00,FALSE
10008,2026-07-24 07:00:00,FALSE
6910,2025-10-14 22:00:00,TRUE
5679,2025-01-06 20:00:00,TRUE
7460,2027-04-29 07:30:00,FALSE
6713,2026-10-31 08:15:00,FALSE
5559,2025-04-06 06:30:00,TRUE
2294,2025-01-01 20:30:00,TRUE
1172,2026-04-22 17:45:00,TRUE
2595,2027-08-13 01:30:00,FALSE
9989,2027-11-13 18:15:00,FALSE
9398,2026-03-16 15:00:00,TRUE
8032,2026-06-06 06:30:00,FALSE
7718,2025-06-18 09:30:00,TRUE
1880,2026-01-26 03:00:00,TRUE
9137,2027-07-03 06:00:00,FALSE
3966,2026-02-26 04:30:00,TRUE
3458,2025-07-01 03:45:00,TRUE
7336,2025-10-25 08:15:00,TRUE
1623,2025-01-11 12:15:00,TRUE
7523,2026-05-26 15:15:00,FALSE
916,2025-12-17 13:15:00,TRUE
6729,2026-07-01 07:15:00,FALSE
1782,2026-08-24 07:30:00,FALSE
7193,2025-11-08 23:15:00,TRUE
201,2026-11-21 05:00:00,FALSE
9262,2027-07-26 15:00:00,FALSE
2956,2025-04-26 10:00:00,TRUE
943,2026-04-03 17:30:00,TRUE
1707,2026-10-31 13:30:00,FALSE
224,2025-06-30 21:30:00,TRUE
2426,2027-02-01 19:00:00,FALSE
3483,2025-04-01 22:15:00,TRUE
3310,2025-07-25 20:00:00,TRUE
4782,2027-11-22 23:15:00,FALSE
7845,2026-08-06 17:00:00,FALSE
9460,2026-08-28 18:45:00,FALSE
4102,2025-10-29 19:30:00,TRUE
3701,2025-05-22 05:30:00,TRUE
3848,2025-07-13 20:15:00,TRUE
168,2026-10-28 12:00:00,FALSE
9820,2026-10-18 16:30:00,FALSE
9890,2026-10-02 10:00:00,FALSE
6053,2025-01-18 22:45:00,TRUE
6461,2027-02-16 19:45:00,FALSE
4333,2027-06-15 16:45:00,FALSE
5362,2025-10-17 22:00:00,TRUE
4302,2027-09-15 17:30:00,FALSE
1193,2026-03-20 19:30:00,TRUE
7938,2026-03-31 11:15:00,TRUE
9742,2025-12-30 12:00:00,TRUE
4764,2027-06-16 07:15:00,FALSE
9450,2027-04-10 03:45:00,FALSE
2611,2026-06-02 21:30:00,FALSE
8477,2027-11-24 12:45:00,FALSE
2751,2027-03-05 00:45:00,FALSE
6206,2027-10-06 02:45:00,FALSE
2468,2026-10-22 12:00:00,FALSE
8415,2025-12-17 00:00:00,TRUE
1387,2027-12-14 04:30:00,FALSE
5888,2026-04-19 17:00:00,TRUE
9428,2027-07-25 16:15:00,FALSE
2198,2026-12-22 17:00:00,FALSE
1239,2025-11-09 02:45:00,TRUE
5019,2027-05-24 03:30:00,FALSE
8167,2026-07-10 14:00:00,FALSE
8357,2027-03-23 23:30:00,FALSE
7836,2026-12-28 13:15:00,FALSE
3328,2027-10-11 13:00:00,FALSE
25,2025-07-11 22:45:00,TRUE
8190,2027-11-18 03:30:00,FALSE
8475,2026-07-17 10:00:00,FALSE
501,2025-02-04 06:45:00,TRUE
5766,2025-08-12 04:30:00,TRUE
7179,2026-08-29 23:00:00,FALSE
6082,2025-04-19 04:15:00,TRUE
4755,2025-07-20 05:00:00,TRUE
9808,2026-04-23 00:30:00,TRUE
9923,2026-09-01 18:30:00,FALSE
9636,2027-09-07 19:15:00,FALSE
943,2027-09-13 12:00:00,FALSE
6949,2027-09-27 22:15:00,FALSE
144,2025-08-11 15:30:00,TRUE
1803,2026-07-25 05:15:00,FALSE
1418,2025-09-14 06:15:00,TRUE
4322,2026-11-09 02:15:00,FALSE
5481,2026-06-08 20:45:00,FALSE
1370,2026-12-18 13:45:00,FALSE
4517,2027-09-12 03:00:00,FALSE
2680,2027-09-07 23:45:00,FALSE
9478,2027-02-16 08:15:00,FALSE
4887,2026-04-19 00:00:00,TRUE
8759,2026-02-03 02:30:00,TRUE
5588,2026-04-27 22:30:00,TRUE
7924,2027-09-13 15:00:00,FALSE
5561,2027-01-05 16:30:00,FALSE
7974,2026-01-08 16:15:00,TRUE
592,2026-04-01 02:45:00,TRUE
8826,2026-07-30 07:15:00,FALSE
8810,2025-09-07 20:00:00,TRUE
1640,2026-02-19 11:45:00,TRUE
4688,2027-03-06 15:45:00,FALSE
4243,2027-12-14 16:45:00,FALSE
1385,2026-02-18 16:30:00,TRUE
5126,2026-06-27 17:15:00,FALSE
6589,2025-02-14 11:30:00,TRUE
8491,2027-05-03 11:00:00,FALSE
6315,2025-04-07 03:00:00,TRUE
3522,2025-05-27 02:15:00,TRUE
8988,2025-08-26 02:00:00,TRUE
9291,2025-02-22 11:30:00,TRUE
5469,2025-10-30 08:30:00,TRUE
2373,2025-05-18 12:30:00,TRUE
6347,2026-03-21 05:00:00,TRUE
8874,2026-10-22 02:15:00,FALSE
8403,2027-10-18 21:30:00,FALSE
6586,2025-07-14 05:15:00,TRUE
8850,2025-01-19 00:30:00,TRUE
4845,2025-06-23 00:00:00,TRUE
2966,2027-05-17 05:00:00,FALSE
291,2025-06-23 19:45:00,TRUE
2074,2027-05-29 09:15:00,FALSE
9791,2027-05-02 06:30:00,FALSE
1316,2025-05-13 18:15:00,TRUE
6653,2026-06-27 07:00:00,FALSE
4799,2027-05-14 06:45:00,FALSE
3905,2027-10-19 21:30:00,FALSE
1322,2025-12-23 03:00:00,TRUE
1166,2025-11-06 07:15:00,TRUE
8172,2026-10-04 09:45:00,FALSE
9188,2026-08-08 19:00:00,FALSE
1666,2027-06-17 23:00:00,FALSE
1616,2025-11-07 15:30:00,TRUE
9979,2026-10-14 16:45:00,FALSE
1423,2027-01-16 08:30:00,FALSE
524,2026-11-06 05:45:00,FALSE
5456,2025-05-18 22:30:00,TRUE
633,2026-12-12 12:30:00,FALSE
3295,2025-07-03 04:30:00,TRUE
5345,2026-08-12 05:15:00,FALSE
1172,2025-04-07 17:15:00,TRUE
7014,2026-09-24 12:15:00,FALSE
7113,2026-02-24 21:45:00,TRUE
3206,2025-10-27 02:30:00,TRUE
6858,2026-06-19 04:45:00,FALSE
193,2027-05-29 06:00:00,FALSE
706,2026-09-20 10:45:00,FALSE
2609,2025-05-15 15:00:00,TRUE
6559,2026-09-22 20:30:00,FALSE
9425,2025-07-11 19:00:00,TRUE
8015,2025-08-30 15:45:00,TRUE
6250,2027-06-11 01:30:00,FALSE
2952,2025-02-03 22:15:00,TRUE
5140,2026-12-28 02:45:00,FALSE
398,2026-11-18 20:45:00,FALSE
821,2026-01-23 18:30:00,TRUE
9032,2027-06-02 08:45:00,FALSE
4888,2027-01-22 07:45:00,FALSE
1692,2027-06-04 09:30:00,FALSE
8003,2025-09-13 13:15:00,TRUE
7962,2027-07-29 02:30:00,FALSE
1771,2027-05-30 02:30:00,FALSE
639,2026-06-01 14:30:00,FALSE
4539,2027-12-26 11:15:00,FALSE
4991,2026-12-29 14:45:00,FALSE
6869,2026-12-23 00:45:00,FALSE
8540,2026-02-10 23:45:00,TRUE
1625,2025-10-19 16:00:00,TRUE
9340,2027-12-12 16:00:00,FALSE
8872,2026-05-18 21:15:00,FALSE
5119,2027-05-03 11:00:00,FALSE
7263,2026-07-19 04:15:00,FALSE
4068,2027-01-23 16:45:00,FALSE
3870,2027-12-10 07:45:00,FALSE
7445,2025-02-27 05:30:00,TRUE
2827,2027-03-18 11:45:00,FALSE
1928,2027-07-29 23:30:00,FALSE
5294,2026-04-30 15:15:00,TRUE
5659,2027-08-10 14:30:00,FALSE
236,2027-02-10 00:15:00,FALSE
2005,2026-06-22 06:00:00,FALSE
6612,2025-01-23 20:30:00,TRUE
2892,2026-01-23 01:30:00,TRUE
2323,2025-08-22 08:30:00,TRUE
6172,2026-02-13 13:30:00,TRUE
9204,2026-10-26 08:45:00,FALSE
8802,2025-02-12 16:15:00,TRUE
3412,2026-12-07 04:15:00,FALSE
2776,2026-01-03 15:15:00,TRUE
6755,2027-02-10 01:15:00,FALSE
2620,2026-08-16 19:45:00,FALSE
2111,2026-02-02 15:30:00,TRUE
2545,2026-06-04 06:15:00,FALSE
4599,2027-10-10 15:00:00,FALSE
8146,2026-09-27 02:45:00,FALSE
3229,2025-12-03 19:15:00,TRUE
4667,2025-01-19 17:45:00,TRUE
876,2027-02-28 11:30:00,FALSE
3318,2025-09-11 22:00:00,TRUE
6756,2027-10-11 19:45:00,FALSE
7787,2025-01-07 06:15:00,TRUE
2497,2027-08-16 04:15:00,FALSE
3891,2026-04-29 06:00:00,TRUE
7536,2027-09-24 17:45:00,FALSE
2348,2025-08-04 18:15:00,TRUE
2551,2026-11-20 17:00:00,FALSE
4076,2025-08-04 07:30:00,TRUE
2216,2025-04-03 06:45:00,TRUE
2972,2027-07-13 20:45:00,FALSE
8977,2027-09-12 06:15:00,FALSE
9724,2027-07-19 02:15:00,FALSE
3976,2026-06-03 20:00:00,FALSE
9424,2025-11-28 23:15:00,TRUE
2566,2027-02-26 04:30:00,FALSE
4000,2027-11-01 01:45:00,FALSE
9482,2025-05-04 02:30:00,TRUE
5375,2025-08-23 02:45:00,TRUE
6271,2026-11-03 09:30:00,FALSE
796,2025-11-28 09:00:00,TRUE
1236,2026-09-23 18:45:00,FALSE
2845,2025-11-30 23:45:00,TRUE
4215,2025-12-27 13:45:00,TRUE
8493,2026-08-28 15:45:00,FALSE
9452,2026-05-17 08:00:00,FALSE
442,2025-06-02 00:45:00,TRUE
9163,2025-04-24 22:30:00,TRUE
3163,2026-09-14 18:00:00,FALSE
8245,2025-10-05 17:30:00,TRUE
8601,2026-05-14 03:15:00,TRUE
4085,2025-07-07 08:45:00,TRUE
2762,2027-02-16 04:15:00,FALSE
6520,2026-11-13 01:15:00,FALSE
6927,2026-04-12 07:15:00,TRUE
8527,2026-09-29 23:45:00,FALSE
420,2025-09-13 00:00:00,TRUE
9596,2026-07-23 18:45:00,FALSE
8653,2025-11-18 01:45:00,TRUE
3169,2027-06-05 10:45:00,FALSE
1048,2025-07-18 03:00:00,TRUE
2319,2027-11-07 18:30:00,FALSE
7634,2027-09-05 17:45:00,FALSE
7907,2025-02-27 16:15:00,TRUE
9504,2025-05-09 11:15:00,TRUE
2644,2026-08-23 02:45:00,FALSE
1397,2025-05-07 13:30:00,TRUE
6976,2025-05-06 01:15:00,TRUE
1910,2025-05-02 12:30:00,TRUE
5340,2027-12-28 20:45:00,FALSE
1588,2025-11-07 12:30:00,TRUE
379,2025-05-06 23:15:00,TRUE
2646,2025-11-16 06:30:00,TRUE
3053,2026-11-01 21:45:00,FALSE
6220,2027-04-14 02:30:00,FALSE
5466,2026-02-06 18:45:00,TRUE
8344,2027-10-26 11:45:00,FALSE
8188,2027-01-05 22:00:00,FALSE
4635,2027-04-02 22:45:00,FALSE
7404,2025-09-18 07:45:00,TRUE
7129,2026-09-20 00:45:00,FALSE
8558,2025-09-08 16:00:00,TRUE
3635,2027-03-21 14:15:00,FALSE
3378,2025-11-09 23:15:00,TRUE
9388,2025-08-31 19:15:00,TRUE
2535,2026-10-09 17:30:00,FALSE
4544,2026-09-29 10:30:00,FALSE
1145,2027-12-19 17:00:00,FALSE
4042,2025-08-18 18:00:00,TRUE
437,2026-07-12 14:45:00,FALSE
4739,2026-04-02 05:30:00,TRUE
4557,2027-01-05 10:15:00,FALSE
5764,2025-03-30 03:30:00,TRUE
4652,2027-05-09 20:15:00,FALSE
5564,2025-03-22 08:30:00,TRUE
476,2026-08-11 10:45:00,FALSE
6731,2026-01-05 09:45:00,TRUE
5248,2027-02-28 22:30:00,FALSE
10003,2025-04-03 12:30:00,TRUE
8484,2025-02-01 15:45:00,TRUE
680,2025-02-13 17:15:00,TRUE
4061,2026-10-20 06:15:00,FALSE
8639,2026-12-27 21:00:00,FALSE
2063,2025-09-29 05:15:00,TRUE
8889,2026-01-25 03:45:00,TRUE
2841,2026-08-11 18:45:00,FALSE
9064,2026-02-26 09:30:00,TRUE
5377,2027-02-28 19:30:00,FALSE
6051,2027-03-24 07:30:00,FALSE
2063,2025-04-05 15:15:00,TRUE
2324,2027-04-07 15:00:00,FALSE
2529,2026-06-24 11:30:00,FALSE
4335,2027-06-01 13:00:00,FALSE
6049,2027-03-23 03:45:00,FALSE
9184,2026-05-08 00:45:00,TRUE
5386,2027-10-29 01:15:00,FALSE
1424,2026-09-29 22:30:00,FALSE
1471,2025-10-20 13:45:00,TRUE
686,2027-04-19 07:30:00,FALSE
1287,2027-01-21 14:15:00,FALSE
9667,2026-06-22 22:15:00,FALSE
1674,2025-10-21 06:30:00,TRUE
5333,2027-08-05 07:00:00,FALSE
8971,2027-02-17 17:45:00,FALSE
9720,2027-10-09 04:45:00,FALSE
1813,2025-12-01 14:30:00,TRUE
8362,2026-06-02 08:45:00,FALSE
1378,2026-02-02 14:45:00,TRUE
4211,2026-07-05 16:30:00,FALSE
9617,2025-09-25 11:15:00,TRUE
4929,2026-08-19 14:15:00,FALSE
4402,2026-01-31 20:00:00,TRUE
10003,2025-03-19 05:15:00,TRUE
5874,2025-05-25 17:15:00,TRUE
1864,2026-06-25 21:45:00,FALSE
1119,2027-11-05 12:30:00,FALSE
628,2026-06-14 01:15:00,FALSE
1480,2026-11-19 00:30:00,FALSE
942,2025-09-20 15:45:00,TRUE
3479,2026-08-30 21:00:00,FALSE
5891,2025-02-13 10:30:00,TRUE
4991,2025-02-13 06:15:00,TRUE
852,2025-01-11 13:15:00,TRUE
8438,2026-03-03 02:30:00,TRUE
1512,2026-10-13 15:15:00,FALSE
3772,2026-05-09 22:00:00,TRUE
5426,2025-12-02 18:15:00,TRUE
7518,2026-03-12 02:30:00,TRUE
9994,2026-11-10 23:30:00,FALSE
2902,2026-03-29 01:00:00,TRUE
6176,2026-06-10 08:00:00,FALSE
6130,2027-06-02 17:30:00,FALSE
2663,2027-01-28 19:45:00,FALSE
5055,2027-03-04 17:45:00,FALSE
3141,2027-04-24 12:30:00,FALSE
3969,2027-03-11 04:00:00,FALSE
4097,2025-12-19 03:00:00,TRUE
3566,2025-10-23 17:15:00,TRUE
3709,2026-02-28 21:15:00,TRUE
3144,2026-04-12 04:30:00,TRUE
9313,2025-08-21 07:15:00,TRUE
8188,2026-11-14 22:15:00,FALSE
5653,2026-09-20 12:30:00,FALSE
3260,2025-12-19 01:45:00,TRUE
2993,2025-09-16 16:00:00,TRUE
7712,2025-03-03 22:30:00,TRUE
4132,2026-09-13 22:00:00,FALSE
1992,2027-02-06 14:30:00,FALSE
969,2027-11-17 14:45:00,FALSE
6075,2027-06-09 08:00:00,FALSE
3772,2027-03-12 20:00:00,FALSE
9120,2026-01-26 13:45:00,TRUE
2866,2026-05-08 03:45:00,TRUE
5906,2027-07-15 19:30:00,FALSE
5936,2025-01-27 23:45:00,TRUE
6840,2025-05-07 04:00:00,TRUE
8001,2027-09-23 21:00:00,FALSE
2803,2025-04-04 22:45:00,TRUE
6280,2027-03-26 22:00:00,FALSE
9349,2025-12-28 21:45:00,TRUE
2096,2027-09-22 22:00:00,FALSE
1121,2025-05-06 21:00:00,TRUE
9117,2025-04-14 11:00:00,TRUE
3008,2027-10-02 05:15:00,FALSE
9958,2027-06-08 10:45:00,FALSE
6166,2027-09-24 23:30:00,FALSE
2287,2026-11-19 14:15:00,FALSE
6568,2027-11-22 18:00:00,FALSE
4198,2025-08-20 23:15:00,TRUE
5202,2025-05-16 19:15:00,TRUE
2147,2027-08-02 21:15:00,FALSE
594,2025-10-01 11:45:00,TRUE
3402,2025-12-25 15:15:00,TRUE
3481,2027-06-19 22:45:00,FALSE
8172,2026-08-16 11:15:00,FALSE
6377,2027-10-02 11:45:00,FALSE
4533,2027-08-01 14:15:00,FALSE
3870,2027-06-11 03:30:00,FALSE
5837,2025-07-23 13:00:00,TRUE
9806,2027-01-11 13:30:00,FALSE
654,2025-05-20 20:15:00,TRUE
62,2026-12-21 02:15:00,FALSE
2790,2026-10-01 06:00:00,FALSE
2079,2027-02-14 08:15:00,FALSE
3133,2026-05-15 04:30:00,TRUE
6281,2025-03-04 18:30:00,TRUE
9748,2025-02-11 13:15:00,TRUE
989,2026-05-22 20:45:00,FALSE
5988,2025-08-03 23:45:00,TRUE
9562,2026-07-17 18:45:00,FALSE
283,2025-03-05 16:15:00,TRUE
305,2027-03-12 23:45:00,FALSE
6029,2026-04-17 14:00:00,TRUE
8520,2026-07-08 11:00:00,FALSE
1048,2026-06-19 23:00:00,FALSE
7670,2027-01-22 21:45:00,FALSE
6647,2026-04-14 02:45:00,TRUE
5263,2025-10-03 09:00:00,TRUE
8437,2025-09-06 01:45:00,TRUE
3384,2026-11-09 05:00:00,FALSE
4501,2027-10-31 09:00:00,FALSE
482,2026-06-10 10:15:00,FALSE
9541,2025-03-12 19:00:00,TRUE
2001,2026-02-14 04:15:00,TRUE
8676,2025-07-26 20:30:00,TRUE
4215,2027-07-17 19:15:00,FALSE
9327,2025-05-15 15:00:00,TRUE
4055,2027-07-31 23:00:00,FALSE
2981,2025-12-19 16:30:00,TRUE
3175,2025-10-17 03:15:00,TRUE
3021,2027-10-12 07:15:00,FALSE
7194,2025-09-25 23:15:00,TRUE
1097,2026-02-05 11:30:00,TRUE
9979,2025-03-18 06:30:00,TRUE
1096,2025-02-17 10:30:00,TRUE
2554,2025-12-12 19:00:00,TRUE
3655,2025-10-26 07:30:00,TRUE
522,2025-02-02 12:00:00,TRUE
3834,2025-05-31 17:30:00,TRUE
788,2025-06-12 23:30:00,TRUE
6980,2025-03-09 21:00:00,TRUE
6049,2026-11-18 13:30:00,FALSE
5262,2025-05-29 13:30:00,TRUE
2088,2026-09-30 21:45:00,FALSE
6224,2025-11-02 10:30:00,TRUE
6018,2026-11-05 23:45:00,FALSE
4013,2027-05-02 02:15:00,FALSE
5312,2025-11-12 08:00:00,TRUE
3728,2027-07-02 10:30:00,FALSE
8179,2027-07-13 14:30:00,FALSE
3049,2027-06-08 10:45:00,FALSE
4927,2026-02-20 16:45:00,TRUE
8724,2025-01-08 01:00:00,TRUE
256,2027-08-02 23:30:00,FALSE
5247,2027-11-27 00:45:00,FALSE
8196,2027-01-06 13:00:00,FALSE
1762,2025-12-05 14:15:00,TRUE
6757,2025-07-01 05:15:00,TRUE
7849,2025-09-01 11:00:00,TRUE
9796,2027-05-31 21:30:00,FALSE
5188,2025-03-15 01:45:00,TRUE
7645,2027-10-19 08:45:00,FALSE
5381,2026-11-13 02:45:00,FALSE
5264,2025-01-10 20:30:00,TRUE
386,2025-08-25 11:45:00,TRUE
1953,2026-01-06 07:45:00,TRUE
828,2026-09-28 04:15:00,FALSE
500,2026-11-22 08:30:00,FALSE
7985,2026-01-07 23:45:00,TRUE
4707,2025-01-13 08:15:00,TRUE
5127,2027-04-05 13:15:00,FALSE
4631,2026-11-10 23:45:00,FALSE
7666,2027-10-03 19:30:00,FALSE
130,2027-12-15 14:00:00,FALSE
8869,2027-07-16 12:30:00,FALSE
3128,2025-12-06 23:45:00,TRUE
6046,2027-07-07 04:15:00,FALSE
3462,2025-12-01 14:00:00,TRUE
9229,2026-07-16 02:30:00,FALSE
106,2025-11-25 03:45:00,TRUE
769,2025-01-21 19:00:00,TRUE
3911,2025-08-10 15:45:00,TRUE
380,2027-11-23 14:15:00,FALSE
4348,2027-12-22 05:00:00,FALSE
3234,2025-05-25 04:30:00,TRUE
8912,2026-08-03 08:45:00,FALSE
8022,2025-11-27 01:00:00,TRUE
9465,2025-10-25 14:15:00,TRUE
7009,2025-03-30 15:30:00,TRUE
9143,2025-07-12 15:00:00,TRUE
9978,2025-03-21 10:45:00,TRUE
2981,2026-07-08 20:45:00,FALSE
3210,2026-11-26 06:45:00,FALSE
2075,2026-01-06 19:45:00,TRUE
3333,2025-12-31 10:45:00,TRUE
5559,2025-12-16 18:00:00,TRUE
4210,2027-07-21 12:00:00,FALSE
4928,2026-12-27 17:30:00,FALSE
7304,2026-10-08 04:00:00,FALSE
1919,2025-01-16 02:15:00,TRUE
2390,2025-05-30 22:45:00,TRUE
8295,2026-02-03 12:45:00,TRUE
417,2026-07-13 03:30:00,FALSE
561,2027-04-18 08:00:00,FALSE
9173,2026-10-21 13:15:00,FALSE
7062,2027-12-20 20:45:00,FALSE
1672,2027-01-03 03:15:00,FALSE
7881,2026-08-13 06:45:00,FALSE
6040,2026-05-22 04:45:00,FALSE
6217,2025-05-21 05:15:00,TRUE
5429,2025-05-08 11:00:00,TRUE
6441,2027-11-02 04:15:00,FALSE
5558,2027-03-31 19:15:00,FALSE
8853,2027-05-14 12:30:00,FALSE
9569,2025-07-21 12:30:00,TRUE
7866,2026-01-01 16:15:00,TRUE
3384,2027-02-10 22:45:00,FALSE
5343,2026-01-25 19:15:00,TRUE
7382,2026-05-01 07:00:00,TRUE
5890,2027-02-26 16:45:00,FALSE
4070,2026-12-26 17:45:00,FALSE
1024,2026-12-27 08:15:00,FALSE
9257,2025-01-10 19:30:00,TRUE
8111,2025-04-07 06:00:00,TRUE
3658,2026-05-04 01:45:00,TRUE
9895,2027-11-04 23:15:00,FALSE
6202,2025-11-05 15:30:00,TRUE
2231,2026-06-14 15:45:00,FALSE
2611,2026-12-12 07:30:00,FALSE
340,2025-04-21 20:00:00,TRUE
8205,2027-05-02 07:30:00,FALSE
1257,2025-03-27 08:30:00,TRUE
4886,2025-05-22 11:00:00,TRUE
5807,2027-04-25 20:00:00,FALSE
2089,2027-04-29 19:30:00,FALSE
9293,2026-01-02 19:15:00,TRUE
7007,2027-10-13 01:00:00,FALSE
1858,2025-01-08 14:45:00,TRUE
3209,2026-02-20 04:00:00,TRUE
3927,2025-04-20 15:45:00,TRUE
4261,2025-05-27 19:30:00,TRUE
6874,2026-01-11 07:30:00,TRUE
6574,2025-10-27 07:15:00,TRUE
345,2025-06-19 17:30:00,TRUE
9271,2026-01-24 07:00:00,TRUE
4941,2027-12-02 10:45:00,FALSE
6183,2026-01-08 19:15:00,TRUE
2413,2025-10-10 14:30:00,TRUE
4387,2025-05-16 05:30:00,TRUE
2481,2027-01-26 21:30:00,FALSE
1682,2027-09-23 06:00:00,FALSE
8603,2026-01-01 02:15:00,TRUE
7457,2026-12-02 16:00:00,FALSE
9954,2026-11-27 12:30:00,FALSE
6714,2025-01-15 04:45:00,TRUE
6367,2027-05-05 10:45:00,FALSE
5385,2027-07-21 09:15:00,FALSE
5535,2026-09-20 18:00:00,FALSE
1928,2027-04-08 10:15:00,FALSE
9786,2025-04-04 02:00:00,TRUE
1196,2025-04-14 11:00:00,TRUE
7221,2026-11-02 15:45:00,FALSE
4022,2025-03-01 00:00:00,TRUE
8856,2026-09-08 16:30:00,FALSE
10004,2025-11-01 00:00:00,TRUE
1544,2025-05-26 02:45:00,TRUE
4689,2026-09-08 00:00:00,FALSE
5782,2027-06-14 04:15:00,FALSE
1885,2026-11-16 14:45:00,FALSE
1581,2025-08-11 21:30:00,TRUE
1457,2026-04-06 16:00:00,TRUE
2293,2027-11-23 23:15:00,FALSE
426,2025-10-03 18:30:00,TRUE
9856,2027-06-04 10:00:00,FALSE
704,2026-05-06 18:45:00,TRUE
5754,2026-05-28 07:45:00,FALSE
7262,2026-10-21 19:30:00,FALSE
2078,2026-09-12 23:45:00,FALSE
2887,2027-07-29 04:15:00,FALSE
6626,2026-12-23 07:15:00,FALSE
221,2025-02-15 02:30:00,TRUE
4854,2027-01-01 20:30:00,FALSE
7023,2027-10-30 23:30:00,FALSE
9437,2025-09-24 14:45:00,TRUE
7262,2026-08-15 23:45:00,FALSE
1510,2027-12-11 09:15:00,FALSE
8054,2025-04-04 00:30:00,TRUE
1440,2026-06-17 09:00:00,FALSE
1244,2025-08-11 05:45:00,TRUE
9577,2026-10-25 01:45:00,FALSE
9729,2027-10-08 18:15:00,FALSE
8526,2025-05-04 12:00:00,TRUE
8626,2027-06-19 15:45:00,FALSE
4194,2025-12-24 20:00:00,TRUE
2849,2027-05-05 00:30:00,FALSE
4377,2026-07-12 10:00:00,FALSE
3267,2026-03-23 23:15:00,TRUE
315,2025-01-26 22:30:00,TRUE
3972,2026-02-23 02:00:00,TRUE
1345,2025-12-22 17:30:00,TRUE
8171,2025-06-20 19:00:00,TRUE
1097,2026-10-24 22:00:00,FALSE
6336,2025-03-08 08:00:00,TRUE
2299,2026-04-13 08:15:00,TRUE
4089,2025-05-04 12:30:00,TRUE
7899,2025-11-01 15:00:00,TRUE
4061,2026-02-10 05:45:00,TRUE
787,2025-02-05 13:45:00,TRUE
1252,2027-01-12 13:30:00,FALSE
8468,2027-07-23 02:45:00,FALSE
6098,2026-07-14 14:15:00,FALSE
5531,2025-03-17 05:15:00,TRUE
301,2027-06-13 22:45:00,FALSE
9735,2026-09-01 19:15:00,FALSE
124,2025-05-26 12:30:00,TRUE
514,2025-10-07 08:15:00,TRUE
5841,2025-12-09 04:00:00,TRUE
3967,2025-08-12 14:45:00,TRUE
6486,2025-11-06 19:00:00,TRUE
7442,2026-10-16 03:30:00,FALSE
1786,2027-08-16 20:00:00,FALSE
7049,2027-01-11 11:45:00,FALSE
108,2027-08-16 22:30:00,FALSE
1254,2027-05-16 09:00:00,FALSE
8358,2025-10-08 13:30:00,TRUE
8747,2026-06-15 05:30:00,FALSE
7886,2026-10-31 03:45:00,FALSE
954,2026-01-09 12:30:00,TRUE
2261,2026-08-23 23:45:00,FALSE
653,2025-10-22 17:30:00,TRUE
469,2025-02-16 22:30:00,TRUE
6196,2025-06-21 06:30:00,TRUE
3218,2025-09-01 22:00:00,TRUE
5938,2027-01-26 11:30:00,FALSE
9484,2026-01-10 06:15:00,TRUE
6353,2025-03-18 17:00:00,TRUE
5121,2027-10-06 12:30:00,FALSE
520,2027-08-14 18:45:00,FALSE
2549,2027-09-24 06:30:00,FALSE
7079,2027-09-10 21:15:00,FALSE
1335,2026-11-06 05:00:00,FALSE
6865,2027-05-17 00:00:00,FALSE
5156,2027-12-23 19:45:00,FALSE
7655,2025-09-08 17:30:00,TRUE
3390,2026-08-11 10:15:00,FALSE
5511,2025-08-09 04:45:00,TRUE
2931,2026-11-21 03:15:00,FALSE
9931,2026-05-13 07:30:00,TRUE
9807,2027-03-05 10:30:00,FALSE
6050,2025-03-25 02:00:00,TRUE
2270,2026-12-15 13:15:00,FALSE
9876,2026-12-01 13:30:00,FALSE
4812,2025-01-01 02:15:00,TRUE
8848,2027-12-26 13:30:00,FALSE
7158,2027-11-30 03:45:00,FALSE
3568,2026-06-05 22:15:00,FALSE
7428,2026-01-20 04:15:00,TRUE
399,2027-10-26 08:45:00,FALSE
8699,2027-01-23 02:00:00,FALSE
1696,2026-05-31 10:00:00,FALSE
1432,2026-02-25 19:15:00,TRUE
1916,2026-04-30 05:15:00,TRUE
5977,2025-12-15 23:30:00,TRUE
4985,2025-09-11 12:30:00,TRUE
9150,2025-09-05 22:00:00,TRUE
1479,2026-09-14 12:45:00,FALSE
3534,2027-12-18 15:30:00,FALSE
6,2026-05-14 06:30:00,TRUE
3632,2027-12-20 19:15:00,FALSE
6777,2026-12-02 18:30:00,FALSE
4042,2025-06-20 18:15:00,TRUE
6900,2027-02-26 13:00:00,FALSE
7017,2025-01-06 04:15:00,TRUE
8051,2025-06-13 00:15:00,TRUE
2165,2026-05-23 02:15:00,FALSE
1389,2026-06-12 23:45:00,FALSE
3568,2027-12-08 10:00:00,FALSE
1714,2026-03-21 10:45:00,TRUE
9647,2026-08-06 05:15:00,FALSE
2762,2026-03-15 21:45:00,TRUE
2808,2026-09-21 15:30:00,FALSE
2509,2027-09-19 22:30:00,FALSE
5924,2026-10-02 15:30:00,FALSE
7669,2026-10-17 07:15:00,FALSE
841,2025-08-14 21:45:00,TRUE
3926,2026-07-12 15:45:00,FALSE
402,2027-04-14 08:15:00,FALSE
2177,2026-01-11 07:30:00,TRUE
3796,2027-05-26 18:45:00,FALSE
1832,2027-03-21 08:45:00,FALSE
3277,2027-06-10 13:00:00,FALSE
8379,2025-07-24 00:00:00,TRUE
563,2026-07-13 11:15:00,FALSE
1217,2026-09-14 07:15:00,FALSE
5201,2026-11-20 07:00:00,FALSE
4808,2026-06-07 18:00:00,FALSE
6732,2026-06-21 11:00:00,FALSE
954,2025-09-15 00:00:00,TRUE
1889,2027-05-30 06:00:00,FALSE
9403,2025-11-28 15:45:00,TRUE
6716,2026-12-15 20:15:00,FALSE
3432,2026-09-22 00:30:00,FALSE
3035,2025-09-22 08:30:00,TRUE
3844,2027-01-21 06:15:00,FALSE
3879,2027-01-31 09:15:00,FALSE
6692,2025-09-02 21:30:00,TRUE
6158,2026-10-12 07:00:00,FALSE
9160,2026-08-20 14:15:00,FALSE
6171,2026-01-04 02:30:00,TRUE
9230,2025-02-15 12:00:00,TRUE
8940,2025-11-26 12:45:00,TRUE
8119,2025-08-26 08:15:00,TRUE
7999,2025-08-30 07:00:00,TRUE
6239,2027-05-23 14:45:00,FALSE
6555,2027-05-28 00:15:00,FALSE
2166,2025-09-28 14:00:00,TRUE
1303,2026-12-08 12:15:00,FALSE
1232,2026-12-08 20:15:00,FALSE
564,2027-12-07 23:30:00,FALSE
703,2027-06-05 04:00:00,FALSE
8320,2026-01-10 12:45:00,TRUE
6853,2025-09-03 20:15:00,TRUE
1337,2025-11-02 19:15:00,TRUE
2659,2025-02-11 18:30:00,TRUE
9868,2025-08-13 05:15:00,TRUE
4253,2026-07-19 12:45:00,FALSE
8121,2026-08-17 17:15:00,FALSE
7772,2027-01-21 12:00:00,FALSE
6880,2027-07-25 02:45:00,FALSE
6350,2027-03-29 20:15:00,FALSE
8795,2025-11-07 04:00:00,TRUE
1772,2027-10-04 12:15:00,FALSE
2629,2025-01-20 02:15:00,TRUE
6114,2025-08-30 01:45:00,TRUE
5146,2026-03-03 08:00:00,TRUE
2155,2027-04-22 21:15:00,FALSE
586,2027-01-11 04:15:00,FALSE
209,2025-12-15 08:30:00,TRUE
6947,2026-12-05 18:45:00,FALSE
9380,2026-03-27 12:30:00,TRUE
2468,2027-01-26 15:00:00,FALSE
8040,2027-05-22 12:15:00,FALSE
3518,2025-07-14 06:30:00,TRUE
8145,2027-03-30 00:30:00,FALSE
3742,2027-12-04 20:45:00,FALSE
5358,2025-03-11 02:30:00,TRUE
7867,2026-03-10 00:45:00,TRUE
3682,2027-10-13 08:15:00,FALSE
9802,2025-08-03 00:00:00,TRUE
8908,2027-07-10 19:30:00,FALSE
8852,2026-02-15 18:30:00,TRUE
9003,2025-05-02 09:45:00,TRUE
9220,2026-01-25 06:30:00,TRUE
9953,2026-03-05 09:00:00,TRUE
2786,2026-10-04 08:30:00,FALSE
2185,2026-12-21 17:30:00,FALSE
531,2026-01-05 21:45:00,TRUE
1992,2026-01-10 12:45:00,TRUE
9972,2027-06-10 10:00:00,FALSE
6535,2027-07-15 12:30:00,FALSE
3386,2025-04-19 15:45:00,TRUE
6093,2027-03-21 11:00:00,FALSE
5587,2027-02-14 01:00:00,FALSE
4707,2025-03-27 22:00:00,TRUE
6583,2026-04-24 07:45:00,TRUE
5819,2025-03-31 10:00:00,TRUE
921,2026-12-11 09:15:00,FALSE
3800,2027-07-28 23:00:00,FALSE
474,2026-06-30 03:15:00,FALSE
4201,2027-02-12 03:45:00,FALSE
2651,2025-08-31 04:30:00,TRUE
8275,2025-08-26 01:15:00,TRUE
9167,2027-10-26 05:45:00,FALSE
4352,2025-07-18 06:15:00,TRUE
993,2025-04-02 15:00:00,TRUE
9337,2027-03-30 12:45:00,FALSE
500,2025-10-17 02:45:00,TRUE
24,2025-08-17 12:30:00,TRUE
5563,2027-06-02 13:00:00,FALSE
510,2027-06-08 16:45:00,FALSE
7878,2025-08-21 10:45:00,TRUE
3022,2026-12-20 06:00:00,FALSE
4899,2027-01-09 12:30:00,FALSE
2770,2026-06-18 05:00:00,FALSE
7617,2025-08-12 04:45:00,TRUE
2412,2025-01-10 18:15:00,TRUE
3550,2027-12-03 09:00:00,FALSE
7345,2025-04-22 14:45:00,TRUE
1984,2026-03-07 08:00:00,TRUE
3669,2027-07-25 10:15:00,FALSE
9056,2027-12-14 02:15:00,FALSE
9403,2026-05-05 03:30:00,TRUE
4733,2027-09-28 14:15:00,FALSE
6385,2027-07-09 01:15:00,FALSE
3429,2027-04-16 00:00:00,FALSE
3580,2027-04-12 01:30:00,FALSE
6449,2027-01-17 18:30:00,FALSE
184,2026-12-25 10:15:00,FALSE
7056,2026-01-27 00:00:00,TRUE
1272,2027-02-02 10:00:00,FALSE
9153,2027-02-04 02:45:00,FALSE
8900,2027-10-15 04:00:00,FALSE
2503,2025-09-11 19:45:00,TRUE
2016,2027-12-11 22:00:00,FALSE
6493,2026-03-04 20:45:00,TRUE
2385,2026-11-14 02:00:00,FALSE
6131,2025-09-24 12:30:00,TRUE
6234,2025-12-01 01:00:00,TRUE
3586,2026-05-06 13:45:00,TRUE
8596,2026-10-30 20:15:00,FALSE
3045,2027-09-16 01:15:00,FALSE
4253,2027-07-27 16:00:00,FALSE
2716,2025-03-27 09:30:00,TRUE
9398,2027-11-18 06:30:00,FALSE
2316,2026-06-24 00:45:00,FALSE
4033,2025-09-20 15:00:00,TRUE
447,2025-09-08 19:00:00,TRUE
5808,2026-11-19 18:30:00,FALSE
9967,2027-07-15 17:15:00,FALSE
7119,2025-05-11 08:45:00,TRUE
8049,2027-09-25 04:00:00,FALSE
3975,2026-07-05 22:45:00,FALSE
8298,2026-01-10 23:00:00,TRUE
2808,2026-10-28 11:30:00,FALSE
613,2027-05-03 18:30:00,FALSE
6222,2027-04-20 01:15:00,FALSE
8490,2026-02-28 20:15:00,TRUE
9626,2025-11-26 23:15:00,TRUE
3573,2026-03-17 17:45:00,TRUE
4167,2025-03-27 12:45:00,TRUE
4410,2026-09-24 17:00:00,FALSE
2812,2027-06-20 06:45:00,FALSE
44,2027-08-21 12:15:00,FALSE
2508,2025-11-02 18:45:00,TRUE
4863,2027-03-12 04:45:00,FALSE
1057,2027-05-16 23:00:00,FALSE
2887,2026-08-23 23:15:00,FALSE
4514,2025-05-08 23:45:00,TRUE
639,2026-09-19 21:45:00,FALSE
6070,2027-07-18 23:00:00,FALSE
9345,2025-10-02 21:00:00,TRUE
6853,2025-02-27 02:45:00,TRUE
2063,2026-05-13 14:15:00,TRUE
4989,2025-10-02 11:45:00,TRUE
3038,2027-07-29 02:00:00,FALSE
1424,2027-03-06 06:15:00,FALSE
1050,2027-06-24 20:00:00,FALSE
2104,2027-11-11 18:00:00,FALSE
2145,2025-09-30 07:00:00,TRUE
5968,2026-01-25 01:15:00,TRUE
6658,2026-09-05 00:00:00,FALSE
4050,2026-01-13 02:00:00,TRUE
2515,2025-05-30 01:45:00,TRUE
1645,2027-01-03 03:15:00,FALSE
7612,2027-04-29 16:30:00,FALSE
3133,2026-07-08 03:15:00,FALSE
3164,2025-12-14 17:45:00,TRUE
1466,2026-07-18 14:00:00,FALSE
258,2025-11-30 23:30:00,TRUE
6752,2027-11-11 03:00:00,FALSE
9139,2027-08-20 23:00:00,FALSE
4937,2027-05-15 06:30:00,FALSE
770,2026-02-07 00:15:00,TRUE
6695,2025-04-01 03:00:00,TRUE
2556,2026-04-03 14:30:00,TRUE
2666,2026-10-17 13:00:00,FALSE
3631,2027-05-24 21:45:00,FALSE
6192,2027-02-18 05:00:00,FALSE
5730,2027-08-08 22:30:00,FALSE
6672,2026-03-16 23:15:00,TRUE
1178,2027-11-02 01:30:00,FALSE
8091,2026-01-05 21:45:00,TRUE
9530,2026-04-15 11:15:00,TRUE
5250,2027-03-18 10:45:00,FALSE
9498,2026-03-26 16:15:00,TRUE
185,2027-11-05 18:00:00,FALSE
7403,2025-05-04 06:45:00,TRUE
2570,2025-08-08 11:30:00,TRUE
9776,2026-09-13 01:00:00,FALSE
9314,2027-08-11 12:15:00,FALSE
8262,2027-09-10 12:00:00,FALSE
2639,2025-02-07 05:00:00,TRUE
195,2025-11-24 02:00:00,TRUE
1572,2025-12-15 15:30:00,TRUE
1849,2026-10-01 12:45:00,FALSE
6651,2025-01-12 02:30:00,TRUE
2342,2027-08-05 21:45:00,FALSE
5678,2027-05-21 05:30:00,FALSE
8718,2026-05-01 12:45:00,TRUE
6138,2025-02-02 07:00:00,TRUE
3263,2026-11-29 10:30:00,FALSE
9688,2027-05-27 01:15:00,FALSE
366,2027-08-09 21:45:00,FALSE
9752,2026-07-26 10:45:00,FALSE
7580,2027-09-11 13:30:00,FALSE
4497,2027-07-15 05:00:00,FALSE
707,2026-10-12 04:00:00,FALSE
4050,2027-08-07 09:00:00,FALSE
6187,2027-11-01 09:45:00,FALSE
2824,2026-07-30 11:15:00,FALSE
971,2026-11-16 15:30:00,FALSE
798,2027-03-30 19:30:00,FALSE
71,2025-04-07 03:30:00,TRUE
6963,2025-07-23 08:45:00,TRUE
5956,2025-12-24 04:00:00,TRUE
6771,2025-11-18 03:45:00,TRUE
1736,2027-07-27 10:30:00,FALSE
6557,2025-04-01 01:00:00,TRUE
599,2027-08-29 02:00:00,FALSE
176,2026-03-29 08:00:00,TRUE
2108,2026-12-01 19:30:00,FALSE
5802,2025-09-22 02:30:00,TRUE
7352,2025-08-06 19:00:00,TRUE
5740,2026-05-29 07:00:00,FALSE
8940,2025-08-17 22:45:00,TRUE
4095,2025-04-26 21:15:00,TRUE
190,2025-08-07 21:30:00,TRUE
1025,2027-07-20 21:15:00,FALSE
3761,2026-05-05 02:00:00,TRUE
537,2026-07-19 09:45:00,FALSE
7236,2026-08-28 05:00:00,FALSE
9843,2025-04-12 13:45:00,TRUE
2222,2027-01-18 14:30:00,FALSE
258,2025-08-22 23:15:00,TRUE
1545,2025-05-03 03:15:00,TRUE
3928,2025-01-24 03:30:00,TRUE
219,2026-12-08 13:15:00,FALSE
1442,2026-09-15 20:30:00,FALSE
7875,2027-03-13 16:15:00,FALSE
2316,2027-09-01 17:15:00,FALSE
2398,2027-02-22 14:45:00,FALSE
4349,2027-12-31 19:00:00,FALSE
6957,2027-11-27 15:30:00,FALSE
5364,2027-04-17 13:00:00,FALSE
7343,2026-04-06 22:45:00,TRUE
6407,2026-10-23 16:15:00,FALSE
288,2026-11-27 12:00:00,FALSE
9033,2025-05-08 23:15:00,TRUE
3062,2027-12-21 04:45:00,FALSE
3348,2026-07-07 18:45:00,FALSE
9217,2025-09-15 16:00:00,TRUE
5655,2026-02-13 21:15:00,TRUE
4487,2027-12-22 08:30:00,FALSE
8727,2025-08-02 22:30:00,TRUE
8249,2027-10-29 19:00:00,FALSE
5986,2027-03-04 05:45:00,FALSE
3132,2027-08-06 20:45:00,FALSE
5203,2026-04-18 06:30:00,TRUE
3489,2026-10-07 05:15:00,FALSE
7247,2026-02-08 22:00:00,TRUE
8909,2027-09-18 21:00:00,FALSE
1246,2027-09-13 00:45:00,FALSE
2251,2025-01-13 16:00:00,TRUE
8578,2027-08-19 02:30:00,FALSE
9347,2027-07-22 22:15:00,FALSE
6149,2027-05-20 10:15:00,FALSE
9046,2026-11-26 21:45:00,FALSE
9993,2026-07-10 16:30:00,FALSE
2359,2025-11-02 09:15:00,TRUE
8181,2025-03-26 11:15:00,TRUE
3123,2026-06-14 20:00:00,FALSE
2035,2026-09-07 04:45:00,FALSE
5651,2027-02-19 23:45:00,FALSE
9517,2027-03-12 02:00:00,FALSE
9472,2025-02-02 21:30:00,TRUE
2151,2026-03-18 10:00:00,TRUE
9008,2025-08-27 11:30:00,TRUE
9617,2027-11-11 19:15:00,FALSE
1736,2027-08-25 05:00:00,FALSE
2516,2026-08-10 22:30:00,FALSE
7506,2026-01-01 14:30:00,TRUE
8666,2026-03-27 17:30:00,TRUE
6247,2025-11-09 07:45:00,TRUE
2005,2026-04-22 00:15:00,TRUE
9515,2027-05-27 06:30:00,FALSE
1312,2026-09-04 12:00:00,FALSE
8100,2026-11-04 18:15:00,FALSE
2462,2027-01-28 02:30:00,FALSE
5888,2025-07-19 03:30:00,TRUE
9081,2027-10-10 21:00:00,FALSE
3737,2025-07-16 23:00:00,TRUE
257,2025-01-01 01:00:00,TRUE
8698,2026-02-15 02:15:00,TRUE
8889,2027-12-07 00:45:00,FALSE
8004,2027-06-22 02:15:00,FALSE
5458,2025-08-22 21:30:00,TRUE
5435,2027-07-19 23:30:00,FALSE
4434,2027-01-09 18:45:00,FALSE
2745,2025-04-07 13:00:00,TRUE
4469,2027-11-12 14:15:00,FALSE
5123,2026-09-09 21:00:00,FALSE
8281,2027-05-08 11:00:00,FALSE
5949,2027-10-21 01:15:00,FALSE
5418,2027-03-01 19:45:00,FALSE
3043,2025-06-13 08:15:00,TRUE
8423,2027-09-19 04:15:00,FALSE
887,2025-10-13 20:15:00,TRUE
6603,2025-08-03 18:00:00,TRUE
2488,2027-05-27 08:15:00,FALSE
7103,2027-03-12 10:30:00,FALSE
2833,2027-04-29 20:15:00,FALSE
1981,2026-04-02 15:45:00,TRUE
6664,2025-06-22 14:30:00,TRUE
3744,2026-12-05 19:00:00,FALSE
8226,2026-11-04 03:00:00,FALSE
8785,2026-01-02 14:15:00,TRUE
4391,2026-03-16 02:45:00,TRUE
7649,2025-12-27 10:15:00,TRUE
3984,2025-02-08 10:45:00,TRUE
4783,2025-02-11 10:00:00,TRUE
8739,2025-07-10 17:15:00,TRUE
463,2025-09-17 16:00:00,TRUE
7950,2027-01-23 06:15:00,FALSE
1564,2025-09-30 00:45:00,TRUE
7638,2025-10-13 12:30:00,TRUE
1910,2026-02-25 21:30:00,TRUE
2589,2026-10-13 13:15:00,FALSE
987,2026-07-23 14:15:00,FALSE
3032,2026-08-27 16:15:00,FALSE
1692,2027-09-25 06:15:00,FALSE
1046,2027-03-11 12:30:00,FALSE
8265,2026-05-18 03:45:00,FALSE
6701,2025-02-10 02:30:00,TRUE
4190,2025-04-30 08:00:00,TRUE
2953,2025-12-28 10:00:00,TRUE
5726,2025-09-23 10:30:00,TRUE
1215,2027-03-25 11:00:00,FALSE
5132,2026-05-11 11:00:00,TRUE
9808,2025-01-11 15:15:00,TRUE
8020,2026-12-23 11:15:00,FALSE
1128,2027-01-03 17:45:00,FALSE
6755,2027-09-27 15:30:00,FALSE
2144,2026-09-04 06:30:00,FALSE
7756,2027-10-10 15:15:00,FALSE
3707,2027-06-04 02:30:00,FALSE
1173,2027-10-29 15:00:00,FALSE
3554,2025-10-10 13:15:00,TRUE
2239,2026-11-09 00:45:00,FALSE
8816,2027-04-22 18:00:00,FALSE
5786,2026-12-24 07:45:00,FALSE
486,2025-01-12 21:15:00,TRUE
1908,2026-01-07 14:15:00,TRUE
7395,2026-01-06 19:15:00,TRUE
7373,2025-07-12 11:15:00,TRUE
8271,2025-04-02 11:30:00,TRUE
5073,2025-07-03 08:15:00,TRUE
5613,2027-08-01 10:45:00,FALSE
8613,2027-10-05 10:00:00,FALSE
9334,2026-08-11 12:30:00,FALSE
6214,2026-02-04 04:45:00,TRUE
8422,2026-05-07 14:30:00,TRUE
1687,2027-02-04 06:15:00,FALSE
364,2026-06-06 19:15:00,FALSE
3773,2025-05-22 13:15:00,TRUE
4758,2026-03-17 03:30:00,TRUE
6338,2025-09-22 16:00:00,TRUE
124,2025-04-14 21:30:00,TRUE
6350,2025-08-20 20:00:00,TRUE
8541,2027-08-22 15:00:00,FALSE
4005,2025-02-23 19:00:00,TRUE
8445,2027-08-09 12:45:00,FALSE
5432,2025-08-13 03:00:00,TRUE
9032,2026-05-09 19:30:00,TRUE
4379,2027-08-26 23:45:00,FALSE
2318,2027-05-26 18:15:00,FALSE
7458,2027-06-29 07:15:00,FALSE
1877,2025-10-10 03:30:00,TRUE
7898,2027-02-17 04:15:00,FALSE
9062,2027-06-14 16:45:00,FALSE
7656,2025-01-20 14:15:00,TRUE
4898,2026-03-17 08:30:00,TRUE
8747,2027-02-21 13:15:00,FALSE
7860,2025-12-06 03:30:00,TRUE
2180,2027-04-14 05:15:00,FALSE
6985,2026-08-29 02:45:00,FALSE
131,2027-08-03 15:15:00,FALSE
6707,2026-05-11 16:45:00,TRUE
3428,2025-01-25 14:15:00,TRUE
1369,2027-03-07 00:00:00,FALSE
392,2026-04-25 06:00:00,TRUE
4797,2025-04-21 00:30:00,TRUE
6289,2025-10-29 10:15:00,TRUE
523,2025-12-20 13:45:00,TRUE
1109,2025-12-21 11:15:00,TRUE
7507,2027-05-01 18:15:00,FALSE
4785,2026-06-05 19:30:00,FALSE
5969,2025-02-06 02:45:00,TRUE
5112,2025-07-28 20:15:00,TRUE
3532,2027-05-02 13:00:00,FALSE
8860,2025-05-18 23:15:00,TRUE
5032,2026-06-05 13:30:00,FALSE
9671,2027-12-12 20:15:00,FALSE
4765,2025-12-23 23:00:00,TRUE
7261,2025-10-23 16:30:00,TRUE
8264,2027-12-23 09:15:00,FALSE
22,2026-02-03 08:00:00,TRUE
8633,2027-01-23 18:45:00,FALSE
2136,2026-02-17 23:45:00,TRUE
4683,2026-06-28 06:00:00,FALSE
7372,2026-11-30 12:30:00,FALSE
2965,2027-10-16 19:00:00,FALSE
3254,2025-12-06 17:30:00,TRUE
4809,2026-08-16 22:30:00,FALSE
3276,2026-05-09 06:30:00,TRUE
6661,2025-02-22 02:00:00,TRUE
4941,2027-06-09 05:45:00,FALSE
6744,2027-11-26 13:45:00,FALSE
7060,2027-06-30 02:00:00,FALSE
5945,2025-10-24 03:45:00,TRUE
3759,2026-11-11 01:45:00,FALSE
7378,2027-08-17 11:45:00,FALSE
6242,2027-04-27 00:00:00,FALSE
9253,2025-06-21 19:30:00,TRUE
7807,2026-09-05 23:15:00,FALSE
1833,2026-03-03 02:15:00,TRUE
2308,2025-11-05 07:30:00,TRUE
2067,2025-10-25 16:15:00,TRUE
9817,2027-06-05 04:15:00,FALSE
2267,2027-12-17 14:15:00,FALSE
5274,2026-08-10 05:30:00,FALSE
4577,2027-06-10 14:00:00,FALSE
6922,2027-01-13 18:15:00,FALSE
2417,2027-05-25 21:00:00,FALSE
8193,2027-08-13 07:00:00,FALSE
7188,2027-03-23 21:15:00,FALSE
5094,2027-11-11 01:30:00,FALSE
824,2026-07-18 02:45:00,FALSE
5902,2026-02-01 17:45:00,TRUE
7649,2026-01-21 21:00:00,TRUE
5780,2027-12-11 19:15:00,FALSE
2641,2026-02-01 20:00:00,TRUE
3523,2026-10-04 05:00:00,FALSE
5714,2025-08-22 03:15:00,TRUE
8347,2026-12-08 22:30:00,FALSE
2281,2027-03-11 02:30:00,FALSE
9686,2025-05-16 06:45:00,TRUE
8338,2025-07-30 16:30:00,TRUE
6294,2026-06-25 14:45:00,FALSE
9601,2027-04-14 01:45:00,FALSE
9849,2025-03-21 13:30:00,TRUE
9452,2027-10-19 22:30:00,FALSE
4275,2027-02-26 02:30:00,FALSE
6896,2026-11-28 03:45:00,FALSE
2293,2026-08-23 00:15:00,FALSE
6795,2026-11-10 12:00:00,FALSE
1087,2027-12-10 11:45:00,FALSE
5367,2025-01-11 17:00:00,TRUE
1245,2025-04-22 05:30:00,TRUE
7096,2027-03-25 03:15:00,FALSE
679,2027-04-19 15:00:00,FALSE
9913,2026-01-20 10:00:00,TRUE
4790,2025-09-29 02:45:00,TRUE
980,2026-02-24 18:00:00,TRUE
5417,2027-01-18 12:30:00,FALSE
3253,2027-07-23 14:00:00,FALSE
4570,2027-04-30 02:15:00,FALSE
6697,2025-09-27 14:15:00,TRUE
9665,2026-08-08 02:30:00,FALSE
9208,2025-05-10 21:45:00,TRUE
5852,2026-08-25 06:00:00,FALSE
6937,2026-12-20 05:00:00,FALSE
4649,2026-10-07 16:45:00,FALSE
6256,2027-09-17 20:00:00,FALSE
1313,2025-06-15 18:00:00,TRUE
8061,2025-03-10 06:15:00,TRUE
488,2026-04-16 05:45:00,TRUE
3239,2025-03-04 23:15:00,TRUE
2886,2026-11-05 23:00:00,FALSE
8808,2027-08-19 05:30:00,FALSE
3296,2026-12-19 05:15:00,FALSE
863,2025-09-07 02:00:00,TRUE
5394,2026-11-14 19:15:00,FALSE
4639,2027-08-20 01:45:00,FALSE
614,2025-08-17 15:15:00,TRUE
6582,2025-05-06 15:00:00,TRUE
3207,2027-02-25 12:15:00,FALSE
7840,2025-05-13 09:15:00,TRUE
4342,2027-03-08 14:00:00,FALSE
5354,2027-02-19 02:30:00,FALSE
7696,2026-03-31 13:15:00,TRUE
5925,2026-02-12 14:00:00,TRUE
6534,2027-04-25 20:30:00,FALSE
2681,2025-04-13 23:30:00,TRUE
3848,2027-11-10 17:15:00,FALSE
1585,2025-08-25 20:30:00,TRUE
9023,2026-04-14 10:00:00,TRUE
295,2027-10-19 19:30:00,FALSE
9722,2025-09-27 22:30:00,TRUE
5049,2025-09-10 15:30:00,TRUE
926,2027-09-05 17:15:00,FALSE
8392,2027-03-20 03:30:00,FALSE
1744,2027-11-30 07:00:00,FALSE
6715,2026-07-11 06:30:00,FALSE
1319,2026-04-05 02:45:00,TRUE
814,2026-04-19 08:15:00,TRUE
9962,2026-04-07 06:45:00,TRUE
4968,2026-02-19 14:30:00,TRUE
8162,2027-11-27 19:15:00,FALSE
4106,2027-09-16 06:30:00,FALSE
4080,2026-03-13 14:15:00,TRUE
3853,2026-04-05 09:45:00,TRUE
334,2025-08-16 22:45:00,TRUE
2050,2025-01-25 07:00:00,TRUE
9154,2025-03-18 05:15:00,TRUE
9375,2025-10-23 06:00:00,TRUE
1004,2026-06-23 16:30:00,FALSE
2073,2027-09-05 01:15:00,FALSE
4694,2027-08-03 09:00:00,FALSE
7737,2026-03-25 20:00:00,TRUE
8895,2026-06-13 09:15:00,FALSE
4468,2026-10-24 11:30:00,FALSE
6932,2026-07-18 18:30:00,FALSE
6400,2027-01-27 20:45:00,FALSE
8841,2025-06-27 05:00:00,TRUE
4045,2026-12-02 06:30:00,FALSE
3775,2025-05-27 03:45:00,TRUE
8651,2026-11-07 21:30:00,FALSE
6291,2026-08-06 01:00:00,FALSE
9694,2026-10-22 09:00:00,FALSE
3191,2025-10-19 20:30:00,TRUE
7094,2025-09-11 15:30:00,TRUE
1370,2025-03-16 13:00:00,TRUE
48,2027-12-18 01:00:00,FALSE
8316,2027-02-02 19:30:00,FALSE
3921,2027-07-03 03:30:00,FALSE
3911,2025-08-20 23:00:00,TRUE
8138,2026-05-02 10:30:00,TRUE
8534,2027-09-09 02:45:00,FALSE
5735,2027-07-25 05:15:00,FALSE
1181,2026-07-18 11:15:00,FALSE
5249,2026-02-23 12:15:00,TRUE
571,2025-08-15 21:00:00,TRUE
4540,2026-08-25 02:30:00,FALSE
230,2026-05-08 04:15:00,TRUE
6370,2027-01-17 15:00:00,FALSE
9233,2025-12-07 21:00:00,TRUE
8510,2026-09-03 21:30:00,FALSE
6437,2027-03-29 07:45:00,FALSE
5082,2025-12-07 15:00:00,TRUE
9237,2027-11-15 21:15:00,FALSE
8692,2026-09-02 05:00:00,FALSE
1439,2026-07-08 07:45:00,FALSE
2888,2027-03-27 05:45:00,FALSE
5588,2026-02-21 10:15:00,TRUE
2347,2025-06-12 16:45:00,TRUE
5852,2025-01-13 08:00:00,TRUE
8125,2026-05-06 16:00:00,TRUE
3122,2025-06-21 03:30:00,TRUE
1690,2025-09-25 14:15:00,TRUE
8474,2027-09-13 15:15:00,FALSE
5661,2026-08-25 15:15:00,FALSE
7376,2025-07-24 14:30:00,TRUE
2869,2027-01-30 04:15:00,FALSE
6059,2027-02-15 04:00:00,FALSE
4166,2025-10-24 07:15:00,TRUE
9225,2027-09-13 09:15:00,FALSE
113,2026-10-31 17:45:00,FALSE
6332,2027-01-06 15:15:00,FALSE
3410,2025-07-02 01:45:00,TRUE
5758,2026-11-30 05:45:00,FALSE
1027,2025-11-14 01:15:00,TRUE
3556,2027-06-08 17:30:00,FALSE
9193,2025-10-08 20:15:00,TRUE
1649,2025-03-06 06:45:00,TRUE
5417,2027-05-05 13:00:00,FALSE
8025,2026-01-06 15:45:00,TRUE
3556,2027-01-08 12:00:00,FALSE
3887,2027-05-14 08:45:00,FALSE
1392,2027-03-13 17:30:00,FALSE
7137,2025-03-19 19:15:00,TRUE
4111,2026-06-05 02:00:00,FALSE
5249,2027-08-28 23:45:00,FALSE
9009,2026-10-30 01:45:00,FALSE
7806,2025-06-25 03:30:00,TRUE
865,2027-12-05 22:30:00,FALSE
7344,2026-10-20 10:45:00,FALSE
1855,2025-05-18 04:45:00,TRUE
1692,2027-11-14 16:00:00,FALSE
4886,2026-08-25 04:15:00,FALSE
8315,2027-10-05 09:30:00,FALSE
3555,2025-05-27 11:45:00,TRUE
2915,2026-12-09 19:00:00,FALSE
187,2025-07-26 18:30:00,TRUE
5755,2027-03-05 12:00:00,FALSE
4439,2027-01-09 09:00:00,FALSE
8542,2025-12-14 18:00:00,TRUE
8628,2026-09-26 04:45:00,FALSE
4298,2025-03-24 16:15:00,TRUE
9340,2025-04-19 17:15:00,TRUE
3868,2025-12-30 20:45:00,TRUE
5124,2025-04-08 09:30:00,TRUE
8687,2027-08-08 06:45:00,FALSE
2567,2025-11-03 10:00:00,TRUE
5473,2026-05-27 09:45:00,FALSE
7400,2027-11-05 12:45:00,FALSE
6895,2027-03-25 21:30:00,FALSE
7411,2027-11-02 22:00:00,FALSE
3323,2025-11-20 13:45:00,TRUE
4953,2025-11-19 08:45:00,TRUE
1064,2027-08-07 03:15:00,FALSE
1321,2026-01-20 16:00:00,TRUE
9721,2027-08-09 02:15:00,FALSE
601,2025-06-07 04:30:00,TRUE
5860,2026-03-26 06:15:00,TRUE
960,2025-09-17 12:00:00,TRUE
469,2027-05-07 06:00:00,FALSE
2167,2025-10-29 21:45:00,TRUE
6703,2026-02-26 02:15:00,TRUE
5072,2026-02-25 04:00:00,TRUE
4369,2025-01-15 15:45:00,TRUE
4233,2026-03-04 05:15:00,TRUE
7514,2025-02-12 22:15:00,TRUE
9465,2026-08-27 22:00:00,FALSE
9989,2027-03-30 03:30:00,FALSE
9893,2025-12-05 19:15:00,TRUE
8446,2027-08-27 11:30:00,FALSE
1688,2026-01-19 20:45:00,TRUE
1811,2026-02-05 19:00:00,TRUE
6149,2027-07-14 02:00:00,FALSE
2558,2027-07-02 00:45:00,FALSE
4345,2027-03-15 20:00:00,FALSE
1901,2027-11-04 12:30:00,FALSE
729,2027-10-02 03:15:00,FALSE
7376,2026-03-13 17:30:00,TRUE
3957,2026-06-22 16:30:00,FALSE
7051,2025-06-28 00:45:00,TRUE
6922,2026-12-07 01:00:00,FALSE
795,2025-01-30 02:00:00,TRUE
366,2025-06-15 15:30:00,TRUE
914,2025-04-27 21:30:00,TRUE
2118,2025-05-11 23:30:00,TRUE
8715,2025-06-01 08:00:00,TRUE
1256,2026-08-31 02:00:00,FALSE
4819,2027-01-21 14:45:00,FALSE
1558,2027-08-01 11:15:00,FALSE
3342,2026-10-25 20:00:00,FALSE
7969,2026-12-15 08:15:00,FALSE
3122,2026-12-31 01:45:00,FALSE
5518,2027-08-17 21:30:00,FALSE
1386,2025-01-05 08:00:00,TRUE
2927,2027-12-27 13:30:00,FALSE
8891,2025-05-21 10:00:00,TRUE
4744,2026-09-05 10:00:00,FALSE
9531,2027-08-12 23:30:00,FALSE
9269,2026-05-07 05:45:00,TRUE
9200,2025-02-07 19:15:00,TRUE
543,2025-12-31 00:30:00,TRUE
6540,2027-09-30 19:00:00,FALSE
9604,2025-09-30 08:45:00,TRUE
3535,2027-10-13 01:00:00,FALSE
5708,2027-11-08 09:45:00,FALSE
1380,2025-12-16 06:15:00,TRUE
2442,2027-02-15 03:45:00,FALSE
8124,2025-12-23 01:15:00,TRUE
899,2025-01-08 18:00:00,TRUE
9251,2026-12-31 21:00:00,FALSE
3973,2027-11-25 07:00:00,FALSE
8967,2026-03-09 02:45:00,TRUE
1493,2025-02-24 20:30:00,TRUE
9649,2025-05-21 22:45:00,TRUE
753,2025-07-06 08:15:00,TRUE
8011,2026-09-26 20:15:00,FALSE
9122,2026-08-19 08:15:00,FALSE
1647,2026-04-17 21:00:00,TRUE
3293,2025-05-06 04:15:00,TRUE
9291,2025-03-10 11:30:00,TRUE
8457,2027-01-29 09:45:00,FALSE
8858,2026-07-19 16:45:00,FALSE
4639,2026-04-17 16:00:00,TRUE
9641,2027-09-10 13:00:00,FALSE
9344,2026-01-07 01:00:00,TRUE
5173,2025-05-08 10:15:00,TRUE
4801,2027-03-25 16:30:00,FALSE
7676,2025-03-23 19:30:00,TRUE
9664,2027-08-12 10:45:00,FALSE
4841,2025-08-19 07:30:00,TRUE
106,2025-05-22 17:45:00,TRUE
6022,2026-07-12 09:00:00,FALSE
214,2026-07-02 08:45:00,FALSE
5884,2026-05-17 22:15:00,FALSE
2031,2025-07-25 08:30:00,TRUE
1407,2026-03-22 19:15:00,TRUE
4180,2027-05-04 07:00:00,FALSE
2134,2025-10-17 08:45:00,TRUE
5401,2027-05-28 19:00:00,FALSE
6636,2025-11-20 21:30:00,TRUE
4798,2027-12-08 21:30:00,FALSE
9236,2027-09-10 00:30:00,FALSE
2349,2026-06-13 13:30:00,FALSE
7766,2025-10-28 12:30:00,TRUE
8744,2025-08-15 11:15:00,TRUE
3717,2027-01-09 17:00:00,FALSE
9774,2027-03-13 19:15:00,FALSE
630,2026-10-04 09:30:00,FALSE
8376,2027-03-17 11:00:00,FALSE
4472,2026-09-15 02:15:00,FALSE
1603,2026-05-10 15:00:00,TRUE
8206,2027-01-13 03:30:00,FALSE
6169,2025-06-21 03:30:00,TRUE
4292,2027-09-26 05:15:00,FALSE
6826,2025-06-24 11:15:00,TRUE
1669,2027-01-04 08:30:00,FALSE
5752,2027-11-09 23:45:00,FALSE
8654,2026-04-14 14:00:00,TRUE
1358,2025-09-18 06:30:00,TRUE
988,2026-07-09 01:45:00,FALSE
1144,2026-06-24 08:30:00,FALSE
657,2026-10-17 02:45:00,FALSE
5339,2026-05-21 03:45:00,FALSE
726,2027-05-25 10:45:00,FALSE
7191,2027-06-19 18:15:00,FALSE
2182,2027-10-19 09:00:00,FALSE
5467,2025-09-29 18:15:00,TRUE
9812,2027-11-13 04:15:00,FALSE
1511,2026-11-20 19:45:00,FALSE
7878,2026-03-21 18:15:00,TRUE
2720,2027-11-27 01:45:00,FALSE
3600,2025-07-03 05:15:00,TRUE
4099,2026-06-19 04:15:00,FALSE
9870,2025-02-13 11:15:00,TRUE
5728,2026-10-07 12:45:00,FALSE
3246,2026-03-25 18:45:00,TRUE
8071,2027-10-18 03:30:00,FALSE
3800,2025-04-22 01:30:00,TRUE
6305,2025-11-21 08:15:00,TRUE
4051,2025-02-04 14:00:00,TRUE
8089,2025-11-29 10:45:00,TRUE
7037,2025-02-20 00:15:00,TRUE
6978,2027-09-06 01:30:00,FALSE
4365,2027-02-22 11:00:00,FALSE
3435,2027-09-06 19:45:00,FALSE
7820,2027-07-13 21:30:00,FALSE
9351,2027-12-22 14:45:00,FALSE
8280,2027-06-03 20:15:00,FALSE
4820,2025-06-21 10:00:00,TRUE
2812,2027-03-21 00:00:00,FALSE
4472,2026-10-24 14:15:00,FALSE
7006,2026-09-30 16:15:00,FALSE
4574,2025-07-09 03:45:00,TRUE
3279,2025-07-10 00:00:00,TRUE
1524,2027-05-26 07:30:00,FALSE
6233,2025-07-13 08:00:00,TRUE
5875,2027-01-18 21:00:00,FALSE
4557,2025-01-15 20:30:00,TRUE
7416,2027-04-15 00:30:00,FALSE
8558,2026-09-07 17:30:00,FALSE
6503,2026-06-21 23:15:00,FALSE
6580,2027-08-01 16:30:00,FALSE
3809,2027-06-03 13:45:00,FALSE
9074,2027-09-30 18:45:00,FALSE
5112,2026-02-19 05:00:00,TRUE
651,2027-03-07 21:30:00,FALSE
7804,2027-09-06 20:30:00,FALSE
2799,2026-12-31 09:15:00,FALSE
3478,2026-03-24 19:30:00,TRUE
2692,2027-11-25 04:45:00,FALSE
7883,2027-06-16 02:45:00,FALSE
3210,2027-08-02 02:30:00,FALSE
4364,2026-03-26 20:30:00,TRUE
3213,2025-02-09 00:45:00,TRUE
2465,2027-05-19 14:45:00,FALSE
3986,2025-05-21 09:30:00,TRUE
8661,2025-11-09 03:30:00,TRUE
967,2026-09-06 22:15:00,FALSE
8756,2027-07-14 10:30:00,FALSE
5058,2025-12-10 04:00:00,TRUE
757,2027-12-28 17:15:00,FALSE
3132,2026-12-20 20:15:00,FALSE
325,2026-09-02 12:30:00,FALSE
7110,2025-07-23 03:45:00,TRUE
9718,2025-11-08 12:30:00,TRUE
1259,2026-01-03 06:45:00,TRUE
3154,2026-10-14 11:30:00,FALSE
3179,2026-02-23 03:15:00,TRUE
6582,2025-02-15 10:15:00,TRUE
4608,2026-08-16 14:15:00,FALSE
8877,2027-03-12 09:45:00,FALSE
7895,2025-06-11 17:30:00,TRUE
8853,2026-04-22 03:15:00,TRUE
9030,2027-06-09 06:45:00,FALSE
9332,2027-08-16 11:30:00,FALSE
5680,2026-03-16 04:00:00,TRUE
8458,2025-07-11 13:30:00,TRUE
7766,2025-01-08 01:00:00,TRUE
6697,2026-02-10 15:00:00,TRUE
8020,2025-07-07 17:30:00,TRUE
2227,2026-02-22 15:30:00,TRUE
1922,2026-04-29 16:00:00,TRUE
295,2027-05-05 23:30:00,FALSE
1742,2027-10-05 19:45:00,FALSE
9467,2026-03-22 00:45:00,TRUE
1751,2027-08-22 05:15:00,FALSE
6319,2027-12-28 05:15:00,FALSE
4413,2026-05-27 10:30:00,FALSE
9030,2027-11-14 14:45:00,FALSE
8969,2025-07-16 22:45:00,TRUE
6572,2027-04-18 15:00:00,FALSE
9283,2025-03-11 16:00:00,TRUE
8946,2026-05-31 06:00:00,FALSE
8006,2025-05-14 18:30:00,TRUE
9508,2025-05-16 02:45:00,TRUE
8038,2027-06-20 06:00:00,FALSE
5761,2026-12-04 00:45:00,FALSE
2881,2026-01-17 15:30:00,TRUE
226,2025-01-29 22:00:00,TRUE
5411,2026-12-21 12:15:00,FALSE
8305,2027-10-23 06:45:00,FALSE
821,2026-02-14 09:30:00,TRUE
2651,2025-02-03 17:00:00,TRUE
4350,2027-01-27 16:00:00,FALSE
6871,2025-04-14 14:15:00,TRUE
90,2025-05-03 10:00:00,TRUE
3000,2027-03-25 10:15:00,FALSE
2779,2026-05-02 00:15:00,TRUE
3823,2027-12-31 11:15:00,FALSE
254,2025-10-24 15:00:00,TRUE
6945,2026-06-27 03:15:00,FALSE
8200,2025-05-22 08:30:00,TRUE
6542,2026-03-09 11:45:00,TRUE
9984,2025-06-13 15:30:00,TRUE
655,2027-12-19 07:45:00,FALSE
8719,2027-05-05 22:30:00,FALSE
9998,2027-02-27 11:00:00,FALSE
6210,2025-10-20 17:45:00,TRUE
9193,2027-08-13 12:15:00,FALSE
9113,2025-02-23 11:45:00,TRUE
369,2025-04-04 21:00:00,TRUE
2584,2026-12-22 09:30:00,FALSE
4085,2026-10-09 03:00:00,FALSE
7690,2026-04-04 13:45:00,TRUE
1836,2025-03-16 16:30:00,TRUE
2488,2026-10-29 16:45:00,FALSE
8292,2027-10-20 08:00:00,FALSE
6615,2025-06-25 06:30:00,TRUE
2634,2025-10-27 06:00:00,TRUE
2747,2027-10-06 12:15:00,FALSE
4865,2027-12-23 07:30:00,FALSE
9862,2025-06-07 17:45:00,TRUE
9393,2026-09-28 13:15:00,FALSE
4925,2027-05-30 21:45:00,FALSE
2096,2026-12-04 04:15:00,FALSE
3381,2027-05-19 06:00:00,FALSE
7570,2026-05-02 03:15:00,TRUE
4883,2026-08-31 16:30:00,FALSE
9976,2025-03-02 15:00:00,TRUE
6635,2027-09-16 09:45:00,FALSE
2696,2027-01-17 02:45:00,FALSE
8375,2026-04-02 02:15:00,TRUE
1459,2025-01-10 14:30:00,TRUE
5117,2025-08-12 06:00:00,TRUE
4663,2025-04-05 21:15:00,TRUE
7377,2027-04-30 00:30:00,FALSE
4363,2026-09-12 22:30:00,FALSE
8320,2027-10-24 03:00:00,FALSE
3588,2027-01-19 09:45:00,FALSE
8968,2027-11-15 06:30:00,FALSE
7418,2027-06-23 00:15:00,FALSE
3861,2027-02-08 13:00:00,FALSE
9258,2025-06-23 11:30:00,TRUE
4364,2027-11-23 01:45:00,FALSE
5197,2027-04-13 12:45:00,FALSE
9018,2025-05-02 15:00:00,TRUE
4279,2026-05-31 10:00:00,FALSE
1876,2027-06-16 12:00:00,FALSE
9673,2025-05-18 20:45:00,TRUE
4495,2025-05-03 09:00:00,TRUE
2438,2027-10-10 08:00:00,FALSE
7266,2026-06-16 10:15:00,FALSE
793,2025-10-21 13:45:00,TRUE
957,2027-09-08 07:00:00,FALSE
7985,2026-08-06 12:15:00,FALSE
475,2026-02-17 23:00:00,TRUE
4985,2026-01-24 02:45:00,TRUE
171,2025-10-25 14:00:00,TRUE
8790,2027-06-10 01:45:00,FALSE
2586,2026-05-20 19:15:00,FALSE
8476,2027-07-08 08:00:00,FALSE
3259,2025-07-11 14:45:00,TRUE
3408,2026-08-16 13:15:00,FALSE
6946,2025-01-16 08:00:00,TRUE
8937,2026-03-24 07:30:00,TRUE
7504,2025-09-15 10:45:00,TRUE
1300,2027-05-18 14:45:00,FALSE
538,2027-03-20 05:30:00,FALSE
8416,2027-08-25 13:15:00,FALSE
198,2026-05-26 09:30:00,FALSE
4378,2027-04-04 00:45:00,FALSE
4016,2027-12-27 21:00:00,FALSE
7189,2025-06-19 19:45:00,TRUE
2010,2025-09-27 20:30:00,TRUE
5120,2027-10-02 20:15:00,FALSE
2593,2027-09-09 21:15:00,FALSE
316,2027-10-22 19:00:00,FALSE
6224,2025-08-22 00:15:00,TRUE
130,2027-12-04 13:00:00,FALSE
4204,2027-03-10 04:30:00,FALSE
9664,2026-10-12 16:45:00,FALSE
8413,2026-04-13 11:45:00,TRUE
3679,2026-10-16 18:15:00,FALSE
8971,2025-12-27 13:30:00,TRUE
6953,2025-10-06 17:30:00,TRUE
5490,2027-02-06 11:00:00,FALSE
9144,2026-06-21 23:15:00,FALSE
5778,2027-08-10 18:30:00,FALSE
1675,2026-07-05 12:45:00,FALSE
4164,2027-06-18 07:15:00,FALSE
4191,2027-10-31 17:45:00,FALSE
7941,2026-02-19 18:30:00,TRUE
3431,2025-04-13 02:15:00,TRUE
9155,2026-04-29 00:30:00,TRUE
6899,2025-10-31 23:45:00,TRUE
5445,2027-05-30 03:15:00,FALSE
4941,2025-01-31 10:15:00,TRUE
9424,2026-10-15 03:15:00,FALSE
8236,2026-12-15 07:45:00,FALSE
2980,2025-07-03 16:45:00,TRUE
1611,2025-12-09 07:30:00,TRUE
5565,2027-06-27 02:00:00,FALSE
9210,2025-08-15 14:30:00,TRUE
4967,2026-02-27 19:45:00,TRUE
6931,2026-12-30 00:45:00,FALSE
2739,2026-10-19 20:45:00,FALSE
1101,2026-04-20 08:00:00,TRUE
6385,2026-12-09 14:45:00,FALSE
910,2025-07-09 20:30:00,TRUE
1453,2026-06-17 18:15:00,FALSE
4600,2027-02-01 06:00:00,FALSE
9661,2026-02-16 22:30:00,TRUE
5600,2027-08-12 14:00:00,FALSE
2370,2027-12-13 18:45:00,FALSE
7307,2026-12-25 13:30:00,FALSE
7569,2026-03-25 21:00:00,TRUE
4076,2025-06-03 07:00:00,TRUE
8664,2027-05-13 09:15:00,FALSE
7170,2025-11-08 04:15:00,TRUE
3694,2026-10-03 00:45:00,FALSE
165,2027-10-18 22:30:00,FALSE
8987,2026-08-24 19:30:00,FALSE
4349,2025-01-25 08:30:00,TRUE
2732,2027-06-12 00:15:00,FALSE
2314,2025-06-19 20:15:00,TRUE
1076,2025-04-24 20:30:00,TRUE
5035,2026-11-14 19:15:00,FALSE
2760,2027-08-20 22:30:00,FALSE
2324,2027-07-01 02:00:00,FALSE
9301,2025-12-08 13:45:00,TRUE
2726,2026-11-09 16:30:00,FALSE
6090,2025-09-19 19:15:00,TRUE
5537,2026-05-03 02:30:00,TRUE
979,2027-04-18 18:15:00,FALSE
4408,2026-11-05 12:00:00,FALSE
901,2027-04-30 03:00:00,FALSE
8810,2027-08-30 13:15:00,FALSE
4635,2026-12-02 00:45:00,FALSE
9891,2027-04-27 03:15:00,FALSE
1965,2026-05-29 09:45:00,FALSE
3057,2026-02-17 20:45:00,TRUE
668,2025-03-13 03:15:00,TRUE
4153,2025-01-02 03:15:00,TRUE
2764,2027-11-04 00:30:00,FALSE
9009,2025-09-02 11:30:00,TRUE
2639,2027-12-22 11:00:00,FALSE
1584,2025-09-11 13:30:00,TRUE
285,2027-12-19 02:45:00,FALSE
6563,2027-02-27 13:00:00,FALSE
6095,2027-01-17 14:45:00,FALSE
4792,2025-03-29 21:00:00,TRUE
6484,2025-05-21 16:30:00,TRUE
6686,2027-11-21 07:00:00,FALSE
5459,2025-10-17 04:00:00,TRUE
5386,2027-05-18 22:45:00,FALSE
9884,2027-05-30 03:45:00,FALSE
1288,2025-12-25 15:45:00,TRUE
5165,2027-11-04 08:45:00,FALSE
6586,2025-07-24 01:00:00,TRUE
8182,2026-10-06 08:45:00,FALSE
8766,2026-06-17 01:30:00,FALSE
4361,2026-08-29 20:30:00,FALSE
1325,2026-06-07 08:00:00,FALSE
42,2027-11-16 02:30:00,FALSE
3048,2027-09-25 23:00:00,FALSE
1208,2026-01-15 23:45:00,TRUE
8741,2026-06-25 17:45:00,FALSE
551,2026-11-11 02:00:00,FALSE
2266,2026-06-18 14:45:00,FALSE
3703,2026-01-29 08:00:00,TRUE
8810,2026-03-31 17:45:00,TRUE
3642,2026-01-10 09:15:00,TRUE
1315,2025-03-06 02:00:00,TRUE
403,2025-07-17 23:15:00,TRUE
5552,2026-05-23 23:30:00,FALSE
1567,2026-12-30 18:45:00,FALSE
7561,2026-08-20 06:45:00,FALSE
1831,2025-01-02 14:00:00,TRUE
3286,2025-03-27 07:45:00,TRUE
8812,2027-09-05 03:45:00,FALSE
1868,2026-10-18 04:15:00,FALSE
5878,2027-06-15 08:45:00,FALSE
4770,2026-07-16 00:30:00,FALSE
6862,2025-02-07 10:30:00,TRUE
1922,2025-01-11 20:15:00,TRUE
4242,2026-03-28 20:45:00,TRUE
6218,2025-01-17 23:45:00,TRUE
371,2027-08-19 20:15:00,FALSE
9857,2026-06-11 22:45:00,FALSE
1192,2025-05-30 03:00:00,TRUE
5499,2026-02-09 17:15:00,TRUE
6569,2025-02-05 17:30:00,TRUE
6988,2025-02-08 16:15:00,TRUE
5229,2027-09-13 05:00:00,FALSE
5075,2025-10-09 05:00:00,TRUE
1724,2025-05-01 17:45:00,TRUE
1550,2026-07-21 17:15:00,FALSE
9311,2026-03-03 07:15:00,TRUE
8275,2026-08-22 08:15:00,FALSE
2737,2025-10-31 15:30:00,TRUE
5376,2027-09-22 06:30:00,FALSE
2097,2025-10-26 23:00:00,TRUE
4492,2026-05-26 12:45:00,FALSE
9085,2025-02-20 18:00:00,TRUE
795,2027-06-10 10:45:00,FALSE
141,2025-11-05 21:15:00,TRUE
1475,2025-08-12 19:00:00,TRUE
9472,2026-12-30 18:45:00,FALSE
3945,2027-11-04 15:45:00,FALSE
3226,2026-12-29 14:45:00,FALSE
3879,2027-12-28 03:45:00,FALSE
710,2027-11-07 02:15:00,FALSE
7969,2026-09-06 07:00:00,FALSE
4727,2025-02-17 06:00:00,TRUE
5151,2027-12-23 04:15:00,FALSE
5906,2025-12-20 17:00:00,TRUE
8640,2025-12-24 18:45:00,TRUE
4088,2025-10-12 00:00:00,TRUE
3444,2027-12-23 02:15:00,FALSE
4086,2027-10-09 01:15:00,FALSE
7814,2026-06-17 02:45:00,FALSE
6804,2026-11-14 06:30:00,FALSE
3735,2025-09-07 01:45:00,TRUE
9429,2026-10-06 08:45:00,FALSE
2490,2025-07-20 02:15:00,TRUE
9423,2025-02-24 12:45:00,TRUE
7784,2025-05-19 16:30:00,TRUE
730,2027-12-07 00:45:00,FALSE
7414,2025-05-28 07:30:00,TRUE
7398,2027-09-30 17:45:00,FALSE
1560,2027-03-24 07:15:00,FALSE
1574,2027-01-22 10:30:00,FALSE
7658,2025-12-26 05:45:00,TRUE
3268,2026-02-02 17:30:00,TRUE
8375,2026-04-17 23:00:00,TRUE
3795,2027-06-30 14:45:00,FALSE
93,2027-08-31 08:00:00,FALSE
9878,2027-04-21 07:30:00,FALSE
7708,2025-08-10 13:00:00,TRUE
1306,2027-04-05 14:15:00,FALSE
3010,2027-05-26 05:45:00,FALSE
4379,2027-08-18 19:00:00,FALSE
6225,2027-11-25 20:30:00,FALSE
3959,2026-06-07 12:45:00,FALSE
1039,2026-08-24 01:00:00,FALSE
4583,2025-10-09 17:00:00,TRUE
6036,2027-10-01 19:00:00,FALSE
7037,2025-07-29 07:45:00,TRUE
6744,2026-06-29 04:30:00,FALSE
352,2025-06-05 07:30:00,TRUE
3551,2027-03-16 03:45:00,FALSE
6427,2025-12-24 12:30:00,TRUE
6420,2025-05-20 12:15:00,TRUE
1024,2026-03-11 10:00:00,TRUE
2881,2026-12-14 03:15:00,FALSE
6290,2025-11-18 15:30:00,TRUE
9538,2027-03-20 15:15:00,FALSE
7684,2026-12-03 05:15:00,FALSE
9383,2027-02-15 17:30:00,FALSE
8392,2026-05-05 20:30:00,TRUE
3897,2027-02-26 22:15:00,FALSE
7344,2026-01-17 04:15:00,TRUE
66,2027-03-11 14:45:00,FALSE
8500,2027-06-19 00:30:00,FALSE
4725,2025-12-20 15:30:00,TRUE
8702,2025-02-12 17:30:00,TRUE
7452,2027-09-29 23:45:00,FALSE
4014,2025-07-28 14:45:00,TRUE
3575,2026-06-15 20:00:00,FALSE
5701,2025-11-21 23:30:00,TRUE
4322,2026-03-29 09:00:00,TRUE
1261,2025-11-06 00:45:00,TRUE
6126,2026-11-01 20:15:00,FALSE
97,2025-10-21 03:15:00,TRUE
2209,2027-09-25 17:45:00,FALSE
7057,2025-01-06 02:45:00,TRUE
2842,2026-03-16 23:30:00,TRUE
3961,2027-08-23 09:15:00,FALSE
9383,2025-11-07 15:30:00,TRUE
9386,2027-08-24 23:15:00,FALSE
6186,2026-03-17 15:15:00,TRUE
3391,2027-07-09 17:45:00,FALSE
918,2025-01-09 17:45:00,TRUE
9313,2025-07-08 02:15:00,TRUE
4995,2025-05-21 18:45:00,TRUE
4623,2025-07-24 02:15:00,TRUE
5229,2025-11-11 18:45:00,TRUE
5049,2027-04-09 19:45:00,FALSE
5020,2027-11-27 22:15:00,FALSE
4192,2026-06-01 19:15:00,FALSE
5431,2025-09-06 13:45:00,TRUE
3888,2025-08-26 22:45:00,TRUE
894,2027-08-12 16:15:00,FALSE
328,2026-10-12 16:45:00,FALSE
9224,2027-12-21 09:00:00,FALSE
5096,2027-12-10 06:00:00,FALSE
9694,2026-12-14 07:30:00,FALSE
1862,2025-09-19 11:45:00,TRUE
859,2027-01-04 16:30:00,FALSE
4539,2027-08-07 19:30:00,FALSE
3376,2025-04-06 16:45:00,TRUE
2388,2027-05-23 16:15:00,FALSE
839,2026-08-31 14:00:00,FALSE
1563,2025-07-24 12:00:00,TRUE
5990,2027-04-12 07:45:00,FALSE
6857,2026-11-13 18:30:00,FALSE
3334,2025-04-22 07:30:00,TRUE
10002,2025-05-19 22:30:00,TRUE
2343,2025-04-03 16:15:00,TRUE
7837,2025-06-15 20:15:00,TRUE
6046,2026-05-04 01:00:00,TRUE
2281,2027-09-02 11:30:00,FALSE
8936,2025-07-02 13:15:00,TRUE
6120,2026-12-12 20:30:00,FALSE
7400,2027-04-21 09:45:00,FALSE
3955,2027-09-23 21:45:00,FALSE
9757,2027-03-17 20:15:00,FALSE
6645,2026-02-06 00:00:00,TRUE
8068,2027-11-09 02:00:00,FALSE
6497,2026-09-08 13:15:00,FALSE
4690,2026-12-21 07:00:00,FALSE
1597,2025-08-08 03:15:00,TRUE
980,2027-03-27 21:30:00,FALSE
9492,2026-11-26 11:15:00,FALSE
3718,2025-03-25 22:45:00,TRUE
8640,2025-07-12 13:15:00,TRUE
8067,2027-07-14 18:45:00,FALSE
7610,2027-01-08 08:30:00,FALSE
8413,2025-01-26 12:30:00,TRUE
2701,2026-11-21 10:00:00,FALSE
2636,2027-04-23 09:30:00,FALSE
7054,2027-06-10 04:00:00,FALSE
762,2027-10-26 10:15:00,FALSE
1430,2026-05-11 11:00:00,TRUE
2343,2025-05-10 23:30:00,TRUE
8087,2027-03-03 14:00:00,FALSE
7804,2025-04-05 12:30:00,TRUE
6099,2025-01-22 10:45:00,TRUE
3838,2025-10-23 00:00:00,TRUE
4149,2025-04-18 07:30:00,TRUE
549,2027-03-02 07:30:00,FALSE
2446,2026-05-03 04:15:00,TRUE
9903,2025-07-06 03:15:00,TRUE
1775,2026-07-09 21:15:00,FALSE
9503,2025-04-13 17:15:00,TRUE
9401,2027-03-04 02:15:00,FALSE
2824,2026-07-19 06:15:00,FALSE
1403,2027-09-03 03:30:00,FALSE
2237,2026-06-26 08:15:00,FALSE
7425,2027-07-12 17:15:00,FALSE
7828,2027-07-04 03:15:00,FALSE
1172,2026-06-16 11:15:00,FALSE
1000,2025-07-24 10:45:00,TRUE
3445,2027-11-09 23:00:00,FALSE
8664,2027-01-14 11:45:00,FALSE
4538,2025-11-16 14:00:00,TRUE
5036,2026-11-21 16:00:00,FALSE
7073,2027-09-28 19:15:00,FALSE
6609,2025-03-28 09:30:00,TRUE
8062,2025-09-13 15:30:00,TRUE
2162,2025-10-21 13:30:00,TRUE
4979,2026-12-20 10:00:00,FALSE
2224,2025-06-26 02:45:00,TRUE
931,2026-11-22 11:00:00,FALSE
801,2027-07-29 18:30:00,FALSE
3604,2025-04-15 02:45:00,TRUE
5427,2026-08-23 15:15:00,FALSE
6221,2027-02-08 19:45:00,FALSE
5847,2025-03-22 12:00:00,TRUE
8755,2026-04-15 08:00:00,TRUE
7227,2027-10-13 11:15:00,FALSE
699,2027-01-05 07:15:00,FALSE
2271,2026-01-20 21:30:00,TRUE
842,2025-10-16 15:30:00,TRUE
5202,2027-04-07 20:45:00,FALSE
2403,2025-06-10 10:15:00,TRUE
761,2026-07-06 18:45:00,FALSE
6253,2025-02-23 17:00:00,TRUE
849,2026-02-05 20:45:00,TRUE
4118,2025-06-19 04:45:00,TRUE
2887,2027-04-09 19:45:00,FALSE
6678,2026-04-13 16:30:00,TRUE
8644,2027-11-19 20:00:00,FALSE
309,2025-07-08 12:45:00,TRUE
9290,2027-05-30 07:00:00,FALSE
3260,2027-03-22 01:45:00,FALSE
1344,2027-09-17 18:00:00,FALSE
4457,2025-02-12 22:00:00,TRUE
8878,2025-05-15 08:00:00,TRUE
4128,2025-08-18 10:30:00,TRUE
2151,2027-10-28 13:30:00,FALSE
7294,2025-02-17 07:00:00,TRUE
1040,2027-02-10 14:30:00,FALSE
3140,2027-06-10 21:00:00,FALSE
6655,2025-08-26 02:00:00,TRUE
7886,2027-10-11 03:15:00,FALSE
2427,2025-04-18 06:30:00,TRUE
8467,2027-12-13 18:30:00,FALSE
2935,2026-04-04 21:00:00,TRUE
6966,2025-01-01 07:15:00,TRUE
7174,2025-07-02 04:15:00,TRUE
2587,2025-05-21 19:15:00,TRUE
6101,2026-10-15 18:45:00,FALSE
5651,2026-06-19 00:00:00,FALSE
6613,2027-08-27 01:45:00,FALSE
9939,2027-06-11 21:30:00,FALSE
4017,2026-02-23 11:00:00,TRUE
8731,2027-11-27 18:45:00,FALSE
5744,2025-11-10 01:00:00,TRUE
7376,2025-11-17 13:45:00,TRUE
537,2027-08-23 03:15:00,FALSE
5523,2027-05-02 21:30:00,FALSE
2328,2025-10-12 20:15:00,TRUE
3219,2025-02-15 12:15:00,TRUE
1994,2026-07-15 18:45:00,FALSE
1268,2026-03-19 20:15:00,TRUE
428,2025-09-23 09:00:00,TRUE
4118,2025-10-07 21:15:00,TRUE
6283,2027-07-30 22:00:00,FALSE
4436,2026-06-07 18:45:00,FALSE
5483,2027-09-20 21:00:00,FALSE
1101,2027-07-30 20:30:00,FALSE
8644,2025-12-22 00:00:00,TRUE
3887,2025-01-16 16:30:00,TRUE
7235,2027-06-22 17:15:00,FALSE
6922,2027-01-20 22:15:00,FALSE
6072,2027-09-06 01:30:00,FALSE
3174,2025-07-14 14:00:00,TRUE
942,2027-03-27 04:30:00,FALSE
1429,2027-10-17 23:30:00,FALSE
8282,2027-11-15 22:15:00,FALSE
3891,2025-02-18 03:00:00,TRUE
5868,2027-12-24 19:15:00,FALSE
6431,2026-08-21 05:00:00,FALSE
964,2027-02-22 14:15:00,FALSE
3450,2025-08-19 17:15:00,TRUE
2491,2027-10-16 09:45:00,FALSE
7327,2026-09-19 19:30:00,FALSE
6954,2026-04-09 02:15:00,TRUE
8620,2026-11-11 19:30:00,FALSE
5766,2026-11-29 14:15:00,FALSE
5946,2026-06-28 01:30:00,FALSE
6256,2027-12-16 05:30:00,FALSE
9360,2026-03-03 12:45:00,TRUE
592,2026-04-03 20:30:00,TRUE
8775,2026-06-25 19:30:00,FALSE
6246,2025-04-15 06:45:00,TRUE
2985,2026-09-29 08:15:00,FALSE
820,2025-03-06 21:15:00,TRUE
5988,2025-03-18 15:15:00,TRUE
2453,2026-09-05 22:15:00,FALSE
3883,2025-01-05 13:45:00,TRUE
2570,2025-11-18 11:00:00,TRUE
6400,2027-05-21 15:00:00,FALSE
6585,2026-06-03 06:30:00,FALSE
1950,2026-05-19 19:45:00,FALSE
1567,2027-12-02 18:30:00,FALSE
2223,2027-10-16 16:15:00,FALSE
6914,2025-12-14 14:15:00,TRUE
6144,2026-07-14 06:00:00,FALSE
3589,2025-09-08 20:30:00,TRUE
5511,2027-02-19 01:15:00,FALSE
5482,2026-03-19 15:45:00,TRUE
4354,2025-07-07 09:00:00,TRUE
8171,2025-01-15 15:15:00,TRUE
9390,2025-05-14 07:45:00,TRUE
3582,2026-08-25 04:15:00,FALSE
7731,2026-12-06 22:15:00,FALSE
5975,2026-05-08 22:00:00,TRUE
4247,2027-02-15 18:15:00,FALSE
1827,2026-07-04 05:00:00,FALSE
422,2025-01-11 00:45:00,TRUE
7977,2025-06-16 05:30:00,TRUE
1374,2026-03-17 16:00:00,TRUE
5559,2025-07-24 01:15:00,TRUE
8973,2025-09-24 21:15:00,TRUE
2926,2027-12-11 09:45:00,FALSE
8111,2027-02-20 05:30:00,FALSE
5034,2025-07-17 07:15:00,TRUE
316,2026-04-16 20:15:00,TRUE
6118,2026-03-08 06:30:00,TRUE
102,2025-03-24 01:45:00,TRUE
4105,2026-09-06 20:15:00,FALSE
4575,2026-05-11 04:30:00,TRUE
3472,2027-12-03 06:45:00,FALSE
5899,2027-06-02 17:45:00,FALSE
7521,2027-01-01 21:30:00,FALSE
758,2025-03-18 16:15:00,TRUE
746,2025-09-12 08:00:00,TRUE
6895,2027-03-04 01:30:00,FALSE
9736,2027-09-01 07:45:00,FALSE
1098,2026-08-09 00:30:00,FALSE
5143,2027-10-04 14:45:00,FALSE
5208,2026-12-27 16:00:00,FALSE
4083,2025-11-08 23:45:00,TRUE
7107,2026-04-08 11:45:00,TRUE
3630,2025-07-24 10:00:00,TRUE
4544,2025-10-26 05:15:00,TRUE
4966,2027-09-26 09:30:00,FALSE
5540,2027-07-03 08:00:00,FALSE
5435,2026-07-20 16:30:00,FALSE
9352,2027-02-26 11:45:00,FALSE
5318,2027-12-13 01:00:00,FALSE
4891,2026-01-25 04:45:00,TRUE
170,2026-11-28 10:30:00,FALSE
5514,2026-09-28 13:30:00,FALSE
4933,2026-09-10 03:15:00,FALSE
8619,2027-06-22 06:15:00,FALSE
818,2027-07-18 10:15:00,FALSE
9279,2025-12-30 16:45:00,TRUE
7321,2025-06-11 20:00:00,TRUE
6215,2025-07-13 09:15:00,TRUE
6300,2027-08-18 07:00:00,FALSE
235,2025-11-16 01:15:00,TRUE
7239,2027-02-28 09:30:00,FALSE
1284,2025-08-29 23:00:00,TRUE
2476,2026-09-30 17:45:00,FALSE
5618,2027-12-19 17:15:00,FALSE
978,2027-12-01 11:00:00,FALSE
122,2026-07-11 23:45:00,FALSE
4351,2025-05-02 11:00:00,TRUE
2358,2027-01-24 15:45:00,FALSE
2141,2026-03-24 19:00:00,TRUE
4885,2027-01-05 10:00:00,FALSE
4676,2025-02-14 19:30:00,TRUE
6634,2026-05-05 17:00:00,TRUE
4387,2027-02-15 20:30:00,FALSE
7058,2025-01-16 01:45:00,TRUE
3103,2025-10-14 11:15:00,TRUE
5446,2026-11-25 07:15:00,FALSE
3345,2025-09-30 04:00:00,TRUE
2162,2025-12-20 07:45:00,TRUE
844,2026-09-21 14:15:00,FALSE
8321,2026-11-23 07:15:00,FALSE
3937,2025-05-03 15:45:00,TRUE
7664,2027-04-28 09:30:00,FALSE
9745,2025-03-30 22:00:00,TRUE
2119,2027-06-14 12:30:00,FALSE
3521,2026-12-18 01:00:00,FALSE
7392,2027-01-29 22:45:00,FALSE
9077,2027-02-19 09:00:00,FALSE
8914,2025-03-13 00:45:00,TRUE
8123,2026-02-09 13:30:00,TRUE
1863,2027-06-04 18:45:00,FALSE
1148,2026-05-30 13:00:00,FALSE
6895,2025-11-30 03:45:00,TRUE
989,2027-06-15 17:00:00,FALSE
6226,2026-08-15 14:30:00,FALSE
470,2025-06-22 03:45:00,TRUE
5654,2026-07-25 07:30:00,FALSE
296,2027-11-13 10:45:00,FALSE
3095,2026-05-30 09:15:00,FALSE
3917,2027-08-06 02:30:00,FALSE
6043,2027-04-03 03:00:00,FALSE
5792,2026-03-19 17:30:00,TRUE
8,2027-07-28 21:15:00,FALSE
8970,2026-12-08 08:15:00,FALSE
9310,2025-01-06 02:30:00,TRUE
3204,2026-06-14 13:45:00,FALSE
8016,2025-09-20 22:45:00,TRUE
2967,2027-02-25 05:45:00,FALSE
7172,2027-02-22 21:00:00,FALSE
428,2025-09-03 10:00:00,TRUE
3042,2026-10-20 03:15:00,FALSE
7426,2027-09-23 15:45:00,FALSE
364,2026-10-30 08:15:00,FALSE
6782,2027-05-31 01:15:00,FALSE
5201,2026-10-07 02:15:00,FALSE
4532,2026-10-11 09:45:00,FALSE
7632,2025-10-23 14:30:00,TRUE
7672,2025-07-31 21:30:00,TRUE
4,2025-06-16 06:45:00,TRUE
4535,2027-09-15 08:45:00,FALSE
2306,2026-11-10 01:15:00,FALSE
7120,2026-11-04 08:15:00,FALSE
3287,2027-05-22 02:15:00,FALSE
1287,2026-01-03 01:30:00,TRUE
2342,2027-08-05 05:15:00,FALSE
6914,2026-08-28 20:30:00,FALSE
1711,2027-05-27 09:00:00,FALSE
3225,2026-11-24 04:15:00,FALSE
4254,2025-05-18 13:15:00,TRUE
5759,2027-02-20 11:15:00,FALSE
2649,2026-05-20 11:45:00,FALSE
4338,2026-06-01 00:45:00,FALSE
3365,2025-10-06 21:45:00,TRUE
7126,2025-07-30 23:00:00,TRUE
5289,2026-04-10 16:45:00,TRUE
2093,2026-06-06 18:15:00,FALSE
1491,2027-12-18 10:45:00,FALSE
5567,2027-11-29 11:45:00,FALSE
8145,2025-07-01 13:00:00,TRUE
7454,2025-02-01 14:30:00,TRUE
8262,2027-11-10 23:00:00,FALSE
4082,2026-12-21 09:00:00,FALSE
9247,2025-02-01 14:00:00,TRUE
7032,2025-08-01 05:30:00,TRUE
2211,2025-05-15 11:30:00,TRUE
4933,2027-12-07 23:30:00,FALSE
5736,2025-08-23 07:15:00,TRUE
9209,2026-01-25 17:45:00,TRUE
7137,2025-01-10 23:30:00,TRUE
8627,2025-11-15 15:30:00,TRUE
5899,2025-01-03 11:45:00,TRUE
4564,2027-01-23 14:15:00,FALSE
5920,2027-03-06 11:30:00,FALSE
4992,2027-02-10 09:30:00,FALSE
1891,2026-10-19 15:15:00,FALSE
7025,2026-02-19 03:00:00,TRUE
388,2025-12-23 02:15:00,TRUE
3230,2027-07-10 02:45:00,FALSE
8469,2025-03-15 22:45:00,TRUE
9871,2025-11-28 15:00:00,TRUE
5202,2025-05-27 11:00:00,TRUE
9558,2026-09-01 06:30:00,FALSE
5158,2026-04-20 16:30:00,TRUE
816,2027-12-21 09:45:00,FALSE
4826,2025-03-26 08:15:00,TRUE
3894,2027-03-27 20:00:00,FALSE
4865,2026-06-25 04:30:00,FALSE
905,2026-05-24 18:30:00,FALSE
8880,2027-07-14 02:30:00,FALSE
8200,2027-06-01 14:45:00,FALSE
6993,2027-09-21 06:30:00,FALSE
1102,2026-08-18 14:00:00,FALSE
2301,2025-04-11 15:45:00,TRUE
5561,2025-03-02 00:45:00,TRUE
3709,2027-04-30 10:30:00,FALSE
1591,2025-12-16 06:30:00,TRUE
8888,2026-03-26 11:15:00,TRUE
8101,2027-06-19 04:45:00,FALSE
2752,2025-08-10 00:00:00,TRUE
1071,2026-09-04 21:00:00,FALSE
5071,2025-09-27 08:15:00,TRUE
287,2027-04-04 07:45:00,FALSE
3324,2025-02-14 15:15:00,TRUE
7672,2027-05-26 20:30:00,FALSE
4567,2025-04-30 06:45:00,TRUE
915,2025-10-18 23:30:00,TRUE
5919,2027-11-07 06:00:00,FALSE
9243,2026-02-01 22:15:00,TRUE
9048,2026-10-10 08:45:00,FALSE
3564,2025-09-06 04:45:00,TRUE
5602,2026-04-26 02:15:00,TRUE
510,2025-08-19 18:00:00,TRUE
7992,2026-02-17 20:30:00,TRUE
4519,2026-06-29 05:00:00,FALSE
9987,2027-12-19 20:30:00,FALSE
2501,2027-01-11 23:30:00,FALSE
5168,2026-11-05 18:45:00,FALSE
5345,2025-08-21 12:30:00,TRUE
6691,2025-06-20 03:45:00,TRUE
4228,2027-03-24 02:30:00,FALSE
5187,2026-06-22 15:15:00,FALSE
6203,2026-10-07 15:15:00,FALSE
6516,2026-03-11 21:15:00,TRUE
7113,2025-03-10 05:15:00,TRUE
6071,2025-07-26 14:00:00,TRUE
1072,2027-11-18 00:45:00,FALSE
3136,2025-05-10 04:15:00,TRUE
2631,2027-10-07 10:45:00,FALSE
429,2026-02-26 00:00:00,TRUE
498,2026-02-17 07:45:00,TRUE
4815,2025-03-29 03:15:00,TRUE
6296,2026-09-07 15:45:00,FALSE
8344,2025-06-29 23:15:00,TRUE
9777,2025-03-12 17:45:00,TRUE
8746,2026-04-04 09:00:00,TRUE
2770,2026-09-17 06:00:00,FALSE
956,2025-11-02 22:30:00,TRUE
3216,2026-03-21 23:15:00,TRUE
3751,2026-02-10 20:15:00,TRUE
2432,2025-07-29 14:00:00,TRUE
6633,2026-03-05 14:30:00,TRUE
1871,2027-08-20 16:15:00,FALSE
7624,2025-08-02 16:00:00,TRUE
3256,2027-04-25 23:15:00,FALSE
9560,2026-09-18 12:45:00,FALSE
5053,2026-06-19 04:15:00,FALSE
9337,2026-10-20 08:15:00,FALSE
9810,2026-03-07 12:45:00,TRUE
147,2026-05-02 07:30:00,TRUE
6817,2025-09-30 17:45:00,TRUE
9905,2027-03-21 19:45:00,FALSE
9706,2026-05-22 11:30:00,FALSE
6824,2026-01-26 05:45:00,TRUE
6952,2025-04-05 10:30:00,TRUE
8349,2025-07-10 09:30:00,TRUE
5881,2026-03-07 15:30:00,TRUE
8129,2026-01-06 21:30:00,TRUE
5887,2026-08-02 03:15:00,FALSE
8612,2025-02-04 06:45:00,TRUE
3803,2027-05-20 11:00:00,FALSE
8892,2025-08-24 09:15:00,TRUE
5892,2027-11-17 20:00:00,FALSE
868,2025-06-22 02:00:00,TRUE
4365,2025-07-08 03:45:00,TRUE
3445,2026-05-04 04:30:00,TRUE
8258,2026-05-04 14:30:00,TRUE
1276,2025-08-05 04:30:00,TRUE
614,2025-12-20 23:45:00,TRUE
5835,2027-12-22 20:45:00,FALSE
4127,2025-06-25 11:30:00,TRUE
4868,2025-09-27 16:00:00,TRUE
6070,2027-10-28 10:45:00,FALSE
1861,2026-07-06 03:15:00,FALSE
3974,2026-05-06 11:15:00,TRUE
812,2025-04-28 23:15:00,TRUE
1240,2025-08-14 08:00:00,TRUE
1576,2027-04-01 20:00:00,FALSE
4703,2026-05-01 18:15:00,TRUE
8780,2027-06-03 18:15:00,FALSE
7920,2027-10-03 17:15:00,FALSE
8555,2025-07-15 21:15:00,TRUE
8612,2027-05-15 07:45:00,FALSE
5745,2027-10-12 00:15:00,FALSE
5869,2025-12-04 02:15:00,TRUE
4823,2025-09-08 12:30:00,TRUE
3392,2026-11-25 05:00:00,FALSE
9355,2026-07-04 10:45:00,FALSE
4914,2025-09-10 00:15:00,TRUE
9740,2027-10-14 23:00:00,FALSE
6232,2027-05-14 16:45:00,FALSE
7085,2027-01-20 17:30:00,FALSE
4428,2027-03-20 13:00:00,FALSE
3167,2027-12-05 00:00:00,FALSE
5556,2026-09-20 16:00:00,FALSE
4339,2025-02-12 23:00:00,TRUE
9891,2025-05-14 17:30:00,TRUE
7051,2026-09-01 18:30:00,FALSE
8443,2026-09-04 23:45:00,FALSE
6314,2026-11-10 07:15:00,FALSE
6921,2026-03-28 01:15:00,TRUE
2738,2027-08-16 02:00:00,FALSE
7702,2026-05-28 01:45:00,FALSE
6639,2025-10-26 18:15:00,TRUE
5830,2026-10-02 14:15:00,FALSE
5077,2025-06-12 16:15:00,TRUE
3737,2025-09-19 01:00:00,TRUE
3697,2025-04-11 05:45:00,TRUE
5774,2025-04-10 06:15:00,TRUE
2620,2027-11-07 11:00:00,FALSE
732,2026-08-31 00:15:00,FALSE
4566,2026-12-04 03:30:00,FALSE
2128,2027-08-17 12:45:00,FALSE
9719,2027-02-01 16:00:00,FALSE
4857,2026-01-24 03:30:00,TRUE
6282,2027-02-20 12:45:00,FALSE
6180,2026-08-17 06:30:00,FALSE
9834,2025-09-08 09:15:00,TRUE
3330,2025-12-12 00:30:00,TRUE
1071,2026-11-09 23:30:00,FALSE
1094,2026-11-12 06:45:00,FALSE
1098,2025-03-02 04:45:00,TRUE
5536,2025-10-24 12:30:00,TRUE
2870,2026-04-25 11:00:00,TRUE
9237,2026-06-29 19:45:00,FALSE
8967,2026-07-05 18:15:00,FALSE
3329,2025-10-14 21:30:00,TRUE
2240,2025-01-04 07:30:00,TRUE
1649,2025-03-21 04:45:00,TRUE
8715,2027-12-18 18:00:00,FALSE
1225,2026-11-11 17:45:00,FALSE
484,2027-06-15 09:00:00,FALSE
302,2027-01-30 13:15:00,FALSE
9070,2025-01-07 00:30:00,TRUE
8569,2025-06-02 18:30:00,TRUE
1248,2027-06-15 18:15:00,FALSE
2393,2027-03-20 12:00:00,FALSE
296,2027-07-20 20:45:00,FALSE
6850,2025-04-25 05:15:00,TRUE
2750,2025-08-04 13:30:00,TRUE
3359,2025-04-02 06:15:00,TRUE
655,2027-06-21 07:45:00,FALSE
5625,2025-07-22 03:30:00,TRUE
7116,2025-06-14 12:30:00,TRUE
9477,2025-08-11 02:15:00,TRUE
7439,2027-08-24 09:00:00,FALSE
6028,2025-03-01 06:15:00,TRUE
5280,2026-09-17 02:00:00,FALSE
6980,2026-08-05 15:30:00,FALSE
5641,2027-11-06 05:30:00,FALSE
7272,2025-01-13 09:15:00,TRUE
9758,2027-04-07 07:15:00,FALSE
9066,2025-12-08 01:45:00,TRUE
5865,2026-03-24 23:30:00,TRUE
7038,2025-05-04 10:00:00,TRUE
9633,2025-08-10 02:30:00,TRUE
9127,2025-08-28 13:00:00,TRUE
8246,2025-09-08 02:00:00,TRUE
1760,2025-05-04 02:15:00,TRUE
9092,2026-01-06 11:15:00,TRUE
9988,2025-12-09 17:45:00,TRUE
2417,2026-07-23 16:00:00,FALSE
5452,2025-01-17 10:15:00,TRUE
3476,2027-05-02 11:45:00,FALSE
6312,2027-07-05 10:30:00,FALSE
4650,2025-08-11 01:15:00,TRUE
4513,2027-09-11 00:15:00,FALSE
3909,2027-08-06 04:15:00,FALSE
6729,2027-07-13 07:00:00,FALSE
1054,2027-08-08 15:45:00,FALSE
2714,2027-03-09 00:45:00,FALSE
2063,2027-07-15 11:00:00,FALSE
5629,2025-12-24 21:00:00,TRUE
4255,2027-06-03 23:00:00,FALSE
8854,2026-12-16 10:15:00,FALSE
3639,2026-01-15 02:30:00,TRUE
1838,2027-10-23 05:00:00,FALSE
7233,2027-01-08 23:15:00,FALSE
5319,2026-01-27 08:00:00,TRUE
99,2025-08-26 09:30:00,TRUE
8842,2025-11-30 16:30:00,TRUE
4061,2027-12-13 11:45:00,FALSE
4319,2026-05-18 13:00:00,FALSE
1017,2027-03-18 07:00:00,FALSE
1914,2026-10-14 09:15:00,FALSE
9171,2025-09-07 06:45:00,TRUE
8035,2025-10-19 22:45:00,TRUE
6551,2025-10-21 03:30:00,TRUE
2436,2026-03-24 21:00:00,TRUE
1039,2027-12-31 02:00:00,FALSE
4896,2027-09-06 06:00:00,FALSE
1586,2026-03-30 18:30:00,TRUE
8386,2026-02-25 13:30:00,TRUE
4744,2027-08-27 23:45:00,FALSE
3168,2026-11-16 16:00:00,FALSE
2366,2026-10-04 16:45:00,FALSE
8223,2025-11-01 01:30:00,TRUE
4389,2027-08-27 17:45:00,FALSE
3328,2025-08-09 18:30:00,TRUE
216,2025-09-29 15:45:00,TRUE
1256,2025-09-29 12:00:00,TRUE
6213,2027-06-14 08:45:00,FALSE
4138,2025-09-29 15:45:00,TRUE
8150,2025-08-26 20:15:00,TRUE
9305,2027-10-30 00:30:00,FALSE
7932,2026-01-15 15:15:00,TRUE
4106,2026-05-07 13:30:00,TRUE
1789,2026-06-09 03:00:00,FALSE
615,2026-12-06 06:15:00,FALSE
1977,2027-08-20 07:00:00,FALSE
1698,2026-11-30 17:45:00,FALSE
7613,2027-01-20 15:45:00,FALSE
8413,2027-07-18 01:00:00,FALSE
227,2027-10-14 07:00:00,FALSE
9272,2026-04-02 08:45:00,TRUE
6106,2026-08-14 15:15:00,FALSE
4620,2027-07-17 11:00:00,FALSE
9710,2025-01-25 23:45:00,TRUE
9868,2026-05-02 09:15:00,TRUE
2040,2025-04-30 11:00:00,TRUE
7504,2027-07-16 08:45:00,FALSE
3764,2027-11-24 19:00:00,FALSE
10008,2026-04-20 17:15:00,TRUE
4941,2025-03-09 21:15:00,TRUE
4241,2027-01-31 09:30:00,FALSE
2635,2026-05-22 14:15:00,FALSE
6823,2025-12-26 17:00:00,TRUE
776,2027-03-01 15:45:00,FALSE
2625,2026-12-14 12:15:00,FALSE
1768,2026-01-05 22:30:00,TRUE
884,2025-04-15 19:00:00,TRUE
5210,2025-11-05 11:15:00,TRUE
2423,2027-03-04 03:00:00,FALSE
6465,2027-01-01 08:45:00,FALSE
6486,2025-02-02 02:45:00,TRUE
2723,2025-01-25 02:45:00,TRUE
9419,2027-03-11 20:15:00,FALSE
1131,2027-08-02 21:15:00,FALSE
550,2026-05-04 04:45:00,TRUE
6072,2027-08-11 18:30:00,FALSE
3371,2027-12-22 10:15:00,FALSE
8230,2027-08-09 10:45:00,FALSE
996,2026-05-13 04:15:00,TRUE
8985,2026-05-17 12:45:00,FALSE
9921,2026-11-25 12:00:00,FALSE
2446,2025-11-04 12:00:00,TRUE
3268,2025-02-27 12:00:00,TRUE
7626,2025-02-27 18:45:00,TRUE
8669,2025-01-16 18:00:00,TRUE
2441,2026-06-15 20:45:00,FALSE
1385,2026-04-25 02:30:00,TRUE
3167,2025-03-22 09:00:00,TRUE
2153,2027-06-30 13:30:00,FALSE
4727,2025-12-31 11:00:00,TRUE
4729,2025-12-31 21:15:00,TRUE
8197,2025-09-12 11:15:00,TRUE
9372,2026-11-09 07:30:00,FALSE
1303,2027-08-10 03:30:00,FALSE
5181,2026-10-22 20:30:00,FALSE
2323,2026-09-11 21:15:00,FALSE
9411,2027-11-05 13:30:00,FALSE
1985,2027-04-24 17:45:00,FALSE
6033,2025-01-07 03:30:00,TRUE
901,2025-04-11 22:15:00,TRUE
2790,2027-04-07 17:00:00,FALSE
4975,2026-10-16 06:30:00,FALSE
459,2027-07-21 15:45:00,FALSE
967,2025-02-14 17:15:00,TRUE
2510,2027-12-02 22:30:00,FALSE
1449,2025-04-14 12:45:00,TRUE
5835,2026-11-27 19:45:00,FALSE
4661,2025-10-13 18:45:00,TRUE
1479,2027-08-01 04:45:00,FALSE
268,2026-12-29 01:45:00,FALSE
4791,2026-03-28 13:00:00,TRUE
3560,2027-04-01 19:45:00,FALSE
1835,2026-02-01 16:30:00,TRUE
9902,2025-11-03 08:00:00,TRUE
3173,2025-09-30 12:30:00,TRUE
4698,2027-03-23 14:45:00,FALSE
1882,2025-07-01 03:30:00,TRUE
7087,2026-10-18 17:45:00,FALSE
5048,2027-12-21 01:00:00,FALSE
6951,2025-11-26 01:00:00,TRUE
1297,2027-10-24 05:30:00,FALSE
4197,2027-03-13 05:15:00,FALSE
1330,2025-09-05 06:15:00,TRUE
9288,2025-10-05 19:00:00,TRUE
8089,2026-01-14 14:30:00,TRUE
9961,2027-08-17 16:30:00,FALSE
5116,2027-04-25 18:00:00,FALSE
3613,2025-05-14 11:45:00,TRUE
3341,2026-11-17 15:30:00,FALSE
14,2026-11-23 02:15:00,FALSE
9032,2026-11-03 03:00:00,FALSE
742,2026-11-15 06:45:00,FALSE
4953,2026-02-14 23:00:00,TRUE
1100,2027-09-09 08:00:00,FALSE
8949,2026-09-24 14:30:00,FALSE
1929,2027-11-10 08:45:00,FALSE
8776,2025-12-03 14:45:00,TRUE
1331,2025-02-27 03:00:00,TRUE
7569,2026-03-12 19:45:00,TRUE
9420,2027-12-20 05:45:00,FALSE
5953,2026-05-29 19:30:00,FALSE
8568,2027-08-13 03:45:00,FALSE
8708,2027-10-24 08:00:00,FALSE
8542,2025-09-11 13:45:00,TRUE
6264,2027-12-05 23:45:00,FALSE
5425,2027-01-25 20:45:00,FALSE
4071,2027-05-11 15:15:00,FALSE
2849,2027-05-08 22:30:00,FALSE
9708,2026-03-01 18:30:00,TRUE
6205,2027-01-04 05:15:00,FALSE
2636,2025-03-12 06:30:00,TRUE
7290,2026-02-25 22:30:00,TRUE
1435,2026-07-19 14:45:00,FALSE
9763,2027-05-28 13:00:00,FALSE
9733,2027-01-07 12:30:00,FALSE
6889,2025-02-24 00:30:00,TRUE
8341,2025-05-02 19:30:00,TRUE
2926,2025-06-18 06:30:00,TRUE
5386,2025-05-04 03:00:00,TRUE
6127,2026-10-31 00:00:00,FALSE
3227,2025-04-18 11:45:00,TRUE
6237,2025-08-31 06:30:00,TRUE
3670,2027-01-24 08:15:00,FALSE
9749,2027-02-01 17:30:00,FALSE
1812,2026-09-22 15:45:00,FALSE
4285,2026-08-03 07:30:00,FALSE
3678,2026-11-30 11:15:00,FALSE
6166,2025-04-08 00:15:00,TRUE
1006,2025-04-04 01:45:00,TRUE
2081,2027-03-05 02:30:00,FALSE
3780,2025-11-18 06:30:00,TRUE
1788,2027-05-09 11:00:00,FALSE
3999,2027-01-13 15:00:00,FALSE
9848,2026-02-21 06:30:00,TRUE
3577,2025-10-13 01:00:00,TRUE
1158,2027-05-30 03:30:00,FALSE
6164,2026-08-15 19:15:00,FALSE
6509,2027-08-02 20:00:00,FALSE
1748,2025-02-23 01:45:00,TRUE
441,2026-09-21 10:00:00,FALSE
9139,2025-01-05 19:00:00,TRUE
4418,2027-07-02 12:30:00,FALSE
7487,2025-08-14 16:15:00,TRUE
4364,2025-12-12 16:15:00,TRUE
4121,2027-09-24 11:45:00,FALSE
1374,2027-12-23 02:00:00,FALSE
1790,2027-09-22 14:45:00,FALSE
2418,2025-05-25 21:45:00,TRUE
4522,2025-12-21 16:15:00,TRUE
6698,2027-07-17 09:30:00,FALSE
238,2025-12-02 03:00:00,TRUE
2947,2026-11-18 12:00:00,FALSE
6641,2026-06-23 08:15:00,FALSE
5642,2027-09-02 22:15:00,FALSE
6545,2026-11-03 16:15:00,FALSE
4391,2027-06-11 19:00:00,FALSE
796,2025-06-29 23:45:00,TRUE
298,2025-08-31 01:00:00,TRUE
7098,2026-09-01 03:30:00,FALSE
8044,2027-04-16 22:00:00,FALSE
1108,2026-06-13 18:45:00,FALSE
6476,2025-02-21 12:15:00,TRUE
555,2026-06-26 13:30:00,FALSE
1050,2027-08-26 15:15:00,FALSE
3347,2025-09-27 14:00:00,TRUE
4540,2026-04-19 23:30:00,TRUE
7327,2027-03-11 14:45:00,FALSE
564,2025-07-14 09:30:00,TRUE
6258,2025-12-27 18:45:00,TRUE
3021,2026-07-31 09:30:00,FALSE
1756,2026-01-14 03:00:00,TRUE
7483,2025-10-20 22:45:00,TRUE
5627,2026-06-17 15:15:00,FALSE
7262,2025-11-04 19:00:00,TRUE
8020,2026-11-14 22:30:00,FALSE
2221,2027-10-24 13:00:00,FALSE
6839,2027-12-05 06:30:00,FALSE
5086,2027-10-22 08:00:00,FALSE
997,2025-12-26 01:00:00,TRUE
9994,2026-04-04 23:45:00,TRUE
8586,2027-03-13 06:45:00,FALSE
5952,2026-05-14 07:00:00,TRUE
1110,2025-12-08 00:45:00,TRUE
1596,2026-10-09 23:15:00,FALSE
5853,2027-04-10 08:45:00,FALSE
6295,2025-03-28 20:15:00,TRUE
2084,2025-09-09 20:00:00,TRUE
7808,2025-04-25 07:00:00,TRUE
1574,2026-01-08 03:15:00,TRUE
2447,2025-12-29 09:30:00,TRUE
8456,2026-02-11 02:15:00,TRUE
6791,2027-06-10 07:30:00,FALSE
1010,2027-10-22 08:45:00,FALSE
3849,2027-09-03 12:15:00,FALSE
8521,2027-12-03 06:30:00,FALSE
2941,2027-11-26 13:30:00,FALSE
9412,2026-02-23 10:15:00,TRUE
9825,2027-06-30 15:45:00,FALSE
7145,2026-03-18 10:00:00,TRUE
6133,2026-01-05 05:00:00,TRUE
2139,2027-03-15 15:45:00,FALSE
1108,2025-04-17 18:45:00,TRUE
6502,2026-12-16 04:45:00,FALSE
1747,2027-07-14 20:30:00,FALSE
5798,2026-12-26 13:15:00,FALSE
7300,2025-05-20 05:30:00,TRUE
7232,2027-10-20 03:15:00,FALSE
1736,2026-08-22 02:45:00,FALSE
8844,2025-08-03 20:15:00,TRUE
190,2026-12-14 15:15:00,FALSE
2586,2027-03-19 03:45:00,FALSE
2715,2026-07-09 13:00:00,FALSE
5416,2025-05-28 18:45:00,TRUE
8566,2027-03-18 03:45:00,FALSE
6491,2025-05-26 08:00:00,TRUE
411,2025-06-30 13:30:00,TRUE
4524,2027-01-02 08:15:00,FALSE
8798,2026-08-02 10:30:00,FALSE
8813,2026-04-18 13:15:00,TRUE
157,2027-04-13 18:00:00,FALSE
4702,2026-08-09 19:15:00,FALSE
4339,2025-04-06 00:00:00,TRUE
4565,2026-07-17 19:45:00,FALSE
44,2026-06-27 13:45:00,FALSE
1907,2027-07-22 22:45:00,FALSE
7041,2027-03-30 20:00:00,FALSE
2278,2027-06-22 07:30:00,FALSE
8703,2025-03-01 09:00:00,TRUE
87,2025-03-16 13:30:00,TRUE
4509,2026-09-25 05:15:00,FALSE
8419,2027-10-25 14:00:00,FALSE
5344,2026-01-12 11:00:00,TRUE
7849,2027-01-30 07:45:00,FALSE
2230,2026-05-09 01:45:00,TRUE
586,2025-05-27 04:00:00,TRUE
690,2026-02-18 08:00:00,TRUE
4162,2025-11-21 13:45:00,TRUE
8586,2026-10-13 05:45:00,FALSE
5055,2025-04-21 10:30:00,TRUE
3027,2027-12-20 01:15:00,FALSE
4386,2025-12-04 07:15:00,TRUE
4552,2027-01-23 04:00:00,FALSE
7670,2027-04-02 03:15:00,FALSE
2669,2027-12-01 13:30:00,FALSE
2752,2026-06-30 06:00:00,FALSE
9382,2026-05-05 13:15:00,TRUE
415,2026-07-19 06:00:00,FALSE
510,2027-05-07 20:30:00,FALSE
5476,2027-04-27 16:00:00,FALSE
8985,2025-05-18 14:30:00,TRUE
1367,2026-07-04 23:00:00,FALSE
3825,2026-04-24 06:30:00,TRUE
1617,2025-12-06 23:30:00,TRUE
6684,2025-07-03 15:30:00,TRUE
2807,2026-09-13 10:00:00,FALSE
1964,2026-10-31 03:45:00,FALSE
9815,2026-01-07 20:00:00,TRUE
4129,2027-11-29 12:30:00,FALSE
6754,2025-04-08 02:45:00,TRUE
6431,2027-08-25 05:15:00,FALSE
7139,2027-03-28 02:15:00,FALSE
1071,2027-02-14 21:00:00,FALSE
1512,2025-09-01 11:45:00,TRUE
8408,2027-05-24 12:00:00,FALSE
7607,2026-08-11 00:15:00,FALSE
6967,2027-06-11 18:00:00,FALSE
8919,2025-05-12 22:15:00,TRUE
2009,2025-08-16 10:15:00,TRUE
6007,2026-02-20 11:00:00,TRUE
6883,2026-09-29 01:00:00,FALSE
676,2025-08-03 09:30:00,TRUE
5039,2027-02-13 00:30:00,FALSE
1685,2027-03-25 18:45:00,FALSE
1019,2027-01-14 10:00:00,FALSE
259,2027-07-08 00:45:00,FALSE
242,2027-08-07 10:45:00,FALSE
9506,2025-09-27 23:15:00,TRUE
6125,2026-11-09 20:45:00,FALSE
9992,2027-05-12 00:15:00,FALSE
5616,2025-11-19 12:15:00,TRUE
9124,2025-07-15 21:45:00,TRUE
256,2026-07-09 23:00:00,FALSE
3293,2026-08-15 02:00:00,FALSE
1915,2025-12-11 18:00:00,TRUE
3769,2026-12-19 16:30:00,FALSE
2943,2026-03-12 23:45:00,TRUE
5013,2027-01-23 07:45:00,FALSE
8091,2026-07-10 00:45:00,FALSE
1935,2026-09-19 20:45:00,FALSE
7184,2025-06-06 11:00:00,TRUE
1363,2025-07-16 18:00:00,TRUE
974,2026-02-02 20:15:00,TRUE
11,2027-04-24 08:30:00,FALSE
9975,2026-01-15 07:00:00,TRUE
7222,2027-03-01 23:00:00,FALSE
6871,2027-09-15 09:15:00,FALSE
953,2027-12-11 20:15:00,FALSE
7880,2026-05-03 10:45:00,TRUE
8169,2027-04-10 07:00:00,FALSE
9581,2025-03-17 20:15:00,TRUE
7952,2025-04-20 15:45:00,TRUE
7371,2026-02-19 00:45:00,TRUE
3759,2026-08-04 15:30:00,FALSE
2951,2025-07-23 00:30:00,TRUE
3706,2027-09-16 03:00:00,FALSE
9929,2026-02-05 19:15:00,TRUE
8193,2026-02-22 16:15:00,TRUE
7441,2027-07-17 09:45:00,FALSE
8714,2025-08-11 04:45:00,TRUE
5947,2025-03-03 02:30:00,TRUE
2763,2025-04-11 04:15:00,TRUE
2821,2025-09-20 04:15:00,TRUE
3140,2027-08-07 00:15:00,FALSE
22,2027-12-13 07:45:00,FALSE
7012,2027-03-03 15:45:00,FALSE
10006,2025-05-08 09:00:00,TRUE
4854,2027-08-27 08:00:00,FALSE
7894,2027-06-19 07:45:00,FALSE
5577,2025-08-03 03:15:00,TRUE
4820,2027-06-12 01:15:00,FALSE
6058,2026-10-27 08:45:00,FALSE
8334,2027-03-01 08:00:00,FALSE
5257,2026-11-01 15:45:00,FALSE
2334,2027-03-05 18:45:00,FALSE
183,2027-09-14 19:15:00,FALSE
6155,2025-05-03 08:30:00,TRUE
5444,2025-03-04 20:45:00,TRUE
4762,2026-12-07 17:15:00,FALSE
4167,2026-06-21 03:00:00,FALSE
5224,2026-03-10 17:45:00,TRUE
3432,2027-10-18 13:30:00,FALSE
5533,2026-10-17 15:30:00,FALSE
8130,2025-01-04 13:00:00,TRUE
5277,2026-01-09 19:00:00,TRUE
1980,2027-07-20 04:00:00,FALSE
301,2026-04-09 20:30:00,TRUE
3170,2027-07-28 16:45:00,FALSE
2323,2027-03-06 15:00:00,FALSE
5882,2025-12-30 22:45:00,TRUE
5057,2027-10-11 07:15:00,FALSE
6307,2026-10-12 08:30:00,FALSE
9745,2027-05-01 19:30:00,FALSE
4316,2027-03-09 11:00:00,FALSE
8334,2027-04-03 13:00:00,FALSE
4272,2025-08-02 12:00:00,TRUE
6726,2027-05-10 20:15:00,FALSE
5401,2027-03-11 05:45:00,FALSE
1545,2026-10-26 09:00:00,FALSE
6092,2025-01-24 08:00:00,TRUE
9639,2027-10-22 12:15:00,FALSE
112,2027-10-09 15:30:00,FALSE
739,2026-11-02 19:30:00,FALSE
1395,2027-10-03 10:00:00,FALSE
7272,2027-11-07 11:00:00,FALSE
8098,2025-08-29 16:30:00,TRUE
2768,2025-01-16 09:45:00,TRUE
1293,2026-05-04 02:15:00,TRUE
8974,2025-10-05 22:45:00,TRUE
713,2026-12-22 22:45:00,FALSE
4127,2025-02-04 10:45:00,TRUE
3298,2026-02-13 00:00:00,TRUE
4428,2025-06-06 16:30:00,TRUE
5931,2025-11-24 12:00:00,TRUE
5914,2025-06-04 19:15:00,TRUE
8156,2025-10-15 02:15:00,TRUE
1005,2025-09-08 04:45:00,TRUE
552,2025-06-11 01:00:00,TRUE
2795,2027-10-11 18:00:00,FALSE
941,2025-08-10 02:00:00,TRUE
820,2027-09-05 01:00:00,FALSE
6340,2027-04-11 09:45:00,FALSE
4089,2025-12-31 16:30:00,TRUE
5173,2025-04-05 03:30:00,TRUE
4475,2025-08-07 03:00:00,TRUE
5143,2026-07-12 23:15:00,FALSE
7408,2027-07-11 22:00:00,FALSE
2344,2027-02-06 06:45:00,FALSE
9740,2025-01-22 21:30:00,TRUE
1984,2026-05-12 00:00:00,TRUE
2016,2027-10-01 11:15:00,FALSE
85,2025-09-17 11:00:00,TRUE
367,2025-09-25 18:00:00,TRUE
261,2026-01-08 07:15:00,TRUE
8082,2027-03-12 07:15:00,FALSE
2173,2026-08-14 16:30:00,FALSE
1371,2027-06-16 23:15:00,FALSE
1084,2026-11-06 16:30:00,FALSE
6854,2027-05-08 13:15:00,FALSE
6931,2026-08-10 21:00:00,FALSE
4332,2027-07-16 07:15:00,FALSE
9247,2027-04-15 01:00:00,FALSE
3490,2025-12-02 18:15:00,TRUE
4269,2025-01-28 06:30:00,TRUE
1939,2026-12-26 05:45:00,FALSE
8555,2027-09-08 12:15:00,FALSE
2449,2027-02-12 13:15:00,FALSE
9939,2025-12-04 09:45:00,TRUE
6823,2027-09-06 21:00:00,FALSE
8214,2025-08-30 19:30:00,TRUE
5406,2026-07-27 21:15:00,FALSE
5830,2026-04-02 16:00:00,TRUE
7110,2027-03-19 07:00:00,FALSE
8660,2027-02-03 16:15:00,FALSE
9090,2027-01-22 16:45:00,FALSE
1950,2025-10-23 12:30:00,TRUE
2324,2026-01-09 22:00:00,TRUE
7558,2025-08-09 08:15:00,TRUE
6098,2025-04-06 12:45:00,TRUE
829,2025-09-19 10:00:00,TRUE
2284,2026-02-23 12:45:00,TRUE
7607,2027-10-22 05:15:00,FALSE
2928,2025-03-02 07:15:00,TRUE
309,2026-01-27 02:45:00,TRUE
1089,2025-01-09 18:45:00,TRUE
272,2027-03-18 02:30:00,FALSE
1511,2026-02-12 15:15:00,TRUE
2719,2025-02-11 09:00:00,TRUE
2572,2027-05-20 03:00:00,FALSE
372,2025-06-02 04:00:00,TRUE
7059,2027-11-23 03:45:00,FALSE
3121,2025-09-08 00:00:00,TRUE
8943,2025-10-12 01:30:00,TRUE
247,2027-01-12 10:45:00,FALSE
8939,2027-09-06 18:45:00,FALSE
7789,2026-07-14 16:15:00,FALSE
2783,2026-05-17 13:00:00,FALSE
7615,2025-10-06 19:15:00,TRUE
9821,2026-11-08 07:45:00,FALSE
1716,2026-01-24 17:00:00,TRUE
7457,2027-06-15 23:45:00,FALSE
1170,2025-01-06 18:30:00,TRUE
6832,2027-02-11 09:30:00,FALSE
1015,2027-05-02 22:00:00,FALSE
575,2025-10-21 09:30:00,TRUE
5224,2027-09-02 17:00:00,FALSE
9134,2026-12-18 12:30:00,FALSE
5235,2025-10-17 00:00:00,TRUE
9513,2027-05-07 02:30:00,FALSE
6620,2027-01-05 16:30:00,FALSE
1462,2025-11-20 13:30:00,TRUE
6271,2025-09-02 07:15:00,TRUE
3488,2025-09-28 03:00:00,TRUE
3211,2027-10-28 14:15:00,FALSE
6567,2026-04-11 03:45:00,TRUE
5935,2027-11-05 15:00:00,FALSE
1497,2027-06-22 18:45:00,FALSE
846,2025-12-14 17:45:00,TRUE
554,2026-11-25 22:30:00,FALSE
8096,2027-06-18 22:45:00,FALSE
1471,2025-05-06 11:00:00,TRUE
2234,2026-04-12 21:00:00,TRUE
6021,2025-03-01 18:00:00,TRUE
5891,2026-08-23 00:30:00,FALSE
9897,2026-09-23 23:15:00,FALSE
8035,2026-04-12 16:15:00,TRUE
8325,2026-05-09 01:00:00,TRUE
8079,2027-05-28 07:15:00,FALSE
2838,2026-01-19 20:15:00,TRUE
1487,2027-08-21 23:30:00,FALSE
3804,2027-03-28 10:45:00,FALSE
2330,2025-06-07 11:30:00,TRUE
1726,2025-11-19 09:30:00,TRUE
1891,2026-04-27 19:30:00,TRUE
9876,2026-06-26 07:00:00,FALSE
4924,2025-10-31 21:45:00,TRUE
8261,2026-08-02 13:45:00,FALSE
8898,2026-11-10 09:45:00,FALSE
5076,2025-12-29 12:30:00,TRUE
4177,2026-01-19 02:30:00,TRUE
1870,2025-12-19 02:15:00,TRUE
6251,2025-09-07 19:30:00,TRUE
7328,2026-06-22 02:15:00,FALSE
8646,2026-10-16 15:30:00,FALSE
518,2025-03-17 09:30:00,TRUE
2424,2027-10-15 04:45:00,FALSE
4621,2025-03-20 17:00:00,TRUE
7256,2027-03-15 07:00:00,FALSE
6659,2025-12-07 08:00:00,TRUE
9652,2025-12-05 20:45:00,TRUE
4804,2027-10-06 01:00:00,FALSE
1585,2026-02-05 02:15:00,TRUE
6128,2025-12-13 22:00:00,TRUE
9843,2027-06-09 05:15:00,FALSE
7838,2026-04-25 05:45:00,TRUE
849,2027-05-15 13:00:00,FALSE
9916,2027-04-29 06:45:00,FALSE
8092,2025-05-06 17:30:00,TRUE
2093,2025-08-28 03:00:00,TRUE
9243,2026-06-27 04:00:00,FALSE
130,2025-04-25 23:45:00,TRUE
4458,2025-02-04 11:15:00,TRUE
405,2027-12-28 08:45:00,FALSE
1903,2025-04-27 05:30:00,TRUE
8735,2027-11-05 10:45:00,FALSE
2441,2026-12-09 12:30:00,FALSE
4314,2027-06-10 02:30:00,FALSE
6749,2025-11-30 05:45:00,TRUE
2277,2026-10-15 19:30:00,FALSE
3469,2026-07-20 10:45:00,FALSE
266,2027-10-22 11:15:00,FALSE
7755,2027-11-13 12:45:00,FALSE
6827,2026-04-26 14:30:00,TRUE
3600,2025-05-25 10:00:00,TRUE
3414,2027-07-22 10:45:00,FALSE
2974,2027-07-30 09:45:00,FALSE
7905,2027-10-14 19:00:00,FALSE
4163,2025-06-23 23:45:00,TRUE
4245,2026-05-01 08:30:00,TRUE
3862,2025-01-24 15:45:00,TRUE
3462,2025-12-08 19:45:00,TRUE
555,2025-04-17 06:00:00,TRUE
9130,2027-12-16 14:45:00,FALSE
7890,2026-06-02 02:00:00,FALSE
517,2026-07-12 01:30:00,FALSE
435,2026-02-06 07:45:00,TRUE
3833,2025-01-11 20:15:00,TRUE
2078,2026-11-17 15:15:00,FALSE
9743,2025-04-26 01:00:00,TRUE
347,2025-11-23 13:15:00,TRUE
8722,2026-11-26 07:30:00,FALSE
252,2027-09-23 04:45:00,FALSE
8254,2025-06-16 21:45:00,TRUE
7385,2026-02-27 08:00:00,TRUE
5340,2025-01-25 07:45:00,TRUE
9134,2026-08-25 16:30:00,FALSE
8430,2027-01-07 09:00:00,FALSE
4845,2027-08-20 20:45:00,FALSE
4336,2026-09-15 09:15:00,FALSE
6460,2027-12-21 08:00:00,FALSE
8391,2025-03-08 01:00:00,TRUE
1813,2026-10-14 07:15:00,FALSE
4535,2027-11-23 00:45:00,FALSE
2629,2027-01-01 19:15:00,FALSE
6908,2027-02-02 22:15:00,FALSE
1623,2026-06-30 06:30:00,FALSE
4621,2027-09-12 00:30:00,FALSE
4899,2027-04-21 18:45:00,FALSE
5999,2027-09-26 13:15:00,FALSE
4813,2026-07-09 23:30:00,FALSE
5652,2027-08-06 13:00:00,FALSE
9409,2027-03-05 18:00:00,FALSE
9284,2027-04-03 17:15:00,FALSE
4939,2025-09-14 23:00:00,TRUE
8612,2025-01-19 02:45:00,TRUE
48,2027-02-24 04:30:00,FALSE
4955,2026-06-27 15:45:00,FALSE
5584,2026-09-09 17:30:00,FALSE
7476,2026-06-10 01:30:00,FALSE
2597,2025-12-23 21:15:00,TRUE
4721,2025-06-25 07:00:00,TRUE
4828,2026-01-19 08:15:00,TRUE
4210,2026-06-23 04:30:00,FALSE
3288,2026-03-28 10:45:00,TRUE
8062,2025-02-10 06:00:00,TRUE
555,2027-07-27 13:00:00,FALSE
633,2027-06-02 05:15:00,FALSE
5968,2025-05-23 15:15:00,TRUE
5343,2026-02-21 23:45:00,TRUE
1083,2026-01-29 06:30:00,TRUE
3041,2027-10-11 02:00:00,FALSE
6175,2025-11-09 16:15:00,TRUE
2510,2027-05-22 13:30:00,FALSE
1128,2026-12-22 12:15:00,FALSE
6488,2027-02-02 19:30:00,FALSE
3779,2027-12-11 13:45:00,FALSE
5822,2025-06-02 03:30:00,TRUE
407,2025-05-09 09:00:00,TRUE
8037,2027-03-31 11:15:00,FALSE
7682,2026-02-13 07:30:00,TRUE
2656,2027-02-07 01:00:00,FALSE
580,2025-08-25 23:00:00,TRUE
7460,2027-12-03 04:45:00,FALSE
3039,2026-06-06 20:15:00,FALSE
7572,2026-05-01 11:45:00,TRUE
5063,2025-02-16 13:30:00,TRUE
9841,2025-07-19 22:00:00,TRUE
1448,2025-08-06 21:00:00,TRUE
2166,2025-11-22 05:30:00,TRUE
9408,2027-07-14 01:45:00,FALSE
2252,2027-11-03 10:15:00,FALSE
1086,2027-03-14 17:45:00,FALSE
5097,2027-08-03 02:30:00,FALSE
486,2027-11-09 07:30:00,FALSE
9637,2026-06-25 13:00:00,FALSE
3856,2027-05-21 15:30:00,FALSE
900,2025-11-11 01:00:00,TRUE
3348,2027-11-28 15:30:00,FALSE
4841,2026-02-17 18:30:00,TRUE
6812,2026-05-03 19:45:00,TRUE
3175,2027-10-13 07:15:00,FALSE
7304,2027-08-05 12:30:00,FALSE
2025,2026-05-30 01:15:00,FALSE
42,2025-10-13 16:45:00,TRUE
4922,2026-06-10 22:30:00,FALSE
2068,2026-09-13 02:00:00,FALSE
7450,2027-08-22 20:30:00,FALSE
6186,2026-01-18 12:00:00,TRUE
9793,2027-01-10 07:00:00,FALSE
7250,2027-02-19 13:00:00,FALSE
7482,2027-06-07 10:00:00,FALSE
1371,2026-10-05 01:30:00,FALSE
6818,2027-04-23 11:30:00,FALSE
7305,2027-12-27 07:45:00,FALSE
3121,2027-07-22 11:15:00,FALSE
3967,2027-02-19 21:45:00,FALSE
1008,2026-03-09 07:15:00,TRUE
7925,2026-05-15 02:30:00,TRUE
1306,2025-10-01 08:15:00,TRUE
6358,2026-05-21 11:45:00,FALSE
9923,2027-11-12 07:00:00,FALSE
3167,2027-02-08 10:15:00,FALSE
9282,2026-03-23 22:00:00,TRUE
8550,2027-01-18 05:45:00,FALSE
8668,2026-10-19 21:00:00,FALSE
6237,2027-09-13 02:15:00,FALSE
5050,2027-01-24 18:30:00,FALSE
6120,2025-03-12 10:45:00,TRUE
659,2027-04-24 16:45:00,FALSE
8593,2026-02-22 23:00:00,TRUE
2718,2025-11-09 20:00:00,TRUE
3351,2027-05-08 23:30:00,FALSE
3208,2027-03-11 02:30:00,FALSE
9453,2026-07-01 19:00:00,FALSE
6039,2027-01-09 00:30:00,FALSE
7102,2026-03-23 22:00:00,TRUE
6223,2025-06-18 20:45:00,TRUE
5549,2027-07-01 01:00:00,FALSE
8625,2026-05-02 12:15:00,TRUE
4261,2027-02-25 08:15:00,FALSE
2680,2026-02-11 01:00:00,TRUE
3575,2027-07-27 07:45:00,FALSE
2994,2025-12-10 21:00:00,TRUE
5419,2026-12-24 15:15:00,FALSE
3738,2026-07-01 08:15:00,FALSE
2282,2027-04-22 13:00:00,FALSE
7699,2026-09-12 13:30:00,FALSE
7197,2026-10-21 18:00:00,FALSE
9635,2026-05-10 16:45:00,TRUE
9914,2027-05-31 21:15:00,FALSE
233,2026-06-12 21:15:00,FALSE
2295,2027-12-04 21:15:00,FALSE
7972,2025-05-13 07:30:00,TRUE
9058,2027-01-27 20:30:00,FALSE
9946,2027-08-11 01:45:00,FALSE
8437,2027-12-30 06:45:00,FALSE
3248,2026-08-29 13:00:00,FALSE
9183,2025-07-26 16:45:00,TRUE
430,2026-02-02 13:30:00,TRUE
4459,2026-08-23 03:15:00,FALSE
5776,2025-04-22 16:45:00,TRUE
8720,2026-11-08 03:15:00,FALSE
9546,2027-01-09 02:45:00,FALSE
1601,2027-11-29 21:15:00,FALSE
3002,2027-08-28 21:45:00,FALSE
2145,2025-05-15 15:00:00,TRUE
8388,2025-07-17 16:00:00,TRUE
6667,2027-10-28 01:45:00,FALSE
4175,2026-03-11 06:45:00,TRUE
6994,2027-05-21 08:15:00,FALSE
751,2026-03-01 22:00:00,TRUE
5929,2026-10-11 12:15:00,FALSE
1793,2027-10-02 15:45:00,FALSE
4314,2025-06-02 14:45:00,TRUE
7357,2025-06-02 01:00:00,TRUE
7065,2027-11-27 14:45:00,FALSE
7859,2025-10-23 21:00:00,TRUE
6757,2027-03-20 14:15:00,FALSE
1899,2026-05-23 03:00:00,FALSE
9583,2025-10-22 01:45:00,TRUE
4807,2027-02-24 19:15:00,FALSE
731,2026-09-17 10:45:00,FALSE
9414,2026-03-18 21:45:00,TRUE
9859,2026-07-18 00:15:00,FALSE
1307,2025-02-06 23:45:00,TRUE
6456,2025-04-26 00:45:00,TRUE
6636,2025-02-13 17:45:00,TRUE
4080,2026-08-12 19:45:00,FALSE
5427,2027-10-20 10:30:00,FALSE
1162,2026-12-03 02:30:00,FALSE
3448,2025-07-29 15:30:00,TRUE
7350,2026-02-06 03:00:00,TRUE
3489,2025-12-05 12:15:00,TRUE
7991,2025-05-11 18:30:00,TRUE
3770,2026-11-06 20:30:00,FALSE
1940,2026-09-10 05:45:00,FALSE
9869,2027-08-29 03:15:00,FALSE
8426,2027-11-11 01:00:00,FALSE
9634,2025-03-16 02:30:00,TRUE
6090,2027-02-04 01:45:00,FALSE
5555,2026-08-26 04:00:00,FALSE
4500,2027-08-14 01:00:00,FALSE
6753,2027-06-06 07:45:00,FALSE
7643,2027-10-05 06:45:00,FALSE
6961,2026-03-16 15:00:00,TRUE
6466,2026-08-28 10:15:00,FALSE
6746,2027-08-31 01:30:00,FALSE
4719,2026-03-04 19:30:00,TRUE
2303,2027-12-12 04:45:00,FALSE
1221,2026-06-10 13:00:00,FALSE
449,2025-01-23 02:15:00,TRUE
7410,2025-06-27 02:30:00,TRUE
324,2027-09-17 03:15:00,FALSE
9916,2027-10-07 19:00:00,FALSE
9854,2026-08-04 14:45:00,FALSE
1358,2025-10-19 01:45:00,TRUE
3864,2027-01-25 21:30:00,FALSE
8261,2027-01-07 23:00:00,FALSE
7145,2025-10-09 23:45:00,TRUE
4990,2027-06-02 08:45:00,FALSE
4184,2026-06-16 03:00:00,FALSE
8099,2027-08-11 12:45:00,FALSE
5978,2026-05-14 22:30:00,TRUE
5266,2025-07-13 22:00:00,TRUE
1566,2027-12-16 19:45:00,FALSE
9312,2027-02-07 01:15:00,FALSE
5901,2025-10-16 09:30:00,TRUE
9607,2026-08-17 09:15:00,FALSE
184,2025-11-30 18:45:00,TRUE
5155,2026-10-24 07:30:00,FALSE
6358,2026-09-15 18:30:00,FALSE
5984,2027-08-08 21:15:00,FALSE
7538,2027-07-11 12:00:00,FALSE
3183,2027-08-17 18:15:00,FALSE
1350,2025-03-09 09:45:00,TRUE
5783,2027-05-16 20:15:00,FALSE
6419,2027-12-19 05:15:00,FALSE
5888,2026-04-07 10:00:00,TRUE
5515,2025-08-17 21:45:00,TRUE
5587,2027-07-11 07:30:00,FALSE
8021,2027-02-27 05:45:00,FALSE
4463,2026-06-16 08:30:00,FALSE
2078,2025-07-13 18:15:00,TRUE
4314,2027-06-03 17:30:00,FALSE
4952,2027-01-22 18:45:00,FALSE
82,2025-05-23 05:45:00,TRUE
2856,2025-11-07 22:30:00,TRUE
5951,2026-03-12 08:45:00,TRUE
1515,2026-10-26 14:30:00,FALSE
5094,2026-03-30 22:45:00,TRUE
8063,2026-08-17 05:30:00,FALSE
1608,2025-12-28 20:30:00,TRUE
1241,2026-07-26 09:45:00,FALSE
2546,2027-08-21 00:00:00,FALSE
5893,2027-12-24 14:15:00,FALSE
6655,2027-11-06 04:30:00,FALSE
9240,2025-03-20 08:30:00,TRUE
8502,2025-01-06 19:00:00,TRUE
3696,2027-01-29 13:30:00,FALSE
1909,2026-02-12 19:45:00,TRUE
2097,2025-04-11 16:30:00,TRUE
9220,2026-09-10 00:15:00,FALSE
3120,2026-06-05 18:00:00,FALSE
5611,2027-03-30 22:45:00,FALSE
9866,2027-09-01 04:45:00,FALSE
4297,2025-10-06 08:00:00,TRUE
5368,2025-05-13 19:30:00,TRUE
2106,2025-05-27 08:30:00,TRUE
8642,2026-06-24 04:15:00,FALSE
6691,2026-01-28 01:45:00,TRUE
8404,2027-11-29 17:30:00,FALSE
166,2026-05-12 06:45:00,TRUE
774,2025-06-09 18:30:00,TRUE
3563,2025-07-28 05:30:00,TRUE
8582,2025-09-29 03:30:00,TRUE
375,2025-11-21 09:30:00,TRUE
708,2027-09-28 22:45:00,FALSE
4577,2025-10-03 21:45:00,TRUE
3442,2026-05-18 05:15:00,FALSE
9751,2025-08-25 05:30:00,TRUE
4353,2025-01-09 21:15:00,TRUE
1452,2025-05-15 17:45:00,TRUE
357,2027-05-24 14:30:00,FALSE
1540,2027-09-04 14:45:00,FALSE
6250,2027-12-29 07:15:00,FALSE
9858,2025-11-14 13:15:00,TRUE
5037,2025-12-22 06:15:00,TRUE
1864,2026-10-15 20:30:00,FALSE
793,2025-09-22 10:45:00,TRUE
8313,2026-12-10 12:30:00,FALSE
2174,2027-02-01 02:00:00,FALSE
1031,2027-12-16 12:00:00,FALSE
4047,2026-08-17 04:15:00,FALSE
526,2025-11-08 18:45:00,TRUE
2502,2025-06-28 12:00:00,TRUE
4611,2025-05-23 15:15:00,TRUE
2927,2026-01-31 16:45:00,TRUE
1766,2026-05-17 21:00:00,FALSE
5685,2026-08-08 16:15:00,FALSE
8274,2027-11-21 06:30:00,FALSE
2050,2025-01-21 00:15:00,TRUE
7468,2027-12-08 04:30:00,FALSE
4359,2026-04-04 05:45:00,TRUE
6975,2025-04-06 00:30:00,TRUE
8935,2027-10-03 12:15:00,FALSE
9311,2027-01-26 12:45:00,FALSE
4219,2025-08-25 17:00:00,TRUE
5059,2026-06-22 13:45:00,FALSE
2604,2025-02-23 00:45:00,TRUE
3624,2026-06-10 22:15:00,FALSE
9299,2027-02-04 00:30:00,FALSE
225,2025-03-25 03:30:00,TRUE
1113,2025-04-28 23:00:00,TRUE
2486,2026-03-13 01:15:00,TRUE
946,2026-09-15 00:30:00,FALSE
2616,2025-09-29 02:15:00,TRUE
3057,2025-02-23 12:00:00,TRUE
1674,2026-03-19 11:30:00,TRUE
462,2026-05-29 05:15:00,FALSE
1989,2026-04-05 20:15:00,TRUE
4524,2025-09-07 11:00:00,TRUE
5845,2025-06-12 02:15:00,TRUE
1233,2026-05-04 01:30:00,TRUE
8374,2026-01-03 06:30:00,TRUE
409,2027-10-01 13:00:00,FALSE
4588,2026-11-22 13:45:00,FALSE
8377,2025-08-21 16:00:00,TRUE
5636,2027-08-25 02:30:00,FALSE
6495,2027-10-31 08:15:00,FALSE
1818,2025-10-08 10:15:00,TRUE
4986,2027-01-23 11:00:00,FALSE
4581,2027-03-11 13:45:00,FALSE
2019,2025-07-21 06:00:00,TRUE
4602,2027-02-20 15:00:00,FALSE
1065,2026-01-08 00:30:00,TRUE
5056,2026-04-15 02:45:00,TRUE
8491,2025-07-15 10:30:00,TRUE
2848,2025-08-15 22:45:00,TRUE
1582,2026-04-05 22:30:00,TRUE
4391,2027-12-07 15:30:00,FALSE
8946,2025-03-30 09:00:00,TRUE
958,2025-03-19 16:30:00,TRUE
1711,2025-06-05 05:15:00,TRUE
9266,2027-06-14 13:00:00,FALSE
1756,2027-10-16 09:15:00,FALSE
2851,2025-03-22 02:45:00,TRUE
6529,2025-02-02 16:15:00,TRUE
5832,2025-10-01 19:15:00,TRUE
1519,2025-06-26 19:00:00,TRUE
7397,2025-11-23 07:00:00,TRUE
9037,2026-08-05 10:00:00,FALSE
832,2026-06-24 23:00:00,FALSE
8564,2025-02-28 20:45:00,TRUE
9672,2025-03-08 04:30:00,TRUE
3754,2026-03-07 14:45:00,TRUE
6760,2026-08-07 15:30:00,FALSE
5245,2027-05-17 13:30:00,FALSE
9783,2027-04-22 09:45:00,FALSE
6921,2027-11-11 15:30:00,FALSE
9703,2025-09-21 21:30:00,TRUE
5982,2026-10-07 09:45:00,FALSE
3819,2026-03-07 15:45:00,TRUE
9316,2026-07-13 18:30:00,FALSE
4162,2027-01-24 19:30:00,FALSE
2652,2025-03-20 02:30:00,TRUE
252,2025-01-22 07:30:00,TRUE
8721,2025-02-14 00:15:00,TRUE
6471,2025-12-29 01:30:00,TRUE
4378,2025-11-02 09:15:00,TRUE
3796,2026-12-23 14:45:00,FALSE
6270,2027-08-21 00:15:00,FALSE
4868,2025-12-28 11:30:00,TRUE
4984,2025-12-24 09:30:00,TRUE
3811,2026-11-01 01:45:00,FALSE
8901,2026-09-26 07:00:00,FALSE
3197,2026-06-02 06:15:00,FALSE
4011,2026-07-28 23:45:00,FALSE
3283,2025-12-16 22:45:00,TRUE
5506,2025-10-23 17:15:00,TRUE
6910,2027-08-04 07:15:00,FALSE
2595,2026-12-22 11:45:00,FALSE
8065,2025-03-15 03:00:00,TRUE
4917,2025-11-16 22:00:00,TRUE
8487,2027-04-29 15:30:00,FALSE
3735,2026-06-29 03:30:00,FALSE
2056,2026-12-30 12:45:00,FALSE
2355,2025-01-06 20:30:00,TRUE
2303,2027-05-11 14:00:00,FALSE
4963,2025-08-16 19:15:00,TRUE
2293,2026-04-24 02:15:00,TRUE
3733,2026-06-16 17:45:00,FALSE
2229,2027-11-02 17:30:00,FALSE
1314,2027-05-29 05:15:00,FALSE
5139,2026-11-21 05:30:00,FALSE
2985,2025-01-28 00:15:00,TRUE
4981,2025-11-13 11:00:00,TRUE
748,2026-01-12 11:30:00,TRUE
7572,2027-03-01 09:00:00,FALSE
199,2027-10-05 01:15:00,FALSE
5273,2027-02-06 18:45:00,FALSE
423,2026-09-07 13:30:00,FALSE
7911,2026-08-05 17:15:00,FALSE
79,2026-05-05 04:45:00,TRUE
9475,2027-07-02 10:15:00,FALSE
8776,2026-09-28 14:30:00,FALSE
9302,2025-07-05 09:15:00,TRUE
2785,2025-07-13 09:15:00,TRUE
6467,2025-04-08 17:15:00,TRUE
124,2026-08-01 18:30:00,FALSE
9794,2026-06-16 02:15:00,FALSE
904,2026-07-07 15:00:00,FALSE
9159,2025-03-09 09:45:00,TRUE
9064,2025-11-09 12:00:00,TRUE
9662,2027-01-03 08:15:00,FALSE
5962,2027-11-24 16:45:00,FALSE
847,2027-04-17 19:00:00,FALSE
2587,2027-09-11 07:30:00,FALSE
4431,2026-05-25 05:45:00,FALSE
7097,2026-12-29 19:30:00,FALSE
2823,2025-10-11 10:30:00,TRUE
6470,2027-08-28 07:30:00,FALSE
5536,2026-11-06 16:30:00,FALSE
9576,2025-07-07 09:30:00,TRUE
4612,2025-03-12 14:45:00,TRUE
5580,2026-12-26 21:45:00,FALSE
6414,2026-07-13 04:00:00,FALSE
564,2025-02-03 08:15:00,TRUE
5605,2026-10-29 21:30:00,FALSE
2059,2027-02-24 15:15:00,FALSE
5465,2027-06-20 04:30:00,FALSE
4920,2025-05-18 21:45:00,TRUE
5694,2027-10-02 08:30:00,FALSE
421,2025-11-12 11:15:00,TRUE
523,2026-11-04 06:30:00,FALSE
1129,2026-03-23 05:15:00,TRUE
8421,2027-07-17 15:30:00,FALSE
8428,2025-04-07 23:30:00,TRUE
6034,2027-08-12 20:45:00,FALSE
251,2026-08-28 08:15:00,FALSE
7895,2027-09-23 21:00:00,FALSE
3083,2025-08-28 07:15:00,TRUE
5837,2027-08-28 14:45:00,FALSE
1078,2026-09-19 05:45:00,FALSE
2830,2027-11-12 13:45:00,FALSE
7827,2026-05-27 06:30:00,FALSE
2011,2027-10-15 22:30:00,FALSE
1965,2027-08-02 16:15:00,FALSE
8742,2025-02-26 23:15:00,TRUE
1424,2025-10-08 20:45:00,TRUE
6477,2027-11-09 07:45:00,FALSE
5154,2027-09-19 17:30:00,FALSE
6611,2025-06-25 22:30:00,TRUE
3811,2025-01-06 06:45:00,TRUE
881,2027-08-15 18:15:00,FALSE
7608,2025-07-15 20:00:00,TRUE
3228,2026-09-11 23:45:00,FALSE
5441,2025-09-06 02:45:00,TRUE
2140,2026-03-16 10:15:00,TRUE
9185,2026-09-27 08:45:00,FALSE
7446,2026-09-20 19:15:00,FALSE
435,2027-03-23 09:45:00,FALSE
927,2026-12-27 02:15:00,FALSE
2997,2025-10-02 02:30:00,TRUE
8715,2025-11-22 02:00:00,TRUE
2453,2025-03-19 11:30:00,TRUE
1746,2025-07-26 01:30:00,TRUE
3952,2027-04-17 02:00:00,FALSE
3612,2025-04-26 09:45:00,TRUE
1518,2027-05-29 18:45:00,FALSE
2264,2027-08-11 11:45:00,FALSE
2903,2027-12-31 12:00:00,FALSE
6533,2025-01-06 04:15:00,TRUE
3440,2027-05-22 05:45:00,FALSE
1894,2026-12-27 01:45:00,FALSE
7321,2025-09-06 09:30:00,TRUE
6340,2025-04-26 05:45:00,TRUE
4409,2025-02-18 05:15:00,TRUE
5973,2025-08-16 08:15:00,TRUE
5101,2027-01-03 20:45:00,FALSE
1260,2026-06-11 17:30:00,FALSE
1046,2026-02-12 21:00:00,TRUE
6904,2026-04-12 13:30:00,TRUE
8193,2027-04-25 05:30:00,FALSE
5383,2026-12-29 04:45:00,FALSE
3988,2027-01-18 04:15:00,FALSE
9404,2025-03-14 10:45:00,TRUE
9620,2025-08-28 10:15:00,TRUE
951,2027-07-13 05:45:00,FALSE
278,2027-03-14 11:00:00,FALSE
208,2027-12-06 06:00:00,FALSE
1747,2025-08-03 23:45:00,TRUE
8886,2025-02-10 23:00:00,TRUE
5886,2027-10-30 06:15:00,FALSE
1941,2027-09-06 15:30:00,FALSE
479,2026-04-05 21:15:00,TRUE
6956,2025-01-25 00:30:00,TRUE
8938,2027-06-26 13:00:00,FALSE
6199,2027-02-01 16:30:00,FALSE
3865,2026-12-26 14:15:00,FALSE
5219,2025-07-16 05:15:00,TRUE
5055,2025-10-01 16:45:00,TRUE
9748,2027-06-29 20:15:00,FALSE
1955,2025-11-05 02:30:00,TRUE
9070,2025-03-26 10:30:00,TRUE
8922,2025-03-29 23:00:00,TRUE
5814,2027-03-19 15:00:00,FALSE
1781,2025-08-19 10:15:00,TRUE
584,2025-06-25 11:30:00,TRUE
4041,2025-01-04 15:00:00,TRUE
7964,2026-04-21 11:30:00,TRUE
3653,2025-03-15 02:45:00,TRUE
782,2026-05-20 03:30:00,FALSE
5963,2026-06-25 07:15:00,FALSE
3020,2027-12-05 23:15:00,FALSE
9922,2025-12-28 08:30:00,TRUE
7200,2025-04-17 16:15:00,TRUE
31,2025-04-11 01:45:00,TRUE
2008,2027-03-11 04:45:00,FALSE
8192,2026-12-04 10:15:00,FALSE
8421,2027-05-25 11:00:00,FALSE
7120,2027-10-16 08:30:00,FALSE
2095,2027-05-14 16:30:00,FALSE
2194,2027-07-08 11:15:00,FALSE
351,2026-12-05 00:00:00,FALSE
9913,2026-04-28 10:30:00,TRUE
1421,2026-09-01 20:15:00,FALSE
9852,2025-05-16 16:45:00,TRUE
6618,2027-07-28 03:45:00,FALSE
4113,2027-08-31 11:30:00,FALSE
4405,2025-01-15 05:15:00,TRUE
4017,2025-09-10 23:15:00,TRUE
5546,2027-08-05 20:30:00,FALSE
9537,2025-08-15 08:30:00,TRUE
3423,2025-01-23 09:45:00,TRUE
776,2027-08-19 06:45:00,FALSE
5500,2025-08-15 21:15:00,TRUE
3573,2027-04-02 15:45:00,FALSE
2192,2026-10-27 17:45:00,FALSE
5198,2027-09-25 01:45:00,FALSE
7306,2026-01-05 13:00:00,TRUE
5091,2026-02-27 09:30:00,TRUE
6742,2025-07-02 19:45:00,TRUE
408,2027-05-04 23:15:00,FALSE
7616,2025-08-11 03:30:00,TRUE
3128,2025-12-16 18:30:00,TRUE
1121,2025-05-09 23:00:00,TRUE
7072,2025-01-29 15:45:00,TRUE
7209,2027-05-28 08:15:00,FALSE
4528,2025-05-23 03:45:00,TRUE
1441,2027-09-23 16:45:00,FALSE
1708,2026-12-05 01:30:00,FALSE
3819,2025-03-06 18:00:00,TRUE
1440,2025-06-26 02:45:00,TRUE
7602,2027-09-22 18:30:00,FALSE
8980,2025-10-12 03:30:00,TRUE
9253,2027-12-05 14:45:00,FALSE
4044,2027-06-20 11:30:00,FALSE
5550,2026-08-09 20:15:00,FALSE
1527,2025-05-09 12:00:00,TRUE
5987,2027-02-26 16:00:00,FALSE
3605,2027-05-09 05:45:00,FALSE
3537,2027-10-08 01:00:00,FALSE
5415,2026-02-08 09:30:00,TRUE
8186,2026-06-09 04:15:00,FALSE
9726,2025-01-01 04:45:00,TRUE
1319,2027-05-14 04:00:00,FALSE
5046,2025-11-11 21:30:00,TRUE
793,2027-05-21 20:00:00,FALSE
2099,2025-06-27 06:00:00,TRUE
5127,2027-10-07 18:45:00,FALSE
4979,2025-12-02 11:00:00,TRUE
8090,2025-11-09 12:30:00,TRUE
6353,2025-11-29 06:30:00,TRUE
8804,2027-11-28 08:15:00,FALSE
4705,2027-06-14 16:00:00,FALSE
591,2025-11-10 13:15:00,TRUE
9891,2025-07-07 04:30:00,TRUE
6857,2027-01-07 21:45:00,FALSE
3990,2027-07-01 12:45:00,FALSE
7352,2025-02-19 14:45:00,TRUE
806,2025-06-10 17:15:00,TRUE
9864,2027-01-14 17:45:00,FALSE
7329,2026-07-10 12:45:00,FALSE
507,2026-01-07 06:00:00,TRUE
5000,2026-08-19 22:30:00,FALSE
6705,2025-09-16 20:45:00,TRUE
1954,2026-08-02 21:45:00,FALSE
1340,2026-09-26 16:00:00,FALSE
153,2027-12-13 04:15:00,FALSE
3203,2025-07-22 23:00:00,TRUE
3787,2025-08-17 09:00:00,TRUE
2043,2027-05-16 09:15:00,FALSE
7959,2027-10-05 09:00:00,FALSE
8396,2027-12-13 19:15:00,FALSE
4756,2027-09-13 22:15:00,FALSE
5349,2026-11-17 20:30:00,FALSE
3495,2027-10-26 05:15:00,FALSE
1847,2027-06-01 20:15:00,FALSE
2205,2026-12-20 02:30:00,FALSE
8294,2027-06-07 22:00:00,FALSE
3783,2026-04-24 16:30:00,TRUE
5621,2026-08-11 08:45:00,FALSE
2932,2025-05-27 19:30:00,TRUE
620,2027-10-14 06:30:00,FALSE
8039,2026-10-03 16:30:00,FALSE
5509,2026-07-14 08:45:00,FALSE
4775,2026-05-04 16:15:00,TRUE
555,2025-01-03 08:15:00,TRUE
2986,2025-03-15 19:00:00,TRUE
6417,2025-11-30 01:15:00,TRUE
9459,2027-02-06 19:00:00,FALSE
8058,2026-01-08 02:30:00,TRUE
2150,2027-02-07 17:15:00,FALSE
5777,2027-06-30 19:00:00,FALSE
2189,2027-02-18 02:00:00,FALSE
6522,2026-02-11 14:30:00,TRUE
6565,2025-01-25 06:30:00,TRUE
6085,2027-08-30 22:00:00,FALSE
174,2025-12-30 22:30:00,TRUE
6804,2026-04-26 04:45:00,TRUE
155,2026-11-12 09:00:00,FALSE
5466,2026-09-22 00:15:00,FALSE
3705,2027-02-02 04:45:00,FALSE
907,2027-10-10 03:45:00,FALSE
6888,2026-09-04 08:45:00,FALSE
9084,2027-10-03 10:00:00,FALSE
2489,2025-07-12 20:45:00,TRUE
6440,2025-09-22 01:00:00,TRUE
5499,2026-12-08 18:15:00,FALSE
385,2026-06-17 19:45:00,FALSE
1391,2027-08-04 22:15:00,FALSE
575,2027-10-09 13:00:00,FALSE
9243,2027-11-01 00:15:00,FALSE
5267,2026-03-24 01:15:00,TRUE
8934,2025-07-01 08:15:00,TRUE
5470,2027-03-02 07:45:00,FALSE
6212,2025-11-19 09:45:00,TRUE
759,2025-04-15 09:30:00,TRUE
8993,2027-05-18 09:00:00,FALSE
3785,2026-05-23 16:15:00,FALSE
8869,2026-10-12 09:15:00,FALSE
6403,2027-07-01 14:30:00,FALSE
577,2026-09-11 08:30:00,FALSE
4019,2026-08-10 22:00:00,FALSE
3030,2025-09-17 17:30:00,TRUE
8830,2027-03-14 22:30:00,FALSE
8132,2027-09-25 03:00:00,FALSE
5221,2026-01-30 21:15:00,TRUE
7402,2027-11-19 09:45:00,FALSE
9589,2026-11-05 17:30:00,FALSE
5691,2026-06-03 14:00:00,FALSE
832,2026-09-20 12:15:00,FALSE
9487,2027-01-08 10:30:00,FALSE
199,2027-07-05 23:00:00,FALSE
65,2026-09-19 18:30:00,FALSE
9733,2025-03-19 09:30:00,TRUE
1005,2026-05-08 10:30:00,TRUE
7148,2025-11-13 18:00:00,TRUE
4578,2025-11-02 11:15:00,TRUE
8828,2025-05-27 08:00:00,TRUE
2722,2027-03-04 16:45:00,FALSE
801,2025-02-07 01:45:00,TRUE
3759,2027-03-17 09:30:00,FALSE
6296,2027-12-15 06:00:00,FALSE
5573,2027-08-26 19:00:00,FALSE
7091,2025-06-13 04:30:00,TRUE
4716,2025-04-07 21:00:00,TRUE
1629,2026-02-05 13:15:00,TRUE
2970,2025-08-04 09:15:00,TRUE
7063,2025-12-27 06:45:00,TRUE
9024,2025-01-25 20:00:00,TRUE
7394,2025-08-18 03:45:00,TRUE
8743,2027-06-06 09:00:00,FALSE
562,2027-04-17 21:15:00,FALSE
2270,2027-06-30 23:00:00,FALSE
4592,2026-09-18 17:45:00,FALSE
4832,2027-12-17 18:30:00,FALSE
6131,2027-09-15 09:30:00,FALSE
2494,2027-08-07 10:30:00,FALSE
11,2027-12-11 14:15:00,FALSE
418,2026-04-25 03:30:00,TRUE
9735,2025-07-22 18:00:00,TRUE
392,2026-12-20 16:15:00,FALSE
6029,2025-07-10 17:45:00,TRUE
6673,2026-02-07 23:30:00,TRUE
960,2025-09-07 09:30:00,TRUE
3773,2027-06-04 21:30:00,FALSE
6766,2027-03-20 01:15:00,FALSE
145,2026-09-11 22:45:00,FALSE
3211,2026-10-31 02:00:00,FALSE
3784,2027-01-21 18:00:00,FALSE
2078,2026-01-01 06:15:00,TRUE
4045,2025-11-29 04:00:00,TRUE
3830,2027-07-11 10:45:00,FALSE
4958,2026-06-24 10:00:00,FALSE
2883,2027-10-19 03:30:00,FALSE
1943,2025-09-28 20:30:00,TRUE
4396,2025-04-20 21:45:00,TRUE
6992,2026-04-10 19:00:00,TRUE
199,2026-02-11 23:30:00,TRUE
7,2025-06-07 13:15:00,TRUE
8936,2025-11-08 18:45:00,TRUE
6009,2026-02-09 13:30:00,TRUE
5689,2025-08-12 19:15:00,TRUE
6360,2027-08-29 17:45:00,FALSE
392,2026-01-06 19:30:00,TRUE
9465,2027-08-08 14:30:00,FALSE
6772,2026-09-22 22:30:00,FALSE
447,2026-02-09 13:00:00,TRUE
2474,2025-08-07 10:45:00,TRUE
4566,2026-07-04 22:00:00,FALSE
2827,2025-10-10 15:15:00,TRUE
6573,2025-09-17 10:45:00,TRUE
3554,2027-06-26 22:00:00,FALSE
3021,2025-01-11 08:45:00,TRUE
524,2025-10-16 01:15:00,TRUE
286,2027-11-03 13:30:00,FALSE
9927,2025-05-01 06:45:00,TRUE
6815,2027-09-24 10:00:00,FALSE
2577,2026-05-01 17:00:00,TRUE
587,2027-01-06 03:15:00,FALSE
8955,2026-01-29 18:15:00,TRUE
4187,2026-06-14 07:45:00,FALSE
2011,2026-08-06 04:00:00,FALSE
4738,2026-01-28 04:15:00,TRUE
8317,2027-07-31 11:30:00,FALSE
6589,2027-03-05 01:30:00,FALSE
6820,2026-11-05 17:45:00,FALSE
4768,2025-03-28 11:15:00,TRUE
3175,2027-05-18 12:30:00,FALSE
871,2026-05-03 17:15:00,TRUE
2141,2027-10-06 08:45:00,FALSE
8867,2027-05-29 06:15:00,FALSE
325,2027-10-19 00:45:00,FALSE
9939,2025-01-24 01:15:00,TRUE
1628,2025-04-02 07:15:00,TRUE
2858,2025-04-10 14:15:00,TRUE
4761,2025-06-14 04:15:00,TRUE
6363,2027-12-07 16:30:00,FALSE
4107,2027-03-12 13:45:00,FALSE
9518,2026-01-15 14:00:00,TRUE
7394,2025-05-04 23:30:00,TRUE
6028,2026-12-22 04:30:00,FALSE
9700,2026-07-11 14:00:00,FALSE
8739,2026-04-29 22:30:00,TRUE
6572,2027-08-26 22:30:00,FALSE
1679,2027-01-06 06:15:00,FALSE
8382,2027-12-31 19:15:00,FALSE
2415,2026-07-14 02:00:00,FALSE
4072,2027-01-26 17:00:00,FALSE
8050,2026-02-08 18:45:00,TRUE
594,2025-05-20 10:15:00,TRUE
9040,2026-03-21 06:00:00,TRUE
2093,2026-10-29 13:45:00,FALSE
8428,2025-10-14 01:15:00,TRUE
8,2026-01-17 16:45:00,TRUE
7285,2025-02-26 16:00:00,TRUE
1141,2026-01-31 08:45:00,TRUE
6417,2027-03-16 00:30:00,FALSE
1798,2027-08-16 18:45:00,FALSE
5260,2025-04-28 20:15:00,TRUE
1297,2025-01-11 17:15:00,TRUE
9287,2026-03-15 14:00:00,TRUE
6740,2025-09-07 07:30:00,TRUE
7804,2027-05-13 19:45:00,FALSE
1679,2026-07-18 04:15:00,FALSE
7316,2025-04-26 14:30:00,TRUE
7443,2027-12-19 11:45:00,FALSE
2104,2027-10-13 23:15:00,FALSE
9025,2025-12-23 11:15:00,TRUE
6213,2025-04-19 15:15:00,TRUE
7522,2027-05-20 01:30:00,FALSE
7324,2026-02-13 15:00:00,TRUE
8234,2027-09-10 07:30:00,FALSE
9953,2025-07-30 09:30:00,TRUE
4752,2027-03-03 14:45:00,FALSE
1446,2026-12-30 16:00:00,FALSE
853,2025-05-12 18:45:00,TRUE
5852,2025-07-14 00:00:00,TRUE
3454,2025-02-06 07:15:00,TRUE
3479,2027-10-24 00:00:00,FALSE
2278,2026-10-15 18:45:00,FALSE
9397,2025-11-13 08:45:00,TRUE
233,2027-01-20 15:45:00,FALSE
2494,2025-10-09 02:00:00,TRUE
7862,2027-02-04 16:00:00,FALSE
124,2025-04-02 01:00:00,TRUE
7343,2027-05-01 11:00:00,FALSE
9825,2026-03-10 21:15:00,TRUE
1302,2026-10-04 15:00:00,FALSE
2105,2027-07-23 16:00:00,FALSE
1276,2026-12-15 22:30:00,FALSE
4956,2026-06-10 15:00:00,FALSE
2934,2025-09-16 02:00:00,TRUE
8163,2027-05-20 23:45:00,FALSE
2822,2026-01-07 11:15:00,TRUE
9177,2026-04-07 16:15:00,TRUE
7989,2026-02-16 13:45:00,TRUE
8911,2025-12-07 02:00:00,TRUE
7035,2026-10-11 17:45:00,FALSE
4010,2025-09-07 02:00:00,TRUE
6280,2026-11-30 11:45:00,FALSE
5421,2025-07-02 23:15:00,TRUE
9543,2027-05-03 19:00:00,FALSE
1408,2027-07-19 20:45:00,FALSE
9579,2027-03-04 00:00:00,FALSE
2858,2026-02-04 21:15:00,TRUE
1157,2025-04-29 21:00:00,TRUE
1207,2025-08-26 05:45:00,TRUE
9249,2026-07-31 19:00:00,FALSE
47,2025-06-16 14:15:00,TRUE
5476,2026-03-15 23:30:00,TRUE
4123,2026-04-29 10:15:00,TRUE
815,2025-03-09 20:30:00,TRUE
7524,2025-02-18 11:30:00,TRUE
8298,2026-03-31 13:30:00,TRUE
9713,2025-04-12 18:30:00,TRUE
7393,2027-10-27 23:15:00,FALSE
8644,2027-11-27 13:15:00,FALSE
6451,2026-10-20 05:30:00,FALSE
1190,2026-07-31 01:00:00,FALSE
8192,2025-11-24 09:30:00,TRUE
3084,2026-12-26 05:30:00,FALSE
1686,2026-12-18 04:30:00,FALSE
8337,2027-07-18 15:00:00,FALSE
908,2026-12-08 06:00:00,FALSE
4119,2027-06-08 05:15:00,FALSE
9411,2025-05-27 20:00:00,TRUE
7125,2025-02-25 18:15:00,TRUE
7303,2026-04-20 13:00:00,TRUE
9980,2025-04-27 07:00:00,TRUE
6399,2025-07-23 11:30:00,TRUE
2679,2027-07-21 04:45:00,FALSE
2353,2027-07-20 02:15:00,FALSE
8125,2026-03-30 18:45:00,TRUE
9462,2026-06-01 11:00:00,FALSE
3482,2027-02-14 20:30:00,FALSE
6034,2025-09-17 11:30:00,TRUE
2996,2025-03-26 05:45:00,TRUE
3040,2025-11-29 01:00:00,TRUE
9397,2025-06-14 19:45:00,TRUE
1365,2025-06-12 12:15:00,TRUE
5820,2027-12-16 23:15:00,FALSE
2665,2025-12-27 07:00:00,TRUE
6668,2027-04-25 14:15:00,FALSE
9267,2025-09-14 17:00:00,TRUE
3946,2026-09-04 09:15:00,FALSE
8794,2027-10-19 23:30:00,FALSE
2883,2026-04-04 06:15:00,TRUE
6225,2027-10-27 17:00:00,FALSE
9451,2025-12-16 01:45:00,TRUE
881,2026-02-06 16:30:00,TRUE
9945,2025-10-27 11:45:00,TRUE
1451,2027-09-22 01:00:00,FALSE
1545,2027-01-31 17:00:00,FALSE
6982,2025-05-29 05:45:00,TRUE
590,2026-08-09 23:30:00,FALSE
4053,2025-01-24 21:15:00,TRUE
779,2026-09-01 06:30:00,FALSE
3905,2026-01-02 15:45:00,TRUE
3782,2027-09-08 06:15:00,FALSE
7316,2027-08-30 06:30:00,FALSE
4234,2026-02-12 15:45:00,TRUE
1021,2025-11-26 13:30:00,TRUE
7120,2027-06-23 12:45:00,FALSE
6125,2027-07-17 21:30:00,FALSE
8166,2025-11-26 17:00:00,TRUE
5056,2027-09-06 00:00:00,FALSE
2441,2026-01-07 04:00:00,TRUE
4626,2025-04-14 10:30:00,TRUE
8462,2026-10-25 22:15:00,FALSE
3380,2025-04-22 04:00:00,TRUE
7829,2025-07-14 00:15:00,TRUE
5941,2025-12-18 20:00:00,TRUE
198,2026-01-08 10:45:00,TRUE
716,2027-03-20 13:30:00,FALSE
213,2025-02-13 14:45:00,TRUE
8896,2025-12-10 04:00:00,TRUE
6260,2026-01-22 01:15:00,TRUE
5790,2025-09-02 05:30:00,TRUE
4152,2025-01-17 01:45:00,TRUE
971,2027-11-28 01:45:00,FALSE
3619,2025-05-26 05:15:00,TRUE
7844,2025-01-15 22:00:00,TRUE
2693,2027-01-02 15:45:00,FALSE
6668,2025-01-31 12:15:00,TRUE
9049,2026-02-08 08:15:00,TRUE
4164,2025-04-26 23:15:00,TRUE
2974,2027-03-30 14:00:00,FALSE
3720,2026-11-18 01:00:00,FALSE
610,2027-10-30 04:00:00,FALSE
1497,2026-08-15 06:45:00,FALSE
7458,2025-11-08 07:15:00,TRUE
1859,2025-04-16 03:45:00,TRUE
3781,2025-08-17 21:00:00,TRUE
2010,2025-07-29 13:30:00,TRUE
9473,2025-09-29 02:15:00,TRUE
3958,2027-09-22 20:45:00,FALSE
5088,2027-11-02 00:15:00,FALSE
6414,2025-12-30 01:30:00,TRUE
6384,2025-08-05 01:30:00,TRUE
2828,2025-05-12 05:30:00,TRUE
6306,2025-10-12 22:45:00,TRUE
572,2025-08-14 12:45:00,TRUE
2290,2026-08-31 17:15:00,FALSE
6225,2026-02-04 23:45:00,TRUE
661,2027-05-22 09:00:00,FALSE
4624,2027-10-06 06:00:00,FALSE
1623,2027-06-09 07:00:00,FALSE
2884,2027-05-22 14:15:00,FALSE
1672,2027-05-07 17:15:00,FALSE
8218,2026-04-25 22:00:00,TRUE
7335,2025-06-03 00:15:00,TRUE
2976,2025-07-30 03:30:00,TRUE
5405,2025-12-19 04:00:00,TRUE
5963,2026-10-01 22:30:00,FALSE
6232,2027-08-30 20:00:00,FALSE
5592,2025-05-04 00:15:00,TRUE
8799,2027-03-27 13:30:00,FALSE
4718,2025-01-01 20:45:00,TRUE
3049,2025-09-23 17:15:00,TRUE
2975,2027-08-18 05:15:00,FALSE
7759,2027-05-13 19:15:00,FALSE
6224,2027-11-12 13:00:00,FALSE
7691,2025-07-09 01:45:00,TRUE
4349,2027-08-01 14:00:00,FALSE
5419,2026-08-07 23:15:00,FALSE
1594,2026-04-23 09:30:00,TRUE
8033,2025-09-13 05:00:00,TRUE
8980,2027-02-21 00:45:00,FALSE
2834,2027-08-26 02:30:00,FALSE
7680,2025-02-27 21:00:00,TRUE
2990,2025-10-06 17:15:00,TRUE
8617,2026-02-19 04:15:00,TRUE
854,2025-04-28 03:30:00,TRUE
7802,2025-07-13 02:15:00,TRUE
7694,2025-03-02 23:00:00,TRUE
8611,2027-11-14 06:15:00,FALSE
7034,2027-02-21 08:45:00,FALSE
7251,2025-11-27 21:15:00,TRUE
8199,2027-11-18 00:45:00,FALSE
5387,2025-04-17 21:30:00,TRUE
4632,2025-06-24 15:45:00,TRUE
5570,2026-12-28 00:15:00,FALSE
3822,2025-09-03 14:15:00,TRUE
185,2027-11-27 08:45:00,FALSE
7091,2027-07-05 14:15:00,FALSE
9400,2025-05-30 16:15:00,TRUE
7615,2026-12-03 18:45:00,FALSE
8412,2026-10-05 07:30:00,FALSE
1638,2026-02-19 17:45:00,TRUE
88,2027-08-30 01:00:00,FALSE
7921,2025-09-07 09:15:00,TRUE
9562,2025-03-26 07:45:00,TRUE
3912,2027-04-08 17:00:00,FALSE
7335,2027-10-20 05:00:00,FALSE
7580,2025-03-23 18:15:00,TRUE
5712,2027-02-12 08:30:00,FALSE
4060,2027-07-23 21:15:00,FALSE
3250,2027-05-28 23:00:00,FALSE
7370,2025-04-17 11:30:00,TRUE
10000,2025-05-24 22:15:00,TRUE
9748,2025-09-08 13:45:00,TRUE
2147,2027-04-06 15:15:00,FALSE
8435,2026-05-09 20:30:00,TRUE
8733,2027-06-25 00:45:00,FALSE
3967,2027-03-25 08:15:00,FALSE
9364,2027-08-01 09:30:00,FALSE
2142,2027-09-02 12:45:00,FALSE
2114,2027-03-17 20:30:00,FALSE
8459,2025-04-27 07:30:00,TRUE
3111,2026-01-09 19:15:00,TRUE
4382,2025-12-02 06:15:00,TRUE
8440,2025-07-19 16:30:00,TRUE
8467,2026-02-24 19:30:00,TRUE
6494,2027-10-01 13:30:00,FALSE
5880,2025-11-06 01:30:00,TRUE
9750,2026-09-23 18:45:00,FALSE
6675,2025-07-06 03:45:00,TRUE
7998,2026-12-06 07:45:00,FALSE
9713,2025-10-25 13:15:00,TRUE
6470,2027-04-13 22:45:00,FALSE
2905,2027-07-24 07:30:00,FALSE
3898,2026-10-20 03:00:00,FALSE
5223,2027-03-16 19:30:00,FALSE
4683,2027-07-11 03:30:00,FALSE
578,2027-01-21 10:00:00,FALSE
2912,2026-04-23 15:00:00,TRUE
9704,2025-07-18 04:15:00,TRUE
7359,2026-04-02 16:00:00,TRUE
7091,2027-07-12 23:00:00,FALSE
7160,2025-07-31 22:00:00,TRUE
7926,2027-06-02 16:15:00,FALSE
2815,2027-02-23 23:00:00,FALSE
1531,2025-11-22 03:30:00,TRUE
5731,2027-08-05 05:30:00,FALSE
3322,2025-10-26 15:15:00,TRUE
8773,2026-01-26 04:15:00,TRUE
2024,2026-04-08 12:00:00,TRUE
9258,2027-12-22 07:00:00,FALSE
1336,2027-03-04 03:45:00,FALSE
1163,2025-01-10 06:00:00,TRUE
9105,2026-11-10 07:00:00,FALSE
2560,2026-08-06 10:30:00,FALSE
3555,2027-10-25 22:00:00,FALSE
8314,2027-10-01 08:00:00,FALSE
877,2025-07-26 05:30:00,TRUE
7214,2025-08-29 22:45:00,TRUE
7072,2026-11-29 11:15:00,FALSE
3712,2025-08-30 09:45:00,TRUE
7479,2027-10-18 23:45:00,FALSE
9046,2026-12-27 18:45:00,FALSE
2243,2026-10-09 13:30:00,FALSE
8346,2026-12-07 18:00:00,FALSE
4926,2027-05-29 13:45:00,FALSE
9830,2026-05-24 12:30:00,FALSE
2873,2027-07-28 16:15:00,FALSE
3661,2027-02-07 17:00:00,FALSE
246,2027-03-23 08:30:00,FALSE
3987,2026-11-06 16:15:00,FALSE
4683,2026-02-18 01:15:00,TRUE
4371,2025-01-25 10:30:00,TRUE
8534,2027-08-28 09:15:00,FALSE
792,2026-04-23 00:45:00,TRUE
5405,2027-09-16 07:00:00,FALSE
5544,2025-08-13 07:00:00,TRUE
6841,2025-12-12 10:00:00,TRUE
1564,2027-04-12 12:15:00,FALSE
8996,2026-08-02 22:30:00,FALSE
254,2025-09-14 03:15:00,TRUE
7145,2027-02-22 12:15:00,FALSE
8041,2027-07-30 05:00:00,FALSE
230,2027-06-25 01:15:00,FALSE
8457,2026-12-15 19:15:00,FALSE
1638,2025-12-10 03:15:00,TRUE
3843,2026-01-20 12:15:00,TRUE
7800,2026-07-19 16:45:00,FALSE
1406,2026-12-31 04:00:00,FALSE
881,2026-05-16 23:00:00,FALSE
2864,2025-04-04 23:30:00,TRUE
6612,2026-05-04 21:00:00,TRUE
992,2025-07-23 09:45:00,TRUE
9007,2027-12-27 02:45:00,FALSE
9802,2026-10-02 05:45:00,FALSE
1638,2025-10-25 13:15:00,TRUE
2558,2027-08-26 05:45:00,FALSE
7099,2025-02-26 08:00:00,TRUE
5572,2026-07-28 08:45:00,FALSE
1180,2026-04-19 19:30:00,TRUE
3164,2026-11-02 11:45:00,FALSE
6545,2025-12-02 08:45:00,TRUE
9047,2025-12-02 21:45:00,TRUE
9049,2027-10-03 15:45:00,FALSE
1235,2026-10-22 11:00:00,FALSE
8754,2025-03-24 15:00:00,TRUE
8625,2025-05-17 09:00:00,TRUE
1514,2026-04-26 05:45:00,TRUE
7644,2026-02-04 10:15:00,TRUE
6564,2026-10-23 18:00:00,FALSE
5728,2025-12-07 10:30:00,TRUE
1529,2027-02-26 04:45:00,FALSE
9527,2025-03-21 16:00:00,TRUE
5346,2026-04-29 07:15:00,TRUE
7191,2026-03-08 22:45:00,TRUE
76,2025-04-19 22:00:00,TRUE
6194,2025-05-30 16:00:00,TRUE
1616,2025-03-17 11:45:00,TRUE
8977,2025-08-23 09:00:00,TRUE
4447,2026-06-22 11:30:00,FALSE
8326,2025-02-17 07:45:00,TRUE
9831,2026-07-18 20:30:00,FALSE
7853,2025-11-28 03:45:00,TRUE
7166,2027-10-26 19:00:00,FALSE
6223,2025-10-19 21:45:00,TRUE
9245,2026-04-14 00:45:00,TRUE
95,2025-05-11 09:30:00,TRUE
402,2026-06-09 09:15:00,FALSE
1909,2025-07-22 07:30:00,TRUE
7823,2026-01-03 15:15:00,TRUE
2920,2027-10-16 15:00:00,FALSE
398,2026-03-09 14:30:00,TRUE
6638,2026-01-07 22:30:00,TRUE
3663,2026-09-12 16:45:00,FALSE
8854,2026-11-29 20:30:00,FALSE
6177,2027-11-15 16:45:00,FALSE
3487,2027-09-27 14:45:00,FALSE
9161,2027-04-25 17:45:00,FALSE
3519,2026-02-02 04:45:00,TRUE
5330,2025-08-14 17:30:00,TRUE
2508,2027-07-25 16:45:00,FALSE
10000,2026-06-11 18:15:00,FALSE
2408,2027-06-23 08:00:00,FALSE
2906,2025-10-27 06:30:00,TRUE
8218,2026-12-09 22:15:00,FALSE
8186,2026-02-20 20:15:00,TRUE
8657,2026-01-29 05:00:00,TRUE
1141,2026-08-15 18:15:00,FALSE
1969,2025-07-24 02:15:00,TRUE
7259,2027-10-20 03:45:00,FALSE
9812,2026-01-06 07:45:00,TRUE
2215,2027-03-30 19:00:00,FALSE
7317,2027-02-05 11:30:00,FALSE
674,2026-10-01 23:15:00,FALSE
1329,2027-10-25 18:45:00,FALSE
9487,2027-01-21 22:00:00,FALSE
436,2025-03-18 21:45:00,TRUE
1649,2025-07-22 08:45:00,TRUE
7488,2025-04-17 10:30:00,TRUE
6658,2026-08-20 01:15:00,FALSE
8395,2026-04-28 15:15:00,TRUE
550,2025-08-18 05:45:00,TRUE
2099,2025-01-21 06:45:00,TRUE
7790,2027-03-28 05:30:00,FALSE
1558,2027-01-08 15:15:00,FALSE
1881,2026-07-22 15:30:00,FALSE
5955,2025-04-07 06:30:00,TRUE
7188,2026-01-24 20:30:00,TRUE
6116,2025-03-12 14:00:00,TRUE
8665,2026-02-23 09:00:00,TRUE
9578,2025-09-19 20:45:00,TRUE
3609,2026-04-20 11:45:00,TRUE
2586,2026-12-13 22:00:00,FALSE
5985,2027-08-15 09:15:00,FALSE
1806,2026-12-08 02:00:00,FALSE
4962,2027-12-27 16:45:00,FALSE
4714,2026-04-09 13:45:00,TRUE
1845,2025-09-19 00:30:00,TRUE
6584,2027-02-14 06:45:00,FALSE
570,2026-06-25 07:00:00,FALSE
8188,2027-11-26 19:30:00,FALSE
8475,2027-12-22 14:15:00,FALSE
9945,2026-11-27 18:30:00,FALSE
1381,2026-09-01 04:30:00,FALSE
4242,2026-03-01 22:45:00,TRUE
8966,2026-12-08 21:15:00,FALSE
2560,2026-01-04 14:15:00,TRUE
2355,2025-12-06 09:45:00,TRUE
7885,2027-07-15 02:45:00,FALSE
3232,2025-06-30 13:30:00,TRUE
7485,2026-02-24 10:45:00,TRUE
2055,2025-04-02 11:00:00,TRUE
1439,2026-07-17 17:15:00,FALSE
8975,2027-10-09 19:00:00,FALSE
4759,2026-12-21 06:30:00,FALSE
6059,2027-12-04 03:15:00,FALSE
1953,2027-11-29 12:00:00,FALSE
2928,2026-03-25 01:00:00,TRUE
2009,2025-02-06 07:15:00,TRUE
5753,2025-09-02 07:15:00,TRUE
92,2025-08-31 06:45:00,TRUE
6255,2026-08-20 19:45:00,FALSE
1776,2025-09-28 07:15:00,TRUE
6834,2025-01-01 19:30:00,TRUE
7419,2026-04-17 16:30:00,TRUE
6040,2027-09-07 13:15:00,FALSE
4156,2027-07-11 18:30:00,FALSE
1442,2027-01-13 08:00:00,FALSE
5118,2026-01-05 03:45:00,TRUE
105,2027-12-13 07:00:00,FALSE
1313,2027-11-27 13:45:00,FALSE
4197,2025-02-24 01:15:00,TRUE
948,2025-09-21 06:30:00,TRUE
9897,2026-10-01 09:00:00,FALSE
5950,2027-06-13 00:15:00,FALSE
9030,2025-11-15 15:00:00,TRUE
5084,2027-04-22 04:30:00,FALSE
6329,2025-07-21 18:15:00,TRUE
4260,2026-05-01 14:45:00,TRUE
8405,2025-12-11 16:45:00,TRUE
3863,2026-09-11 12:00:00,FALSE
9713,2027-09-30 06:00:00,FALSE
580,2025-05-28 06:15:00,TRUE
2101,2025-10-11 08:00:00,TRUE
7314,2025-12-21 09:15:00,TRUE
6189,2025-01-17 15:15:00,TRUE
5504,2026-04-23 05:00:00,TRUE
9176,2027-01-28 22:45:00,FALSE
7773,2027-11-28 03:15:00,FALSE
9327,2026-03-19 21:30:00,TRUE
5861,2027-06-10 04:15:00,FALSE
2517,2026-03-30 21:15:00,TRUE
5208,2027-03-23 15:15:00,FALSE
7794,2027-01-22 18:30:00,FALSE
8912,2026-08-02 12:45:00,FALSE
965,2027-09-28 17:45:00,FALSE
7665,2026-08-16 05:15:00,FALSE
6722,2027-01-12 23:00:00,FALSE
7129,2027-11-17 23:15:00,FALSE
9109,2025-07-28 04:30:00,TRUE
926,2025-08-11 14:45:00,TRUE
6410,2027-08-09 04:45:00,FALSE
6835,2025-12-21 04:00:00,TRUE
6672,2025-01-29 11:15:00,TRUE
8814,2026-08-06 15:30:00,FALSE
7070,2025-03-10 23:00:00,TRUE
6523,2027-05-26 09:30:00,FALSE
3128,2026-07-15 02:15:00,FALSE
8054,2026-08-08 04:45:00,FALSE
3859,2026-02-06 05:00:00,TRUE
2088,2027-05-25 21:30:00,FALSE
6759,2026-12-16 07:00:00,FALSE
8738,2025-07-31 20:15:00,TRUE
5867,2025-08-06 12:15:00,TRUE
2720,2027-03-23 13:00:00,FALSE
7763,2025-07-11 03:30:00,TRUE
788,2027-11-03 13:15:00,FALSE
8347,2027-11-27 15:15:00,FALSE
8076,2027-02-17 05:45:00,FALSE
6597,2027-04-05 08:00:00,FALSE
3022,2025-07-20 22:00:00,TRUE
7349,2027-11-01 16:00:00,FALSE
9956,2026-05-21 18:45:00,FALSE
9263,2025-03-05 02:00:00,TRUE
3370,2027-09-20 04:45:00,FALSE
8763,2027-08-13 13:00:00,FALSE
683,2027-03-01 03:45:00,FALSE
2272,2025-08-31 09:30:00,TRUE
5304,2026-08-24 03:15:00,FALSE
9743,2027-11-15 06:00:00,FALSE
9013,2025-02-19 11:45:00,TRUE
3038,2027-05-01 19:45:00,FALSE
58,2026-06-30 23:15:00,FALSE
8471,2025-06-14 03:15:00,TRUE
1476,2026-02-03 14:30:00,TRUE
2751,2025-10-29 15:15:00,TRUE
5350,2026-10-19 19:45:00,FALSE
2186,2026-11-16 21:45:00,FALSE
3918,2025-08-30 08:30:00,TRUE
3450,2027-04-22 11:00:00,FALSE
2277,2027-05-20 19:45:00,FALSE
7377,2025-04-02 08:45:00,TRUE
3130,2027-10-16 01:45:00,FALSE
8933,2026-04-20 01:00:00,TRUE
9127,2026-11-21 03:15:00,FALSE
4513,2026-11-04 14:00:00,FALSE
82,2026-06-04 03:15:00,FALSE
363,2027-10-01 14:00:00,FALSE
2439,2025-02-17 16:30:00,TRUE
4311,2025-01-14 02:00:00,TRUE
9423,2025-10-30 05:45:00,TRUE
5968,2025-08-11 12:00:00,TRUE
1959,2025-06-09 04:15:00,TRUE
5132,2027-09-03 10:15:00,FALSE
5526,2027-09-21 17:15:00,FALSE
895,2025-05-07 00:15:00,TRUE
8427,2026-05-18 05:00:00,FALSE
213,2026-04-12 12:30:00,TRUE
8581,2026-06-03 18:15:00,FALSE
7155,2027-04-28 06:15:00,FALSE
303,2025-02-11 21:45:00,TRUE
4399,2027-08-16 12:00:00,FALSE
1626,2025-06-16 14:45:00,TRUE
2006,2026-06-19 19:00:00,FALSE
5501,2025-08-06 20:30:00,TRUE
2696,2025-06-01 13:00:00,TRUE
8810,2027-05-29 22:30:00,FALSE
686,2025-05-10 09:30:00,TRUE
855,2026-10-24 22:15:00,FALSE
10006,2027-07-29 07:45:00,FALSE
8485,2025-08-22 23:30:00,TRUE
4212,2026-04-03 15:30:00,TRUE
5977,2026-04-08 09:45:00,TRUE
9321,2025-03-28 08:15:00,TRUE
6267,2025-09-22 19:45:00,TRUE
1459,2027-04-11 23:15:00,FALSE
5596,2027-02-01 02:15:00,FALSE
3245,2027-09-26 11:30:00,FALSE
9808,2026-06-25 20:00:00,FALSE
3735,2025-02-05 23:00:00,TRUE
9143,2026-07-04 03:45:00,FALSE
6641,2026-01-27 11:00:00,TRUE
8180,2025-02-04 20:00:00,TRUE
2685,2027-12-06 00:30:00,FALSE
2739,2025-11-09 01:45:00,TRUE
869,2026-09-15 02:30:00,FALSE
692,2026-05-21 15:45:00,FALSE
3930,2026-08-16 23:15:00,FALSE
8279,2026-11-26 22:15:00,FALSE
9968,2026-01-26 00:45:00,TRUE
2057,2027-10-26 23:45:00,FALSE
6622,2027-05-01 23:30:00,FALSE
3726,2026-01-29 17:15:00,TRUE
8359,2027-01-16 22:15:00,FALSE
5100,2025-04-21 17:30:00,TRUE
3353,2027-01-27 19:00:00,FALSE
504,2025-02-09 06:30:00,TRUE
5900,2027-10-29 13:00:00,FALSE
6655,2025-10-17 16:15:00,TRUE
2322,2025-01-07 21:00:00,TRUE
6828,2026-02-02 12:45:00,TRUE
9582,2026-04-08 16:15:00,TRUE
5978,2026-11-25 09:45:00,FALSE
5111,2025-11-09 10:00:00,TRUE
7369,2026-06-30 09:00:00,FALSE
9215,2025-02-22 19:30:00,TRUE
6226,2025-09-16 12:00:00,TRUE
8774,2025-08-15 17:00:00,TRUE
5352,2026-05-26 10:30:00,FALSE
2422,2026-04-04 12:30:00,TRUE
8823,2025-08-19 23:15:00,TRUE
9786,2027-06-11 20:45:00,FALSE
5033,2027-07-16 20:45:00,FALSE
9676,2026-04-19 11:45:00,TRUE
282,2027-04-14 09:30:00,FALSE
7999,2027-09-17 16:00:00,FALSE
9734,2026-10-22 23:15:00,FALSE
3790,2025-08-29 04:15:00,TRUE
8397,2025-10-20 07:15:00,TRUE
9340,2026-08-06 01:45:00,FALSE
1084,2026-03-28 19:00:00,TRUE
8193,2027-03-11 16:45:00,FALSE
2676,2026-03-13 17:15:00,TRUE
3945,2027-08-31 20:15:00,FALSE
8596,2027-03-25 09:45:00,FALSE
4844,2027-05-08 13:30:00,FALSE
3716,2027-02-10 02:00:00,FALSE
5529,2025-10-28 07:30:00,TRUE
2516,2025-09-26 05:30:00,TRUE
1609,2027-07-25 12:15:00,FALSE
7637,2027-09-12 14:45:00,FALSE
178,2027-02-17 06:15:00,FALSE
1024,2026-11-07 21:15:00,FALSE
1881,2026-09-22 12:00:00,FALSE
5636,2026-10-29 18:15:00,FALSE
6944,2025-01-27 05:00:00,TRUE
8348,2025-05-05 22:00:00,TRUE
8150,2027-02-19 20:00:00,FALSE
4897,2026-10-27 23:15:00,FALSE
9745,2027-02-26 11:00:00,FALSE
9619,2025-08-28 22:30:00,TRUE
1545,2027-06-20 05:00:00,FALSE
2535,2026-10-03 17:45:00,FALSE
6073,2025-04-04 12:45:00,TRUE
7267,2025-03-25 22:45:00,TRUE
6716,2027-03-19 12:00:00,FALSE
5342,2025-02-14 10:00:00,TRUE
8269,2026-09-27 01:00:00,FALSE
4436,2025-12-15 13:30:00,TRUE
5243,2027-07-13 02:00:00,FALSE
8968,2027-02-03 10:00:00,FALSE
241,2025-02-08 20:45:00,TRUE
2897,2026-08-23 19:15:00,FALSE
3300,2026-05-30 00:45:00,FALSE
5163,2027-03-25 09:15:00,FALSE
5037,2026-01-08 02:30:00,TRUE
2322,2026-09-16 12:45:00,FALSE
2707,2025-07-11 19:00:00,TRUE
7124,2026-09-13 12:30:00,FALSE
814,2025-05-27 10:15:00,TRUE
4949,2025-11-07 19:15:00,TRUE
3873,2025-04-01 10:45:00,TRUE
4711,2026-06-18 13:45:00,FALSE
8281,2025-12-25 12:30:00,TRUE
7761,2026-05-14 04:00:00,TRUE
8736,2025-11-02 22:00:00,TRUE
4668,2025-03-16 16:00:00,TRUE
4571,2026-04-10 06:30:00,TRUE
4157,2025-10-15 08:45:00,TRUE
5495,2027-08-16 10:15:00,FALSE
1355,2027-01-09 15:15:00,FALSE
2763,2026-10-27 22:30:00,FALSE
6153,2025-05-02 22:15:00,TRUE
1182,2026-08-26 15:30:00,FALSE
8091,2027-06-29 14:30:00,FALSE
7086,2026-08-28 08:30:00,FALSE
4213,2025-03-19 19:00:00,TRUE
4693,2025-03-23 15:45:00,TRUE
296,2027-10-19 20:00:00,FALSE
9742,2025-08-26 20:30:00,TRUE
3943,2025-02-18 15:00:00,TRUE
3851,2027-09-07 00:45:00,FALSE
6418,2025-04-23 18:15:00,TRUE
4608,2025-11-11 12:15:00,TRUE
8397,2027-01-20 14:15:00,FALSE
4863,2025-02-12 21:30:00,TRUE
3568,2027-02-10 23:45:00,FALSE
6933,2027-04-21 12:15:00,FALSE
4153,2025-11-21 09:30:00,TRUE
9665,2025-03-02 07:00:00,TRUE
638,2025-05-09 07:30:00,TRUE
4056,2025-09-25 20:45:00,TRUE
4330,2026-12-22 13:30:00,FALSE
6939,2027-03-06 11:00:00,FALSE
6275,2027-05-19 16:00:00,FALSE
7853,2026-01-31 19:45:00,TRUE
5152,2025-02-04 20:30:00,TRUE
6674,2025-10-15 16:30:00,TRUE
5772,2027-06-24 01:45:00,FALSE
5145,2027-04-27 01:30:00,FALSE
7535,2027-02-14 22:45:00,FALSE
9952,2026-04-22 14:45:00,TRUE
6004,2027-05-26 16:45:00,FALSE
8256,2025-12-10 05:30:00,TRUE
2532,2026-05-26 09:30:00,FALSE
5457,2026-06-24 12:15:00,FALSE
2844,2026-07-27 02:30:00,FALSE
2787,2026-08-21 07:30:00,FALSE
8653,2025-12-12 18:15:00,TRUE
7216,2025-01-17 11:45:00,TRUE
4009,2026-01-12 16:45:00,TRUE
5716,2025-05-16 19:30:00,TRUE
6441,2025-03-15 04:00:00,TRUE
7488,2025-03-30 04:45:00,TRUE
3822,2026-04-03 11:45:00,TRUE
5932,2026-01-02 04:45:00,TRUE
4377,2025-08-04 03:45:00,TRUE
3545,2026-09-06 07:30:00,FALSE
6940,2025-10-18 01:00:00,TRUE
6707,2027-10-14 05:00:00,FALSE
9927,2027-05-22 00:00:00,FALSE
9993,2027-11-07 13:30:00,FALSE
8066,2026-02-18 17:45:00,TRUE
4043,2025-10-19 15:15:00,TRUE
2402,2026-01-29 20:00:00,TRUE
5914,2027-03-06 21:30:00,FALSE
8150,2027-04-14 14:00:00,FALSE
6406,2027-12-25 04:00:00,FALSE
5415,2025-11-10 19:00:00,TRUE
9482,2025-07-19 04:15:00,TRUE
4624,2026-07-07 20:15:00,FALSE
4196,2025-11-20 07:15:00,TRUE
1843,2026-11-05 22:00:00,FALSE
9614,2026-02-07 02:00:00,TRUE
5142,2027-06-20 11:30:00,FALSE
1788,2027-03-03 00:15:00,FALSE
297,2025-01-03 00:45:00,TRUE
2945,2026-04-10 09:00:00,TRUE
6771,2025-02-25 17:15:00,TRUE
3911,2027-07-26 22:30:00,FALSE
7854,2025-02-06 04:30:00,TRUE
9098,2026-02-07 12:15:00,TRUE
1661,2027-09-22 17:15:00,FALSE
3159,2026-04-01 14:00:00,TRUE
10007,2026-01-02 22:15:00,TRUE
4599,2027-09-26 12:45:00,FALSE
6082,2026-11-23 17:15:00,FALSE
4314,2025-07-12 17:00:00,TRUE
4702,2027-02-24 03:30:00,FALSE
5573,2025-11-16 03:30:00,TRUE
63,2027-09-12 03:45:00,FALSE
9604,2027-04-28 19:00:00,FALSE
3063,2025-10-24 05:45:00,TRUE
6047,2025-03-09 06:00:00,TRUE
4642,2026-08-10 19:15:00,FALSE
10007,2025-11-01 15:30:00,TRUE
1845,2027-07-09 06:15:00,FALSE
6842,2027-10-01 14:00:00,FALSE
7078,2026-05-03 16:00:00,TRUE
6395,2026-07-05 01:30:00,FALSE
9352,2026-01-16 12:15:00,TRUE
8629,2026-10-25 19:00:00,FALSE
6814,2027-08-29 03:15:00,FALSE
9592,2025-08-15 17:45:00,TRUE
3924,2027-06-26 09:15:00,FALSE
1708,2025-01-27 15:45:00,TRUE
5984,2027-04-11 06:30:00,FALSE
5993,2027-05-24 15:00:00,FALSE
6495,2025-02-19 02:45:00,TRUE
5133,2026-03-30 11:45:00,TRUE
2426,2025-09-03 10:45:00,TRUE
1095,2027-11-15 18:00:00,FALSE
7904,2027-12-12 13:45:00,FALSE
3457,2026-07-03 00:30:00,FALSE
1117,2025-08-06 12:45:00,TRUE
4222,2027-02-15 06:30:00,FALSE
6188,2027-07-09 18:30:00,FALSE
5911,2027-06-14 09:45:00,FALSE
9463,2026-01-17 14:45:00,TRUE
8473,2025-01-14 13:30:00,TRUE
5095,2026-02-27 09:45:00,TRUE
7165,2025-06-03 16:45:00,TRUE
2686,2026-09-12 22:15:00,FALSE
6950,2025-12-23 08:45:00,TRUE
8955,2026-08-28 00:30:00,FALSE
1392,2027-01-19 21:15:00,FALSE
8734,2025-10-02 15:00:00,TRUE
6330,2026-10-24 14:15:00,FALSE
928,2027-10-02 08:30:00,FALSE
4671,2026-07-08 08:45:00,FALSE
3621,2027-09-03 03:00:00,FALSE
8821,2025-07-29 04:15:00,TRUE
974,2025-08-08 12:15:00,TRUE
7998,2025-04-09 07:15:00,TRUE
1632,2025-01-03 14:00:00,TRUE
6674,2025-01-26 08:00:00,TRUE
1430,2026-04-27 00:30:00,TRUE
2296,2026-06-20 09:00:00,FALSE
6065,2026-07-10 22:45:00,FALSE
5353,2027-07-10 09:15:00,FALSE
6122,2025-02-27 06:30:00,TRUE
3234,2026-10-19 18:00:00,FALSE
3130,2025-07-10 16:00:00,TRUE
6995,2027-06-28 03:15:00,FALSE
4859,2026-12-02 19:00:00,FALSE
6655,2027-05-12 21:45:00,FALSE
7364,2027-07-14 14:45:00,FALSE
5260,2026-12-06 18:30:00,FALSE
5140,2025-10-05 03:00:00,TRUE
9541,2026-05-13 08:00:00,TRUE
469,2027-03-14 15:45:00,FALSE
3585,2025-07-23 10:45:00,TRUE
7781,2027-10-01 12:30:00,FALSE
7291,2027-09-26 13:30:00,FALSE
2174,2025-01-26 00:00:00,TRUE
6664,2027-03-27 09:45:00,FALSE
6131,2025-02-09 16:00:00,TRUE
66,2027-05-28 20:00:00,FALSE
4010,2026-03-16 03:15:00,TRUE
4037,2026-06-07 01:15:00,FALSE
9526,2026-07-01 06:15:00,FALSE
7534,2027-03-03 18:30:00,FALSE
3675,2025-07-06 17:15:00,TRUE
3370,2027-04-19 11:15:00,FALSE
9815,2025-11-28 21:30:00,TRUE
8672,2026-09-29 08:30:00,FALSE
5964,2027-06-07 08:00:00,FALSE
9938,2027-01-20 01:00:00,FALSE
4700,2025-02-14 01:30:00,TRUE
1991,2025-09-21 18:30:00,TRUE
2541,2027-05-05 02:00:00,FALSE
6003,2027-09-26 22:30:00,FALSE
9205,2027-08-12 17:00:00,FALSE
2574,2027-03-08 07:00:00,FALSE
6093,2025-11-22 17:45:00,TRUE
8981,2026-07-27 07:30:00,FALSE
5465,2025-11-25 18:00:00,TRUE
3187,2026-04-30 17:00:00,TRUE
2704,2027-06-03 07:15:00,FALSE
1160,2026-01-17 18:30:00,TRUE
9827,2025-11-10 09:30:00,TRUE
7682,2025-06-11 05:45:00,TRUE
8857,2025-10-21 10:30:00,TRUE
7208,2026-03-06 01:00:00,TRUE
2305,2027-10-26 02:15:00,FALSE
490,2025-02-14 21:45:00,TRUE
7328,2025-01-15 18:30:00,TRUE
5797,2026-10-31 20:00:00,FALSE
1473,2026-05-15 19:30:00,TRUE
1816,2026-03-16 05:00:00,TRUE
7191,2025-12-30 11:45:00,TRUE
7246,2027-07-23 23:30:00,FALSE
5363,2026-03-30 20:00:00,TRUE
8542,2027-09-11 21:30:00,FALSE
4190,2027-09-07 22:00:00,FALSE
6813,2025-07-23 08:15:00,TRUE
3668,2025-10-13 17:00:00,TRUE
7256,2025-03-08 19:15:00,TRUE
5456,2026-12-08 01:15:00,FALSE
8078,2026-10-25 15:15:00,FALSE
412,2026-09-23 11:45:00,FALSE
7976,2026-08-26 15:45:00,FALSE
7737,2027-07-09 10:15:00,FALSE
6067,2027-05-24 07:15:00,FALSE
4946,2025-08-17 07:45:00,TRUE
8742,2025-05-28 16:00:00,TRUE
2677,2026-09-29 11:15:00,FALSE
924,2027-12-10 04:45:00,FALSE
9279,2025-07-18 07:45:00,TRUE
7117,2026-10-20 04:00:00,FALSE
6243,2026-01-04 17:00:00,TRUE
3577,2025-01-03 14:15:00,TRUE
8786,2027-08-28 09:45:00,FALSE
6170,2025-02-01 04:30:00,TRUE
9354,2026-04-29 16:45:00,TRUE
9639,2027-03-28 03:30:00,FALSE
8162,2025-02-09 19:30:00,TRUE
9472,2027-08-06 18:15:00,FALSE
4455,2027-12-22 13:15:00,FALSE
4639,2025-12-05 23:15:00,TRUE
6098,2026-05-16 06:45:00,FALSE
3534,2026-08-17 19:00:00,FALSE
5957,2027-03-08 04:00:00,FALSE
1260,2026-06-27 20:00:00,FALSE
5182,2025-04-28 07:45:00,TRUE
7514,2025-09-03 17:30:00,TRUE
8447,2026-03-24 02:00:00,TRUE
6452,2026-01-05 12:00:00,TRUE
9135,2026-03-29 16:30:00,TRUE
5336,2027-07-24 08:00:00,FALSE
547,2025-06-18 12:15:00,TRUE
9702,2025-04-14 20:30:00,TRUE
3758,2026-10-24 20:30:00,FALSE
731,2025-07-09 19:00:00,TRUE
6106,2026-06-27 18:30:00,FALSE
1430,2026-10-12 00:15:00,FALSE
7993,2027-02-23 22:30:00,FALSE
6900,2027-12-11 00:30:00,FALSE
4522,2026-01-31 21:30:00,TRUE
9382,2025-12-12 16:45:00,TRUE
9046,2027-03-25 01:30:00,FALSE
9867,2027-03-06 12:45:00,FALSE
1712,2025-11-17 04:45:00,TRUE
9732,2025-10-28 09:00:00,TRUE
6980,2026-07-06 12:45:00,FALSE
3598,2026-01-17 09:45:00,TRUE
1953,2025-03-16 20:15:00,TRUE
7075,2026-01-20 02:45:00,TRUE
6929,2025-03-28 11:30:00,TRUE
4395,2025-02-19 16:45:00,TRUE
7706,2025-01-02 13:30:00,TRUE
5837,2025-01-04 13:15:00,TRUE
1044,2026-08-17 07:00:00,FALSE
410,2025-11-24 02:15:00,TRUE
566,2026-10-12 22:15:00,FALSE
2960,2027-12-07 21:30:00,FALSE
7185,2025-04-11 03:45:00,TRUE
9602,2025-11-11 02:00:00,TRUE
5999,2027-07-17 11:45:00,FALSE
9952,2027-06-28 00:45:00,FALSE
4431,2027-02-01 02:45:00,FALSE
2243,2026-10-20 06:45:00,FALSE
8800,2027-09-10 12:00:00,FALSE
5018,2025-05-02 19:00:00,TRUE
9534,2025-09-12 11:30:00,TRUE
9051,2026-07-24 20:30:00,FALSE
1132,2026-07-27 06:45:00,FALSE
172,2025-06-08 06:45:00,TRUE
512,2026-02-14 08:30:00,TRUE
2,2025-01-20 10:45:00,TRUE
2270,2025-07-22 14:30:00,TRUE
1435,2025-10-12 21:00:00,TRUE
584,2027-11-17 16:15:00,FALSE
7619,2026-06-30 03:45:00,FALSE
3876,2025-07-22 00:00:00,TRUE
8224,2027-04-09 22:00:00,FALSE
2978,2026-11-12 17:15:00,FALSE
1898,2026-04-29 02:30:00,TRUE
3794,2026-03-18 15:30:00,TRUE
4813,2027-10-26 06:45:00,FALSE
2239,2027-06-15 07:30:00,FALSE
5968,2025-08-16 10:30:00,TRUE
6940,2026-06-18 06:45:00,FALSE
9314,2025-05-07 20:45:00,TRUE
5717,2027-08-26 05:45:00,FALSE
8519,2027-12-31 06:15:00,FALSE
2072,2026-08-02 04:15:00,FALSE
891,2027-02-10 22:00:00,FALSE
7703,2026-12-08 00:15:00,FALSE
6034,2025-09-26 03:45:00,TRUE
1771,2027-10-08 08:45:00,FALSE
8303,2026-07-12 02:00:00,FALSE
2423,2026-09-19 08:30:00,FALSE
3973,2027-02-16 05:30:00,FALSE
406,2027-11-08 23:45:00,FALSE
9979,2025-11-17 18:30:00,TRUE
3988,2027-10-16 00:45:00,FALSE
6369,2025-05-06 23:15:00,TRUE
27,2025-12-26 16:30:00,TRUE
8702,2025-07-20 19:15:00,TRUE
4987,2026-11-28 15:45:00,FALSE
5021,2025-09-17 18:15:00,TRUE
5264,2025-07-10 02:00:00,TRUE
1392,2027-07-22 20:45:00,FALSE
2910,2027-06-15 15:45:00,FALSE
4633,2026-11-12 00:00:00,FALSE
8784,2025-09-04 03:00:00,TRUE
6655,2026-06-07 05:15:00,FALSE
1429,2026-09-03 15:45:00,FALSE
1911,2025-08-14 08:15:00,TRUE
9154,2025-09-18 12:15:00,TRUE
7573,2026-12-12 11:30:00,FALSE
5205,2027-08-02 15:30:00,FALSE
8913,2027-10-07 01:45:00,FALSE
755,2026-11-04 00:30:00,FALSE
1516,2026-05-18 05:45:00,FALSE
8318,2026-12-10 05:00:00,FALSE
2078,2027-05-10 03:15:00,FALSE
3589,2026-07-29 22:30:00,FALSE
8675,2027-08-22 02:45:00,FALSE
3094,2027-07-29 03:30:00,FALSE
7923,2026-10-23 02:45:00,FALSE
3988,2025-08-25 00:15:00,TRUE
6514,2025-07-04 20:15:00,TRUE
2545,2026-06-29 14:15:00,FALSE
1455,2027-08-29 17:00:00,FALSE
1829,2026-12-08 15:45:00,FALSE
9342,2027-07-18 04:00:00,FALSE
9349,2025-06-23 23:15:00,TRUE
7548,2027-11-07 18:15:00,FALSE
5122,2025-06-25 17:45:00,TRUE
9695,2027-01-30 17:00:00,FALSE
8686,2025-04-24 05:45:00,TRUE
6629,2027-06-22 14:30:00,FALSE
6152,2026-06-22 20:15:00,FALSE
2662,2027-03-22 10:45:00,FALSE
5683,2027-05-30 18:45:00,FALSE
8748,2027-02-24 12:45:00,FALSE
8866,2027-04-25 00:30:00,FALSE
3826,2027-10-04 23:15:00,FALSE
7118,2026-04-10 05:15:00,TRUE
4169,2026-09-13 00:15:00,FALSE
3801,2026-09-15 17:00:00,FALSE
8787,2025-05-29 18:15:00,TRUE
1623,2026-08-05 20:15:00,FALSE
5053,2026-07-10 10:15:00,FALSE
3998,2027-08-27 07:00:00,FALSE
361,2027-07-10 12:00:00,FALSE
9311,2025-02-27 05:00:00,TRUE
1752,2026-02-26 14:15:00,TRUE
3372,2026-01-31 20:30:00,TRUE
171,2026-07-10 17:00:00,FALSE
2083,2027-10-31 08:45:00,FALSE
2219,2027-04-02 01:30:00,FALSE
335,2027-12-12 09:00:00,FALSE
740,2027-06-04 21:00:00,FALSE
9084,2027-11-27 18:00:00,FALSE
9924,2026-02-28 02:45:00,TRUE
9122,2025-08-03 01:00:00,TRUE
9989,2025-08-17 07:30:00,TRUE
6816,2026-01-02 17:45:00,TRUE
364,2027-10-08 21:15:00,FALSE
5520,2025-05-22 22:00:00,TRUE
5797,2025-05-25 18:00:00,TRUE
463,2027-10-24 13:00:00,FALSE
1299,2026-04-24 01:15:00,TRUE
6670,2026-12-26 12:30:00,FALSE
1150,2025-08-24 11:00:00,TRUE
153,2027-10-19 18:15:00,FALSE
9051,2026-04-13 06:30:00,TRUE
2571,2027-09-04 05:30:00,FALSE
1517,2026-06-30 13:30:00,FALSE
6783,2026-07-27 06:00:00,FALSE
8473,2025-07-12 22:30:00,TRUE
6834,2027-08-13 21:00:00,FALSE
938,2025-09-16 06:45:00,TRUE
9814,2026-02-23 08:45:00,TRUE
4382,2026-06-23 07:45:00,FALSE
7747,2027-01-18 15:45:00,FALSE
4860,2025-06-22 20:30:00,TRUE
1866,2026-01-02 08:15:00,TRUE
1785,2026-04-10 05:45:00,TRUE
2608,2025-07-16 20:15:00,TRUE
7139,2027-09-01 09:00:00,FALSE
6817,2026-01-04 08:00:00,TRUE
7944,2027-02-15 15:00:00,FALSE
7431,2025-12-06 16:00:00,TRUE
8670,2025-03-06 05:45:00,TRUE
3378,2025-08-29 14:00:00,TRUE
5094,2027-11-22 05:15:00,FALSE
6477,2026-08-14 03:30:00,FALSE
6866,2025-10-20 18:15:00,TRUE
8417,2025-10-08 18:30:00,TRUE
6015,2025-03-07 13:00:00,TRUE
4757,2027-12-09 00:30:00,FALSE
8583,2025-10-15 07:00:00,TRUE
7505,2025-06-07 04:30:00,TRUE
6164,2026-04-06 20:15:00,TRUE
8988,2027-12-08 18:30:00,FALSE
3549,2025-12-31 05:45:00,TRUE
8459,2027-05-31 06:30:00,FALSE
8535,2025-10-07 05:15:00,TRUE
8518,2026-11-12 22:00:00,FALSE
9913,2026-07-20 19:45:00,FALSE
3309,2027-02-09 13:00:00,FALSE
8467,2025-05-14 09:15:00,TRUE
8291,2025-01-13 13:15:00,TRUE
5678,2025-12-07 13:45:00,TRUE
3050,2027-07-23 01:45:00,FALSE
5814,2026-01-30 10:45:00,TRUE
7459,2027-12-14 07:45:00,FALSE
3104,2027-10-12 17:00:00,FALSE
5635,2025-12-16 21:00:00,TRUE
7847,2027-04-04 04:00:00,FALSE
3752,2027-01-29 01:15:00,FALSE
9641,2027-08-28 22:30:00,FALSE
1072,2027-07-27 00:00:00,FALSE
3365,2025-07-06 07:30:00,TRUE
6323,2026-06-12 02:45:00,FALSE
7570,2026-07-18 11:00:00,FALSE
2412,2025-12-29 09:45:00,TRUE
7336,2026-03-24 15:30:00,TRUE
1450,2027-12-04 23:30:00,FALSE
2429,2025-03-09 06:30:00,TRUE
708,2026-05-19 11:15:00,FALSE
6545,2026-06-08 11:45:00,FALSE
6215,2027-06-11 08:30:00,FALSE
2729,2025-11-29 02:45:00,TRUE
952,2027-08-28 10:30:00,FALSE
2430,2026-09-02 15:15:00,FALSE
9256,2025-09-01 01:45:00,TRUE
5669,2027-03-07 02:15:00,FALSE
9300,2025-08-20 10:30:00,TRUE
4801,2026-12-15 11:30:00,FALSE
5253,2026-10-11 22:45:00,FALSE
2801,2025-10-28 11:00:00,TRUE
4890,2025-02-13 10:00:00,TRUE
8239,2027-08-30 14:15:00,FALSE
7678,2026-08-13 15:45:00,FALSE
7412,2026-04-08 14:15:00,TRUE
7403,2027-03-16 09:15:00,FALSE
1104,2025-06-02 22:15:00,TRUE
2305,2025-10-16 10:45:00,TRUE
8702,2026-06-18 09:15:00,FALSE
7457,2025-02-07 15:15:00,TRUE
8628,2026-12-13 19:45:00,FALSE
7667,2027-06-13 09:00:00,FALSE
3885,2025-03-29 03:30:00,TRUE
2722,2025-12-12 11:30:00,TRUE
2860,2027-11-12 08:30:00,FALSE
7860,2027-04-30 11:00:00,FALSE
6143,2026-05-06 01:30:00,TRUE
4558,2025-01-27 03:45:00,TRUE
6627,2025-08-16 14:45:00,TRUE
6084,2027-03-02 05:00:00,FALSE
7138,2025-08-12 10:30:00,TRUE
5199,2025-12-03 20:45:00,TRUE
2057,2025-01-06 14:30:00,TRUE
3008,2026-11-13 20:00:00,FALSE
630,2026-05-12 02:45:00,TRUE
9487,2025-06-25 10:30:00,TRUE
2238,2027-05-11 03:00:00,FALSE
9093,2025-05-24 05:30:00,TRUE
1899,2025-06-15 16:00:00,TRUE
9072,2026-01-11 14:00:00,TRUE
1241,2025-07-14 12:15:00,TRUE
7389,2026-06-25 03:45:00,FALSE
8561,2027-12-18 14:00:00,FALSE
6903,2027-02-25 03:15:00,FALSE
6455,2025-04-23 23:45:00,TRUE
3594,2026-11-25 12:00:00,FALSE
6023,2025-03-17 17:00:00,TRUE
8233,2026-05-05 10:30:00,TRUE
2064,2027-06-23 10:30:00,FALSE
1422,2027-03-26 21:45:00,FALSE
475,2027-05-18 13:15:00,FALSE
4848,2025-01-26 20:15:00,TRUE
8026,2026-12-30 04:30:00,FALSE
2308,2025-01-22 09:15:00,TRUE
8314,2026-09-05 23:00:00,FALSE
2984,2027-04-13 11:15:00,FALSE
9515,2027-05-28 11:00:00,FALSE
1735,2026-12-20 18:00:00,FALSE
8402,2026-08-17 04:30:00,FALSE
5022,2027-02-01 23:30:00,FALSE
8757,2026-08-07 04:45:00,FALSE
8415,2026-03-17 22:45:00,TRUE
1117,2026-06-26 04:15:00,FALSE
917,2027-01-20 04:15:00,FALSE
8490,2027-08-13 18:45:00,FALSE
5042,2026-02-11 07:00:00,TRUE
8228,2027-08-22 14:30:00,FALSE
7713,2026-01-11 22:15:00,TRUE
4844,2026-11-16 06:30:00,FALSE
9510,2027-07-04 11:15:00,FALSE
3077,2025-02-23 04:30:00,TRUE
2406,2025-11-03 15:45:00,TRUE
4924,2027-11-04 16:00:00,FALSE
683,2025-06-23 20:30:00,TRUE
7341,2025-09-27 08:15:00,TRUE
145,2025-05-01 08:45:00,TRUE
856,2027-06-25 21:15:00,FALSE
6431,2026-11-21 09:15:00,FALSE
5617,2025-07-22 21:00:00,TRUE
2441,2026-06-01 16:00:00,FALSE
5796,2027-02-25 19:30:00,FALSE
9728,2026-02-08 12:00:00,TRUE
5717,2027-09-18 11:30:00,FALSE
5583,2025-06-26 09:15:00,TRUE
3034,2025-05-05 12:15:00,TRUE
1542,2025-05-09 00:15:00,TRUE
1090,2026-03-06 20:30:00,TRUE
5753,2025-10-13 12:45:00,TRUE
1547,2027-05-20 07:00:00,FALSE
2228,2025-11-10 18:00:00,TRUE
6034,2026-06-06 04:15:00,FALSE
3286,2027-11-01 09:00:00,FALSE
1622,2027-05-16 13:00:00,FALSE
7167,2025-03-29 22:00:00,TRUE
2622,2027-09-16 20:00:00,FALSE
7598,2026-05-01 07:00:00,TRUE
5818,2026-06-19 19:15:00,FALSE
2163,2027-03-08 02:00:00,FALSE
4151,2027-07-11 18:45:00,FALSE
7746,2025-12-17 01:45:00,TRUE
4866,2025-03-22 04:15:00,TRUE
3008,2026-07-23 01:45:00,FALSE
2311,2026-04-25 07:30:00,TRUE
9156,2025-12-20 02:15:00,TRUE
4613,2026-09-02 23:30:00,FALSE
1652,2026-09-28 11:15:00,FALSE
8393,2025-01-01 04:45:00,TRUE
9067,2025-09-06 09:00:00,TRUE
8700,2026-02-16 17:45:00,TRUE
4019,2027-06-08 02:00:00,FALSE
9744,2026-01-02 19:45:00,TRUE
2295,2026-10-26 16:00:00,FALSE
5257,2026-01-13 12:15:00,TRUE
5665,2026-01-19 04:30:00,TRUE
6766,2026-09-10 21:30:00,FALSE
5757,2025-12-20 21:15:00,TRUE
215,2026-04-12 16:15:00,TRUE
5596,2027-03-16 01:30:00,FALSE
3555,2026-05-03 21:15:00,TRUE
6563,2026-10-27 19:15:00,FALSE
7434,2025-12-17 12:00:00,TRUE
4045,2026-09-09 08:45:00,FALSE
9523,2026-02-10 22:45:00,TRUE
8934,2026-08-02 10:45:00,FALSE
3675,2026-11-11 22:45:00,FALSE
4579,2027-09-29 13:15:00,FALSE
9538,2027-11-13 01:45:00,FALSE
2368,2027-01-13 09:45:00,FALSE
9234,2027-02-17 01:30:00,FALSE
811,2025-01-07 09:15:00,TRUE
6301,2025-07-12 17:15:00,TRUE
4212,2025-12-13 11:15:00,TRUE
152,2026-09-29 15:15:00,FALSE
8134,2025-09-10 03:15:00,TRUE
1421,2025-10-08 09:00:00,TRUE
6681,2026-11-22 03:15:00,FALSE
9020,2025-08-15 21:30:00,TRUE
3768,2027-08-06 04:45:00,FALSE
3933,2026-05-06 17:45:00,TRUE
7778,2026-02-08 10:45:00,TRUE
6259,2026-10-20 14:45:00,FALSE
421,2027-01-26 14:45:00,FALSE
1145,2027-09-16 08:45:00,FALSE
7738,2026-11-16 16:15:00,FALSE
5313,2025-03-09 03:45:00,TRUE
6649,2026-12-04 03:30:00,FALSE
8489,2025-08-10 14:30:00,TRUE
5043,2027-02-04 00:30:00,FALSE
2633,2026-03-24 07:00:00,TRUE
2972,2025-09-13 08:45:00,TRUE
7715,2025-08-03 20:30:00,TRUE
755,2026-10-31 17:00:00,FALSE
2253,2025-04-20 22:00:00,TRUE
1475,2025-05-19 18:45:00,TRUE
7681,2026-08-31 10:15:00,FALSE
3678,2025-10-08 22:30:00,TRUE
4357,2025-04-17 21:30:00,TRUE
5146,2025-07-15 16:00:00,TRUE
1192,2027-10-20 02:00:00,FALSE
151,2026-12-29 22:45:00,FALSE
8179,2027-08-18 01:30:00,FALSE
9877,2026-05-07 01:00:00,TRUE
324,2026-05-07 05:00:00,TRUE
2164,2027-11-09 19:45:00,FALSE
7131,2027-04-08 02:15:00,FALSE
9163,2026-12-05 03:00:00,FALSE
9167,2026-09-25 20:30:00,FALSE
3881,2025-01-30 12:15:00,TRUE
4472,2025-07-12 17:30:00,TRUE
5241,2026-08-20 13:45:00,FALSE
929,2026-08-06 23:00:00,FALSE
9980,2025-03-02 13:15:00,TRUE
1558,2027-05-29 12:30:00,FALSE
8392,2027-03-30 10:30:00,FALSE
1317,2026-06-13 14:00:00,FALSE
3500,2025-12-03 08:30:00,TRUE
4638,2026-03-09 16:45:00,TRUE
9619,2027-10-31 03:45:00,FALSE
7335,2026-07-30 03:45:00,FALSE
3376,2026-06-12 06:45:00,FALSE
3966,2025-09-29 03:15:00,TRUE
4207,2025-07-13 07:30:00,TRUE
7308,2027-12-11 20:00:00,FALSE
7577,2027-03-05 06:30:00,FALSE
7594,2025-05-03 12:15:00,TRUE
5732,2026-08-20 17:00:00,FALSE
256,2027-01-18 10:45:00,FALSE
4252,2027-05-24 21:30:00,FALSE
1527,2025-10-09 03:15:00,TRUE
3749,2027-03-02 05:30:00,FALSE
6542,2026-02-01 21:45:00,TRUE
5504,2026-03-06 15:30:00,TRUE
2087,2026-01-17 17:00:00,TRUE
1277,2025-06-04 02:00:00,TRUE
3537,2026-02-08 08:45:00,TRUE
4410,2027-11-08 05:45:00,FALSE
403,2027-04-29 08:15:00,FALSE
81,2027-01-25 04:00:00,FALSE
4009,2026-11-15 15:45:00,FALSE
1092,2027-03-27 14:15:00,FALSE
6539,2025-07-15 14:00:00,TRUE
9676,2027-02-15 09:45:00,FALSE
8827,2025-03-04 21:00:00,TRUE
8256,2026-06-16 07:15:00,FALSE
9661,2026-01-23 19:00:00,TRUE
6454,2027-11-25 16:45:00,FALSE
9550,2027-05-21 07:00:00,FALSE
357,2027-05-03 05:45:00,FALSE
9174,2026-02-14 08:45:00,TRUE
5066,2026-12-01 00:30:00,FALSE
6893,2026-02-17 17:15:00,TRUE
9631,2027-01-06 00:15:00,FALSE
7395,2026-05-22 20:30:00,FALSE
7123,2027-05-24 22:15:00,FALSE
1952,2027-10-01 21:00:00,FALSE
2812,2025-11-19 03:00:00,TRUE
3730,2027-07-31 15:00:00,FALSE
2314,2027-12-28 06:30:00,FALSE
3480,2026-12-10 13:00:00,FALSE
8134,2025-06-09 04:30:00,TRUE
5069,2027-08-26 01:15:00,FALSE
9293,2027-05-10 00:00:00,FALSE
9920,2026-01-22 19:30:00,TRUE
8177,2026-10-04 17:15:00,FALSE
8051,2026-10-02 15:15:00,FALSE
6595,2025-01-02 11:00:00,TRUE
8957,2026-08-20 01:45:00,FALSE
1021,2025-07-21 16:15:00,TRUE
2591,2026-07-17 04:45:00,FALSE
7525,2025-12-29 06:15:00,TRUE
7226,2026-11-05 02:00:00,FALSE
2958,2026-02-19 08:15:00,TRUE
338,2027-11-15 11:15:00,FALSE
8486,2026-11-30 15:00:00,FALSE
8486,2026-02-22 18:45:00,TRUE
2189,2025-05-07 06:45:00,TRUE
2759,2026-08-17 14:45:00,FALSE
9655,2027-03-23 17:00:00,FALSE
9487,2025-04-09 09:15:00,TRUE
8164,2027-10-19 00:30:00,FALSE
9285,2025-07-07 16:30:00,TRUE
2676,2027-05-05 02:45:00,FALSE
1873,2025-09-12 18:00:00,TRUE
3615,2025-05-28 23:15:00,TRUE
3421,2026-03-02 00:15:00,TRUE
5598,2026-08-02 15:45:00,FALSE
2838,2025-01-08 20:45:00,TRUE
4175,2027-12-25 06:15:00,FALSE
4779,2026-04-22 07:00:00,TRUE
1602,2027-06-13 12:00:00,FALSE
9246,2027-02-12 10:45:00,FALSE
4683,2026-04-28 00:15:00,TRUE
9844,2025-09-09 06:00:00,TRUE
1311,2027-03-29 21:00:00,FALSE
1466,2027-03-28 11:45:00,FALSE
5633,2025-08-25 22:30:00,TRUE
7325,2027-07-19 13:45:00,FALSE
9972,2026-07-25 19:00:00,FALSE
8601,2026-01-30 21:00:00,TRUE
5628,2025-05-11 05:00:00,TRUE
8180,2026-09-22 11:30:00,FALSE
3190,2026-01-09 17:45:00,TRUE
4947,2026-12-30 14:15:00,FALSE
4534,2027-04-01 22:15:00,FALSE
7413,2025-04-01 15:00:00,TRUE
7289,2025-03-19 11:00:00,TRUE
8344,2026-05-24 15:00:00,FALSE
4526,2027-10-18 02:15:00,FALSE
2530,2026-06-20 20:00:00,FALSE
8163,2027-01-13 10:15:00,FALSE
7892,2027-06-15 08:15:00,FALSE
5657,2027-10-15 22:30:00,FALSE
9759,2026-11-22 05:15:00,FALSE
4381,2025-08-12 02:45:00,TRUE
3750,2025-11-16 15:45:00,TRUE
7097,2027-06-16 19:45:00,FALSE
2377,2026-02-11 07:45:00,TRUE
8422,2025-08-11 11:15:00,TRUE
1009,2026-07-01 20:45:00,FALSE
4206,2027-06-19 22:00:00,FALSE
8490,2026-07-27 00:30:00,FALSE
3539,2025-10-04 08:15:00,TRUE
2615,2026-05-09 19:45:00,TRUE
6497,2026-12-30 21:00:00,FALSE
4383,2025-01-14 11:00:00,TRUE
6575,2027-10-22 06:30:00,FALSE
2706,2026-07-19 19:30:00,FALSE
4788,2027-12-30 20:00:00,FALSE
9702,2025-06-20 13:45:00,TRUE
508,2025-08-23 08:45:00,TRUE
8594,2027-10-24 02:45:00,FALSE
8815,2025-09-14 21:45:00,TRUE
6194,2027-03-08 22:45:00,FALSE
2537,2025-02-04 04:45:00,TRUE
3458,2025-06-30 18:30:00,TRUE
9052,2025-03-31 10:00:00,TRUE
5466,2026-03-05 02:30:00,TRUE
9348,2026-04-07 11:15:00,TRUE
9995,2027-08-13 14:30:00,FALSE
5571,2026-06-26 10:00:00,FALSE
58,2027-07-30 08:00:00,FALSE
365,2027-06-21 14:45:00,FALSE
8587,2025-09-13 12:00:00,TRUE
9504,2027-02-10 04:30:00,FALSE
1223,2025-08-21 03:30:00,TRUE
7199,2026-09-09 12:45:00,FALSE
9087,2025-04-11 06:30:00,TRUE
2498,2026-04-15 11:45:00,TRUE
8959,2025-07-01 04:45:00,TRUE
5656,2025-05-02 19:45:00,TRUE
7,2026-05-13 00:15:00,TRUE
5505,2027-08-01 02:15:00,FALSE
1967,2026-05-09 19:30:00,TRUE
5593,2026-05-19 23:00:00,FALSE
7158,2026-06-16 06:00:00,FALSE
4128,2027-12-08 16:15:00,FALSE
8246,2025-06-13 11:45:00,TRUE
6004,2025-07-30 03:00:00,TRUE
8356,2026-01-17 14:30:00,TRUE
4552,2027-03-13 17:15:00,FALSE
2480,2026-03-11 15:45:00,TRUE
3887,2027-03-28 16:30:00,FALSE
5998,2025-01-17 19:15:00,TRUE
4303,2025-10-02 14:00:00,TRUE
5316,2025-04-05 03:15:00,TRUE
8716,2025-11-11 04:00:00,TRUE
9345,2026-10-01 00:00:00,FALSE
4504,2026-10-14 21:30:00,FALSE
6641,2027-07-18 04:15:00,FALSE
4219,2026-09-04 23:30:00,FALSE
1296,2027-11-07 22:15:00,FALSE
5475,2025-10-17 15:30:00,TRUE
3528,2027-09-15 03:00:00,FALSE
8294,2025-08-22 03:30:00,TRUE
4939,2026-12-19 15:45:00,FALSE
8763,2025-02-04 20:45:00,TRUE
9633,2026-03-07 17:00:00,TRUE
7278,2026-05-18 10:30:00,FALSE
9729,2026-07-05 16:45:00,FALSE
5011,2027-08-30 02:15:00,FALSE
4910,2027-10-22 02:00:00,FALSE
5701,2025-03-01 03:30:00,TRUE
7049,2027-09-17 05:00:00,FALSE
1354,2026-04-22 07:45:00,TRUE
8393,2026-05-11 20:30:00,TRUE
5655,2027-07-13 12:45:00,FALSE
3711,2026-11-17 00:00:00,FALSE
8438,2027-12-07 21:15:00,FALSE
1489,2026-10-11 05:00:00,FALSE
2588,2025-07-29 19:30:00,TRUE
3032,2025-12-01 16:30:00,TRUE
2216,2026-02-28 19:15:00,TRUE
6911,2026-08-20 11:45:00,FALSE
5107,2026-02-10 01:00:00,TRUE
9571,2027-07-04 05:45:00,FALSE
7608,2027-10-11 16:30:00,FALSE
9330,2025-09-07 16:30:00,TRUE
2046,2026-07-20 05:45:00,FALSE
2612,2026-01-01 08:30:00,TRUE
1828,2027-10-22 00:30:00,FALSE
1664,2025-08-02 19:30:00,TRUE
8759,2026-04-04 00:00:00,TRUE
966,2025-05-02 21:15:00,TRUE
2566,2026-06-19 00:15:00,FALSE
3682,2026-07-04 20:15:00,FALSE
7055,2026-03-03 21:15:00,TRUE
2193,2026-08-26 12:30:00,FALSE
7051,2026-01-05 18:30:00,TRUE
8672,2026-01-12 08:15:00,TRUE
5425,2026-04-15 19:30:00,TRUE
9809,2026-02-22 13:30:00,TRUE
4213,2025-07-07 18:45:00,TRUE
9315,2026-03-12 04:45:00,TRUE
3166,2026-03-16 18:00:00,TRUE
531,2026-05-26 10:45:00,FALSE
4342,2026-01-25 16:15:00,TRUE
7429,2026-02-05 21:45:00,TRUE
4687,2027-08-31 14:30:00,FALSE
5918,2026-07-25 20:15:00,FALSE
1007,2025-10-12 04:00:00,TRUE
1141,2025-01-15 18:15:00,TRUE
6578,2025-03-10 08:00:00,TRUE
2551,2025-06-18 07:30:00,TRUE
5517,2025-12-12 21:00:00,TRUE
615,2025-06-21 22:30:00,TRUE
1243,2025-03-21 13:45:00,TRUE
2980,2026-12-20 15:00:00,FALSE
9411,2025-11-19 03:30:00,TRUE
3315,2027-08-28 21:30:00,FALSE
2912,2027-08-16 20:00:00,FALSE
69,2027-06-04 11:30:00,FALSE
4976,2027-12-29 07:15:00,FALSE
2275,2025-09-16 03:30:00,TRUE
8818,2027-03-28 19:15:00,FALSE
1067,2025-09-02 19:45:00,TRUE
8129,2027-05-19 15:30:00,FALSE
3228,2025-11-26 16:30:00,TRUE
3153,2027-07-14 22:30:00,FALSE
9418,2026-05-13 10:00:00,TRUE
9598,2026-10-18 18:45:00,FALSE
7445,2027-06-11 09:15:00,FALSE
2628,2025-08-15 12:30:00,TRUE
583,2025-07-01 20:15:00,TRUE
5818,2027-03-05 19:15:00,FALSE
4055,2025-04-12 15:30:00,TRUE
7123,2025-09-07 08:30:00,TRUE
2430,2025-09-11 16:00:00,TRUE
6506,2027-03-26 10:30:00,FALSE
6993,2026-06-30 12:00:00,FALSE
7279,2027-11-04 12:30:00,FALSE
8009,2026-08-09 23:00:00,FALSE
5012,2025-08-15 20:00:00,TRUE
2135,2026-08-18 12:00:00,FALSE
5533,2027-05-16 16:15:00,FALSE
8760,2026-02-01 14:00:00,TRUE
946,2026-03-15 10:00:00,TRUE
7729,2027-07-12 03:00:00,FALSE
8498,2027-09-27 21:30:00,FALSE
2243,2026-11-12 10:45:00,FALSE
6440,2026-03-28 08:45:00,TRUE
1352,2025-08-29 17:00:00,TRUE
1547,2026-01-12 23:15:00,TRUE
1797,2026-09-25 17:00:00,FALSE
3692,2027-11-21 06:30:00,FALSE
5262,2027-02-27 00:00:00,FALSE
7957,2025-07-22 05:15:00,TRUE
6727,2027-06-10 02:15:00,FALSE
1043,2026-07-28 12:30:00,FALSE
3197,2027-11-07 15:45:00,FALSE
143,2025-09-21 18:15:00,TRUE
7150,2025-03-04 07:15:00,TRUE
4074,2025-01-06 02:30:00,TRUE
3262,2025-07-15 11:15:00,TRUE
7278,2025-10-03 12:45:00,TRUE
3917,2027-11-28 18:30:00,FALSE
6553,2025-09-30 00:45:00,TRUE
7191,2025-05-16 20:15:00,TRUE
3055,2027-04-17 19:45:00,FALSE
1484,2026-08-23 22:00:00,FALSE
6597,2027-03-23 15:45:00,FALSE
2710,2027-07-02 22:30:00,FALSE
2018,2026-08-28 14:45:00,FALSE
5542,2025-01-03 05:30:00,TRUE
5624,2026-12-27 06:00:00,FALSE
7274,2025-09-18 03:00:00,TRUE
4645,2026-07-28 19:00:00,FALSE
6063,2025-07-27 13:30:00,TRUE
8178,2026-11-26 20:30:00,FALSE
1727,2026-01-25 23:45:00,TRUE
7121,2027-11-08 08:15:00,FALSE
8383,2025-02-27 07:00:00,TRUE
7704,2026-04-29 01:15:00,TRUE
8582,2026-05-06 10:45:00,TRUE
1219,2025-04-10 20:00:00,TRUE
4263,2025-07-23 03:15:00,TRUE
2399,2027-07-22 20:45:00,FALSE
8375,2025-02-14 20:45:00,TRUE
5886,2025-05-19 14:15:00,TRUE
3011,2027-05-08 16:00:00,FALSE
3020,2026-08-30 10:30:00,FALSE
3102,2025-06-04 21:15:00,TRUE
3987,2026-02-05 20:00:00,TRUE
7557,2026-06-03 20:45:00,FALSE
2638,2025-10-12 01:30:00,TRUE
1515,2026-02-26 02:00:00,TRUE
3758,2026-10-04 03:00:00,FALSE
8051,2027-09-30 11:30:00,FALSE
4226,2026-03-21 05:45:00,TRUE
9901,2027-07-22 04:15:00,FALSE
2264,2026-09-15 13:45:00,FALSE
5325,2027-03-22 11:30:00,FALSE
4496,2026-12-08 15:45:00,FALSE
8144,2027-03-04 12:45:00,FALSE
8328,2026-05-28 09:00:00,FALSE
3132,2027-01-14 05:30:00,FALSE
3865,2025-08-03 02:30:00,TRUE
7010,2026-03-12 14:45:00,TRUE
9430,2027-07-15 18:00:00,FALSE
6099,2025-09-01 03:00:00,TRUE
3432,2027-12-09 02:30:00,FALSE
4754,2027-11-16 05:15:00,FALSE
2262,2027-12-26 11:45:00,FALSE
5322,2026-04-26 03:15:00,TRUE
7724,2025-03-12 01:00:00,TRUE
4480,2026-04-02 19:45:00,TRUE
6392,2025-08-27 22:15:00,TRUE
137,2026-07-26 04:00:00,FALSE
3193,2027-03-09 22:15:00,FALSE
1866,2026-07-23 01:30:00,FALSE
102,2027-05-09 11:30:00,FALSE
8435,2025-02-17 16:15:00,TRUE
4094,2026-07-03 10:15:00,FALSE
6781,2027-09-28 05:30:00,FALSE
313,2025-02-10 23:00:00,TRUE
473,2027-06-14 08:00:00,FALSE
7092,2027-11-29 07:45:00,FALSE
4004,2026-05-30 13:45:00,FALSE
596,2026-12-22 18:45:00,FALSE
9561,2027-11-19 00:00:00,FALSE
9036,2025-10-01 22:00:00,TRUE
3311,2025-06-01 12:30:00,TRUE
6692,2026-12-02 03:15:00,FALSE
4093,2027-08-24 12:30:00,FALSE
1365,2025-10-26 22:30:00,TRUE
6189,2025-05-11 05:15:00,TRUE
1435,2027-07-05 11:15:00,FALSE
2016,2025-09-21 22:00:00,TRUE
8818,2025-02-10 10:45:00,TRUE
4231,2025-03-22 17:00:00,TRUE
8632,2026-07-15 01:00:00,FALSE
1926,2025-08-21 23:30:00,TRUE
6197,2025-08-17 03:30:00,TRUE
6499,2025-09-23 03:00:00,TRUE
3084,2026-11-21 16:15:00,FALSE
9598,2027-02-08 00:30:00,FALSE
8926,2026-10-17 15:45:00,FALSE
3457,2026-05-04 00:45:00,TRUE
5174,2025-07-14 19:00:00,TRUE
9506,2026-04-24 18:00:00,TRUE
4038,2025-11-08 07:00:00,TRUE
773,2025-01-30 01:15:00,TRUE
8049,2026-02-05 05:15:00,TRUE
4694,2025-01-04 23:30:00,TRUE
45,2025-08-31 13:15:00,TRUE
1080,2025-12-13 12:45:00,TRUE
1437,2026-08-29 17:00:00,FALSE
6853,2026-08-11 18:30:00,FALSE
4566,2026-09-20 15:30:00,FALSE
7491,2026-12-19 15:45:00,FALSE
904,2025-02-11 15:30:00,TRUE
225,2026-02-16 20:15:00,TRUE
7970,2025-10-25 05:45:00,TRUE
5412,2026-11-29 02:15:00,FALSE
7067,2027-09-20 08:00:00,FALSE
4686,2027-01-29 20:45:00,FALSE
9641,2025-09-02 09:15:00,TRUE
9732,2027-02-05 22:00:00,FALSE
7849,2026-01-17 15:45:00,TRUE
9616,2025-02-10 16:45:00,TRUE
1008,2027-03-29 11:00:00,FALSE
7785,2025-01-07 12:45:00,TRUE
9480,2027-06-02 09:15:00,FALSE
6975,2026-08-13 09:45:00,FALSE
5510,2026-03-06 19:15:00,TRUE
1308,2025-05-15 09:15:00,TRUE
8926,2025-03-01 07:00:00,TRUE
1031,2025-05-01 09:45:00,TRUE
3674,2025-08-24 00:45:00,TRUE
672,2025-05-03 18:15:00,TRUE
7972,2025-05-12 18:15:00,TRUE
6129,2025-09-07 02:15:00,TRUE
2317,2025-12-10 04:30:00,TRUE
1279,2027-07-20 02:30:00,FALSE
9600,2025-08-03 17:45:00,TRUE
7504,2027-06-04 10:15:00,FALSE
8329,2026-03-09 03:15:00,TRUE
2237,2025-10-10 07:30:00,TRUE
3430,2026-04-08 02:30:00,TRUE
6341,2025-11-16 09:00:00,TRUE
9048,2025-07-07 11:30:00,TRUE
491,2026-01-25 09:00:00,TRUE
258,2027-07-15 10:15:00,FALSE
9199,2026-05-05 22:30:00,TRUE
4749,2027-10-29 03:30:00,FALSE
2655,2026-12-20 12:30:00,FALSE
7776,2025-07-07 03:45:00,TRUE
2982,2027-01-23 11:30:00,FALSE
7579,2026-07-02 11:45:00,FALSE
6456,2025-02-23 12:15:00,TRUE
5545,2027-07-08 13:30:00,FALSE
5431,2025-10-22 12:45:00,TRUE
687,2027-08-25 06:15:00,FALSE
5640,2025-07-08 18:00:00,TRUE
6060,2027-11-25 06:15:00,FALSE
139,2026-05-03 05:45:00,TRUE
9958,2025-01-28 14:45:00,TRUE
8436,2027-02-10 06:15:00,FALSE
7797,2027-09-10 22:45:00,FALSE
4760,2027-08-24 22:45:00,FALSE
4821,2026-07-02 20:00:00,FALSE
5310,2027-05-19 07:00:00,FALSE
6060,2027-05-05 04:30:00,FALSE
8563,2026-02-15 07:00:00,TRUE
9894,2025-04-24 04:00:00,TRUE
1686,2027-06-16 17:00:00,FALSE
7112,2027-05-15 00:45:00,FALSE
3904,2026-03-06 21:00:00,TRUE
1550,2027-04-29 10:00:00,FALSE
4306,2027-08-31 09:45:00,FALSE
1897,2026-03-15 20:15:00,TRUE
4178,2026-12-03 04:30:00,FALSE
972,2026-02-02 06:30:00,TRUE
403,2027-11-17 16:45:00,FALSE
4340,2025-04-19 01:45:00,TRUE
9285,2026-08-14 09:45:00,FALSE
1373,2025-07-08 10:30:00,TRUE
4963,2027-02-19 17:30:00,FALSE
5199,2025-11-03 16:30:00,TRUE
4192,2026-09-13 12:15:00,FALSE
2533,2025-07-28 01:00:00,TRUE
4974,2026-02-11 14:45:00,TRUE
8109,2027-07-30 11:45:00,FALSE
7011,2027-10-30 08:45:00,FALSE
2006,2025-09-14 17:00:00,TRUE
3287,2025-10-27 06:15:00,TRUE
4346,2025-02-01 14:45:00,TRUE
7798,2025-08-13 11:00:00,TRUE
2036,2027-03-25 00:45:00,FALSE
2544,2026-09-12 07:00:00,FALSE
5615,2027-10-23 02:30:00,FALSE
2277,2025-02-24 02:15:00,TRUE
2777,2025-06-20 06:15:00,TRUE
5075,2026-05-18 11:15:00,FALSE
9021,2025-04-29 13:30:00,TRUE
4754,2025-03-23 17:00:00,TRUE
9228,2025-02-25 08:30:00,TRUE
8223,2026-08-30 03:15:00,FALSE
6806,2027-08-17 07:45:00,FALSE
3373,2025-08-05 10:00:00,TRUE
2383,2026-07-05 06:00:00,FALSE
1490,2025-02-04 11:00:00,TRUE
8883,2027-08-29 07:15:00,FALSE
5000,2027-12-04 07:45:00,FALSE
1660,2025-08-08 14:45:00,TRUE
5083,2026-11-01 14:30:00,FALSE
3824,2026-06-22 08:15:00,FALSE
561,2027-06-16 21:45:00,FALSE
6373,2027-10-19 13:00:00,FALSE
8948,2027-10-21 00:30:00,FALSE
6819,2025-04-30 09:15:00,TRUE
7809,2026-12-23 12:00:00,FALSE
2109,2025-02-12 19:30:00,TRUE
9814,2026-03-26 15:30:00,TRUE
7367,2027-12-24 01:15:00,FALSE
9545,2027-06-11 01:45:00,FALSE
5472,2026-11-01 14:30:00,FALSE
1318,2027-12-02 03:30:00,FALSE
6262,2027-09-24 02:15:00,FALSE
8575,2025-04-30 07:30:00,TRUE
5477,2025-01-13 21:15:00,TRUE
9795,2026-11-15 21:15:00,FALSE
6126,2027-05-24 17:45:00,FALSE
5434,2027-04-07 05:30:00,FALSE
7090,2025-01-10 13:00:00,TRUE
4786,2026-06-21 17:00:00,FALSE
3556,2025-03-31 09:15:00,TRUE
5614,2025-06-07 11:45:00,TRUE
904,2025-09-13 23:00:00,TRUE
1922,2026-07-31 12:15:00,FALSE
5259,2026-06-09 15:30:00,FALSE
6271,2026-06-17 19:15:00,FALSE
787,2027-11-14 09:45:00,FALSE
7025,2025-10-23 22:30:00,TRUE
3542,2027-04-30 19:45:00,FALSE
8139,2026-09-08 01:00:00,FALSE
2513,2025-02-26 10:30:00,TRUE
9447,2026-05-10 13:30:00,TRUE
7343,2025-05-14 07:45:00,TRUE
3819,2026-02-08 14:15:00,TRUE
4355,2027-11-04 21:15:00,FALSE
9866,2026-09-13 09:00:00,FALSE
6884,2025-08-28 15:00:00,TRUE
1421,2025-10-21 00:30:00,TRUE
6765,2025-04-13 06:00:00,TRUE
2900,2025-10-12 07:00:00,TRUE
1767,2025-11-01 14:30:00,TRUE
4007,2025-04-30 11:00:00,TRUE
1092,2025-07-21 17:00:00,TRUE
2872,2025-12-22 18:00:00,TRUE
1360,2025-11-24 15:30:00,TRUE
5918,2026-06-13 01:00:00,FALSE
6230,2026-07-19 17:30:00,FALSE
3881,2025-03-24 11:15:00,TRUE
3188,2025-11-01 00:00:00,TRUE
6058,2027-11-27 11:45:00,FALSE
6756,2025-05-30 03:15:00,TRUE
4678,2025-08-10 16:00:00,TRUE
7504,2025-12-15 00:45:00,TRUE
5618,2027-11-03 04:45:00,FALSE
6304,2027-10-14 14:45:00,FALSE
7112,2025-10-26 20:30:00,TRUE
8887,2026-10-25 11:30:00,FALSE
7251,2026-01-27 07:30:00,TRUE
891,2026-12-05 22:15:00,FALSE
1670,2025-01-23 17:45:00,TRUE
1532,2027-02-20 14:45:00,FALSE
7474,2026-08-07 03:45:00,FALSE
2025,2027-12-23 13:15:00,FALSE
5626,2026-01-15 14:00:00,TRUE
1565,2027-02-10 20:00:00,FALSE
6482,2026-01-19 03:00:00,TRUE
2173,2025-05-22 20:15:00,TRUE
4737,2025-03-24 05:45:00,TRUE
6633,2025-03-03 07:45:00,TRUE
9355,2025-01-19 13:00:00,TRUE
927,2027-04-29 02:00:00,FALSE
9737,2027-03-02 17:00:00,FALSE
2449,2026-09-15 23:15:00,FALSE
8440,2026-04-07 15:30:00,TRUE
6677,2027-05-06 02:15:00,FALSE
1688,2025-03-29 20:15:00,TRUE
6790,2026-10-31 19:45:00,FALSE
5372,2027-06-03 04:45:00,FALSE
9400,2025-03-16 10:15:00,TRUE
7995,2026-04-14 01:15:00,TRUE
8635,2027-10-04 13:45:00,FALSE
3553,2025-01-02 01:00:00,TRUE
5081,2027-02-12 03:00:00,FALSE
2480,2026-04-15 14:15:00,TRUE
4778,2026-07-23 16:00:00,FALSE
9778,2027-12-02 20:45:00,FALSE
4950,2025-10-27 14:00:00,TRUE
3992,2027-12-20 01:00:00,FALSE
6529,2026-01-14 08:30:00,TRUE
1084,2026-12-19 04:45:00,FALSE
8094,2027-12-10 17:00:00,FALSE
745,2027-08-31 18:30:00,FALSE
5209,2027-07-29 15:00:00,FALSE
1167,2025-12-20 01:15:00,TRUE
918,2027-12-18 11:15:00,FALSE
667,2026-04-23 06:00:00,TRUE
4827,2025-06-28 08:00:00,TRUE
4229,2027-01-25 01:15:00,FALSE
4277,2027-08-02 09:00:00,FALSE
5086,2027-03-27 15:45:00,FALSE
5020,2027-11-16 06:15:00,FALSE
8000,2027-03-16 12:00:00,FALSE
3426,2027-03-30 10:30:00,FALSE
8402,2025-12-27 17:00:00,TRUE
8746,2027-06-30 15:15:00,FALSE
5958,2025-08-03 14:30:00,TRUE
2546,2027-04-15 04:15:00,FALSE
6879,2026-02-25 21:00:00,TRUE
1044,2026-08-31 00:45:00,FALSE
4771,2026-01-19 12:30:00,TRUE
9334,2025-06-29 21:30:00,TRUE
3063,2027-09-27 05:00:00,FALSE
632,2026-02-25 20:15:00,TRUE
7709,2026-02-19 19:30:00,TRUE
10002,2026-01-15 09:00:00,TRUE
3732,2027-02-16 00:30:00,FALSE
7687,2025-10-18 14:30:00,TRUE
5744,2026-12-29 21:45:00,FALSE
3131,2025-10-18 23:00:00,TRUE
8319,2027-06-18 19:30:00,FALSE
931,2025-09-11 06:15:00,TRUE
7624,2026-02-13 04:45:00,TRUE
1905,2027-11-21 00:00:00,FALSE
1400,2026-03-22 04:30:00,TRUE
6874,2026-09-10 21:30:00,FALSE
1394,2025-03-09 09:15:00,TRUE
8157,2027-08-22 01:00:00,FALSE
1854,2027-06-12 16:15:00,FALSE
4048,2026-09-01 19:00:00,FALSE
5646,2026-04-29 06:45:00,TRUE
1004,2025-06-07 18:15:00,TRUE
4865,2026-04-28 17:45:00,TRUE
9746,2025-12-31 22:00:00,TRUE
585,2026-02-20 06:15:00,TRUE
2441,2025-12-13 19:15:00,TRUE
2529,2027-09-16 11:00:00,FALSE
6863,2027-07-18 14:45:00,FALSE
2713,2026-08-20 13:00:00,FALSE
8561,2027-12-31 18:30:00,FALSE
1212,2025-06-03 18:45:00,TRUE
5340,2025-10-28 12:45:00,TRUE
4519,2026-09-19 14:00:00,FALSE
3609,2025-08-08 07:00:00,TRUE
1766,2026-09-05 14:00:00,FALSE
9598,2026-05-10 01:15:00,TRUE
8318,2026-03-12 18:15:00,TRUE
6380,2025-03-21 23:45:00,TRUE
5404,2026-07-09 01:45:00,FALSE
7509,2026-10-01 19:00:00,FALSE
7475,2025-12-18 19:30:00,TRUE
407,2026-10-29 16:45:00,FALSE
4990,2026-06-09 13:45:00,FALSE
7618,2026-07-19 12:45:00,FALSE
6163,2025-08-01 10:30:00,TRUE
4937,2025-07-14 14:15:00,TRUE
7857,2027-06-20 15:00:00,FALSE
4068,2026-02-26 13:00:00,TRUE
9213,2027-09-22 07:15:00,FALSE
9751,2025-08-07 00:15:00,TRUE
7634,2027-01-19 00:45:00,FALSE
8656,2025-01-17 08:30:00,TRUE
7261,2027-08-28 02:15:00,FALSE
2815,2026-02-04 02:00:00,TRUE
2834,2026-12-31 23:00:00,FALSE
958,2025-10-28 13:15:00,TRUE
7339,2026-11-02 03:00:00,FALSE
5461,2027-06-25 20:45:00,FALSE
6129,2025-10-09 16:45:00,TRUE
2423,2027-08-05 02:30:00,FALSE
4560,2025-02-03 04:45:00,TRUE
5702,2025-05-12 08:30:00,TRUE
333,2026-03-15 19:15:00,TRUE
3297,2025-11-19 12:15:00,TRUE
2597,2025-06-21 16:15:00,TRUE
4748,2027-12-05 05:45:00,FALSE
9598,2026-12-26 17:00:00,FALSE
4904,2026-02-01 07:30:00,TRUE
7419,2025-07-17 23:45:00,TRUE
3039,2025-04-07 12:30:00,TRUE
9134,2026-01-23 16:45:00,TRUE
2738,2027-08-15 13:30:00,FALSE
7896,2026-03-31 20:30:00,TRUE
3295,2027-12-03 20:15:00,FALSE
847,2025-10-01 18:00:00,TRUE
1925,2025-11-14 05:30:00,TRUE
2285,2026-11-04 05:15:00,FALSE
1652,2026-02-09 22:30:00,TRUE
9801,2025-10-21 17:15:00,TRUE
2815,2027-05-22 11:30:00,FALSE
9825,2027-06-07 14:15:00,FALSE
6711,2026-07-22 02:00:00,FALSE
654,2026-11-24 15:15:00,FALSE
5730,2027-02-15 18:15:00,FALSE
4311,2026-04-17 16:00:00,TRUE
5019,2026-05-01 21:00:00,TRUE
6190,2026-11-01 12:00:00,FALSE
7622,2025-09-28 11:00:00,TRUE
4076,2025-05-29 01:00:00,TRUE
9055,2027-02-18 09:15:00,FALSE
3149,2026-10-17 08:30:00,FALSE
2323,2026-01-01 17:15:00,TRUE
1000,2025-01-07 16:00:00,TRUE
5300,2027-10-18 13:30:00,FALSE
8787,2025-06-04 11:45:00,TRUE
5016,2027-06-03 07:45:00,FALSE
1878,2026-09-13 03:45:00,FALSE
1651,2026-10-31 23:00:00,FALSE
9947,2027-01-04 15:00:00,FALSE
5086,2026-11-12 13:45:00,FALSE
6035,2026-02-11 13:45:00,TRUE
9201,2026-01-24 19:45:00,TRUE
6867,2027-09-06 13:15:00,FALSE
1794,2025-08-19 07:45:00,TRUE
2418,2027-03-06 13:00:00,FALSE
5601,2026-06-17 04:45:00,FALSE
4337,2026-12-13 16:00:00,FALSE
1479,2025-04-02 16:15:00,TRUE
7405,2027-06-29 01:30:00,FALSE
1028,2026-12-07 08:15:00,FALSE
1606,2027-06-15 18:15:00,FALSE
1001,2026-11-07 04:45:00,FALSE
4179,2027-02-01 23:00:00,FALSE
527,2025-12-16 21:15:00,TRUE
4002,2025-10-15 13:45:00,TRUE
7009,2027-09-07 18:45:00,FALSE
3720,2026-05-01 10:30:00,TRUE
5475,2025-01-15 13:45:00,TRUE
3210,2025-09-02 14:30:00,TRUE
5573,2026-02-20 19:00:00,TRUE
8553,2026-04-11 04:30:00,TRUE
7645,2026-09-17 23:15:00,FALSE
3020,2026-04-25 06:00:00,TRUE
723,2025-11-14 02:00:00,TRUE
3670,2026-01-11 07:15:00,TRUE
6893,2026-05-04 09:30:00,TRUE
4216,2026-09-20 10:30:00,FALSE
2385,2025-07-10 05:00:00,TRUE
1032,2025-05-19 02:45:00,TRUE
6804,2026-11-28 02:15:00,FALSE
3703,2026-08-07 18:15:00,FALSE
6032,2025-01-08 19:30:00,TRUE
5142,2026-08-27 16:30:00,FALSE
8249,2025-10-30 21:00:00,TRUE
2204,2027-05-08 18:15:00,FALSE
3072,2027-11-07 16:30:00,FALSE
1171,2027-09-06 10:30:00,FALSE
4158,2025-01-24 15:15:00,TRUE
936,2026-01-03 04:15:00,TRUE
5527,2026-02-13 09:45:00,TRUE
8425,2026-10-05 05:30:00,FALSE
4334,2026-12-09 20:45:00,FALSE
307,2027-01-26 16:30:00,FALSE
3796,2025-04-17 03:30:00,TRUE
8075,2027-04-05 20:30:00,FALSE
7649,2027-10-02 14:30:00,FALSE
22,2025-11-04 16:30:00,TRUE
6419,2025-12-07 20:00:00,TRUE
8228,2025-03-06 20:15:00,TRUE
2515,2027-08-11 18:00:00,FALSE
4805,2027-06-01 10:00:00,FALSE
58,2027-10-04 17:45:00,FALSE
6639,2025-02-21 04:30:00,TRUE
8440,2025-12-02 21:15:00,TRUE
7861,2027-03-06 14:00:00,FALSE
8685,2025-12-16 20:30:00,TRUE
7543,2025-04-22 04:15:00,TRUE
6145,2026-12-18 10:00:00,FALSE
8547,2025-06-26 02:00:00,TRUE
8124,2027-06-26 02:00:00,FALSE
1521,2025-05-30 11:00:00,TRUE
8751,2025-11-22 02:45:00,TRUE
4291,2027-05-05 17:45:00,FALSE
9391,2026-05-02 21:00:00,TRUE
3057,2027-07-12 06:30:00,FALSE
6771,2027-11-09 20:30:00,FALSE
3801,2025-02-02 00:15:00,TRUE
3036,2025-06-03 05:00:00,TRUE
5499,2026-07-15 09:45:00,FALSE
8044,2027-11-13 09:00:00,FALSE
5779,2027-03-17 23:00:00,FALSE
5777,2027-09-27 07:30:00,FALSE
3956,2027-05-03 18:15:00,FALSE
9440,2026-09-24 10:15:00,FALSE
2006,2027-03-10 03:15:00,FALSE
5194,2025-07-22 09:00:00,TRUE
1181,2025-03-28 03:30:00,TRUE
2248,2025-03-10 20:15:00,TRUE
1168,2026-09-23 10:15:00,FALSE
7112,2025-12-01 14:30:00,TRUE
2191,2027-07-24 22:00:00,FALSE
7502,2025-07-07 01:45:00,TRUE
209,2025-02-19 13:00:00,TRUE
1789,2027-02-07 10:00:00,FALSE
5809,2025-11-28 09:45:00,TRUE
1530,2025-12-07 03:00:00,TRUE
6288,2025-12-22 09:45:00,TRUE
1510,2025-09-08 10:45:00,TRUE
2285,2026-07-23 23:15:00,FALSE
1587,2027-11-22 20:30:00,FALSE
4804,2025-01-14 20:30:00,TRUE
3920,2026-12-07 06:15:00,FALSE
4254,2027-06-03 21:30:00,FALSE
8032,2027-07-24 11:00:00,FALSE
630,2027-07-01 10:00:00,FALSE
6351,2026-03-18 04:15:00,TRUE
999,2027-07-24 03:15:00,FALSE
8731,2027-06-27 00:15:00,FALSE
6902,2026-06-20 00:30:00,FALSE
3433,2027-11-24 17:30:00,FALSE
5345,2027-12-17 10:30:00,FALSE
5879,2027-06-26 07:45:00,FALSE
9808,2025-10-17 01:45:00,TRUE
1527,2027-10-10 00:30:00,FALSE
7012,2025-10-17 14:45:00,TRUE
2890,2026-09-17 21:15:00,FALSE
6644,2027-06-04 13:30:00,FALSE
2980,2026-09-07 04:30:00,FALSE
7992,2027-04-11 14:00:00,FALSE
649,2027-09-01 15:00:00,FALSE
5737,2025-01-07 05:15:00,TRUE
5795,2027-03-31 21:30:00,FALSE
2175,2025-05-04 21:45:00,TRUE
898,2026-04-09 15:00:00,TRUE
409,2025-05-11 12:15:00,TRUE
2655,2026-11-22 18:45:00,FALSE
6690,2025-08-07 05:45:00,TRUE
4459,2025-03-02 03:00:00,TRUE
9961,2026-01-29 17:45:00,TRUE
6062,2026-11-01 01:15:00,FALSE
1565,2026-06-18 06:45:00,FALSE
2587,2025-04-13 09:30:00,TRUE
7330,2027-01-31 11:00:00,FALSE
6827,2025-06-12 07:15:00,TRUE
3032,2025-06-21 11:45:00,TRUE
792,2027-09-20 14:30:00,FALSE
1124,2027-06-23 11:15:00,FALSE
2403,2027-12-03 16:30:00,FALSE
2870,2026-10-23 11:00:00,FALSE
7301,2027-02-17 09:00:00,FALSE
8377,2026-01-12 00:00:00,TRUE
6305,2026-05-17 04:45:00,FALSE
3281,2027-12-08 12:00:00,FALSE
5893,2026-09-13 06:15:00,FALSE
5994,2025-02-24 02:45:00,TRUE
264,2027-12-06 20:30:00,FALSE
1253,2026-05-21 07:30:00,FALSE
3806,2027-07-29 14:15:00,FALSE
9619,2025-12-06 15:30:00,TRUE
6298,2026-05-28 17:45:00,FALSE
8774,2027-03-30 01:15:00,FALSE
3575,2027-11-22 02:15:00,FALSE
468,2027-08-20 03:30:00,FALSE
4883,2027-01-18 16:15:00,FALSE
7749,2026-12-28 09:45:00,FALSE
1128,2026-03-24 14:45:00,TRUE
5640,2025-11-23 13:45:00,TRUE
5510,2025-06-01 13:30:00,TRUE
2101,2026-11-07 05:00:00,FALSE
9142,2025-05-14 15:30:00,TRUE
2098,2026-12-30 23:30:00,FALSE
55,2025-03-01 00:15:00,TRUE
7410,2027-10-04 09:45:00,FALSE
5577,2026-04-24 03:30:00,TRUE
9240,2027-02-02 20:00:00,FALSE
7063,2025-09-02 02:45:00,TRUE
1211,2025-07-30 05:45:00,TRUE
1969,2025-06-24 23:15:00,TRUE
9527,2026-09-10 15:45:00,FALSE
6586,2026-11-19 20:00:00,FALSE
3289,2026-02-03 11:00:00,TRUE
7096,2025-02-10 09:00:00,TRUE
1437,2025-03-19 10:30:00,TRUE
3101,2027-09-25 23:45:00,FALSE
2521,2026-05-07 11:00:00,TRUE
898,2027-01-20 23:45:00,FALSE
5145,2026-05-08 20:30:00,TRUE
217,2027-02-11 11:30:00,FALSE
6706,2026-07-28 00:00:00,FALSE
5705,2027-12-18 12:15:00,FALSE
1379,2027-06-20 23:15:00,FALSE
1709,2026-03-25 07:45:00,TRUE
4843,2027-12-13 23:45:00,FALSE
5491,2027-02-08 21:15:00,FALSE
2054,2025-12-10 04:15:00,TRUE
2696,2027-05-23 08:45:00,FALSE
5401,2025-07-13 19:45:00,TRUE
9379,2027-04-04 05:15:00,FALSE
6310,2027-07-17 07:45:00,FALSE
3434,2027-03-14 03:15:00,FALSE
8419,2025-04-22 14:45:00,TRUE
9241,2027-09-11 02:15:00,FALSE
527,2025-05-24 16:00:00,TRUE
1725,2027-02-04 22:30:00,FALSE
7820,2026-04-12 03:00:00,TRUE
4750,2026-12-12 07:30:00,FALSE
2952,2025-02-14 16:45:00,TRUE
8854,2025-03-12 05:45:00,TRUE
902,2026-12-25 22:15:00,FALSE
1691,2027-09-06 05:30:00,FALSE
1753,2025-03-19 21:15:00,TRUE
1306,2025-07-15 08:45:00,TRUE
1086,2026-07-06 19:00:00,FALSE
3914,2025-07-27 18:00:00,TRUE
415,2027-08-29 19:45:00,FALSE
2426,2027-01-24 03:45:00,FALSE
7313,2025-05-23 12:45:00,TRUE
3839,2027-06-26 04:30:00,FALSE
9800,2027-09-26 12:15:00,FALSE
995,2027-10-19 15:30:00,FALSE
859,2026-12-02 22:30:00,FALSE
234,2027-03-23 14:45:00,FALSE
1462,2027-04-28 07:15:00,FALSE
571,2027-08-22 00:30:00,FALSE
3570,2026-05-27 20:00:00,FALSE
9142,2025-04-28 18:30:00,TRUE
7230,2027-11-14 14:00:00,FALSE
5655,2025-10-24 01:45:00,TRUE
1312,2026-01-29 22:15:00,TRUE
305,2027-05-08 22:00:00,FALSE
4187,2025-10-30 23:45:00,TRUE
106,2027-11-29 00:30:00,FALSE
7119,2027-10-02 13:00:00,FALSE
6320,2025-04-14 22:15:00,TRUE
5355,2027-04-23 22:30:00,FALSE
4167,2026-09-22 22:30:00,FALSE
3901,2025-05-29 11:30:00,TRUE
2498,2025-06-11 04:45:00,TRUE
1140,2025-12-30 19:30:00,TRUE
1314,2026-01-27 03:30:00,TRUE
4551,2027-03-07 10:45:00,FALSE
7585,2026-09-13 02:30:00,FALSE
1884,2027-01-09 16:00:00,FALSE
8216,2026-05-12 08:00:00,TRUE
9641,2025-11-21 10:30:00,TRUE
3071,2026-06-08 18:00:00,FALSE
8866,2026-08-02 11:30:00,FALSE
1686,2027-09-01 19:15:00,FALSE
4524,2027-11-21 01:15:00,FALSE
5942,2025-10-01 13:45:00,TRUE
6688,2026-08-16 02:45:00,FALSE
2357,2027-11-11 08:00:00,FALSE
7757,2027-04-16 23:45:00,FALSE
4467,2027-01-22 15:45:00,FALSE
1416,2027-01-17 13:00:00,FALSE
8115,2025-01-18 22:15:00,TRUE
7443,2027-12-04 04:00:00,FALSE
3129,2025-10-15 15:15:00,TRUE
4601,2025-06-23 20:15:00,TRUE
8235,2026-08-24 10:15:00,FALSE
8797,2025-06-07 16:45:00,TRUE
1549,2026-10-15 11:00:00,FALSE
479,2025-02-22 07:30:00,TRUE
2500,2027-03-21 15:45:00,FALSE
7495,2026-10-03 12:00:00,FALSE
5977,2027-08-07 01:45:00,FALSE
4320,2025-07-20 08:45:00,TRUE
8971,2026-11-01 12:30:00,FALSE
7087,2026-06-18 16:15:00,FALSE
1597,2027-02-06 13:30:00,FALSE
7190,2025-11-26 17:30:00,TRUE
8268,2026-11-06 07:00:00,FALSE
8408,2027-12-04 11:45:00,FALSE
3400,2025-05-21 05:45:00,TRUE
4423,2026-12-22 23:45:00,FALSE
131,2027-03-07 00:00:00,FALSE
6442,2025-12-31 11:00:00,TRUE
8051,2027-04-25 09:45:00,FALSE
8757,2027-10-02 14:45:00,FALSE
9414,2026-11-29 10:00:00,FALSE
8413,2026-11-23 00:00:00,FALSE
8983,2026-10-18 11:30:00,FALSE
3288,2025-09-29 23:30:00,TRUE
1528,2026-06-04 14:00:00,FALSE
2709,2025-05-26 06:30:00,TRUE
6304,2026-09-29 11:00:00,FALSE
6922,2026-05-23 06:45:00,FALSE
7772,2027-11-28 02:30:00,FALSE
3681,2026-03-20 22:45:00,TRUE
3076,2026-04-28 14:30:00,TRUE
8579,2025-05-10 11:30:00,TRUE
8262,2025-12-18 19:45:00,TRUE
7294,2025-03-09 05:15:00,TRUE
7714,2027-04-11 04:45:00,FALSE
63,2026-03-11 20:00:00,TRUE
152,2027-03-04 15:00:00,FALSE
3402,2027-06-04 09:15:00,FALSE
9660,2027-06-20 06:30:00,FALSE
3733,2025-12-29 01:15:00,TRUE
2086,2025-12-08 01:30:00,TRUE
5820,2025-10-26 12:45:00,TRUE
5996,2026-09-01 20:00:00,FALSE
2928,2027-01-08 00:15:00,FALSE
6709,2025-10-02 04:45:00,TRUE
5612,2027-03-25 19:15:00,FALSE
9451,2025-03-17 07:45:00,TRUE
8394,2025-03-08 07:30:00,TRUE
5165,2025-05-23 12:30:00,TRUE
6291,2026-04-23 06:15:00,TRUE
9909,2026-01-24 17:30:00,TRUE
8621,2026-09-14 04:00:00,FALSE
3957,2027-10-13 10:45:00,FALSE
3801,2025-11-07 07:15:00,TRUE
1006,2025-09-30 16:45:00,TRUE
5795,2026-12-16 03:00:00,FALSE
5593,2025-12-28 10:45:00,TRUE
5756,2025-07-15 21:00:00,TRUE
4775,2026-09-17 04:15:00,FALSE
109,2026-04-08 08:15:00,TRUE
4602,2027-06-23 21:30:00,FALSE
9359,2026-12-24 01:45:00,FALSE
8247,2026-03-16 08:15:00,TRUE
5971,2026-08-30 19:30:00,FALSE
1562,2026-11-19 12:45:00,FALSE
8704,2026-08-25 16:00:00,FALSE
1232,2025-06-22 18:30:00,TRUE
4857,2027-12-03 19:15:00,FALSE
4068,2027-01-11 17:15:00,FALSE
9145,2027-04-11 14:00:00,FALSE
563,2026-10-13 09:15:00,FALSE
5446,2027-04-17 11:45:00,FALSE
9595,2027-03-17 23:15:00,FALSE
8636,2025-10-10 04:00:00,TRUE
8151,2025-10-26 19:00:00,TRUE
930,2025-02-06 05:45:00,TRUE
8155,2027-07-31 12:30:00,FALSE
5193,2026-03-18 02:00:00,TRUE
8349,2025-09-01 09:00:00,TRUE
4574,2026-04-27 21:30:00,TRUE
2131,2026-12-31 14:00:00,FALSE
3351,2027-07-02 18:00:00,FALSE
4428,2025-04-18 07:15:00,TRUE
7121,2026-03-04 00:15:00,TRUE
8430,2027-03-20 12:30:00,FALSE
8081,2025-01-26 11:15:00,TRUE
453,2026-05-09 12:45:00,TRUE
5088,2026-12-27 01:00:00,FALSE
9842,2025-04-24 10:00:00,TRUE
5847,2026-07-26 08:30:00,FALSE
3088,2026-03-26 23:15:00,TRUE
2378,2026-01-04 14:45:00,TRUE
7114,2027-09-20 13:00:00,FALSE
7820,2026-04-30 02:00:00,TRUE
8638,2025-11-15 17:45:00,TRUE
2686,2025-01-09 07:15:00,TRUE
3283,2027-04-02 22:30:00,FALSE
7639,2025-05-16 17:00:00,TRUE
5619,2027-01-19 19:30:00,FALSE
3706,2027-07-04 04:15:00,FALSE
1994,2026-06-19 19:30:00,FALSE
462,2026-03-19 20:45:00,TRUE
5147,2026-04-09 00:00:00,TRUE
9463,2026-11-26 04:00:00,FALSE
2346,2025-02-12 22:30:00,TRUE
2538,2025-08-25 01:30:00,TRUE
1144,2027-04-20 17:15:00,FALSE
3615,2025-05-23 18:15:00,TRUE
322,2027-05-22 00:15:00,FALSE
8075,2027-06-20 23:15:00,FALSE
2759,2027-07-02 04:00:00,FALSE
6499,2025-03-27 22:45:00,TRUE
2972,2025-01-30 13:15:00,TRUE
130,2027-12-26 00:00:00,FALSE
4271,2026-11-03 17:30:00,FALSE
9738,2026-05-21 03:30:00,FALSE
9151,2026-05-11 20:30:00,TRUE
235,2025-05-22 13:15:00,TRUE
9348,2025-06-26 07:45:00,TRUE
7734,2026-05-15 10:15:00,TRUE
908,2027-10-20 20:00:00,FALSE
4545,2025-12-17 10:00:00,TRUE
2442,2026-04-12 17:00:00,TRUE
8470,2027-05-08 18:30:00,FALSE
2025,2027-02-05 08:45:00,FALSE
5012,2027-05-24 10:15:00,FALSE
6364,2025-02-18 00:15:00,TRUE
1098,2027-05-14 20:15:00,FALSE
9411,2027-11-02 23:00:00,FALSE
2786,2026-10-20 22:30:00,FALSE
7807,2025-12-28 05:45:00,TRUE
3777,2026-04-17 16:15:00,TRUE
6191,2026-01-30 03:15:00,TRUE
946,2026-11-07 01:00:00,FALSE
9774,2025-06-11 21:45:00,TRUE
6492,2027-05-16 18:15:00,FALSE
5600,2027-05-09 07:15:00,FALSE
1358,2026-03-15 05:00:00,TRUE
518,2027-11-19 17:15:00,FALSE
2362,2027-11-29 09:00:00,FALSE
4046,2025-07-22 05:00:00,TRUE
9371,2027-08-09 17:15:00,FALSE
5809,2027-09-09 16:45:00,FALSE
508,2026-10-20 21:00:00,FALSE
7745,2027-10-14 19:30:00,FALSE
636,2026-05-23 20:45:00,FALSE
1448,2027-11-01 04:15:00,FALSE
9818,2027-02-27 10:15:00,FALSE
3037,2026-08-30 22:15:00,FALSE
9461,2025-12-18 16:00:00,TRUE
9436,2025-06-13 01:00:00,TRUE
765,2026-12-08 12:30:00,FALSE
2949,2027-04-25 16:00:00,FALSE
249,2027-07-29 16:15:00,FALSE
5449,2027-12-25 08:15:00,FALSE
1435,2027-03-11 22:15:00,FALSE
3854,2025-06-03 12:00:00,TRUE
3032,2025-09-17 12:45:00,TRUE
8131,2027-10-09 01:00:00,FALSE
1026,2025-06-26 16:45:00,TRUE
1175,2027-07-27 09:30:00,FALSE
7503,2026-06-13 17:00:00,FALSE
8049,2026-05-21 12:00:00,FALSE
1147,2027-04-19 20:15:00,FALSE
4025,2027-08-25 16:00:00,FALSE
1114,2027-10-28 12:45:00,FALSE
6128,2027-10-26 16:45:00,FALSE
3005,2027-11-17 12:30:00,FALSE
7045,2027-09-18 05:00:00,FALSE
6701,2025-07-19 02:45:00,TRUE
340,2025-11-03 10:30:00,TRUE
6464,2026-12-04 18:30:00,FALSE
4497,2026-01-13 19:00:00,TRUE
6230,2027-12-26 15:30:00,FALSE
3313,2025-01-20 11:45:00,TRUE
884,2025-04-22 07:15:00,TRUE
3790,2025-01-22 01:00:00,TRUE
1808,2026-12-05 10:45:00,FALSE
406,2025-02-01 22:00:00,TRUE
6549,2026-05-03 19:00:00,TRUE
7114,2027-02-04 21:15:00,FALSE
7410,2026-02-24 04:45:00,TRUE
9745,2027-09-25 21:30:00,FALSE
193,2025-08-23 09:15:00,TRUE
9916,2025-06-10 10:30:00,TRUE
6220,2026-11-08 06:45:00,FALSE
8409,2027-11-28 02:15:00,FALSE
248,2027-11-18 20:30:00,FALSE
8123,2025-03-18 09:30:00,TRUE
6054,2025-11-12 02:30:00,TRUE
3183,2025-10-07 20:45:00,TRUE
5946,2025-04-02 18:30:00,TRUE
248,2026-07-14 03:00:00,FALSE
4007,2025-05-25 14:15:00,TRUE
4758,2027-09-15 11:30:00,FALSE
8278,2026-07-16 15:15:00,FALSE
3841,2025-04-13 10:00:00,TRUE
8935,2026-07-26 07:15:00,FALSE
5630,2025-10-05 03:45:00,TRUE
5484,2025-03-20 07:30:00,TRUE
5584,2027-01-29 17:45:00,FALSE
4472,2025-01-03 19:00:00,TRUE
3995,2026-03-07 21:15:00,TRUE
1101,2027-11-04 14:45:00,FALSE
1885,2026-07-31 17:15:00,FALSE
2239,2026-07-09 11:45:00,FALSE
9150,2026-08-13 10:45:00,FALSE
7478,2027-11-09 16:30:00,FALSE
3631,2027-05-15 01:15:00,FALSE
4010,2027-11-18 08:30:00,FALSE
4632,2025-09-05 10:45:00,TRUE
7719,2027-11-15 14:15:00,FALSE
8293,2026-11-26 02:00:00,FALSE
184,2025-01-27 22:00:00,TRUE
3284,2025-01-15 04:30:00,TRUE
9074,2027-10-06 16:15:00,FALSE
6060,2027-01-31 11:15:00,FALSE
8900,2027-07-31 01:15:00,FALSE
1843,2025-06-02 03:00:00,TRUE
2912,2026-07-06 13:15:00,FALSE
4198,2027-01-10 09:00:00,FALSE
6784,2026-03-28 09:45:00,TRUE
7939,2027-03-14 23:00:00,FALSE
9210,2025-09-18 03:15:00,TRUE
3147,2026-04-30 09:45:00,TRUE
4337,2027-01-19 10:45:00,FALSE
8481,2027-10-15 04:00:00,FALSE
6096,2027-09-06 20:00:00,FALSE
4493,2027-06-08 17:15:00,FALSE
6661,2027-02-20 18:30:00,FALSE
6635,2025-05-22 06:30:00,TRUE
8746,2027-06-08 15:30:00,FALSE
1387,2025-08-11 05:15:00,TRUE
6492,2025-03-24 04:30:00,TRUE
9944,2026-05-08 03:30:00,TRUE
4853,2027-01-31 19:30:00,FALSE
6373,2027-08-28 16:30:00,FALSE
757,2027-01-03 02:30:00,FALSE
2404,2027-06-04 10:30:00,FALSE
815,2027-06-14 03:45:00,FALSE
6733,2025-02-13 02:45:00,TRUE
8810,2025-02-14 21:30:00,TRUE
7998,2027-06-17 17:00:00,FALSE
5198,2025-06-23 02:45:00,TRUE
7031,2026-12-16 14:30:00,FALSE
4599,2025-01-31 12:00:00,TRUE
4739,2025-04-02 00:00:00,TRUE
5082,2027-01-14 16:30:00,FALSE
5669,2026-01-20 06:15:00,TRUE
4669,2026-05-10 04:15:00,TRUE
5445,2025-07-06 20:45:00,TRUE
7776,2026-01-07 08:00:00,TRUE
1712,2026-10-16 20:00:00,FALSE
813,2027-09-27 12:00:00,FALSE
4498,2027-10-07 14:45:00,FALSE
1284,2025-07-29 05:15:00,TRUE
5815,2027-02-20 18:30:00,FALSE
9294,2025-12-24 16:45:00,TRUE
3601,2025-03-19 04:00:00,TRUE
2253,2025-05-05 03:00:00,TRUE
7810,2027-10-09 22:15:00,FALSE
5508,2027-12-27 21:00:00,FALSE
332,2026-01-05 12:15:00,TRUE
2570,2027-02-01 09:00:00,FALSE
5212,2025-08-24 12:00:00,TRUE
8865,2025-06-14 01:00:00,TRUE
7606,2026-09-29 00:15:00,FALSE
2710,2026-03-28 14:00:00,TRUE
1322,2027-01-11 17:45:00,FALSE
4199,2026-03-21 06:45:00,TRUE
715,2026-11-18 11:15:00,FALSE
8364,2026-02-17 16:00:00,TRUE
71,2027-12-12 03:00:00,FALSE
959,2025-12-19 19:30:00,TRUE
4747,2025-03-05 05:30:00,TRUE
4868,2025-11-28 14:15:00,TRUE
9827,2027-11-05 11:00:00,FALSE
8610,2025-05-14 15:00:00,TRUE
1250,2025-01-05 16:30:00,TRUE
3617,2027-01-15 17:00:00,FALSE
621,2025-01-30 11:15:00,TRUE
276,2025-06-23 03:15:00,TRUE
9171,2025-11-08 14:00:00,TRUE
2281,2026-03-03 04:15:00,TRUE
7896,2026-05-10 04:15:00,TRUE
4288,2026-06-14 05:45:00,FALSE
8728,2026-10-26 18:00:00,FALSE
1394,2027-08-08 11:45:00,FALSE
2804,2026-06-11 07:00:00,FALSE
1086,2027-11-29 12:30:00,FALSE
2610,2026-06-19 10:00:00,FALSE
9406,2025-06-22 22:30:00,TRUE
6161,2027-03-10 15:45:00,FALSE
9931,2027-12-10 06:15:00,FALSE
1911,2027-10-18 09:00:00,FALSE
751,2026-08-16 02:45:00,FALSE
6347,2026-06-21 14:45:00,FALSE
7781,2025-05-13 21:00:00,TRUE
365,2027-01-10 23:00:00,FALSE
1765,2025-02-27 13:45:00,TRUE
7385,2026-02-27 02:30:00,TRUE
745,2026-06-24 07:00:00,FALSE
7138,2025-10-13 02:15:00,TRUE
4600,2027-11-05 04:00:00,FALSE
1807,2027-03-25 16:00:00,FALSE
3990,2026-12-14 15:15:00,FALSE
7528,2025-09-01 03:00:00,TRUE
1256,2025-01-03 08:45:00,TRUE
1979,2026-01-16 12:00:00,TRUE
2418,2026-07-03 17:45:00,FALSE
4666,2025-12-11 01:45:00,TRUE
1209,2025-12-02 17:00:00,TRUE
11,2026-01-27 04:45:00,TRUE
1593,2025-05-07 14:00:00,TRUE
8134,2025-05-30 06:30:00,TRUE
3012,2026-01-04 13:15:00,TRUE
9175,2025-05-25 03:45:00,TRUE
7609,2025-12-02 20:30:00,TRUE
9820,2027-08-15 00:15:00,FALSE
3409,2027-08-17 05:45:00,FALSE
9478,2025-06-30 01:45:00,TRUE
5250,2027-03-07 19:45:00,FALSE
9977,2026-11-10 08:00:00,FALSE
1957,2025-07-24 10:15:00,TRUE
3398,2026-04-12 11:00:00,TRUE
8788,2026-11-21 20:15:00,FALSE
7538,2025-01-28 00:30:00,TRUE
5372,2027-01-19 21:00:00,FALSE
1111,2027-09-14 01:45:00,FALSE
8859,2025-04-11 09:15:00,TRUE
1275,2025-03-11 14:30:00,TRUE
1787,2025-01-16 17:15:00,TRUE
6011,2026-01-03 21:15:00,TRUE
7924,2026-04-21 06:15:00,TRUE
1293,2027-09-08 13:30:00,FALSE
6342,2025-07-26 04:30:00,TRUE
4513,2025-06-04 11:00:00,TRUE
1599,2027-02-03 09:15:00,FALSE
6054,2027-09-24 11:45:00,FALSE
4724,2026-10-15 02:15:00,FALSE
813,2026-03-26 09:00:00,TRUE
4994,2027-02-17 22:15:00,FALSE
1539,2026-04-26 07:15:00,TRUE
2354,2027-09-14 04:30:00,FALSE
4745,2026-09-03 22:00:00,FALSE
4833,2027-09-03 07:00:00,FALSE
5295,2025-04-09 02:00:00,TRUE
1809,2027-07-11 08:00:00,FALSE
7531,2025-12-08 07:15:00,TRUE
3106,2027-07-18 05:30:00,FALSE
4285,2027-04-26 12:30:00,FALSE
1098,2027-01-25 16:45:00,FALSE
1735,2025-07-23 23:30:00,TRUE
7303,2025-07-04 17:00:00,TRUE
4282,2027-06-02 19:00:00,FALSE
7936,2026-06-14 00:30:00,FALSE
3058,2027-04-15 23:15:00,FALSE
2722,2026-11-08 16:00:00,FALSE
2995,2027-07-17 06:15:00,FALSE
1107,2027-09-30 05:45:00,FALSE
5478,2027-08-02 03:00:00,FALSE
7094,2026-11-27 08:45:00,FALSE
6193,2025-10-24 02:00:00,TRUE
1161,2025-09-01 08:30:00,TRUE
2407,2025-09-22 11:15:00,TRUE
8146,2025-09-23 15:45:00,TRUE
9325,2025-07-23 04:15:00,TRUE
6127,2025-06-26 03:45:00,TRUE
2237,2026-03-26 00:15:00,TRUE
5174,2025-02-04 11:00:00,TRUE
4534,2026-05-25 18:15:00,FALSE
9143,2025-02-22 01:00:00,TRUE
286,2027-05-30 16:45:00,FALSE
4453,2027-03-01 04:45:00,FALSE
3674,2026-02-23 11:15:00,TRUE
8452,2025-12-20 11:45:00,TRUE
2114,2025-04-07 13:15:00,TRUE
1272,2027-06-05 15:30:00,FALSE
113,2026-12-05 16:30:00,FALSE
5788,2025-05-08 16:15:00,TRUE
3036,2026-01-29 19:15:00,TRUE
5021,2027-01-25 07:15:00,FALSE
4444,2026-11-07 15:00:00,FALSE
980,2026-04-13 19:45:00,TRUE
1421,2026-02-14 17:00:00,TRUE
6250,2026-09-17 12:30:00,FALSE
5325,2025-04-10 00:00:00,TRUE
547,2026-05-13 18:45:00,TRUE
7078,2027-12-17 22:15:00,FALSE
1331,2025-01-31 07:45:00,TRUE
6714,2026-03-24 04:45:00,TRUE
9137,2026-02-16 09:45:00,TRUE
6717,2026-01-27 22:30:00,TRUE
3350,2025-11-05 23:15:00,TRUE
6604,2026-02-25 07:00:00,TRUE
8513,2027-11-25 22:15:00,FALSE
1476,2027-11-23 17:00:00,FALSE
2820,2027-03-12 23:15:00,FALSE
8586,2025-09-03 14:30:00,TRUE
8443,2027-09-15 19:30:00,FALSE
899,2025-10-04 16:00:00,TRUE
2570,2027-09-24 21:45:00,FALSE
1975,2027-10-26 23:00:00,FALSE
6135,2027-11-19 06:15:00,FALSE
7999,2025-10-06 08:45:00,TRUE
1338,2027-12-23 10:00:00,FALSE
389,2027-06-09 02:00:00,FALSE
1525,2026-07-09 04:45:00,FALSE
1054,2025-06-05 16:15:00,TRUE
7996,2027-03-22 02:30:00,FALSE
1688,2027-09-28 13:30:00,FALSE
136,2026-11-22 20:15:00,FALSE
7796,2026-09-23 08:15:00,FALSE
7075,2026-11-29 01:45:00,FALSE
6007,2027-01-13 19:15:00,FALSE
9197,2026-10-11 16:15:00,FALSE
825,2025-05-06 04:00:00,TRUE
930,2025-10-14 19:45:00,TRUE
8174,2026-03-03 20:30:00,TRUE
366,2025-09-08 08:15:00,TRUE
5124,2025-12-05 22:30:00,TRUE
4376,2027-11-17 14:00:00,FALSE
5182,2027-06-16 18:00:00,FALSE
4657,2026-11-13 01:45:00,FALSE
3752,2027-01-15 06:00:00,FALSE
7537,2025-12-07 03:15:00,TRUE
741,2025-10-12 08:45:00,TRUE
1643,2026-04-21 18:15:00,TRUE
9406,2025-10-30 23:30:00,TRUE
9293,2025-04-02 11:00:00,TRUE
5916,2027-10-23 12:45:00,FALSE
271,2026-09-09 21:00:00,FALSE
8528,2026-08-17 17:30:00,FALSE
9736,2026-03-01 10:00:00,TRUE
6778,2027-05-15 15:15:00,FALSE
9794,2027-03-12 01:45:00,FALSE
7215,2027-05-07 20:00:00,FALSE
4489,2026-01-15 03:45:00,TRUE
1539,2026-11-24 16:15:00,FALSE
3777,2026-07-04 02:00:00,FALSE
6412,2025-03-14 07:30:00,TRUE
8268,2026-10-28 12:00:00,FALSE
7766,2026-04-02 04:00:00,TRUE
8529,2026-01-21 03:45:00,TRUE
8483,2027-11-26 10:30:00,FALSE
8611,2027-07-29 20:15:00,FALSE
3946,2027-05-20 17:15:00,FALSE
7652,2025-06-27 21:15:00,TRUE
9584,2027-07-01 18:00:00,FALSE
4914,2027-08-28 00:15:00,FALSE
415,2025-05-19 20:15:00,TRUE
7174,2027-07-16 00:15:00,FALSE
1019,2025-03-18 11:45:00,TRUE
1253,2025-10-13 11:45:00,TRUE
8225,2025-07-24 20:00:00,TRUE
6496,2025-09-01 15:45:00,TRUE
4844,2026-01-04 16:00:00,TRUE
5453,2025-03-27 11:45:00,TRUE
2612,2027-07-14 02:00:00,FALSE
11,2026-12-09 18:45:00,FALSE
8987,2025-12-18 21:30:00,TRUE
8987,2026-08-17 09:45:00,FALSE
3985,2026-01-12 11:00:00,TRUE
7988,2027-06-18 21:45:00,FALSE
693,2027-04-10 01:45:00,FALSE
5810,2026-08-04 12:45:00,FALSE
3959,2025-02-16 06:45:00,TRUE
4316,2027-02-22 09:30:00,FALSE
9518,2025-12-27 20:00:00,TRUE
5924,2026-02-14 15:30:00,TRUE
793,2026-11-02 01:00:00,FALSE
7504,2027-07-20 23:00:00,FALSE
9542,2027-12-31 16:30:00,FALSE
4591,2027-04-18 21:30:00,FALSE
9165,2027-07-24 17:30:00,FALSE
9580,2025-02-25 19:00:00,TRUE
5546,2025-03-18 14:45:00,TRUE
5780,2027-09-09 10:30:00,FALSE
1907,2026-02-10 12:45:00,TRUE
1491,2027-11-27 01:30:00,FALSE
6935,2027-02-25 12:00:00,FALSE
7771,2027-04-18 08:45:00,FALSE
2809,2025-12-02 12:15:00,TRUE
1959,2027-11-20 01:00:00,FALSE
762,2026-09-24 20:15:00,FALSE
4989,2025-05-13 22:15:00,TRUE
2340,2026-05-08 15:00:00,TRUE
1831,2025-02-18 22:00:00,TRUE
7880,2027-07-13 20:30:00,FALSE
9287,2027-10-01 08:00:00,FALSE
3264,2025-01-18 13:30:00,TRUE
6036,2026-01-15 18:15:00,TRUE
9761,2027-01-12 00:15:00,FALSE
21,2025-05-02 17:15:00,TRUE
8576,2027-05-03 16:00:00,FALSE
8729,2025-03-31 14:15:00,TRUE
9801,2026-07-22 01:30:00,FALSE
5200,2025-07-03 11:30:00,TRUE
4771,2027-10-25 13:45:00,FALSE
4731,2026-07-01 19:45:00,FALSE
4273,2027-07-04 19:15:00,FALSE
6027,2027-07-19 08:00:00,FALSE
6696,2026-07-06 18:30:00,FALSE
8655,2026-03-11 13:15:00,TRUE
3869,2027-04-22 17:15:00,FALSE
7153,2025-10-17 05:15:00,TRUE
9957,2027-04-21 04:30:00,FALSE
7249,2025-10-31 16:45:00,TRUE
1806,2026-09-17 06:15:00,FALSE
4611,2026-07-10 04:00:00,FALSE
6331,2027-10-08 20:15:00,FALSE
4370,2025-09-16 15:00:00,TRUE
9728,2026-07-12 05:30:00,FALSE
6123,2027-06-18 13:00:00,FALSE
9381,2027-04-27 13:30:00,FALSE
8636,2027-01-06 19:30:00,FALSE
4591,2027-09-25 23:30:00,FALSE
3957,2027-12-06 23:00:00,FALSE
1973,2026-11-09 18:15:00,FALSE
913,2027-06-06 15:30:00,FALSE
8091,2026-02-01 21:45:00,TRUE
1508,2026-07-04 01:30:00,FALSE
121,2025-03-19 15:30:00,TRUE
8574,2025-02-03 05:30:00,TRUE
5924,2025-10-03 16:30:00,TRUE
2832,2026-02-18 15:30:00,TRUE
7987,2027-09-02 19:45:00,FALSE
4030,2025-02-10 22:30:00,TRUE
5139,2025-04-29 15:15:00,TRUE
9100,2025-07-01 22:30:00,TRUE
4485,2026-06-12 11:30:00,FALSE
1226,2027-11-15 22:45:00,FALSE
5357,2027-09-26 03:00:00,FALSE
225,2026-12-08 00:30:00,FALSE
2478,2027-08-21 06:30:00,FALSE
5669,2025-12-25 18:15:00,TRUE
3726,2025-09-12 13:30:00,TRUE
6298,2025-01-13 00:30:00,TRUE
6796,2025-11-07 18:00:00,TRUE
2484,2026-05-25 12:45:00,FALSE
4267,2026-07-05 00:45:00,FALSE
6921,2027-11-13 01:00:00,FALSE
2738,2025-12-08 19:00:00,TRUE
6252,2025-08-12 16:00:00,TRUE
819,2025-06-08 06:45:00,TRUE
9174,2025-06-14 20:00:00,TRUE
3358,2027-12-01 08:30:00,FALSE
2967,2027-05-21 18:00:00,FALSE
2961,2025-07-24 16:30:00,TRUE
3254,2026-05-01 22:15:00,TRUE
2060,2025-06-21 22:15:00,TRUE
8936,2025-04-17 03:15:00,TRUE
5908,2025-12-08 10:00:00,TRUE
5283,2025-04-09 23:00:00,TRUE
1587,2025-07-30 04:45:00,TRUE
2165,2027-10-17 14:15:00,FALSE
785,2025-01-28 10:15:00,TRUE
9349,2027-04-30 07:45:00,FALSE
402,2026-06-17 22:30:00,FALSE
7339,2026-12-28 03:45:00,FALSE
6003,2025-11-08 23:00:00,TRUE
2229,2027-10-06 04:30:00,FALSE
2004,2025-07-20 00:45:00,TRUE
9639,2026-11-15 12:45:00,FALSE
9563,2025-02-20 04:45:00,TRUE
8803,2026-09-09 11:15:00,FALSE
3052,2026-12-15 19:30:00,FALSE
8936,2025-12-15 02:00:00,TRUE
9793,2026-03-15 06:00:00,TRUE
8230,2025-01-16 14:45:00,TRUE
4512,2025-09-25 15:00:00,TRUE
6541,2025-06-04 20:00:00,TRUE
9499,2025-01-10 15:30:00,TRUE
3080,2027-08-03 20:00:00,FALSE
4930,2026-03-12 18:00:00,TRUE
671,2027-01-20 05:00:00,FALSE
3447,2025-09-07 17:15:00,TRUE
8434,2025-05-28 21:30:00,TRUE
2344,2025-10-10 10:15:00,TRUE
5691,2025-03-12 20:30:00,TRUE
4119,2025-12-10 00:00:00,TRUE
8513,2026-11-10 17:45:00,FALSE
7348,2025-02-09 10:45:00,TRUE
2263,2026-05-25 09:15:00,FALSE
8610,2027-12-11 17:00:00,FALSE
7829,2027-06-26 19:15:00,FALSE
9634,2025-01-15 18:15:00,TRUE
620,2025-10-26 20:45:00,TRUE
7858,2025-02-23 11:15:00,TRUE
8922,2025-04-05 21:00:00,TRUE
2154,2025-07-17 11:45:00,TRUE
9761,2026-01-28 06:45:00,TRUE
4794,2026-01-16 09:45:00,TRUE
8047,2025-10-30 01:15:00,TRUE
6917,2027-01-03 06:00:00,FALSE
9238,2027-03-28 01:45:00,FALSE
1490,2026-12-16 00:00:00,FALSE
8907,2027-12-04 17:30:00,FALSE
9852,2025-02-07 05:00:00,TRUE
8395,2027-03-06 08:15:00,FALSE
7646,2025-03-13 09:00:00,TRUE
1694,2027-01-07 06:45:00,FALSE
5556,2026-06-04 13:45:00,FALSE
5352,2025-12-15 13:30:00,TRUE
6540,2026-02-16 13:30:00,TRUE
5800,2026-01-31 23:45:00,TRUE
8512,2027-04-01 09:30:00,FALSE
6547,2027-08-03 09:00:00,FALSE
4857,2026-07-26 22:00:00,FALSE
1866,2026-04-18 04:00:00,TRUE
4421,2026-07-06 13:15:00,FALSE
4671,2027-08-30 00:00:00,FALSE
164,2025-06-12 23:45:00,TRUE
639,2027-11-19 16:30:00,FALSE
5158,2025-08-16 11:00:00,TRUE
3556,2026-01-17 06:15:00,TRUE
5127,2026-04-13 18:30:00,TRUE
6861,2025-10-27 07:30:00,TRUE
6294,2025-09-23 16:00:00,TRUE
785,2026-02-27 11:30:00,TRUE
3089,2025-04-12 18:45:00,TRUE
9052,2026-07-19 13:00:00,FALSE
5577,2027-12-08 16:15:00,FALSE
1062,2027-12-14 21:00:00,FALSE
50,2025-07-28 22:15:00,TRUE
6439,2025-02-27 20:45:00,TRUE
6309,2027-04-04 07:15:00,FALSE
3835,2026-11-14 07:15:00,FALSE
801,2025-09-30 19:00:00,TRUE
1272,2027-05-22 21:00:00,FALSE
1289,2027-09-30 12:00:00,FALSE
2523,2026-02-04 01:45:00,TRUE
3523,2025-06-23 01:00:00,TRUE
7322,2025-01-08 21:00:00,TRUE
3633,2026-02-28 07:45:00,TRUE
2931,2026-12-23 08:00:00,FALSE
214,2026-04-12 14:00:00,TRUE
161,2026-04-05 23:00:00,TRUE
6987,2025-08-06 17:30:00,TRUE
8200,2025-06-29 20:30:00,TRUE
3764,2027-04-27 11:45:00,FALSE
5661,2026-12-18 17:45:00,FALSE
4995,2025-06-15 06:30:00,TRUE
9005,2025-03-16 18:30:00,TRUE
4374,2027-08-19 01:45:00,FALSE
2008,2027-11-14 01:30:00,FALSE
1689,2027-07-20 07:45:00,FALSE
1684,2025-07-16 20:15:00,TRUE
2257,2025-06-05 16:45:00,TRUE
9575,2027-01-06 21:45:00,FALSE
6141,2025-10-22 10:45:00,TRUE
3365,2026-09-23 17:15:00,FALSE
794,2025-03-19 04:15:00,TRUE
8154,2026-01-06 09:30:00,TRUE
7834,2027-06-09 12:30:00,FALSE
4445,2026-06-28 15:45:00,FALSE
2035,2025-04-17 17:30:00,TRUE
5225,2026-01-10 01:00:00,TRUE
3670,2026-05-22 22:45:00,FALSE
7389,2025-09-15 03:30:00,TRUE
6933,2025-11-29 16:15:00,TRUE
3194,2025-11-15 01:45:00,TRUE
7494,2025-06-13 12:00:00,TRUE
8520,2025-11-09 15:15:00,TRUE
7921,2025-05-08 15:45:00,TRUE
4947,2026-06-04 13:45:00,FALSE
8909,2026-09-30 12:30:00,FALSE
3437,2026-05-08 13:30:00,TRUE
7198,2027-06-24 08:00:00,FALSE
1814,2025-07-04 09:00:00,TRUE
7140,2026-03-23 01:15:00,TRUE
774,2025-09-16 03:30:00,TRUE
527,2027-06-03 13:30:00,FALSE
1049,2026-06-21 06:30:00,FALSE
2699,2025-07-04 02:30:00,TRUE
2200,2026-03-24 19:00:00,TRUE
7445,2027-09-07 13:00:00,FALSE
6778,2026-04-23 23:00:00,TRUE
1130,2026-10-11 20:30:00,FALSE
1150,2026-02-18 12:15:00,TRUE
9237,2026-05-12 13:15:00,TRUE
3058,2025-04-29 06:30:00,TRUE
7855,2025-12-12 02:15:00,TRUE
3035,2026-07-19 22:45:00,FALSE
1785,2026-06-22 09:45:00,FALSE
8872,2026-05-31 10:00:00,FALSE
8669,2026-05-04 05:15:00,TRUE
341,2026-11-26 19:15:00,FALSE
8528,2027-04-27 18:30:00,FALSE
2611,2026-06-20 23:15:00,FALSE
7464,2026-11-30 21:15:00,FALSE
4148,2027-12-18 01:30:00,FALSE
3560,2027-02-06 00:00:00,FALSE
6503,2025-10-14 09:15:00,TRUE
4741,2027-12-07 21:15:00,FALSE
6928,2026-12-07 21:15:00,FALSE
9142,2025-03-23 15:00:00,TRUE
8884,2027-12-20 03:15:00,FALSE
5613,2026-10-29 00:15:00,FALSE
1610,2026-03-12 20:15:00,TRUE
986,2026-06-28 16:45:00,FALSE
7498,2027-05-15 10:00:00,FALSE
9002,2026-06-07 04:45:00,FALSE
6669,2025-04-04 08:30:00,TRUE
3533,2026-04-09 10:15:00,TRUE
9010,2025-08-17 14:30:00,TRUE
4741,2025-01-09 01:15:00,TRUE
7905,2027-04-16 11:15:00,FALSE
9997,2025-08-29 01:30:00,TRUE
7720,2027-04-16 15:15:00,FALSE
7814,2027-03-20 01:30:00,FALSE
8353,2025-07-30 08:15:00,TRUE
1269,2026-08-07 18:30:00,FALSE
5202,2026-06-28 19:45:00,FALSE
1251,2025-10-29 19:45:00,TRUE
1790,2025-08-25 06:00:00,TRUE
6745,2027-07-07 20:45:00,FALSE
6212,2025-09-04 07:15:00,TRUE
946,2025-04-22 08:00:00,TRUE
9481,2025-04-23 20:30:00,TRUE
7419,2027-09-16 23:30:00,FALSE
5802,2027-08-06 01:45:00,FALSE
2225,2026-04-02 17:45:00,TRUE
2270,2026-02-19 18:00:00,TRUE
5590,2025-09-22 07:15:00,TRUE
5915,2026-05-12 06:30:00,TRUE
8006,2025-06-26 07:15:00,TRUE
2485,2027-12-01 05:30:00,FALSE
5001,2027-03-26 04:30:00,FALSE
6811,2025-08-22 15:30:00,TRUE
2667,2027-02-12 17:30:00,FALSE
296,2027-06-27 19:30:00,FALSE
9180,2027-03-30 22:15:00,FALSE
3903,2027-07-07 17:45:00,FALSE
3455,2025-08-12 19:00:00,TRUE
2414,2025-07-30 16:00:00,TRUE
5427,2025-03-12 01:30:00,TRUE
949,2027-06-01 08:30:00,FALSE
9764,2025-02-27 09:30:00,TRUE
1039,2027-06-11 23:30:00,FALSE
9604,2025-12-14 12:30:00,TRUE
4154,2027-05-10 06:45:00,FALSE
5800,2026-02-27 22:15:00,TRUE
5001,2025-12-20 23:00:00,TRUE
6928,2027-06-28 01:15:00,FALSE
288,2025-04-04 12:45:00,TRUE
4838,2025-06-20 09:00:00,TRUE
1328,2026-02-17 16:45:00,TRUE
5427,2027-12-18 19:00:00,FALSE
1980,2025-11-30 15:45:00,TRUE
8301,2025-10-03 18:15:00,TRUE
3029,2027-02-09 08:15:00,FALSE
6505,2025-10-21 17:15:00,TRUE
5733,2027-10-06 14:45:00,FALSE
8497,2025-08-20 11:00:00,TRUE
3763,2026-10-06 16:45:00,FALSE
959,2025-01-15 15:45:00,TRUE
2967,2025-03-29 18:15:00,TRUE
2532,2027-02-08 03:15:00,FALSE
2966,2027-03-08 01:45:00,FALSE
5043,2026-08-20 07:00:00,FALSE
3123,2026-08-31 07:30:00,FALSE
3074,2026-05-17 15:30:00,FALSE
3790,2026-07-22 11:15:00,FALSE
7120,2025-04-05 00:30:00,TRUE
803,2025-01-29 04:30:00,TRUE
3795,2026-04-25 23:15:00,TRUE
1167,2025-04-27 20:15:00,TRUE
9790,2025-11-15 23:45:00,TRUE
2390,2025-02-18 14:30:00,TRUE
9340,2027-10-19 08:00:00,FALSE
8475,2025-10-26 10:30:00,TRUE
3083,2027-02-25 10:00:00,FALSE
8002,2026-09-28 06:00:00,FALSE
9872,2027-03-30 12:45:00,FALSE
6242,2027-12-04 01:30:00,FALSE
4205,2026-04-14 08:00:00,TRUE
10009,2026-12-14 10:45:00,FALSE
1229,2025-07-16 17:30:00,TRUE
6543,2026-05-05 02:00:00,TRUE
3507,2027-01-14 10:00:00,FALSE
3927,2027-07-14 09:30:00,FALSE
4104,2027-12-16 20:30:00,FALSE
4715,2027-07-19 02:15:00,FALSE
8588,2027-06-24 10:45:00,FALSE
608,2026-07-18 04:15:00,FALSE
5980,2026-08-01 03:00:00,FALSE
5399,2027-09-30 03:00:00,FALSE
5003,2026-03-05 03:15:00,TRUE
5162,2027-03-19 14:30:00,FALSE
8846,2025-03-11 08:30:00,TRUE
6488,2026-05-18 09:00:00,FALSE
1733,2027-04-28 22:15:00,FALSE
4710,2027-11-22 10:00:00,FALSE
1082,2026-08-02 14:45:00,FALSE
5269,2026-07-30 06:15:00,FALSE
1203,2025-11-27 20:45:00,TRUE
8946,2025-11-17 16:30:00,TRUE
4613,2026-04-15 08:15:00,TRUE
4570,2026-02-21 01:15:00,TRUE
838,2026-06-24 20:30:00,FALSE
5727,2026-01-31 12:30:00,TRUE
348,2027-11-14 13:15:00,FALSE
8315,2025-08-09 08:30:00,TRUE
8398,2027-01-01 00:15:00,FALSE
1695,2026-12-08 06:45:00,FALSE
5012,2027-02-21 10:45:00,FALSE
5932,2027-11-24 07:15:00,FALSE
8216,2026-01-15 01:45:00,TRUE
8855,2026-12-11 10:45:00,FALSE
3485,2025-09-10 03:15:00,TRUE
3606,2027-10-20 09:15:00,FALSE
524,2027-09-17 00:45:00,FALSE
6785,2026-07-09 07:30:00,FALSE
2449,2026-07-15 07:15:00,FALSE
7665,2027-01-07 23:15:00,FALSE
4469,2025-09-05 16:45:00,TRUE
9504,2025-07-08 01:15:00,TRUE
1397,2027-09-16 06:30:00,FALSE
8466,2026-01-11 04:15:00,TRUE
8967,2026-02-23 16:45:00,TRUE
9463,2025-08-06 06:45:00,TRUE
9799,2027-04-27 06:45:00,FALSE
520,2025-10-30 18:00:00,TRUE
9230,2026-02-09 01:45:00,TRUE
3345,2025-01-27 23:30:00,TRUE
6550,2027-12-15 01:00:00,FALSE
2981,2025-01-16 06:30:00,TRUE
8198,2027-09-02 08:45:00,FALSE
8182,2027-05-12 13:45:00,FALSE
1422,2027-08-23 00:15:00,FALSE
8610,2026-09-13 01:45:00,FALSE
3315,2027-01-03 04:30:00,FALSE
2490,2027-03-14 04:30:00,FALSE
6709,2025-03-16 00:45:00,TRUE
6852,2027-03-02 08:30:00,FALSE
3182,2026-04-10 15:30:00,TRUE
7329,2026-12-31 09:30:00,FALSE
7385,2025-05-19 16:45:00,TRUE
7701,2026-11-04 00:30:00,FALSE
5338,2025-07-13 10:45:00,TRUE
8157,2026-07-28 10:15:00,FALSE
7004,2025-11-24 01:30:00,TRUE
4490,2025-12-16 17:30:00,TRUE
9521,2025-10-04 09:15:00,TRUE
5096,2025-07-22 18:00:00,TRUE
8656,2027-01-15 10:30:00,FALSE
8966,2026-09-08 00:45:00,FALSE
9570,2025-08-14 03:30:00,TRUE
2276,2026-11-03 21:30:00,FALSE
1378,2026-08-17 17:00:00,FALSE
4138,2025-08-06 20:15:00,TRUE
9655,2025-05-02 22:30:00,TRUE
6874,2027-02-16 01:00:00,FALSE
7936,2026-05-09 21:00:00,TRUE
1246,2027-02-06 21:15:00,FALSE
9830,2025-10-20 14:45:00,TRUE
6109,2027-04-23 16:30:00,FALSE
6173,2026-07-17 08:45:00,FALSE
7577,2026-12-04 18:30:00,FALSE
6818,2025-12-28 22:30:00,TRUE
5482,2025-03-18 14:45:00,TRUE
6587,2026-07-21 20:30:00,FALSE
695,2026-04-20 22:15:00,TRUE
8383,2027-02-01 11:00:00,FALSE
6780,2026-08-29 17:45:00,FALSE
2559,2026-04-02 23:30:00,TRUE
7971,2025-04-15 18:30:00,TRUE
5235,2025-11-28 22:00:00,TRUE
6406,2027-06-13 00:00:00,FALSE
9045,2026-11-01 06:30:00,FALSE
3706,2026-04-22 03:00:00,TRUE
9910,2027-10-30 14:30:00,FALSE
2967,2025-12-26 17:15:00,TRUE
7208,2027-12-07 19:30:00,FALSE
5179,2025-04-23 06:00:00,TRUE
943,2027-05-14 02:15:00,FALSE
1098,2026-09-17 16:00:00,FALSE
9920,2025-05-14 15:00:00,TRUE
8334,2025-10-30 03:45:00,TRUE
8772,2027-12-08 20:15:00,FALSE
1432,2025-05-09 22:30:00,TRUE
6539,2026-03-26 02:15:00,TRUE
8023,2026-06-02 12:00:00,FALSE
3574,2026-06-08 20:45:00,FALSE
2953,2026-10-12 10:15:00,FALSE
4605,2027-11-26 23:15:00,FALSE
8265,2025-05-09 13:15:00,TRUE
8908,2027-09-09 07:15:00,FALSE
3940,2027-01-03 07:00:00,FALSE
6865,2026-12-14 03:45:00,FALSE
2870,2026-07-24 18:30:00,FALSE
700,2025-01-25 00:45:00,TRUE
1492,2025-07-21 04:45:00,TRUE
338,2027-05-04 10:15:00,FALSE
3889,2025-11-08 15:45:00,TRUE
1425,2025-03-05 10:45:00,TRUE
5142,2026-05-17 02:15:00,FALSE
7302,2026-01-14 07:15:00,TRUE
6432,2027-07-17 06:15:00,FALSE
3956,2025-02-16 04:30:00,TRUE
6131,2027-06-16 14:15:00,FALSE
2673,2026-12-18 19:15:00,FALSE
9555,2026-04-30 08:30:00,TRUE
3781,2027-03-12 19:30:00,FALSE
8419,2026-02-05 22:15:00,TRUE
8359,2027-06-26 15:15:00,FALSE
3979,2025-04-10 09:30:00,TRUE
1899,2026-01-23 20:30:00,TRUE
8049,2025-06-14 12:30:00,TRUE
379,2026-11-28 16:30:00,FALSE
7733,2027-11-10 13:45:00,FALSE
7520,2025-03-19 21:00:00,TRUE
7985,2026-02-17 10:15:00,TRUE
401,2027-07-19 06:00:00,FALSE
7078,2026-08-08 06:45:00,FALSE
3945,2027-01-01 05:30:00,FALSE
7284,2027-01-25 22:00:00,FALSE
1381,2026-03-24 23:45:00,TRUE
8444,2026-10-07 16:00:00,FALSE
575,2027-05-29 09:00:00,FALSE
8481,2025-11-22 18:15:00,TRUE
4054,2025-06-22 19:45:00,TRUE
6376,2026-08-19 20:45:00,FALSE
9029,2027-04-28 16:15:00,FALSE
5167,2025-10-27 04:00:00,TRUE
4537,2026-02-11 18:00:00,TRUE
5716,2026-05-23 04:00:00,FALSE
2209,2025-09-06 01:45:00,TRUE
5745,2027-05-12 05:15:00,FALSE
2617,2027-04-01 18:15:00,FALSE
8614,2025-06-13 16:00:00,TRUE
6768,2025-09-03 02:30:00,TRUE
8312,2026-09-23 19:45:00,FALSE
5886,2025-05-12 15:30:00,TRUE
7449,2026-08-24 01:00:00,FALSE
7953,2027-10-24 08:30:00,FALSE
2469,2027-01-09 17:00:00,FALSE
8238,2025-02-01 00:30:00,TRUE
8693,2027-07-02 17:00:00,FALSE
6446,2027-09-29 18:15:00,FALSE
8640,2026-04-19 02:00:00,TRUE
2390,2025-06-30 14:15:00,TRUE
2460,2025-09-11 04:00:00,TRUE
8097,2026-11-24 10:30:00,FALSE
5801,2025-06-27 05:00:00,TRUE
4992,2025-09-17 01:30:00,TRUE
8021,2027-06-05 15:30:00,FALSE
5030,2027-04-05 10:30:00,FALSE
56,2027-10-29 00:30:00,FALSE
5322,2027-10-15 08:45:00,FALSE
8189,2025-09-20 13:30:00,TRUE
1383,2026-05-31 05:30:00,FALSE
2435,2026-05-19 08:45:00,FALSE
6453,2025-04-16 05:00:00,TRUE
956,2025-03-31 03:15:00,TRUE
1553,2025-12-22 06:45:00,TRUE
3358,2027-05-31 19:45:00,FALSE
7489,2025-03-15 00:15:00,TRUE
5802,2026-01-23 05:00:00,TRUE
3216,2026-11-21 10:00:00,FALSE
6454,2027-11-20 07:15:00,FALSE
3568,2027-11-07 11:00:00,FALSE
7821,2026-07-31 16:45:00,FALSE
6069,2026-10-07 15:45:00,FALSE
6583,2027-02-23 16:30:00,FALSE
1786,2026-03-10 06:15:00,TRUE
1549,2027-02-02 21:15:00,FALSE
3216,2027-11-10 00:45:00,FALSE
319,2027-03-25 04:45:00,FALSE
4864,2026-09-03 01:30:00,FALSE
9731,2027-07-18 01:30:00,FALSE
5022,2026-01-15 05:30:00,TRUE
3705,2026-04-05 04:45:00,TRUE
1615,2026-12-03 21:30:00,FALSE
3458,2026-07-04 12:30:00,FALSE
3580,2025-09-11 08:30:00,TRUE
1473,2025-03-19 14:00:00,TRUE
7924,2025-03-13 01:30:00,TRUE
7985,2025-11-14 05:15:00,TRUE
8304,2027-04-15 06:15:00,FALSE
9359,2027-01-11 03:00:00,FALSE
1766,2027-11-06 21:00:00,FALSE
4669,2026-11-06 22:00:00,FALSE
565,2026-07-15 22:15:00,FALSE
6325,2025-12-07 10:30:00,TRUE
5991,2025-11-16 10:45:00,TRUE
3797,2025-12-12 04:30:00,TRUE
2525,2027-07-13 07:45:00,FALSE
5303,2026-01-07 17:00:00,TRUE
5375,2026-11-27 14:30:00,FALSE
6135,2025-01-04 20:00:00,TRUE
3800,2027-09-14 08:00:00,FALSE
4589,2025-02-27 15:45:00,TRUE
6583,2027-01-22 05:15:00,FALSE
3435,2025-11-15 09:30:00,TRUE
4668,2026-01-18 23:45:00,TRUE
2375,2025-06-17 17:00:00,TRUE
1276,2027-03-14 13:15:00,FALSE
8217,2027-05-06 23:45:00,FALSE
9485,2025-12-04 08:00:00,TRUE
8185,2026-07-13 09:15:00,FALSE
9449,2026-01-30 02:15:00,TRUE
6622,2027-01-12 17:30:00,FALSE
714,2025-07-17 16:00:00,TRUE
7596,2025-01-29 14:15:00,TRUE
7835,2026-07-24 17:45:00,FALSE
5974,2026-02-15 02:00:00,TRUE
2942,2027-03-26 12:30:00,FALSE
7091,2027-08-30 11:30:00,FALSE
5091,2025-03-29 17:00:00,TRUE
8153,2025-12-16 21:15:00,TRUE
6040,2027-02-27 18:45:00,FALSE
2753,2026-06-19 11:15:00,FALSE
2457,2025-12-20 01:15:00,TRUE
9534,2025-05-06 22:30:00,TRUE
6906,2025-04-22 22:15:00,TRUE
3805,2027-12-19 02:45:00,FALSE
9135,2027-06-29 12:15:00,FALSE
3565,2027-08-28 02:45:00,FALSE
9961,2026-10-09 00:45:00,FALSE
5263,2026-07-03 10:15:00,FALSE
8498,2027-09-01 03:15:00,FALSE
9661,2025-03-15 09:30:00,TRUE
2616,2025-10-06 11:45:00,TRUE
5562,2025-01-09 22:45:00,TRUE
8484,2027-01-14 03:45:00,FALSE
1013,2026-07-27 13:00:00,FALSE
7805,2025-12-21 17:30:00,TRUE
6994,2026-05-08 03:30:00,TRUE
1723,2027-11-29 00:00:00,FALSE
322,2025-07-07 07:15:00,TRUE
4672,2025-11-25 08:45:00,TRUE
6955,2027-03-29 18:15:00,FALSE
998,2027-10-25 04:15:00,FALSE
4288,2026-03-04 08:45:00,TRUE
620,2027-07-24 16:30:00,FALSE
6867,2027-06-18 04:15:00,FALSE
8138,2025-06-19 13:15:00,TRUE
8835,2026-03-01 12:45:00,TRUE
3186,2027-12-06 11:15:00,FALSE
5864,2027-05-20 23:00:00,FALSE
8856,2026-05-12 13:45:00,TRUE
7075,2026-05-28 06:30:00,FALSE
9842,2025-11-26 19:45:00,TRUE
8666,2025-05-30 08:15:00,TRUE
6793,2027-06-20 15:45:00,FALSE
3313,2026-01-09 08:30:00,TRUE
9166,2027-06-14 07:15:00,FALSE
2687,2025-11-17 17:15:00,TRUE
1655,2025-08-25 17:45:00,TRUE
1420,2027-07-16 09:30:00,FALSE
125,2025-01-06 22:45:00,TRUE
6472,2026-01-19 03:15:00,TRUE
5061,2025-08-10 04:00:00,TRUE
1146,2025-09-03 08:00:00,TRUE
3927,2027-05-01 21:30:00,FALSE
734,2025-10-09 16:45:00,TRUE
7771,2026-07-01 08:15:00,FALSE
6723,2025-12-10 13:15:00,TRUE
6002,2026-07-26 15:00:00,FALSE
82,2025-05-28 19:45:00,TRUE
1698,2027-03-08 01:15:00,FALSE
4971,2027-10-14 04:30:00,FALSE
8918,2025-11-13 08:00:00,TRUE
9961,2025-06-10 04:15:00,TRUE
414,2025-09-18 13:15:00,TRUE
3709,2026-10-27 13:30:00,FALSE
8354,2027-04-05 01:00:00,FALSE
158,2027-09-01 09:15:00,FALSE
1558,2027-08-18 16:15:00,FALSE
232,2025-10-12 14:15:00,TRUE
2117,2027-09-04 09:00:00,FALSE
5119,2027-03-18 13:15:00,FALSE
8424,2025-10-26 08:45:00,TRUE
2635,2027-03-24 05:00:00,FALSE
3995,2025-09-12 23:30:00,TRUE
1054,2026-06-20 10:30:00,FALSE
4177,2025-07-24 03:15:00,TRUE
2068,2026-01-26 01:00:00,TRUE
1527,2026-12-10 20:30:00,FALSE
3324,2025-06-21 00:15:00,TRUE
4788,2026-06-26 22:00:00,FALSE
9009,2026-01-28 06:00:00,TRUE
3735,2027-02-07 05:15:00,FALSE
5274,2027-08-20 01:15:00,FALSE
320,2025-04-17 15:45:00,TRUE
1072,2026-09-28 09:15:00,FALSE
1787,2025-08-23 20:00:00,TRUE
311,2026-05-04 01:30:00,TRUE
4110,2027-01-07 07:30:00,FALSE
1847,2027-03-22 20:00:00,FALSE
7480,2025-03-11 08:00:00,TRUE
6042,2025-05-24 02:30:00,TRUE
7411,2027-12-07 20:30:00,FALSE
8335,2025-07-20 08:00:00,TRUE
1976,2025-06-26 20:30:00,TRUE
6111,2026-01-17 05:30:00,TRUE
279,2026-04-28 11:45:00,TRUE
3109,2025-10-07 05:00:00,TRUE
45,2027-10-23 16:00:00,FALSE
5144,2027-12-30 05:15:00,FALSE
9655,2027-08-01 03:30:00,FALSE
5960,2026-07-06 20:45:00,FALSE
3666,2025-03-16 16:45:00,TRUE
8653,2026-06-05 07:45:00,FALSE
6364,2026-10-06 01:00:00,FALSE
3143,2027-12-24 00:15:00,FALSE
1895,2027-10-28 22:30:00,FALSE
5679,2026-04-02 06:00:00,TRUE
5339,2025-03-08 20:00:00,TRUE
2126,2025-10-12 21:00:00,TRUE
1652,2025-01-21 02:00:00,TRUE
7914,2027-07-01 01:15:00,FALSE
1351,2025-10-19 04:00:00,TRUE
8404,2026-06-09 13:00:00,FALSE
1367,2025-03-17 16:45:00,TRUE
1160,2027-05-27 21:00:00,FALSE
6137,2027-11-30 07:15:00,FALSE
2313,2027-01-31 11:45:00,FALSE
2085,2025-10-28 14:15:00,TRUE
4191,2027-03-10 10:30:00,FALSE
9247,2027-09-28 01:15:00,FALSE
7052,2027-11-02 12:00:00,FALSE
7001,2025-08-02 03:15:00,TRUE
9946,2026-03-05 19:00:00,TRUE
7002,2025-12-17 06:00:00,TRUE
5583,2026-04-04 23:45:00,TRUE
8227,2025-06-15 14:30:00,TRUE
7466,2027-11-04 09:45:00,FALSE
859,2026-01-08 18:45:00,TRUE
4358,2025-03-06 05:00:00,TRUE
5048,2027-10-06 10:00:00,FALSE
6271,2027-04-02 07:30:00,FALSE
1585,2025-10-15 09:45:00,TRUE
6989,2027-04-04 17:45:00,FALSE
7157,2026-12-01 09:15:00,FALSE
6129,2025-12-16 13:45:00,TRUE
5271,2025-10-17 06:45:00,TRUE
4882,2025-08-21 09:15:00,TRUE
6709,2025-05-23 06:00:00,TRUE
7196,2026-05-30 10:45:00,FALSE
5504,2027-12-13 06:00:00,FALSE
3733,2027-10-18 01:45:00,FALSE
1612,2027-03-16 16:00:00,FALSE
9352,2027-10-22 00:45:00,FALSE
675,2026-06-28 05:00:00,FALSE
7606,2025-06-18 00:15:00,TRUE
972,2025-12-03 03:45:00,TRUE
3874,2027-06-21 22:30:00,FALSE
4617,2026-02-16 13:45:00,TRUE
595,2026-03-31 13:30:00,TRUE
4956,2025-05-29 21:45:00,TRUE
2916,2026-11-06 19:45:00,FALSE
7716,2026-10-22 14:30:00,FALSE
7475,2027-07-05 17:15:00,FALSE
2875,2025-05-23 15:00:00,TRUE
1650,2027-01-17 13:15:00,FALSE
5913,2025-06-14 20:00:00,TRUE
930,2025-02-02 17:00:00,TRUE
1688,2026-08-21 00:30:00,FALSE
1651,2026-07-14 03:45:00,FALSE
6146,2026-04-14 16:00:00,TRUE
6718,2027-04-07 08:00:00,FALSE
2793,2026-07-09 02:45:00,FALSE
7242,2025-07-06 19:30:00,TRUE
9726,2026-03-20 09:45:00,TRUE
350,2026-02-16 23:45:00,TRUE
7322,2027-11-18 09:00:00,FALSE
8361,2027-03-23 08:15:00,FALSE
1514,2025-05-31 06:00:00,TRUE
2744,2025-07-01 02:15:00,TRUE
3264,2025-04-01 13:45:00,TRUE
1356,2026-04-12 07:30:00,TRUE
5605,2025-02-21 16:00:00,TRUE
3898,2027-09-19 03:45:00,FALSE
2878,2027-10-23 13:45:00,FALSE
2332,2025-01-12 02:00:00,TRUE
9545,2027-02-18 12:15:00,FALSE
7893,2025-06-24 03:30:00,TRUE
5502,2027-11-06 23:30:00,FALSE
969,2026-05-25 11:45:00,FALSE
2988,2027-07-11 09:00:00,FALSE
1211,2025-01-30 14:45:00,TRUE
2801,2026-02-01 20:15:00,TRUE
3987,2026-09-04 00:00:00,FALSE
148,2026-04-23 19:15:00,TRUE
771,2027-01-24 16:30:00,FALSE
9172,2025-12-22 21:45:00,TRUE
3996,2026-05-01 23:45:00,TRUE
2791,2027-10-31 09:00:00,FALSE
4262,2027-06-22 12:15:00,FALSE
6125,2026-09-08 00:45:00,FALSE
5385,2026-08-12 10:30:00,FALSE
3683,2025-02-28 03:30:00,TRUE
5399,2025-05-16 12:45:00,TRUE
4589,2025-12-13 05:30:00,TRUE
3782,2025-04-12 14:30:00,TRUE
5235,2025-01-03 03:45:00,TRUE
1466,2025-09-15 09:45:00,TRUE
9645,2025-10-10 13:45:00,TRUE
939,2026-04-15 01:15:00,TRUE
7527,2025-10-10 21:45:00,TRUE
9885,2027-08-17 23:15:00,FALSE
6173,2025-10-12 13:45:00,TRUE
5977,2027-05-24 13:15:00,FALSE
8023,2027-10-28 18:45:00,FALSE
1213,2026-02-07 21:15:00,TRUE
397,2026-04-09 20:00:00,TRUE
9025,2027-09-26 13:45:00,FALSE
1195,2026-09-11 18:30:00,FALSE
1358,2027-12-25 05:45:00,FALSE
1861,2025-12-20 16:15:00,TRUE
6464,2026-09-04 07:00:00,FALSE
1989,2026-07-25 01:30:00,FALSE
6852,2025-02-01 14:30:00,TRUE
7849,2025-09-10 21:30:00,TRUE
5783,2025-09-28 02:00:00,TRUE
9437,2027-08-12 19:30:00,FALSE
3532,2026-10-11 22:30:00,FALSE
4151,2026-10-24 21:00:00,FALSE
3380,2026-06-13 03:00:00,FALSE
7071,2026-11-12 01:00:00,FALSE
781,2026-09-03 07:00:00,FALSE
4112,2027-05-30 12:00:00,FALSE
5501,2025-12-14 07:30:00,TRUE
2803,2026-03-13 06:15:00,TRUE
9975,2026-12-30 19:30:00,FALSE
5216,2027-11-19 09:00:00,FALSE
1450,2026-05-16 18:15:00,FALSE
4137,2027-01-02 00:00:00,FALSE
2662,2025-04-27 08:30:00,TRUE
1920,2027-01-01 05:30:00,FALSE
9625,2026-01-09 06:45:00,TRUE
1460,2027-05-04 13:00:00,FALSE
5897,2025-06-05 01:45:00,TRUE
2710,2025-08-05 10:30:00,TRUE
6411,2027-04-18 23:30:00,FALSE
7359,2027-11-29 08:30:00,FALSE
7399,2027-06-19 12:00:00,FALSE
1102,2026-07-20 18:00:00,FALSE
4328,2026-07-10 01:45:00,FALSE
950,2025-01-30 06:15:00,TRUE
4393,2027-10-07 03:30:00,FALSE
4418,2026-08-04 00:15:00,FALSE
9265,2027-06-26 08:30:00,FALSE
4114,2026-05-10 23:45:00,TRUE
5792,2027-09-27 22:30:00,FALSE
6472,2025-10-08 23:45:00,TRUE
6805,2025-09-14 02:45:00,TRUE
8263,2026-08-14 13:30:00,FALSE
9686,2026-08-28 19:30:00,FALSE
3684,2027-09-21 20:15:00,FALSE
5760,2025-10-25 02:00:00,TRUE
3351,2027-07-02 04:00:00,FALSE
979,2027-03-31 03:15:00,FALSE
3942,2025-09-02 05:30:00,TRUE
4930,2027-02-15 12:15:00,FALSE
2741,2026-03-25 11:45:00,TRUE
4836,2026-08-04 01:15:00,FALSE
6221,2026-09-29 19:15:00,FALSE
4400,2026-02-08 16:15:00,TRUE
5684,2025-07-26 11:45:00,TRUE
3672,2025-09-22 05:45:00,TRUE
4220,2027-08-28 17:45:00,FALSE
6057,2027-03-26 18:45:00,FALSE
408,2025-09-20 01:15:00,TRUE
4032,2025-03-06 13:15:00,TRUE
8860,2026-07-19 09:45:00,FALSE
1878,2025-07-21 14:30:00,TRUE
9989,2025-04-25 21:15:00,TRUE
4583,2026-11-08 01:45:00,FALSE
3645,2025-06-08 12:00:00,TRUE
1620,2027-08-10 03:00:00,FALSE
6649,2025-02-05 00:15:00,TRUE
3141,2027-08-04 15:30:00,FALSE
5101,2026-10-11 02:30:00,FALSE
7331,2025-05-27 21:45:00,TRUE
3360,2027-06-17 11:30:00,FALSE
7273,2025-01-30 01:30:00,TRUE
5730,2027-04-17 08:30:00,FALSE
97,2025-09-19 02:15:00,TRUE
4742,2027-03-02 14:00:00,FALSE
8831,2025-12-07 20:00:00,TRUE
6236,2026-01-13 22:30:00,TRUE
4678,2026-01-05 07:00:00,TRUE
6069,2025-08-12 23:00:00,TRUE
7704,2026-11-07 20:45:00,FALSE
4309,2026-05-12 08:00:00,TRUE
2685,2027-07-02 18:45:00,FALSE
6411,2026-11-03 22:30:00,FALSE
6580,2027-08-16 02:15:00,FALSE
4324,2026-12-20 16:45:00,FALSE
7742,2026-06-17 15:30:00,FALSE
4190,2025-12-08 23:30:00,TRUE
6531,2026-08-30 05:45:00,FALSE
5059,2025-04-20 23:30:00,TRUE
2805,2026-04-01 12:30:00,TRUE
5128,2027-06-20 19:30:00,FALSE
9394,2025-02-06 05:15:00,TRUE
9639,2027-03-23 11:45:00,FALSE
6764,2026-03-07 21:00:00,TRUE
4519,2025-01-15 20:15:00,TRUE
8153,2027-06-23 01:00:00,FALSE
6154,2025-10-16 14:30:00,TRUE
6290,2025-11-30 07:15:00,TRUE
6993,2027-03-16 04:00:00,FALSE
3249,2025-06-30 23:45:00,TRUE
9822,2027-09-19 22:00:00,FALSE
6556,2027-06-23 23:30:00,FALSE
8112,2027-05-27 18:15:00,FALSE
1533,2027-02-06 08:00:00,FALSE
6616,2027-10-26 16:45:00,FALSE
9142,2026-04-02 19:00:00,TRUE
4160,2026-05-24 14:45:00,FALSE
7659,2026-02-06 06:30:00,TRUE
2678,2025-08-17 03:00:00,TRUE
5725,2025-12-03 22:45:00,TRUE
84,2026-02-08 14:15:00,TRUE
5417,2025-01-07 22:30:00,TRUE
3891,2025-04-23 20:45:00,TRUE
2184,2026-07-06 17:30:00,FALSE
228,2025-08-20 14:45:00,TRUE
3925,2026-10-14 23:45:00,FALSE
8448,2025-04-19 15:15:00,TRUE
2994,2025-12-29 19:30:00,TRUE
6700,2025-06-12 16:00:00,TRUE
763,2025-07-05 00:30:00,TRUE
7059,2027-03-31 23:30:00,FALSE
8453,2025-08-18 09:30:00,TRUE
1078,2026-02-01 07:45:00,TRUE
3841,2025-10-30 08:15:00,TRUE
1715,2027-12-09 17:45:00,FALSE
11,2027-04-26 15:30:00,FALSE
1256,2025-02-28 17:45:00,TRUE
9311,2027-12-05 20:30:00,FALSE
1662,2027-03-29 01:15:00,FALSE
7506,2026-05-14 14:45:00,TRUE
7748,2025-08-07 04:00:00,TRUE
8879,2025-08-27 02:15:00,TRUE
7086,2026-12-24 18:45:00,FALSE
7566,2025-08-05 08:00:00,TRUE
3336,2025-05-11 10:15:00,TRUE
7977,2025-11-10 07:30:00,TRUE
8038,2027-11-20 19:30:00,FALSE
7279,2025-11-19 23:30:00,TRUE
8250,2027-09-04 16:00:00,FALSE
3346,2026-01-12 03:30:00,TRUE
3739,2025-05-18 12:45:00,TRUE
8250,2025-10-09 00:45:00,TRUE
3439,2025-12-30 14:00:00,TRUE
9453,2026-11-18 04:00:00,FALSE
1532,2025-04-08 09:15:00,TRUE
7075,2026-02-15 01:15:00,TRUE
6721,2026-03-05 09:15:00,TRUE
6033,2027-07-18 19:15:00,FALSE
9287,2026-08-29 23:45:00,FALSE
9357,2026-09-15 08:00:00,FALSE
3671,2026-03-04 07:00:00,TRUE
1075,2025-03-11 07:15:00,TRUE
1829,2025-05-29 07:00:00,TRUE
6926,2025-06-29 00:00:00,TRUE
2451,2025-05-19 04:45:00,TRUE
1860,2025-02-07 04:00:00,TRUE
6929,2025-07-14 20:15:00,TRUE
5858,2025-05-28 12:45:00,TRUE
127,2026-06-16 08:00:00,FALSE
3553,2025-06-23 14:45:00,TRUE
8304,2025-01-22 03:30:00,TRUE
9064,2025-03-06 05:00:00,TRUE
5157,2027-01-04 13:15:00,FALSE
6091,2026-01-03 17:45:00,TRUE
2553,2027-08-25 11:30:00,FALSE
5597,2025-07-25 04:30:00,TRUE
6007,2027-01-06 11:15:00,FALSE
2589,2026-03-26 09:00:00,TRUE
3071,2026-08-30 01:00:00,FALSE
3289,2026-02-09 12:00:00,TRUE
5656,2027-10-09 17:45:00,FALSE
4586,2026-06-30 02:45:00,FALSE
6427,2027-06-26 19:15:00,FALSE
3727,2027-02-10 04:30:00,FALSE
8937,2025-03-06 02:15:00,TRUE
2103,2027-09-13 16:15:00,FALSE
5350,2026-01-12 11:30:00,TRUE
7839,2026-02-21 07:30:00,TRUE
6946,2025-07-21 02:15:00,TRUE
7905,2027-08-14 13:30:00,FALSE
2353,2026-02-27 12:30:00,TRUE
7249,2027-04-10 16:30:00,FALSE
8410,2026-06-07 02:00:00,FALSE
6527,2027-07-14 03:45:00,FALSE
6067,2025-10-23 22:15:00,TRUE
9520,2026-08-14 19:30:00,FALSE
6881,2027-09-22 13:30:00,FALSE
8265,2025-12-21 06:45:00,TRUE
4558,2027-01-02 22:30:00,FALSE
7778,2027-10-25 11:30:00,FALSE
8053,2026-12-06 05:30:00,FALSE
5300,2026-03-27 19:00:00,TRUE
4860,2025-08-18 12:45:00,TRUE
7898,2026-07-16 11:00:00,FALSE
7952,2026-08-03 14:30:00,FALSE
2245,2025-09-04 05:15:00,TRUE
4582,2027-12-19 08:15:00,FALSE
2858,2026-07-19 17:45:00,FALSE
9022,2027-01-17 09:30:00,FALSE
1409,2027-01-02 10:30:00,FALSE
1742,2027-10-12 13:30:00,FALSE
3079,2027-01-15 00:00:00,FALSE
9122,2027-11-24 10:30:00,FALSE
9507,2025-01-28 20:00:00,TRUE
794,2027-11-16 18:15:00,FALSE
5015,2025-08-14 20:00:00,TRUE
9406,2026-03-04 18:15:00,TRUE
2225,2026-12-20 11:00:00,FALSE
4489,2025-02-01 02:30:00,TRUE
1710,2025-03-10 22:30:00,TRUE
4760,2025-02-07 16:00:00,TRUE
3941,2025-05-21 04:30:00,TRUE
9883,2027-08-27 17:30:00,FALSE
5274,2025-11-08 22:30:00,TRUE
9973,2026-06-12 22:45:00,FALSE
1730,2027-10-07 12:00:00,FALSE
7264,2027-05-03 21:15:00,FALSE
3177,2025-10-01 16:45:00,TRUE
4321,2027-09-19 18:15:00,FALSE
8830,2027-11-16 14:15:00,FALSE
8228,2025-01-25 03:15:00,TRUE
5743,2027-06-25 01:00:00,FALSE
1723,2026-10-21 18:45:00,FALSE
5409,2026-03-18 09:45:00,TRUE
2088,2026-07-21 14:45:00,FALSE
1467,2026-08-08 14:15:00,FALSE
6969,2025-06-23 07:15:00,TRUE
5529,2026-08-03 14:00:00,FALSE
4829,2026-06-17 07:15:00,FALSE
3028,2026-02-27 04:15:00,TRUE
9820,2027-03-07 14:45:00,FALSE
8075,2026-01-29 14:30:00,TRUE
4035,2027-02-20 18:00:00,FALSE
6112,2025-02-16 06:15:00,TRUE
3026,2026-08-21 09:30:00,FALSE
6328,2027-02-24 11:00:00,FALSE
3661,2025-06-02 03:30:00,TRUE
3338,2025-10-26 02:30:00,TRUE
8116,2026-12-27 21:00:00,FALSE
5672,2026-08-07 17:45:00,FALSE
5708,2027-01-13 20:45:00,FALSE
4640,2027-04-09 04:45:00,FALSE
1031,2027-09-02 08:30:00,FALSE
7538,2027-07-29 08:30:00,FALSE
73,2026-05-12 03:30:00,TRUE
4534,2025-07-24 10:15:00,TRUE
6367,2027-01-14 06:15:00,FALSE
4929,2026-08-26 09:15:00,FALSE
2838,2027-05-07 18:45:00,FALSE
4500,2027-12-29 05:15:00,FALSE
1346,2025-06-26 06:00:00,TRUE
2752,2027-05-10 00:30:00,FALSE
5233,2026-05-19 10:15:00,FALSE
5111,2027-05-04 22:00:00,FALSE
7581,2027-11-29 06:45:00,FALSE
6331,2027-04-09 13:15:00,FALSE
1390,2027-03-17 10:45:00,FALSE
9337,2026-05-05 17:45:00,TRUE
7515,2025-05-20 05:15:00,TRUE
310,2027-02-26 17:15:00,FALSE
3753,2025-04-17 09:30:00,TRUE
8531,2026-05-10 16:30:00,TRUE
6846,2027-12-11 02:30:00,FALSE
345,2027-01-29 04:30:00,FALSE
9570,2027-02-12 12:00:00,FALSE
5641,2027-04-02 02:30:00,FALSE
4125,2026-08-21 17:15:00,FALSE
1900,2025-07-27 21:45:00,TRUE
68,2027-07-30 07:45:00,FALSE
2053,2025-04-30 18:30:00,TRUE
7950,2026-10-10 12:15:00,FALSE
7049,2025-02-06 17:30:00,TRUE
7746,2027-11-02 03:15:00,FALSE
4817,2025-01-31 23:30:00,TRUE
9868,2026-08-23 21:15:00,FALSE
5220,2025-04-30 16:45:00,TRUE
7317,2027-10-17 16:00:00,FALSE
8665,2026-10-01 17:15:00,FALSE
6862,2026-02-19 03:00:00,TRUE
7784,2026-04-07 02:30:00,TRUE
6590,2027-05-28 10:15:00,FALSE
3503,2027-04-18 03:00:00,FALSE
9758,2027-12-16 18:00:00,FALSE
3979,2026-05-26 10:45:00,FALSE
1645,2027-07-06 13:30:00,FALSE
9209,2025-07-26 17:15:00,TRUE
1058,2025-09-30 04:00:00,TRUE
8054,2027-07-04 10:45:00,FALSE
7751,2027-09-17 04:00:00,FALSE
3669,2026-07-25 05:30:00,FALSE
8400,2025-12-25 16:45:00,TRUE
3713,2025-01-26 14:00:00,TRUE
7658,2025-09-21 04:00:00,TRUE
5426,2026-06-02 16:00:00,FALSE
6274,2027-05-04 14:45:00,FALSE
5061,2027-01-28 02:30:00,FALSE
65,2025-05-17 17:30:00,TRUE
3149,2026-10-12 07:15:00,FALSE
9352,2026-09-12 13:30:00,FALSE
7407,2027-09-08 01:00:00,FALSE
5411,2026-06-25 02:30:00,FALSE
809,2025-04-25 12:45:00,TRUE
5660,2027-03-15 22:45:00,FALSE
2907,2026-04-17 13:00:00,TRUE
4142,2027-11-19 02:45:00,FALSE
6712,2026-11-02 16:00:00,FALSE
5210,2025-07-15 17:00:00,TRUE
5765,2026-07-11 11:45:00,FALSE
4781,2027-05-22 01:45:00,FALSE
8850,2026-09-18 21:45:00,FALSE
8986,2025-07-19 00:30:00,TRUE
2807,2025-07-02 04:45:00,TRUE
481,2026-11-11 22:00:00,FALSE
9455,2026-11-14 07:00:00,FALSE
9794,2026-03-20 16:00:00,TRUE
6229,2027-03-23 10:00:00,FALSE
6375,2026-10-21 06:00:00,FALSE
3986,2026-10-14 17:00:00,FALSE
5380,2025-05-19 06:00:00,TRUE
5890,2025-06-24 10:15:00,TRUE
7198,2025-10-31 09:45:00,TRUE
9385,2027-10-15 08:00:00,FALSE
5176,2026-06-10 06:30:00,FALSE
2027,2026-03-05 11:00:00,TRUE
4506,2025-09-11 11:45:00,TRUE
6810,2025-03-02 03:45:00,TRUE
3686,2027-01-30 04:15:00,FALSE
6160,2026-07-09 17:15:00,FALSE
7826,2025-08-27 14:45:00,TRUE
2305,2027-07-09 18:15:00,FALSE
8856,2027-10-24 00:30:00,FALSE
8703,2025-08-04 04:30:00,TRUE
5651,2027-09-25 14:30:00,FALSE
317,2026-05-14 20:45:00,TRUE
2079,2027-10-12 11:30:00,FALSE
6387,2025-07-06 06:15:00,TRUE
1731,2026-04-23 08:45:00,TRUE
2875,2027-06-07 17:45:00,FALSE
9390,2027-10-05 02:15:00,FALSE
4869,2026-01-08 15:45:00,TRUE
7535,2026-04-28 16:30:00,TRUE
292,2027-01-21 23:15:00,FALSE
7211,2026-11-21 07:00:00,FALSE
7802,2027-10-22 11:00:00,FALSE
9785,2026-08-26 10:30:00,FALSE
865,2026-10-06 03:15:00,FALSE
2488,2026-07-27 07:15:00,FALSE
4599,2026-12-29 05:45:00,FALSE
731,2026-07-01 11:00:00,FALSE
2480,2026-12-17 23:15:00,FALSE
9916,2026-11-17 11:30:00,FALSE
5122,2026-04-25 06:15:00,TRUE
2284,2026-11-12 03:45:00,FALSE
3217,2025-12-07 03:15:00,TRUE
8973,2025-07-17 03:45:00,TRUE
3773,2027-08-12 15:00:00,FALSE
527,2025-05-21 13:30:00,TRUE
1150,2025-08-07 19:45:00,TRUE
6546,2027-07-25 06:15:00,FALSE
3217,2027-08-19 15:30:00,FALSE
1080,2027-06-06 14:30:00,FALSE
4584,2025-05-24 09:45:00,TRUE
3900,2027-12-23 12:15:00,FALSE
5151,2025-08-05 00:15:00,TRUE
1174,2025-06-04 11:15:00,TRUE
3284,2025-09-06 00:15:00,TRUE
9674,2026-10-12 07:45:00,FALSE
2505,2027-04-01 22:30:00,FALSE
4242,2025-09-14 23:00:00,TRUE
1945,2027-08-08 10:45:00,FALSE
3259,2025-03-23 22:30:00,TRUE
4750,2027-08-09 06:45:00,FALSE
2516,2027-07-31 20:45:00,FALSE
5576,2027-02-17 21:30:00,FALSE
2196,2026-03-23 15:45:00,TRUE
5950,2026-09-05 01:45:00,FALSE
7263,2026-04-29 06:45:00,TRUE
4695,2026-05-18 21:45:00,FALSE
1290,2025-10-23 05:30:00,TRUE
9617,2025-12-18 20:45:00,TRUE
643,2026-07-29 08:45:00,FALSE
2414,2027-08-08 03:45:00,FALSE
9424,2026-12-20 12:30:00,FALSE
8309,2027-04-22 10:15:00,FALSE
5548,2025-10-05 11:45:00,TRUE
7739,2025-12-13 06:00:00,TRUE
4016,2025-09-08 12:00:00,TRUE
1494,2027-12-27 09:15:00,FALSE
3576,2026-05-10 05:00:00,TRUE
7301,2026-11-12 00:00:00,FALSE
8202,2026-07-10 09:00:00,FALSE
7191,2026-12-24 00:30:00,FALSE
6880,2027-06-20 13:30:00,FALSE
8707,2026-07-13 16:30:00,FALSE
1772,2025-06-25 15:00:00,TRUE
1321,2026-07-20 21:15:00,FALSE
6628,2025-12-25 00:15:00,TRUE
4982,2025-09-19 16:00:00,TRUE
5826,2025-05-01 09:30:00,TRUE
7962,2026-05-10 07:00:00,TRUE
9190,2025-04-09 09:00:00,TRUE
3098,2026-11-23 06:30:00,FALSE
2137,2025-06-08 20:15:00,TRUE
8779,2027-08-28 10:00:00,FALSE
7467,2026-12-03 21:15:00,FALSE
5543,2025-09-02 11:45:00,TRUE
7072,2025-04-29 14:00:00,TRUE
5048,2025-07-08 03:00:00,TRUE
6697,2026-04-22 11:15:00,TRUE
8313,2026-12-02 04:45:00,FALSE
2622,2027-10-07 23:15:00,FALSE
429,2027-08-07 09:15:00,FALSE
821,2026-10-21 07:15:00,FALSE
5502,2025-11-17 13:15:00,TRUE
1178,2026-09-21 13:00:00,FALSE
8191,2025-10-14 16:00:00,TRUE
7597,2025-02-23 23:30:00,TRUE
2229,2026-05-17 23:15:00,FALSE
7473,2027-11-02 23:30:00,FALSE
6373,2027-01-24 05:00:00,FALSE
1913,2027-07-30 17:00:00,FALSE
4123,2025-12-11 16:30:00,TRUE
9559,2026-05-18 06:15:00,FALSE
3712,2025-12-26 21:30:00,TRUE
7249,2026-08-05 19:30:00,FALSE
9318,2026-10-12 05:15:00,FALSE
9738,2026-05-13 22:30:00,TRUE
8648,2026-12-08 20:15:00,FALSE
99,2025-04-15 09:30:00,TRUE
6569,2026-11-15 03:45:00,FALSE
1687,2027-01-21 21:45:00,FALSE
4748,2025-05-15 21:15:00,TRUE
7963,2025-12-28 03:45:00,TRUE
5331,2027-02-12 10:30:00,FALSE
8805,2025-04-25 20:00:00,TRUE
3240,2027-01-16 08:45:00,FALSE
9604,2025-03-25 03:45:00,TRUE
2884,2027-08-28 08:45:00,FALSE
2106,2027-04-10 02:45:00,FALSE
4475,2027-05-31 09:00:00,FALSE
7046,2026-08-21 04:45:00,FALSE
2730,2025-12-31 18:30:00,TRUE
1391,2027-03-28 16:15:00,FALSE
1558,2025-08-26 21:00:00,TRUE
303,2026-12-17 17:00:00,FALSE
3606,2025-02-28 14:30:00,TRUE
97,2025-06-19 06:00:00,TRUE
2068,2026-04-24 09:30:00,TRUE
2733,2027-07-29 04:30:00,FALSE
42,2027-11-14 10:15:00,FALSE
1409,2027-04-08 21:00:00,FALSE
8066,2025-01-11 12:45:00,TRUE
4667,2025-11-15 21:00:00,TRUE
9738,2025-11-26 03:15:00,TRUE
1173,2027-02-10 13:00:00,FALSE
4886,2026-03-04 18:15:00,TRUE
3717,2025-06-01 10:15:00,TRUE
4747,2025-04-23 18:00:00,TRUE
644,2027-11-27 13:30:00,FALSE
1048,2026-10-24 11:15:00,FALSE
7741,2025-10-29 08:00:00,TRUE
6918,2025-04-17 07:15:00,TRUE
856,2026-10-04 14:30:00,FALSE
5125,2027-02-21 21:45:00,FALSE
5128,2025-05-18 22:15:00,TRUE
6961,2025-01-09 03:30:00,TRUE
9693,2027-10-14 15:00:00,FALSE
4029,2027-01-07 11:45:00,FALSE
3388,2026-11-15 08:00:00,FALSE
2781,2026-03-17 13:15:00,TRUE
8757,2026-02-26 05:30:00,TRUE
9712,2026-09-12 09:15:00,FALSE
7235,2025-04-17 06:15:00,TRUE
7954,2025-06-14 19:30:00,TRUE
9346,2025-07-18 11:00:00,TRUE
9706,2025-07-13 17:15:00,TRUE
7210,2027-06-28 02:30:00,FALSE
559,2026-11-23 23:30:00,FALSE
9299,2027-10-05 20:30:00,FALSE
2288,2025-11-24 13:30:00,TRUE
7500,2025-01-12 06:45:00,TRUE
2664,2027-03-30 21:45:00,FALSE
3798,2025-08-28 13:45:00,TRUE
6656,2027-06-01 21:00:00,FALSE
2159,2026-11-18 17:15:00,FALSE
2614,2025-04-09 21:15:00,TRUE
6665,2026-06-04 05:45:00,FALSE
5326,2026-05-12 23:00:00,TRUE
483,2026-03-12 12:15:00,TRUE
8629,2025-05-23 07:15:00,TRUE
44,2025-12-08 12:15:00,TRUE
7977,2027-02-27 05:30:00,FALSE
2590,2027-05-01 13:45:00,FALSE
4572,2026-02-01 15:00:00,TRUE
2245,2026-09-28 09:15:00,FALSE
5529,2025-11-08 06:00:00,TRUE
3563,2025-08-21 19:15:00,TRUE
4862,2026-05-13 06:15:00,TRUE
5340,2026-03-09 16:45:00,TRUE
2218,2027-02-02 09:15:00,FALSE
407,2027-06-07 13:00:00,FALSE
2559,2025-06-07 18:45:00,TRUE
2171,2026-03-05 10:45:00,TRUE
5889,2025-06-16 08:15:00,TRUE
891,2026-12-31 08:00:00,FALSE
7591,2026-08-15 19:45:00,FALSE
8601,2026-10-05 03:00:00,FALSE
8435,2027-05-13 05:15:00,FALSE
2027,2025-07-18 15:45:00,TRUE
9522,2025-05-20 07:00:00,TRUE
1642,2026-09-20 15:00:00,FALSE
5847,2025-06-12 18:45:00,TRUE
3788,2026-05-15 17:15:00,TRUE
9512,2026-04-11 01:15:00,TRUE
4881,2025-01-19 17:15:00,TRUE
6276,2027-01-16 01:30:00,FALSE
2253,2026-09-12 03:00:00,FALSE
1727,2025-12-15 01:45:00,TRUE
3596,2025-04-21 22:45:00,TRUE
4302,2026-07-22 14:30:00,FALSE
92,2027-01-09 18:45:00,FALSE
8607,2027-06-09 23:15:00,FALSE
2984,2027-09-23 22:00:00,FALSE
5713,2026-04-21 15:00:00,TRUE
2618,2025-08-31 07:45:00,TRUE
8851,2027-08-02 06:45:00,FALSE
5621,2026-01-14 22:45:00,TRUE
1854,2027-07-17 12:15:00,FALSE
9075,2025-05-04 09:15:00,TRUE
4171,2026-07-29 10:00:00,FALSE
6753,2025-09-09 23:30:00,TRUE
2731,2026-07-24 04:30:00,FALSE
2288,2027-02-01 18:45:00,FALSE
1009,2027-02-11 10:15:00,FALSE
2158,2026-09-28 00:15:00,FALSE
9681,2026-02-01 03:30:00,TRUE
4938,2025-05-10 03:30:00,TRUE
1475,2025-06-28 21:45:00,TRUE
3496,2025-05-13 09:15:00,TRUE
6578,2026-12-02 15:45:00,FALSE
7507,2027-05-18 23:45:00,FALSE
9965,2025-07-28 17:00:00,TRUE
3259,2025-09-24 10:45:00,TRUE
8894,2026-08-05 05:30:00,FALSE
7253,2027-06-21 09:45:00,FALSE
3196,2026-11-11 09:00:00,FALSE
5264,2025-09-21 19:00:00,TRUE
5554,2027-06-16 04:45:00,FALSE
3332,2027-07-08 02:00:00,FALSE
6634,2026-01-02 02:00:00,TRUE
5155,2025-01-26 08:00:00,TRUE
5642,2027-09-02 02:45:00,FALSE
10006,2026-10-13 16:00:00,FALSE
6242,2026-10-08 19:15:00,FALSE
7021,2025-04-22 00:15:00,TRUE
379,2027-10-09 02:45:00,FALSE
1987,2026-04-13 05:00:00,TRUE
7344,2026-09-21 04:45:00,FALSE
6000,2027-02-13 17:15:00,FALSE
7997,2027-07-31 07:45:00,FALSE
4674,2025-12-03 19:00:00,TRUE
6300,2027-03-15 22:00:00,FALSE
6103,2027-02-25 16:00:00,FALSE
9545,2027-12-17 16:15:00,FALSE
8698,2027-02-01 21:45:00,FALSE
4348,2026-01-06 22:00:00,TRUE
6934,2026-01-09 01:00:00,TRUE
7554,2027-08-03 06:30:00,FALSE
9255,2026-02-26 03:45:00,TRUE
2723,2027-09-08 21:45:00,FALSE
5648,2026-05-23 04:15:00,FALSE
1237,2027-11-08 13:15:00,FALSE
2956,2026-03-17 13:00:00,TRUE
1802,2026-09-19 20:30:00,FALSE
9025,2026-04-12 01:00:00,TRUE
482,2026-02-19 21:30:00,TRUE
9101,2026-05-24 20:30:00,FALSE
8704,2026-04-08 19:15:00,TRUE
5497,2027-05-12 07:45:00,FALSE
8918,2026-08-21 03:15:00,FALSE
1765,2025-05-10 03:45:00,TRUE
690,2025-01-13 14:45:00,TRUE
8185,2025-11-09 01:00:00,TRUE
6992,2025-07-29 04:45:00,TRUE
8276,2027-09-21 00:45:00,FALSE
9807,2027-08-22 14:15:00,FALSE
5044,2026-08-30 03:45:00,FALSE
2245,2026-01-16 19:00:00,TRUE
4033,2025-02-13 22:15:00,TRUE
6995,2027-12-01 08:15:00,FALSE
4318,2026-07-30 20:15:00,FALSE
699,2025-07-03 23:45:00,TRUE
2353,2027-04-19 23:30:00,FALSE
4075,2026-07-02 07:00:00,FALSE
6090,2026-10-26 16:45:00,FALSE
5499,2026-11-28 04:30:00,FALSE
1839,2026-08-08 20:45:00,FALSE
2039,2025-12-06 09:30:00,TRUE
4315,2026-02-01 05:30:00,TRUE
419,2025-10-21 23:15:00,TRUE
3905,2027-12-08 22:15:00,FALSE
7311,2026-02-11 20:00:00,TRUE
7383,2026-05-01 03:15:00,TRUE
7207,2026-04-12 04:00:00,TRUE
3186,2026-11-16 15:30:00,FALSE
865,2025-08-26 20:15:00,TRUE
9247,2025-03-04 17:45:00,TRUE
2945,2025-01-29 03:00:00,TRUE
161,2027-01-13 07:15:00,FALSE
9646,2026-12-19 04:15:00,FALSE
421,2025-02-21 02:15:00,TRUE
2443,2027-08-03 01:00:00,FALSE
9952,2027-01-07 13:45:00,FALSE
1490,2026-09-06 23:45:00,FALSE
7630,2025-05-16 02:45:00,TRUE
3129,2025-10-01 20:00:00,TRUE
3029,2026-11-06 04:15:00,FALSE
618,2025-03-16 06:45:00,TRUE
5699,2026-06-23 07:00:00,FALSE
8140,2027-11-25 06:30:00,FALSE
535,2026-05-18 06:00:00,FALSE
3988,2026-03-29 02:30:00,TRUE
3045,2025-08-19 05:45:00,TRUE
2819,2026-02-03 12:00:00,TRUE
2153,2026-12-18 07:15:00,FALSE
7777,2026-01-20 23:30:00,TRUE
4801,2026-02-04 14:00:00,TRUE
6931,2025-10-11 01:15:00,TRUE
5641,2027-05-08 13:15:00,FALSE
1122,2027-10-27 22:45:00,FALSE
3076,2025-11-30 13:15:00,TRUE
1271,2025-08-09 00:00:00,TRUE
9970,2025-06-03 23:45:00,TRUE
277,2026-08-06 16:30:00,FALSE
659,2027-09-08 01:00:00,FALSE
6969,2027-11-23 07:15:00,FALSE
4106,2027-06-29 18:30:00,FALSE
2893,2026-07-29 03:00:00,FALSE
2146,2026-05-19 10:15:00,FALSE
2837,2025-05-07 15:00:00,TRUE
8847,2027-11-04 23:15:00,FALSE
4709,2027-02-06 09:45:00,FALSE
7717,2026-10-22 07:45:00,FALSE
3215,2026-04-12 01:00:00,TRUE
5709,2026-12-17 21:45:00,FALSE
6645,2027-08-17 07:15:00,FALSE
6649,2026-04-10 03:15:00,TRUE
9968,2026-10-29 09:15:00,FALSE
5997,2025-11-22 01:30:00,TRUE
4945,2025-06-18 12:00:00,TRUE
3850,2027-03-28 20:00:00,FALSE
3088,2025-05-18 13:30:00,TRUE
4549,2026-01-22 10:45:00,TRUE
4013,2027-09-28 08:15:00,FALSE
8523,2026-08-22 07:15:00,FALSE
1412,2027-02-19 06:15:00,FALSE
2492,2025-10-11 08:45:00,TRUE
1030,2026-08-03 09:45:00,FALSE
3502,2025-05-01 16:45:00,TRUE
7132,2027-02-24 01:00:00,FALSE
3679,2026-10-19 17:45:00,FALSE
1669,2025-05-26 01:15:00,TRUE
5952,2026-12-07 07:15:00,FALSE
5658,2025-04-14 20:15:00,TRUE
699,2026-01-24 02:15:00,TRUE
3640,2025-08-20 19:45:00,TRUE
1686,2026-12-25 02:30:00,FALSE
5186,2027-07-22 23:45:00,FALSE
4456,2027-12-28 14:30:00,FALSE
4058,2027-01-29 20:00:00,FALSE
4732,2027-04-10 19:30:00,FALSE
3533,2025-07-29 02:00:00,TRUE
8772,2026-04-25 18:45:00,TRUE
4585,2026-02-26 19:30:00,TRUE
1826,2026-03-21 09:45:00,TRUE
1857,2026-10-21 02:45:00,FALSE
9659,2025-10-31 15:30:00,TRUE
2864,2027-08-30 16:30:00,FALSE
4509,2025-02-06 22:45:00,TRUE
6428,2026-07-18 12:00:00,FALSE
7207,2025-10-06 07:00:00,TRUE
3936,2026-01-16 08:15:00,TRUE
3622,2026-08-02 07:00:00,FALSE
2526,2026-02-19 06:45:00,TRUE
4997,2025-08-26 11:45:00,TRUE
740,2026-11-02 03:30:00,FALSE
1588,2027-09-04 01:15:00,FALSE
1420,2025-03-24 16:30:00,TRUE
2187,2027-03-07 14:30:00,FALSE
3077,2025-04-05 21:45:00,TRUE
4428,2025-03-26 07:15:00,TRUE
7984,2027-12-27 02:45:00,FALSE
6610,2025-11-09 20:15:00,TRUE
5377,2027-04-06 17:45:00,FALSE
5989,2027-07-22 18:45:00,FALSE
3298,2025-04-26 20:45:00,TRUE
235,2025-04-12 05:30:00,TRUE
5356,2027-11-17 10:45:00,FALSE
9580,2027-06-01 18:15:00,FALSE
6933,2027-07-27 06:00:00,FALSE
333,2025-08-14 08:30:00,TRUE
6384,2027-08-09 02:45:00,FALSE
7229,2026-11-18 21:45:00,FALSE
2486,2027-10-31 16:15:00,FALSE
9585,2027-10-10 22:30:00,FALSE
7507,2027-07-17 02:15:00,FALSE
4018,2025-03-09 09:45:00,TRUE
9583,2026-09-29 05:30:00,FALSE
3336,2027-03-10 01:00:00,FALSE
6258,2027-03-21 21:45:00,FALSE
3306,2026-09-30 10:15:00,FALSE
4057,2027-06-18 23:00:00,FALSE
5517,2026-12-11 16:15:00,FALSE
2480,2025-09-18 22:00:00,TRUE
1423,2027-07-07 22:45:00,FALSE
3277,2026-11-01 14:45:00,FALSE
1665,2027-06-02 04:00:00,FALSE
1130,2026-10-04 06:15:00,FALSE
7563,2026-10-28 21:30:00,FALSE
8814,2027-02-03 16:00:00,FALSE
1801,2025-08-31 01:45:00,TRUE
4695,2026-05-12 18:15:00,TRUE
9527,2025-06-22 02:45:00,TRUE
9679,2025-08-01 06:30:00,TRUE
3339,2027-12-14 08:30:00,FALSE
2720,2026-09-01 08:30:00,FALSE
4369,2027-05-02 05:45:00,FALSE
7519,2026-03-16 04:45:00,TRUE
4621,2025-02-13 18:00:00,TRUE
3172,2025-09-23 05:45:00,TRUE
8747,2025-12-25 11:30:00,TRUE
3997,2025-07-05 11:00:00,TRUE
5091,2026-05-08 04:30:00,TRUE
297,2027-09-29 12:00:00,FALSE
2557,2027-05-01 02:45:00,FALSE
3725,2027-07-25 13:45:00,FALSE
4958,2026-05-11 00:30:00,TRUE
2485,2025-07-15 02:00:00,TRUE
188,2025-12-13 18:30:00,TRUE
1142,2027-06-15 11:15:00,FALSE
6555,2025-01-16 14:45:00,TRUE
4114,2025-02-19 00:15:00,TRUE
8533,2025-06-10 11:30:00,TRUE
1826,2025-03-13 20:00:00,TRUE
8468,2027-03-01 22:00:00,FALSE
5235,2025-10-23 12:15:00,TRUE
523,2027-04-10 04:30:00,FALSE
4131,2026-06-26 05:30:00,FALSE
2455,2025-08-08 23:30:00,TRUE
9798,2027-02-18 15:45:00,FALSE
8478,2026-06-14 03:30:00,FALSE
1815,2027-12-30 00:30:00,FALSE
6898,2027-11-29 10:00:00,FALSE
4762,2027-01-17 17:30:00,FALSE
9257,2026-07-26 11:15:00,FALSE
7253,2025-12-17 18:00:00,TRUE
9309,2025-05-10 14:30:00,TRUE
4870,2027-08-08 11:30:00,FALSE
533,2027-12-23 02:15:00,FALSE
3338,2027-09-04 05:15:00,FALSE
5728,2027-04-18 03:15:00,FALSE
1399,2025-05-19 15:45:00,TRUE
8258,2027-08-20 08:00:00,FALSE
8021,2026-02-13 17:00:00,TRUE
8896,2026-01-23 16:45:00,TRUE
223,2025-03-21 17:30:00,TRUE
9250,2027-08-26 20:30:00,FALSE
4933,2027-11-06 21:00:00,FALSE
4945,2026-06-13 16:15:00,FALSE
1062,2027-11-21 00:30:00,FALSE
8991,2025-06-06 23:15:00,TRUE
9481,2026-03-15 05:30:00,TRUE
523,2025-06-18 10:00:00,TRUE
9448,2027-07-27 17:45:00,FALSE
7586,2025-11-18 02:00:00,TRUE
4407,2026-07-14 05:30:00,FALSE
7446,2026-01-15 21:45:00,TRUE
339,2027-11-28 11:15:00,FALSE
1981,2025-12-18 10:00:00,TRUE
7329,2026-10-01 09:30:00,FALSE
8877,2026-11-28 08:15:00,FALSE
9274,2026-07-19 07:30:00,FALSE
8820,2025-03-03 04:30:00,TRUE
8503,2025-10-31 10:00:00,TRUE
5662,2027-12-31 02:15:00,FALSE
4360,2025-05-06 08:45:00,TRUE
3339,2025-11-20 16:30:00,TRUE
5190,2026-04-14 18:15:00,TRUE
2694,2027-08-30 02:00:00,FALSE
689,2027-02-24 02:15:00,FALSE
1086,2027-12-17 04:00:00,FALSE
3542,2027-09-16 19:30:00,FALSE
8969,2025-04-17 10:15:00,TRUE
906,2027-01-30 20:30:00,FALSE
4421,2025-08-31 02:45:00,TRUE
3546,2025-11-10 16:15:00,TRUE
5931,2025-11-01 18:15:00,TRUE
4171,2025-12-15 08:30:00,TRUE
5875,2027-12-29 20:15:00,FALSE
9323,2025-04-26 02:30:00,TRUE
4439,2026-02-13 13:45:00,TRUE
1102,2025-03-18 01:00:00,TRUE
8075,2025-01-17 02:45:00,TRUE
330,2026-03-17 09:00:00,TRUE
7256,2027-07-15 20:45:00,FALSE
5379,2025-01-09 09:00:00,TRUE
9505,2026-04-18 16:15:00,TRUE
5690,2026-07-21 01:30:00,FALSE
4811,2027-08-10 17:00:00,FALSE
9626,2025-05-03 21:30:00,TRUE
4788,2027-03-24 07:45:00,FALSE
3384,2025-01-12 21:00:00,TRUE
5306,2026-11-20 16:15:00,FALSE
7651,2025-01-01 03:45:00,TRUE
531,2026-08-25 05:15:00,FALSE
1608,2025-06-11 06:15:00,TRUE
2299,2027-05-09 05:15:00,FALSE
3184,2027-07-08 21:00:00,FALSE
857,2026-08-12 10:30:00,FALSE
7338,2026-12-27 18:00:00,FALSE
8825,2027-06-09 09:45:00,FALSE
2395,2025-05-03 09:30:00,TRUE
8628,2025-04-25 23:45:00,TRUE
9451,2027-02-09 04:00:00,FALSE
6874,2025-02-27 14:45:00,TRUE
4682,2027-05-24 21:15:00,FALSE
1255,2025-10-22 00:45:00,TRUE
6086,2025-01-09 00:30:00,TRUE
8259,2026-04-30 21:15:00,TRUE
3461,2026-07-16 22:45:00,FALSE
4378,2027-01-08 18:30:00,FALSE
6710,2025-09-28 08:45:00,TRUE
3793,2025-02-12 18:00:00,TRUE
2017,2025-08-05 23:30:00,TRUE
3886,2025-12-19 15:30:00,TRUE
2876,2025-07-09 05:30:00,TRUE
2687,2026-03-26 21:45:00,TRUE
4633,2026-06-09 05:00:00,FALSE
9375,2026-02-23 23:00:00,TRUE
4848,2026-12-12 07:00:00,FALSE
9194,2025-10-04 19:00:00,TRUE
8474,2027-10-21 00:00:00,FALSE
773,2026-03-11 19:15:00,TRUE
4735,2026-06-23 16:00:00,FALSE
2710,2027-04-15 08:00:00,FALSE
3028,2026-04-18 09:00:00,TRUE
4672,2027-01-24 19:45:00,FALSE
8163,2027-01-02 21:30:00,FALSE
1649,2026-08-18 02:15:00,FALSE
3104,2026-05-01 18:45:00,TRUE
369,2026-06-29 17:00:00,FALSE
1517,2026-08-16 12:45:00,FALSE
6274,2025-08-01 01:00:00,TRUE
406,2025-12-06 07:00:00,TRUE
6134,2025-06-04 18:30:00,TRUE
7571,2027-04-09 10:45:00,FALSE
4926,2026-08-15 01:45:00,FALSE
924,2025-09-29 17:00:00,TRUE
566,2027-09-07 08:00:00,FALSE
8223,2026-12-20 01:15:00,FALSE
7068,2026-03-08 00:00:00,TRUE
7269,2026-10-01 15:00:00,FALSE
3547,2027-07-09 17:30:00,FALSE
9523,2027-10-18 04:00:00,FALSE
3760,2025-02-27 11:30:00,TRUE
5593,2026-07-13 05:45:00,FALSE
5435,2026-12-27 06:15:00,FALSE
195,2025-12-20 16:45:00,TRUE
253,2025-04-08 22:45:00,TRUE
8275,2027-07-25 01:45:00,FALSE
5280,2027-02-05 07:15:00,FALSE
3355,2026-12-05 19:15:00,FALSE
3527,2025-01-02 14:15:00,TRUE
2094,2025-09-20 12:15:00,TRUE
6662,2026-10-04 19:15:00,FALSE
3802,2025-12-19 15:15:00,TRUE
3105,2025-07-01 18:15:00,TRUE
5889,2026-03-30 17:15:00,TRUE
6696,2026-09-12 23:15:00,FALSE
4078,2026-04-10 07:30:00,TRUE
3382,2025-02-22 20:00:00,TRUE
9269,2026-08-11 02:00:00,FALSE
6270,2027-07-20 02:30:00,FALSE
4472,2027-06-13 22:00:00,FALSE
6986,2026-07-11 12:45:00,FALSE
8853,2027-06-29 10:30:00,FALSE
2259,2026-03-31 05:30:00,TRUE
3518,2027-05-19 19:45:00,FALSE
2013,2026-02-17 14:15:00,TRUE
2895,2027-06-28 00:30:00,FALSE
6049,2025-10-23 16:15:00,TRUE
9903,2027-03-10 19:15:00,FALSE
2533,2027-08-22 19:00:00,FALSE
9382,2025-03-09 22:45:00,TRUE
4123,2027-11-18 22:00:00,FALSE
7876,2026-05-30 05:00:00,FALSE
6630,2026-06-25 18:00:00,FALSE
4406,2027-06-15 00:00:00,FALSE
5981,2027-05-10 00:00:00,FALSE
7091,2027-10-04 22:30:00,FALSE
7034,2025-08-18 19:15:00,TRUE
5952,2027-11-20 16:15:00,FALSE
8007,2025-04-22 05:00:00,TRUE
7793,2027-11-30 21:15:00,FALSE
5597,2025-11-18 08:45:00,TRUE
3523,2026-01-09 03:15:00,TRUE
6206,2025-04-21 18:45:00,TRUE
7384,2026-08-18 20:45:00,FALSE
9646,2027-12-03 07:15:00,FALSE
1129,2027-11-04 06:30:00,FALSE
3432,2025-05-12 16:45:00,TRUE
5979,2025-11-19 04:45:00,TRUE
6641,2026-03-16 08:00:00,TRUE
7982,2025-12-21 03:00:00,TRUE
9824,2027-07-08 04:30:00,FALSE
7098,2025-04-20 00:15:00,TRUE
9092,2026-03-12 06:30:00,TRUE
8899,2025-07-22 04:15:00,TRUE
3170,2025-08-27 04:15:00,TRUE
3049,2027-11-14 23:15:00,FALSE
2828,2026-09-11 12:00:00,FALSE
301,2026-02-12 22:15:00,TRUE
5156,2025-04-04 23:15:00,TRUE
1952,2026-03-02 11:30:00,TRUE
4657,2027-12-13 08:45:00,FALSE
5097,2026-05-27 10:00:00,FALSE
3810,2026-11-07 12:30:00,FALSE
3135,2027-09-11 05:00:00,FALSE
1148,2027-02-23 07:15:00,FALSE
1211,2025-09-15 18:15:00,TRUE
3929,2027-06-21 16:45:00,FALSE
235,2027-05-10 00:45:00,FALSE
4392,2027-03-02 11:15:00,FALSE
9200,2025-10-15 17:00:00,TRUE
890,2026-04-10 03:30:00,TRUE
8850,2025-11-28 18:15:00,TRUE
9645,2027-06-23 07:30:00,FALSE
5075,2027-04-09 16:00:00,FALSE
1051,2026-04-06 21:15:00,TRUE
7406,2027-06-09 03:15:00,FALSE
7103,2025-05-10 23:45:00,TRUE
2897,2027-04-23 08:00:00,FALSE
3821,2027-02-21 07:30:00,FALSE
8738,2027-07-23 00:30:00,FALSE
2001,2026-03-17 19:00:00,TRUE
4211,2026-09-23 14:30:00,FALSE
16,2026-05-17 06:30:00,FALSE
6594,2026-07-02 21:15:00,FALSE
4778,2026-07-17 08:00:00,FALSE
4793,2026-03-08 21:15:00,TRUE
4360,2026-09-11 22:15:00,FALSE
4384,2026-03-13 03:15:00,TRUE
9706,2027-06-20 02:45:00,FALSE
8519,2027-03-10 10:30:00,FALSE
226,2025-03-06 19:30:00,TRUE
9459,2026-09-26 05:00:00,FALSE
172,2025-09-06 01:45:00,TRUE
2808,2026-05-05 07:45:00,TRUE
3492,2026-12-30 05:30:00,FALSE
5552,2026-03-26 07:30:00,TRUE
7882,2027-07-11 10:45:00,FALSE
5286,2026-03-29 08:45:00,TRUE
7289,2025-08-01 05:45:00,TRUE
7124,2026-11-10 22:30:00,FALSE
8386,2025-04-07 06:30:00,TRUE
7559,2025-11-18 03:00:00,TRUE
2498,2027-10-27 17:30:00,FALSE
9741,2026-06-23 14:30:00,FALSE
7870,2025-11-13 06:45:00,TRUE
2285,2027-01-23 21:30:00,FALSE
7786,2026-11-28 23:00:00,FALSE
1731,2026-12-10 09:30:00,FALSE
2794,2025-11-10 23:00:00,TRUE
6194,2026-11-03 03:15:00,FALSE
908,2026-04-06 14:00:00,TRUE
1810,2026-04-29 06:45:00,TRUE
2974,2027-06-30 13:00:00,FALSE
478,2027-02-09 13:45:00,FALSE
3532,2026-02-01 09:30:00,TRUE
6996,2027-02-18 00:00:00,FALSE
5766,2027-06-15 19:00:00,FALSE
3941,2025-03-31 23:00:00,TRUE
2676,2025-09-16 11:15:00,TRUE
4898,2027-11-29 08:45:00,FALSE
5891,2025-08-03 20:30:00,TRUE
8542,2026-07-19 14:00:00,FALSE
4781,2027-10-07 06:45:00,FALSE
8638,2026-02-19 02:00:00,TRUE
4902,2027-11-16 00:45:00,FALSE
6726,2026-04-27 19:00:00,TRUE
1116,2026-11-03 21:15:00,FALSE
2050,2025-12-31 18:45:00,TRUE
7456,2025-01-02 03:00:00,TRUE
1639,2027-12-13 15:30:00,FALSE
9384,2027-03-24 01:30:00,FALSE
4677,2027-05-10 03:30:00,FALSE
4135,2025-01-12 18:30:00,TRUE
3378,2026-10-29 14:30:00,FALSE
2164,2025-06-29 18:15:00,TRUE
1403,2026-03-02 18:30:00,TRUE
7514,2026-09-11 21:45:00,FALSE
8147,2027-04-26 17:00:00,FALSE
7633,2026-09-24 02:00:00,FALSE
3832,2025-11-22 18:45:00,TRUE
6030,2025-06-17 12:15:00,TRUE
472,2027-12-30 11:00:00,FALSE
5781,2026-07-03 15:15:00,FALSE
7453,2026-08-15 14:30:00,FALSE
7336,2027-06-28 10:15:00,FALSE
4501,2025-04-28 20:15:00,TRUE
3248,2026-01-05 11:15:00,TRUE
3564,2027-09-14 17:45:00,FALSE
876,2025-06-01 23:15:00,TRUE
6069,2026-09-09 20:30:00,FALSE
2965,2026-05-28 01:00:00,FALSE
1702,2027-11-18 16:00:00,FALSE
6438,2027-04-12 12:30:00,FALSE
8413,2025-03-02 12:15:00,TRUE
1715,2027-09-26 14:15:00,FALSE
4847,2026-04-08 06:30:00,TRUE
587,2026-01-16 09:30:00,TRUE
8228,2025-05-20 08:30:00,TRUE
6019,2027-04-03 02:15:00,FALSE
520,2027-04-18 16:30:00,FALSE
1244,2027-01-22 13:15:00,FALSE
137,2027-12-03 15:45:00,FALSE
2352,2026-03-24 19:00:00,TRUE
9849,2025-04-01 11:15:00,TRUE
4690,2027-06-10 00:30:00,FALSE
8124,2026-04-03 16:15:00,TRUE
5898,2025-03-23 20:45:00,TRUE
9311,2025-11-14 02:00:00,TRUE
9746,2027-07-06 11:45:00,FALSE
9135,2025-02-10 12:30:00,TRUE
9514,2026-09-11 21:15:00,FALSE
4929,2025-02-13 02:30:00,TRUE
9263,2027-01-09 05:45:00,FALSE
9735,2026-11-19 14:45:00,FALSE
8823,2027-08-03 21:30:00,FALSE
7320,2026-02-17 22:45:00,TRUE
3575,2026-08-09 18:00:00,FALSE
2340,2027-05-31 04:00:00,FALSE
8971,2027-11-15 10:15:00,FALSE
8235,2026-05-04 04:45:00,TRUE
623,2025-06-02 12:45:00,TRUE
1622,2027-04-06 05:30:00,FALSE
6855,2026-07-08 09:00:00,FALSE
6912,2026-10-02 13:15:00,FALSE
1217,2026-09-10 15:45:00,FALSE
8008,2026-04-16 11:15:00,TRUE
6660,2025-05-12 09:45:00,TRUE
7380,2027-09-15 18:00:00,FALSE
6062,2025-12-29 16:15:00,TRUE
763,2027-03-04 12:45:00,FALSE
2068,2026-01-23 13:15:00,TRUE
9985,2025-06-12 21:45:00,TRUE
832,2026-02-08 11:15:00,TRUE
1746,2027-07-06 05:15:00,FALSE
284,2026-03-03 11:00:00,TRUE
95,2027-12-18 14:45:00,FALSE
1469,2027-02-08 03:15:00,FALSE
7352,2027-01-01 03:15:00,FALSE
1747,2025-01-06 04:00:00,TRUE
3216,2025-06-20 09:45:00,TRUE
9492,2027-12-16 23:30:00,FALSE
7214,2026-03-26 03:00:00,TRUE
4411,2025-10-17 22:30:00,TRUE
873,2026-11-13 18:45:00,FALSE
9962,2026-02-01 05:15:00,TRUE
1662,2026-06-16 03:15:00,FALSE
7471,2027-11-07 10:30:00,FALSE
4942,2026-09-19 10:45:00,FALSE
5472,2026-03-23 07:15:00,TRUE
3671,2027-08-22 14:45:00,FALSE
4350,2027-03-05 22:30:00,FALSE
2503,2026-12-27 10:15:00,FALSE
3777,2025-07-18 22:00:00,TRUE
2341,2027-08-01 22:00:00,FALSE
1112,2027-04-02 18:45:00,FALSE
8783,2027-05-26 11:30:00,FALSE
1622,2027-12-15 18:00:00,FALSE
4540,2025-10-24 14:15:00,TRUE
7804,2025-05-26 10:30:00,TRUE
9805,2025-04-20 05:00:00,TRUE
2106,2025-09-22 12:45:00,TRUE
5072,2027-10-22 03:15:00,FALSE
6995,2025-02-02 13:15:00,TRUE
9452,2027-10-25 05:45:00,FALSE
8324,2026-06-16 02:30:00,FALSE
8579,2027-01-23 11:30:00,FALSE
6628,2025-03-27 09:00:00,TRUE
4769,2026-04-04 13:45:00,TRUE
8781,2026-12-30 00:00:00,FALSE
6847,2027-05-05 14:00:00,FALSE
441,2026-05-25 01:00:00,FALSE
5333,2025-09-13 21:45:00,TRUE
5679,2026-01-21 11:30:00,TRUE
5938,2027-03-24 15:30:00,FALSE
3521,2025-03-06 07:45:00,TRUE
567,2025-09-23 02:00:00,TRUE
4756,2025-03-09 21:15:00,TRUE
8613,2025-07-23 06:00:00,TRUE
9214,2027-05-07 02:45:00,FALSE
732,2025-07-20 07:30:00,TRUE
5506,2027-04-17 01:45:00,FALSE
7271,2025-07-07 00:30:00,TRUE
9141,2025-08-17 02:30:00,TRUE
4918,2027-09-13 19:30:00,FALSE
5318,2025-09-26 02:45:00,TRUE
9291,2025-04-01 21:30:00,TRUE
5206,2026-04-26 14:30:00,TRUE
1111,2025-11-20 19:30:00,TRUE
8475,2026-10-25 22:15:00,FALSE
3029,2026-09-27 23:00:00,FALSE
2314,2027-03-23 22:15:00,FALSE
6307,2025-03-02 00:30:00,TRUE
1222,2025-09-22 11:30:00,TRUE
380,2026-04-29 12:45:00,TRUE
3730,2025-10-25 18:15:00,TRUE
3501,2027-03-12 07:15:00,FALSE
8239,2025-10-18 11:45:00,TRUE
1934,2025-07-08 10:30:00,TRUE
6856,2026-07-17 13:00:00,FALSE
5902,2025-08-08 11:15:00,TRUE
3897,2025-03-17 12:15:00,TRUE
7233,2026-02-09 13:30:00,TRUE
9881,2025-03-13 18:15:00,TRUE
6757,2025-12-07 19:45:00,TRUE
3640,2025-08-27 01:30:00,TRUE
460,2026-02-12 14:15:00,TRUE
8653,2025-11-16 15:30:00,TRUE
9439,2027-08-28 22:00:00,FALSE
322,2025-12-31 16:45:00,TRUE
4119,2025-01-10 16:00:00,TRUE
9965,2026-07-07 05:15:00,FALSE
8341,2026-10-25 14:45:00,FALSE
8925,2025-07-28 09:00:00,TRUE
6373,2025-03-03 07:15:00,TRUE
4797,2026-08-31 11:45:00,FALSE
6898,2025-02-27 01:30:00,TRUE
4552,2025-02-21 17:00:00,TRUE
1778,2026-07-06 06:30:00,FALSE
7427,2027-03-05 14:15:00,FALSE
6768,2027-10-17 06:15:00,FALSE
9616,2027-08-24 21:00:00,FALSE
5788,2027-01-21 16:15:00,FALSE
5124,2025-05-07 15:00:00,TRUE
6159,2026-05-24 14:30:00,FALSE
2555,2027-04-29 03:45:00,FALSE
6128,2025-04-06 19:00:00,TRUE
921,2027-03-09 05:00:00,FALSE
2180,2025-09-20 21:00:00,TRUE
7210,2027-12-25 21:15:00,FALSE
8684,2026-08-10 17:15:00,FALSE
9041,2025-09-25 20:45:00,TRUE
4962,2026-07-06 16:45:00,FALSE
47,2026-12-28 06:00:00,FALSE
2807,2027-03-25 12:15:00,FALSE
6958,2026-09-06 07:00:00,FALSE
9021,2025-05-13 17:00:00,TRUE
161,2026-08-07 11:00:00,FALSE
3509,2025-10-28 06:00:00,TRUE
1601,2026-09-17 22:45:00,FALSE
997,2025-08-17 16:00:00,TRUE
5113,2027-06-28 09:15:00,FALSE
5487,2027-12-21 05:00:00,FALSE
671,2026-01-27 09:00:00,TRUE
4925,2025-04-12 01:30:00,TRUE
9575,2027-05-02 20:15:00,FALSE
195,2026-05-11 09:00:00,TRUE
5462,2026-11-17 10:00:00,FALSE
7704,2027-10-21 10:30:00,FALSE
9034,2026-12-26 22:15:00,FALSE
7833,2027-05-20 05:45:00,FALSE
3744,2025-01-12 00:30:00,TRUE
8549,2025-02-12 03:00:00,TRUE
3385,2025-03-07 12:45:00,TRUE
1275,2025-10-22 05:15:00,TRUE
1407,2026-07-10 01:15:00,FALSE
7429,2026-09-16 10:45:00,FALSE
2691,2026-05-05 19:30:00,TRUE
2611,2025-09-13 09:15:00,TRUE
5209,2026-05-14 16:30:00,TRUE
564,2027-05-08 11:15:00,FALSE
7886,2027-02-16 22:15:00,FALSE
8636,2027-08-13 04:30:00,FALSE
2816,2027-12-17 05:30:00,FALSE
7490,2027-09-22 09:15:00,FALSE
8356,2026-10-02 11:15:00,FALSE
6031,2027-07-17 00:45:00,FALSE
1542,2025-12-13 22:15:00,TRUE
102,2027-12-20 03:00:00,FALSE
4266,2025-09-06 11:15:00,TRUE
3487,2025-06-18 21:45:00,TRUE
7900,2027-05-02 07:15:00,FALSE
6969,2026-12-30 03:00:00,FALSE
1720,2026-06-28 09:15:00,FALSE
8817,2026-11-15 09:00:00,FALSE
1722,2026-12-29 19:30:00,FALSE
2154,2025-12-01 03:45:00,TRUE
8063,2026-09-05 07:00:00,FALSE
9220,2027-02-01 12:15:00,FALSE
221,2027-07-06 00:15:00,FALSE
4709,2027-12-07 16:00:00,FALSE
1667,2026-11-12 14:15:00,FALSE
5900,2027-11-10 16:30:00,FALSE
9012,2027-06-25 02:15:00,FALSE
7503,2027-10-11 22:15:00,FALSE
9436,2027-04-19 21:45:00,FALSE
4198,2026-10-18 14:15:00,FALSE
9946,2026-03-05 08:30:00,TRUE
9446,2026-12-07 01:45:00,FALSE
2599,2026-07-24 06:15:00,FALSE
4429,2027-05-31 12:45:00,FALSE
7811,2027-04-21 09:30:00,FALSE
8020,2025-04-17 09:45:00,TRUE
8820,2025-05-14 18:30:00,TRUE
8185,2025-02-08 02:00:00,TRUE
4063,2026-06-24 17:15:00,FALSE
7724,2026-01-07 05:15:00,TRUE
7634,2025-04-08 15:30:00,TRUE
2870,2027-08-26 15:00:00,FALSE
9372,2026-01-10 15:30:00,TRUE
6506,2026-04-09 21:15:00,TRUE
1816,2025-09-17 20:45:00,TRUE
9760,2026-10-26 06:45:00,FALSE
9999,2025-10-30 07:15:00,TRUE
10008,2027-12-21 22:45:00,FALSE
2463,2025-01-20 07:45:00,TRUE
7147,2027-09-11 04:15:00,FALSE
6309,2026-12-20 12:30:00,FALSE
5701,2026-07-27 11:45:00,FALSE
5978,2025-04-21 14:30:00,TRUE
7578,2025-06-15 19:00:00,TRUE
9156,2026-03-12 22:00:00,TRUE
9379,2025-11-09 15:00:00,TRUE
8749,2025-10-04 09:15:00,TRUE
8358,2027-11-28 09:45:00,FALSE
8680,2027-07-24 23:30:00,FALSE
8444,2025-03-07 16:45:00,TRUE
6227,2027-03-27 08:45:00,FALSE
659,2025-09-08 13:00:00,TRUE
2096,2027-01-29 08:45:00,FALSE
2264,2027-03-28 17:00:00,FALSE
233,2026-10-27 05:30:00,FALSE
7315,2027-01-29 22:45:00,FALSE
9574,2025-04-19 22:30:00,TRUE
4867,2026-05-12 19:15:00,TRUE
9408,2026-06-28 11:00:00,FALSE
8097,2026-12-22 01:00:00,FALSE
8117,2027-02-01 03:30:00,FALSE
164,2027-05-23 01:45:00,FALSE
670,2026-12-20 23:15:00,FALSE
3510,2026-09-16 13:45:00,FALSE
6519,2025-09-11 11:30:00,TRUE
2694,2027-05-01 06:15:00,FALSE
4813,2027-12-10 15:45:00,FALSE
8732,2026-12-10 04:30:00,FALSE
4675,2025-07-07 01:00:00,TRUE
9907,2026-10-29 14:45:00,FALSE
9981,2026-07-23 06:00:00,FALSE
1233,2026-01-11 23:45:00,TRUE
6207,2026-11-25 05:45:00,FALSE
5646,2025-03-05 14:45:00,TRUE
7150,2025-11-06 02:45:00,TRUE
2859,2025-08-26 00:00:00,TRUE
8633,2026-07-13 01:45:00,FALSE
9418,2026-03-03 23:30:00,TRUE
2457,2025-02-12 22:30:00,TRUE
293,2026-02-28 21:00:00,TRUE
1463,2026-07-18 20:00:00,FALSE
4017,2026-06-23 11:45:00,FALSE
1806,2026-05-24 12:45:00,FALSE
9701,2027-03-02 20:30:00,FALSE
3833,2026-09-23 15:15:00,FALSE
3916,2025-05-15 15:45:00,TRUE
2098,2026-03-12 06:30:00,TRUE
4163,2027-11-23 03:15:00,FALSE
881,2025-03-08 02:30:00,TRUE
1256,2025-05-01 02:00:00,TRUE
7317,2026-04-25 18:00:00,TRUE
6293,2025-06-05 19:15:00,TRUE
4303,2027-08-04 00:30:00,FALSE
5176,2025-09-24 21:15:00,TRUE
9754,2025-02-10 18:00:00,TRUE
6633,2026-05-31 22:00:00,FALSE
8954,2026-07-17 18:45:00,FALSE
1401,2026-03-15 01:30:00,TRUE
7313,2025-12-28 10:15:00,TRUE
7293,2026-05-06 19:00:00,TRUE
7084,2027-07-16 01:30:00,FALSE
6221,2026-08-14 06:30:00,FALSE
5494,2027-09-22 09:00:00,FALSE
5777,2027-06-15 11:30:00,FALSE
7804,2027-01-26 07:15:00,FALSE
5470,2025-09-23 14:15:00,TRUE
4666,2027-10-13 10:45:00,FALSE
2119,2027-10-23 12:00:00,FALSE
4231,2025-07-03 08:00:00,TRUE
9894,2026-12-12 22:30:00,FALSE
5020,2027-05-06 00:00:00,FALSE
8620,2026-04-10 13:15:00,TRUE
3720,2027-04-09 12:30:00,FALSE
8704,2026-07-07 18:30:00,FALSE
7831,2027-03-13 16:00:00,FALSE
1409,2027-07-01 07:00:00,FALSE
1209,2027-09-18 11:15:00,FALSE
5654,2025-08-23 18:00:00,TRUE
2664,2025-11-19 18:00:00,TRUE
2930,2027-10-14 11:00:00,FALSE
5847,2025-08-24 21:30:00,TRUE
6654,2025-10-01 09:45:00,TRUE
5061,2025-02-10 20:45:00,TRUE
167,2027-11-15 19:30:00,FALSE
4087,2027-05-27 08:15:00,FALSE
6483,2027-10-08 03:00:00,FALSE
9327,2026-04-05 09:00:00,TRUE
2694,2026-11-23 03:45:00,FALSE
3572,2027-10-25 18:45:00,FALSE
4522,2026-11-01 15:30:00,FALSE
6103,2026-10-07 06:00:00,FALSE
1510,2026-11-12 01:15:00,FALSE
3868,2027-09-14 23:15:00,FALSE
2867,2025-09-03 23:00:00,TRUE
6708,2026-06-27 03:45:00,FALSE
4860,2027-08-28 23:45:00,FALSE
9516,2026-11-03 08:15:00,FALSE
4255,2025-07-13 11:30:00,TRUE
5735,2027-07-19 16:30:00,FALSE
6562,2025-12-04 04:45:00,TRUE
8841,2027-08-21 13:30:00,FALSE
8745,2026-10-03 15:30:00,FALSE
8744,2026-10-13 12:45:00,FALSE
3081,2026-08-06 20:45:00,FALSE
6151,2027-02-15 16:30:00,FALSE
6543,2025-02-27 23:30:00,TRUE
239,2026-07-31 19:45:00,FALSE
4269,2025-10-01 04:45:00,TRUE
3417,2026-06-30 15:30:00,FALSE
6942,2026-10-05 00:45:00,FALSE
681,2027-05-19 18:15:00,FALSE
7608,2026-01-25 10:15:00,TRUE
5901,2026-06-26 03:45:00,FALSE
1180,2026-09-13 07:30:00,FALSE
5682,2027-09-11 14:15:00,FALSE
4740,2025-07-12 17:15:00,TRUE
1309,2027-12-26 01:45:00,FALSE
6998,2026-02-12 22:15:00,TRUE
8606,2027-06-03 03:00:00,FALSE
8516,2027-06-07 01:00:00,FALSE
1123,2025-11-09 15:15:00,TRUE
3063,2026-01-09 19:15:00,TRUE
7552,2026-04-07 01:45:00,TRUE
4709,2025-06-16 21:00:00,TRUE
744,2027-09-06 03:30:00,FALSE
7101,2025-05-19 22:15:00,TRUE
2518,2025-02-26 17:15:00,TRUE
4430,2025-11-15 09:30:00,TRUE
9602,2027-05-31 19:00:00,FALSE
4924,2026-03-25 20:30:00,TRUE
9005,2026-04-03 13:00:00,TRUE
9186,2025-07-13 15:30:00,TRUE
9394,2026-03-09 13:45:00,TRUE
2425,2026-02-19 23:45:00,TRUE
3470,2026-06-30 02:15:00,FALSE
5222,2026-09-27 08:45:00,FALSE
8633,2025-05-10 09:15:00,TRUE
3506,2026-03-13 18:45:00,TRUE
2315,2027-01-29 15:45:00,FALSE
3004,2026-07-05 21:45:00,FALSE
2136,2027-10-19 18:45:00,FALSE
9838,2026-07-30 21:30:00,FALSE
6799,2026-09-07 10:30:00,FALSE
2623,2026-11-10 09:15:00,FALSE
8896,2026-02-01 17:45:00,TRUE
7211,2026-09-26 07:30:00,FALSE
7739,2027-06-11 07:30:00,FALSE
3797,2026-05-26 03:00:00,FALSE
4612,2027-11-28 07:00:00,FALSE
7827,2026-12-13 03:30:00,FALSE
4466,2027-07-23 07:15:00,FALSE
5081,2027-08-27 11:15:00,FALSE
8258,2026-10-29 23:00:00,FALSE
4166,2026-09-10 06:15:00,FALSE
1657,2025-04-13 01:00:00,TRUE
2125,2026-08-03 09:00:00,FALSE
8470,2026-11-03 18:15:00,FALSE
1890,2026-03-18 13:30:00,TRUE
6819,2025-02-03 05:30:00,TRUE
3889,2027-04-19 05:45:00,FALSE
1752,2025-01-20 03:30:00,TRUE
495,2027-07-25 02:45:00,FALSE
4684,2026-01-24 18:30:00,TRUE
9137,2027-12-16 18:15:00,FALSE
805,2025-01-31 23:30:00,TRUE
7294,2026-11-21 16:45:00,FALSE
4814,2027-02-28 16:00:00,FALSE
6552,2025-09-13 14:30:00,TRUE
6250,2025-06-30 02:15:00,TRUE
7286,2025-01-23 18:45:00,TRUE
5778,2027-12-01 23:30:00,FALSE
2372,2026-03-10 21:00:00,TRUE
3423,2025-03-13 11:15:00,TRUE
8473,2025-06-19 23:45:00,TRUE
3414,2025-12-12 18:30:00,TRUE
205,2027-08-28 03:30:00,FALSE
3506,2025-11-23 06:45:00,TRUE
6981,2026-05-02 09:15:00,TRUE
7285,2026-07-30 02:00:00,FALSE
1993,2027-12-04 10:30:00,FALSE
285,2025-04-16 10:15:00,TRUE
4113,2027-07-03 20:15:00,FALSE
2656,2026-09-16 11:00:00,FALSE
3997,2026-05-21 10:00:00,FALSE
8882,2026-01-27 20:45:00,TRUE
9300,2025-08-06 18:15:00,TRUE
1880,2026-09-26 16:30:00,FALSE
616,2027-06-24 20:15:00,FALSE
3465,2025-04-07 22:30:00,TRUE
5450,2025-07-20 11:00:00,TRUE
1954,2027-02-01 18:45:00,FALSE
55,2025-03-24 19:15:00,TRUE
5583,2027-10-06 10:15:00,FALSE
2142,2026-10-19 20:45:00,FALSE
72,2027-06-05 02:15:00,FALSE
9877,2027-10-11 04:30:00,FALSE
1804,2025-08-08 20:30:00,TRUE
5975,2026-01-05 08:15:00,TRUE
6879,2025-01-28 19:45:00,TRUE
80,2027-05-25 17:00:00,FALSE
7585,2027-11-19 22:15:00,FALSE
1059,2026-10-09 04:15:00,FALSE
7314,2027-07-27 17:00:00,FALSE
3034,2027-05-05 08:00:00,FALSE
8881,2027-01-13 02:00:00,FALSE
6491,2025-11-18 23:30:00,TRUE
50,2026-08-02 03:00:00,FALSE
1870,2026-09-02 12:00:00,FALSE
5145,2026-02-17 17:00:00,TRUE
6465,2027-04-25 20:15:00,FALSE
137,2027-10-21 05:45:00,FALSE
6081,2025-08-13 06:30:00,TRUE
4150,2025-11-17 04:30:00,TRUE
1388,2027-01-09 16:15:00,FALSE
4363,2026-05-21 11:45:00,FALSE
7220,2026-04-11 08:15:00,TRUE
885,2025-04-14 13:45:00,TRUE
1689,2027-04-04 10:45:00,FALSE
4476,2027-04-06 22:15:00,FALSE
8586,2026-05-12 09:30:00,TRUE
9122,2027-10-21 13:45:00,FALSE
4381,2026-06-05 07:30:00,FALSE
1556,2026-05-06 11:45:00,TRUE
1621,2026-02-05 17:45:00,TRUE
3315,2026-10-02 04:15:00,FALSE
5675,2026-03-25 13:15:00,TRUE
5813,2027-02-17 18:15:00,FALSE
9164,2026-08-18 22:00:00,FALSE
5602,2027-01-16 02:45:00,FALSE
3717,2026-11-14 22:30:00,FALSE
6524,2025-10-31 06:45:00,TRUE
5235,2027-04-03 18:45:00,FALSE
8941,2025-11-14 02:15:00,TRUE
80,2025-08-19 17:15:00,TRUE
3254,2026-02-12 14:30:00,TRUE
2787,2026-04-21 22:00:00,TRUE
3058,2027-09-20 15:15:00,FALSE
4276,2026-05-06 07:00:00,TRUE
7259,2026-07-17 07:45:00,FALSE
2493,2027-01-19 18:15:00,FALSE
7442,2025-06-04 05:45:00,TRUE
313,2026-05-03 22:45:00,TRUE
9485,2026-06-21 12:30:00,FALSE
2351,2026-02-27 01:30:00,TRUE
2604,2026-06-09 06:45:00,FALSE
8590,2027-06-23 06:45:00,FALSE
1406,2027-08-23 22:45:00,FALSE
4831,2025-08-18 09:15:00,TRUE
7244,2027-07-21 23:00:00,FALSE
4615,2026-12-20 15:15:00,FALSE
8177,2025-11-17 11:00:00,TRUE
4529,2027-11-09 16:15:00,FALSE
2102,2026-01-30 22:00:00,TRUE
167,2026-07-23 10:45:00,FALSE
8222,2026-09-21 20:00:00,FALSE
9342,2027-10-24 00:00:00,FALSE
7848,2025-02-06 01:00:00,TRUE
5193,2026-04-18 20:15:00,TRUE
2285,2026-09-10 14:00:00,FALSE
8204,2026-01-28 12:15:00,TRUE
10003,2026-01-13 11:30:00,TRUE
9763,2025-10-10 16:30:00,TRUE
338,2025-07-20 19:15:00,TRUE
7947,2027-10-10 20:30:00,FALSE
350,2025-07-16 21:00:00,TRUE
5793,2027-06-02 16:45:00,FALSE
2397,2027-03-13 07:45:00,FALSE
8888,2025-01-26 02:30:00,TRUE
7065,2025-04-05 10:30:00,TRUE
2098,2025-08-12 17:00:00,TRUE
7335,2026-10-24 11:00:00,FALSE
918,2025-11-08 06:30:00,TRUE
9107,2026-08-02 00:45:00,FALSE
4300,2026-08-06 05:00:00,FALSE
915,2027-11-23 14:30:00,FALSE
5579,2026-06-02 04:15:00,FALSE
6152,2027-05-28 09:45:00,FALSE
8401,2025-11-13 22:15:00,TRUE
5280,2026-08-09 11:00:00,FALSE
71,2025-10-11 03:15:00,TRUE
5296,2026-11-21 09:45:00,FALSE
2072,2025-10-01 12:15:00,TRUE
3457,2026-07-06 22:45:00,FALSE
8075,2025-04-06 07:15:00,TRUE
6783,2025-03-27 07:15:00,TRUE
8113,2027-07-18 04:00:00,FALSE
362,2025-01-16 16:15:00,TRUE
3521,2026-07-22 13:15:00,FALSE
5486,2027-09-26 17:30:00,FALSE
9066,2027-07-06 05:15:00,FALSE
4689,2027-04-27 03:45:00,FALSE
2442,2026-09-07 13:30:00,FALSE
3799,2027-08-11 06:15:00,FALSE
4569,2026-01-09 10:15:00,TRUE
7344,2026-07-18 09:45:00,FALSE
4240,2025-04-17 14:45:00,TRUE
2549,2026-04-10 21:30:00,TRUE
9425,2026-02-25 22:30:00,TRUE
3429,2026-01-17 06:45:00,TRUE
4028,2027-02-05 05:00:00,FALSE
9849,2026-01-10 09:30:00,TRUE
6265,2025-06-20 03:30:00,TRUE
7777,2025-04-01 08:15:00,TRUE
3443,2025-02-03 09:15:00,TRUE
5146,2025-07-23 21:00:00,TRUE
69,2025-04-29 09:00:00,TRUE
494,2027-06-16 03:30:00,FALSE
7331,2026-05-01 00:30:00,TRUE
9483,2026-01-24 22:30:00,TRUE
805,2027-09-06 01:15:00,FALSE
9299,2026-04-05 10:45:00,TRUE
9054,2025-09-12 11:00:00,TRUE
8695,2025-05-01 05:00:00,TRUE
1838,2027-12-03 02:30:00,FALSE
1804,2026-07-21 06:30:00,FALSE
210,2027-09-15 08:15:00,FALSE
5029,2025-09-05 01:15:00,TRUE
6814,2026-10-08 23:00:00,FALSE
9781,2025-04-02 06:30:00,TRUE
4197,2027-12-18 04:45:00,FALSE
1090,2026-10-29 07:15:00,FALSE
6968,2026-05-21 04:00:00,FALSE
5621,2027-06-07 13:30:00,FALSE
7059,2027-05-04 12:15:00,FALSE
1525,2025-01-16 03:15:00,TRUE
1970,2025-09-11 12:00:00,TRUE
565,2026-02-27 04:15:00,TRUE
9282,2026-07-26 16:15:00,FALSE
5129,2027-11-17 01:45:00,FALSE
1879,2027-08-18 13:45:00,FALSE
4816,2027-04-30 11:30:00,FALSE
7512,2026-05-15 22:15:00,TRUE
590,2026-02-18 21:45:00,TRUE
592,2027-07-07 22:45:00,FALSE
4802,2027-02-13 05:45:00,FALSE
4503,2026-10-14 07:15:00,FALSE
9764,2026-09-03 18:45:00,FALSE
1035,2027-11-20 10:00:00,FALSE
8233,2027-03-15 10:45:00,FALSE
2552,2026-08-22 15:30:00,FALSE
4708,2026-05-28 13:30:00,FALSE
9477,2027-03-06 16:15:00,FALSE
9178,2027-05-09 00:30:00,FALSE
6614,2025-04-25 13:30:00,TRUE
2393,2025-12-08 20:00:00,TRUE
3468,2027-01-09 19:00:00,FALSE
5628,2025-10-24 16:00:00,TRUE
5766,2025-09-05 19:00:00,TRUE
2976,2026-01-09 09:45:00,TRUE
7299,2027-05-23 23:30:00,FALSE
4802,2025-01-15 20:30:00,TRUE
5828,2026-10-15 15:30:00,FALSE
6797,2025-05-31 09:45:00,TRUE
844,2025-06-25 21:15:00,TRUE
6954,2026-10-27 03:15:00,FALSE
5804,2027-06-30 07:00:00,FALSE
7669,2025-01-02 06:00:00,TRUE
5165,2026-03-02 21:30:00,TRUE
5872,2027-09-07 21:45:00,FALSE
1698,2027-05-09 18:15:00,FALSE
8921,2025-11-28 07:45:00,TRUE
4236,2027-09-20 14:30:00,FALSE
8936,2026-01-17 18:45:00,TRUE
5311,2025-04-04 02:15:00,TRUE
2017,2025-05-18 11:30:00,TRUE
2824,2025-09-05 13:30:00,TRUE
5189,2026-06-04 03:30:00,FALSE
3734,2025-11-26 00:15:00,TRUE
8866,2027-04-23 02:45:00,FALSE
6684,2026-08-28 03:15:00,FALSE
2173,2027-08-22 14:00:00,FALSE
2186,2027-03-15 22:15:00,FALSE
3375,2026-09-30 17:15:00,FALSE
522,2025-08-12 16:00:00,TRUE
518,2027-03-18 11:15:00,FALSE
1836,2025-02-27 23:30:00,TRUE
2472,2025-06-04 18:45:00,TRUE
7115,2025-07-02 00:00:00,TRUE
7180,2027-11-29 09:30:00,FALSE
4645,2027-01-07 19:30:00,FALSE
4378,2025-07-13 05:45:00,TRUE
7830,2027-12-05 18:15:00,FALSE
6352,2025-07-31 23:00:00,TRUE
9409,2027-07-31 23:00:00,FALSE
5506,2027-06-17 05:15:00,FALSE
7251,2026-07-24 16:30:00,FALSE
8400,2026-10-21 07:30:00,FALSE
7303,2026-05-05 01:45:00,TRUE
4805,2027-01-10 11:00:00,FALSE
8716,2026-07-31 05:00:00,FALSE
1606,2025-01-27 22:30:00,TRUE
4341,2027-08-11 02:15:00,FALSE
3748,2025-11-23 11:45:00,TRUE
1198,2027-10-29 03:30:00,FALSE
3086,2025-12-24 01:45:00,TRUE
4675,2026-09-07 05:30:00,FALSE
4650,2025-07-20 10:45:00,TRUE
4513,2027-03-17 09:45:00,FALSE
1583,2025-03-26 10:45:00,TRUE
1866,2026-06-06 09:30:00,FALSE
5095,2027-04-27 19:45:00,FALSE
8760,2026-02-04 01:00:00,TRUE
2137,2026-11-17 19:30:00,FALSE
5824,2026-08-25 18:45:00,FALSE
98,2025-12-06 00:00:00,TRUE
4270,2026-05-18 03:00:00,FALSE
7091,2026-11-08 17:15:00,FALSE
9252,2027-09-02 09:15:00,FALSE
4420,2025-12-29 10:00:00,TRUE
7545,2025-09-18 01:30:00,TRUE
3047,2027-02-25 05:15:00,FALSE
519,2025-11-26 12:45:00,TRUE
6222,2026-09-17 05:15:00,FALSE
1738,2025-09-14 23:00:00,TRUE
4989,2027-02-03 07:15:00,FALSE
8281,2025-01-05 01:30:00,TRUE
6920,2025-01-01 15:00:00,TRUE
7268,2027-05-21 19:00:00,FALSE
9196,2026-08-27 20:00:00,FALSE
4738,2025-02-23 10:15:00,TRUE
1236,2025-01-23 08:00:00,TRUE
2670,2027-10-08 15:00:00,FALSE
532,2027-01-21 13:15:00,FALSE
7465,2027-06-07 15:45:00,FALSE
2527,2027-01-02 12:30:00,FALSE
4607,2026-08-26 05:30:00,FALSE
7575,2026-07-01 06:45:00,FALSE
2987,2025-05-23 03:30:00,TRUE
930,2025-05-27 07:30:00,TRUE
706,2025-08-14 15:00:00,TRUE
7266,2026-10-22 06:30:00,FALSE
5782,2025-09-06 21:00:00,TRUE
4377,2026-11-13 19:45:00,FALSE
6727,2026-10-31 12:45:00,FALSE
26,2027-09-02 17:30:00,FALSE
5684,2026-09-27 09:00:00,FALSE
3639,2026-04-28 12:45:00,TRUE
8900,2026-12-22 21:45:00,FALSE
6159,2026-08-29 01:30:00,FALSE
3887,2026-07-06 09:30:00,FALSE
344,2027-01-31 09:30:00,FALSE
3562,2027-03-08 09:15:00,FALSE
7848,2026-06-08 13:00:00,FALSE
552,2027-04-16 05:00:00,FALSE
8207,2026-10-28 03:30:00,FALSE
8538,2027-09-30 06:15:00,FALSE
284,2025-08-24 09:15:00,TRUE
4970,2027-02-19 19:30:00,FALSE
6602,2026-04-30 12:30:00,TRUE
3169,2025-12-29 05:15:00,TRUE
5155,2025-01-22 01:15:00,TRUE
6815,2026-03-02 17:30:00,TRUE
9228,2025-08-24 01:15:00,TRUE
2461,2026-10-05 06:45:00,FALSE
7770,2026-11-09 03:45:00,FALSE
8125,2025-03-15 20:30:00,TRUE
7496,2026-03-26 07:30:00,TRUE
7845,2027-04-30 19:45:00,FALSE
9602,2026-03-13 12:15:00,TRUE
5204,2025-12-28 16:30:00,TRUE
2278,2025-07-27 18:30:00,TRUE
8414,2027-06-07 20:00:00,FALSE
8313,2027-07-02 12:30:00,FALSE
9336,2026-02-24 18:00:00,TRUE
6591,2026-03-19 17:45:00,TRUE
5357,2025-05-22 13:45:00,TRUE
5305,2025-09-12 09:45:00,TRUE
1986,2027-12-22 16:45:00,FALSE
4914,2026-09-19 11:00:00,FALSE
3853,2026-01-09 04:15:00,TRUE
5481,2025-10-31 02:15:00,TRUE
94,2025-07-22 23:30:00,TRUE
2666,2026-08-10 08:00:00,FALSE
2200,2027-08-06 00:00:00,FALSE
8152,2026-02-13 22:30:00,TRUE
6363,2026-07-31 23:45:00,FALSE
9248,2026-06-07 18:00:00,FALSE
3288,2025-12-24 21:15:00,TRUE
9154,2027-08-16 20:00:00,FALSE
1310,2026-03-13 02:45:00,TRUE
7238,2025-03-22 01:15:00,TRUE
4734,2025-07-10 05:00:00,TRUE
3418,2026-06-02 15:45:00,FALSE
6506,2026-12-13 04:00:00,FALSE
1231,2027-07-09 04:00:00,FALSE
7513,2026-11-14 21:00:00,FALSE
9225,2026-12-01 04:00:00,FALSE
6316,2027-12-24 19:30:00,FALSE
3045,2027-02-07 03:00:00,FALSE
4788,2025-08-16 16:30:00,TRUE
3601,2026-05-15 04:15:00,TRUE
9237,2026-05-13 07:00:00,TRUE
7256,2026-02-17 16:00:00,TRUE
9620,2027-05-08 13:45:00,FALSE
2427,2027-10-12 05:15:00,FALSE
6901,2025-03-27 20:45:00,TRUE
729,2025-11-05 17:45:00,TRUE
6506,2026-08-20 16:00:00,FALSE
4331,2026-08-05 17:00:00,FALSE
3954,2025-01-05 08:45:00,TRUE
2416,2025-11-21 18:15:00,TRUE
398,2027-10-27 07:00:00,FALSE
3447,2026-03-18 14:30:00,TRUE
9519,2026-07-30 11:45:00,FALSE
2950,2027-05-16 21:45:00,FALSE
2767,2025-05-03 19:45:00,TRUE
485,2026-11-05 12:15:00,FALSE
416,2027-10-26 11:15:00,FALSE
5876,2026-10-03 03:00:00,FALSE
6833,2025-01-20 16:30:00,TRUE
3688,2025-08-05 02:45:00,TRUE
933,2025-05-28 11:15:00,TRUE
4146,2026-01-25 10:45:00,TRUE
7245,2025-04-24 09:00:00,TRUE
137,2025-09-08 15:45:00,TRUE
7917,2026-11-11 22:45:00,FALSE
4895,2025-07-10 22:45:00,TRUE
6916,2026-03-05 03:00:00,TRUE
5939,2026-12-11 18:30:00,FALSE
2224,2026-05-19 03:45:00,FALSE
6133,2025-10-17 05:30:00,TRUE
3428,2025-03-22 14:30:00,TRUE
9794,2027-07-22 17:30:00,FALSE
3202,2025-06-28 06:15:00,TRUE
3263,2027-04-17 06:45:00,FALSE
9722,2026-12-22 17:00:00,FALSE
3728,2027-03-11 09:15:00,FALSE
4982,2027-08-11 07:15:00,FALSE
7257,2025-05-15 14:00:00,TRUE
6617,2026-08-11 17:00:00,FALSE
1232,2026-10-10 20:45:00,FALSE
5319,2027-07-12 08:30:00,FALSE
3425,2025-08-16 23:30:00,TRUE
4215,2027-02-03 23:45:00,FALSE
3683,2025-05-29 09:15:00,TRUE
548,2025-12-31 14:00:00,TRUE
8310,2025-09-26 21:30:00,TRUE
9296,2027-06-10 02:45:00,FALSE
7612,2026-09-07 20:30:00,FALSE
2246,2026-07-16 13:15:00,FALSE
8679,2026-02-18 09:30:00,TRUE
3433,2025-04-03 14:00:00,TRUE
4298,2026-04-25 09:45:00,TRUE
9069,2027-09-02 19:15:00,FALSE
8268,2025-08-02 21:00:00,TRUE
5204,2027-10-15 19:00:00,FALSE
6718,2025-05-15 11:45:00,TRUE
3721,2025-10-11 20:15:00,TRUE
5806,2025-06-11 11:15:00,TRUE
3790,2025-04-27 22:45:00,TRUE
1917,2025-12-05 15:15:00,TRUE
8516,2026-08-05 01:30:00,FALSE
2485,2026-12-08 10:15:00,FALSE
2065,2026-05-01 01:00:00,TRUE
4981,2027-11-21 19:45:00,FALSE
7722,2025-10-19 14:15:00,TRUE
8612,2026-09-22 18:00:00,FALSE
6799,2026-09-10 05:30:00,FALSE
1087,2026-07-04 08:45:00,FALSE
7344,2027-11-22 14:30:00,FALSE
2854,2026-03-29 19:15:00,TRUE
9136,2026-10-19 23:15:00,FALSE
2330,2025-09-11 09:45:00,TRUE
4537,2026-10-03 01:00:00,FALSE
7484,2027-04-27 01:15:00,FALSE
203,2026-04-11 16:15:00,TRUE
4489,2026-02-08 22:30:00,TRUE
1182,2026-04-30 10:15:00,TRUE
5121,2026-06-02 22:45:00,FALSE
6201,2026-06-24 19:00:00,FALSE
2368,2027-12-20 02:30:00,FALSE
5538,2026-09-01 12:45:00,FALSE
6365,2025-10-15 16:30:00,TRUE
7560,2025-05-22 05:15:00,TRUE
6067,2026-08-08 03:15:00,FALSE
5422,2025-10-11 05:00:00,TRUE
9338,2025-09-25 09:30:00,TRUE
4718,2027-04-12 15:45:00,FALSE
1327,2025-02-04 05:15:00,TRUE
4214,2025-03-27 20:15:00,TRUE
1483,2027-09-08 23:15:00,FALSE
846,2027-09-20 09:45:00,FALSE
8088,2025-05-13 09:45:00,TRUE
7494,2026-06-25 18:30:00,FALSE
105,2027-05-06 04:15:00,FALSE
7408,2027-08-18 00:15:00,FALSE
1609,2026-06-16 09:30:00,FALSE
5157,2026-09-06 12:45:00,FALSE
7898,2027-04-24 11:30:00,FALSE
95,2025-07-01 21:45:00,TRUE
7985,2026-01-19 02:00:00,TRUE
9318,2026-01-24 03:30:00,TRUE
567,2026-08-20 05:30:00,FALSE
7427,2025-07-09 04:30:00,TRUE
5392,2027-02-19 01:30:00,FALSE
6137,2026-08-12 03:15:00,FALSE
5633,2025-08-22 09:45:00,TRUE
1574,2025-07-03 19:00:00,TRUE
5848,2026-08-08 01:00:00,FALSE
151,2026-07-12 05:45:00,FALSE
894,2026-10-08 00:00:00,FALSE
1377,2026-05-10 08:30:00,TRUE
7256,2027-03-01 09:15:00,FALSE
7374,2027-05-18 17:15:00,FALSE
6640,2027-01-03 00:15:00,FALSE
9342,2026-10-31 08:45:00,FALSE
1663,2026-03-24 05:30:00,TRUE
8954,2026-06-14 15:00:00,FALSE
4774,2026-01-19 08:30:00,TRUE
3797,2027-01-18 03:00:00,FALSE
2172,2027-06-01 09:00:00,FALSE
1210,2026-11-03 16:30:00,FALSE
3297,2027-02-18 05:15:00,FALSE
5228,2025-07-19 04:30:00,TRUE
5631,2027-08-04 08:00:00,FALSE
5694,2025-11-07 04:00:00,TRUE
6527,2027-06-30 19:15:00,FALSE
5449,2027-08-11 13:45:00,FALSE
9420,2026-10-16 09:30:00,FALSE
7710,2025-05-23 13:15:00,TRUE
5834,2027-02-10 23:15:00,FALSE
6493,2027-08-03 06:30:00,FALSE
497,2027-07-31 09:45:00,FALSE
8592,2026-11-09 04:00:00,FALSE
6625,2027-06-29 19:00:00,FALSE
442,2027-03-31 23:15:00,FALSE
8770,2025-03-01 16:30:00,TRUE
7555,2026-06-24 18:15:00,FALSE
3395,2026-06-01 07:30:00,FALSE
7640,2027-11-23 23:15:00,FALSE
9892,2025-02-27 12:15:00,TRUE
2803,2025-06-12 06:45:00,TRUE
6573,2026-05-21 05:15:00,FALSE
97,2027-07-17 12:00:00,FALSE
5221,2026-04-08 13:45:00,TRUE
2135,2027-05-04 03:30:00,FALSE
8135,2025-08-17 23:15:00,TRUE
3039,2025-04-30 05:00:00,TRUE
3804,2026-02-23 07:45:00,TRUE
8510,2025-03-11 05:00:00,TRUE
5875,2026-09-21 15:15:00,FALSE
3674,2027-08-24 08:30:00,FALSE
9453,2026-08-15 03:15:00,FALSE
7295,2026-05-08 08:15:00,TRUE
1876,2027-07-14 21:15:00,FALSE
9413,2027-08-25 01:00:00,FALSE
6034,2027-07-20 21:00:00,FALSE
6809,2025-09-23 13:30:00,TRUE
9434,2027-02-21 23:15:00,FALSE
4953,2026-03-06 08:30:00,TRUE
3560,2027-06-26 17:15:00,FALSE
4050,2025-04-03 16:00:00,TRUE
6506,2026-03-01 05:30:00,TRUE
14,2026-09-19 17:15:00,FALSE
857,2026-10-16 08:00:00,FALSE
3188,2027-12-12 08:45:00,FALSE
2054,2025-06-04 16:30:00,TRUE
5905,2026-08-20 09:30:00,FALSE
4331,2025-01-26 22:00:00,TRUE
1780,2026-09-04 10:30:00,FALSE
6889,2026-03-13 21:00:00,TRUE
8518,2026-07-22 04:45:00,FALSE
5143,2027-08-09 03:15:00,FALSE
7905,2027-12-29 22:00:00,FALSE
6155,2026-01-22 04:00:00,TRUE
8622,2025-01-27 06:15:00,TRUE
8621,2027-09-13 20:45:00,FALSE
1087,2026-10-18 20:15:00,FALSE
729,2026-10-27 10:15:00,FALSE
1328,2025-12-24 16:30:00,TRUE
2883,2026-09-10 23:30:00,FALSE
2732,2027-05-22 14:45:00,FALSE
5148,2027-02-28 06:15:00,FALSE
8624,2025-11-28 20:30:00,TRUE
235,2026-10-06 08:30:00,FALSE
4966,2027-04-04 23:45:00,FALSE
29,2027-04-15 03:30:00,FALSE
4530,2026-07-10 07:30:00,FALSE
3336,2027-03-07 23:15:00,FALSE
4587,2027-05-27 07:45:00,FALSE
1077,2026-01-25 11:00:00,TRUE
9713,2025-02-01 21:00:00,TRUE
8332,2027-08-21 18:15:00,FALSE
4642,2025-04-16 09:45:00,TRUE
3880,2026-08-09 12:00:00,FALSE
3479,2026-02-04 02:45:00,TRUE
7796,2025-01-11 23:30:00,TRUE
5615,2027-12-26 02:30:00,FALSE
1291,2027-12-18 17:00:00,FALSE
8343,2027-08-16 06:30:00,FALSE
184,2025-05-19 04:15:00,TRUE
2958,2026-07-20 10:30:00,FALSE
2537,2025-11-16 06:00:00,TRUE
9424,2025-10-19 13:15:00,TRUE
5165,2027-07-28 13:00:00,FALSE
6549,2027-03-27 22:00:00,FALSE
1456,2026-04-20 08:30:00,TRUE
6314,2026-01-14 00:15:00,TRUE
868,2027-07-20 10:30:00,FALSE
1939,2027-03-05 22:30:00,FALSE
1844,2026-02-02 15:00:00,TRUE
9708,2026-03-19 10:45:00,TRUE
4991,2027-05-13 08:30:00,FALSE
3116,2025-02-22 03:45:00,TRUE
7134,2027-07-04 16:45:00,FALSE
4767,2026-09-21 10:15:00,FALSE
7203,2025-06-20 07:30:00,TRUE
3592,2027-03-27 02:30:00,FALSE
5480,2025-10-19 04:30:00,TRUE
1161,2026-06-01 19:30:00,FALSE
7464,2025-07-08 05:00:00,TRUE
7863,2025-05-14 02:30:00,TRUE
6110,2025-01-16 13:15:00,TRUE
5440,2027-05-28 08:00:00,FALSE
9563,2025-10-07 14:30:00,TRUE
3335,2026-06-05 11:45:00,FALSE
3087,2026-07-08 16:15:00,FALSE
8372,2027-02-17 17:15:00,FALSE
4997,2025-10-08 20:15:00,TRUE
6894,2025-11-27 11:00:00,TRUE
3659,2026-05-24 20:00:00,FALSE
1281,2025-02-11 14:15:00,TRUE
9603,2025-09-15 21:00:00,TRUE
4767,2027-09-11 04:45:00,FALSE
346,2025-08-17 20:00:00,TRUE
9864,2025-09-10 23:15:00,TRUE
5264,2026-09-30 16:15:00,FALSE
4680,2025-05-13 10:30:00,TRUE
5197,2027-11-26 22:00:00,FALSE
8697,2027-04-18 13:30:00,FALSE
5807,2026-05-28 19:45:00,FALSE
7248,2025-08-15 13:45:00,TRUE
6879,2027-12-25 08:45:00,FALSE
6372,2027-01-09 18:15:00,FALSE
3392,2025-06-02 19:30:00,TRUE
5932,2026-02-19 14:00:00,TRUE
2184,2025-07-29 03:45:00,TRUE
6746,2026-07-21 00:30:00,FALSE
5918,2026-04-14 12:00:00,TRUE
2408,2027-03-25 03:30:00,FALSE
3390,2025-09-08 16:00:00,TRUE
3743,2027-12-03 07:00:00,FALSE
6235,2026-05-17 12:00:00,FALSE
6828,2027-06-21 22:30:00,FALSE
3837,2026-12-31 07:30:00,FALSE
8538,2026-11-05 18:45:00,FALSE
7486,2025-10-26 13:15:00,TRUE
4197,2025-12-21 16:15:00,TRUE
379,2025-05-31 07:30:00,TRUE
8578,2025-09-09 13:45:00,TRUE
8953,2025-08-30 04:30:00,TRUE
654,2027-06-23 15:00:00,FALSE
6718,2027-02-25 01:30:00,FALSE
3631,2026-12-12 14:30:00,FALSE
6862,2027-08-08 01:15:00,FALSE
7234,2027-02-19 05:00:00,FALSE
1395,2026-12-10 09:30:00,FALSE
8378,2025-08-12 09:45:00,TRUE
5487,2026-04-04 02:00:00,TRUE
6055,2027-01-16 16:30:00,FALSE
980,2025-01-20 13:00:00,TRUE
8304,2025-09-24 07:15:00,TRUE
6147,2027-12-12 22:00:00,FALSE
6344,2025-07-16 01:00:00,TRUE
5563,2026-01-09 04:45:00,TRUE
1317,2027-03-23 06:30:00,FALSE
9871,2026-04-03 11:30:00,TRUE
5326,2025-04-19 14:15:00,TRUE
9201,2027-09-16 17:00:00,FALSE
2385,2026-02-23 14:15:00,TRUE
1900,2025-03-07 02:30:00,TRUE
524,2026-10-27 17:30:00,FALSE
406,2027-07-21 01:45:00,FALSE
6938,2026-05-22 01:15:00,FALSE
5299,2027-06-10 03:30:00,FALSE
4332,2025-12-24 07:15:00,TRUE
1266,2027-10-05 02:00:00,FALSE
113,2026-04-02 00:15:00,TRUE
9932,2027-04-09 12:15:00,FALSE
2460,2027-11-13 15:30:00,FALSE
4793,2027-08-31 15:00:00,FALSE
1606,2026-06-20 11:45:00,FALSE
7303,2025-02-06 17:15:00,TRUE
8672,2025-07-19 13:30:00,TRUE
6516,2027-05-15 13:30:00,FALSE
2592,2026-08-28 03:30:00,FALSE
3562,2027-05-30 05:00:00,FALSE
7111,2025-06-02 06:15:00,TRUE
5344,2025-06-26 07:00:00,TRUE
8588,2026-05-03 11:00:00,TRUE
9043,2027-10-29 20:15:00,FALSE
9246,2025-01-05 12:45:00,TRUE
4969,2026-06-20 01:15:00,FALSE
167,2027-05-02 18:00:00,FALSE
1627,2027-11-12 10:30:00,FALSE
9827,2027-05-09 21:45:00,FALSE
2428,2025-06-27 08:45:00,TRUE
3307,2026-05-13 10:00:00,TRUE
5253,2025-02-14 16:00:00,TRUE
4287,2026-02-24 02:00:00,TRUE
5805,2027-05-19 22:00:00,FALSE
7587,2025-06-04 13:00:00,TRUE
923,2026-05-08 02:15:00,TRUE
1161,2027-12-28 21:45:00,FALSE
6587,2025-08-20 07:30:00,TRUE
310,2026-11-10 16:15:00,FALSE
966,2027-10-05 05:00:00,FALSE
4271,2025-05-18 17:15:00,TRUE
165,2026-11-24 12:30:00,FALSE
8138,2027-01-17 15:00:00,FALSE
7731,2027-08-19 16:45:00,FALSE
883,2026-01-07 17:15:00,TRUE
5507,2025-01-30 09:45:00,TRUE
5699,2025-08-02 23:15:00,TRUE
8354,2026-06-29 06:00:00,FALSE
8988,2026-10-28 12:00:00,FALSE
2795,2026-08-27 07:15:00,FALSE
4714,2025-06-24 04:45:00,TRUE
8588,2026-03-11 22:30:00,TRUE
2259,2027-02-06 11:30:00,FALSE
6298,2026-12-25 11:00:00,FALSE
6164,2025-05-11 04:45:00,TRUE
4862,2026-04-17 23:30:00,TRUE
4262,2026-05-20 23:15:00,FALSE
1982,2027-01-21 08:30:00,FALSE
6978,2026-06-23 05:15:00,FALSE
5519,2025-02-03 16:45:00,TRUE
4366,2025-01-28 01:30:00,TRUE
8100,2025-04-14 18:30:00,TRUE
4737,2025-02-20 22:30:00,TRUE
9090,2025-09-06 12:30:00,TRUE
1947,2025-12-01 22:30:00,TRUE
261,2025-09-26 11:30:00,TRUE
3676,2027-06-14 21:30:00,FALSE
9132,2026-12-10 09:45:00,FALSE
5573,2026-03-06 15:15:00,TRUE
9938,2025-12-23 08:00:00,TRUE
7101,2026-09-04 15:15:00,FALSE
7465,2025-08-17 10:45:00,TRUE
3744,2026-08-07 22:30:00,FALSE
2588,2026-10-14 15:45:00,FALSE
3069,2026-11-26 09:00:00,FALSE
593,2025-08-23 02:45:00,TRUE
6938,2027-09-21 11:30:00,FALSE
1047,2025-06-09 11:15:00,TRUE
9619,2025-07-06 07:45:00,TRUE
1563,2025-07-27 07:45:00,TRUE
9467,2027-02-03 14:15:00,FALSE
2895,2025-04-28 17:30:00,TRUE
5536,2026-03-12 21:00:00,TRUE
3217,2026-08-07 22:30:00,FALSE
3953,2025-11-20 14:45:00,TRUE
5423,2025-04-23 23:30:00,TRUE
1621,2027-02-19 15:45:00,FALSE
8974,2027-08-06 09:00:00,FALSE
9380,2026-03-15 09:00:00,TRUE
6984,2025-03-16 21:45:00,TRUE
9370,2027-12-07 12:45:00,FALSE
9685,2027-12-17 04:30:00,FALSE
1685,2027-04-16 20:00:00,FALSE
7194,2026-07-29 12:00:00,FALSE
932,2027-10-17 13:30:00,FALSE
75,2026-05-02 17:15:00,TRUE
9089,2025-09-22 14:00:00,TRUE
3339,2026-08-18 00:15:00,FALSE
9074,2025-03-04 12:45:00,TRUE
3082,2026-09-24 20:00:00,FALSE
8309,2027-03-29 19:15:00,FALSE
6674,2027-12-11 11:15:00,FALSE
1756,2026-12-05 01:00:00,FALSE
5022,2027-08-21 06:45:00,FALSE
9976,2027-03-10 15:45:00,FALSE
998,2025-05-27 07:00:00,TRUE
9962,2026-08-08 23:15:00,FALSE
1374,2025-04-24 22:00:00,TRUE
6218,2025-12-09 22:15:00,TRUE
4596,2026-07-18 02:45:00,FALSE
7977,2027-02-07 17:45:00,FALSE
9667,2025-02-09 14:30:00,TRUE
8641,2027-09-29 15:15:00,FALSE
1893,2026-11-06 01:30:00,FALSE
4272,2027-12-02 09:15:00,FALSE
7065,2026-07-19 16:15:00,FALSE
5183,2026-04-11 05:45:00,TRUE
7830,2025-04-30 13:45:00,TRUE
2321,2025-05-21 00:15:00,TRUE
4278,2026-01-08 14:30:00,TRUE
6328,2026-02-10 20:45:00,TRUE
1081,2027-04-25 00:30:00,FALSE
9120,2025-09-04 20:15:00,TRUE
3819,2025-12-17 10:15:00,TRUE
6738,2027-10-17 21:15:00,FALSE
3051,2025-01-14 02:30:00,TRUE
7737,2026-07-23 11:30:00,FALSE
1625,2027-01-10 23:15:00,FALSE
4641,2026-10-02 09:30:00,FALSE
8841,2025-05-25 16:00:00,TRUE
4980,2027-02-21 14:15:00,FALSE
993,2027-01-23 04:00:00,FALSE
386,2025-08-07 22:30:00,TRUE
9898,2025-09-02 10:45:00,TRUE
6446,2027-06-24 19:15:00,FALSE
6510,2026-04-29 05:00:00,TRUE
4384,2026-10-25 03:30:00,FALSE
8798,2026-01-13 23:30:00,TRUE
7175,2027-12-01 12:00:00,FALSE
2621,2025-09-17 23:00:00,TRUE
4044,2025-08-04 15:00:00,TRUE
5500,2025-02-13 19:00:00,TRUE
4953,2026-05-14 15:15:00,TRUE
2213,2025-03-29 16:30:00,TRUE
4666,2026-08-02 07:00:00,FALSE
7069,2025-09-15 15:00:00,TRUE
5616,2027-09-25 11:30:00,FALSE
604,2026-12-17 08:45:00,FALSE
2048,2027-07-10 00:30:00,FALSE
9171,2025-05-13 10:15:00,TRUE
5915,2027-07-25 20:45:00,FALSE
9064,2027-10-16 14:45:00,FALSE
5787,2026-12-30 21:30:00,FALSE
4433,2026-02-14 11:15:00,TRUE
9858,2025-11-13 16:45:00,TRUE
7026,2026-05-30 06:15:00,FALSE
1657,2026-02-09 06:00:00,TRUE
5319,2027-09-27 16:15:00,FALSE
7290,2026-09-21 07:30:00,FALSE
6279,2026-05-02 02:30:00,TRUE
8624,2025-10-01 19:00:00,TRUE
4576,2026-05-29 08:45:00,FALSE
7872,2025-12-07 13:15:00,TRUE
7061,2027-12-02 03:00:00,FALSE
9758,2026-11-09 00:15:00,FALSE
4270,2026-09-11 23:30:00,FALSE
8850,2027-06-12 20:00:00,FALSE
5037,2027-01-06 12:30:00,FALSE
9313,2027-06-01 01:30:00,FALSE
8749,2026-10-22 23:00:00,FALSE
9808,2026-05-13 23:30:00,TRUE
3851,2027-12-06 07:30:00,FALSE
8975,2027-01-28 17:00:00,FALSE
9745,2025-01-20 00:00:00,TRUE
9867,2026-02-11 07:15:00,TRUE
7623,2027-01-02 05:15:00,FALSE
4053,2027-07-20 00:00:00,FALSE
2034,2025-06-14 19:45:00,TRUE
27,2026-12-14 12:00:00,FALSE
2074,2025-01-12 12:00:00,TRUE
556,2025-10-30 00:15:00,TRUE
5380,2025-01-10 22:45:00,TRUE
3515,2027-05-01 08:45:00,FALSE
4764,2025-12-03 01:30:00,TRUE
4162,2027-11-29 21:30:00,FALSE
9337,2027-01-23 11:15:00,FALSE
3171,2025-04-06 10:45:00,TRUE
2315,2025-11-03 03:30:00,TRUE
9443,2026-04-07 09:00:00,TRUE
5888,2027-10-16 19:30:00,FALSE
7083,2025-01-14 10:00:00,TRUE
989,2025-06-21 03:00:00,TRUE
2030,2026-12-30 17:00:00,FALSE
5051,2026-11-10 23:00:00,FALSE
4232,2026-05-01 15:00:00,TRUE
4434,2025-09-28 03:00:00,TRUE
5921,2026-04-30 22:15:00,TRUE
9772,2025-04-15 08:00:00,TRUE
6786,2025-05-11 07:15:00,TRUE
6625,2027-03-27 04:15:00,FALSE
7222,2025-07-29 13:00:00,TRUE
6602,2025-12-20 02:30:00,TRUE
7984,2027-08-28 10:30:00,FALSE
949,2027-09-09 22:30:00,FALSE
2426,2027-02-01 18:15:00,FALSE
6841,2026-04-03 21:30:00,TRUE
6089,2025-11-25 10:00:00,TRUE
7526,2026-03-25 13:45:00,TRUE
9470,2027-03-02 00:45:00,FALSE
2375,2026-02-03 23:00:00,TRUE
2880,2025-12-02 11:00:00,TRUE
444,2026-10-12 16:45:00,FALSE
5136,2027-03-25 06:00:00,FALSE
4055,2025-04-25 09:00:00,TRUE
9576,2026-07-19 14:00:00,FALSE
6087,2025-12-26 21:30:00,TRUE
6904,2025-10-12 13:00:00,TRUE
7472,2026-03-23 16:15:00,TRUE
9557,2027-02-13 23:30:00,FALSE
9058,2027-06-26 18:45:00,FALSE
3106,2027-01-18 06:00:00,FALSE
6397,2026-05-20 10:15:00,FALSE
3822,2027-05-09 22:30:00,FALSE
3940,2027-08-05 00:30:00,FALSE
1215,2026-02-18 01:30:00,TRUE
3122,2026-08-18 20:15:00,FALSE
35,2026-01-26 21:45:00,TRUE
4886,2026-12-06 20:45:00,FALSE
3093,2027-12-06 06:30:00,FALSE
7889,2025-10-06 17:30:00,TRUE
7621,2025-05-17 04:00:00,TRUE
1570,2027-04-23 12:30:00,FALSE
9045,2026-11-14 02:15:00,FALSE
6204,2025-03-19 15:30:00,TRUE
6763,2026-11-09 09:15:00,FALSE
9483,2027-09-04 02:00:00,FALSE
3339,2026-07-06 21:30:00,FALSE
9609,2027-04-21 15:15:00,FALSE
6702,2027-03-05 19:30:00,FALSE
7502,2025-10-11 06:15:00,TRUE
8972,2027-01-06 05:00:00,FALSE
232,2025-05-06 15:00:00,TRUE
2505,2027-10-13 01:00:00,FALSE
759,2025-03-05 12:45:00,TRUE
3870,2025-10-07 22:00:00,TRUE
9095,2026-05-28 07:00:00,FALSE
4277,2025-01-16 22:15:00,TRUE
6523,2025-02-12 12:45:00,TRUE
9820,2027-02-11 21:00:00,FALSE
5959,2025-07-15 05:30:00,TRUE
3964,2026-09-29 19:30:00,FALSE
2481,2025-03-03 17:30:00,TRUE
7852,2027-09-02 15:00:00,FALSE
5831,2025-07-22 18:15:00,TRUE
7364,2027-03-23 16:00:00,FALSE
8208,2027-11-18 06:30:00,FALSE
8883,2025-02-06 06:00:00,TRUE
8461,2026-12-10 01:30:00,FALSE
7686,2026-07-09 22:45:00,FALSE
9904,2025-12-15 09:15:00,TRUE
9133,2026-05-20 15:45:00,FALSE
6965,2027-10-29 13:15:00,FALSE
1744,2027-05-23 11:30:00,FALSE
8477,2027-11-06 16:15:00,FALSE
5386,2027-02-20 13:45:00,FALSE
3637,2025-10-26 20:30:00,TRUE
7262,2026-09-23 23:00:00,FALSE
8381,2025-05-16 10:00:00,TRUE
7440,2027-10-20 12:00:00,FALSE
1005,2027-12-20 08:45:00,FALSE
3555,2025-01-04 11:30:00,TRUE
3492,2025-08-20 03:30:00,TRUE
7156,2026-01-28 20:45:00,TRUE
9376,2026-06-05 18:45:00,FALSE
4459,2026-07-14 01:15:00,FALSE
5389,2027-08-30 11:15:00,FALSE
8889,2027-05-26 10:15:00,FALSE
8646,2025-01-31 10:15:00,TRUE
5574,2025-05-16 14:30:00,TRUE
4595,2026-11-25 20:00:00,FALSE
4735,2025-07-28 19:45:00,TRUE
6330,2025-07-14 05:00:00,TRUE
915,2025-09-17 10:45:00,TRUE
5844,2026-01-19 01:00:00,TRUE
4777,2025-12-09 07:15:00,TRUE
7370,2025-06-25 07:30:00,TRUE
2775,2026-08-19 08:30:00,FALSE
4028,2025-09-12 21:30:00,TRUE
4663,2027-05-04 15:30:00,FALSE
6451,2027-03-09 15:15:00,FALSE
1525,2026-12-15 11:30:00,FALSE
933,2026-02-23 16:15:00,TRUE
2761,2025-11-18 19:15:00,TRUE
6958,2027-05-31 17:00:00,FALSE
7349,2026-04-16 04:00:00,TRUE
2632,2026-06-29 12:00:00,FALSE
4381,2027-04-17 08:45:00,FALSE
2434,2025-02-10 12:30:00,TRUE
8365,2025-06-23 13:30:00,TRUE
7816,2026-10-21 23:30:00,FALSE
3464,2026-02-28 21:15:00,TRUE
4111,2025-09-11 14:30:00,TRUE
9484,2027-11-07 12:15:00,FALSE
5121,2027-05-11 17:15:00,FALSE
6976,2026-01-06 01:00:00,TRUE
7466,2027-04-25 21:45:00,FALSE
2197,2025-08-01 18:00:00,TRUE
4900,2027-06-28 08:00:00,FALSE
1371,2026-12-25 03:45:00,FALSE
654,2025-11-15 09:00:00,TRUE
4838,2025-05-04 00:45:00,TRUE
3089,2027-01-19 19:30:00,FALSE
6653,2027-01-03 02:15:00,FALSE
2342,2026-04-10 16:00:00,TRUE
2344,2025-08-10 18:15:00,TRUE
9260,2025-02-23 17:00:00,TRUE
9330,2026-05-30 13:15:00,FALSE
7492,2025-05-19 14:45:00,TRUE
4137,2026-01-06 10:30:00,TRUE
9542,2025-02-26 23:45:00,TRUE
4239,2025-03-16 07:30:00,TRUE
4792,2026-06-18 08:15:00,FALSE
9720,2025-12-14 16:15:00,TRUE
5081,2027-10-02 23:00:00,FALSE
8060,2027-04-25 08:30:00,FALSE
1400,2026-07-18 17:00:00,FALSE
8238,2027-03-20 08:15:00,FALSE
8300,2026-02-10 23:00:00,TRUE
7182,2026-08-22 05:15:00,FALSE
5314,2025-08-25 12:45:00,TRUE
6135,2026-12-28 07:15:00,FALSE
873,2026-07-07 09:15:00,FALSE
8899,2026-10-28 18:00:00,FALSE
5703,2025-02-16 21:45:00,TRUE
9113,2027-06-05 18:30:00,FALSE
9172,2025-07-25 18:00:00,TRUE
7738,2025-07-01 01:45:00,TRUE
6601,2027-11-17 11:30:00,FALSE
8267,2026-04-25 04:00:00,TRUE
9023,2025-09-20 06:15:00,TRUE
3836,2026-11-28 01:30:00,FALSE
4974,2025-12-31 09:30:00,TRUE
8249,2025-10-09 12:00:00,TRUE
154,2025-07-18 16:00:00,TRUE
7884,2026-01-02 14:00:00,TRUE
1624,2025-11-22 04:15:00,TRUE
871,2026-09-12 19:30:00,FALSE
9615,2026-02-26 05:00:00,TRUE
3957,2025-01-08 20:15:00,TRUE
8281,2026-05-24 02:30:00,FALSE
5000,2025-11-15 20:45:00,TRUE
9551,2027-02-27 01:15:00,FALSE
6969,2026-11-16 10:15:00,FALSE
9112,2026-10-19 10:45:00,FALSE
2904,2027-12-16 23:15:00,FALSE
1971,2025-04-14 22:30:00,TRUE
3784,2025-08-24 15:45:00,TRUE
9908,2027-08-15 21:00:00,FALSE
9181,2025-03-10 17:00:00,TRUE
2445,2025-04-05 17:15:00,TRUE
2017,2026-12-29 02:00:00,FALSE
6194,2027-02-13 10:15:00,FALSE
5634,2026-03-08 09:45:00,TRUE
6796,2025-11-13 17:15:00,TRUE
2239,2026-02-01 02:30:00,TRUE
700,2025-03-02 04:00:00,TRUE
4957,2025-07-26 23:45:00,TRUE
431,2026-07-16 23:45:00,FALSE
4744,2026-03-28 12:00:00,TRUE
5070,2027-07-26 13:30:00,FALSE
1487,2026-05-29 06:00:00,FALSE
3284,2026-05-28 23:30:00,FALSE
4219,2026-10-29 20:00:00,FALSE
5644,2025-09-21 22:45:00,TRUE
7879,2026-07-22 17:15:00,FALSE
9776,2027-03-23 23:45:00,FALSE
1256,2026-10-14 19:45:00,FALSE
1433,2025-06-24 19:00:00,TRUE
2054,2025-12-20 14:15:00,TRUE
1963,2027-03-24 14:30:00,FALSE
9808,2026-12-07 03:45:00,FALSE
8705,2026-08-25 13:00:00,FALSE
6824,2027-02-21 13:00:00,FALSE
5807,2025-12-07 17:30:00,TRUE
5018,2026-03-25 21:00:00,TRUE
8903,2026-05-22 04:15:00,FALSE
2501,2026-09-23 11:45:00,FALSE
2400,2025-12-04 05:45:00,TRUE
9746,2027-02-07 21:15:00,FALSE
2949,2027-11-20 04:45:00,FALSE
744,2026-03-04 09:00:00,TRUE
2472,2025-06-18 16:45:00,TRUE
6648,2027-02-06 03:00:00,FALSE
1367,2025-01-13 09:30:00,TRUE
2172,2027-06-05 19:45:00,FALSE
8926,2025-05-31 11:30:00,TRUE
5973,2025-01-19 20:00:00,TRUE
8794,2026-05-21 02:30:00,FALSE
121,2027-05-21 05:00:00,FALSE
3274,2026-04-17 06:15:00,TRUE
5900,2025-02-06 05:15:00,TRUE
9397,2025-09-08 04:30:00,TRUE
7090,2027-10-31 03:30:00,FALSE
4310,2026-08-15 02:45:00,FALSE
9812,2027-12-04 09:30:00,FALSE
1407,2026-09-30 00:45:00,FALSE
17,2025-08-08 17:15:00,TRUE
8757,2026-06-07 12:45:00,FALSE
4668,2027-10-01 09:00:00,FALSE
6797,2026-03-25 05:00:00,TRUE
9062,2027-03-19 20:00:00,FALSE
8824,2027-02-07 02:15:00,FALSE
3434,2027-06-30 17:15:00,FALSE
551,2025-10-10 20:15:00,TRUE
795,2026-04-30 09:45:00,TRUE
1690,2026-12-09 11:15:00,FALSE
603,2026-11-25 20:30:00,FALSE
7552,2025-05-10 04:45:00,TRUE
2308,2025-10-27 03:30:00,TRUE
2175,2025-03-30 02:30:00,TRUE
126,2025-11-17 14:45:00,TRUE
701,2026-03-05 13:30:00,TRUE
25,2026-04-03 06:15:00,TRUE
7254,2026-06-20 19:30:00,FALSE
8003,2026-07-28 08:30:00,FALSE
2067,2027-05-12 10:30:00,FALSE
9425,2027-04-21 07:00:00,FALSE
3321,2026-02-22 00:45:00,TRUE
5346,2027-05-02 14:30:00,FALSE
3791,2025-04-14 04:45:00,TRUE
8338,2025-08-04 11:30:00,TRUE
9607,2025-04-21 10:30:00,TRUE
6886,2026-02-13 05:15:00,TRUE
5518,2026-02-26 03:00:00,TRUE
9944,2027-03-20 12:00:00,FALSE
6796,2027-08-18 08:30:00,FALSE
5892,2026-06-10 00:15:00,FALSE
5455,2026-04-07 19:00:00,TRUE
4337,2026-03-25 02:45:00,TRUE
3086,2027-08-17 19:00:00,FALSE
6838,2025-09-15 23:45:00,TRUE
2708,2027-04-09 12:15:00,FALSE
4483,2025-12-16 09:45:00,TRUE
3326,2027-10-26 00:15:00,FALSE
845,2027-09-26 01:15:00,FALSE
4169,2027-10-24 12:15:00,FALSE
4780,2025-12-22 14:30:00,TRUE
4712,2025-08-28 20:15:00,TRUE
4842,2027-11-16 13:45:00,FALSE
1930,2027-02-18 05:30:00,FALSE
9831,2026-04-28 15:00:00,TRUE
9820,2026-12-23 09:45:00,FALSE
2111,2027-09-30 10:15:00,FALSE
9296,2025-08-11 18:45:00,TRUE
9755,2025-02-13 03:45:00,TRUE
5809,2026-02-16 11:30:00,TRUE
7411,2027-03-09 22:30:00,FALSE
3496,2026-02-01 12:30:00,TRUE
607,2025-07-03 08:15:00,TRUE
2533,2025-06-30 23:00:00,TRUE
263,2027-07-08 08:00:00,FALSE
3537,2025-12-04 00:30:00,TRUE
2776,2026-06-11 16:30:00,FALSE
5558,2027-01-15 13:00:00,FALSE
7333,2026-01-25 23:15:00,TRUE
7530,2025-08-20 12:00:00,TRUE
8985,2026-06-20 08:15:00,FALSE
6568,2027-09-29 23:45:00,FALSE
4679,2027-09-11 12:45:00,FALSE
5871,2026-10-11 03:00:00,FALSE
9868,2026-11-01 20:45:00,FALSE
3233,2027-03-24 13:00:00,FALSE
4311,2027-01-19 01:45:00,FALSE
5903,2026-12-15 12:15:00,FALSE
5917,2025-09-08 14:15:00,TRUE
3518,2025-11-19 20:15:00,TRUE
3112,2026-10-03 19:30:00,FALSE
7510,2026-05-21 02:30:00,FALSE
5240,2026-07-08 21:15:00,FALSE
7040,2025-03-28 23:30:00,TRUE
5103,2027-02-20 18:00:00,FALSE
9536,2027-06-28 22:45:00,FALSE
8385,2026-08-02 19:30:00,FALSE
5295,2027-11-27 14:45:00,FALSE
448,2026-06-22 15:45:00,FALSE
7414,2026-08-24 04:30:00,FALSE
3746,2027-06-05 06:45:00,FALSE
2189,2026-03-19 03:30:00,TRUE
2373,2025-10-24 09:30:00,TRUE
3482,2027-02-05 03:45:00,FALSE
2279,2025-10-22 11:30:00,TRUE
6252,2026-12-08 09:00:00,FALSE
9439,2027-01-04 08:45:00,FALSE
3710,2025-12-22 03:30:00,TRUE
7024,2027-06-14 00:45:00,FALSE
4028,2026-02-24 13:15:00,TRUE
6619,2027-02-27 06:00:00,FALSE
8021,2027-03-28 12:30:00,FALSE
1798,2027-06-18 00:00:00,FALSE
3016,2025-02-01 16:00:00,TRUE
2037,2025-09-08 07:45:00,TRUE
7644,2025-01-06 09:45:00,TRUE
377,2027-10-22 19:45:00,FALSE
2728,2027-01-04 18:30:00,FALSE
8496,2027-05-23 20:45:00,FALSE
8633,2026-04-08 10:00:00,TRUE
7255,2027-10-03 04:45:00,FALSE
8058,2025-10-29 11:00:00,TRUE
9747,2025-05-21 21:45:00,TRUE
6728,2025-01-12 14:00:00,TRUE
6711,2026-10-09 17:45:00,FALSE
7485,2027-05-24 20:15:00,FALSE
9992,2026-01-19 20:15:00,TRUE
7657,2025-06-23 16:15:00,TRUE
2964,2027-05-27 01:30:00,FALSE
7256,2025-12-28 16:45:00,TRUE
7967,2027-06-08 01:45:00,FALSE
9752,2027-08-29 23:15:00,FALSE
7183,2026-03-23 08:00:00,TRUE
3690,2026-05-19 06:45:00,FALSE
6013,2027-10-16 08:15:00,FALSE
3756,2025-08-09 15:30:00,TRUE
4228,2027-01-18 19:45:00,FALSE
7716,2027-02-17 16:00:00,FALSE
4106,2027-06-10 08:15:00,FALSE
1113,2027-12-06 04:30:00,FALSE
33,2025-05-22 03:30:00,TRUE
5839,2027-04-21 09:45:00,FALSE
8536,2026-04-19 17:45:00,TRUE
401,2025-11-20 00:15:00,TRUE
8312,2026-06-30 17:15:00,FALSE
9621,2025-04-27 02:00:00,TRUE
214,2027-05-02 15:45:00,FALSE
1080,2026-05-17 04:30:00,FALSE
6696,2025-12-29 06:30:00,TRUE
1427,2025-06-17 09:00:00,TRUE
448,2026-01-21 17:15:00,TRUE
280,2025-11-06 03:00:00,TRUE
5238,2027-11-21 19:00:00,FALSE
4157,2025-08-31 06:00:00,TRUE
5148,2026-02-24 14:15:00,TRUE
7207,2026-05-27 23:00:00,FALSE
7219,2025-07-27 05:30:00,TRUE
3042,2026-07-20 23:00:00,FALSE
6643,2027-03-20 20:00:00,FALSE
7321,2026-08-04 02:00:00,FALSE
4564,2025-04-16 21:45:00,TRUE
1878,2025-06-20 00:30:00,TRUE
9666,2026-08-31 19:00:00,FALSE
857,2026-08-22 10:00:00,FALSE
8683,2027-09-26 20:00:00,FALSE
5687,2025-04-20 15:45:00,TRUE
9480,2027-04-29 03:15:00,FALSE
9083,2026-01-29 20:00:00,TRUE
2392,2026-03-23 04:45:00,TRUE
9706,2026-10-27 10:00:00,FALSE
879,2025-12-09 10:15:00,TRUE
1161,2026-09-15 16:15:00,FALSE
1379,2026-05-09 04:30:00,TRUE
3535,2027-10-28 05:45:00,FALSE
6140,2027-07-17 15:00:00,FALSE
2399,2026-11-28 10:15:00,FALSE
5923,2026-10-08 20:15:00,FALSE
3833,2025-07-07 19:15:00,TRUE
7973,2025-11-05 11:15:00,TRUE
8550,2026-11-03 03:15:00,FALSE
5769,2027-04-29 23:00:00,FALSE
4373,2027-09-21 16:45:00,FALSE
8330,2027-12-26 04:30:00,FALSE
7719,2027-04-24 23:45:00,FALSE
8327,2026-07-13 20:30:00,FALSE
6999,2027-02-15 09:00:00,FALSE
9038,2025-03-01 19:15:00,TRUE
5270,2026-11-26 21:45:00,FALSE
6595,2026-12-22 20:00:00,FALSE
886,2025-06-23 09:15:00,TRUE
3562,2027-03-09 06:45:00,FALSE
4714,2025-12-05 18:30:00,TRUE
8965,2025-01-23 17:00:00,TRUE
9861,2026-01-18 21:15:00,TRUE
7504,2026-02-05 01:15:00,TRUE
6164,2026-01-29 17:00:00,TRUE
6746,2025-08-16 17:15:00,TRUE
6046,2026-11-08 18:45:00,FALSE
8925,2026-07-06 07:00:00,FALSE
6039,2025-06-01 05:45:00,TRUE
6974,2026-10-13 17:15:00,FALSE
8905,2026-12-21 19:45:00,FALSE
215,2025-06-22 06:30:00,TRUE
869,2025-02-22 00:30:00,TRUE
1131,2025-11-09 05:15:00,TRUE
8131,2025-07-08 20:15:00,TRUE
8175,2027-02-04 18:00:00,FALSE
3747,2026-01-12 17:45:00,TRUE
4661,2027-08-24 04:00:00,FALSE
3894,2027-03-07 08:15:00,FALSE
961,2027-05-24 15:45:00,FALSE
30,2026-09-25 00:00:00,FALSE
2640,2027-12-14 02:45:00,FALSE
6023,2026-05-05 14:15:00,TRUE
5281,2027-06-18 19:45:00,FALSE
863,2026-09-21 10:30:00,FALSE
9819,2026-04-12 21:00:00,TRUE
5289,2027-11-14 00:00:00,FALSE
952,2027-05-24 06:45:00,FALSE
4647,2026-08-22 06:45:00,FALSE
6134,2026-09-26 22:00:00,FALSE
2001,2026-04-20 12:00:00,TRUE
786,2026-05-30 12:15:00,FALSE
5674,2026-04-23 13:45:00,TRUE
6736,2025-09-06 10:30:00,TRUE
5816,2027-03-08 12:30:00,FALSE
5410,2025-05-12 04:45:00,TRUE
7801,2027-02-21 00:30:00,FALSE
152,2027-09-02 12:30:00,FALSE
9577,2026-05-15 14:45:00,TRUE
484,2027-08-17 03:45:00,FALSE
9420,2026-04-01 02:45:00,TRUE
2967,2025-10-29 16:45:00,TRUE
7272,2025-12-01 01:00:00,TRUE
6578,2026-01-29 20:30:00,TRUE
6051,2026-01-23 22:00:00,TRUE
1348,2025-07-31 03:00:00,TRUE
1,2027-10-12 07:45:00,FALSE
2443,2026-01-31 19:00:00,TRUE
70,2025-04-21 16:00:00,TRUE
8719,2027-08-01 11:15:00,FALSE
1649,2026-07-31 03:45:00,FALSE
7523,2027-09-11 03:45:00,FALSE
6102,2027-05-16 22:30:00,FALSE
9220,2027-05-26 04:45:00,FALSE
4819,2027-05-06 00:15:00,FALSE
3306,2025-03-21 05:15:00,TRUE
6986,2027-10-01 05:30:00,FALSE
157,2027-01-14 03:30:00,FALSE
4386,2025-01-15 15:00:00,TRUE
6305,2025-01-28 09:45:00,TRUE
3870,2027-12-17 06:00:00,FALSE
1533,2025-10-06 12:30:00,TRUE
5117,2026-08-05 16:45:00,FALSE
5541,2027-11-28 12:15:00,FALSE
7925,2026-08-18 23:30:00,FALSE
2006,2025-06-06 07:15:00,TRUE
9156,2025-02-26 13:45:00,TRUE
1582,2026-12-27 22:00:00,FALSE
2942,2027-10-08 17:15:00,FALSE
9211,2025-08-07 06:45:00,TRUE
2692,2025-02-05 07:15:00,TRUE
9750,2025-11-27 18:15:00,TRUE
5667,2026-09-17 05:30:00,FALSE
2356,2027-10-30 04:45:00,FALSE
4445,2025-10-24 08:45:00,TRUE
202,2025-06-19 20:30:00,TRUE
9797,2025-11-17 10:30:00,TRUE
6023,2025-09-01 13:15:00,TRUE
5483,2026-11-15 21:15:00,FALSE
9336,2026-11-27 06:15:00,FALSE
4680,2026-03-27 22:15:00,TRUE
8554,2025-07-01 04:30:00,TRUE
825,2025-01-01 20:45:00,TRUE
9971,2026-08-20 18:15:00,FALSE
3171,2027-06-08 06:30:00,FALSE
8873,2026-02-22 23:45:00,TRUE
8428,2027-11-11 02:30:00,FALSE
2690,2025-05-25 19:15:00,TRUE
7822,2027-11-04 19:30:00,FALSE
6811,2025-04-29 14:30:00,TRUE
7273,2026-11-17 15:00:00,FALSE
3737,2027-12-25 11:45:00,FALSE
6881,2025-02-03 12:30:00,TRUE
3729,2025-12-25 14:15:00,TRUE
9122,2025-05-21 09:00:00,TRUE
7079,2025-07-24 10:45:00,TRUE
9282,2026-04-18 15:30:00,TRUE
3124,2026-06-28 15:15:00,FALSE
4575,2027-03-24 07:30:00,FALSE
2113,2025-07-03 01:15:00,TRUE
3568,2025-09-04 13:00:00,TRUE
7489,2026-02-19 16:45:00,TRUE
6445,2026-05-10 17:00:00,TRUE
2156,2027-01-24 00:00:00,FALSE
4410,2025-03-25 21:15:00,TRUE
7100,2027-08-28 10:45:00,FALSE
59,2026-04-23 08:45:00,TRUE
1678,2027-10-31 08:45:00,FALSE
9029,2026-11-13 01:45:00,FALSE
252,2025-10-06 12:15:00,TRUE
386,2026-01-15 02:30:00,TRUE
1415,2026-06-02 20:15:00,FALSE
1701,2026-05-06 00:30:00,TRUE
4338,2026-09-01 13:30:00,FALSE
3683,2025-01-09 13:45:00,TRUE
8547,2025-12-11 21:45:00,TRUE
1444,2026-06-05 19:00:00,FALSE
3437,2026-01-21 00:45:00,TRUE
799,2027-02-16 12:15:00,FALSE
4951,2027-04-21 17:15:00,FALSE
6725,2027-08-07 17:45:00,FALSE
9936,2026-10-18 04:30:00,FALSE
4457,2027-12-07 21:00:00,FALSE
820,2027-11-10 17:15:00,FALSE
892,2025-04-20 21:45:00,TRUE
9290,2027-04-12 15:30:00,FALSE
9106,2026-10-23 08:00:00,FALSE
8051,2025-09-29 00:00:00,TRUE
3418,2026-04-03 11:15:00,TRUE
1898,2027-05-20 21:00:00,FALSE
9931,2027-04-25 06:30:00,FALSE
5226,2026-03-28 21:15:00,TRUE
7471,2026-07-05 19:45:00,FALSE
7486,2026-03-08 01:00:00,TRUE
261,2025-06-27 11:00:00,TRUE
9165,2025-06-22 12:15:00,TRUE
7899,2025-05-18 11:45:00,TRUE
7784,2026-08-17 16:00:00,FALSE
8768,2026-06-03 04:30:00,FALSE
7172,2026-08-12 08:15:00,FALSE
9007,2027-08-20 05:15:00,FALSE
6438,2027-08-08 00:00:00,FALSE
5464,2025-07-08 22:30:00,TRUE
3021,2025-04-23 19:15:00,TRUE
7394,2027-03-04 03:15:00,FALSE
6391,2025-07-10 17:45:00,TRUE
725,2026-03-05 05:30:00,TRUE
4661,2027-10-29 16:30:00,FALSE
5861,2026-11-17 22:45:00,FALSE
9016,2027-03-28 23:30:00,FALSE
831,2026-01-19 14:00:00,TRUE
9357,2026-03-21 23:30:00,TRUE
8865,2026-04-08 01:45:00,TRUE
4483,2027-08-19 20:45:00,FALSE
1507,2026-03-04 05:00:00,TRUE
6925,2026-10-03 10:45:00,FALSE
8311,2025-07-09 21:00:00,TRUE
3714,2026-08-11 14:45:00,FALSE
7980,2026-12-29 22:30:00,FALSE
8593,2025-12-08 13:30:00,TRUE
1469,2027-11-02 00:45:00,FALSE
3021,2027-10-17 07:45:00,FALSE
5841,2026-05-21 02:45:00,FALSE
6049,2026-04-06 05:15:00,TRUE
3984,2026-07-01 23:00:00,FALSE
7179,2026-12-13 08:45:00,FALSE
2529,2025-09-23 17:00:00,TRUE
1436,2026-03-20 04:00:00,TRUE
3796,2025-11-03 17:30:00,TRUE
2494,2027-01-09 08:30:00,FALSE
6389,2025-08-17 19:00:00,TRUE
4234,2026-05-06 14:30:00,TRUE
8734,2027-04-08 04:00:00,FALSE
8412,2027-10-26 21:30:00,FALSE
1693,2027-01-25 08:45:00,FALSE
5215,2025-12-12 13:45:00,TRUE
7098,2025-05-30 18:00:00,TRUE
5995,2025-09-01 21:45:00,TRUE
4459,2026-12-06 06:15:00,FALSE
916,2026-06-24 01:15:00,FALSE
3450,2026-08-29 01:15:00,FALSE
7846,2027-04-26 07:15:00,FALSE
5326,2027-03-31 22:00:00,FALSE
2174,2025-01-13 06:30:00,TRUE
1383,2027-04-27 15:30:00,FALSE
2140,2026-10-24 15:15:00,FALSE
3903,2027-10-21 17:45:00,FALSE
7775,2027-05-01 22:00:00,FALSE
4649,2026-12-09 08:15:00,FALSE
3100,2026-11-25 16:00:00,FALSE
3080,2026-04-28 21:45:00,TRUE
4356,2027-01-24 20:30:00,FALSE
9114,2027-12-15 20:45:00,FALSE
6055,2025-10-04 12:30:00,TRUE
8544,2025-07-06 11:30:00,TRUE
4065,2025-10-18 01:45:00,TRUE
718,2026-12-13 21:00:00,FALSE
1502,2026-09-26 23:00:00,FALSE
9460,2027-12-28 08:15:00,FALSE
8037,2027-09-05 16:00:00,FALSE
8168,2027-10-17 18:15:00,FALSE
402,2026-10-25 01:30:00,FALSE
1471,2026-03-02 01:30:00,TRUE
3323,2026-05-18 05:30:00,FALSE
975,2026-12-07 20:00:00,FALSE
7003,2027-10-21 18:15:00,FALSE
9510,2025-12-23 20:30:00,TRUE
2092,2027-08-21 03:45:00,FALSE
1289,2025-02-09 17:30:00,TRUE
2357,2025-04-10 11:45:00,TRUE
5455,2027-02-27 12:45:00,FALSE
2535,2027-12-25 03:45:00,FALSE
3819,2027-12-23 06:45:00,FALSE
6978,2026-10-21 10:30:00,FALSE
8430,2027-09-29 22:00:00,FALSE
6751,2027-06-18 03:45:00,FALSE
8745,2025-12-30 18:30:00,TRUE
2210,2025-03-31 07:45:00,TRUE
9330,2027-05-22 16:30:00,FALSE
1213,2027-08-22 22:30:00,FALSE
3016,2025-11-10 14:45:00,TRUE
4210,2026-06-09 17:00:00,FALSE
5889,2026-02-13 20:30:00,TRUE
1097,2026-11-15 00:00:00,FALSE
8633,2026-05-29 10:00:00,FALSE
9011,2027-06-17 00:30:00,FALSE
4986,2026-03-13 14:00:00,TRUE
481,2027-10-03 07:30:00,FALSE
9383,2026-03-10 04:00:00,TRUE
8090,2025-02-07 20:00:00,TRUE
6105,2026-04-06 21:30:00,TRUE
7849,2027-06-22 01:15:00,FALSE
8653,2026-11-20 23:15:00,FALSE
9672,2027-07-06 10:30:00,FALSE
5723,2025-08-21 01:30:00,TRUE
3884,2027-07-04 11:30:00,FALSE
6435,2026-06-20 09:00:00,FALSE
7598,2026-04-19 10:30:00,TRUE
9605,2027-02-04 05:30:00,FALSE
2284,2027-06-14 23:45:00,FALSE
2674,2026-12-31 08:00:00,FALSE
4585,2026-06-17 23:15:00,FALSE
7878,2026-08-26 06:15:00,FALSE
1663,2026-02-15 09:45:00,TRUE
6013,2026-04-22 13:00:00,TRUE
8834,2026-12-07 16:30:00,FALSE
9909,2025-06-11 05:00:00,TRUE
3399,2026-05-05 18:00:00,TRUE
5935,2025-08-19 05:45:00,TRUE
8397,2025-10-12 14:30:00,TRUE
8645,2025-09-20 16:45:00,TRUE
6415,2026-07-19 08:30:00,FALSE
2883,2027-08-05 12:45:00,FALSE
1214,2025-04-15 23:30:00,TRUE
4723,2027-02-22 07:45:00,FALSE
339,2027-06-11 20:30:00,FALSE
2431,2026-11-11 20:15:00,FALSE
6520,2026-02-17 21:30:00,TRUE
1576,2026-07-11 01:15:00,FALSE
3193,2027-06-18 15:30:00,FALSE
2236,2025-12-07 20:15:00,TRUE
9961,2025-09-26 12:45:00,TRUE
4684,2025-04-01 05:30:00,TRUE
2463,2027-09-22 05:15:00,FALSE
9292,2025-01-15 18:30:00,TRUE
4037,2025-05-19 18:30:00,TRUE
416,2027-12-25 17:30:00,FALSE
2649,2026-06-01 06:30:00,FALSE
2862,2027-01-29 00:45:00,FALSE
1950,2025-08-27 16:30:00,TRUE
9984,2027-09-04 12:00:00,FALSE
1274,2025-10-29 14:30:00,TRUE
6990,2026-11-06 01:30:00,FALSE
1503,2025-02-20 05:30:00,TRUE
1189,2026-07-05 13:45:00,FALSE
2050,2027-12-18 06:30:00,FALSE
3399,2025-11-30 02:30:00,TRUE
1306,2026-05-06 00:30:00,TRUE
5460,2027-03-12 11:15:00,FALSE
3713,2026-03-18 04:45:00,TRUE
4975,2026-06-13 02:30:00,FALSE
6908,2027-03-05 03:30:00,FALSE
7127,2025-07-17 20:30:00,TRUE
6815,2026-02-22 22:30:00,TRUE
2981,2026-03-13 04:00:00,TRUE
8639,2025-05-09 18:00:00,TRUE
2976,2025-09-17 18:30:00,TRUE
7101,2026-03-21 08:00:00,TRUE
7130,2025-06-19 00:15:00,TRUE
484,2026-07-29 01:30:00,FALSE
2019,2025-04-15 12:45:00,TRUE
1578,2026-02-01 15:45:00,TRUE
6114,2027-06-20 22:30:00,FALSE
4462,2027-03-25 22:15:00,FALSE
5927,2025-12-07 11:30:00,TRUE
9519,2025-07-15 21:15:00,TRUE
2069,2026-09-12 10:30:00,FALSE
1620,2026-01-22 10:15:00,TRUE
7111,2027-05-13 18:30:00,FALSE
5824,2025-12-15 12:00:00,TRUE
7527,2025-08-14 13:00:00,TRUE
8735,2027-01-22 02:45:00,FALSE
384,2027-05-05 14:00:00,FALSE
2482,2026-04-24 18:30:00,TRUE
9402,2025-05-09 20:15:00,TRUE
6924,2026-11-03 22:30:00,FALSE
8527,2027-05-10 05:30:00,FALSE
881,2027-06-30 14:30:00,FALSE
4122,2025-04-02 22:15:00,TRUE
9231,2026-05-12 09:15:00,TRUE
4887,2026-07-06 20:15:00,FALSE
4333,2027-05-14 03:45:00,FALSE
1063,2026-02-10 10:00:00,TRUE
2999,2026-06-07 06:00:00,FALSE
8329,2027-12-29 22:15:00,FALSE
4471,2026-06-27 09:45:00,FALSE
1103,2027-07-20 01:00:00,FALSE
3150,2025-02-06 10:45:00,TRUE
7354,2025-09-30 03:00:00,TRUE
5287,2027-07-02 21:00:00,FALSE
7858,2027-03-10 13:45:00,FALSE
1487,2026-10-09 02:15:00,FALSE
1668,2026-02-01 16:30:00,TRUE
4010,2026-03-21 04:00:00,TRUE
8197,2025-03-24 23:15:00,TRUE
4551,2027-10-13 13:45:00,FALSE
1798,2027-10-21 09:15:00,FALSE
6579,2025-08-01 21:30:00,TRUE
2680,2026-10-16 16:45:00,FALSE
636,2026-04-06 20:45:00,TRUE
5353,2026-11-07 22:30:00,FALSE
7079,2025-07-31 05:15:00,TRUE
5718,2026-05-02 07:15:00,TRUE
2020,2025-01-01 22:00:00,TRUE
2438,2026-07-20 10:15:00,FALSE
923,2025-05-13 08:00:00,TRUE
4493,2026-10-06 03:00:00,FALSE
1510,2025-02-17 13:00:00,TRUE
991,2027-04-23 21:45:00,FALSE
6446,2026-09-03 14:30:00,FALSE
1050,2025-01-23 14:00:00,TRUE
4825,2027-05-17 17:45:00,FALSE
5824,2025-07-04 08:45:00,TRUE
4448,2027-04-28 08:30:00,FALSE
4413,2025-02-11 18:30:00,TRUE
7141,2027-12-22 02:30:00,FALSE
6753,2027-05-11 23:15:00,FALSE
1374,2027-03-16 03:30:00,FALSE
9166,2026-02-22 17:30:00,TRUE
3088,2025-10-02 11:45:00,TRUE
7739,2025-11-28 03:45:00,TRUE
343,2025-11-09 14:30:00,TRUE
8772,2027-10-25 20:45:00,FALSE
463,2027-08-17 03:45:00,FALSE
7947,2026-10-10 11:00:00,FALSE
9359,2027-10-06 07:45:00,FALSE
1604,2025-05-24 19:00:00,TRUE
4211,2025-01-23 01:30:00,TRUE
1665,2026-03-23 02:45:00,TRUE
9022,2027-05-31 12:30:00,FALSE
2378,2027-04-30 07:45:00,FALSE
5242,2027-10-12 14:30:00,FALSE
6771,2027-11-13 20:00:00,FALSE
8940,2027-04-09 17:45:00,FALSE
1872,2025-12-30 04:00:00,TRUE
4584,2026-06-23 03:15:00,FALSE
2480,2027-02-01 15:00:00,FALSE
485,2027-08-28 08:15:00,FALSE
2386,2025-09-05 09:45:00,TRUE
1661,2025-04-30 03:00:00,TRUE
5981,2027-11-08 22:30:00,FALSE
8851,2027-05-03 06:30:00,FALSE
97,2026-02-19 06:45:00,TRUE
4960,2025-03-20 21:45:00,TRUE
778,2026-03-17 15:00:00,TRUE
1527,2026-01-10 05:30:00,TRUE
6802,2025-10-20 16:45:00,TRUE
3403,2025-01-05 21:00:00,TRUE
1767,2027-02-13 17:00:00,FALSE
6478,2027-10-27 04:00:00,FALSE
6302,2025-11-30 17:45:00,TRUE
572,2025-07-18 15:15:00,TRUE
7296,2025-06-09 05:15:00,TRUE
872,2026-09-07 14:45:00,FALSE
7148,2025-09-18 22:15:00,TRUE
8335,2025-08-01 23:30:00,TRUE
4306,2026-08-22 08:45:00,FALSE
4794,2026-01-09 12:00:00,TRUE
4130,2027-07-17 02:00:00,FALSE
2256,2027-02-02 12:00:00,FALSE
6892,2025-07-16 05:30:00,TRUE
3634,2026-08-13 13:15:00,FALSE
3731,2027-12-17 23:00:00,FALSE
4911,2027-07-31 09:45:00,FALSE
4142,2026-01-30 23:45:00,TRUE
8852,2026-07-29 08:00:00,FALSE
5808,2027-04-30 12:00:00,FALSE
4773,2026-02-02 14:15:00,TRUE
811,2027-09-26 19:45:00,FALSE
9350,2026-09-11 08:45:00,FALSE
5099,2026-07-20 12:00:00,FALSE
1476,2026-09-23 03:15:00,FALSE
6037,2027-10-07 04:00:00,FALSE
1771,2025-01-09 09:00:00,TRUE
194,2026-07-30 21:30:00,FALSE
4608,2026-11-14 15:30:00,FALSE
2645,2025-05-21 19:45:00,TRUE
6984,2026-11-08 22:45:00,FALSE
380,2025-04-04 22:30:00,TRUE
8915,2027-03-02 18:30:00,FALSE
8747,2027-02-26 13:15:00,FALSE
2546,2027-05-31 10:00:00,FALSE
9466,2027-04-28 21:00:00,FALSE
1990,2027-09-05 15:00:00,FALSE
2760,2026-09-03 00:30:00,FALSE
1120,2026-07-21 20:30:00,FALSE
9023,2026-05-21 03:15:00,FALSE
1467,2027-07-29 14:00:00,FALSE
7945,2025-07-04 20:30:00,TRUE
9200,2026-09-10 02:00:00,FALSE
1203,2025-10-17 22:45:00,TRUE
3706,2025-06-08 03:45:00,TRUE
6397,2026-03-23 07:00:00,TRUE
3467,2025-07-10 03:30:00,TRUE
8525,2025-10-09 18:00:00,TRUE
5366,2027-05-18 22:45:00,FALSE
7882,2026-12-21 06:30:00,FALSE
3259,2026-01-18 02:00:00,TRUE
6099,2027-01-20 20:45:00,FALSE
9404,2025-02-02 02:45:00,TRUE
3248,2025-09-01 19:00:00,TRUE
2398,2026-01-02 09:15:00,TRUE
7857,2025-11-05 09:30:00,TRUE
4650,2025-07-27 15:15:00,TRUE
3868,2027-08-15 12:15:00,FALSE
3680,2025-11-22 17:30:00,TRUE
7529,2027-03-25 06:45:00,FALSE
7714,2025-09-29 02:00:00,TRUE
1303,2026-06-17 16:15:00,FALSE
8690,2026-12-17 00:45:00,FALSE
4552,2026-03-08 13:45:00,TRUE
4986,2027-12-17 02:30:00,FALSE
1772,2027-11-27 12:30:00,FALSE
5109,2027-08-12 10:45:00,FALSE
10001,2026-04-02 00:00:00,TRUE
2469,2025-12-13 04:15:00,TRUE
3671,2025-07-18 15:15:00,TRUE
1098,2027-05-31 05:30:00,FALSE
6162,2025-07-02 11:30:00,TRUE
9109,2027-08-17 00:00:00,FALSE
2733,2025-03-12 22:30:00,TRUE
5284,2026-10-13 05:15:00,FALSE
4436,2027-05-20 06:00:00,FALSE
9759,2025-01-13 08:00:00,TRUE
1762,2025-08-11 20:00:00,TRUE
141,2025-02-18 12:45:00,TRUE
7466,2025-08-23 13:15:00,TRUE
2010,2027-01-25 20:15:00,FALSE
8509,2025-09-06 04:30:00,TRUE
6135,2026-01-03 06:00:00,TRUE
773,2026-12-16 11:15:00,FALSE
9797,2026-09-14 09:45:00,FALSE
535,2025-10-28 10:00:00,TRUE
5784,2026-01-22 16:45:00,TRUE
420,2025-01-03 15:30:00,TRUE
1467,2026-01-08 01:00:00,TRUE
8637,2025-02-23 12:15:00,TRUE
1971,2025-04-23 05:45:00,TRUE
7001,2025-04-05 08:00:00,TRUE
4656,2027-02-22 15:15:00,FALSE
7047,2026-04-09 14:30:00,TRUE
2429,2027-11-27 01:00:00,FALSE
2661,2027-12-06 22:30:00,FALSE
9616,2027-06-15 04:30:00,FALSE
9789,2025-06-06 19:00:00,TRUE
9472,2025-08-16 23:30:00,TRUE
8369,2027-10-05 03:45:00,FALSE
2925,2026-03-10 18:00:00,TRUE
5586,2027-04-29 07:00:00,FALSE
790,2026-08-31 09:30:00,FALSE
4739,2025-05-04 13:45:00,TRUE
583,2027-02-05 19:30:00,FALSE
1767,2026-11-15 19:00:00,FALSE
1329,2027-04-08 17:00:00,FALSE
4857,2026-03-13 05:45:00,TRUE
441,2025-05-09 23:45:00,TRUE
642,2025-03-06 18:30:00,TRUE
323,2026-05-11 22:15:00,TRUE
7344,2027-07-09 09:30:00,FALSE
3880,2026-09-22 11:30:00,FALSE
4911,2026-12-26 18:00:00,FALSE
6251,2025-12-21 21:15:00,TRUE
2731,2027-02-13 05:30:00,FALSE
9602,2025-07-14 05:30:00,TRUE
7145,2026-12-16 21:30:00,FALSE
3935,2027-06-17 04:00:00,FALSE
9757,2026-02-01 02:15:00,TRUE
4832,2027-02-05 10:30:00,FALSE
4365,2025-09-04 04:15:00,TRUE
2980,2025-03-13 03:45:00,TRUE
126,2025-08-28 12:45:00,TRUE
5287,2027-07-04 02:00:00,FALSE
8376,2026-12-01 21:00:00,FALSE
2155,2025-04-16 07:00:00,TRUE
1394,2027-08-20 23:00:00,FALSE
9627,2025-11-05 15:45:00,TRUE
6331,2025-12-29 01:00:00,TRUE
4207,2026-11-17 16:30:00,FALSE
4448,2025-11-28 16:30:00,TRUE
2797,2027-06-10 12:15:00,FALSE
4315,2027-05-19 09:15:00,FALSE
4950,2025-01-13 06:45:00,TRUE
612,2026-07-01 06:00:00,FALSE
9832,2025-02-10 00:00:00,TRUE
1027,2025-06-08 19:30:00,TRUE
185,2025-09-24 16:15:00,TRUE
6277,2027-08-29 08:30:00,FALSE
5938,2026-12-04 14:00:00,FALSE
5742,2025-02-11 09:00:00,TRUE
4294,2026-11-25 16:45:00,FALSE
7076,2025-05-20 11:00:00,TRUE
9016,2025-10-14 08:30:00,TRUE
1181,2025-05-29 18:00:00,TRUE
2938,2025-01-25 12:30:00,TRUE
3073,2026-07-13 11:30:00,FALSE
9748,2027-05-20 14:00:00,FALSE
9801,2027-05-13 10:45:00,FALSE
6014,2026-09-13 10:15:00,FALSE
1248,2026-12-29 16:30:00,FALSE
9252,2025-05-08 20:30:00,TRUE
2081,2027-10-19 11:15:00,FALSE
4839,2025-02-15 21:00:00,TRUE
2607,2025-07-30 19:30:00,TRUE
8998,2027-03-17 08:45:00,FALSE
7778,2027-05-08 12:30:00,FALSE
5620,2026-09-29 09:30:00,FALSE
6270,2027-02-16 13:15:00,FALSE
7342,2026-04-19 20:15:00,TRUE
8916,2027-08-30 00:45:00,FALSE
4464,2027-02-03 01:45:00,FALSE
7186,2025-08-15 08:45:00,TRUE
5837,2027-09-01 09:15:00,FALSE
2521,2026-09-21 06:45:00,FALSE
4301,2027-05-21 05:15:00,FALSE
3870,2027-10-02 12:15:00,FALSE
6811,2027-04-01 02:45:00,FALSE
6060,2027-07-21 07:45:00,FALSE
75,2026-05-18 19:45:00,FALSE
3507,2025-09-21 12:30:00,TRUE
3927,2026-04-16 03:15:00,TRUE
4788,2027-05-15 03:00:00,FALSE
9581,2027-06-17 04:45:00,FALSE
7047,2027-08-09 00:30:00,FALSE
3363,2027-03-25 06:30:00,FALSE
348,2027-09-13 19:45:00,FALSE
396,2027-01-26 18:15:00,FALSE
6027,2026-01-02 09:00:00,TRUE
9278,2025-05-23 06:30:00,TRUE
122,2027-06-08 20:45:00,FALSE
6541,2025-11-30 21:30:00,TRUE
860,2026-08-29 00:15:00,FALSE
8878,2025-10-27 20:15:00,TRUE
408,2025-06-16 08:00:00,TRUE
6969,2026-01-14 20:45:00,TRUE
2326,2027-09-20 00:15:00,FALSE
989,2025-04-06 00:30:00,TRUE
8764,2026-03-22 23:30:00,TRUE
6375,2027-10-25 02:00:00,FALSE
5403,2027-03-12 01:00:00,FALSE
2700,2025-08-20 08:45:00,TRUE
5026,2027-08-10 18:00:00,FALSE
2908,2027-10-21 13:00:00,FALSE
5036,2026-05-22 09:30:00,FALSE
6235,2027-09-22 20:00:00,FALSE
8348,2026-01-14 07:00:00,TRUE
9187,2026-07-31 22:45:00,FALSE
8351,2027-08-27 23:45:00,FALSE
2457,2027-12-12 21:15:00,FALSE
4467,2026-05-11 17:45:00,TRUE
1792,2025-09-23 16:00:00,TRUE
8909,2027-12-19 05:15:00,FALSE
2572,2025-07-07 13:15:00,TRUE
4384,2027-06-19 21:00:00,FALSE
7836,2026-09-25 19:00:00,FALSE
2183,2026-04-24 07:30:00,TRUE
7992,2027-10-31 06:15:00,FALSE
8165,2027-02-18 14:30:00,FALSE
3066,2025-04-30 01:15:00,TRUE
8066,2026-05-12 10:15:00,TRUE
6553,2025-01-19 11:30:00,TRUE
8456,2027-08-16 18:30:00,FALSE
2709,2027-01-04 00:45:00,FALSE
1357,2025-11-01 08:30:00,TRUE
6408,2026-10-01 16:00:00,FALSE
3668,2025-01-31 16:00:00,TRUE
6489,2027-11-20 05:30:00,FALSE
6056,2025-06-14 02:30:00,TRUE
3791,2026-03-30 02:45:00,TRUE
283,2026-12-22 02:45:00,FALSE
7594,2027-01-11 20:30:00,FALSE
2385,2027-04-13 08:00:00,FALSE
9562,2025-05-08 05:30:00,TRUE
6511,2027-03-12 02:45:00,FALSE
3851,2026-09-13 16:30:00,FALSE
3415,2027-05-26 16:15:00,FALSE
7274,2026-11-25 02:45:00,FALSE
9243,2026-10-28 10:00:00,FALSE
2589,2025-01-13 08:15:00,TRUE
2795,2025-09-30 19:15:00,TRUE
9935,2027-06-16 19:45:00,FALSE
3179,2027-11-21 19:00:00,FALSE
4151,2027-03-05 21:30:00,FALSE
5092,2027-10-03 06:45:00,FALSE
6865,2027-02-04 00:30:00,FALSE
3667,2027-12-26 08:45:00,FALSE
2441,2025-09-17 06:00:00,TRUE
6304,2027-09-25 00:45:00,FALSE
7951,2025-07-13 23:45:00,TRUE
1887,2026-04-24 22:00:00,TRUE
4077,2026-05-27 06:45:00,FALSE
1512,2027-08-19 02:15:00,FALSE
1673,2025-08-17 20:15:00,TRUE
357,2026-07-15 11:30:00,FALSE
8628,2027-03-22 10:15:00,FALSE
7187,2026-10-02 08:15:00,FALSE
5824,2026-11-13 06:00:00,FALSE
891,2026-06-07 08:45:00,FALSE
5844,2025-11-13 10:45:00,TRUE
5321,2025-08-02 10:45:00,TRUE
4475,2025-12-24 09:30:00,TRUE
6675,2027-03-26 10:45:00,FALSE
2666,2026-11-19 12:00:00,FALSE
102,2025-10-31 11:45:00,TRUE
6101,2026-02-15 00:15:00,TRUE
4877,2027-09-20 22:30:00,FALSE
1762,2026-06-07 18:30:00,FALSE
1843,2026-03-25 16:45:00,TRUE
4791,2026-07-11 13:45:00,FALSE
3966,2025-08-27 08:30:00,TRUE
9630,2025-07-13 23:30:00,TRUE
6888,2025-07-29 18:00:00,TRUE
3477,2025-09-23 11:15:00,TRUE
5154,2025-02-28 01:15:00,TRUE
283,2025-04-27 00:30:00,TRUE
4258,2026-06-15 15:30:00,FALSE
3575,2025-02-20 12:00:00,TRUE
3228,2027-06-20 12:45:00,FALSE
5373,2027-02-13 18:15:00,FALSE
7435,2027-08-28 06:15:00,FALSE
2445,2026-07-08 18:15:00,FALSE
5404,2025-12-24 19:45:00,TRUE
155,2027-08-27 16:15:00,FALSE
3832,2027-07-22 02:45:00,FALSE
7271,2026-10-16 22:30:00,FALSE
5579,2027-01-30 05:00:00,FALSE
9368,2026-07-06 00:45:00,FALSE
4924,2025-11-06 09:00:00,TRUE
221,2027-01-03 02:45:00,FALSE
5019,2027-05-23 08:30:00,FALSE
1823,2026-04-21 07:00:00,TRUE
5728,2026-04-06 20:00:00,TRUE
738,2027-12-08 16:00:00,FALSE
4219,2026-03-03 08:15:00,TRUE
336,2027-03-24 10:15:00,FALSE
4666,2025-05-25 22:45:00,TRUE
8142,2025-01-02 21:30:00,TRUE
7039,2025-07-10 23:45:00,TRUE
6019,2025-01-07 09:30:00,TRUE
2627,2026-02-01 00:15:00,TRUE
8201,2026-12-29 06:00:00,FALSE
3853,2026-09-09 11:45:00,FALSE
2677,2025-04-23 00:45:00,TRUE
2875,2025-12-14 11:30:00,TRUE
10007,2026-12-18 05:15:00,FALSE
7811,2027-10-31 01:15:00,FALSE
4944,2026-03-22 06:15:00,TRUE
4494,2025-10-27 09:00:00,TRUE
4698,2027-07-27 05:45:00,FALSE
2444,2026-05-14 21:15:00,TRUE
8290,2027-06-04 07:00:00,FALSE
2753,2026-12-03 02:30:00,FALSE
3336,2027-02-16 16:45:00,FALSE
5824,2026-07-10 03:45:00,FALSE
6473,2027-07-07 17:30:00,FALSE
1017,2025-12-18 08:45:00,TRUE
122,2026-11-14 00:15:00,FALSE
2032,2027-05-13 22:00:00,FALSE
9968,2026-10-25 13:15:00,FALSE
5826,2025-12-13 23:00:00,TRUE
9242,2025-11-30 07:45:00,TRUE
2861,2025-03-08 22:30:00,TRUE
1646,2026-03-27 06:00:00,TRUE
6369,2027-07-19 02:00:00,FALSE
8587,2025-02-27 14:45:00,TRUE
7075,2025-04-06 18:00:00,TRUE
7636,2027-06-29 05:30:00,FALSE
7901,2026-10-31 17:45:00,FALSE
7590,2026-09-18 11:30:00,FALSE
1070,2025-08-02 06:00:00,TRUE
6191,2026-08-06 11:30:00,FALSE
1688,2025-04-02 19:45:00,TRUE
5806,2027-06-25 12:15:00,FALSE
5539,2025-12-14 21:45:00,TRUE
6255,2026-09-21 21:30:00,FALSE
1754,2025-02-22 13:00:00,TRUE
750,2025-10-30 03:15:00,TRUE
2195,2027-08-31 18:00:00,FALSE
6497,2026-12-13 21:45:00,FALSE
7953,2025-02-21 19:15:00,TRUE
1016,2027-04-02 07:30:00,FALSE
7525,2027-06-12 15:30:00,FALSE
9792,2026-04-18 17:30:00,TRUE
4791,2027-03-13 11:30:00,FALSE
743,2025-02-22 11:00:00,TRUE
4272,2025-02-10 14:45:00,TRUE
4917,2025-08-20 14:30:00,TRUE
7332,2026-03-10 21:00:00,TRUE
6348,2025-12-12 10:30:00,TRUE
2413,2027-02-08 20:15:00,FALSE
4131,2027-06-01 12:15:00,FALSE
5128,2025-05-19 08:30:00,TRUE
5558,2025-09-06 21:00:00,TRUE
6585,2027-03-10 18:30:00,FALSE
9119,2027-06-26 16:00:00,FALSE
7722,2026-05-29 14:45:00,FALSE
2230,2026-03-25 23:15:00,TRUE
7181,2026-03-06 11:00:00,TRUE
4173,2026-08-09 06:30:00,FALSE
5055,2025-06-29 04:00:00,TRUE
3778,2025-01-13 05:30:00,TRUE
5672,2027-08-17 20:30:00,FALSE
9945,2027-01-19 19:15:00,FALSE
1819,2027-10-21 13:30:00,FALSE
344,2025-03-14 13:00:00,TRUE
4524,2027-05-25 12:00:00,FALSE
2486,2026-06-15 20:45:00,FALSE
909,2027-06-11 06:00:00,FALSE
9963,2026-03-19 04:30:00,TRUE
2664,2027-03-14 04:15:00,FALSE
2340,2025-09-22 01:30:00,TRUE
7238,2027-11-01 07:30:00,FALSE
5404,2026-09-07 02:15:00,FALSE
1825,2026-09-25 03:30:00,FALSE
3105,2025-01-14 05:30:00,TRUE
8680,2025-02-17 21:00:00,TRUE
4950,2026-04-05 12:00:00,TRUE
7663,2025-11-13 08:30:00,TRUE
8781,2026-12-01 02:15:00,FALSE
8093,2026-11-18 04:30:00,FALSE
5776,2025-12-06 21:15:00,TRUE
5678,2027-04-13 04:15:00,FALSE
4784,2027-06-15 15:30:00,FALSE
1168,2026-05-26 22:45:00,FALSE
8936,2027-09-13 02:15:00,FALSE
617,2027-09-04 20:00:00,FALSE
6283,2026-04-04 07:00:00,TRUE
1222,2026-06-10 20:30:00,FALSE
5969,2025-04-06 13:15:00,TRUE
9939,2025-10-26 02:30:00,TRUE
7370,2025-06-02 14:30:00,TRUE
2488,2026-12-11 03:15:00,FALSE
6521,2027-03-22 10:15:00,FALSE
3635,2025-10-18 16:15:00,TRUE
9089,2025-07-16 15:30:00,TRUE
9807,2027-05-26 09:00:00,FALSE
1547,2025-06-17 19:45:00,TRUE
5398,2026-07-15 21:30:00,FALSE
8989,2026-08-01 23:00:00,FALSE
5548,2027-06-28 09:45:00,FALSE
1182,2027-04-16 22:30:00,FALSE
6686,2025-06-21 21:45:00,TRUE
730,2027-03-14 08:30:00,FALSE
7432,2027-08-14 09:45:00,FALSE
4652,2026-01-18 18:30:00,TRUE
6580,2026-12-20 11:00:00,FALSE
6738,2026-03-07 08:15:00,TRUE
6271,2025-02-22 23:00:00,TRUE
6728,2025-08-13 01:30:00,TRUE
9861,2026-10-14 15:45:00,FALSE
3035,2027-01-15 01:30:00,FALSE
7469,2025-12-25 06:15:00,TRUE
9575,2025-03-11 17:45:00,TRUE
4825,2025-01-08 13:30:00,TRUE
6178,2026-04-13 16:45:00,TRUE
1492,2027-06-26 10:15:00,FALSE
8733,2025-05-19 04:45:00,TRUE
320,2027-03-03 14:00:00,FALSE
2337,2027-11-15 05:00:00,FALSE
2764,2026-12-21 13:45:00,FALSE
4887,2026-03-28 03:15:00,TRUE
8792,2026-06-24 20:30:00,FALSE
1066,2027-08-26 06:45:00,FALSE
3105,2025-04-24 19:00:00,TRUE
1564,2025-02-25 05:45:00,TRUE
505,2025-09-15 20:45:00,TRUE
5529,2025-05-25 10:15:00,TRUE
1251,2026-03-15 05:30:00,TRUE
482,2027-02-15 08:30:00,FALSE
4931,2026-02-14 03:15:00,TRUE
4834,2027-11-24 06:15:00,FALSE
1458,2026-04-13 13:15:00,TRUE
3644,2027-03-16 18:00:00,FALSE
6532,2027-06-14 09:30:00,FALSE
3406,2025-01-22 11:00:00,TRUE
1396,2027-10-09 21:45:00,FALSE
6286,2026-10-04 03:15:00,FALSE
876,2025-02-20 17:15:00,TRUE
1750,2026-12-19 12:45:00,FALSE
1778,2026-05-09 22:00:00,TRUE
4957,2026-10-02 23:45:00,FALSE
5250,2025-01-11 16:30:00,TRUE
3259,2025-02-25 12:00:00,TRUE
3464,2025-02-11 14:15:00,TRUE
711,2025-09-14 09:15:00,TRUE
6904,2025-09-07 23:30:00,TRUE
980,2025-02-22 12:00:00,TRUE
5476,2026-02-20 15:30:00,TRUE
9502,2025-01-17 10:15:00,TRUE
1908,2027-01-26 07:30:00,FALSE
7280,2025-11-07 10:00:00,TRUE
5418,2027-08-29 13:45:00,FALSE
5851,2027-04-07 19:45:00,FALSE
3749,2026-01-13 04:00:00,TRUE
9441,2026-03-09 05:30:00,TRUE
9872,2025-11-21 00:45:00,TRUE
9208,2026-07-19 22:30:00,FALSE
8150,2027-06-17 12:30:00,FALSE
27,2027-06-05 23:30:00,FALSE
5516,2025-12-18 20:45:00,TRUE
4199,2027-05-09 18:15:00,FALSE
5341,2026-08-08 19:30:00,FALSE
2568,2026-04-21 20:30:00,TRUE
8673,2025-11-07 10:00:00,TRUE
3483,2025-08-28 20:00:00,TRUE
9446,2026-12-17 20:45:00,FALSE
6751,2025-11-15 18:00:00,TRUE
108,2025-08-23 19:15:00,TRUE
1904,2025-07-03 16:30:00,TRUE
1700,2027-02-14 03:45:00,FALSE
5605,2025-11-18 20:00:00,TRUE
3229,2026-10-11 00:30:00,FALSE
9452,2027-07-19 01:30:00,FALSE
4084,2027-08-20 07:45:00,FALSE
7696,2027-12-19 19:45:00,FALSE
7007,2027-11-14 10:45:00,FALSE
2795,2027-12-23 04:15:00,FALSE
4419,2025-04-11 12:30:00,TRUE
6725,2025-11-23 23:15:00,TRUE
3468,2026-11-09 00:15:00,FALSE
8870,2025-08-30 11:00:00,TRUE
6617,2026-01-06 10:30:00,TRUE
6982,2025-10-09 09:45:00,TRUE
900,2026-08-12 04:00:00,FALSE
7736,2026-04-21 13:30:00,TRUE
7682,2027-04-22 10:30:00,FALSE
8442,2027-04-08 07:00:00,FALSE
2042,2025-10-08 16:15:00,TRUE
3236,2027-11-04 04:45:00,FALSE
5019,2025-10-01 12:45:00,TRUE
309,2025-06-21 15:15:00,TRUE
2338,2026-03-31 23:00:00,TRUE
4450,2025-05-06 10:15:00,TRUE
2274,2027-05-28 21:15:00,FALSE
4381,2026-01-15 07:00:00,TRUE
2509,2026-11-23 04:00:00,FALSE
5450,2026-02-26 10:15:00,TRUE
7241,2025-12-17 00:45:00,TRUE
9345,2026-08-17 06:15:00,FALSE
1584,2025-02-14 21:30:00,TRUE
4296,2027-10-15 22:15:00,FALSE
9036,2026-12-06 07:15:00,FALSE
8715,2026-03-28 02:00:00,TRUE
5866,2027-07-12 14:45:00,FALSE
1876,2027-10-08 06:00:00,FALSE
6201,2025-11-25 18:00:00,TRUE
4407,2026-01-02 15:45:00,TRUE
5211,2027-02-01 19:45:00,FALSE
3423,2027-06-04 09:15:00,FALSE
6044,2025-06-07 18:00:00,TRUE
1666,2026-09-08 01:00:00,FALSE
502,2026-08-07 21:00:00,FALSE
7068,2026-01-17 19:00:00,TRUE
8492,2025-12-12 21:15:00,TRUE
9094,2026-09-22 04:30:00,FALSE
6989,2025-06-11 19:30:00,TRUE
3304,2026-10-22 04:15:00,FALSE
1109,2026-02-12 01:45:00,TRUE
5577,2025-09-17 10:00:00,TRUE
3066,2025-03-24 10:30:00,TRUE
6971,2026-06-05 05:30:00,FALSE
8498,2026-12-02 11:00:00,FALSE
6362,2027-08-04 00:30:00,FALSE
4361,2025-07-29 05:45:00,TRUE
8113,2027-03-29 02:30:00,FALSE
9017,2026-05-03 20:30:00,TRUE
9152,2025-05-14 04:45:00,TRUE
8977,2026-11-09 20:30:00,FALSE
9764,2025-12-27 19:45:00,TRUE
2995,2027-11-28 18:15:00,FALSE
7877,2027-09-25 19:15:00,FALSE
5741,2025-02-18 01:15:00,TRUE
1454,2026-03-29 11:15:00,TRUE
8262,2027-01-17 05:15:00,FALSE
9242,2026-05-26 15:30:00,FALSE
7468,2025-11-28 01:45:00,TRUE
1389,2026-01-25 10:00:00,TRUE
5757,2027-08-11 04:30:00,FALSE
3110,2026-06-11 05:00:00,FALSE
4410,2025-11-12 15:30:00,TRUE
7174,2025-10-10 12:00:00,TRUE
8666,2025-10-12 15:30:00,TRUE
9936,2027-08-06 13:30:00,FALSE
6082,2027-02-22 12:15:00,FALSE
7779,2027-06-21 11:30:00,FALSE
4055,2025-02-01 20:45:00,TRUE
5133,2026-12-11 22:30:00,FALSE
1459,2026-11-13 17:45:00,FALSE
3039,2025-06-16 00:15:00,TRUE
1652,2027-07-20 17:45:00,FALSE
2198,2026-11-22 22:30:00,FALSE
1171,2027-02-04 13:15:00,FALSE
7039,2026-03-12 12:30:00,TRUE
2972,2025-01-03 20:45:00,TRUE
9396,2027-04-24 03:15:00,FALSE
7200,2027-02-05 13:15:00,FALSE
4774,2025-03-14 14:30:00,TRUE
644,2026-11-23 07:00:00,FALSE
6051,2027-11-11 10:30:00,FALSE
2245,2027-06-23 07:15:00,FALSE
1835,2027-10-04 05:45:00,FALSE
9763,2025-05-29 06:00:00,TRUE
3245,2025-04-10 01:30:00,TRUE
5214,2026-05-25 01:00:00,FALSE
907,2026-07-24 03:15:00,FALSE
7393,2025-08-03 09:15:00,TRUE
6770,2026-07-06 20:45:00,FALSE
9741,2027-09-15 23:45:00,FALSE
6883,2025-12-08 13:00:00,TRUE
310,2025-08-22 05:30:00,TRUE
9078,2025-10-21 22:00:00,TRUE
5055,2027-08-24 19:45:00,FALSE
4773,2025-09-15 13:30:00,TRUE
8613,2027-03-22 11:45:00,FALSE
7709,2026-11-21 00:30:00,FALSE
3698,2025-10-24 17:00:00,TRUE
1594,2026-08-14 08:45:00,FALSE
3663,2025-10-23 21:45:00,TRUE
954,2025-03-17 08:45:00,TRUE
4335,2027-07-05 14:00:00,FALSE
8264,2027-10-30 01:45:00,FALSE
5780,2026-08-29 03:15:00,FALSE
4286,2026-03-15 12:15:00,TRUE
6277,2025-05-11 09:30:00,TRUE
6359,2027-12-17 23:45:00,FALSE
9206,2026-03-18 07:15:00,TRUE
4252,2025-08-27 07:30:00,TRUE
9013,2025-08-26 22:30:00,TRUE
8799,2026-11-08 09:45:00,FALSE
9678,2025-08-01 12:15:00,TRUE
3395,2027-01-04 23:45:00,FALSE
3528,2025-08-26 18:00:00,TRUE
4628,2026-08-28 07:00:00,FALSE
3145,2026-07-27 12:15:00,FALSE
7953,2026-05-26 10:15:00,FALSE
6021,2026-12-01 01:00:00,FALSE
2163,2027-06-22 08:45:00,FALSE
9002,2027-04-10 20:00:00,FALSE
6022,2026-07-03 13:30:00,FALSE
4778,2026-05-22 19:30:00,FALSE
6590,2026-08-19 19:30:00,FALSE
4453,2025-06-11 21:00:00,TRUE
6116,2025-09-20 16:00:00,TRUE
9946,2026-11-02 07:30:00,FALSE
3538,2026-01-18 21:45:00,TRUE
9145,2027-09-27 12:45:00,FALSE
4491,2025-08-23 18:45:00,TRUE
1318,2025-11-10 17:30:00,TRUE
7827,2025-08-17 07:00:00,TRUE
4298,2026-06-27 04:00:00,FALSE
7747,2025-11-05 03:00:00,TRUE
7166,2025-01-11 21:30:00,TRUE
9641,2026-10-24 09:00:00,FALSE
9323,2026-08-09 10:30:00,FALSE
6558,2025-07-16 17:45:00,TRUE
3298,2026-04-04 07:30:00,TRUE
6356,2025-10-26 09:00:00,TRUE
9963,2027-08-05 20:00:00,FALSE
8902,2027-09-09 14:30:00,FALSE
9497,2025-06-13 08:00:00,TRUE
9633,2027-02-02 18:00:00,FALSE
3591,2027-10-30 10:00:00,FALSE
9441,2026-08-28 15:00:00,FALSE
2758,2025-05-26 02:30:00,TRUE
4109,2026-07-10 03:00:00,FALSE
8749,2025-04-06 13:30:00,TRUE
3266,2025-07-23 12:15:00,TRUE
7315,2027-05-20 22:00:00,FALSE
2300,2027-04-10 17:15:00,FALSE
2141,2027-05-30 03:15:00,FALSE
5588,2027-10-20 18:15:00,FALSE
8503,2025-04-12 21:00:00,TRUE
9122,2025-12-25 02:30:00,TRUE
5117,2027-03-28 07:45:00,FALSE
3427,2027-05-13 11:30:00,FALSE
3722,2026-04-13 16:00:00,TRUE
2679,2026-08-16 18:45:00,FALSE
9816,2025-09-19 01:30:00,TRUE
5807,2027-06-15 06:00:00,FALSE
9768,2025-03-04 21:00:00,TRUE
10004,2027-09-20 18:45:00,FALSE
3481,2027-07-21 15:45:00,FALSE
7584,2025-10-20 04:45:00,TRUE
844,2027-12-24 15:15:00,FALSE
8740,2026-07-19 15:30:00,FALSE
4700,2026-12-12 01:45:00,FALSE
5245,2026-11-21 20:15:00,FALSE
8858,2026-01-07 20:15:00,TRUE
2736,2025-10-27 14:45:00,TRUE
2493,2025-03-25 20:00:00,TRUE
6755,2027-04-03 06:15:00,FALSE
2830,2027-01-18 22:45:00,FALSE
1986,2027-07-18 19:00:00,FALSE
5969,2027-04-27 09:30:00,FALSE
9053,2025-03-27 12:15:00,TRUE
8640,2027-08-22 01:30:00,FALSE
2225,2027-09-16 23:00:00,FALSE
9682,2025-07-03 19:30:00,TRUE
7185,2027-06-20 09:00:00,FALSE
1085,2025-10-10 22:00:00,TRUE
9162,2026-10-09 14:30:00,FALSE
8634,2026-07-16 17:30:00,FALSE
4683,2025-01-06 01:30:00,TRUE
8872,2026-05-20 18:15:00,FALSE
9251,2027-08-20 21:30:00,FALSE
1586,2026-10-06 17:00:00,FALSE
984,2026-12-14 00:15:00,FALSE
3804,2025-10-15 21:00:00,TRUE
5518,2027-11-13 01:30:00,FALSE
6231,2027-09-04 02:00:00,FALSE
6706,2027-10-14 21:00:00,FALSE
6819,2027-05-18 05:00:00,FALSE
2759,2025-12-22 00:00:00,TRUE
1059,2025-12-12 01:45:00,TRUE
7019,2026-09-21 18:45:00,FALSE
7392,2026-08-05 18:30:00,FALSE
2452,2026-02-28 14:15:00,TRUE
382,2027-10-04 23:15:00,FALSE
5614,2027-11-08 10:45:00,FALSE
5447,2026-06-28 15:15:00,FALSE
5929,2026-04-03 16:30:00,TRUE
4579,2027-11-23 06:15:00,FALSE
9874,2025-09-09 09:45:00,TRUE
4748,2025-11-16 22:30:00,TRUE
5798,2025-11-08 18:30:00,TRUE
29,2025-08-22 20:45:00,TRUE
8716,2027-03-28 11:30:00,FALSE
2236,2026-09-18 20:15:00,FALSE
7100,2027-12-11 00:30:00,FALSE
9097,2025-08-02 14:00:00,TRUE
3853,2026-04-05 15:00:00,TRUE
7672,2025-09-28 02:30:00,TRUE
1308,2026-03-13 22:00:00,TRUE
364,2026-06-22 07:30:00,FALSE
1208,2025-01-12 07:15:00,TRUE
5619,2026-10-01 18:00:00,FALSE
6321,2027-03-14 04:45:00,FALSE
4016,2025-01-13 16:00:00,TRUE
9320,2026-09-16 02:00:00,FALSE
3919,2026-08-27 00:15:00,FALSE
6557,2026-06-08 21:30:00,FALSE
5560,2027-03-16 19:30:00,FALSE
4164,2026-02-03 02:15:00,TRUE
506,2026-04-29 07:45:00,TRUE
6305,2026-05-15 03:45:00,TRUE
2707,2026-03-01 18:15:00,TRUE
1559,2027-01-11 16:30:00,FALSE
6994,2026-09-15 12:00:00,FALSE
3218,2026-10-05 02:00:00,FALSE
9609,2026-07-08 13:45:00,FALSE
3507,2027-03-05 13:15:00,FALSE
841,2027-11-10 11:00:00,FALSE
2088,2025-04-10 21:45:00,TRUE
5854,2026-04-03 20:45:00,TRUE
4909,2025-10-21 01:15:00,TRUE
9008,2025-03-29 19:45:00,TRUE
8652,2027-06-03 19:00:00,FALSE
455,2026-12-07 23:15:00,FALSE
9566,2025-05-05 14:00:00,TRUE
7139,2025-12-24 01:00:00,TRUE
5382,2026-04-07 18:15:00,TRUE
8623,2025-07-22 21:15:00,TRUE
7690,2027-09-20 16:45:00,FALSE
1399,2025-02-08 21:15:00,TRUE
6805,2025-06-27 09:00:00,TRUE
3251,2027-04-09 09:30:00,FALSE
7967,2026-04-18 19:15:00,TRUE
6194,2025-03-31 04:00:00,TRUE
2210,2025-04-08 07:00:00,TRUE
989,2026-07-11 11:00:00,FALSE
8266,2025-07-12 00:00:00,TRUE
4946,2027-05-31 00:30:00,FALSE
5048,2025-07-18 18:45:00,TRUE
1821,2027-08-24 02:00:00,FALSE
9668,2025-10-22 06:30:00,TRUE
6819,2025-08-17 08:45:00,TRUE
6113,2027-05-28 14:30:00,FALSE
336,2025-05-14 15:30:00,TRUE
8401,2027-05-13 02:15:00,FALSE
3702,2027-01-03 09:45:00,FALSE
3676,2026-05-01 14:00:00,TRUE
3988,2025-12-29 06:45:00,TRUE
5398,2025-01-03 13:30:00,TRUE
9864,2026-10-01 11:45:00,FALSE
3716,2026-05-24 08:30:00,FALSE
5255,2025-11-19 01:30:00,TRUE
7620,2026-01-20 04:45:00,TRUE
2190,2027-05-31 14:15:00,FALSE
5727,2025-06-12 12:15:00,TRUE
4343,2025-03-05 02:45:00,TRUE
4965,2025-03-16 00:00:00,TRUE
4437,2026-11-30 07:30:00,FALSE
549,2027-03-30 19:30:00,FALSE
252,2026-08-16 19:15:00,FALSE
7780,2026-07-28 00:15:00,FALSE
5714,2027-06-28 03:45:00,FALSE
380,2025-10-22 03:45:00,TRUE
2482,2026-10-10 13:45:00,FALSE
5898,2026-02-10 06:15:00,TRUE
375,2025-07-27 05:00:00,TRUE
2584,2026-03-20 00:15:00,TRUE
6613,2026-01-15 10:00:00,TRUE
845,2025-09-17 20:45:00,TRUE
2094,2025-06-02 15:30:00,TRUE
3314,2027-04-26 22:45:00,FALSE
4679,2027-09-15 16:00:00,FALSE
8581,2026-12-17 16:45:00,FALSE
4425,2026-12-13 04:00:00,FALSE
6062,2026-06-24 08:15:00,FALSE
2964,2026-09-16 21:30:00,FALSE
3252,2027-12-06 23:30:00,FALSE
2572,2026-10-04 13:15:00,FALSE
9623,2027-04-30 00:30:00,FALSE
4188,2026-07-14 21:30:00,FALSE
5637,2027-11-23 11:15:00,FALSE
2361,2026-09-28 07:45:00,FALSE
1244,2026-04-07 11:00:00,TRUE
5071,2026-06-03 20:45:00,FALSE
515,2027-10-22 09:15:00,FALSE
7168,2025-12-08 23:30:00,TRUE
3450,2027-01-24 03:00:00,FALSE
2855,2025-04-24 11:30:00,TRUE
6106,2026-12-11 17:00:00,FALSE
972,2027-02-14 06:30:00,FALSE
7000,2026-08-19 15:00:00,FALSE
2138,2026-10-22 02:15:00,FALSE
3401,2027-09-07 02:00:00,FALSE
4168,2027-05-28 16:15:00,FALSE
5437,2027-06-03 08:45:00,FALSE
3137,2027-09-08 01:00:00,FALSE
4095,2026-05-21 03:15:00,FALSE
2068,2025-04-07 19:45:00,TRUE
6190,2027-12-26 18:45:00,FALSE
782,2025-02-28 13:45:00,TRUE
3807,2026-05-17 00:00:00,FALSE
7451,2027-09-26 19:00:00,FALSE
1196,2025-06-12 04:30:00,TRUE
1699,2025-09-04 00:45:00,TRUE
3444,2027-09-29 20:45:00,FALSE
665,2027-11-21 23:30:00,FALSE
102,2027-02-08 15:30:00,FALSE
5682,2025-10-26 08:15:00,TRUE
5295,2026-03-01 17:00:00,TRUE
4280,2026-11-29 21:45:00,FALSE
297,2027-10-07 19:30:00,FALSE
4874,2025-06-28 22:45:00,TRUE
9140,2027-02-18 06:45:00,FALSE
889,2026-04-06 11:15:00,TRUE
705,2025-08-07 01:30:00,TRUE
9651,2027-03-31 06:45:00,FALSE
6288,2027-05-18 10:15:00,FALSE
743,2025-04-21 00:00:00,TRUE
4590,2026-05-05 15:00:00,TRUE
4595,2027-10-10 17:30:00,FALSE
736,2026-09-13 16:45:00,FALSE
9457,2027-04-22 13:15:00,FALSE
8895,2025-02-07 15:30:00,TRUE
2389,2026-01-31 19:45:00,TRUE
477,2026-05-23 06:30:00,FALSE
4450,2026-01-09 09:15:00,TRUE
4166,2025-11-19 03:00:00,TRUE
9194,2027-08-24 02:00:00,FALSE
3448,2025-06-21 23:30:00,TRUE
5278,2027-06-24 07:45:00,FALSE
438,2026-09-29 14:15:00,FALSE
8665,2026-10-04 20:30:00,FALSE
9305,2025-10-09 02:45:00,TRUE
4869,2025-12-20 22:15:00,TRUE
1904,2025-05-06 04:30:00,TRUE
7026,2027-05-16 14:30:00,FALSE
7588,2025-12-25 23:00:00,TRUE
2256,2025-02-05 23:00:00,TRUE
5443,2027-04-12 13:00:00,FALSE
9373,2025-12-30 12:00:00,TRUE
4948,2025-03-27 08:15:00,TRUE
8194,2026-09-18 23:30:00,FALSE
1622,2026-04-24 14:30:00,TRUE
9388,2025-12-10 05:00:00,TRUE
6590,2026-12-20 02:15:00,FALSE
2578,2026-06-27 08:45:00,FALSE
1670,2027-03-20 11:15:00,FALSE
3960,2025-02-11 19:45:00,TRUE
8805,2027-07-31 06:30:00,FALSE
2049,2026-03-04 17:45:00,TRUE
7217,2025-02-01 08:15:00,TRUE
2805,2027-11-26 23:15:00,FALSE
1620,2025-11-29 01:45:00,TRUE
7589,2025-03-16 15:30:00,TRUE
1155,2027-03-04 14:00:00,FALSE
8255,2025-07-29 07:00:00,TRUE
1178,2025-01-18 11:45:00,TRUE
2482,2025-07-27 05:00:00,TRUE
1753,2025-10-06 11:00:00,TRUE
808,2027-10-02 23:00:00,FALSE
44,2027-12-24 15:15:00,FALSE
5177,2025-07-20 08:15:00,TRUE
9401,2026-04-29 20:00:00,TRUE
1468,2025-02-22 06:45:00,TRUE
9976,2027-03-19 13:00:00,FALSE
1417,2027-01-09 09:15:00,FALSE
7121,2027-11-06 22:30:00,FALSE
9034,2025-10-08 02:15:00,TRUE
9193,2026-02-27 02:30:00,TRUE
7655,2025-06-07 07:45:00,TRUE
1178,2025-02-11 11:30:00,TRUE
7057,2025-02-26 11:15:00,TRUE
90,2026-01-03 21:30:00,TRUE
9914,2027-07-04 12:15:00,FALSE
8587,2027-05-24 13:00:00,FALSE
4162,2026-07-10 22:00:00,FALSE
6734,2025-11-01 00:30:00,TRUE
8040,2027-02-18 16:30:00,FALSE
7799,2025-08-05 21:30:00,TRUE
4348,2027-06-08 11:30:00,FALSE
9195,2025-08-25 00:45:00,TRUE
2892,2027-08-13 16:15:00,FALSE
93,2027-11-10 10:00:00,FALSE
9135,2025-11-04 11:15:00,TRUE
7975,2025-10-30 08:00:00,TRUE
6107,2026-08-13 08:30:00,FALSE
8557,2027-08-04 22:30:00,FALSE
8857,2026-08-21 15:00:00,FALSE
5466,2027-02-01 08:45:00,FALSE
9196,2026-12-02 23:00:00,FALSE
706,2026-03-01 09:00:00,TRUE
558,2027-12-19 09:45:00,FALSE
2514,2025-01-15 10:30:00,TRUE
4770,2026-03-18 17:30:00,TRUE
5799,2027-04-17 21:30:00,FALSE
2291,2027-06-29 17:30:00,FALSE
4242,2025-01-02 17:15:00,TRUE
1461,2026-01-23 03:00:00,TRUE
7329,2025-04-30 14:15:00,TRUE
5684,2026-03-14 06:00:00,TRUE
3186,2026-04-23 05:30:00,TRUE
5981,2025-12-24 23:30:00,TRUE
5835,2025-08-04 22:15:00,TRUE
7959,2025-05-31 09:45:00,TRUE
6658,2026-05-20 10:45:00,FALSE
3076,2027-08-08 12:45:00,FALSE
9829,2025-01-03 19:45:00,TRUE
717,2027-08-21 05:15:00,FALSE
6308,2025-03-10 22:30:00,TRUE
760,2025-10-13 03:00:00,TRUE
4796,2027-01-18 00:30:00,FALSE
8248,2027-01-08 07:45:00,FALSE
4390,2027-05-27 22:30:00,FALSE
2855,2026-02-03 16:15:00,TRUE
8692,2026-05-29 17:00:00,FALSE
8123,2025-11-28 13:15:00,TRUE
7292,2026-09-01 05:45:00,FALSE
8075,2027-08-23 12:15:00,FALSE
6113,2025-04-17 23:45:00,TRUE
7341,2026-12-29 08:45:00,FALSE
8845,2027-03-13 18:30:00,FALSE
6925,2027-03-25 04:30:00,FALSE
6080,2027-07-31 12:30:00,FALSE
2040,2026-06-26 15:45:00,FALSE
7608,2027-09-01 19:30:00,FALSE
8011,2025-02-05 16:30:00,TRUE
3598,2026-11-25 06:45:00,FALSE
6671,2026-01-06 04:00:00,TRUE
8183,2025-06-14 17:30:00,TRUE
830,2025-01-16 02:00:00,TRUE
4185,2025-04-13 23:30:00,TRUE
3143,2025-05-04 15:45:00,TRUE
7246,2026-05-19 17:30:00,FALSE
445,2026-04-13 15:45:00,TRUE
8511,2025-03-17 08:45:00,TRUE
487,2026-05-09 07:00:00,TRUE
8282,2026-07-17 17:30:00,FALSE
3794,2026-09-03 06:45:00,FALSE
7766,2025-03-21 16:15:00,TRUE
6915,2025-09-15 10:45:00,TRUE
747,2026-07-13 14:30:00,FALSE
6691,2025-07-05 15:45:00,TRUE
794,2025-10-10 03:15:00,TRUE
3666,2026-11-05 15:00:00,FALSE
1111,2026-05-26 18:15:00,FALSE
8207,2026-02-19 12:45:00,TRUE
3285,2025-09-28 07:30:00,TRUE
5431,2026-12-08 20:00:00,FALSE
7179,2026-06-08 08:30:00,FALSE
36,2026-04-07 16:45:00,TRUE
7713,2026-04-23 22:15:00,TRUE
6351,2026-02-02 23:15:00,TRUE
5673,2027-11-08 08:00:00,FALSE
6686,2025-10-04 07:30:00,TRUE
7369,2025-08-24 23:00:00,TRUE
1918,2027-08-15 14:00:00,FALSE
5337,2027-05-21 15:00:00,FALSE
8814,2025-08-01 19:30:00,TRUE
5603,2026-06-13 00:15:00,FALSE
2431,2026-11-07 15:30:00,FALSE
2661,2027-09-29 06:30:00,FALSE
3016,2027-10-20 18:00:00,FALSE
9149,2027-03-15 12:45:00,FALSE
162,2027-04-03 02:15:00,FALSE
6852,2026-09-14 02:30:00,FALSE
7797,2027-03-15 14:00:00,FALSE
4435,2025-11-22 01:30:00,TRUE
40,2025-01-14 23:00:00,TRUE
5660,2025-12-08 03:15:00,TRUE
1698,2027-12-06 16:15:00,FALSE
4906,2026-08-25 06:30:00,FALSE
318,2026-01-19 15:00:00,TRUE
1447,2026-02-20 07:15:00,TRUE
1159,2025-04-05 16:30:00,TRUE
501,2027-11-06 10:15:00,FALSE
9672,2027-04-22 15:00:00,FALSE
6640,2026-10-19 04:45:00,FALSE
4626,2026-02-15 18:00:00,TRUE
4801,2026-01-20 01:00:00,TRUE
3486,2026-04-28 21:00:00,TRUE
2302,2027-11-19 07:45:00,FALSE
3509,2025-01-28 13:00:00,TRUE
2036,2026-02-23 10:30:00,TRUE
5686,2027-03-06 08:30:00,FALSE
1319,2025-06-07 12:00:00,TRUE
6321,2025-08-20 11:00:00,TRUE
3516,2026-01-04 03:15:00,TRUE
5091,2026-07-02 11:00:00,FALSE
9336,2027-12-16 17:00:00,FALSE
8694,2026-03-27 23:15:00,TRUE
4752,2026-10-27 23:45:00,FALSE
1077,2026-12-15 11:30:00,FALSE
2443,2027-07-13 04:45:00,FALSE
1494,2026-07-26 06:45:00,FALSE
8237,2027-12-11 17:00:00,FALSE
6640,2025-06-21 05:00:00,TRUE
7008,2026-06-05 15:30:00,FALSE
1586,2027-11-09 09:00:00,FALSE
2917,2026-09-19 06:15:00,FALSE
6167,2027-07-14 23:00:00,FALSE
74,2025-05-05 09:00:00,TRUE
9639,2027-01-11 23:15:00,FALSE
4313,2026-06-11 19:30:00,FALSE
9407,2027-01-30 13:30:00,FALSE
9953,2026-07-16 09:15:00,FALSE
3523,2027-01-17 18:00:00,FALSE
2082,2025-05-01 16:15:00,TRUE
3295,2027-04-01 16:00:00,FALSE
710,2027-01-20 03:30:00,FALSE
941,2027-07-23 14:00:00,FALSE
3609,2025-12-17 02:45:00,TRUE
10008,2026-11-15 10:15:00,FALSE
3682,2026-05-22 22:15:00,FALSE
2925,2027-06-11 03:15:00,FALSE
1361,2026-07-30 00:00:00,FALSE
1402,2027-11-17 22:00:00,FALSE
4796,2026-04-19 00:45:00,TRUE
9653,2025-06-14 16:45:00,TRUE
3894,2026-02-23 18:00:00,TRUE
2094,2027-11-20 14:45:00,FALSE
4797,2027-02-26 09:00:00,FALSE
1559,2027-06-04 06:15:00,FALSE
5156,2026-01-08 07:45:00,TRUE
3126,2025-06-25 01:15:00,TRUE
5905,2026-11-07 06:30:00,FALSE
8025,2026-12-23 22:00:00,FALSE
3339,2026-05-01 08:30:00,TRUE
3302,2026-03-29 23:30:00,TRUE
3743,2027-09-23 01:00:00,FALSE
7336,2027-05-27 07:45:00,FALSE
146,2027-11-21 02:45:00,FALSE
1432,2025-02-05 04:30:00,TRUE
6541,2027-05-25 14:15:00,FALSE
211,2025-01-15 09:45:00,TRUE
7122,2026-03-10 00:45:00,TRUE
2882,2026-03-16 08:00:00,TRUE
8889,2026-07-25 13:30:00,FALSE
8483,2026-09-29 15:15:00,FALSE
343,2027-08-04 12:45:00,FALSE
5556,2027-05-02 02:30:00,FALSE
4858,2026-04-27 22:15:00,TRUE
1443,2027-05-10 18:00:00,FALSE
1199,2027-03-18 11:15:00,FALSE
4644,2026-01-13 22:30:00,TRUE
2292,2026-04-22 07:45:00,TRUE
470,2026-01-27 06:00:00,TRUE
4609,2027-07-24 22:15:00,FALSE
6005,2025-01-09 05:30:00,TRUE
4998,2025-07-19 01:15:00,TRUE
1398,2027-02-22 16:15:00,FALSE
1210,2025-11-02 00:30:00,TRUE
1320,2026-01-06 22:30:00,TRUE
5068,2026-08-30 13:15:00,FALSE
2190,2027-10-20 00:00:00,FALSE
337,2025-09-26 01:15:00,TRUE
3702,2026-04-26 13:00:00,TRUE
2316,2025-04-23 18:15:00,TRUE
8752,2026-12-19 00:30:00,FALSE
4486,2027-12-03 07:45:00,FALSE
2314,2025-04-24 15:45:00,TRUE
7453,2027-04-27 10:15:00,FALSE
10000,2026-03-19 18:30:00,TRUE
3570,2026-03-20 16:45:00,TRUE
7592,2027-12-04 15:30:00,FALSE
6967,2025-06-28 03:00:00,TRUE
9846,2025-06-20 22:45:00,TRUE
5524,2025-02-06 01:15:00,TRUE
6201,2026-02-08 23:30:00,TRUE
9242,2027-05-18 08:00:00,FALSE
3315,2026-10-08 12:45:00,FALSE
5081,2025-06-22 20:15:00,TRUE
7852,2027-09-10 07:45:00,FALSE
1977,2026-10-14 11:15:00,FALSE
3066,2027-11-02 03:15:00,FALSE
6465,2027-06-22 18:30:00,FALSE
3232,2026-07-23 12:30:00,FALSE
