trip_id,origin,destination,order_index
23150,Мюнхен,Вена,1
10806,Краснодар,Сочи,1
37668,London,Edinburgh,1
37104,New York,Los Angeles,1
5689,Лондон (LHR),Нью-Йорк (JFK),1
32290,London,Edinburgh,1
30910,Стамбул (IST),Афины (ATH),1
48604,Сингапур (SIN),Бали (DPS),1
9455,Chicago,Miami,1
15320,Мадрид (MAD),Барселона,1
48418,Москва (SVO),Париж (CDG),1
20371,New York,Los Angeles,1
18872,Rome,Milan,1
4586,Москва (SVO),Париж (CDG),1
37952,Дубай (DXB),Бангкок (BKK),1
48530,Сингапур (SIN),Бали (DPS),1
37255,Стамбул (IST),Афины (ATH),1
44377,Лондон (LHR),Нью-Йорк (JFK),1
48176,Екатеринбург,Казань,1
11959,Rome,Milan,1
26055,Екатеринбург,Казань,1
31664,Стамбул (IST),Афины (ATH),1
35937,New York,Los Angeles,1
1759,Москва,Санкт-Петербург,1
9673,Краснодар,Сочи,1
47193,Москва,Санкт-Петербург,1
39804,Paris,Lyon,1
45859,Rome,Milan,1
37781,Берлин (BER),Амстердам (AMS),1
11017,Париж (CDG),Рим (FCO),1
38320,Дубай (DXB),Бангкок (BKK),1
36197,Екатеринбург,Казань,1
5639,Екатеринбург,Казань,1
14707,Новосибирск,Горно-Алтайск,1
28313,New York,Los Angeles,1
27356,Chicago,Miami,1
1967,Дубай (DXB),Бангкок (BKK),1
26220,Дубай (DXB),Бангкок (BKK),1
49973,Берлин (BER),Амстердам (AMS),1
33665,Мадрид (MAD),Барселона,1
31192,Мадрид (MAD),Барселона,1
1559,Chicago,Miami,1
33576,Екатеринбург,Казань,1
12716,Берлин (BER),Амстердам (AMS),1
28689,Мадрид (MAD),Барселона,1
45206,Chicago,Miami,1
14424,Краснодар,Сочи,1
31125,Paris,Lyon,1
830,Frankfurt,Hamburg,1
22216,Chicago,Miami,1
34323,Токио (HND),Сеул (ICN),1
33163,Токио (HND),Сеул (ICN),1
36974,Стамбул (IST),Афины (ATH),1
8684,Дубай (DXB),Бангкок (BKK),1
5818,New York,Los Angeles,1
12648,New York,Los Angeles,1
37930,Paris,Lyon,1
11869,Chicago,Miami,1
36900,Rome,Milan,1
24373,Токио (HND),Сеул (ICN),1
39574,Берлин (BER),Амстердам (AMS),1
10604,Frankfurt,Hamburg,1
29426,Frankfurt,Hamburg,1
2370,Новосибирск,Горно-Алтайск,1
9334,Мадрид (MAD),Барселона,1
13911,Париж (CDG),Рим (FCO),1
11415,Москва (SVO),Париж (CDG),1
26380,Chicago,Miami,1
36856,Лондон (LHR),Нью-Йорк (JFK),1
18980,Стамбул (IST),Афины (ATH),1
10095,Rome,Milan,1
14774,Мадрид (MAD),Барселона,1
2730,Frankfurt,Hamburg,1
7846,Дубай (DXB),Бангкок (BKK),1
40273,Мюнхен,Вена,1
48590,New York,Los Angeles,1
44836,Стамбул (IST),Афины (ATH),1
8741,Стамбул (IST),Афины (ATH),1
36980,Екатеринбург,Казань,1
3632,New York,Los Angeles,1
46174,Токио (HND),Сеул (ICN),1
48042,Токио (HND),Сеул (ICN),1
18593,Екатеринбург,Казань,1
41160,Мадрид (MAD),Барселона,1
33634,Rome,Milan,1
10850,Chicago,Miami,1
38021,Сингапур (SIN),Бали (DPS),1
22913,New York,Los Angeles,1
42401,Rome,Milan,1
36789,London,Edinburgh,1
1675,Берлин (BER),Амстердам (AMS),1
26273,New York,Los Angeles,1
9910,Париж (CDG),Рим (FCO),1
26094,Париж (CDG),Рим (FCO),1
39484,Екатеринбург,Казань,1
28749,Лондон (LHR),Нью-Йорк (JFK),1
16321,London,Edinburgh,1
36223,Мюнхен,Вена,1
8398,Берлин (BER),Амстердам (AMS),1
6775,Rome,Milan,1
7156,Париж (CDG),Рим (FCO),1
951,Берлин (BER),Амстердам (AMS),1
13481,New York,Los Angeles,1
41018,Paris,Lyon,1
5839,Лондон (LHR),Нью-Йорк (JFK),1
8346,Лондон (LHR),Нью-Йорк (JFK),1
8590,Екатеринбург,Казань,1
26849,Токио (HND),Сеул (ICN),1
10994,Берлин (BER),Амстердам (AMS),1
32089,Сингапур (SIN),Бали (DPS),1
21571,Мадрид (MAD),Барселона,1
17104,London,Edinburgh,1
15190,Frankfurt,Hamburg,1
37327,Мадрид (MAD),Барселона,1
28526,Paris,Lyon,1
14526,Москва (SVO),Париж (CDG),1
26979,Москва,Санкт-Петербург,1
7474,Москва,Санкт-Петербург,1
6326,Стамбул (IST),Афины (ATH),1
40985,Frankfurt,Hamburg,1
6377,Екатеринбург,Казань,1
30434,New York,Los Angeles,1
11106,Краснодар,Сочи,1
47018,Краснодар,Сочи,1
8490,Дубай (DXB),Бангкок (BKK),1
9901,Париж (CDG),Рим (FCO),1
21337,New York,Los Angeles,1
34386,London,Edinburgh,1
47989,London,Edinburgh,1
48973,Rome,Milan,1
7786,Frankfurt,Hamburg,1
24228,Москва,Санкт-Петербург,1
42162,Новосибирск,Горно-Алтайск,1
33607,Париж (CDG),Рим (FCO),1
2826,Краснодар,Сочи,1
25755,Москва,Санкт-Петербург,1
31883,Дубай (DXB),Бангкок (BKK),1
32100,London,Edinburgh,1
19657,Сингапур (SIN),Бали (DPS),1
43212,Paris,Lyon,1
46393,Дубай (DXB),Бангкок (BKK),1
38899,Chicago,Miami,1
42593,Москва,Санкт-Петербург,1
21421,Москва (SVO),Париж (CDG),1
686,Chicago,Miami,1
869,Лондон (LHR),Нью-Йорк (JFK),1
49559,Мадрид (MAD),Барселона,1
32872,Chicago,Miami,1
10384,Париж (CDG),Рим (FCO),1
11213,Париж (CDG),Рим (FCO),1
47241,Новосибирск,Горно-Алтайск,1
29272,Chicago,Miami,1
13041,Rome,Milan,1
30404,Москва (SVO),Париж (CDG),1
37176,Москва,Санкт-Петербург,1
34726,Сингапур (SIN),Бали (DPS),1
26365,Frankfurt,Hamburg,1
25870,Стамбул (IST),Афины (ATH),1
41764,Мадрид (MAD),Барселона,1
19872,Chicago,Miami,1
16877,Новосибирск,Горно-Алтайск,1
22467,Chicago,Miami,1
40590,Краснодар,Сочи,1
6922,Новосибирск,Горно-Алтайск,1
31274,Мадрид (MAD),Барселона,1
26449,Екатеринбург,Казань,1
37210,Лондон (LHR),Нью-Йорк (JFK),1
35827,Мадрид (MAD),Барселона,1
10431,Мадрид (MAD),Барселона,1
48312,Париж (CDG),Рим (FCO),1
24090,Париж (CDG),Рим (FCO),1
31779,Стамбул (IST),Афины (ATH),1
44835,Токио (HND),Сеул (ICN),1
26633,Дубай (DXB),Бангкок (BKK),1
9554,Дубай (DXB),Бангкок (BKK),1
10973,Новосибирск,Горно-Алтайск,1
15428,Екатеринбург,Казань,1
27177,Лондон (LHR),Нью-Йорк (JFK),1
2830,Сингапур (SIN),Бали (DPS),1
12460,Париж (CDG),Рим (FCO),1
30209,Токио (HND),Сеул (ICN),1
3018,Краснодар,Сочи,1
7471,Paris,Lyon,1
37919,Токио (HND),Сеул (ICN),1
22614,Мюнхен,Вена,1
39819,Лондон (LHR),Нью-Йорк (JFK),1
45656,Москва,Санкт-Петербург,1
29727,New York,Los Angeles,1
41855,Москва (SVO),Париж (CDG),1
35124,Париж (CDG),Рим (FCO),1
33624,Новосибирск,Горно-Алтайск,1
8785,Москва,Санкт-Петербург,1
35243,Стамбул (IST),Афины (ATH),1
772,Екатеринбург,Казань,1
15677,London,Edinburgh,1
47172,Мадрид (MAD),Барселона,1
19877,Токио (HND),Сеул (ICN),1
7806,Краснодар,Сочи,1
30616,Сингапур (SIN),Бали (DPS),1
24625,Токио (HND),Сеул (ICN),1
30295,Новосибирск,Горно-Алтайск,1
38550,Стамбул (IST),Афины (ATH),1
29484,New York,Los Angeles,1
5329,Новосибирск,Горно-Алтайск,1
17676,Мюнхен,Вена,1
45395,London,Edinburgh,1
3322,Сингапур (SIN),Бали (DPS),1
8219,New York,Los Angeles,1
23793,Москва,Санкт-Петербург,1
34788,Новосибирск,Горно-Алтайск,1
20973,Frankfurt,Hamburg,1
6550,Лондон (LHR),Нью-Йорк (JFK),1
24810,Краснодар,Сочи,1
40605,Стамбул (IST),Афины (ATH),1
33750,Мюнхен,Вена,1
39756,Rome,Milan,1
28328,Берлин (BER),Амстердам (AMS),1
22894,Мюнхен,Вена,1
7067,Париж (CDG),Рим (FCO),1
23730,Rome,Milan,1
15734,Дубай (DXB),Бангкок (BKK),1
19931,Paris,Lyon,1
33834,New York,Los Angeles,1
8538,Токио (HND),Сеул (ICN),1
31838,Дубай (DXB),Бангкок (BKK),1
43191,Новосибирск,Горно-Алтайск,1
9284,Стамбул (IST),Афины (ATH),1
40875,Frankfurt,Hamburg,1
16808,Frankfurt,Hamburg,1
35986,Стамбул (IST),Афины (ATH),1
43730,Rome,Milan,1
6630,Мюнхен,Вена,1
28049,Chicago,Miami,1
35689,Мадрид (MAD),Барселона,1
13397,Дубай (DXB),Бангкок (BKK),1
40505,Rome,Milan,1
41634,Москва (SVO),Париж (CDG),1
37116,Москва (SVO),Париж (CDG),1
744,Москва (SVO),Париж (CDG),1
11548,Берлин (BER),Амстердам (AMS),1
32486,Frankfurt,Hamburg,1
47650,Rome,Milan,1
20387,Мюнхен,Вена,1
25318,Мюнхен,Вена,1
35882,Мюнхен,Вена,1
15099,Новосибирск,Горно-Алтайск,1
48636,New York,Los Angeles,1
18752,Новосибирск,Горно-Алтайск,1
30928,Москва,Санкт-Петербург,1
5685,Берлин (BER),Амстердам (AMS),1
22641,Екатеринбург,Казань,1
27633,Chicago,Miami,1
41860,Стамбул (IST),Афины (ATH),1
9455,Rome,Milan,2
9051,Новосибирск,Горно-Алтайск,1
17304,Мюнхен,Вена,1
13587,Paris,Lyon,1
27837,New York,Los Angeles,1
37140,London,Edinburgh,1
29838,Париж (CDG),Рим (FCO),1
19240,Новосибирск,Горно-Алтайск,1
20782,Chicago,Miami,1
2091,Мадрид (MAD),Барселона,1
6255,London,Edinburgh,1
37077,Москва (SVO),Париж (CDG),1
35449,Лондон (LHR),Нью-Йорк (JFK),1
42677,Екатеринбург,Казань,1
12871,Стамбул (IST),Афины (ATH),1
30142,Москва,Санкт-Петербург,1
5140,Токио (HND),Сеул (ICN),1
25281,Chicago,Miami,1
26324,Париж (CDG),Рим (FCO),1
2423,New York,Los Angeles,1
20193,Москва (SVO),Париж (CDG),1
4518,Краснодар,Сочи,1
103,Лондон (LHR),Нью-Йорк (JFK),1
11456,London,Edinburgh,1
25674,Париж (CDG),Рим (FCO),1
3388,Москва (SVO),Париж (CDG),1
11928,Rome,Milan,1
8664,Москва,Санкт-Петербург,1
46139,Стамбул (IST),Афины (ATH),1
45469,Лондон (LHR),Нью-Йорк (JFK),1
39869,Paris,Lyon,1
28279,Екатеринбург,Казань,1
43488,Rome,Milan,1
12655,Дубай (DXB),Бангкок (BKK),1
34903,Париж (CDG),Рим (FCO),1
42277,Москва,Санкт-Петербург,1
47278,Москва,Санкт-Петербург,1
30083,Chicago,Miami,1
13609,Стамбул (IST),Афины (ATH),1
28618,Новосибирск,Горно-Алтайск,1
33296,London,Edinburgh,1
20587,Frankfurt,Hamburg,1
40057,Chicago,Miami,1
22435,New York,Los Angeles,1
34079,Paris,Lyon,1
11571,Лондон (LHR),Нью-Йорк (JFK),1
19552,Мадрид (MAD),Барселона,1
20255,Стамбул (IST),Афины (ATH),1
13035,Стамбул (IST),Афины (ATH),1
34122,Paris,Lyon,1
5877,Paris,Lyon,1
41870,Краснодар,Сочи,1
36644,Екатеринбург,Казань,1
40034,London,Edinburgh,1
9807,London,Edinburgh,1
7502,Paris,Lyon,1
29377,Дубай (DXB),Бангкок (BKK),1
32596,Chicago,Miami,1
3912,Париж (CDG),Рим (FCO),1
9606,Стамбул (IST),Афины (ATH),1
18268,Москва,Санкт-Петербург,1
8758,Дубай (DXB),Бангкок (BKK),1
2726,Rome,Milan,1
7931,Париж (CDG),Рим (FCO),1
6522,London,Edinburgh,1
11284,Новосибирск,Горно-Алтайск,1
43543,Сингапур (SIN),Бали (DPS),1
41098,Rome,Milan,1
39044,Paris,Lyon,1
24804,Paris,Lyon,1
22408,Мадрид (MAD),Барселона,1
26964,Rome,Milan,1
27626,Сингапур (SIN),Бали (DPS),1
31628,Екатеринбург,Казань,1
27905,Мюнхен,Вена,1
14058,Москва (SVO),Париж (CDG),1
32532,Paris,Lyon,1
7224,Париж (CDG),Рим (FCO),1
42492,Лондон (LHR),Нью-Йорк (JFK),1
36774,Мюнхен,Вена,1
31045,Москва (SVO),Париж (CDG),1
25166,London,Edinburgh,1
24200,Париж (CDG),Рим (FCO),1
45639,Chicago,Miami,1
16244,New York,Los Angeles,1
6223,Москва,Санкт-Петербург,1
23874,New York,Los Angeles,1
36162,Мадрид (MAD),Барселона,1
47634,Новосибирск,Горно-Алтайск,1
33711,Лондон (LHR),Нью-Йорк (JFK),1
8021,Лондон (LHR),Нью-Йорк (JFK),1
13252,Москва (SVO),Париж (CDG),1
17546,Стамбул (IST),Афины (ATH),1
33008,Paris,Lyon,1
28907,Мадрид (MAD),Барселона,1
35995,Chicago,Miami,1
31716,Мадрид (MAD),Барселона,1
21987,Берлин (BER),Амстердам (AMS),1
12300,New York,Los Angeles,1
35298,London,Edinburgh,1
46429,Москва (SVO),Париж (CDG),1
34284,Мадрид (MAD),Барселона,1
15916,Москва (SVO),Париж (CDG),1
44753,Берлин (BER),Амстердам (AMS),1
13627,Rome,Milan,1
17362,Мюнхен,Вена,1
47767,Chicago,Miami,1
32946,London,Edinburgh,1
15906,Мадрид (MAD),Барселона,1
4836,Москва (SVO),Париж (CDG),1
40180,Токио (HND),Сеул (ICN),1
46095,Мадрид (MAD),Барселона,1
37035,Москва (SVO),Париж (CDG),1
2163,Екатеринбург,Казань,1
4121,Новосибирск,Горно-Алтайск,1
41808,Мадрид (MAD),Барселона,1
43933,Токио (HND),Сеул (ICN),1
22317,Новосибирск,Горно-Алтайск,1
4503,Берлин (BER),Амстердам (AMS),1
35166,Paris,Lyon,1
8963,New York,Los Angeles,1
38580,Новосибирск,Горно-Алтайск,1
10442,Сингапур (SIN),Бали (DPS),1
20597,Екатеринбург,Казань,1
44043,London,Edinburgh,1
1615,Новосибирск,Горно-Алтайск,1
42851,Берлин (BER),Амстердам (AMS),1
5503,Новосибирск,Горно-Алтайск,1
38465,Мюнхен,Вена,1
4242,Frankfurt,Hamburg,1
22709,Дубай (DXB),Бангкок (BKK),1
8255,Новосибирск,Горно-Алтайск,1
2241,Frankfurt,Hamburg,1
33927,Новосибирск,Горно-Алтайск,1
17808,Frankfurt,Hamburg,1
16590,Мюнхен,Вена,1
24527,Берлин (BER),Амстердам (AMS),1
29481,Мюнхен,Вена,1
5545,London,Edinburgh,1
11704,Москва,Санкт-Петербург,1
43430,Лондон (LHR),Нью-Йорк (JFK),1
36318,Берлин (BER),Амстердам (AMS),1
46504,Берлин (BER),Амстердам (AMS),1
37492,Стамбул (IST),Афины (ATH),1
76,Москва (SVO),Париж (CDG),1
44047,Стамбул (IST),Афины (ATH),1
35390,London,Edinburgh,1
23752,Сингапур (SIN),Бали (DPS),1
8667,Мадрид (MAD),Барселона,1
30020,London,Edinburgh,1
10031,Токио (HND),Сеул (ICN),1
46434,Дубай (DXB),Бангкок (BKK),1
13112,Токио (HND),Сеул (ICN),1
27549,Новосибирск,Горно-Алтайск,1
42627,Берлин (BER),Амстердам (AMS),1
23537,Сингапур (SIN),Бали (DPS),1
38797,Париж (CDG),Рим (FCO),1
11849,Мюнхен,Вена,1
30170,Париж (CDG),Рим (FCO),1
36467,Мюнхен,Вена,1
12718,Frankfurt,Hamburg,1
14825,Москва,Санкт-Петербург,1
36567,Frankfurt,Hamburg,1
20539,Москва (SVO),Париж (CDG),1
21459,Париж (CDG),Рим (FCO),1
48391,Новосибирск,Горно-Алтайск,1
48852,Лондон (LHR),Нью-Йорк (JFK),1
26573,Дубай (DXB),Бангкок (BKK),1
15316,Frankfurt,Hamburg,1
47954,Краснодар,Сочи,1
31242,New York,Los Angeles,1
2766,London,Edinburgh,1
19128,Краснодар,Сочи,1
3698,Краснодар,Сочи,1
47318,Frankfurt,Hamburg,1
8913,Москва (SVO),Париж (CDG),1
15672,Берлин (BER),Амстердам (AMS),1
31514,Сингапур (SIN),Бали (DPS),1
8072,Токио (HND),Сеул (ICN),1
21494,London,Edinburgh,1
20132,Новосибирск,Горно-Алтайск,1
44175,Москва (SVO),Париж (CDG),1
24173,Лондон (LHR),Нью-Йорк (JFK),1
43352,Дубай (DXB),Бангкок (BKK),1
35882,Краснодар,Сочи,2
42932,Мадрид (MAD),Барселона,1
28983,Стамбул (IST),Афины (ATH),1
13713,Берлин (BER),Амстердам (AMS),1
28507,Москва,Санкт-Петербург,1
12052,Сингапур (SIN),Бали (DPS),1
17657,Екатеринбург,Казань,1
40727,Москва,Санкт-Петербург,1
40757,Токио (HND),Сеул (ICN),1
8924,Берлин (BER),Амстердам (AMS),1
44501,Мюнхен,Вена,1
38633,Краснодар,Сочи,1
35424,Дубай (DXB),Бангкок (BKK),1
9288,New York,Los Angeles,1
46954,Мюнхен,Вена,1
5617,Дубай (DXB),Бангкок (BKK),1
3094,Лондон (LHR),Нью-Йорк (JFK),1
13455,Frankfurt,Hamburg,1
17651,Rome,Milan,1
10877,Сингапур (SIN),Бали (DPS),1
30829,Мюнхен,Вена,1
23902,Мюнхен,Вена,1
5341,Мюнхен,Вена,1
4145,Лондон (LHR),Нью-Йорк (JFK),1
10288,Токио (HND),Сеул (ICN),1
46917,Лондон (LHR),Нью-Йорк (JFK),1
8552,Токио (HND),Сеул (ICN),1
2830,Мадрид (MAD),Барселона,2
16097,Стамбул (IST),Афины (ATH),1
13767,New York,Los Angeles,1
17622,Мюнхен,Вена,1
34262,Новосибирск,Горно-Алтайск,1
33901,Rome,Milan,1
3231,London,Edinburgh,1
14574,Дубай (DXB),Бангкок (BKK),1
24664,Chicago,Miami,1
29706,Мадрид (MAD),Барселона,1
39117,Краснодар,Сочи,1
14733,Paris,Lyon,1
22310,Новосибирск,Горно-Алтайск,1
15209,Chicago,Miami,1
30362,New York,Los Angeles,1
12274,Chicago,Miami,1
37406,Дубай (DXB),Бангкок (BKK),1
45742,London,Edinburgh,1
12114,Chicago,Miami,1
42773,Paris,Lyon,1
47343,Мюнхен,Вена,1
48587,Париж (CDG),Рим (FCO),1
22104,New York,Los Angeles,1
45037,Дубай (DXB),Бангкок (BKK),1
7246,Мюнхен,Вена,1
9761,Краснодар,Сочи,1
210,Москва,Санкт-Петербург,1
19375,Мадрид (MAD),Барселона,1
49136,Лондон (LHR),Нью-Йорк (JFK),1
8006,Сингапур (SIN),Бали (DPS),1
38893,Мюнхен,Вена,1
21181,Москва,Санкт-Петербург,1
19203,Frankfurt,Hamburg,1
6568,Москва (SVO),Париж (CDG),1
23978,Дубай (DXB),Бангкок (BKK),1
48842,Мюнхен,Вена,1
6540,Краснодар,Сочи,1
43165,London,Edinburgh,1
36693,Москва (SVO),Париж (CDG),1
37954,Сингапур (SIN),Бали (DPS),1
47147,Москва,Санкт-Петербург,1
5965,Париж (CDG),Рим (FCO),1
29665,Сингапур (SIN),Бали (DPS),1
1467,Сингапур (SIN),Бали (DPS),1
9749,Лондон (LHR),Нью-Йорк (JFK),1
11815,Токио (HND),Сеул (ICN),1
36052,Токио (HND),Сеул (ICN),1
14268,Мюнхен,Вена,1
33783,Токио (HND),Сеул (ICN),1
20588,Chicago,Miami,1
12530,Париж (CDG),Рим (FCO),1
4989,Москва (SVO),Париж (CDG),1
7706,Москва,Санкт-Петербург,1
36541,Paris,Lyon,1
4540,Стамбул (IST),Афины (ATH),1
21627,Новосибирск,Горно-Алтайск,1
21454,Москва,Санкт-Петербург,1
21502,Москва,Санкт-Петербург,1
44571,Paris,Lyon,1
42056,Москва,Санкт-Петербург,1
2295,Дубай (DXB),Бангкок (BKK),1
1744,Новосибирск,Горно-Алтайск,1
14762,Paris,Lyon,1
8868,Мюнхен,Вена,1
11843,Rome,Milan,1
17970,Сингапур (SIN),Бали (DPS),1
35588,Париж (CDG),Рим (FCO),1
38306,Стамбул (IST),Афины (ATH),1
26837,Стамбул (IST),Афины (ATH),1
11944,Париж (CDG),Рим (FCO),1
48932,Париж (CDG),Рим (FCO),1
26178,Берлин (BER),Амстердам (AMS),1
31465,Новосибирск,Горно-Алтайск,1
15421,Берлин (BER),Амстердам (AMS),1
26779,Сингапур (SIN),Бали (DPS),1
43806,Мюнхен,Вена,1
9958,Москва,Санкт-Петербург,1
20971,Сингапур (SIN),Бали (DPS),1
37247,Мадрид (MAD),Барселона,1
34718,Дубай (DXB),Бангкок (BKK),1
16392,Екатеринбург,Казань,1
39443,Мадрид (MAD),Барселона,1
15830,Сингапур (SIN),Бали (DPS),1
22460,Chicago,Miami,1
5124,Rome,Milan,1
6433,Екатеринбург,Казань,1
34615,Краснодар,Сочи,1
18437,Москва (SVO),Париж (CDG),1
12330,New York,Los Angeles,1
6218,Токио (HND),Сеул (ICN),1
41824,Краснодар,Сочи,1
46285,Мюнхен,Вена,1
6012,London,Edinburgh,1
34770,Лондон (LHR),Нью-Йорк (JFK),1
21912,Лондон (LHR),Нью-Йорк (JFK),1
40158,New York,Los Angeles,1
31352,Екатеринбург,Казань,1
33657,Rome,Milan,1
20014,New York,Los Angeles,1
708,Париж (CDG),Рим (FCO),1
43702,New York,Los Angeles,1
37662,London,Edinburgh,1
10235,Новосибирск,Горно-Алтайск,1
38410,Frankfurt,Hamburg,1
43242,Дубай (DXB),Бангкок (BKK),1
12508,Frankfurt,Hamburg,1
19866,Frankfurt,Hamburg,1
16406,London,Edinburgh,1
30567,Rome,Milan,1
36254,Chicago,Miami,1
25183,Мюнхен,Вена,1
8716,London,Edinburgh,1
35654,Paris,Lyon,1
35997,Мюнхен,Вена,1
36128,Токио (HND),Сеул (ICN),1
3139,New York,Los Angeles,1
35138,Стамбул (IST),Афины (ATH),1
11241,Стамбул (IST),Афины (ATH),1
25807,London,Edinburgh,1
2819,Париж (CDG),Рим (FCO),1
34060,Берлин (BER),Амстердам (AMS),1
36469,Paris,Lyon,1
38852,Краснодар,Сочи,1
3441,London,Edinburgh,1
45505,Екатеринбург,Казань,1
15069,Дубай (DXB),Бангкок (BKK),1
13739,Лондон (LHR),Нью-Йорк (JFK),1
39800,Москва (SVO),Париж (CDG),1
978,Chicago,Miami,1
20815,London,Edinburgh,1
33148,Paris,Lyon,1
34269,New York,Los Angeles,1
43032,Новосибирск,Горно-Алтайск,1
18107,Chicago,Miami,1
42157,Москва (SVO),Париж (CDG),1
47315,Токио (HND),Сеул (ICN),1
49721,Сингапур (SIN),Бали (DPS),1
3232,Париж (CDG),Рим (FCO),1
29177,Стамбул (IST),Афины (ATH),1
29045,Москва,Санкт-Петербург,1
353,Краснодар,Сочи,1
21460,Екатеринбург,Казань,1
12271,Екатеринбург,Казань,1
48819,Берлин (BER),Амстердам (AMS),1
4361,Chicago,Miami,1
26651,Мюнхен,Вена,1
15210,Новосибирск,Горно-Алтайск,1
14929,Мадрид (MAD),Барселона,1
24042,Paris,Lyon,1
32017,Краснодар,Сочи,1
49666,Екатеринбург,Казань,1
22741,Rome,Milan,1
26912,Москва (SVO),Париж (CDG),1
1022,Дубай (DXB),Бангкок (BKK),1
30203,Rome,Milan,1
37826,Paris,Lyon,1
11128,Москва (SVO),Париж (CDG),1
25030,Париж (CDG),Рим (FCO),1
27971,Мадрид (MAD),Барселона,1
31121,Лондон (LHR),Нью-Йорк (JFK),1
14647,Стамбул (IST),Афины (ATH),1
9766,Мюнхен,Вена,1
42726,Екатеринбург,Казань,1
30253,Сингапур (SIN),Бали (DPS),1
1867,Лондон (LHR),Нью-Йорк (JFK),1
121,Frankfurt,Hamburg,1
33441,London,Edinburgh,1
42669,Rome,Milan,1
30304,Берлин (BER),Амстердам (AMS),1
7591,Paris,Lyon,1
30363,Дубай (DXB),Бангкок (BKK),1
30173,Краснодар,Сочи,1
22831,Новосибирск,Горно-Алтайск,1
3923,Москва (SVO),Париж (CDG),1
17555,Екатеринбург,Казань,1
40655,Берлин (BER),Амстердам (AMS),1
19005,Москва (SVO),Париж (CDG),1
46003,Стамбул (IST),Афины (ATH),1
42137,Дубай (DXB),Бангкок (BKK),1
829,Мюнхен,Вена,1
21364,Стамбул (IST),Афины (ATH),1
27865,New York,Los Angeles,1
36482,Париж (CDG),Рим (FCO),1
29578,Краснодар,Сочи,1
26793,Мадрид (MAD),Барселона,1
48077,Сингапур (SIN),Бали (DPS),1
46876,Берлин (BER),Амстердам (AMS),1
44422,Frankfurt,Hamburg,1
37207,Мадрид (MAD),Барселона,1
46284,Chicago,Miami,1
3878,Москва,Санкт-Петербург,1
18755,Сингапур (SIN),Бали (DPS),1
31172,Дубай (DXB),Бангкок (BKK),1
49571,Frankfurt,Hamburg,1
4614,Москва (SVO),Париж (CDG),1
9521,London,Edinburgh,1
37050,Paris,Lyon,1
11630,Москва,Санкт-Петербург,1
48427,Москва (SVO),Париж (CDG),1
7610,Дубай (DXB),Бангкок (BKK),1
2171,Дубай (DXB),Бангкок (BKK),1
13029,London,Edinburgh,1
30673,Москва,Санкт-Петербург,1
23296,Стамбул (IST),Афины (ATH),1
8962,Париж (CDG),Рим (FCO),1
25176,New York,Los Angeles,1
23036,Rome,Milan,1
21813,Москва (SVO),Париж (CDG),1
48536,Chicago,Miami,1
20669,Москва,Санкт-Петербург,1
8571,London,Edinburgh,1
22568,Rome,Milan,1
42719,Chicago,Miami,1
7333,Берлин (BER),Амстердам (AMS),1
19256,Берлин (BER),Амстердам (AMS),1
7304,Екатеринбург,Казань,1
6865,Мюнхен,Вена,1
34324,Paris,Lyon,1
22694,Стамбул (IST),Афины (ATH),1
26639,Краснодар,Сочи,1
44863,Frankfurt,Hamburg,1
27723,New York,Los Angeles,1
26376,New York,Los Angeles,1
1502,London,Edinburgh,1
293,Москва,Санкт-Петербург,1
24598,Мадрид (MAD),Барселона,1
15502,London,Edinburgh,1
33759,Лондон (LHR),Нью-Йорк (JFK),1
11011,Лондон (LHR),Нью-Йорк (JFK),1
30408,London,Edinburgh,1
12711,Chicago,Miami,1
9544,London,Edinburgh,1
12026,Париж (CDG),Рим (FCO),1
46014,Мадрид (MAD),Барселона,1
43684,Краснодар,Сочи,1
12161,Токио (HND),Сеул (ICN),1
39418,Токио (HND),Сеул (ICN),1
44757,Сингапур (SIN),Бали (DPS),1
23473,Paris,Lyon,1
28858,Сингапур (SIN),Бали (DPS),1
25767,Frankfurt,Hamburg,1
16070,Екатеринбург,Казань,1
48290,Paris,Lyon,1
15352,Екатеринбург,Казань,1
2439,London,Edinburgh,1
49872,Краснодар,Сочи,1
20299,Стамбул (IST),Афины (ATH),1
2997,Берлин (BER),Амстердам (AMS),1
11159,Стамбул (IST),Афины (ATH),1
29558,Стамбул (IST),Афины (ATH),1
23841,Москва,Санкт-Петербург,1
21223,Мюнхен,Вена,1
22277,Rome,Milan,1
14145,Мадрид (MAD),Барселона,1
10307,Сингапур (SIN),Бали (DPS),1
15552,Rome,Milan,1
18324,Москва,Санкт-Петербург,1
24143,Paris,Lyon,1
19567,Екатеринбург,Казань,1
41080,Париж (CDG),Рим (FCO),1
49403,Сингапур (SIN),Бали (DPS),1
6854,Новосибирск,Горно-Алтайск,1
42656,Берлин (BER),Амстердам (AMS),1
15491,Paris,Lyon,1
13030,Rome,Milan,1
42226,Мадрид (MAD),Барселона,1
14056,London,Edinburgh,1
30643,Екатеринбург,Казань,1
31406,Сингапур (SIN),Бали (DPS),1
28187,Краснодар,Сочи,1
519,Берлин (BER),Амстердам (AMS),1
684,Frankfurt,Hamburg,1
24280,Дубай (DXB),Бангкок (BKK),1
37030,Лондон (LHR),Нью-Йорк (JFK),1
42026,Дубай (DXB),Бангкок (BKK),1
37200,London,Edinburgh,1
3006,Берлин (BER),Амстердам (AMS),1
9961,Frankfurt,Hamburg,1
47361,Дубай (DXB),Бангкок (BKK),1
28313,Сингапур (SIN),Бали (DPS),2
30364,Chicago,Miami,1
8793,Сингапур (SIN),Бали (DPS),1
29245,Москва (SVO),Париж (CDG),1
41645,Сингапур (SIN),Бали (DPS),1
37932,Дубай (DXB),Бангкок (BKK),1
10910,Frankfurt,Hamburg,1
49480,Chicago,Miami,1
1852,Москва,Санкт-Петербург,1
26189,Мюнхен,Вена,1
13429,Токио (HND),Сеул (ICN),1
12946,Стамбул (IST),Афины (ATH),1
45654,Лондон (LHR),Нью-Йорк (JFK),1
45476,Rome,Milan,1
45188,Краснодар,Сочи,1
34651,Москва (SVO),Париж (CDG),1
27186,Париж (CDG),Рим (FCO),1
834,Париж (CDG),Рим (FCO),1
43542,Chicago,Miami,1
35214,Токио (HND),Сеул (ICN),1
18782,Краснодар,Сочи,1
41585,Chicago,Miami,1
21498,Мадрид (MAD),Барселона,1
45239,Москва (SVO),Париж (CDG),1
35172,Токио (HND),Сеул (ICN),1
49817,Сингапур (SIN),Бали (DPS),1
13301,Rome,Milan,1
4704,Новосибирск,Горно-Алтайск,1
27786,Мадрид (MAD),Барселона,1
18582,Мюнхен,Вена,1
11137,Дубай (DXB),Бангкок (BKK),1
48425,Москва (SVO),Париж (CDG),1
2759,Париж (CDG),Рим (FCO),1
46126,Chicago,Miami,1
44662,Краснодар,Сочи,1
46035,Екатеринбург,Казань,1
36586,Краснодар,Сочи,1
25504,Rome,Milan,1
29478,Москва,Санкт-Петербург,1
31549,New York,Los Angeles,1
19970,Paris,Lyon,1
35641,Frankfurt,Hamburg,1
2302,Frankfurt,Hamburg,1
16902,Екатеринбург,Казань,1
1536,Paris,Lyon,1
23587,London,Edinburgh,1
12167,Paris,Lyon,1
24109,Chicago,Miami,1
47595,Токио (HND),Сеул (ICN),1
22357,Краснодар,Сочи,1
47474,Москва (SVO),Париж (CDG),1
49831,Москва,Санкт-Петербург,1
23102,Стамбул (IST),Афины (ATH),1
42844,Екатеринбург,Казань,1
18552,Rome,Milan,1
16466,Новосибирск,Горно-Алтайск,1
34175,Лондон (LHR),Нью-Йорк (JFK),1
41370,Frankfurt,Hamburg,1
8838,Мадрид (MAD),Барселона,1
10119,Москва (SVO),Париж (CDG),1
21493,Париж (CDG),Рим (FCO),1
23847,Rome,Milan,1
25710,Rome,Milan,1
22327,Париж (CDG),Рим (FCO),1
34793,Стамбул (IST),Афины (ATH),1
28317,Лондон (LHR),Нью-Йорк (JFK),1
9617,Лондон (LHR),Нью-Йорк (JFK),1
22792,Мадрид (MAD),Барселона,1
5219,Новосибирск,Горно-Алтайск,1
47973,Москва,Санкт-Петербург,1
8993,Frankfurt,Hamburg,1
42091,Токио (HND),Сеул (ICN),1
19942,Frankfurt,Hamburg,1
19634,Париж (CDG),Рим (FCO),1
25543,Новосибирск,Горно-Алтайск,1
48594,Париж (CDG),Рим (FCO),1
8617,Сингапур (SIN),Бали (DPS),1
4831,Дубай (DXB),Бангкок (BKK),1
45261,Сингапур (SIN),Бали (DPS),1
8364,Москва (SVO),Париж (CDG),1
37735,New York,Los Angeles,1
36408,Chicago,Miami,1
12484,Москва,Санкт-Петербург,1
27292,Мадрид (MAD),Барселона,1
40717,Новосибирск,Горно-Алтайск,1
10861,Новосибирск,Горно-Алтайск,1
17469,Chicago,Miami,1
26150,Новосибирск,Горно-Алтайск,1
34295,Берлин (BER),Амстердам (AMS),1
6450,Москва,Санкт-Петербург,1
666,Лондон (LHR),Нью-Йорк (JFK),1
35253,Мюнхен,Вена,1
28313,Мадрид (MAD),Барселона,3
3994,Лондон (LHR),Нью-Йорк (JFK),1
16182,Мюнхен,Вена,1
12134,London,Edinburgh,1
38346,Лондон (LHR),Нью-Йорк (JFK),1
45647,Берлин (BER),Амстердам (AMS),1
42211,Москва (SVO),Париж (CDG),1
38820,Дубай (DXB),Бангкок (BKK),1
23611,Frankfurt,Hamburg,1
45456,New York,Los Angeles,1
39318,Стамбул (IST),Афины (ATH),1
35492,London,Edinburgh,1
18005,Новосибирск,Горно-Алтайск,1
6443,Chicago,Miami,1
22274,Москва (SVO),Париж (CDG),1
14626,Chicago,Miami,1
20102,Лондон (LHR),Нью-Йорк (JFK),1
5435,Берлин (BER),Амстердам (AMS),1
22884,Chicago,Miami,1
538,Новосибирск,Горно-Алтайск,1
43655,Берлин (BER),Амстердам (AMS),1
8099,Мадрид (MAD),Барселона,1
41614,Дубай (DXB),Бангкок (BKK),1
19227,Краснодар,Сочи,1
5453,Стамбул (IST),Афины (ATH),1
24976,Frankfurt,Hamburg,1
27610,Лондон (LHR),Нью-Йорк (JFK),1
22254,Rome,Milan,1
35299,London,Edinburgh,1
15329,Chicago,Miami,1
33828,Новосибирск,Горно-Алтайск,1
24679,Токио (HND),Сеул (ICN),1
42049,Paris,Lyon,1
12770,Paris,Lyon,1
23708,Москва,Санкт-Петербург,1
30937,Мадрид (MAD),Барселона,1
14808,Дубай (DXB),Бангкок (BKK),1
42886,Paris,Lyon,1
2685,Москва,Санкт-Петербург,1
2377,Краснодар,Сочи,1
31343,Новосибирск,Горно-Алтайск,1
32152,Токио (HND),Сеул (ICN),1
47730,Париж (CDG),Рим (FCO),1
39381,Paris,Lyon,1
3535,Chicago,Miami,1
47557,Новосибирск,Горно-Алтайск,1
5695,Токио (HND),Сеул (ICN),1
8594,Frankfurt,Hamburg,1
48987,Париж (CDG),Рим (FCO),1
453,Стамбул (IST),Афины (ATH),1
47174,Мюнхен,Вена,1
12165,Rome,Milan,1
6785,New York,Los Angeles,1
36921,Дубай (DXB),Бангкок (BKK),1
923,Сингапур (SIN),Бали (DPS),1
40458,Дубай (DXB),Бангкок (BKK),1
45091,Стамбул (IST),Афины (ATH),1
165,Мюнхен,Вена,1
46248,Rome,Milan,1
31404,Rome,Milan,1
48910,Париж (CDG),Рим (FCO),1
42634,Chicago,Miami,1
35236,Екатеринбург,Казань,1
15593,Токио (HND),Сеул (ICN),1
28686,Frankfurt,Hamburg,1
6222,Екатеринбург,Казань,1
39403,Сингапур (SIN),Бали (DPS),1
7880,Chicago,Miami,1
47617,Екатеринбург,Казань,1
10196,Париж (CDG),Рим (FCO),1
43036,Стамбул (IST),Афины (ATH),1
40811,Мадрид (MAD),Барселона,1
46229,London,Edinburgh,1
33433,Краснодар,Сочи,1
41288,Париж (CDG),Рим (FCO),1
27396,Лондон (LHR),Нью-Йорк (JFK),1
7281,Дубай (DXB),Бангкок (BKK),1
26449,Стамбул (IST),Афины (ATH),2
29305,Мюнхен,Вена,1
12970,Сингапур (SIN),Бали (DPS),1
17842,Стамбул (IST),Афины (ATH),1
42218,Стамбул (IST),Афины (ATH),1
13266,Токио (HND),Сеул (ICN),1
15224,Токио (HND),Сеул (ICN),1
41835,Париж (CDG),Рим (FCO),1
28721,Москва (SVO),Париж (CDG),1
29053,Берлин (BER),Амстердам (AMS),1
20936,Лондон (LHR),Нью-Йорк (JFK),1
26254,London,Edinburgh,1
12143,Екатеринбург,Казань,1
21463,Краснодар,Сочи,1
44098,Токио (HND),Сеул (ICN),1
15411,Мадрид (MAD),Барселона,1
47030,Екатеринбург,Казань,1
1740,Краснодар,Сочи,1
34153,Chicago,Miami,1
48651,Токио (HND),Сеул (ICN),1
6247,Мадрид (MAD),Барселона,1
1110,Мадрид (MAD),Барселона,1
49058,London,Edinburgh,1
27180,Париж (CDG),Рим (FCO),1
36694,Новосибирск,Горно-Алтайск,1
3000,Берлин (BER),Амстердам (AMS),1
1616,Москва,Санкт-Петербург,1
5625,Москва (SVO),Париж (CDG),1
4440,Frankfurt,Hamburg,1
2925,Paris,Lyon,1
19092,Краснодар,Сочи,1
45393,Краснодар,Сочи,1
4656,New York,Los Angeles,1
26514,Rome,Milan,1
9560,Берлин (BER),Амстердам (AMS),1
18800,Rome,Milan,1
35724,Новосибирск,Горно-Алтайск,1
49375,New York,Los Angeles,1
4538,Берлин (BER),Амстердам (AMS),1
32886,Москва (SVO),Париж (CDG),1
15282,Екатеринбург,Казань,1
25472,Сингапур (SIN),Бали (DPS),1
36154,Стамбул (IST),Афины (ATH),1
45819,Сингапур (SIN),Бали (DPS),1
6384,Новосибирск,Горно-Алтайск,1
5443,Стамбул (IST),Афины (ATH),1
41830,Краснодар,Сочи,1
48592,Екатеринбург,Казань,1
8329,Екатеринбург,Казань,1
46709,Краснодар,Сочи,1
6756,Екатеринбург,Казань,1
32219,Paris,Lyon,1
47073,Берлин (BER),Амстердам (AMS),1
5818,Новосибирск,Горно-Алтайск,2
32925,New York,Los Angeles,1
23513,Мадрид (MAD),Барселона,1
21854,Лондон (LHR),Нью-Йорк (JFK),1
3009,Берлин (BER),Амстердам (AMS),1
3932,Frankfurt,Hamburg,1
6095,Краснодар,Сочи,1
18152,Frankfurt,Hamburg,1
20580,Токио (HND),Сеул (ICN),1
10831,Chicago,Miami,1
47946,Москва,Санкт-Петербург,1
3042,Rome,Milan,1
41812,Стамбул (IST),Афины (ATH),1
26446,Париж (CDG),Рим (FCO),1
31377,Стамбул (IST),Афины (ATH),1
6131,Екатеринбург,Казань,1
8221,Стамбул (IST),Афины (ATH),1
20942,Москва (SVO),Париж (CDG),1
35733,Paris,Lyon,1
38657,Стамбул (IST),Афины (ATH),1
11510,New York,Los Angeles,1
11911,Москва (SVO),Париж (CDG),1
28280,Москва,Санкт-Петербург,1
37172,Paris,Lyon,1
29570,New York,Los Angeles,1
20728,Берлин (BER),Амстердам (AMS),1
12579,Токио (HND),Сеул (ICN),1
28598,Москва,Санкт-Петербург,1
26590,Новосибирск,Горно-Алтайск,1
2298,New York,Los Angeles,1
41641,Frankfurt,Hamburg,1
47282,Берлин (BER),Амстердам (AMS),1
6570,Берлин (BER),Амстердам (AMS),1
12939,Frankfurt,Hamburg,1
21933,Дубай (DXB),Бангкок (BKK),1
30426,Chicago,Miami,1
17003,London,Edinburgh,1
31465,Москва,Санкт-Петербург,2
42497,Краснодар,Сочи,1
36467,Екатеринбург,Казань,2
49526,Екатеринбург,Казань,1
37107,Мюнхен,Вена,1
1665,Мюнхен,Вена,1
12974,Мюнхен,Вена,1
23332,Chicago,Miami,1
34770,Дубай (DXB),Бангкок (BKK),2
41457,Москва,Санкт-Петербург,1
24896,Мюнхен,Вена,1
35292,Краснодар,Сочи,1
3428,Дубай (DXB),Бангкок (BKK),1
1495,Rome,Milan,1
31055,Мадрид (MAD),Барселона,1
45075,Токио (HND),Сеул (ICN),1
12478,Paris,Lyon,1
11179,New York,Los Angeles,1
34386,Новосибирск,Горно-Алтайск,2
3089,Токио (HND),Сеул (ICN),1
10567,Paris,Lyon,1
15855,Chicago,Miami,1
4886,Лондон (LHR),Нью-Йорк (JFK),1
49612,Берлин (BER),Амстердам (AMS),1
24528,Мюнхен,Вена,1
43474,New York,Los Angeles,1
27273,Дубай (DXB),Бангкок (BKK),1
47919,Париж (CDG),Рим (FCO),1
13850,Мадрид (MAD),Барселона,1
37257,New York,Los Angeles,1
8467,Дубай (DXB),Бангкок (BKK),1
34049,Москва (SVO),Париж (CDG),1
7441,Дубай (DXB),Бангкок (BKK),1
7045,Paris,Lyon,1
23084,Paris,Lyon,1
39479,Rome,Milan,1
2529,Frankfurt,Hamburg,1
37231,Rome,Milan,1
46939,Дубай (DXB),Бангкок (BKK),1
8557,London,Edinburgh,1
7440,Краснодар,Сочи,1
40310,Париж (CDG),Рим (FCO),1
24149,Берлин (BER),Амстердам (AMS),1
38174,New York,Los Angeles,1
34964,Берлин (BER),Амстердам (AMS),1
11942,Лондон (LHR),Нью-Йорк (JFK),1
17065,Мюнхен,Вена,1
21677,Краснодар,Сочи,1
47571,Лондон (LHR),Нью-Йорк (JFK),1
9455,Москва,Санкт-Петербург,3
49358,Краснодар,Сочи,1
41964,Москва (SVO),Париж (CDG),1
35677,Новосибирск,Горно-Алтайск,1
10007,Москва (SVO),Париж (CDG),1
32219,Frankfurt,Hamburg,2
39581,Париж (CDG),Рим (FCO),1
24860,Frankfurt,Hamburg,1
15983,Мюнхен,Вена,1
35105,Стамбул (IST),Афины (ATH),1
1323,Москва,Санкт-Петербург,1
9582,Paris,Lyon,1
46987,Сингапур (SIN),Бали (DPS),1
32190,Берлин (BER),Амстердам (AMS),1
47736,Москва (SVO),Париж (CDG),1
14451,Токио (HND),Сеул (ICN),1
23363,Новосибирск,Горно-Алтайск,1
47540,Стамбул (IST),Афины (ATH),1
35992,Лондон (LHR),Нью-Йорк (JFK),1
11812,Дубай (DXB),Бангкок (BKK),1
6523,Москва,Санкт-Петербург,1
20319,Новосибирск,Горно-Алтайск,1
2175,Екатеринбург,Казань,1
23759,New York,Los Angeles,1
24708,Дубай (DXB),Бангкок (BKK),1
18543,Мадрид (MAD),Барселона,1
25782,Новосибирск,Горно-Алтайск,1
24711,London,Edinburgh,1
24326,Лондон (LHR),Нью-Йорк (JFK),1
1189,Мюнхен,Вена,1
30378,Paris,Lyon,1
35788,Париж (CDG),Рим (FCO),1
3417,Мадрид (MAD),Барселона,1
47863,Москва,Санкт-Петербург,1
1927,Краснодар,Сочи,1
41079,New York,Los Angeles,1
33152,Paris,Lyon,1
43667,Москва (SVO),Париж (CDG),1
38584,Rome,Milan,1
445,Лондон (LHR),Нью-Йорк (JFK),1
37458,Frankfurt,Hamburg,1
37214,Rome,Milan,1
551,Краснодар,Сочи,1
27064,Chicago,Miami,1
7457,Париж (CDG),Рим (FCO),1
46198,Париж (CDG),Рим (FCO),1
38388,Стамбул (IST),Афины (ATH),1
49038,Лондон (LHR),Нью-Йорк (JFK),1
35638,Мюнхен,Вена,1
49996,London,Edinburgh,1
28997,London,Edinburgh,1
49494,Лондон (LHR),Нью-Йорк (JFK),1
10608,Frankfurt,Hamburg,1
15201,Rome,Milan,1
8565,Париж (CDG),Рим (FCO),1
33494,Москва,Санкт-Петербург,1
3112,Лондон (LHR),Нью-Йорк (JFK),1
23484,Москва,Санкт-Петербург,1
30022,New York,Los Angeles,1
34955,Новосибирск,Горно-Алтайск,1
30011,Новосибирск,Горно-Алтайск,1
1432,London,Edinburgh,1
5426,Новосибирск,Горно-Алтайск,1
13611,Мюнхен,Вена,1
6191,New York,Los Angeles,1
36319,Chicago,Miami,1
21925,Москва,Санкт-Петербург,1
27185,Мюнхен,Вена,1
39107,Rome,Milan,1
6042,Стамбул (IST),Афины (ATH),1
46410,Париж (CDG),Рим (FCO),1
43218,Москва,Санкт-Петербург,1
26260,Rome,Milan,1
15194,Лондон (LHR),Нью-Йорк (JFK),1
35040,London,Edinburgh,1
2997,Париж (CDG),Рим (FCO),2
14807,Берлин (BER),Амстердам (AMS),1
48322,Сингапур (SIN),Бали (DPS),1
43958,Стамбул (IST),Афины (ATH),1
33659,Краснодар,Сочи,1
48802,Токио (HND),Сеул (ICN),1
14196,Токио (HND),Сеул (ICN),1
20713,Paris,Lyon,1
45358,London,Edinburgh,1
32419,Стамбул (IST),Афины (ATH),1
41531,Мюнхен,Вена,1
34871,London,Edinburgh,1
7276,Мадрид (MAD),Барселона,1
14345,Париж (CDG),Рим (FCO),1
34201,Chicago,Miami,1
48507,Frankfurt,Hamburg,1
14046,Paris,Lyon,1
33731,London,Edinburgh,1
17730,Дубай (DXB),Бангкок (BKK),1
29218,Rome,Milan,1
915,Мадрид (MAD),Барселона,1
30910,Токио (HND),Сеул (ICN),2
36457,Дубай (DXB),Бангкок (BKK),1
5965,Сингапур (SIN),Бали (DPS),2
2757,London,Edinburgh,1
3970,Лондон (LHR),Нью-Йорк (JFK),1
26580,Стамбул (IST),Афины (ATH),1
12313,Париж (CDG),Рим (FCO),1
20630,Paris,Lyon,1
30451,Мюнхен,Вена,1
7870,Токио (HND),Сеул (ICN),1
28,Rome,Milan,1
25261,Мадрид (MAD),Барселона,1
17753,Москва,Санкт-Петербург,1
22377,Новосибирск,Горно-Алтайск,1
43593,Стамбул (IST),Афины (ATH),1
39259,Rome,Milan,1
7683,Москва,Санкт-Петербург,1
31087,Москва (SVO),Париж (CDG),1
49485,Париж (CDG),Рим (FCO),1
12942,London,Edinburgh,1
30767,Москва,Санкт-Петербург,1
14423,Chicago,Miami,1
16551,Chicago,Miami,1
27803,Chicago,Miami,1
48192,Rome,Milan,1
32991,Москва (SVO),Париж (CDG),1
17951,Москва (SVO),Париж (CDG),1
16319,Frankfurt,Hamburg,1
22807,Токио (HND),Сеул (ICN),1
1386,Москва,Санкт-Петербург,1
13485,Мюнхен,Вена,1
16362,Сингапур (SIN),Бали (DPS),1
42166,Rome,Milan,1
11853,Chicago,Miami,1
13061,Москва,Санкт-Петербург,1
25535,Париж (CDG),Рим (FCO),1
32474,Новосибирск,Горно-Алтайск,1
26196,Мадрид (MAD),Барселона,1
37651,Сингапур (SIN),Бали (DPS),1
48712,Москва (SVO),Париж (CDG),1
41605,Frankfurt,Hamburg,1
7550,Мюнхен,Вена,1
41415,Frankfurt,Hamburg,1
6805,Берлин (BER),Амстердам (AMS),1
37083,Chicago,Miami,1
41745,Мюнхен,Вена,1
31127,Токио (HND),Сеул (ICN),1
17046,New York,Los Angeles,1
6150,Москва (SVO),Париж (CDG),1
10451,Paris,Lyon,1
42617,Chicago,Miami,1
30167,Лондон (LHR),Нью-Йорк (JFK),1
14669,Chicago,Miami,1
24953,Мюнхен,Вена,1
768,Frankfurt,Hamburg,1
3062,Стамбул (IST),Афины (ATH),1
2480,Paris,Lyon,1
1468,Мюнхен,Вена,1
29138,Берлин (BER),Амстердам (AMS),1
48064,Frankfurt,Hamburg,1
40036,Москва,Санкт-Петербург,1
15795,Paris,Lyon,1
10076,Мадрид (MAD),Барселона,1
25038,Rome,Milan,1
7844,Новосибирск,Горно-Алтайск,1
45897,Лондон (LHR),Нью-Йорк (JFK),1
49095,Сингапур (SIN),Бали (DPS),1
8573,Frankfurt,Hamburg,1
3872,New York,Los Angeles,1
48468,Краснодар,Сочи,1
33124,Frankfurt,Hamburg,1
20837,Краснодар,Сочи,1
4156,Мадрид (MAD),Барселона,1
15816,Берлин (BER),Амстердам (AMS),1
29794,Токио (HND),Сеул (ICN),1
20505,Новосибирск,Горно-Алтайск,1
45147,New York,Los Angeles,1
43260,London,Edinburgh,1
33657,Frankfurt,Hamburg,2
10702,Берлин (BER),Амстердам (AMS),1
12682,Париж (CDG),Рим (FCO),1
37659,Токио (HND),Сеул (ICN),1
9204,Москва,Санкт-Петербург,1
23043,Стамбул (IST),Афины (ATH),1
23245,Мадрид (MAD),Барселона,1
14947,Токио (HND),Сеул (ICN),1
21114,Токио (HND),Сеул (ICN),1
22563,Краснодар,Сочи,1
31889,Paris,Lyon,1
31970,Frankfurt,Hamburg,1
27036,Токио (HND),Сеул (ICN),1
16751,Мюнхен,Вена,1
25555,Paris,Lyon,1
44934,Лондон (LHR),Нью-Йорк (JFK),1
7167,Токио (HND),Сеул (ICN),1
11377,Chicago,Miami,1
5074,Paris,Lyon,1
7097,Rome,Milan,1
29956,Париж (CDG),Рим (FCO),1
47516,Токио (HND),Сеул (ICN),1
20532,Мадрид (MAD),Барселона,1
9780,Rome,Milan,1
36850,London,Edinburgh,1
2932,Мадрид (MAD),Барселона,1
49413,Екатеринбург,Казань,1
11361,Мюнхен,Вена,1
21607,Берлин (BER),Амстердам (AMS),1
30484,Берлин (BER),Амстердам (AMS),1
32319,Paris,Lyon,1
30038,Новосибирск,Горно-Алтайск,1
30661,Мадрид (MAD),Барселона,1
41568,New York,Los Angeles,1
34957,Мюнхен,Вена,1
48299,London,Edinburgh,1
9795,Париж (CDG),Рим (FCO),1
18709,Москва,Санкт-Петербург,1
17269,Париж (CDG),Рим (FCO),1
34464,Chicago,Miami,1
45596,Париж (CDG),Рим (FCO),1
30305,New York,Los Angeles,1
16905,Мюнхен,Вена,1
21501,Токио (HND),Сеул (ICN),1
16785,Сингапур (SIN),Бали (DPS),1
43569,Rome,Milan,1
17430,Мюнхен,Вена,1
28152,Дубай (DXB),Бангкок (BKK),1
2678,Chicago,Miami,1
24237,Краснодар,Сочи,1
49755,Москва (SVO),Париж (CDG),1
29967,Мюнхен,Вена,1
39505,Frankfurt,Hamburg,1
20164,Мадрид (MAD),Барселона,1
33101,Chicago,Miami,1
14749,Париж (CDG),Рим (FCO),1
4419,Сингапур (SIN),Бали (DPS),1
38280,Лондон (LHR),Нью-Йорк (JFK),1
40884,Лондон (LHR),Нью-Йорк (JFK),1
12101,Rome,Milan,1
31282,Токио (HND),Сеул (ICN),1
18296,Paris,Lyon,1
44386,Chicago,Miami,1
38481,Париж (CDG),Рим (FCO),1
32907,Новосибирск,Горно-Алтайск,1
10246,Москва,Санкт-Петербург,1
38039,Москва (SVO),Париж (CDG),1
10901,New York,Los Angeles,1
23737,Мюнхен,Вена,1
10549,Paris,Lyon,1
40086,Мадрид (MAD),Барселона,1
29605,Париж (CDG),Рим (FCO),1
46103,Дубай (DXB),Бангкок (BKK),1
30626,Chicago,Miami,1
42088,Rome,Milan,1
32568,Дубай (DXB),Бангкок (BKK),1
3185,Paris,Lyon,1
47189,Сингапур (SIN),Бали (DPS),1
30325,Paris,Lyon,1
19383,Париж (CDG),Рим (FCO),1
15912,New York,Los Angeles,1
46240,Токио (HND),Сеул (ICN),1
47048,Лондон (LHR),Нью-Йорк (JFK),1
27168,New York,Los Angeles,1
27377,Стамбул (IST),Афины (ATH),1
11566,Frankfurt,Hamburg,1
21086,Мадрид (MAD),Барселона,1
4819,London,Edinburgh,1
16876,Москва (SVO),Париж (CDG),1
36625,Chicago,Miami,1
939,Москва,Санкт-Петербург,1
2440,New York,Los Angeles,1
11494,Краснодар,Сочи,1
28835,Краснодар,Сочи,1
47477,Мадрид (MAD),Барселона,1
33173,Мадрид (MAD),Барселона,1
11309,Стамбул (IST),Афины (ATH),1
27249,Токио (HND),Сеул (ICN),1
13364,Париж (CDG),Рим (FCO),1
30206,Мюнхен,Вена,1
33473,Дубай (DXB),Бангкок (BKK),1
39864,Москва,Санкт-Петербург,1
10718,Chicago,Miami,1
7220,Москва (SVO),Париж (CDG),1
22064,Дубай (DXB),Бангкок (BKK),1
32675,Екатеринбург,Казань,1
46732,Chicago,Miami,1
4388,Новосибирск,Горно-Алтайск,1
42997,Мадрид (MAD),Барселона,1
18851,London,Edinburgh,1
21959,Москва (SVO),Париж (CDG),1
46786,New York,Los Angeles,1
13708,Дубай (DXB),Бангкок (BKK),1
15241,Дубай (DXB),Бангкок (BKK),1
32912,Краснодар,Сочи,1
44914,Лондон (LHR),Нью-Йорк (JFK),1
16941,Краснодар,Сочи,1
40493,Сингапур (SIN),Бали (DPS),1
10111,Москва,Санкт-Петербург,1
16406,London,Edinburgh,2
18370,Париж (CDG),Рим (FCO),1
28991,Москва,Санкт-Петербург,1
2853,Frankfurt,Hamburg,1
35382,Мадрид (MAD),Барселона,1
25031,Rome,Milan,1
2877,Стамбул (IST),Афины (ATH),1
2973,Париж (CDG),Рим (FCO),1
41289,Москва (SVO),Париж (CDG),1
24429,Chicago,Miami,1
23123,Краснодар,Сочи,1
48811,Chicago,Miami,1
6922,Дубай (DXB),Бангкок (BKK),2
5348,Мюнхен,Вена,1
4641,Paris,Lyon,1
2294,Сингапур (SIN),Бали (DPS),1
4981,Мадрид (MAD),Барселона,1
10616,Chicago,Miami,1
26815,Стамбул (IST),Афины (ATH),1
47246,Chicago,Miami,1
30693,Берлин (BER),Амстердам (AMS),1
1237,Новосибирск,Горно-Алтайск,1
47237,Берлин (BER),Амстердам (AMS),1
40866,Москва,Санкт-Петербург,1
35179,Париж (CDG),Рим (FCO),1
23975,Москва,Санкт-Петербург,1
25675,Дубай (DXB),Бангкок (BKK),1
27093,Екатеринбург,Казань,1
49867,Берлин (BER),Амстердам (AMS),1
20540,Москва,Санкт-Петербург,1
19891,Париж (CDG),Рим (FCO),1
13326,Frankfurt,Hamburg,1
6343,Стамбул (IST),Афины (ATH),1
29214,Мадрид (MAD),Барселона,1
8851,Стамбул (IST),Афины (ATH),1
11355,New York,Los Angeles,1
36939,Сингапур (SIN),Бали (DPS),1
23310,Стамбул (IST),Афины (ATH),1
25199,Париж (CDG),Рим (FCO),1
37931,Paris,Lyon,1
41667,Paris,Lyon,1
25399,Chicago,Miami,1
43461,Новосибирск,Горно-Алтайск,1
15976,Дубай (DXB),Бангкок (BKK),1
29412,London,Edinburgh,1
26159,Москва (SVO),Париж (CDG),1
25081,Москва,Санкт-Петербург,1
45121,New York,Los Angeles,1
9791,Токио (HND),Сеул (ICN),1
27192,New York,Los Angeles,1
28994,Москва (SVO),Париж (CDG),1
29172,Токио (HND),Сеул (ICN),1
49789,London,Edinburgh,1
5154,New York,Los Angeles,1
33390,Rome,Milan,1
49332,Москва (SVO),Париж (CDG),1
34351,Москва,Санкт-Петербург,1
32161,Мадрид (MAD),Барселона,1
27618,Москва (SVO),Париж (CDG),1
40828,Frankfurt,Hamburg,1
12066,Сингапур (SIN),Бали (DPS),1
49547,Новосибирск,Горно-Алтайск,1
32682,Берлин (BER),Амстердам (AMS),1
45953,Сингапур (SIN),Бали (DPS),1
18774,Дубай (DXB),Бангкок (BKK),1
7849,Paris,Lyon,1
18732,Токио (HND),Сеул (ICN),1
43072,Chicago,Miami,1
40746,Краснодар,Сочи,1
10346,Москва,Санкт-Петербург,1
23958,Мадрид (MAD),Барселона,1
511,New York,Los Angeles,1
2536,Chicago,Miami,1
48294,Chicago,Miami,1
23721,London,Edinburgh,1
1522,London,Edinburgh,1
42241,Москва (SVO),Париж (CDG),1
10818,Токио (HND),Сеул (ICN),1
12693,Мадрид (MAD),Барселона,1
31937,Chicago,Miami,1
48657,Дубай (DXB),Бангкок (BKK),1
20514,Paris,Lyon,1
34117,Токио (HND),Сеул (ICN),1
28417,Frankfurt,Hamburg,1
25194,Москва (SVO),Париж (CDG),1
24247,Стамбул (IST),Афины (ATH),1
19554,Мадрид (MAD),Барселона,1
24807,Екатеринбург,Казань,1
13639,Москва (SVO),Париж (CDG),1
14946,Chicago,Miami,1
49786,New York,Los Angeles,1
13418,Стамбул (IST),Афины (ATH),1
6792,Мадрид (MAD),Барселона,1
22280,Москва (SVO),Париж (CDG),1
13533,Екатеринбург,Казань,1
26790,Мадрид (MAD),Барселона,1
45242,Берлин (BER),Амстердам (AMS),1
29613,Краснодар,Сочи,1
40829,Екатеринбург,Казань,1
4523,Лондон (LHR),Нью-Йорк (JFK),1
19505,Токио (HND),Сеул (ICN),1
11057,Chicago,Miami,1
13782,Rome,Milan,1
19465,Chicago,Miami,1
44004,Берлин (BER),Амстердам (AMS),1
35002,Москва (SVO),Париж (CDG),1
9611,Париж (CDG),Рим (FCO),1
10603,Новосибирск,Горно-Алтайск,1
39099,New York,Los Angeles,1
34456,Мадрид (MAD),Барселона,1
44916,Новосибирск,Горно-Алтайск,1
36386,Мадрид (MAD),Барселона,1
14632,Москва,Санкт-Петербург,1
9779,Дубай (DXB),Бангкок (BKK),1
44417,Chicago,Miami,1
15333,Берлин (BER),Амстердам (AMS),1
9392,London,Edinburgh,1
7837,Стамбул (IST),Афины (ATH),1
35238,Мюнхен,Вена,1
13143,Frankfurt,Hamburg,1
2614,Новосибирск,Горно-Алтайск,1
44362,Париж (CDG),Рим (FCO),1
11840,Новосибирск,Горно-Алтайск,1
15007,Краснодар,Сочи,1
31294,Москва (SVO),Париж (CDG),1
10573,Paris,Lyon,1
25431,Москва,Санкт-Петербург,1
8491,Chicago,Miami,1
17208,Chicago,Miami,1
8590,Лондон (LHR),Нью-Йорк (JFK),2
6856,Берлин (BER),Амстердам (AMS),1
46716,Москва (SVO),Париж (CDG),1
39054,Париж (CDG),Рим (FCO),1
5130,Rome,Milan,1
8362,Сингапур (SIN),Бали (DPS),1
1261,Токио (HND),Сеул (ICN),1
3220,Краснодар,Сочи,1
22162,Новосибирск,Горно-Алтайск,1
24402,Дубай (DXB),Бангкок (BKK),1
23467,Rome,Milan,1
10095,Chicago,Miami,2
2546,Екатеринбург,Казань,1
32596,Екатеринбург,Казань,2
26102,Краснодар,Сочи,1
38053,Мадрид (MAD),Барселона,1
7481,Новосибирск,Горно-Алтайск,1
5212,Chicago,Miami,1
41998,Москва,Санкт-Петербург,1
14023,Frankfurt,Hamburg,1
44925,Frankfurt,Hamburg,1
2084,London,Edinburgh,1
38015,Chicago,Miami,1
32438,Москва (SVO),Париж (CDG),1
46022,Москва,Санкт-Петербург,1
525,Новосибирск,Горно-Алтайск,1
31441,New York,Los Angeles,1
27098,Краснодар,Сочи,1
28970,Берлин (BER),Амстердам (AMS),1
21110,London,Edinburgh,1
38664,Москва (SVO),Париж (CDG),1
44137,Москва (SVO),Париж (CDG),1
3711,Chicago,Miami,1
27405,Москва,Санкт-Петербург,1
42447,Мюнхен,Вена,1
30239,Paris,Lyon,1
49722,New York,Los Angeles,1
19962,Париж (CDG),Рим (FCO),1
14556,Paris,Lyon,1
5208,Paris,Lyon,1
45033,Chicago,Miami,1
11543,Краснодар,Сочи,1
15145,Краснодар,Сочи,1
44338,Мадрид (MAD),Барселона,1
41060,Paris,Lyon,1
27785,Токио (HND),Сеул (ICN),1
33483,Сингапур (SIN),Бали (DPS),1
18810,Екатеринбург,Казань,1
44820,Frankfurt,Hamburg,1
13080,Москва (SVO),Париж (CDG),1
15957,Берлин (BER),Амстердам (AMS),1
48704,Chicago,Miami,1
22917,Екатеринбург,Казань,1
20019,Rome,Milan,1
43338,Chicago,Miami,1
22958,Стамбул (IST),Афины (ATH),1
24154,Frankfurt,Hamburg,1
8955,Новосибирск,Горно-Алтайск,1
38452,Chicago,Miami,1
49147,Мюнхен,Вена,1
16997,Екатеринбург,Казань,1
21481,Сингапур (SIN),Бали (DPS),1
14076,Екатеринбург,Казань,1
47442,Стамбул (IST),Афины (ATH),1
49769,Мюнхен,Вена,1
14550,Париж (CDG),Рим (FCO),1
18965,Краснодар,Сочи,1
40467,Дубай (DXB),Бангкок (BKK),1
49957,Токио (HND),Сеул (ICN),1
49992,Сингапур (SIN),Бали (DPS),1
20673,Chicago,Miami,1
25992,New York,Los Angeles,1
26775,Стамбул (IST),Афины (ATH),1
2395,Новосибирск,Горно-Алтайск,1
29677,Берлин (BER),Амстердам (AMS),1
38343,Frankfurt,Hamburg,1
2462,Новосибирск,Горно-Алтайск,1
26989,Rome,Milan,1
11908,Новосибирск,Горно-Алтайск,1
46595,Rome,Milan,1
19221,Лондон (LHR),Нью-Йорк (JFK),1
3830,Сингапур (SIN),Бали (DPS),1
662,Paris,Lyon,1
3416,Новосибирск,Горно-Алтайск,1
2580,Лондон (LHR),Нью-Йорк (JFK),1
12167,Лондон (LHR),Нью-Йорк (JFK),2
43372,Новосибирск,Горно-Алтайск,1
282,Сингапур (SIN),Бали (DPS),1
838,Москва (SVO),Париж (CDG),1
28660,Париж (CDG),Рим (FCO),1
35882,Paris,Lyon,3
44019,London,Edinburgh,1
6734,Париж (CDG),Рим (FCO),1
33688,Екатеринбург,Казань,1
33767,Новосибирск,Горно-Алтайск,1
41575,Москва,Санкт-Петербург,1
16929,Rome,Milan,1
1025,Новосибирск,Горно-Алтайск,1
1075,Дубай (DXB),Бангкок (BKK),1
482,Краснодар,Сочи,1
38321,Сингапур (SIN),Бали (DPS),1
15514,Дубай (DXB),Бангкок (BKK),1
312,Стамбул (IST),Афины (ATH),1
32274,Краснодар,Сочи,1
36144,Краснодар,Сочи,1
4483,Frankfurt,Hamburg,1
5459,Rome,Milan,1
33663,Мюнхен,Вена,1
43837,Екатеринбург,Казань,1
11883,Берлин (BER),Амстердам (AMS),1
16652,Дубай (DXB),Бангкок (BKK),1
44524,Paris,Lyon,1
47446,Москва,Санкт-Петербург,1
5719,Москва (SVO),Париж (CDG),1
46093,Екатеринбург,Казань,1
13786,Париж (CDG),Рим (FCO),1
9123,Frankfurt,Hamburg,1
24732,Мюнхен,Вена,1
3045,Paris,Lyon,1
42512,Берлин (BER),Амстердам (AMS),1
43741,Токио (HND),Сеул (ICN),1
42513,Frankfurt,Hamburg,1
49632,Paris,Lyon,1
41759,Берлин (BER),Амстердам (AMS),1
15289,Берлин (BER),Амстердам (AMS),1
46611,Дубай (DXB),Бангкок (BKK),1
16529,Rome,Milan,1
24073,Frankfurt,Hamburg,1
20839,Москва,Санкт-Петербург,1
37785,Москва (SVO),Париж (CDG),1
37039,Rome,Milan,1
28797,Chicago,Miami,1
21895,Краснодар,Сочи,1
27482,Дубай (DXB),Бангкок (BKK),1
18111,New York,Los Angeles,1
47553,Екатеринбург,Казань,1
41950,Дубай (DXB),Бангкок (BKK),1
19851,Frankfurt,Hamburg,1
46710,Сингапур (SIN),Бали (DPS),1
8157,Екатеринбург,Казань,1
176,Мюнхен,Вена,1
29030,Rome,Milan,1
39231,Rome,Milan,1
43480,London,Edinburgh,1
17289,New York,Los Angeles,1
26448,Токио (HND),Сеул (ICN),1
17703,London,Edinburgh,1
25745,Стамбул (IST),Афины (ATH),1
16397,Москва (SVO),Париж (CDG),1
34971,Берлин (BER),Амстердам (AMS),1
24376,Дубай (DXB),Бангкок (BKK),1
32449,Екатеринбург,Казань,1
19887,Москва,Санкт-Петербург,1
15909,Стамбул (IST),Афины (ATH),1
18926,London,Edinburgh,1
27757,Paris,Lyon,1
7025,Сингапур (SIN),Бали (DPS),1
11990,Paris,Lyon,1
16103,Frankfurt,Hamburg,1
14640,Краснодар,Сочи,1
16696,Новосибирск,Горно-Алтайск,1
18017,Сингапур (SIN),Бали (DPS),1
29133,Берлин (BER),Амстердам (AMS),1
14440,Rome,Milan,1
21697,Rome,Milan,1
28558,Екатеринбург,Казань,1
28466,Париж (CDG),Рим (FCO),1
33279,London,Edinburgh,1
32303,Екатеринбург,Казань,1
11476,Rome,Milan,1
48525,Токио (HND),Сеул (ICN),1
34499,Мадрид (MAD),Барселона,1
17956,Сингапур (SIN),Бали (DPS),1
35534,Дубай (DXB),Бангкок (BKK),1
18077,Токио (HND),Сеул (ICN),1
22291,Лондон (LHR),Нью-Йорк (JFK),1
24876,Frankfurt,Hamburg,1
9503,Краснодар,Сочи,1
16865,Новосибирск,Горно-Алтайск,1
43183,Москва (SVO),Париж (CDG),1
3414,Лондон (LHR),Нью-Йорк (JFK),1
25532,Дубай (DXB),Бангкок (BKK),1
37393,Мюнхен,Вена,1
29347,Дубай (DXB),Бангкок (BKK),1
1160,Paris,Lyon,1
23793,New York,Los Angeles,2
9237,Frankfurt,Hamburg,1
2161,London,Edinburgh,1
22323,Париж (CDG),Рим (FCO),1
3165,Москва,Санкт-Петербург,1
24831,Paris,Lyon,1
25629,Новосибирск,Горно-Алтайск,1
32035,Токио (HND),Сеул (ICN),1
43081,Краснодар,Сочи,1
16137,Rome,Milan,1
17894,Москва (SVO),Париж (CDG),1
39816,Краснодар,Сочи,1
31469,Новосибирск,Горно-Алтайск,1
17404,Лондон (LHR),Нью-Йорк (JFK),1
12408,New York,Los Angeles,1
21564,Токио (HND),Сеул (ICN),1
15327,Paris,Lyon,1
21616,Paris,Lyon,1
36085,Rome,Milan,1
5342,Новосибирск,Горно-Алтайск,1
17773,Лондон (LHR),Нью-Йорк (JFK),1
42761,Токио (HND),Сеул (ICN),1
38180,Сингапур (SIN),Бали (DPS),1
16442,Новосибирск,Горно-Алтайск,1
3127,Дубай (DXB),Бангкок (BKK),1
13735,Сингапур (SIN),Бали (DPS),1
15531,Frankfurt,Hamburg,1
48842,Париж (CDG),Рим (FCO),2
23385,Берлин (BER),Амстердам (AMS),1
32977,Chicago,Miami,1
27781,Токио (HND),Сеул (ICN),1
19062,Frankfurt,Hamburg,1
48576,Москва,Санкт-Петербург,1
5651,Rome,Milan,1
13366,Токио (HND),Сеул (ICN),1
45757,Chicago,Miami,1
22913,London,Edinburgh,2
23618,Сингапур (SIN),Бали (DPS),1
1120,Мюнхен,Вена,1
42526,Rome,Milan,1
46173,Frankfurt,Hamburg,1
25793,Токио (HND),Сеул (ICN),1
37359,Краснодар,Сочи,1
7870,Берлин (BER),Амстердам (AMS),2
48710,Chicago,Miami,1
19597,Краснодар,Сочи,1
6670,Сингапур (SIN),Бали (DPS),1
4527,Берлин (BER),Амстердам (AMS),1
26497,Москва,Санкт-Петербург,1
46855,Москва (SVO),Париж (CDG),1
47724,Chicago,Miami,1
12877,Лондон (LHR),Нью-Йорк (JFK),1
4503,Токио (HND),Сеул (ICN),2
34801,Paris,Lyon,1
23511,Москва (SVO),Париж (CDG),1
6114,Chicago,Miami,1
23707,Дубай (DXB),Бангкок (BKK),1
42395,Paris,Lyon,1
9397,Rome,Milan,1
24072,New York,Los Angeles,1
6432,Краснодар,Сочи,1
3526,Токио (HND),Сеул (ICN),1
31287,Rome,Milan,1
3785,Paris,Lyon,1
5336,Москва,Санкт-Петербург,1
2357,Лондон (LHR),Нью-Йорк (JFK),1
37280,Мюнхен,Вена,1
39515,Дубай (DXB),Бангкок (BKK),1
48246,Сингапур (SIN),Бали (DPS),1
16006,Стамбул (IST),Афины (ATH),1
34754,Москва (SVO),Париж (CDG),1
3694,Токио (HND),Сеул (ICN),1
40987,Париж (CDG),Рим (FCO),1
29631,Сингапур (SIN),Бали (DPS),1
40102,Новосибирск,Горно-Алтайск,1
49000,Новосибирск,Горно-Алтайск,1
43335,Берлин (BER),Амстердам (AMS),1
6694,Берлин (BER),Амстердам (AMS),1
24288,Paris,Lyon,1
30444,Мюнхен,Вена,1
32226,Мюнхен,Вена,1
47524,Москва (SVO),Париж (CDG),1
30094,Мадрид (MAD),Барселона,1
37389,Москва (SVO),Париж (CDG),1
37420,Дубай (DXB),Бангкок (BKK),1
6,Токио (HND),Сеул (ICN),1
14485,Chicago,Miami,1
30590,Москва,Санкт-Петербург,1
11700,New York,Los Angeles,1
34406,Chicago,Miami,1
43349,Париж (CDG),Рим (FCO),1
4934,London,Edinburgh,1
24498,Краснодар,Сочи,1
36243,London,Edinburgh,1
3198,Новосибирск,Горно-Алтайск,1
38025,Rome,Milan,1
1475,Стамбул (IST),Афины (ATH),1
25626,Токио (HND),Сеул (ICN),1
26431,Токио (HND),Сеул (ICN),1
38360,Токио (HND),Сеул (ICN),1
19566,London,Edinburgh,1
40333,Краснодар,Сочи,1
5749,Париж (CDG),Рим (FCO),1
16405,Дубай (DXB),Бангкок (BKK),1
47490,Стамбул (IST),Афины (ATH),1
49737,New York,Los Angeles,1
42952,Краснодар,Сочи,1
12450,Frankfurt,Hamburg,1
18307,Мюнхен,Вена,1
32726,Стамбул (IST),Афины (ATH),1
258,Краснодар,Сочи,1
8439,Берлин (BER),Амстердам (AMS),1
35241,Стамбул (IST),Афины (ATH),1
45870,Chicago,Miami,1
13460,Новосибирск,Горно-Алтайск,1
39780,Мадрид (MAD),Барселона,1
34948,Rome,Milan,1
45643,Краснодар,Сочи,1
15863,Берлин (BER),Амстердам (AMS),1
17304,Берлин (BER),Амстердам (AMS),2
34536,Frankfurt,Hamburg,1
13133,Екатеринбург,Казань,1
87,Стамбул (IST),Афины (ATH),1
15461,Москва,Санкт-Петербург,1
24417,Москва (SVO),Париж (CDG),1
45780,Берлин (BER),Амстердам (AMS),1
14895,Сингапур (SIN),Бали (DPS),1
24796,Берлин (BER),Амстердам (AMS),1
13476,Лондон (LHR),Нью-Йорк (JFK),1
11074,Frankfurt,Hamburg,1
9449,Новосибирск,Горно-Алтайск,1
7497,Москва,Санкт-Петербург,1
19993,Мадрид (MAD),Барселона,1
9043,Стамбул (IST),Афины (ATH),1
39993,Paris,Lyon,1
7900,Frankfurt,Hamburg,1
34065,Екатеринбург,Казань,1
46357,Москва,Санкт-Петербург,1
6714,Мадрид (MAD),Барселона,1
43050,Paris,Lyon,1
27181,Краснодар,Сочи,1
19271,Токио (HND),Сеул (ICN),1
46379,Мюнхен,Вена,1
15172,Frankfurt,Hamburg,1
15151,Frankfurt,Hamburg,1
11556,Екатеринбург,Казань,1
7272,Париж (CDG),Рим (FCO),1
44842,Москва,Санкт-Петербург,1
34107,Paris,Lyon,1
13336,Краснодар,Сочи,1
24017,Rome,Milan,1
19359,Лондон (LHR),Нью-Йорк (JFK),1
33187,Rome,Milan,1
469,Екатеринбург,Казань,1
36359,Москва,Санкт-Петербург,1
3939,London,Edinburgh,1
12674,Москва (SVO),Париж (CDG),1
18655,Мадрид (MAD),Барселона,1
43924,Стамбул (IST),Афины (ATH),1
35768,New York,Los Angeles,1
24073,Москва (SVO),Париж (CDG),2
5895,London,Edinburgh,1
48161,Дубай (DXB),Бангкок (BKK),1
15101,Краснодар,Сочи,1
22940,Париж (CDG),Рим (FCO),1
11061,Сингапур (SIN),Бали (DPS),1
42102,Москва,Санкт-Петербург,1
34978,Rome,Milan,1
29224,Frankfurt,Hamburg,1
24624,Мадрид (MAD),Барселона,1
49667,Париж (CDG),Рим (FCO),1
20236,Мадрид (MAD),Барселона,1
29011,Сингапур (SIN),Бали (DPS),1
18371,Москва (SVO),Париж (CDG),1
42913,Rome,Milan,1
30652,London,Edinburgh,1
44028,Москва (SVO),Париж (CDG),1
36093,Стамбул (IST),Афины (ATH),1
21908,London,Edinburgh,1
31266,Мюнхен,Вена,1
14374,Дубай (DXB),Бангкок (BKK),1
19473,Rome,Milan,1
46012,London,Edinburgh,1
36965,Берлин (BER),Амстердам (AMS),1
6635,Екатеринбург,Казань,1
16172,Rome,Milan,1
2312,New York,Los Angeles,1
35516,Токио (HND),Сеул (ICN),1
35994,Токио (HND),Сеул (ICN),1
21496,New York,Los Angeles,1
37416,Frankfurt,Hamburg,1
7854,Екатеринбург,Казань,1
14022,Frankfurt,Hamburg,1
13310,Краснодар,Сочи,1
46815,New York,Los Angeles,1
14981,Токио (HND),Сеул (ICN),1
44307,Москва,Санкт-Петербург,1
41954,Frankfurt,Hamburg,1
27634,London,Edinburgh,1
12604,Стамбул (IST),Афины (ATH),1
9350,Париж (CDG),Рим (FCO),1
10172,Chicago,Miami,1
34390,London,Edinburgh,1
49926,Rome,Milan,1
20352,Лондон (LHR),Нью-Йорк (JFK),1
19836,Paris,Lyon,1
16798,Екатеринбург,Казань,1
7629,Париж (CDG),Рим (FCO),1
49900,Москва,Санкт-Петербург,1
31983,Rome,Milan,1
3679,Мадрид (MAD),Барселона,1
2933,Париж (CDG),Рим (FCO),1
42755,Москва,Санкт-Петербург,1
1287,Екатеринбург,Казань,1
48139,Мюнхен,Вена,1
22544,Стамбул (IST),Афины (ATH),1
43726,Rome,Milan,1
22891,Стамбул (IST),Афины (ATH),1
38775,Лондон (LHR),Нью-Йорк (JFK),1
7990,London,Edinburgh,1
2841,Frankfurt,Hamburg,1
10813,Москва,Санкт-Петербург,1
6849,Мадрид (MAD),Барселона,1
24283,Екатеринбург,Казань,1
15644,Paris,Lyon,1
8977,Frankfurt,Hamburg,1
30449,Токио (HND),Сеул (ICN),1
37903,Chicago,Miami,1
43373,Москва,Санкт-Петербург,1
39800,Дубай (DXB),Бангкок (BKK),2
5326,Rome,Milan,1
6980,Дубай (DXB),Бангкок (BKK),1
42982,Краснодар,Сочи,1
16015,Rome,Milan,1
16994,New York,Los Angeles,1
12062,Paris,Lyon,1
15639,London,Edinburgh,1
43598,Москва,Санкт-Петербург,1
23365,Токио (HND),Сеул (ICN),1
19952,Paris,Lyon,1
30501,Paris,Lyon,1
1580,Rome,Milan,1
33594,Paris,Lyon,1
48461,Берлин (BER),Амстердам (AMS),1
10920,Мюнхен,Вена,1
6229,Chicago,Miami,1
36175,Париж (CDG),Рим (FCO),1
10403,Frankfurt,Hamburg,1
7598,Дубай (DXB),Бангкок (BKK),1
47666,Мюнхен,Вена,1
30215,Краснодар,Сочи,1
33254,Париж (CDG),Рим (FCO),1
5977,Chicago,Miami,1
23099,Париж (CDG),Рим (FCO),1
11451,Лондон (LHR),Нью-Йорк (JFK),1
1487,Стамбул (IST),Афины (ATH),1
36311,Мюнхен,Вена,1
7358,Chicago,Miami,1
24922,Париж (CDG),Рим (FCO),1
9554,Лондон (LHR),Нью-Йорк (JFK),2
12946,Екатеринбург,Казань,2
23556,Краснодар,Сочи,1
34630,Берлин (BER),Амстердам (AMS),1
27297,Rome,Milan,1
1131,Frankfurt,Hamburg,1
45798,London,Edinburgh,1
31253,Лондон (LHR),Нью-Йорк (JFK),1
17142,Мадрид (MAD),Барселона,1
34450,Берлин (BER),Амстердам (AMS),1
30851,Дубай (DXB),Бангкок (BKK),1
34806,Paris,Lyon,1
15412,Мадрид (MAD),Барселона,1
41924,Стамбул (IST),Афины (ATH),1
16132,Новосибирск,Горно-Алтайск,1
20527,Москва (SVO),Париж (CDG),1
40169,Париж (CDG),Рим (FCO),1
3797,Токио (HND),Сеул (ICN),1
9204,Лондон (LHR),Нью-Йорк (JFK),2
17359,Москва,Санкт-Петербург,1
20540,Сингапур (SIN),Бали (DPS),2
9232,Новосибирск,Горно-Алтайск,1
36381,Москва,Санкт-Петербург,1
44662,Мадрид (MAD),Барселона,2
32948,Стамбул (IST),Афины (ATH),1
44701,Мадрид (MAD),Барселона,1
26839,Краснодар,Сочи,1
4087,Chicago,Miami,1
23287,Rome,Milan,1
47684,New York,Los Angeles,1
28457,Сингапур (SIN),Бали (DPS),1
42180,Rome,Milan,1
4761,Токио (HND),Сеул (ICN),1
48760,London,Edinburgh,1
21059,Москва,Санкт-Петербург,1
37551,Краснодар,Сочи,1
25008,Стамбул (IST),Афины (ATH),1
47148,New York,Los Angeles,1
43301,New York,Los Angeles,1
31582,Лондон (LHR),Нью-Йорк (JFK),1
32838,Москва (SVO),Париж (CDG),1
27676,Токио (HND),Сеул (ICN),1
17183,Rome,Milan,1
7279,London,Edinburgh,1
29520,Краснодар,Сочи,1
34739,Лондон (LHR),Нью-Йорк (JFK),1
31982,Paris,Lyon,1
20094,London,Edinburgh,1
37297,Париж (CDG),Рим (FCO),1
17208,Екатеринбург,Казань,2
11793,Frankfurt,Hamburg,1
5884,Paris,Lyon,1
27541,Новосибирск,Горно-Алтайск,1
797,Берлин (BER),Амстердам (AMS),1
37282,Сингапур (SIN),Бали (DPS),1
29422,Paris,Lyon,1
43276,Стамбул (IST),Афины (ATH),1
30109,Мадрид (MAD),Барселона,1
9751,Москва,Санкт-Петербург,1
3280,Краснодар,Сочи,1
48671,Дубай (DXB),Бангкок (BKK),1
38370,New York,Los Angeles,1
40050,Москва (SVO),Париж (CDG),1
17479,Берлин (BER),Амстердам (AMS),1
27744,Москва (SVO),Париж (CDG),1
44492,Дубай (DXB),Бангкок (BKK),1
46582,Дубай (DXB),Бангкок (BKK),1
35157,Берлин (BER),Амстердам (AMS),1
12041,Москва (SVO),Париж (CDG),1
8003,London,Edinburgh,1
12012,London,Edinburgh,1
13835,Токио (HND),Сеул (ICN),1
43031,Дубай (DXB),Бангкок (BKK),1
16068,London,Edinburgh,1
43431,Краснодар,Сочи,1
21017,Rome,Milan,1
12380,Мадрид (MAD),Барселона,1
14072,Сингапур (SIN),Бали (DPS),1
32070,Дубай (DXB),Бангкок (BKK),1
31553,Париж (CDG),Рим (FCO),1
9776,Москва,Санкт-Петербург,1
31845,Москва,Санкт-Петербург,1
4647,Frankfurt,Hamburg,1
44993,Москва,Санкт-Петербург,1
43570,London,Edinburgh,1
35065,Стамбул (IST),Афины (ATH),1
27789,Frankfurt,Hamburg,1
40259,Rome,Milan,1
6581,Мадрид (MAD),Барселона,1
45406,Chicago,Miami,1
18968,Екатеринбург,Казань,1
32851,Мюнхен,Вена,1
45183,Токио (HND),Сеул (ICN),1
9212,Москва,Санкт-Петербург,1
15561,Екатеринбург,Казань,1
7960,Берлин (BER),Амстердам (AMS),1
43504,Мюнхен,Вена,1
49863,Москва,Санкт-Петербург,1
10879,London,Edinburgh,1
40029,Берлин (BER),Амстердам (AMS),1
39298,Rome,Milan,1
42270,Париж (CDG),Рим (FCO),1
18831,London,Edinburgh,1
7618,Новосибирск,Горно-Алтайск,1
39416,Екатеринбург,Казань,1
33723,Москва (SVO),Париж (CDG),1
23920,Chicago,Miami,1
19295,Москва (SVO),Париж (CDG),1
47469,Берлин (BER),Амстердам (AMS),1
22206,Москва (SVO),Париж (CDG),1
17094,Paris,Lyon,1
26711,Мюнхен,Вена,1
38242,Краснодар,Сочи,1
1447,Екатеринбург,Казань,1
12381,Сингапур (SIN),Бали (DPS),1
42874,Стамбул (IST),Афины (ATH),1
4195,Париж (CDG),Рим (FCO),1
45187,Rome,Milan,1
43083,Москва,Санкт-Петербург,1
27894,Лондон (LHR),Нью-Йорк (JFK),1
5009,Chicago,Miami,1
31395,Дубай (DXB),Бангкок (BKK),1
24470,Frankfurt,Hamburg,1
37031,Frankfurt,Hamburg,1
7700,Rome,Milan,1
41409,London,Edinburgh,1
44448,Краснодар,Сочи,1
45742,Москва,Санкт-Петербург,2
5756,Токио (HND),Сеул (ICN),1
39078,Paris,Lyon,1
39128,Краснодар,Сочи,1
10573,Москва (SVO),Париж (CDG),2
10328,Стамбул (IST),Афины (ATH),1
35119,London,Edinburgh,1
34116,Токио (HND),Сеул (ICN),1
6826,Париж (CDG),Рим (FCO),1
8750,Сингапур (SIN),Бали (DPS),1
8293,Дубай (DXB),Бангкок (BKK),1
5261,Екатеринбург,Казань,1
15786,Rome,Milan,1
37594,Москва (SVO),Париж (CDG),1
36287,Мадрид (MAD),Барселона,1
48971,Екатеринбург,Казань,1
1151,Мадрид (MAD),Барселона,1
36331,Токио (HND),Сеул (ICN),1
28528,Берлин (BER),Амстердам (AMS),1
26118,Сингапур (SIN),Бали (DPS),1
38771,Москва (SVO),Париж (CDG),1
20929,Стамбул (IST),Афины (ATH),1
13680,Frankfurt,Hamburg,1
47266,Москва,Санкт-Петербург,1
21746,Краснодар,Сочи,1
7007,Стамбул (IST),Афины (ATH),1
11874,Новосибирск,Горно-Алтайск,1
48507,Chicago,Miami,2
4271,Краснодар,Сочи,1
1604,Rome,Milan,1
26342,Лондон (LHR),Нью-Йорк (JFK),1
19812,Екатеринбург,Казань,1
33295,Берлин (BER),Амстердам (AMS),1
38943,Екатеринбург,Казань,1
4148,Токио (HND),Сеул (ICN),1
42699,Москва,Санкт-Петербург,1
20650,Мюнхен,Вена,1
31290,Лондон (LHR),Нью-Йорк (JFK),1
8855,Сингапур (SIN),Бали (DPS),1
638,Токио (HND),Сеул (ICN),1
30043,Сингапур (SIN),Бали (DPS),1
16418,New York,Los Angeles,1
43159,Новосибирск,Горно-Алтайск,1
7067,Берлин (BER),Амстердам (AMS),2
43734,Сингапур (SIN),Бали (DPS),1
19900,Дубай (DXB),Бангкок (BKK),1
3682,Токио (HND),Сеул (ICN),1
30579,Chicago,Miami,1
3734,Paris,Lyon,1
23892,Новосибирск,Горно-Алтайск,1
6133,New York,Los Angeles,1
30548,Paris,Lyon,1
27061,Мюнхен,Вена,1
20518,Мадрид (MAD),Барселона,1
13024,Дубай (DXB),Бангкок (BKK),1
33238,Берлин (BER),Амстердам (AMS),1
28626,London,Edinburgh,1
30559,Новосибирск,Горно-Алтайск,1
47977,New York,Los Angeles,1
18108,Новосибирск,Горно-Алтайск,1
23787,New York,Los Angeles,1
3640,Мадрид (MAD),Барселона,1
5881,Новосибирск,Горно-Алтайск,1
4577,Мадрид (MAD),Барселона,1
13482,Дубай (DXB),Бангкок (BKK),1
36451,Chicago,Miami,1
8719,Chicago,Miami,1
49921,Лондон (LHR),Нью-Йорк (JFK),1
23083,Chicago,Miami,1
47233,Берлин (BER),Амстердам (AMS),1
39534,Новосибирск,Горно-Алтайск,1
41195,Париж (CDG),Рим (FCO),1
26393,Лондон (LHR),Нью-Йорк (JFK),1
44555,London,Edinburgh,1
31388,Екатеринбург,Казань,1
49547,Москва,Санкт-Петербург,2
35345,Москва (SVO),Париж (CDG),1
22168,Краснодар,Сочи,1
26391,Лондон (LHR),Нью-Йорк (JFK),1
37146,Frankfurt,Hamburg,1
10773,London,Edinburgh,1
13011,Лондон (LHR),Нью-Йорк (JFK),1
31462,Rome,Milan,1
13363,London,Edinburgh,1
18227,Сингапур (SIN),Бали (DPS),1
27277,Rome,Milan,1
46499,Токио (HND),Сеул (ICN),1
14000,Мадрид (MAD),Барселона,1
2175,Берлин (BER),Амстердам (AMS),2
41160,Краснодар,Сочи,2
37082,Екатеринбург,Казань,1
46929,Лондон (LHR),Нью-Йорк (JFK),1
25407,Новосибирск,Горно-Алтайск,1
13131,Париж (CDG),Рим (FCO),1
37093,Rome,Milan,1
40185,Chicago,Miami,1
43834,New York,Los Angeles,1
40826,Москва,Санкт-Петербург,1
1225,Мюнхен,Вена,1
47930,New York,Los Angeles,1
6084,Paris,Lyon,1
16681,Сингапур (SIN),Бали (DPS),1
48454,Сингапур (SIN),Бали (DPS),1
1975,Мадрид (MAD),Барселона,1
18017,New York,Los Angeles,2
19255,Сингапур (SIN),Бали (DPS),1
17624,Москва (SVO),Париж (CDG),1
9309,Paris,Lyon,1
27457,Paris,Lyon,1
41025,New York,Los Angeles,1
23963,Стамбул (IST),Афины (ATH),1
49954,Стамбул (IST),Афины (ATH),1
44282,Новосибирск,Горно-Алтайск,1
10933,Мюнхен,Вена,1
37761,Москва (SVO),Париж (CDG),1
46197,Париж (CDG),Рим (FCO),1
18554,Москва (SVO),Париж (CDG),1
28689,Chicago,Miami,2
11791,Берлин (BER),Амстердам (AMS),1
25657,New York,Los Angeles,1
39379,Новосибирск,Горно-Алтайск,1
40086,Токио (HND),Сеул (ICN),2
26024,Новосибирск,Горно-Алтайск,1
41241,Дубай (DXB),Бангкок (BKK),1
17647,Paris,Lyon,1
42978,Rome,Milan,1
3644,Сингапур (SIN),Бали (DPS),1
39916,Chicago,Miami,1
13170,Мадрид (MAD),Барселона,1
38036,New York,Los Angeles,1
38850,Москва,Санкт-Петербург,1
35832,Лондон (LHR),Нью-Йорк (JFK),1
28075,Берлин (BER),Амстердам (AMS),1
10685,London,Edinburgh,1
16637,Paris,Lyon,1
49097,Новосибирск,Горно-Алтайск,1
28284,Стамбул (IST),Афины (ATH),1
37326,Rome,Milan,1
33764,Токио (HND),Сеул (ICN),1
18245,Краснодар,Сочи,1
8258,Москва,Санкт-Петербург,1
11714,Chicago,Miami,1
39274,Мюнхен,Вена,1
29239,Paris,Lyon,1
40408,Мюнхен,Вена,1
41820,New York,Los Angeles,1
30045,Париж (CDG),Рим (FCO),1
30779,Сингапур (SIN),Бали (DPS),1
48619,Мадрид (MAD),Барселона,1
3243,Дубай (DXB),Бангкок (BKK),1
16146,Дубай (DXB),Бангкок (BKK),1
42448,Chicago,Miami,1
5288,Frankfurt,Hamburg,1
28517,Rome,Milan,1
46524,London,Edinburgh,1
40816,Москва (SVO),Париж (CDG),1
24227,Стамбул (IST),Афины (ATH),1
18008,Мюнхен,Вена,1
11458,Токио (HND),Сеул (ICN),1
43405,Chicago,Miami,1
13973,Лондон (LHR),Нью-Йорк (JFK),1
19585,Сингапур (SIN),Бали (DPS),1
1896,Москва,Санкт-Петербург,1
27153,Берлин (BER),Амстердам (AMS),1
7405,Стамбул (IST),Афины (ATH),1
42880,Chicago,Miami,1
31380,Frankfurt,Hamburg,1
33443,Дубай (DXB),Бангкок (BKK),1
27440,Берлин (BER),Амстердам (AMS),1
23936,New York,Los Angeles,1
29343,New York,Los Angeles,1
47834,Берлин (BER),Амстердам (AMS),1
18101,Мадрид (MAD),Барселона,1
42743,Rome,Milan,1
19534,New York,Los Angeles,1
30218,Новосибирск,Горно-Алтайск,1
1228,New York,Los Angeles,1
49321,Краснодар,Сочи,1
5323,Rome,Milan,1
38961,London,Edinburgh,1
30171,Paris,Lyon,1
47294,Берлин (BER),Амстердам (AMS),1
48024,Новосибирск,Горно-Алтайск,1
46858,New York,Los Angeles,1
45505,Берлин (BER),Амстердам (AMS),2
7703,Дубай (DXB),Бангкок (BKK),1
31806,Лондон (LHR),Нью-Йорк (JFK),1
7559,Москва (SVO),Париж (CDG),1
23868,Москва (SVO),Париж (CDG),1
37464,Москва,Санкт-Петербург,1
4407,Paris,Lyon,1
11312,Chicago,Miami,1
45121,Дубай (DXB),Бангкок (BKK),2
30800,Сингапур (SIN),Бали (DPS),1
41711,New York,Los Angeles,1
9995,Дубай (DXB),Бангкок (BKK),1
28937,Токио (HND),Сеул (ICN),1
9009,Краснодар,Сочи,1
28988,London,Edinburgh,1
26322,Париж (CDG),Рим (FCO),1
38625,Екатеринбург,Казань,1
3125,Rome,Milan,1
35528,Париж (CDG),Рим (FCO),1
15516,Стамбул (IST),Афины (ATH),1
6852,New York,Los Angeles,1
23551,Дубай (DXB),Бангкок (BKK),1
26238,Мадрид (MAD),Барселона,1
4727,Токио (HND),Сеул (ICN),1
30622,Дубай (DXB),Бангкок (BKK),1
47452,Мюнхен,Вена,1
13724,Москва,Санкт-Петербург,1
13619,New York,Los Angeles,1
11724,London,Edinburgh,1
6311,Стамбул (IST),Афины (ATH),1
5442,Chicago,Miami,1
11116,New York,Los Angeles,1
39944,Париж (CDG),Рим (FCO),1
48212,Мюнхен,Вена,1
5787,Новосибирск,Горно-Алтайск,1
34580,Chicago,Miami,1
8807,Мадрид (MAD),Барселона,1
35252,Мадрид (MAD),Барселона,1
23577,Paris,Lyon,1
11115,Екатеринбург,Казань,1
48910,New York,Los Angeles,2
14482,Дубай (DXB),Бангкок (BKK),1
32041,Стамбул (IST),Афины (ATH),1
27991,Chicago,Miami,1
31766,New York,Los Angeles,1
38369,Екатеринбург,Казань,1
7918,Новосибирск,Горно-Алтайск,1
22023,New York,Los Angeles,1
9037,New York,Los Angeles,1
43297,Париж (CDG),Рим (FCO),1
40077,Frankfurt,Hamburg,1
31085,Chicago,Miami,1
46303,Новосибирск,Горно-Алтайск,1
5751,Paris,Lyon,1
48254,Екатеринбург,Казань,1
15170,Париж (CDG),Рим (FCO),1
11205,Токио (HND),Сеул (ICN),1
12160,Екатеринбург,Казань,1
9680,Мюнхен,Вена,1
27814,Париж (CDG),Рим (FCO),1
42456,Москва,Санкт-Петербург,1
43571,New York,Los Angeles,1
10149,Берлин (BER),Амстердам (AMS),1
38752,Москва (SVO),Париж (CDG),1
594,Стамбул (IST),Афины (ATH),1
43722,New York,Los Angeles,1
22888,Москва (SVO),Париж (CDG),1
6989,Токио (HND),Сеул (ICN),1
28017,Москва,Санкт-Петербург,1
15227,Токио (HND),Сеул (ICN),1
45821,Paris,Lyon,1
45978,Paris,Lyon,1
45750,Токио (HND),Сеул (ICN),1
22202,Москва (SVO),Париж (CDG),1
17451,London,Edinburgh,1
1103,Берлин (BER),Амстердам (AMS),1
36112,Paris,Lyon,1
8687,Новосибирск,Горно-Алтайск,1
5025,Новосибирск,Горно-Алтайск,1
18970,Москва (SVO),Париж (CDG),1
41921,New York,Los Angeles,1
12028,New York,Los Angeles,1
42002,Париж (CDG),Рим (FCO),1
28578,Сингапур (SIN),Бали (DPS),1
45566,Краснодар,Сочи,1
15545,Мюнхен,Вена,1
38420,Париж (CDG),Рим (FCO),1
43678,Екатеринбург,Казань,1
7676,Paris,Lyon,1
4810,Краснодар,Сочи,1
25473,Rome,Milan,1
3686,Екатеринбург,Казань,1
39440,Токио (HND),Сеул (ICN),1
42553,Токио (HND),Сеул (ICN),1
34435,Сингапур (SIN),Бали (DPS),1
39754,Лондон (LHR),Нью-Йорк (JFK),1
17909,Стамбул (IST),Афины (ATH),1
22099,Сингапур (SIN),Бали (DPS),1
7746,Берлин (BER),Амстердам (AMS),1
27123,London,Edinburgh,1
29738,Дубай (DXB),Бангкок (BKK),1
2465,Краснодар,Сочи,1
43347,Москва,Санкт-Петербург,1
30512,Paris,Lyon,1
12878,Москва (SVO),Париж (CDG),1
15442,New York,Los Angeles,1
44914,Rome,Milan,2
3901,Москва (SVO),Париж (CDG),1
24344,Сингапур (SIN),Бали (DPS),1
32483,Берлин (BER),Амстердам (AMS),1
45015,Лондон (LHR),Нью-Йорк (JFK),1
12641,Москва,Санкт-Петербург,1
22382,Сингапур (SIN),Бали (DPS),1
30712,Стамбул (IST),Афины (ATH),1
26938,Москва (SVO),Париж (CDG),1
22053,Chicago,Miami,1
37698,Токио (HND),Сеул (ICN),1
13056,Новосибирск,Горно-Алтайск,1
10345,Екатеринбург,Казань,1
30416,Chicago,Miami,1
4372,Мюнхен,Вена,1
18307,New York,Los Angeles,2
4067,Берлин (BER),Амстердам (AMS),1
49138,Стамбул (IST),Афины (ATH),1
47539,Екатеринбург,Казань,1
25427,Берлин (BER),Амстердам (AMS),1
13538,Берлин (BER),Амстердам (AMS),1
46784,Екатеринбург,Казань,1
36824,Москва (SVO),Париж (CDG),1
37864,Екатеринбург,Казань,1
8362,Мадрид (MAD),Барселона,2
36558,Токио (HND),Сеул (ICN),1
44777,Москва (SVO),Париж (CDG),1
48275,New York,Los Angeles,1
4383,Сингапур (SIN),Бали (DPS),1
20095,Берлин (BER),Амстердам (AMS),1
46845,Мадрид (MAD),Барселона,1
19128,Лондон (LHR),Нью-Йорк (JFK),2
11086,Paris,Lyon,1
22597,Берлин (BER),Амстердам (AMS),1
30897,Лондон (LHR),Нью-Йорк (JFK),1
16990,Берлин (BER),Амстердам (AMS),1
1927,Сингапур (SIN),Бали (DPS),2
38228,Paris,Lyon,1
17260,Москва (SVO),Париж (CDG),1
32379,Краснодар,Сочи,1
30356,Chicago,Miami,1
48272,Берлин (BER),Амстердам (AMS),1
17306,Стамбул (IST),Афины (ATH),1
47717,Берлин (BER),Амстердам (AMS),1
42620,Москва,Санкт-Петербург,1
26383,Сингапур (SIN),Бали (DPS),1
26850,Paris,Lyon,1
10343,Токио (HND),Сеул (ICN),1
23922,Париж (CDG),Рим (FCO),1
37526,Сингапур (SIN),Бали (DPS),1
17039,New York,Los Angeles,1
42828,Берлин (BER),Амстердам (AMS),1
5597,Краснодар,Сочи,1
26528,Paris,Lyon,1
23183,Париж (CDG),Рим (FCO),1
20463,Дубай (DXB),Бангкок (BKK),1
6214,Стамбул (IST),Афины (ATH),1
29278,Лондон (LHR),Нью-Йорк (JFK),1
18496,Мадрид (MAD),Барселона,1
33931,Мадрид (MAD),Барселона,1
11734,London,Edinburgh,1
32886,Токио (HND),Сеул (ICN),2
41803,New York,Los Angeles,1
8899,Краснодар,Сочи,1
806,Сингапур (SIN),Бали (DPS),1
34760,London,Edinburgh,1
20604,Дубай (DXB),Бангкок (BKK),1
16891,Москва (SVO),Париж (CDG),1
35543,Токио (HND),Сеул (ICN),1
19791,Мадрид (MAD),Барселона,1
38650,Мадрид (MAD),Барселона,1
33251,Paris,Lyon,1
29938,Rome,Milan,1
24512,Rome,Milan,1
27735,Rome,Milan,1
22946,London,Edinburgh,1
22154,Стамбул (IST),Афины (ATH),1
14417,Москва,Санкт-Петербург,1
41127,Мадрид (MAD),Барселона,1
7135,Chicago,Miami,1
49380,Новосибирск,Горно-Алтайск,1
23918,Chicago,Miami,1
40126,Сингапур (SIN),Бали (DPS),1
41710,Лондон (LHR),Нью-Йорк (JFK),1
18629,Токио (HND),Сеул (ICN),1
11441,London,Edinburgh,1
41263,Новосибирск,Горно-Алтайск,1
7405,Краснодар,Сочи,2
17390,Краснодар,Сочи,1
47905,Мадрид (MAD),Барселона,1
18485,Москва,Санкт-Петербург,1
5092,Frankfurt,Hamburg,1
40988,Лондон (LHR),Нью-Йорк (JFK),1
7609,Париж (CDG),Рим (FCO),1
28158,Париж (CDG),Рим (FCO),1
32923,Стамбул (IST),Афины (ATH),1
7551,Екатеринбург,Казань,1
9429,Chicago,Miami,1
26565,Мадрид (MAD),Барселона,1
18519,Москва (SVO),Париж (CDG),1
42554,Москва (SVO),Париж (CDG),1
26374,New York,Los Angeles,1
22270,Москва (SVO),Париж (CDG),1
23091,New York,Los Angeles,1
37866,Москва,Санкт-Петербург,1
20488,New York,Los Angeles,1
2727,Мадрид (MAD),Барселона,1
14375,Берлин (BER),Амстердам (AMS),1
49471,Мадрид (MAD),Барселона,1
13169,Chicago,Miami,1
1922,Rome,Milan,1
21117,Токио (HND),Сеул (ICN),1
43874,Стамбул (IST),Афины (ATH),1
21770,New York,Los Angeles,1
43567,Paris,Lyon,1
47233,London,Edinburgh,2
43695,Frankfurt,Hamburg,1
34884,Мюнхен,Вена,1
39756,Paris,Lyon,2
23309,Стамбул (IST),Афины (ATH),1
204,Париж (CDG),Рим (FCO),1
35322,Лондон (LHR),Нью-Йорк (JFK),1
23105,Париж (CDG),Рим (FCO),1
34889,London,Edinburgh,1
44658,Париж (CDG),Рим (FCO),1
35782,Новосибирск,Горно-Алтайск,1
22917,Екатеринбург,Казань,2
45259,Лондон (LHR),Нью-Йорк (JFK),1
1015,Токио (HND),Сеул (ICN),1
20270,Париж (CDG),Рим (FCO),1
14209,Берлин (BER),Амстердам (AMS),1
17552,London,Edinburgh,1
19520,Москва,Санкт-Петербург,1
11044,Лондон (LHR),Нью-Йорк (JFK),1
46481,Краснодар,Сочи,1
4638,Берлин (BER),Амстердам (AMS),1
25817,Новосибирск,Горно-Алтайск,1
18731,Токио (HND),Сеул (ICN),1
44794,Мюнхен,Вена,1
19726,Мюнхен,Вена,1
5515,Новосибирск,Горно-Алтайск,1
24390,Москва,Санкт-Петербург,1
25139,Новосибирск,Горно-Алтайск,1
23752,Frankfurt,Hamburg,2
43201,Москва,Санкт-Петербург,1
3473,Лондон (LHR),Нью-Йорк (JFK),1
4429,Париж (CDG),Рим (FCO),1
21133,Новосибирск,Горно-Алтайск,1
26171,Дубай (DXB),Бангкок (BKK),1
36148,Paris,Lyon,1
19241,Лондон (LHR),Нью-Йорк (JFK),1
9130,London,Edinburgh,1
7770,Краснодар,Сочи,1
2155,Rome,Milan,1
4201,Стамбул (IST),Афины (ATH),1
10216,Екатеринбург,Казань,1
5970,Екатеринбург,Казань,1
19166,Мюнхен,Вена,1
40201,Мадрид (MAD),Барселона,1
38355,Дубай (DXB),Бангкок (BKK),1
21398,Chicago,Miami,1
14913,Краснодар,Сочи,1
26134,Frankfurt,Hamburg,1
26914,Берлин (BER),Амстердам (AMS),1
15291,Париж (CDG),Рим (FCO),1
14744,Paris,Lyon,1
22461,Екатеринбург,Казань,1
41476,New York,Los Angeles,1
28762,Новосибирск,Горно-Алтайск,1
37338,Дубай (DXB),Бангкок (BKK),1
23547,Париж (CDG),Рим (FCO),1
36287,Москва (SVO),Париж (CDG),2
40666,Краснодар,Сочи,1
5342,New York,Los Angeles,2
40931,Мадрид (MAD),Барселона,1
40328,London,Edinburgh,1
15417,Москва,Санкт-Петербург,1
26926,Дубай (DXB),Бангкок (BKK),1
37192,Москва (SVO),Париж (CDG),1
15340,London,Edinburgh,1
5706,Дубай (DXB),Бангкок (BKK),1
4598,Лондон (LHR),Нью-Йорк (JFK),1
28276,Москва,Санкт-Петербург,1
15978,Paris,Lyon,1
40846,Новосибирск,Горно-Алтайск,1
3158,Сингапур (SIN),Бали (DPS),1
38426,Париж (CDG),Рим (FCO),1
22813,Paris,Lyon,1
26499,Frankfurt,Hamburg,1
41978,Новосибирск,Горно-Алтайск,1
22391,Лондон (LHR),Нью-Йорк (JFK),1
24403,Екатеринбург,Казань,1
12972,Москва,Санкт-Петербург,1
29742,Лондон (LHR),Нью-Йорк (JFK),1
16009,Rome,Milan,1
12988,Сингапур (SIN),Бали (DPS),1
12303,Frankfurt,Hamburg,1
21219,Москва,Санкт-Петербург,1
29407,Rome,Milan,1
27048,Екатеринбург,Казань,1
37188,Chicago,Miami,1
39951,Rome,Milan,1
31016,New York,Los Angeles,1
36870,Москва,Санкт-Петербург,1
25664,Новосибирск,Горно-Алтайск,1
12431,Rome,Milan,1
41938,Мадрид (MAD),Барселона,1
8031,Москва,Санкт-Петербург,1
8157,Лондон (LHR),Нью-Йорк (JFK),2
6197,Frankfurt,Hamburg,1
24561,Москва (SVO),Париж (CDG),1
31887,Краснодар,Сочи,1
37642,Сингапур (SIN),Бали (DPS),1
21138,Новосибирск,Горно-Алтайск,1
10818,Стамбул (IST),Афины (ATH),2
40984,Chicago,Miami,1
7229,Дубай (DXB),Бангкок (BKK),1
925,Мадрид (MAD),Барселона,1
1146,Париж (CDG),Рим (FCO),1
39571,Екатеринбург,Казань,1
19651,Москва (SVO),Париж (CDG),1
22877,Новосибирск,Горно-Алтайск,1
20428,Мюнхен,Вена,1
41629,Токио (HND),Сеул (ICN),1
16582,Стамбул (IST),Афины (ATH),1
43970,Краснодар,Сочи,1
10560,Париж (CDG),Рим (FCO),1
17470,Токио (HND),Сеул (ICN),1
19888,Москва (SVO),Париж (CDG),1
5477,Frankfurt,Hamburg,1
18663,Дубай (DXB),Бангкок (BKK),1
22724,Новосибирск,Горно-Алтайск,1
30673,Москва (SVO),Париж (CDG),2
20521,Париж (CDG),Рим (FCO),1
24717,Лондон (LHR),Нью-Йорк (JFK),1
21951,Новосибирск,Горно-Алтайск,1
48149,Rome,Milan,1
37791,Frankfurt,Hamburg,1
14277,Екатеринбург,Казань,1
24760,Мадрид (MAD),Барселона,1
19506,Токио (HND),Сеул (ICN),1
7752,Paris,Lyon,1
27790,Москва,Санкт-Петербург,1
34749,Дубай (DXB),Бангкок (BKK),1
29772,Дубай (DXB),Бангкок (BKK),1
46332,New York,Los Angeles,1
31965,Мадрид (MAD),Барселона,1
4814,New York,Los Angeles,1
357,New York,Los Angeles,1
5943,Москва (SVO),Париж (CDG),1
13078,Краснодар,Сочи,1
5990,Стамбул (IST),Афины (ATH),1
29371,Краснодар,Сочи,1
16212,Краснодар,Сочи,1
30567,Екатеринбург,Казань,2
29726,Екатеринбург,Казань,1
24980,Лондон (LHR),Нью-Йорк (JFK),1
8800,Chicago,Miami,1
43193,Стамбул (IST),Афины (ATH),1
32455,Paris,Lyon,1
17077,Chicago,Miami,1
5039,New York,Los Angeles,1
38434,Лондон (LHR),Нью-Йорк (JFK),1
37237,Frankfurt,Hamburg,1
3762,Новосибирск,Горно-Алтайск,1
26685,London,Edinburgh,1
30696,Дубай (DXB),Бангкок (BKK),1
32614,Москва (SVO),Париж (CDG),1
32139,Москва,Санкт-Петербург,1
45174,Берлин (BER),Амстердам (AMS),1
44354,London,Edinburgh,1
42200,Новосибирск,Горно-Алтайск,1
18336,New York,Los Angeles,1
25849,New York,Los Angeles,1
27599,Paris,Lyon,1
27635,Paris,Lyon,1
14257,New York,Los Angeles,1
45874,Paris,Lyon,1
13051,Токио (HND),Сеул (ICN),1
16842,Берлин (BER),Амстердам (AMS),1
8480,Мюнхен,Вена,1
2833,Дубай (DXB),Бангкок (BKK),1
12983,Краснодар,Сочи,1
43880,London,Edinburgh,1
2525,New York,Los Angeles,1
44293,Сингапур (SIN),Бали (DPS),1
40119,Paris,Lyon,1
26383,Мюнхен,Вена,2
34304,Стамбул (IST),Афины (ATH),1
24841,Сингапур (SIN),Бали (DPS),1
25763,Rome,Milan,1
17841,Париж (CDG),Рим (FCO),1
4118,Мадрид (MAD),Барселона,1
1380,Краснодар,Сочи,1
19306,Chicago,Miami,1
25716,Москва,Санкт-Петербург,1
15855,Новосибирск,Горно-Алтайск,2
32916,Мадрид (MAD),Барселона,1
34296,Берлин (BER),Амстердам (AMS),1
5559,New York,Los Angeles,1
35236,Берлин (BER),Амстердам (AMS),2
12340,Paris,Lyon,1
18206,Москва,Санкт-Петербург,1
20792,Paris,Lyon,1
20506,Берлин (BER),Амстердам (AMS),1
6103,Стамбул (IST),Афины (ATH),1
35705,Токио (HND),Сеул (ICN),1
3044,Мюнхен,Вена,1
46362,London,Edinburgh,1
22999,Мадрид (MAD),Барселона,1
2287,Frankfurt,Hamburg,1
37743,Париж (CDG),Рим (FCO),1
7496,Мюнхен,Вена,1
10270,Берлин (BER),Амстердам (AMS),1
5797,Стамбул (IST),Афины (ATH),1
42462,Chicago,Miami,1
20154,London,Edinburgh,1
32535,Frankfurt,Hamburg,1
16218,New York,Los Angeles,1
47929,Москва (SVO),Париж (CDG),1
2263,New York,Los Angeles,1
2660,Сингапур (SIN),Бали (DPS),1
39381,Дубай (DXB),Бангкок (BKK),2
33583,Париж (CDG),Рим (FCO),1
21773,New York,Los Angeles,1
26051,Екатеринбург,Казань,1
43843,Chicago,Miami,1
2766,Екатеринбург,Казань,2
11042,Новосибирск,Горно-Алтайск,1
45672,Краснодар,Сочи,1
13135,Frankfurt,Hamburg,1
21748,New York,Los Angeles,1
46606,London,Edinburgh,1
32243,Лондон (LHR),Нью-Йорк (JFK),1
19803,Новосибирск,Горно-Алтайск,1
2452,London,Edinburgh,1
45116,Москва,Санкт-Петербург,1
17085,Москва,Санкт-Петербург,1
10238,Новосибирск,Горно-Алтайск,1
22144,Rome,Milan,1
42764,Лондон (LHR),Нью-Йорк (JFK),1
45486,Париж (CDG),Рим (FCO),1
20183,Стамбул (IST),Афины (ATH),1
4289,Москва,Санкт-Петербург,1
32253,Токио (HND),Сеул (ICN),1
15147,London,Edinburgh,1
19571,Paris,Lyon,1
40731,Париж (CDG),Рим (FCO),1
6191,Новосибирск,Горно-Алтайск,2
32923,Екатеринбург,Казань,2
23,Москва,Санкт-Петербург,1
48441,Москва,Санкт-Петербург,1
619,Chicago,Miami,1
25436,Берлин (BER),Амстердам (AMS),1
40698,Москва (SVO),Париж (CDG),1
28216,Краснодар,Сочи,1
19208,Берлин (BER),Амстердам (AMS),1
3708,Paris,Lyon,1
8537,London,Edinburgh,1
19558,Москва,Санкт-Петербург,1
18386,Лондон (LHR),Нью-Йорк (JFK),1
34150,Москва,Санкт-Петербург,1
9004,Сингапур (SIN),Бали (DPS),1
18659,Paris,Lyon,1
23550,Стамбул (IST),Афины (ATH),1
14682,Rome,Milan,1
47225,Токио (HND),Сеул (ICN),1
28406,Екатеринбург,Казань,1
44329,Екатеринбург,Казань,1
20625,Стамбул (IST),Афины (ATH),1
23194,Дубай (DXB),Бангкок (BKK),1
8645,Chicago,Miami,1
42527,Москва (SVO),Париж (CDG),1
7538,Новосибирск,Горно-Алтайск,1
45404,Мадрид (MAD),Барселона,1
34429,Frankfurt,Hamburg,1
35005,Стамбул (IST),Афины (ATH),1
4161,New York,Los Angeles,1
4642,Берлин (BER),Амстердам (AMS),1
7873,Сингапур (SIN),Бали (DPS),1
47149,Берлин (BER),Амстердам (AMS),1
32108,Frankfurt,Hamburg,1
41965,Paris,Lyon,1
17256,Москва (SVO),Париж (CDG),1
44992,Мадрид (MAD),Барселона,1
5739,London,Edinburgh,1
4569,Paris,Lyon,1
34177,Париж (CDG),Рим (FCO),1
37788,Лондон (LHR),Нью-Йорк (JFK),1
22166,Сингапур (SIN),Бали (DPS),1
22198,Мадрид (MAD),Барселона,1
41801,Мадрид (MAD),Барселона,1
27611,New York,Los Angeles,1
33091,Мадрид (MAD),Барселона,1
12657,Лондон (LHR),Нью-Йорк (JFK),1
38831,Лондон (LHR),Нью-Йорк (JFK),1
18193,Краснодар,Сочи,1
41049,Москва,Санкт-Петербург,1
23227,Мюнхен,Вена,1
42146,Мюнхен,Вена,1
10209,Екатеринбург,Казань,1
10929,New York,Los Angeles,1
19533,Лондон (LHR),Нью-Йорк (JFK),1
1751,Париж (CDG),Рим (FCO),1
6773,Paris,Lyon,1
18289,Москва (SVO),Париж (CDG),1
42744,Лондон (LHR),Нью-Йорк (JFK),1
14361,Лондон (LHR),Нью-Йорк (JFK),1
22881,Дубай (DXB),Бангкок (BKK),1
5181,Берлин (BER),Амстердам (AMS),1
8934,Краснодар,Сочи,1
29282,Дубай (DXB),Бангкок (BKK),1
47,Rome,Milan,1
19839,Дубай (DXB),Бангкок (BKK),1
34120,Москва (SVO),Париж (CDG),1
34065,Мадрид (MAD),Барселона,2
1991,Rome,Milan,1
33170,London,Edinburgh,1
32793,Краснодар,Сочи,1
31150,Токио (HND),Сеул (ICN),1
4021,New York,Los Angeles,1
258,Мюнхен,Вена,2
31154,Дубай (DXB),Бангкок (BKK),1
19462,Лондон (LHR),Нью-Йорк (JFK),1
31642,Екатеринбург,Казань,1
24517,Сингапур (SIN),Бали (DPS),1
25575,Лондон (LHR),Нью-Йорк (JFK),1
27836,New York,Los Angeles,1
43436,Екатеринбург,Казань,1
31743,Лондон (LHR),Нью-Йорк (JFK),1
11341,Лондон (LHR),Нью-Йорк (JFK),1
25658,Токио (HND),Сеул (ICN),1
39760,Москва,Санкт-Петербург,1
13967,Дубай (DXB),Бангкок (BKK),1
22276,Rome,Milan,1
10493,Новосибирск,Горно-Алтайск,1
5194,Стамбул (IST),Афины (ATH),1
9423,London,Edinburgh,1
6426,Сингапур (SIN),Бали (DPS),1
12910,Стамбул (IST),Афины (ATH),1
26518,Берлин (BER),Амстердам (AMS),1
4604,Rome,Milan,1
28577,Лондон (LHR),Нью-Йорк (JFK),1
23878,Москва,Санкт-Петербург,1
39876,Chicago,Miami,1
8918,Берлин (BER),Амстердам (AMS),1
49651,Краснодар,Сочи,1
44375,Мюнхен,Вена,1
26332,Дубай (DXB),Бангкок (BKK),1
10689,Сингапур (SIN),Бали (DPS),1
34774,New York,Los Angeles,1
2492,London,Edinburgh,1
16512,Chicago,Miami,1
7500,Мюнхен,Вена,1
20124,Мадрид (MAD),Барселона,1
39382,Chicago,Miami,1
13962,Париж (CDG),Рим (FCO),1
34479,Париж (CDG),Рим (FCO),1
30603,Лондон (LHR),Нью-Йорк (JFK),1
25114,Москва,Санкт-Петербург,1
48406,Париж (CDG),Рим (FCO),1
46999,Берлин (BER),Амстердам (AMS),1
42686,Москва (SVO),Париж (CDG),1
24780,Paris,Lyon,1
42207,Rome,Milan,1
22597,Новосибирск,Горно-Алтайск,2
4086,Екатеринбург,Казань,1
17153,London,Edinburgh,1
20228,Мадрид (MAD),Барселона,1
33608,Краснодар,Сочи,1
25820,Chicago,Miami,1
29231,Москва (SVO),Париж (CDG),1
21701,Краснодар,Сочи,1
8975,Chicago,Miami,1
38038,Екатеринбург,Казань,1
1579,Париж (CDG),Рим (FCO),1
26450,Новосибирск,Горно-Алтайск,1
21383,Мюнхен,Вена,1
16465,Москва (SVO),Париж (CDG),1
7093,Краснодар,Сочи,1
1454,Краснодар,Сочи,1
13667,Краснодар,Сочи,1
36759,Париж (CDG),Рим (FCO),1
36838,Берлин (BER),Амстердам (AMS),1
2392,Краснодар,Сочи,1
44867,Rome,Milan,1
37183,London,Edinburgh,1
34105,Токио (HND),Сеул (ICN),1
37341,Стамбул (IST),Афины (ATH),1
29930,Токио (HND),Сеул (ICN),1
5032,Париж (CDG),Рим (FCO),1
35319,Мадрид (MAD),Барселона,1
11934,Москва,Санкт-Петербург,1
48559,Краснодар,Сочи,1
44282,New York,Los Angeles,2
25189,Берлин (BER),Амстердам (AMS),1
48876,Лондон (LHR),Нью-Йорк (JFK),1
8380,Стамбул (IST),Афины (ATH),1
11727,Краснодар,Сочи,1
27012,Paris,Lyon,1
38886,Frankfurt,Hamburg,1
263,London,Edinburgh,1
38742,Мадрид (MAD),Барселона,1
9052,Rome,Milan,1
32178,Мадрид (MAD),Барселона,1
9403,Paris,Lyon,1
45254,Париж (CDG),Рим (FCO),1
34684,Краснодар,Сочи,1
7156,Сингапур (SIN),Бали (DPS),2
38947,New York,Los Angeles,1
41035,Сингапур (SIN),Бали (DPS),1
31281,Москва (SVO),Париж (CDG),1
3708,Лондон (LHR),Нью-Йорк (JFK),2
42892,Краснодар,Сочи,1
3621,Стамбул (IST),Афины (ATH),1
2873,Мадрид (MAD),Барселона,1
18993,London,Edinburgh,1
46316,Лондон (LHR),Нью-Йорк (JFK),1
29928,Париж (CDG),Рим (FCO),1
28855,Мадрид (MAD),Барселона,1
18174,London,Edinburgh,1
25257,New York,Los Angeles,1
4711,Новосибирск,Горно-Алтайск,1
3794,London,Edinburgh,1
17575,New York,Los Angeles,1
903,Лондон (LHR),Нью-Йорк (JFK),1
9557,Rome,Milan,1
43537,Сингапур (SIN),Бали (DPS),1
42111,Москва (SVO),Париж (CDG),1
45234,Frankfurt,Hamburg,1
5894,Мюнхен,Вена,1
21450,Сингапур (SIN),Бали (DPS),1
35615,Chicago,Miami,1
42755,Новосибирск,Горно-Алтайск,2
7852,Стамбул (IST),Афины (ATH),1
26400,Москва,Санкт-Петербург,1
14556,Стамбул (IST),Афины (ATH),2
40650,Frankfurt,Hamburg,1
34485,New York,Los Angeles,1
47129,Мюнхен,Вена,1
11715,Paris,Lyon,1
47563,Стамбул (IST),Афины (ATH),1
16714,Токио (HND),Сеул (ICN),1
34771,Москва,Санкт-Петербург,1
48057,Екатеринбург,Казань,1
30934,Москва,Санкт-Петербург,1
5276,London,Edinburgh,1
6640,New York,Los Angeles,1
22409,Frankfurt,Hamburg,1
22510,Москва,Санкт-Петербург,1
43497,Новосибирск,Горно-Алтайск,1
20295,London,Edinburgh,1
46379,Берлин (BER),Амстердам (AMS),2
36977,Екатеринбург,Казань,1
25050,Краснодар,Сочи,1
43403,Paris,Lyon,1
11314,Париж (CDG),Рим (FCO),1
39592,Paris,Lyon,1
17803,Токио (HND),Сеул (ICN),1
17766,Берлин (BER),Амстердам (AMS),1
35993,Frankfurt,Hamburg,1
27637,Стамбул (IST),Афины (ATH),1
17675,Rome,Milan,1
21562,Краснодар,Сочи,1
30302,Краснодар,Сочи,1
10896,Сингапур (SIN),Бали (DPS),1
17096,Екатеринбург,Казань,1
29888,Лондон (LHR),Нью-Йорк (JFK),1
18087,Frankfurt,Hamburg,1
35964,Мадрид (MAD),Барселона,1
17601,Мюнхен,Вена,1
46701,Краснодар,Сочи,1
27694,Краснодар,Сочи,1
24324,Сингапур (SIN),Бали (DPS),1
43266,Мадрид (MAD),Барселона,1
24761,Екатеринбург,Казань,1
33326,Москва,Санкт-Петербург,1
17746,Мадрид (MAD),Барселона,1
32481,Сингапур (SIN),Бали (DPS),1
5154,Москва,Санкт-Петербург,2
9179,Rome,Milan,1
33812,Краснодар,Сочи,1
43386,Москва,Санкт-Петербург,1
7885,Токио (HND),Сеул (ICN),1
32504,Chicago,Miami,1
47282,Москва (SVO),Париж (CDG),2
40284,Мюнхен,Вена,1
3781,Rome,Milan,1
4760,New York,Los Angeles,1
24143,New York,Los Angeles,2
7740,Сингапур (SIN),Бали (DPS),1
32151,Краснодар,Сочи,1
48588,Токио (HND),Сеул (ICN),1
17224,Paris,Lyon,1
14675,Мадрид (MAD),Барселона,1
31424,Мадрид (MAD),Барселона,1
32903,Краснодар,Сочи,1
7741,Париж (CDG),Рим (FCO),1
650,Мадрид (MAD),Барселона,1
18458,Берлин (BER),Амстердам (AMS),1
46439,Лондон (LHR),Нью-Йорк (JFK),1
29538,Париж (CDG),Рим (FCO),1
3532,Стамбул (IST),Афины (ATH),1
46409,Frankfurt,Hamburg,1
30471,New York,Los Angeles,1
26327,Париж (CDG),Рим (FCO),1
2616,Frankfurt,Hamburg,1
38688,Екатеринбург,Казань,1
49184,Москва,Санкт-Петербург,1
22870,Москва,Санкт-Петербург,1
18529,Мюнхен,Вена,1
36678,Москва (SVO),Париж (CDG),1
27591,Токио (HND),Сеул (ICN),1
40577,Мадрид (MAD),Барселона,1
39991,Дубай (DXB),Бангкок (BKK),1
46244,Екатеринбург,Казань,1
8765,Москва (SVO),Париж (CDG),1
49402,Новосибирск,Горно-Алтайск,1
39783,Екатеринбург,Казань,1
22749,Берлин (BER),Амстердам (AMS),1
18999,Chicago,Miami,1
25861,Rome,Milan,1
18795,Новосибирск,Горно-Алтайск,1
9207,Токио (HND),Сеул (ICN),1
36428,Берлин (BER),Амстердам (AMS),1
8085,Мюнхен,Вена,1
30432,London,Edinburgh,1
41768,Краснодар,Сочи,1
27467,Берлин (BER),Амстердам (AMS),1
6684,Стамбул (IST),Афины (ATH),1
38324,Paris,Lyon,1
16211,Париж (CDG),Рим (FCO),1
3842,Краснодар,Сочи,1
31941,Москва,Санкт-Петербург,1
6926,Chicago,Miami,1
12304,Берлин (BER),Амстердам (AMS),1
20053,Париж (CDG),Рим (FCO),1
8809,Стамбул (IST),Афины (ATH),1
31582,Новосибирск,Горно-Алтайск,2
7319,Токио (HND),Сеул (ICN),1
5847,Москва (SVO),Париж (CDG),1
17661,Дубай (DXB),Бангкок (BKK),1
5548,Париж (CDG),Рим (FCO),1
15097,Chicago,Miami,1
29154,Москва (SVO),Париж (CDG),1
10097,Краснодар,Сочи,1
14182,London,Edinburgh,1
19487,London,Edinburgh,1
42137,Дубай (DXB),Бангкок (BKK),2
47051,Токио (HND),Сеул (ICN),1
25162,Краснодар,Сочи,1
30481,Стамбул (IST),Афины (ATH),1
7875,Новосибирск,Горно-Алтайск,1
25796,Москва,Санкт-Петербург,1
18407,Москва,Санкт-Петербург,1
21901,Париж (CDG),Рим (FCO),1
32474,Париж (CDG),Рим (FCO),2
2557,Москва,Санкт-Петербург,1
46448,Краснодар,Сочи,1
44252,Стамбул (IST),Афины (ATH),1
3686,Мадрид (MAD),Барселона,2
26893,Лондон (LHR),Нью-Йорк (JFK),1
7160,Москва,Санкт-Петербург,1
23866,Мюнхен,Вена,1
47560,Париж (CDG),Рим (FCO),1
446,New York,Los Angeles,1
35986,London,Edinburgh,2
8167,Париж (CDG),Рим (FCO),1
7288,Сингапур (SIN),Бали (DPS),1
7585,Сингапур (SIN),Бали (DPS),1
9546,Токио (HND),Сеул (ICN),1
21052,Paris,Lyon,1
44535,Москва,Санкт-Петербург,1
4201,Мюнхен,Вена,2
7721,Новосибирск,Горно-Алтайск,1
23311,Париж (CDG),Рим (FCO),1
49194,Стамбул (IST),Афины (ATH),1
31789,Дубай (DXB),Бангкок (BKK),1
16313,Дубай (DXB),Бангкок (BKK),1
1981,Rome,Milan,1
17443,London,Edinburgh,1
36136,Париж (CDG),Рим (FCO),1
22030,Париж (CDG),Рим (FCO),1
24933,Екатеринбург,Казань,1
2514,Стамбул (IST),Афины (ATH),1
7965,Дубай (DXB),Бангкок (BKK),1
42830,Paris,Lyon,1
11096,London,Edinburgh,1
24760,Мюнхен,Вена,2
18214,Мадрид (MAD),Барселона,1
27715,Краснодар,Сочи,1
13087,Москва,Санкт-Петербург,1
31946,London,Edinburgh,1
3048,Стамбул (IST),Афины (ATH),1
32140,Екатеринбург,Казань,1
29434,Дубай (DXB),Бангкок (BKK),1
10811,Сингапур (SIN),Бали (DPS),1
43028,Мюнхен,Вена,1
15292,New York,Los Angeles,1
12858,Москва (SVO),Париж (CDG),1
19465,Париж (CDG),Рим (FCO),2
15337,Дубай (DXB),Бангкок (BKK),1
27877,Сингапур (SIN),Бали (DPS),1
18317,Сингапур (SIN),Бали (DPS),1
1003,Paris,Lyon,1
4261,Париж (CDG),Рим (FCO),1
22529,Екатеринбург,Казань,1
550,Екатеринбург,Казань,1
18836,Москва (SVO),Париж (CDG),1
25164,Берлин (BER),Амстердам (AMS),1
14509,Париж (CDG),Рим (FCO),1
5246,Сингапур (SIN),Бали (DPS),1
10965,Мадрид (MAD),Барселона,1
19952,Берлин (BER),Амстердам (AMS),2
12241,Дубай (DXB),Бангкок (BKK),1
25179,Chicago,Miami,1
7823,Мюнхен,Вена,1
27609,Стамбул (IST),Афины (ATH),1
26316,Москва (SVO),Париж (CDG),1
30083,Париж (CDG),Рим (FCO),2
10005,Краснодар,Сочи,1
19592,Москва,Санкт-Петербург,1
29032,Paris,Lyon,1
20369,Frankfurt,Hamburg,1
33300,Москва (SVO),Париж (CDG),1
2880,Москва (SVO),Париж (CDG),1
35805,New York,Los Angeles,1
7634,Екатеринбург,Казань,1
3491,Rome,Milan,1
44285,Frankfurt,Hamburg,1
22669,Стамбул (IST),Афины (ATH),1
9915,Сингапур (SIN),Бали (DPS),1
18665,New York,Los Angeles,1
31761,Chicago,Miami,1
35399,Берлин (BER),Амстердам (AMS),1
34680,Мадрид (MAD),Барселона,1
36531,Сингапур (SIN),Бали (DPS),1
40810,Rome,Milan,1
8534,Новосибирск,Горно-Алтайск,1
17539,Frankfurt,Hamburg,1
16777,Дубай (DXB),Бангкок (BKK),1
31816,Стамбул (IST),Афины (ATH),1
4596,Краснодар,Сочи,1
34420,Дубай (DXB),Бангкок (BKK),1
36470,Chicago,Miami,1
31569,Берлин (BER),Амстердам (AMS),1
11658,Лондон (LHR),Нью-Йорк (JFK),1
23304,Москва (SVO),Париж (CDG),1
2151,Москва,Санкт-Петербург,1
15256,Лондон (LHR),Нью-Йорк (JFK),1
18738,Новосибирск,Горно-Алтайск,1
10809,Paris,Lyon,1
48863,Rome,Milan,1
1617,Москва,Санкт-Петербург,1
44280,Сингапур (SIN),Бали (DPS),1
42065,Мюнхен,Вена,1
41650,New York,Los Angeles,1
39723,Мадрид (MAD),Барселона,1
37976,Берлин (BER),Амстердам (AMS),1
48143,Токио (HND),Сеул (ICN),1
35219,London,Edinburgh,1
20952,Rome,Milan,1
20226,Москва,Санкт-Петербург,1
35246,Сингапур (SIN),Бали (DPS),1
22272,Мадрид (MAD),Барселона,1
45829,New York,Los Angeles,1
24765,Париж (CDG),Рим (FCO),1
19826,London,Edinburgh,1
27590,Париж (CDG),Рим (FCO),1
16617,Paris,Lyon,1
18594,Екатеринбург,Казань,1
45803,Токио (HND),Сеул (ICN),1
40512,Екатеринбург,Казань,1
10671,Париж (CDG),Рим (FCO),1
1806,Берлин (BER),Амстердам (AMS),1
12217,Chicago,Miami,1
14202,Новосибирск,Горно-Алтайск,1
28009,Париж (CDG),Рим (FCO),1
47218,Париж (CDG),Рим (FCO),1
11271,Новосибирск,Горно-Алтайск,1
11194,Rome,Milan,1
40215,Лондон (LHR),Нью-Йорк (JFK),1
29787,London,Edinburgh,1
30245,Париж (CDG),Рим (FCO),1
29269,London,Edinburgh,1
21489,Екатеринбург,Казань,1
36332,Сингапур (SIN),Бали (DPS),1
33664,Дубай (DXB),Бангкок (BKK),1
48681,Paris,Lyon,1
4088,Мадрид (MAD),Барселона,1
37425,London,Edinburgh,1
362,Екатеринбург,Казань,1
14846,Сингапур (SIN),Бали (DPS),1
39534,Москва,Санкт-Петербург,2
16625,Москва (SVO),Париж (CDG),1
6718,Стамбул (IST),Афины (ATH),1
27554,New York,Los Angeles,1
4530,Rome,Milan,1
37535,Сингапур (SIN),Бали (DPS),1
11242,New York,Los Angeles,1
23070,Париж (CDG),Рим (FCO),1
26806,Лондон (LHR),Нью-Йорк (JFK),1
11237,Берлин (BER),Амстердам (AMS),1
8124,Париж (CDG),Рим (FCO),1
16993,Chicago,Miami,1
38203,Chicago,Miami,1
30617,Лондон (LHR),Нью-Йорк (JFK),1
36722,Екатеринбург,Казань,1
49379,Paris,Lyon,1
48271,Екатеринбург,Казань,1
42265,Лондон (LHR),Нью-Йорк (JFK),1
47958,Стамбул (IST),Афины (ATH),1
11210,New York,Los Angeles,1
14800,Новосибирск,Горно-Алтайск,1
37667,Лондон (LHR),Нью-Йорк (JFK),1
21546,Токио (HND),Сеул (ICN),1
25084,New York,Los Angeles,1
27778,Краснодар,Сочи,1
17512,New York,Los Angeles,1
20854,Краснодар,Сочи,1
29855,Стамбул (IST),Афины (ATH),1
14108,Екатеринбург,Казань,1
12342,Краснодар,Сочи,1
47864,Москва (SVO),Париж (CDG),1
23997,Москва (SVO),Париж (CDG),1
22614,Токио (HND),Сеул (ICN),2
49148,Rome,Milan,1
12566,Chicago,Miami,1
4448,Париж (CDG),Рим (FCO),1
7059,Москва,Санкт-Петербург,1
46022,Дубай (DXB),Бангкок (BKK),2
28690,Paris,Lyon,1
41108,Новосибирск,Горно-Алтайск,1
7240,Сингапур (SIN),Бали (DPS),1
46281,Москва (SVO),Париж (CDG),1
26510,Стамбул (IST),Афины (ATH),1
22153,Москва (SVO),Париж (CDG),1
9972,Сингапур (SIN),Бали (DPS),1
26077,Париж (CDG),Рим (FCO),1
35674,Rome,Milan,1
38160,Краснодар,Сочи,1
18788,Стамбул (IST),Афины (ATH),1
49155,Москва,Санкт-Петербург,1
42476,Москва (SVO),Париж (CDG),1
5070,Chicago,Miami,1
28096,Мадрид (MAD),Барселона,1
5950,Сингапур (SIN),Бали (DPS),1
26835,Стамбул (IST),Афины (ATH),1
4164,Краснодар,Сочи,1
12183,Токио (HND),Сеул (ICN),1
41618,Берлин (BER),Амстердам (AMS),1
5857,Москва,Санкт-Петербург,1
29644,Chicago,Miami,1
23382,New York,Los Angeles,1
31092,Москва (SVO),Париж (CDG),1
41060,Париж (CDG),Рим (FCO),2
34888,Мадрид (MAD),Барселона,1
1684,Мюнхен,Вена,1
49288,Rome,Milan,1
49850,Мадрид (MAD),Барселона,1
37406,Токио (HND),Сеул (ICN),2
45,Берлин (BER),Амстердам (AMS),1
26923,Берлин (BER),Амстердам (AMS),1
31434,Париж (CDG),Рим (FCO),1
38599,London,Edinburgh,1
29512,Мюнхен,Вена,1
30564,Новосибирск,Горно-Алтайск,1
39364,New York,Los Angeles,1
38402,London,Edinburgh,1
9267,Дубай (DXB),Бангкок (BKK),1
18055,Токио (HND),Сеул (ICN),1
4207,Мюнхен,Вена,1
38331,Краснодар,Сочи,1
83,Rome,Milan,1
6529,Париж (CDG),Рим (FCO),1
14258,Frankfurt,Hamburg,1
15668,Frankfurt,Hamburg,1
13974,Париж (CDG),Рим (FCO),1
43170,Chicago,Miami,1
44851,Frankfurt,Hamburg,1
40818,New York,Los Angeles,1
21395,Париж (CDG),Рим (FCO),1
10220,Москва (SVO),Париж (CDG),1
39804,Москва (SVO),Париж (CDG),2
7320,Москва,Санкт-Петербург,1
25788,Мадрид (MAD),Барселона,1
1264,Дубай (DXB),Бангкок (BKK),1
36742,Frankfurt,Hamburg,1
21088,Лондон (LHR),Нью-Йорк (JFK),1
48121,Краснодар,Сочи,1
31999,Мадрид (MAD),Барселона,1
15114,London,Edinburgh,1
10943,Rome,Milan,1
46062,Токио (HND),Сеул (ICN),1
8043,Сингапур (SIN),Бали (DPS),1
47922,Париж (CDG),Рим (FCO),1
9436,Токио (HND),Сеул (ICN),1
30988,Сингапур (SIN),Бали (DPS),1
48117,Chicago,Miami,1
34873,Paris,Lyon,1
29757,Мюнхен,Вена,1
22785,Краснодар,Сочи,1
27482,Мюнхен,Вена,2
10108,Мадрид (MAD),Барселона,1
28320,Frankfurt,Hamburg,1
9532,London,Edinburgh,1
42539,New York,Los Angeles,1
45789,Лондон (LHR),Нью-Йорк (JFK),1
43558,Краснодар,Сочи,1
35443,Лондон (LHR),Нью-Йорк (JFK),1
3125,Frankfurt,Hamburg,2
24565,Paris,Lyon,1
27105,New York,Los Angeles,1
27194,Paris,Lyon,1
34403,Мюнхен,Вена,1
8293,London,Edinburgh,2
44486,Лондон (LHR),Нью-Йорк (JFK),1
36595,Стамбул (IST),Афины (ATH),1
32478,Токио (HND),Сеул (ICN),1
40370,Chicago,Miami,1
23879,Сингапур (SIN),Бали (DPS),1
533,Париж (CDG),Рим (FCO),1
41440,Краснодар,Сочи,1
35446,Мадрид (MAD),Барселона,1
39555,Мюнхен,Вена,1
34486,Новосибирск,Горно-Алтайск,1
43412,Дубай (DXB),Бангкок (BKK),1
32901,Мюнхен,Вена,1
40769,Екатеринбург,Казань,1
16611,Париж (CDG),Рим (FCO),1
3973,Москва (SVO),Париж (CDG),1
11679,Paris,Lyon,1
42929,Стамбул (IST),Афины (ATH),1
18353,Сингапур (SIN),Бали (DPS),1
44663,London,Edinburgh,1
37433,Новосибирск,Горно-Алтайск,1
29154,Москва,Санкт-Петербург,2
4130,Chicago,Miami,1
16593,Москва (SVO),Париж (CDG),1
18751,Москва,Санкт-Петербург,1
42315,Екатеринбург,Казань,1
18873,Краснодар,Сочи,1
12047,Новосибирск,Горно-Алтайск,1
44428,Frankfurt,Hamburg,1
27676,Лондон (LHR),Нью-Йорк (JFK),2
46942,Берлин (BER),Амстердам (AMS),1
15219,Дубай (DXB),Бангкок (BKK),1
2830,Paris,Lyon,3
26357,Токио (HND),Сеул (ICN),1
850,Frankfurt,Hamburg,1
47323,Chicago,Miami,1
40464,Мюнхен,Вена,1
14368,Екатеринбург,Казань,1
41564,Rome,Milan,1
20622,New York,Los Angeles,1
1628,Frankfurt,Hamburg,1
43502,Краснодар,Сочи,1
44064,Стамбул (IST),Афины (ATH),1
34477,Париж (CDG),Рим (FCO),1
25014,Екатеринбург,Казань,1
22137,Новосибирск,Горно-Алтайск,1
35531,London,Edinburgh,1
8170,Сингапур (SIN),Бали (DPS),1
15188,Москва,Санкт-Петербург,1
10052,Берлин (BER),Амстердам (AMS),1
4459,Chicago,Miami,1
31281,Мадрид (MAD),Барселона,2
7501,Дубай (DXB),Бангкок (BKK),1
20143,Лондон (LHR),Нью-Йорк (JFK),1
31693,Берлин (BER),Амстердам (AMS),1
37719,Москва,Санкт-Петербург,1
46517,Стамбул (IST),Афины (ATH),1
10756,Лондон (LHR),Нью-Йорк (JFK),1
24285,Rome,Milan,1
2954,Frankfurt,Hamburg,1
1797,Берлин (BER),Амстердам (AMS),1
25412,Мюнхен,Вена,1
12749,Новосибирск,Горно-Алтайск,1
38014,Paris,Lyon,1
40974,Новосибирск,Горно-Алтайск,1
4047,Chicago,Miami,1
23943,Paris,Lyon,1
4070,Мадрид (MAD),Барселона,1
26625,Мюнхен,Вена,1
9403,Москва,Санкт-Петербург,2
49894,Дубай (DXB),Бангкок (BKK),1
17201,Берлин (BER),Амстердам (AMS),1
35453,Дубай (DXB),Бангкок (BKK),1
37533,Токио (HND),Сеул (ICN),1
7223,Мадрид (MAD),Барселона,1
20897,Chicago,Miami,1
12622,Стамбул (IST),Афины (ATH),1
14735,Стамбул (IST),Афины (ATH),1
18075,Frankfurt,Hamburg,1
28439,Москва,Санкт-Петербург,1
16358,Москва (SVO),Париж (CDG),1
18554,Екатеринбург,Казань,2
15113,Frankfurt,Hamburg,1
42487,Лондон (LHR),Нью-Йорк (JFK),1
30147,Москва,Санкт-Петербург,1
15519,Мюнхен,Вена,1
4267,Токио (HND),Сеул (ICN),1
46927,Мадрид (MAD),Барселона,1
23820,Москва (SVO),Париж (CDG),1
49192,Chicago,Miami,1
19633,Екатеринбург,Казань,1
32368,Мюнхен,Вена,1
32399,Краснодар,Сочи,1
35901,Екатеринбург,Казань,1
41734,Paris,Lyon,1
7389,Frankfurt,Hamburg,1
33255,Мюнхен,Вена,1
6279,Chicago,Miami,1
5320,Дубай (DXB),Бангкок (BKK),1
22073,Дубай (DXB),Бангкок (BKK),1
36827,Дубай (DXB),Бангкок (BKK),1
13774,Chicago,Miami,1
48090,Paris,Lyon,1
45705,Москва (SVO),Париж (CDG),1
35745,Токио (HND),Сеул (ICN),1
9590,Мадрид (MAD),Барселона,1
32199,Париж (CDG),Рим (FCO),1
27148,Екатеринбург,Казань,1
27313,Мадрид (MAD),Барселона,1
9373,Дубай (DXB),Бангкок (BKK),1
2195,London,Edinburgh,1
9454,Екатеринбург,Казань,1
32456,Мюнхен,Вена,1
2814,Стамбул (IST),Афины (ATH),1
49276,London,Edinburgh,1
48934,London,Edinburgh,1
771,Мадрид (MAD),Барселона,1
20122,London,Edinburgh,1
6311,Берлин (BER),Амстердам (AMS),2
23159,Париж (CDG),Рим (FCO),1
49382,Frankfurt,Hamburg,1
38349,New York,Los Angeles,1
20287,Новосибирск,Горно-Алтайск,1
22418,Екатеринбург,Казань,1
15724,Дубай (DXB),Бангкок (BKK),1
30969,Лондон (LHR),Нью-Йорк (JFK),1
5531,Мюнхен,Вена,1
26518,Сингапур (SIN),Бали (DPS),2
10157,London,Edinburgh,1
1632,Берлин (BER),Амстердам (AMS),1
17207,Токио (HND),Сеул (ICN),1
3882,Стамбул (IST),Афины (ATH),1
39095,New York,Los Angeles,1
14567,Токио (HND),Сеул (ICN),1
32372,Москва (SVO),Париж (CDG),1
36080,Екатеринбург,Казань,1
30514,Париж (CDG),Рим (FCO),1
42967,Rome,Milan,1
40690,Москва (SVO),Париж (CDG),1
43978,Токио (HND),Сеул (ICN),1
22361,Москва,Санкт-Петербург,1
40489,Сингапур (SIN),Бали (DPS),1
3303,Frankfurt,Hamburg,1
24394,Париж (CDG),Рим (FCO),1
27635,Мюнхен,Вена,2
33895,Москва (SVO),Париж (CDG),1
6647,Берлин (BER),Амстердам (AMS),1
15970,Chicago,Miami,1
694,Rome,Milan,1
43337,Екатеринбург,Казань,1
42162,Краснодар,Сочи,2
20501,Chicago,Miami,1
476,Лондон (LHR),Нью-Йорк (JFK),1
645,Мадрид (MAD),Барселона,1
14888,London,Edinburgh,1
42468,Новосибирск,Горно-Алтайск,1
46122,Лондон (LHR),Нью-Йорк (JFK),1
4005,Chicago,Miami,1
3148,London,Edinburgh,1
31455,Екатеринбург,Казань,1
35777,Екатеринбург,Казань,1
45115,Сингапур (SIN),Бали (DPS),1
9531,Москва (SVO),Париж (CDG),1
33823,Дубай (DXB),Бангкок (BKK),1
49927,Paris,Lyon,1
28487,Париж (CDG),Рим (FCO),1
47076,Токио (HND),Сеул (ICN),1
40486,Frankfurt,Hamburg,1
12534,Лондон (LHR),Нью-Йорк (JFK),1
35375,Стамбул (IST),Афины (ATH),1
25768,Токио (HND),Сеул (ICN),1
21492,Paris,Lyon,1
11613,Frankfurt,Hamburg,1
15251,Rome,Milan,1
29001,London,Edinburgh,1
24166,Paris,Lyon,1
18824,Мадрид (MAD),Барселона,1
31140,Rome,Milan,1
13354,Стамбул (IST),Афины (ATH),1
33545,Новосибирск,Горно-Алтайск,1
25583,Сингапур (SIN),Бали (DPS),1
14160,Берлин (BER),Амстердам (AMS),1
41544,Москва,Санкт-Петербург,1
18919,Paris,Lyon,1
6239,Мадрид (MAD),Барселона,1
23737,Новосибирск,Горно-Алтайск,2
32979,Лондон (LHR),Нью-Йорк (JFK),1
16867,New York,Los Angeles,1
12961,Rome,Milan,1
43077,Frankfurt,Hamburg,1
32607,Париж (CDG),Рим (FCO),1
27234,Новосибирск,Горно-Алтайск,1
26336,Дубай (DXB),Бангкок (BKK),1
46778,Лондон (LHR),Нью-Йорк (JFK),1
49218,Екатеринбург,Казань,1
14761,New York,Los Angeles,1
43454,Новосибирск,Горно-Алтайск,1
36975,Москва (SVO),Париж (CDG),1
21574,Екатеринбург,Казань,1
19176,Москва,Санкт-Петербург,1
21198,Париж (CDG),Рим (FCO),1
19826,Frankfurt,Hamburg,2
46202,Лондон (LHR),Нью-Йорк (JFK),1
613,Москва,Санкт-Петербург,1
8361,Frankfurt,Hamburg,1
9112,Frankfurt,Hamburg,1
9226,Краснодар,Сочи,1
17962,Екатеринбург,Казань,1
43129,Мюнхен,Вена,1
1406,New York,Los Angeles,1
47106,New York,Los Angeles,1
17577,Сингапур (SIN),Бали (DPS),1
30281,Токио (HND),Сеул (ICN),1
39569,Мюнхен,Вена,1
16390,Москва (SVO),Париж (CDG),1
10733,London,Edinburgh,1
32904,Сингапур (SIN),Бали (DPS),1
17474,Chicago,Miami,1
31128,Берлин (BER),Амстердам (AMS),1
38911,Лондон (LHR),Нью-Йорк (JFK),1
22611,New York,Los Angeles,1
32848,Лондон (LHR),Нью-Йорк (JFK),1
24248,Берлин (BER),Амстердам (AMS),1
38335,Лондон (LHR),Нью-Йорк (JFK),1
29612,Краснодар,Сочи,1
48961,Frankfurt,Hamburg,1
5001,Москва (SVO),Париж (CDG),1
15512,Москва,Санкт-Петербург,1
16787,Paris,Lyon,1
4151,Стамбул (IST),Афины (ATH),1
7812,New York,Los Angeles,1
989,Берлин (BER),Амстердам (AMS),1
33172,Екатеринбург,Казань,1
3815,Chicago,Miami,1
44470,New York,Los Angeles,1
45117,Новосибирск,Горно-Алтайск,1
7211,London,Edinburgh,1
9963,Frankfurt,Hamburg,1
47973,Дубай (DXB),Бангкок (BKK),2
29249,Chicago,Miami,1
49057,Краснодар,Сочи,1
23265,Мюнхен,Вена,1
37129,Москва,Санкт-Петербург,1
23530,London,Edinburgh,1
36225,Москва (SVO),Париж (CDG),1
15683,Екатеринбург,Казань,1
18147,Лондон (LHR),Нью-Йорк (JFK),1
21270,New York,Los Angeles,1
34893,Frankfurt,Hamburg,1
47002,Париж (CDG),Рим (FCO),1
23177,New York,Los Angeles,1
12461,Токио (HND),Сеул (ICN),1
27743,Дубай (DXB),Бангкок (BKK),1
16442,Мюнхен,Вена,2
11816,Новосибирск,Горно-Алтайск,1
2741,Берлин (BER),Амстердам (AMS),1
17506,Дубай (DXB),Бангкок (BKK),1
15450,Мюнхен,Вена,1
40359,Новосибирск,Горно-Алтайск,1
25762,Rome,Milan,1
25077,Мадрид (MAD),Барселона,1
35665,Стамбул (IST),Афины (ATH),1
44255,Rome,Milan,1
2860,Мюнхен,Вена,1
48691,Париж (CDG),Рим (FCO),1
2126,New York,Los Angeles,1
24195,Екатеринбург,Казань,1
41463,Париж (CDG),Рим (FCO),1
20416,Москва,Санкт-Петербург,1
44092,Берлин (BER),Амстердам (AMS),1
35708,Chicago,Miami,1
33472,Москва (SVO),Париж (CDG),1
1307,London,Edinburgh,1
28553,Стамбул (IST),Афины (ATH),1
18308,Москва,Санкт-Петербург,1
40456,Frankfurt,Hamburg,1
4428,Chicago,Miami,1
8050,Frankfurt,Hamburg,1
5074,Токио (HND),Сеул (ICN),2
28760,Берлин (BER),Амстердам (AMS),1
12458,Краснодар,Сочи,1
24499,Краснодар,Сочи,1
41736,Париж (CDG),Рим (FCO),1
36659,Rome,Milan,1
17573,Мюнхен,Вена,1
47713,Paris,Lyon,1
36605,Берлин (BER),Амстердам (AMS),1
7118,Лондон (LHR),Нью-Йорк (JFK),1
36147,Париж (CDG),Рим (FCO),1
13195,Токио (HND),Сеул (ICN),1
18909,Сингапур (SIN),Бали (DPS),1
40986,Екатеринбург,Казань,1
35682,Токио (HND),Сеул (ICN),1
6080,Москва,Санкт-Петербург,1
16294,Москва,Санкт-Петербург,1
32512,Rome,Milan,1
23619,Париж (CDG),Рим (FCO),1
41255,London,Edinburgh,1
12351,Chicago,Miami,1
47326,Chicago,Miami,1
4142,Стамбул (IST),Афины (ATH),1
6231,Paris,Lyon,1
44951,Rome,Milan,1
21698,Берлин (BER),Амстердам (AMS),1
32566,Мюнхен,Вена,1
28505,Мюнхен,Вена,1
33022,Мюнхен,Вена,1
44707,Берлин (BER),Амстердам (AMS),1
29260,Сингапур (SIN),Бали (DPS),1
20013,Мадрид (MAD),Барселона,1
22467,Москва,Санкт-Петербург,2
443,Стамбул (IST),Афины (ATH),1
25832,Москва (SVO),Париж (CDG),1
10395,Новосибирск,Горно-Алтайск,1
17504,Берлин (BER),Амстердам (AMS),1
18086,Токио (HND),Сеул (ICN),1
38084,New York,Los Angeles,1
17122,Екатеринбург,Казань,1
45721,Берлин (BER),Амстердам (AMS),1
29703,Краснодар,Сочи,1
28257,Дубай (DXB),Бангкок (BKK),1
24499,London,Edinburgh,2
32279,Chicago,Miami,1
49387,Москва (SVO),Париж (CDG),1
42694,Дубай (DXB),Бангкок (BKK),1
21398,Новосибирск,Горно-Алтайск,2
9453,Frankfurt,Hamburg,1
3400,Москва,Санкт-Петербург,1
7617,Дубай (DXB),Бангкок (BKK),1
45312,London,Edinburgh,1
39523,Chicago,Miami,1
31321,Стамбул (IST),Афины (ATH),1
39453,Москва,Санкт-Петербург,1
31308,Rome,Milan,1
42193,New York,Los Angeles,1
16116,Мюнхен,Вена,1
2219,Париж (CDG),Рим (FCO),1
15795,Берлин (BER),Амстердам (AMS),2
24529,London,Edinburgh,1
44515,Екатеринбург,Казань,1
11553,Лондон (LHR),Нью-Йорк (JFK),1
28672,Лондон (LHR),Нью-Йорк (JFK),1
10159,Сингапур (SIN),Бали (DPS),1
14006,Мюнхен,Вена,1
10674,Москва,Санкт-Петербург,1
11222,Мюнхен,Вена,1
34035,New York,Los Angeles,1
47301,Paris,Lyon,1
40,Сингапур (SIN),Бали (DPS),1
33157,Frankfurt,Hamburg,1
20624,Париж (CDG),Рим (FCO),1
598,Москва (SVO),Париж (CDG),1
46605,Краснодар,Сочи,1
33757,Париж (CDG),Рим (FCO),1
25815,New York,Los Angeles,1
32887,Токио (HND),Сеул (ICN),1
27286,Екатеринбург,Казань,1
35683,Мадрид (MAD),Барселона,1
32737,Екатеринбург,Казань,1
41796,Дубай (DXB),Бангкок (BKK),1
6646,Новосибирск,Горно-Алтайск,1
20844,Берлин (BER),Амстердам (AMS),1
47538,London,Edinburgh,1
6519,Берлин (BER),Амстердам (AMS),1
36612,Москва (SVO),Париж (CDG),1
6868,Москва,Санкт-Петербург,1
46858,Париж (CDG),Рим (FCO),2
48601,Токио (HND),Сеул (ICN),1
13184,Rome,Milan,1
21753,New York,Los Angeles,1
9089,Париж (CDG),Рим (FCO),1
46845,Краснодар,Сочи,2
7123,Rome,Milan,1
22934,Берлин (BER),Амстердам (AMS),1
42880,Дубай (DXB),Бангкок (BKK),2
27982,Мадрид (MAD),Барселона,1
6377,Paris,Lyon,2
42360,Мадрид (MAD),Барселона,1
40413,Токио (HND),Сеул (ICN),1
22231,Москва (SVO),Париж (CDG),1
18486,Краснодар,Сочи,1
1562,Мюнхен,Вена,1
2563,Москва,Санкт-Петербург,1
28509,Лондон (LHR),Нью-Йорк (JFK),1
12522,Rome,Milan,1
49175,Москва,Санкт-Петербург,1
36792,Frankfurt,Hamburg,1
20288,Берлин (BER),Амстердам (AMS),1
29259,Rome,Milan,1
36153,Берлин (BER),Амстердам (AMS),1
4432,Новосибирск,Горно-Алтайск,1
38335,Краснодар,Сочи,2
23633,Стамбул (IST),Афины (ATH),1
25776,Стамбул (IST),Афины (ATH),1
22847,Новосибирск,Горно-Алтайск,1
23267,Дубай (DXB),Бангкок (BKK),1
23029,Paris,Lyon,1
94,Мюнхен,Вена,1
48895,Мадрид (MAD),Барселона,1
10208,Chicago,Miami,1
17402,Москва (SVO),Париж (CDG),1
28345,London,Edinburgh,1
35594,New York,Los Angeles,1
41949,Paris,Lyon,1
35297,Токио (HND),Сеул (ICN),1
22807,Мюнхен,Вена,2
27034,Rome,Milan,1
11108,Chicago,Miami,1
35411,Москва (SVO),Париж (CDG),1
21360,London,Edinburgh,1
46053,Краснодар,Сочи,1
43532,New York,Los Angeles,1
49295,Frankfurt,Hamburg,1
30790,Paris,Lyon,1
7685,Москва,Санкт-Петербург,1
39575,Стамбул (IST),Афины (ATH),1
48440,Мюнхен,Вена,1
25119,Дубай (DXB),Бангкок (BKK),1
26946,Сингапур (SIN),Бали (DPS),1
13204,Екатеринбург,Казань,1
8507,Токио (HND),Сеул (ICN),1
29579,Париж (CDG),Рим (FCO),1
30363,Лондон (LHR),Нью-Йорк (JFK),2
46107,Rome,Milan,1
48777,Москва (SVO),Париж (CDG),1
30226,Париж (CDG),Рим (FCO),1
150,Стамбул (IST),Афины (ATH),1
28687,Paris,Lyon,1
26435,Лондон (LHR),Нью-Йорк (JFK),1
23942,Стамбул (IST),Афины (ATH),1
36341,Rome,Milan,1
27689,Екатеринбург,Казань,1
23181,Frankfurt,Hamburg,1
31986,Мюнхен,Вена,1
34053,Стамбул (IST),Афины (ATH),1
28770,Токио (HND),Сеул (ICN),1
39176,Frankfurt,Hamburg,1
8925,Мюнхен,Вена,1
49460,Краснодар,Сочи,1
1880,Париж (CDG),Рим (FCO),1
24288,Париж (CDG),Рим (FCO),2
36208,Москва,Санкт-Петербург,1
16369,Париж (CDG),Рим (FCO),1
43738,Новосибирск,Горно-Алтайск,1
5485,Берлин (BER),Амстердам (AMS),1
12616,Краснодар,Сочи,1
20740,Стамбул (IST),Афины (ATH),1
11738,Paris,Lyon,1
26905,Paris,Lyon,1
34863,Дубай (DXB),Бангкок (BKK),1
5136,New York,Los Angeles,1
47751,Frankfurt,Hamburg,1
46721,Chicago,Miami,1
13018,Новосибирск,Горно-Алтайск,1
13913,Москва,Санкт-Петербург,1
36017,Новосибирск,Горно-Алтайск,1
43547,Екатеринбург,Казань,1
6618,Мадрид (MAD),Барселона,1
33572,Москва,Санкт-Петербург,1
22717,Париж (CDG),Рим (FCO),1
21516,Краснодар,Сочи,1
21710,Paris,Lyon,1
46412,Москва,Санкт-Петербург,1
6028,Chicago,Miami,1
13016,Стамбул (IST),Афины (ATH),1
42891,Париж (CDG),Рим (FCO),1
25890,Мадрид (MAD),Барселона,1
3829,Москва,Санкт-Петербург,1
10108,Frankfurt,Hamburg,2
22504,Frankfurt,Hamburg,1
33255,Москва (SVO),Париж (CDG),2
42434,Токио (HND),Сеул (ICN),1
42451,Берлин (BER),Амстердам (AMS),1
22850,Chicago,Miami,1
8902,Rome,Milan,1
40354,Chicago,Miami,1
7267,Frankfurt,Hamburg,1
16998,Дубай (DXB),Бангкок (BKK),1
9140,Токио (HND),Сеул (ICN),1
39047,Мюнхен,Вена,1
28409,London,Edinburgh,1
37763,Париж (CDG),Рим (FCO),1
14832,Дубай (DXB),Бангкок (BKK),1
15040,Стамбул (IST),Афины (ATH),1
2068,New York,Los Angeles,1
36028,Frankfurt,Hamburg,1
32201,Париж (CDG),Рим (FCO),1
33837,Токио (HND),Сеул (ICN),1
8086,Краснодар,Сочи,1
48184,Москва (SVO),Париж (CDG),1
30219,Chicago,Miami,1
39279,Екатеринбург,Казань,1
34421,Paris,Lyon,1
9410,Москва,Санкт-Петербург,1
17030,Paris,Lyon,1
30158,Chicago,Miami,1
10069,Москва (SVO),Париж (CDG),1
21164,Лондон (LHR),Нью-Йорк (JFK),1
39302,Мадрид (MAD),Барселона,1
25390,Берлин (BER),Амстердам (AMS),1
17924,Rome,Milan,1
17552,Мюнхен,Вена,2
42216,London,Edinburgh,1
25456,Лондон (LHR),Нью-Йорк (JFK),1
45286,New York,Los Angeles,1
2389,Дубай (DXB),Бангкок (BKK),1
1461,Дубай (DXB),Бангкок (BKK),1
16585,Москва,Санкт-Петербург,1
33182,London,Edinburgh,1
44672,Chicago,Miami,1
41751,Париж (CDG),Рим (FCO),1
40903,Frankfurt,Hamburg,1
10143,Paris,Lyon,1
969,Берлин (BER),Амстердам (AMS),1
21294,Frankfurt,Hamburg,1
3276,Мюнхен,Вена,1
35537,Краснодар,Сочи,1
7608,Chicago,Miami,1
48751,Лондон (LHR),Нью-Йорк (JFK),1
49474,Лондон (LHR),Нью-Йорк (JFK),1
42263,Париж (CDG),Рим (FCO),1
48585,Париж (CDG),Рим (FCO),1
24353,New York,Los Angeles,1
27560,Новосибирск,Горно-Алтайск,1
14434,New York,Los Angeles,1
467,Мадрид (MAD),Барселона,1
40423,Мадрид (MAD),Барселона,1
22265,Екатеринбург,Казань,1
49171,Новосибирск,Горно-Алтайск,1
39718,London,Edinburgh,1
1106,Париж (CDG),Рим (FCO),1
41032,Chicago,Miami,1
15261,Мюнхен,Вена,1
664,Мюнхен,Вена,1
27164,Лондон (LHR),Нью-Йорк (JFK),1
23934,Мюнхен,Вена,1
34572,Екатеринбург,Казань,1
1859,Дубай (DXB),Бангкок (BKK),1
32668,Токио (HND),Сеул (ICN),1
48459,Екатеринбург,Казань,1
37190,Мадрид (MAD),Барселона,1
37666,Мюнхен,Вена,1
48621,Москва (SVO),Париж (CDG),1
31159,Екатеринбург,Казань,1
8789,Берлин (BER),Амстердам (AMS),1
3009,Frankfurt,Hamburg,2
44363,Токио (HND),Сеул (ICN),1
41905,Rome,Milan,1
31867,Chicago,Miami,1
12153,Краснодар,Сочи,1
38867,Мадрид (MAD),Барселона,1
46867,Москва (SVO),Париж (CDG),1
48045,Paris,Lyon,1
29957,New York,Los Angeles,1
38547,Дубай (DXB),Бангкок (BKK),1
14015,New York,Los Angeles,1
10281,Москва (SVO),Париж (CDG),1
43301,New York,Los Angeles,2
27517,Стамбул (IST),Афины (ATH),1
46443,Мадрид (MAD),Барселона,1
48265,Москва,Санкт-Петербург,1
49154,London,Edinburgh,1
41974,Новосибирск,Горно-Алтайск,1
33649,Новосибирск,Горно-Алтайск,1
14541,Мюнхен,Вена,1
44688,Сингапур (SIN),Бали (DPS),1
2993,Стамбул (IST),Афины (ATH),1
13202,London,Edinburgh,1
15039,Chicago,Miami,1
18209,London,Edinburgh,1
18406,Новосибирск,Горно-Алтайск,1
27655,Краснодар,Сочи,1
20107,Париж (CDG),Рим (FCO),1
34087,Мюнхен,Вена,1
5702,Екатеринбург,Казань,1
48157,Сингапур (SIN),Бали (DPS),1
5875,Chicago,Miami,1
26472,Frankfurt,Hamburg,1
41114,Токио (HND),Сеул (ICN),1
3599,Сингапур (SIN),Бали (DPS),1
1013,Мюнхен,Вена,1
49657,Москва (SVO),Париж (CDG),1
20807,London,Edinburgh,1
2780,Краснодар,Сочи,1
15284,Frankfurt,Hamburg,1
47719,Токио (HND),Сеул (ICN),1
32652,Париж (CDG),Рим (FCO),1
10558,Москва (SVO),Париж (CDG),1
31373,Мюнхен,Вена,1
36895,Мадрид (MAD),Барселона,1
14003,Москва,Санкт-Петербург,1
7252,Сингапур (SIN),Бали (DPS),1
9724,Берлин (BER),Амстердам (AMS),1
20592,London,Edinburgh,1
29257,Мюнхен,Вена,1
45250,Лондон (LHR),Нью-Йорк (JFK),1
19896,Москва (SVO),Париж (CDG),1
47699,Новосибирск,Горно-Алтайск,1
31703,Rome,Milan,1
23135,Москва,Санкт-Петербург,1
47359,Сингапур (SIN),Бали (DPS),1
39829,Париж (CDG),Рим (FCO),1
42108,Мадрид (MAD),Барселона,1
46717,Новосибирск,Горно-Алтайск,1
3558,Стамбул (IST),Афины (ATH),1
47534,London,Edinburgh,1
25990,Новосибирск,Горно-Алтайск,1
49164,Новосибирск,Горно-Алтайск,1
10571,Paris,Lyon,1
12032,Мадрид (MAD),Барселона,1
41192,Paris,Lyon,1
739,Токио (HND),Сеул (ICN),1
28079,New York,Los Angeles,1
32866,Лондон (LHR),Нью-Йорк (JFK),1
30202,Токио (HND),Сеул (ICN),1
9762,Лондон (LHR),Нью-Йорк (JFK),1
30204,Париж (CDG),Рим (FCO),1
30318,New York,Los Angeles,1
31630,Мюнхен,Вена,1
3019,Frankfurt,Hamburg,1
28790,Сингапур (SIN),Бали (DPS),1
13483,London,Edinburgh,1
4021,Екатеринбург,Казань,2
15395,Мюнхен,Вена,1
1633,Rome,Milan,1
33444,Мюнхен,Вена,1
49155,Сингапур (SIN),Бали (DPS),2
30563,Paris,Lyon,1
48194,Лондон (LHR),Нью-Йорк (JFK),1
34234,Екатеринбург,Казань,1
18165,Токио (HND),Сеул (ICN),1
639,Новосибирск,Горно-Алтайск,1
14880,Стамбул (IST),Афины (ATH),1
44400,Rome,Milan,1
28643,Берлин (BER),Амстердам (AMS),1
44856,Rome,Milan,1
38117,Новосибирск,Горно-Алтайск,1
14748,Paris,Lyon,1
36173,Сингапур (SIN),Бали (DPS),1
28438,Москва,Санкт-Петербург,1
41545,Frankfurt,Hamburg,1
33629,London,Edinburgh,1
36750,Дубай (DXB),Бангкок (BKK),1
28233,Мюнхен,Вена,1
40352,Стамбул (IST),Афины (ATH),1
45558,Москва (SVO),Париж (CDG),1
10418,Новосибирск,Горно-Алтайск,1
15980,Rome,Milan,1
20709,Екатеринбург,Казань,1
14306,Лондон (LHR),Нью-Йорк (JFK),1
34452,London,Edinburgh,1
34266,Берлин (BER),Амстердам (AMS),1
42586,Paris,Lyon,1
8845,London,Edinburgh,1
49200,Лондон (LHR),Нью-Йорк (JFK),1
8264,Лондон (LHR),Нью-Йорк (JFK),1
25037,New York,Los Angeles,1
11244,New York,Los Angeles,1
39325,Сингапур (SIN),Бали (DPS),1
44713,Мадрид (MAD),Барселона,1
22020,Мадрид (MAD),Барселона,1
27281,Москва (SVO),Париж (CDG),1
3041,New York,Los Angeles,1
21546,Сингапур (SIN),Бали (DPS),2
27117,Rome,Milan,1
31439,Берлин (BER),Амстердам (AMS),1
34144,New York,Los Angeles,1
7187,Краснодар,Сочи,1
13307,Мадрид (MAD),Барселона,1
17331,Краснодар,Сочи,1
39850,Мюнхен,Вена,1
9481,Frankfurt,Hamburg,1
33088,New York,Los Angeles,1
28798,Frankfurt,Hamburg,1
40562,Новосибирск,Горно-Алтайск,1
31522,Париж (CDG),Рим (FCO),1
27474,Париж (CDG),Рим (FCO),1
41794,Новосибирск,Горно-Алтайск,1
49774,Frankfurt,Hamburg,1
44403,Екатеринбург,Казань,1
30125,Дубай (DXB),Бангкок (BKK),1
8207,Дубай (DXB),Бангкок (BKK),1
14856,Rome,Milan,1
42530,Лондон (LHR),Нью-Йорк (JFK),1
25905,Paris,Lyon,1
19018,Rome,Milan,1
21050,Новосибирск,Горно-Алтайск,1
7363,Frankfurt,Hamburg,1
25785,Новосибирск,Горно-Алтайск,1
3821,Краснодар,Сочи,1
7695,Chicago,Miami,1
15517,Стамбул (IST),Афины (ATH),1
22479,New York,Los Angeles,1
26833,Мадрид (MAD),Барселона,1
36656,Мадрид (MAD),Барселона,1
17885,Chicago,Miami,1
46067,Стамбул (IST),Афины (ATH),1
8474,Токио (HND),Сеул (ICN),1
31680,Rome,Milan,1
22162,New York,Los Angeles,2
45335,Paris,Lyon,1
39668,Екатеринбург,Казань,1
35451,Paris,Lyon,1
35824,Стамбул (IST),Афины (ATH),1
5903,Сингапур (SIN),Бали (DPS),1
49054,Дубай (DXB),Бангкок (BKK),1
35938,Москва,Санкт-Петербург,1
20001,Дубай (DXB),Бангкок (BKK),1
37032,New York,Los Angeles,1
6719,Дубай (DXB),Бангкок (BKK),1
133,Берлин (BER),Амстердам (AMS),1
37819,Paris,Lyon,1
4283,Берлин (BER),Амстердам (AMS),1
48047,Paris,Lyon,1
39958,Мадрид (MAD),Барселона,1
17397,Rome,Milan,1
17396,Мюнхен,Вена,1
47473,Москва (SVO),Париж (CDG),1
12122,Париж (CDG),Рим (FCO),1
3298,Мюнхен,Вена,1
40568,Париж (CDG),Рим (FCO),1
40422,London,Edinburgh,1
24026,Париж (CDG),Рим (FCO),1
34948,Берлин (BER),Амстердам (AMS),2
38327,Paris,Lyon,1
30546,Москва,Санкт-Петербург,1
7239,Мадрид (MAD),Барселона,1
49964,London,Edinburgh,1
38214,Сингапур (SIN),Бали (DPS),1
13732,Стамбул (IST),Афины (ATH),1
49648,Chicago,Miami,1
11380,Токио (HND),Сеул (ICN),1
33135,Rome,Milan,1
12709,Дубай (DXB),Бангкок (BKK),1
8665,New York,Los Angeles,1
49389,Дубай (DXB),Бангкок (BKK),1
6497,Берлин (BER),Амстердам (AMS),1
7309,Париж (CDG),Рим (FCO),1
32471,New York,Los Angeles,1
23105,Берлин (BER),Амстердам (AMS),2
3137,Сингапур (SIN),Бали (DPS),1
43586,Дубай (DXB),Бангкок (BKK),1
45062,Rome,Milan,1
5397,New York,Los Angeles,1
28470,Мадрид (MAD),Барселона,1
31083,Мюнхен,Вена,1
39864,Мюнхен,Вена,2
19097,Берлин (BER),Амстердам (AMS),1
16531,Екатеринбург,Казань,1
28248,Москва (SVO),Париж (CDG),1
37920,Chicago,Miami,1
8269,Rome,Milan,1
14377,Новосибирск,Горно-Алтайск,1
24548,New York,Los Angeles,1
738,Москва,Санкт-Петербург,1
24086,Новосибирск,Горно-Алтайск,1
26477,Москва,Санкт-Петербург,1
22304,Берлин (BER),Амстердам (AMS),1
20635,Rome,Milan,1
16322,Paris,Lyon,1
44063,Новосибирск,Горно-Алтайск,1
7938,Дубай (DXB),Бангкок (BKK),1
32186,Сингапур (SIN),Бали (DPS),1
11402,Токио (HND),Сеул (ICN),1
28266,London,Edinburgh,1
17140,New York,Los Angeles,1
14687,Мюнхен,Вена,1
30885,Париж (CDG),Рим (FCO),1
2473,Дубай (DXB),Бангкок (BKK),1
29656,Лондон (LHR),Нью-Йорк (JFK),1
36557,Frankfurt,Hamburg,1
22661,Лондон (LHR),Нью-Йорк (JFK),1
34453,Frankfurt,Hamburg,1
40510,Дубай (DXB),Бангкок (BKK),1
1321,Москва,Санкт-Петербург,1
20275,Дубай (DXB),Бангкок (BKK),1
16433,Мюнхен,Вена,1
34617,Мюнхен,Вена,1
48089,Москва,Санкт-Петербург,1
38071,Краснодар,Сочи,1
18157,Париж (CDG),Рим (FCO),1
8046,Москва (SVO),Париж (CDG),1
38120,Frankfurt,Hamburg,1
28022,Мюнхен,Вена,1
38384,Новосибирск,Горно-Алтайск,1
13375,Токио (HND),Сеул (ICN),1
3948,Стамбул (IST),Афины (ATH),1
39346,Токио (HND),Сеул (ICN),1
11677,Париж (CDG),Рим (FCO),1
21895,Rome,Milan,2
31868,Мюнхен,Вена,1
15033,Новосибирск,Горно-Алтайск,1
47695,Новосибирск,Горно-Алтайск,1
43448,Paris,Lyon,1
34140,Rome,Milan,1
15438,Мадрид (MAD),Барселона,1
9787,Frankfurt,Hamburg,1
28463,Frankfurt,Hamburg,1
44868,Paris,Lyon,1
16212,Сингапур (SIN),Бали (DPS),2
10449,Токио (HND),Сеул (ICN),1
39457,Rome,Milan,1
119,Мадрид (MAD),Барселона,1
47612,Стамбул (IST),Афины (ATH),1
20002,Краснодар,Сочи,1
8681,Берлин (BER),Амстердам (AMS),1
31575,Стамбул (IST),Афины (ATH),1
17737,Мюнхен,Вена,1
35432,Сингапур (SIN),Бали (DPS),1
32545,Екатеринбург,Казань,1
45666,Стамбул (IST),Афины (ATH),1
26348,Токио (HND),Сеул (ICN),1
42430,Мадрид (MAD),Барселона,1
10396,New York,Los Angeles,1
19015,Мадрид (MAD),Барселона,1
32340,Берлин (BER),Амстердам (AMS),1
42078,Стамбул (IST),Афины (ATH),1
25236,Токио (HND),Сеул (ICN),1
43137,Краснодар,Сочи,1
19336,Новосибирск,Горно-Алтайск,1
31758,Мюнхен,Вена,1
16594,Paris,Lyon,1
23145,Токио (HND),Сеул (ICN),1
22322,Мадрид (MAD),Барселона,1
45201,Лондон (LHR),Нью-Йорк (JFK),1
47163,Мюнхен,Вена,1
30065,Стамбул (IST),Афины (ATH),1
25057,Екатеринбург,Казань,1
17366,Берлин (BER),Амстердам (AMS),1
12125,London,Edinburgh,1
26316,Rome,Milan,2
37826,Берлин (BER),Амстердам (AMS),2
32289,Токио (HND),Сеул (ICN),1
7813,Paris,Lyon,1
5986,Москва (SVO),Париж (CDG),1
4619,London,Edinburgh,1
30315,Берлин (BER),Амстердам (AMS),1
19360,Краснодар,Сочи,1
46085,Париж (CDG),Рим (FCO),1
36652,Rome,Milan,1
48458,Стамбул (IST),Афины (ATH),1
39387,Мюнхен,Вена,1
6008,Краснодар,Сочи,1
2123,Берлин (BER),Амстердам (AMS),1
26656,Токио (HND),Сеул (ICN),1
32359,Rome,Milan,1
39529,Rome,Milan,1
19395,Дубай (DXB),Бангкок (BKK),1
22102,Москва (SVO),Париж (CDG),1
39539,Дубай (DXB),Бангкок (BKK),1
5545,Екатеринбург,Казань,2
17394,Стамбул (IST),Афины (ATH),1
49395,Rome,Milan,1
30612,Rome,Milan,1
4231,Москва (SVO),Париж (CDG),1
40596,Лондон (LHR),Нью-Йорк (JFK),1
24500,Лондон (LHR),Нью-Йорк (JFK),1
21939,Rome,Milan,1
24975,Paris,Lyon,1
34010,Дубай (DXB),Бангкок (BKK),1
29074,New York,Los Angeles,1
38690,New York,Los Angeles,1
19458,Екатеринбург,Казань,1
25601,Rome,Milan,1
10588,Новосибирск,Горно-Алтайск,1
8579,Краснодар,Сочи,1
18823,Мюнхен,Вена,1
15229,Стамбул (IST),Афины (ATH),1
24406,Москва (SVO),Париж (CDG),1
39662,Москва (SVO),Париж (CDG),1
41469,Мадрид (MAD),Барселона,1
8752,Берлин (BER),Амстердам (AMS),1
22246,Москва,Санкт-Петербург,1
2122,Токио (HND),Сеул (ICN),1
44099,Екатеринбург,Казань,1
4101,Токио (HND),Сеул (ICN),1
13315,London,Edinburgh,1
37279,Берлин (BER),Амстердам (AMS),1
19008,Краснодар,Сочи,1
19218,Токио (HND),Сеул (ICN),1
36847,Rome,Milan,1
38517,Paris,Lyon,1
8686,Париж (CDG),Рим (FCO),1
49931,Новосибирск,Горно-Алтайск,1
2008,Берлин (BER),Амстердам (AMS),1
41850,Токио (HND),Сеул (ICN),1
25382,London,Edinburgh,1
20343,Стамбул (IST),Афины (ATH),1
46541,Краснодар,Сочи,1
40825,Дубай (DXB),Бангкок (BKK),1
12754,New York,Los Angeles,1
12343,Москва,Санкт-Петербург,1
19104,Токио (HND),Сеул (ICN),1
44144,Москва,Санкт-Петербург,1
25369,Rome,Milan,1
8761,Берлин (BER),Амстердам (AMS),1
30618,Париж (CDG),Рим (FCO),1
26876,Rome,Milan,1
9819,Берлин (BER),Амстердам (AMS),1
15810,Мюнхен,Вена,1
9657,Paris,Lyon,1
8616,Краснодар,Сочи,1
22726,Paris,Lyon,1
33522,London,Edinburgh,1
24211,Мадрид (MAD),Барселона,1
17273,Paris,Lyon,1
19247,Мюнхен,Вена,1
24129,Лондон (LHR),Нью-Йорк (JFK),1
48879,Токио (HND),Сеул (ICN),1
13818,Лондон (LHR),Нью-Йорк (JFK),1
29171,Новосибирск,Горно-Алтайск,1
26654,Краснодар,Сочи,1
7338,Стамбул (IST),Афины (ATH),1
29390,Сингапур (SIN),Бали (DPS),1
36793,Краснодар,Сочи,1
1257,New York,Los Angeles,1
25223,Париж (CDG),Рим (FCO),1
1136,Екатеринбург,Казань,1
15385,Paris,Lyon,1
1119,Лондон (LHR),Нью-Йорк (JFK),1
35991,Токио (HND),Сеул (ICN),1
24503,Chicago,Miami,1
22340,Chicago,Miami,1
26655,Москва,Санкт-Петербург,1
38478,Москва,Санкт-Петербург,1
39488,Дубай (DXB),Бангкок (BKK),1
19294,Мадрид (MAD),Барселона,1
17435,Москва,Санкт-Петербург,1
46076,Токио (HND),Сеул (ICN),1
35868,Москва (SVO),Париж (CDG),1
25980,Frankfurt,Hamburg,1
22094,Токио (HND),Сеул (ICN),1
2146,Москва,Санкт-Петербург,1
47723,Екатеринбург,Казань,1
5440,Frankfurt,Hamburg,1
7798,Москва,Санкт-Петербург,1
48745,Rome,Milan,1
21247,Rome,Milan,1
37886,Москва (SVO),Париж (CDG),1
22889,Мадрид (MAD),Барселона,1
20250,Екатеринбург,Казань,1
49672,Лондон (LHR),Нью-Йорк (JFK),1
25440,Лондон (LHR),Нью-Йорк (JFK),1
13093,Лондон (LHR),Нью-Йорк (JFK),1
94,Лондон (LHR),Нью-Йорк (JFK),2
14113,Лондон (LHR),Нью-Йорк (JFK),1
15866,Токио (HND),Сеул (ICN),1
16006,Rome,Milan,2
39284,Париж (CDG),Рим (FCO),1
27791,Frankfurt,Hamburg,1
21009,Мадрид (MAD),Барселона,1
46705,Сингапур (SIN),Бали (DPS),1
19461,Мадрид (MAD),Барселона,1
27122,Сингапур (SIN),Бали (DPS),1
5098,Chicago,Miami,1
34330,Сингапур (SIN),Бали (DPS),1
49384,London,Edinburgh,1
29535,Мюнхен,Вена,1
1718,Мюнхен,Вена,1
12946,Rome,Milan,3
22566,New York,Los Angeles,1
28051,New York,Los Angeles,1
5128,Paris,Lyon,1
29716,Новосибирск,Горно-Алтайск,1
27453,Новосибирск,Горно-Алтайск,1
468,Токио (HND),Сеул (ICN),1
38850,Краснодар,Сочи,2
5523,Токио (HND),Сеул (ICN),1
38530,Новосибирск,Горно-Алтайск,1
30604,Краснодар,Сочи,1
31883,Chicago,Miami,2
39953,Мюнхен,Вена,1
46758,Chicago,Miami,1
47906,Сингапур (SIN),Бали (DPS),1
15486,Москва (SVO),Париж (CDG),1
29598,Екатеринбург,Казань,1
49692,Лондон (LHR),Нью-Йорк (JFK),1
39631,London,Edinburgh,1
19342,Токио (HND),Сеул (ICN),1
19440,Стамбул (IST),Афины (ATH),1
35409,Frankfurt,Hamburg,1
42239,Париж (CDG),Рим (FCO),1
30311,Мюнхен,Вена,1
33827,Токио (HND),Сеул (ICN),1
18661,Мюнхен,Вена,1
17343,Стамбул (IST),Афины (ATH),1
30334,Париж (CDG),Рим (FCO),1
44164,Берлин (BER),Амстердам (AMS),1
46583,Rome,Milan,1
48214,Берлин (BER),Амстердам (AMS),1
34663,Берлин (BER),Амстердам (AMS),1
43264,Париж (CDG),Рим (FCO),1
18356,Лондон (LHR),Нью-Йорк (JFK),1
25578,Мюнхен,Вена,1
40350,New York,Los Angeles,1
6337,Новосибирск,Горно-Алтайск,1
26760,London,Edinburgh,1
20646,Краснодар,Сочи,1
7614,London,Edinburgh,1
9276,Берлин (BER),Амстердам (AMS),1
18635,Токио (HND),Сеул (ICN),1
45323,Дубай (DXB),Бангкок (BKK),1
16805,London,Edinburgh,1
35553,Мадрид (MAD),Барселона,1
20262,Берлин (BER),Амстердам (AMS),1
30401,Rome,Milan,1
7308,Лондон (LHR),Нью-Йорк (JFK),1
22837,Chicago,Miami,1
44353,Берлин (BER),Амстердам (AMS),1
21267,Дубай (DXB),Бангкок (BKK),1
43890,Токио (HND),Сеул (ICN),1
44455,Париж (CDG),Рим (FCO),1
19154,Дубай (DXB),Бангкок (BKK),1
31016,Новосибирск,Горно-Алтайск,2
42271,Дубай (DXB),Бангкок (BKK),1
40097,Краснодар,Сочи,1
24955,London,Edinburgh,1
45554,Дубай (DXB),Бангкок (BKK),1
34810,Москва,Санкт-Петербург,1
48069,Москва,Санкт-Петербург,1
36112,Берлин (BER),Амстердам (AMS),2
48152,Париж (CDG),Рим (FCO),1
14433,Chicago,Miami,1
5897,Стамбул (IST),Афины (ATH),1
46139,Берлин (BER),Амстердам (AMS),2
9779,Лондон (LHR),Нью-Йорк (JFK),2
17116,Мюнхен,Вена,1
33216,London,Edinburgh,1
14863,Мюнхен,Вена,1
39744,Стамбул (IST),Афины (ATH),1
7610,Мюнхен,Вена,2
22241,Краснодар,Сочи,1
49990,Токио (HND),Сеул (ICN),1
24573,Париж (CDG),Рим (FCO),1
48471,Москва,Санкт-Петербург,1
2120,Москва (SVO),Париж (CDG),1
45366,Париж (CDG),Рим (FCO),1
11254,London,Edinburgh,1
31202,Chicago,Miami,1
5430,Токио (HND),Сеул (ICN),1
46113,Мадрид (MAD),Барселона,1
25351,New York,Los Angeles,1
38580,Токио (HND),Сеул (ICN),2
19487,Москва (SVO),Париж (CDG),2
47956,Стамбул (IST),Афины (ATH),1
36916,London,Edinburgh,1
18228,Новосибирск,Горно-Алтайск,1
49539,Rome,Milan,1
9763,Париж (CDG),Рим (FCO),1
35496,Екатеринбург,Казань,1
23347,London,Edinburgh,1
24866,Дубай (DXB),Бангкок (BKK),1
7829,Москва,Санкт-Петербург,1
20047,London,Edinburgh,1
31478,Сингапур (SIN),Бали (DPS),1
23244,Мадрид (MAD),Барселона,1
16778,Rome,Milan,1
17348,Москва (SVO),Париж (CDG),1
22729,Rome,Milan,1
12582,Frankfurt,Hamburg,1
24216,Новосибирск,Горно-Алтайск,1
21982,New York,Los Angeles,1
18655,London,Edinburgh,2
25733,Берлин (BER),Амстердам (AMS),1
17301,Мюнхен,Вена,1
34663,Мюнхен,Вена,2
48401,Лондон (LHR),Нью-Йорк (JFK),1
4184,Стамбул (IST),Афины (ATH),1
2017,Chicago,Miami,1
23546,Сингапур (SIN),Бали (DPS),1
28953,Токио (HND),Сеул (ICN),1
15244,Дубай (DXB),Бангкок (BKK),1
9092,Токио (HND),Сеул (ICN),1
10736,Сингапур (SIN),Бали (DPS),1
12969,Париж (CDG),Рим (FCO),1
7684,Новосибирск,Горно-Алтайск,1
33421,New York,Los Angeles,1
33166,Москва,Санкт-Петербург,1
16842,Дубай (DXB),Бангкок (BKK),2
16948,Екатеринбург,Казань,1
14740,Frankfurt,Hamburg,1
23264,Rome,Milan,1
16256,Мюнхен,Вена,1
8082,London,Edinburgh,1
28104,Frankfurt,Hamburg,1
18042,Берлин (BER),Амстердам (AMS),1
17184,Paris,Lyon,1
27035,Москва,Санкт-Петербург,1
34973,Екатеринбург,Казань,1
1097,London,Edinburgh,1
33871,Токио (HND),Сеул (ICN),1
40318,Москва (SVO),Париж (CDG),1
34691,Дубай (DXB),Бангкок (BKK),1
41685,London,Edinburgh,1
29116,Москва,Санкт-Петербург,1
12557,Rome,Milan,1
41341,Стамбул (IST),Афины (ATH),1
31427,Chicago,Miami,1
40870,Лондон (LHR),Нью-Йорк (JFK),1
28924,Париж (CDG),Рим (FCO),1
6598,Берлин (BER),Амстердам (AMS),1
3199,Дубай (DXB),Бангкок (BKK),1
22110,London,Edinburgh,1
27656,Стамбул (IST),Афины (ATH),1
44968,New York,Los Angeles,1
9926,Краснодар,Сочи,1
30208,Краснодар,Сочи,1
38723,Берлин (BER),Амстердам (AMS),1
43748,Москва,Санкт-Петербург,1
15947,Chicago,Miami,1
33615,New York,Los Angeles,1
45573,Лондон (LHR),Нью-Йорк (JFK),1
3169,Лондон (LHR),Нью-Йорк (JFK),1
40778,Chicago,Miami,1
3040,Мюнхен,Вена,1
38444,London,Edinburgh,1
8783,Rome,Milan,1
2977,Chicago,Miami,1
33739,New York,Los Angeles,1
39489,Москва,Санкт-Петербург,1
35902,Стамбул (IST),Афины (ATH),1
21821,Лондон (LHR),Нью-Йорк (JFK),1
39450,London,Edinburgh,1
45667,Мюнхен,Вена,1
21444,Берлин (BER),Амстердам (AMS),1
31686,Paris,Lyon,1
41042,Стамбул (IST),Афины (ATH),1
6602,London,Edinburgh,1
1344,Париж (CDG),Рим (FCO),1
10684,Paris,Lyon,1
13832,Дубай (DXB),Бангкок (BKK),1
26072,Rome,Milan,1
5032,Токио (HND),Сеул (ICN),2
18605,Стамбул (IST),Афины (ATH),1
9782,Дубай (DXB),Бангкок (BKK),1
10579,Москва,Санкт-Петербург,1
19274,Стамбул (IST),Афины (ATH),1
19062,Париж (CDG),Рим (FCO),2
46768,Берлин (BER),Амстердам (AMS),1
15320,Дубай (DXB),Бангкок (BKK),2
4541,New York,Los Angeles,1
9438,Лондон (LHR),Нью-Йорк (JFK),1
1689,Новосибирск,Горно-Алтайск,1
6099,Мадрид (MAD),Барселона,1
2734,Берлин (BER),Амстердам (AMS),1
2404,Токио (HND),Сеул (ICN),1
877,Берлин (BER),Амстердам (AMS),1
49380,Frankfurt,Hamburg,2
34670,Стамбул (IST),Афины (ATH),1
24942,Chicago,Miami,1
31230,Лондон (LHR),Нью-Йорк (JFK),1
30596,Сингапур (SIN),Бали (DPS),1
17258,Мюнхен,Вена,1
47713,Frankfurt,Hamburg,2
14862,London,Edinburgh,1
40972,Париж (CDG),Рим (FCO),1
26026,Лондон (LHR),Нью-Йорк (JFK),1
37564,Париж (CDG),Рим (FCO),1
29823,Мадрид (MAD),Барселона,1
28919,Лондон (LHR),Нью-Йорк (JFK),1
11451,London,Edinburgh,2
18971,Париж (CDG),Рим (FCO),1
22605,Paris,Lyon,1
14669,London,Edinburgh,2
39494,Токио (HND),Сеул (ICN),1
42945,Дубай (DXB),Бангкок (BKK),1
41889,Москва (SVO),Париж (CDG),1
8671,Москва (SVO),Париж (CDG),1
27775,Новосибирск,Горно-Алтайск,1
21522,Москва,Санкт-Петербург,1
37503,Екатеринбург,Казань,1
37707,Chicago,Miami,1
25000,Москва (SVO),Париж (CDG),1
30991,Frankfurt,Hamburg,1
45557,Екатеринбург,Казань,1
32009,Новосибирск,Горно-Алтайск,1
14142,Лондон (LHR),Нью-Йорк (JFK),1
32181,Chicago,Miami,1
34535,Стамбул (IST),Афины (ATH),1
13444,Chicago,Miami,1
25766,Мадрид (MAD),Барселона,1
12188,London,Edinburgh,1
45081,Мюнхен,Вена,1
47664,New York,Los Angeles,1
16565,Дубай (DXB),Бангкок (BKK),1
878,Frankfurt,Hamburg,1
20042,London,Edinburgh,1
17337,Токио (HND),Сеул (ICN),1
14867,London,Edinburgh,1
1767,Москва,Санкт-Петербург,1
38860,Мюнхен,Вена,1
1648,Мюнхен,Вена,1
6200,Frankfurt,Hamburg,1
16882,Лондон (LHR),Нью-Йорк (JFK),1
45281,Мюнхен,Вена,1
48835,Мюнхен,Вена,1
25204,Токио (HND),Сеул (ICN),1
28379,Москва (SVO),Париж (CDG),1
36776,Новосибирск,Горно-Алтайск,1
28875,Москва,Санкт-Петербург,1
26683,Москва (SVO),Париж (CDG),1
50003,Мадрид (MAD),Барселона,1
36174,Сингапур (SIN),Бали (DPS),1
25009,Екатеринбург,Казань,1
12241,Берлин (BER),Амстердам (AMS),2
31617,Chicago,Miami,1
11409,Chicago,Miami,1
46682,Екатеринбург,Казань,1
34880,Paris,Lyon,1
11920,Сингапур (SIN),Бали (DPS),1
41103,Мюнхен,Вена,1
28167,Токио (HND),Сеул (ICN),1
34052,Мюнхен,Вена,1
34492,Мадрид (MAD),Барселона,1
28088,New York,Los Angeles,1
5363,Париж (CDG),Рим (FCO),1
18516,Лондон (LHR),Нью-Йорк (JFK),1
30944,London,Edinburgh,1
33006,Мадрид (MAD),Барселона,1
28196,Новосибирск,Горно-Алтайск,1
34544,Frankfurt,Hamburg,1
17894,Екатеринбург,Казань,2
41536,Rome,Milan,1
20962,Paris,Lyon,1
27907,New York,Los Angeles,1
7000,Сингапур (SIN),Бали (DPS),1
40609,London,Edinburgh,1
14773,New York,Los Angeles,1
22792,Frankfurt,Hamburg,2
11711,Chicago,Miami,1
23527,Лондон (LHR),Нью-Йорк (JFK),1
22477,Екатеринбург,Казань,1
18011,Мюнхен,Вена,1
11699,Мюнхен,Вена,1
33906,Лондон (LHR),Нью-Йорк (JFK),1
46823,Москва (SVO),Париж (CDG),1
38537,Сингапур (SIN),Бали (DPS),1
8662,Берлин (BER),Амстердам (AMS),1
18950,Париж (CDG),Рим (FCO),1
27159,Москва,Санкт-Петербург,1
12180,Стамбул (IST),Афины (ATH),1
42818,Москва,Санкт-Петербург,1
18989,Frankfurt,Hamburg,1
41122,Стамбул (IST),Афины (ATH),1
25171,Chicago,Miami,1
36844,New York,Los Angeles,1
23681,Новосибирск,Горно-Алтайск,1
15460,Новосибирск,Горно-Алтайск,1
3761,Мюнхен,Вена,1
43239,Берлин (BER),Амстердам (AMS),1
43883,Paris,Lyon,1
10767,Мадрид (MAD),Барселона,1
41985,Берлин (BER),Амстердам (AMS),1
23,Екатеринбург,Казань,2
44168,Токио (HND),Сеул (ICN),1
20723,Москва (SVO),Париж (CDG),1
21069,Сингапур (SIN),Бали (DPS),1
43164,Новосибирск,Горно-Алтайск,1
26627,Frankfurt,Hamburg,1
4929,Paris,Lyon,1
8778,New York,Los Angeles,1
29912,New York,Los Angeles,1
11070,Paris,Lyon,1
41794,Стамбул (IST),Афины (ATH),2
33762,London,Edinburgh,1
8809,Новосибирск,Горно-Алтайск,2
4127,Стамбул (IST),Афины (ATH),1
19277,Стамбул (IST),Афины (ATH),1
20919,Дубай (DXB),Бангкок (BKK),1
9313,Москва,Санкт-Петербург,1
13209,Новосибирск,Горно-Алтайск,1
40348,Стамбул (IST),Афины (ATH),1
5506,Новосибирск,Горно-Алтайск,1
47625,Мадрид (MAD),Барселона,1
17991,Дубай (DXB),Бангкок (BKK),1
26179,Москва,Санкт-Петербург,1
19818,Сингапур (SIN),Бали (DPS),1
10347,Frankfurt,Hamburg,1
24642,Москва,Санкт-Петербург,1
69,Новосибирск,Горно-Алтайск,1
28022,Лондон (LHR),Нью-Йорк (JFK),2
40946,Новосибирск,Горно-Алтайск,1
30056,Лондон (LHR),Нью-Йорк (JFK),1
44554,Chicago,Miami,1
1513,Paris,Lyon,1
6279,Мадрид (MAD),Барселона,2
29894,Мюнхен,Вена,1
35050,Сингапур (SIN),Бали (DPS),1
40711,Лондон (LHR),Нью-Йорк (JFK),1
12309,Краснодар,Сочи,1
37653,Мадрид (MAD),Барселона,1
46768,Токио (HND),Сеул (ICN),2
5041,Екатеринбург,Казань,1
607,Париж (CDG),Рим (FCO),1
45964,Москва (SVO),Париж (CDG),1
28607,Берлин (BER),Амстердам (AMS),1
40658,Paris,Lyon,1
3443,Москва,Санкт-Петербург,1
14128,Chicago,Miami,1
45422,Новосибирск,Горно-Алтайск,1
21200,Chicago,Miami,1
31270,Мюнхен,Вена,1
7700,Лондон (LHR),Нью-Йорк (JFK),2
17081,Париж (CDG),Рим (FCO),1
18799,Мюнхен,Вена,1
1829,Лондон (LHR),Нью-Йорк (JFK),1
12106,Париж (CDG),Рим (FCO),1
16165,Мадрид (MAD),Барселона,1
30505,Берлин (BER),Амстердам (AMS),1
49179,Новосибирск,Горно-Алтайск,1
13724,New York,Los Angeles,2
40642,Сингапур (SIN),Бали (DPS),1
4548,Rome,Milan,1
17292,Сингапур (SIN),Бали (DPS),1
21010,Краснодар,Сочи,1
41401,Токио (HND),Сеул (ICN),1
31790,Стамбул (IST),Афины (ATH),1
15432,Мюнхен,Вена,1
66,Москва (SVO),Париж (CDG),1
19022,Frankfurt,Hamburg,1
33669,Сингапур (SIN),Бали (DPS),1
37407,Берлин (BER),Амстердам (AMS),1
42431,Rome,Milan,1
35798,Париж (CDG),Рим (FCO),1
5406,Chicago,Miami,1
45372,Chicago,Miami,1
1916,Краснодар,Сочи,1
11551,New York,Los Angeles,1
12812,Мюнхен,Вена,1
5371,Новосибирск,Горно-Алтайск,1
14889,Берлин (BER),Амстердам (AMS),1
33794,New York,Los Angeles,1
10870,Мюнхен,Вена,1
14142,London,Edinburgh,2
2974,New York,Los Angeles,1
26094,Москва (SVO),Париж (CDG),2
11158,Стамбул (IST),Афины (ATH),1
24867,Москва,Санкт-Петербург,1
15040,Сингапур (SIN),Бали (DPS),2
16244,Токио (HND),Сеул (ICN),2
10366,Москва,Санкт-Петербург,1
34588,New York,Los Angeles,1
5230,Лондон (LHR),Нью-Йорк (JFK),1
15868,Париж (CDG),Рим (FCO),1
2139,Москва (SVO),Париж (CDG),1
9499,Мадрид (MAD),Барселона,1
42128,Екатеринбург,Казань,1
15178,Мюнхен,Вена,1
15318,Берлин (BER),Амстердам (AMS),1
25196,Paris,Lyon,1
13987,Новосибирск,Горно-Алтайск,1
19229,Chicago,Miami,1
35778,Екатеринбург,Казань,1
40185,Стамбул (IST),Афины (ATH),2
28343,Москва,Санкт-Петербург,1
25517,Берлин (BER),Амстердам (AMS),1
49457,Rome,Milan,1
44880,Мюнхен,Вена,1
35697,Chicago,Miami,1
10593,Дубай (DXB),Бангкок (BKK),1
1468,Мадрид (MAD),Барселона,2
24541,New York,Los Angeles,1
12986,Москва (SVO),Париж (CDG),1
9728,Дубай (DXB),Бангкок (BKK),1
32573,Екатеринбург,Казань,1
25280,Мадрид (MAD),Барселона,1
40658,Берлин (BER),Амстердам (AMS),2
29961,Москва (SVO),Париж (CDG),1
39348,Rome,Milan,1
23178,Paris,Lyon,1
32712,Дубай (DXB),Бангкок (BKK),1
45110,Chicago,Miami,1
24939,Краснодар,Сочи,1
20928,Париж (CDG),Рим (FCO),1
2416,Токио (HND),Сеул (ICN),1
29420,London,Edinburgh,1
49775,Chicago,Miami,1
15830,Paris,Lyon,2
33926,Chicago,Miami,1
47217,Дубай (DXB),Бангкок (BKK),1
17228,Дубай (DXB),Бангкок (BKK),1
18150,Сингапур (SIN),Бали (DPS),1
44699,Мадрид (MAD),Барселона,1
135,Токио (HND),Сеул (ICN),1
43839,Лондон (LHR),Нью-Йорк (JFK),1
42509,Мюнхен,Вена,1
39363,Москва,Санкт-Петербург,1
30860,Новосибирск,Горно-Алтайск,1
26521,Chicago,Miami,1
35060,Москва (SVO),Париж (CDG),1
22849,New York,Los Angeles,1
17581,Frankfurt,Hamburg,1
49169,Paris,Lyon,1
27398,Сингапур (SIN),Бали (DPS),1
34674,Париж (CDG),Рим (FCO),1
42747,Стамбул (IST),Афины (ATH),1
43327,Chicago,Miami,1
27056,Мюнхен,Вена,1
32099,Мадрид (MAD),Барселона,1
47500,Токио (HND),Сеул (ICN),1
43572,Дубай (DXB),Бангкок (BKK),1
47150,Paris,Lyon,1
30888,Новосибирск,Горно-Алтайск,1
42624,Сингапур (SIN),Бали (DPS),1
20469,Дубай (DXB),Бангкок (BKK),1
9905,Париж (CDG),Рим (FCO),1
18390,Париж (CDG),Рим (FCO),1
29846,Екатеринбург,Казань,1
18585,Мюнхен,Вена,1
47558,Екатеринбург,Казань,1
35680,Краснодар,Сочи,1
28208,Новосибирск,Горно-Алтайск,1
47253,Лондон (LHR),Нью-Йорк (JFK),1
26152,Москва,Санкт-Петербург,1
44454,London,Edinburgh,1
44926,Rome,Milan,1
32829,Мадрид (MAD),Барселона,1
49819,Мюнхен,Вена,1
4247,Новосибирск,Горно-Алтайск,1
6188,Краснодар,Сочи,1
17150,Токио (HND),Сеул (ICN),1
34907,Москва (SVO),Париж (CDG),1
38812,New York,Los Angeles,1
47591,Новосибирск,Горно-Алтайск,1
48569,Стамбул (IST),Афины (ATH),1
2533,Frankfurt,Hamburg,1
5447,Москва (SVO),Париж (CDG),1
11642,Стамбул (IST),Афины (ATH),1
7975,Frankfurt,Hamburg,1
20346,London,Edinburgh,1
30464,Москва (SVO),Париж (CDG),1
43458,Мюнхен,Вена,1
20488,Берлин (BER),Амстердам (AMS),2
42520,Екатеринбург,Казань,1
26792,Краснодар,Сочи,1
36742,Москва,Санкт-Петербург,2
42679,Стамбул (IST),Афины (ATH),1
9222,Мадрид (MAD),Барселона,1
7992,Rome,Milan,1
17837,Frankfurt,Hamburg,1
37943,Берлин (BER),Амстердам (AMS),1
43362,Мюнхен,Вена,1
32870,Paris,Lyon,1
36363,Мадрид (MAD),Барселона,1
4020,Екатеринбург,Казань,1
33218,Paris,Lyon,1
45522,Токио (HND),Сеул (ICN),1
43154,Chicago,Miami,1
48282,London,Edinburgh,1
15595,Мюнхен,Вена,1
15839,Chicago,Miami,1
698,Москва,Санкт-Петербург,1
8983,Новосибирск,Горно-Алтайск,1
17910,Париж (CDG),Рим (FCO),1
42636,Екатеринбург,Казань,1
48453,Chicago,Miami,1
32678,Новосибирск,Горно-Алтайск,1
32942,London,Edinburgh,1
28272,London,Edinburgh,1
17685,Мюнхен,Вена,1
10682,Paris,Lyon,1
21984,Токио (HND),Сеул (ICN),1
1597,Мюнхен,Вена,1
24368,New York,Los Angeles,1
18960,Берлин (BER),Амстердам (AMS),1
4142,Москва,Санкт-Петербург,2
2989,Paris,Lyon,1
45213,Берлин (BER),Амстердам (AMS),1
26515,Chicago,Miami,1
23302,Paris,Lyon,1
45376,Токио (HND),Сеул (ICN),1
23261,New York,Los Angeles,1
12725,Новосибирск,Горно-Алтайск,1
26658,Москва (SVO),Париж (CDG),1
18613,Берлин (BER),Амстердам (AMS),1
42133,Токио (HND),Сеул (ICN),1
30308,Берлин (BER),Амстердам (AMS),1
9216,Сингапур (SIN),Бали (DPS),1
1580,Москва,Санкт-Петербург,2
29939,Мадрид (MAD),Барселона,1
10685,Мадрид (MAD),Барселона,2
19369,Москва (SVO),Париж (CDG),1
48891,Дубай (DXB),Бангкок (BKK),1
26413,Новосибирск,Горно-Алтайск,1
30356,Лондон (LHR),Нью-Йорк (JFK),2
14985,Екатеринбург,Казань,1
29704,New York,Los Angeles,1
22253,Сингапур (SIN),Бали (DPS),1
26556,Мадрид (MAD),Барселона,1
29739,Мадрид (MAD),Барселона,1
8119,Берлин (BER),Амстердам (AMS),1
34880,Rome,Milan,2
45471,Москва,Санкт-Петербург,1
11330,Берлин (BER),Амстердам (AMS),1
42404,Лондон (LHR),Нью-Йорк (JFK),1
14933,Chicago,Miami,1
37889,New York,Los Angeles,1
17900,London,Edinburgh,1
47411,Стамбул (IST),Афины (ATH),1
5543,Новосибирск,Горно-Алтайск,1
47685,Москва,Санкт-Петербург,1
20822,Chicago,Miami,1
22282,Chicago,Miami,1
23212,Paris,Lyon,1
41993,Москва,Санкт-Петербург,1
2253,Frankfurt,Hamburg,1
24101,Лондон (LHR),Нью-Йорк (JFK),1
20527,Мюнхен,Вена,2
254,Rome,Milan,1
8399,Дубай (DXB),Бангкок (BKK),1
28902,Токио (HND),Сеул (ICN),1
30744,Стамбул (IST),Афины (ATH),1
2668,Дубай (DXB),Бангкок (BKK),1
23039,Берлин (BER),Амстердам (AMS),1
3410,London,Edinburgh,1
11442,Chicago,Miami,1
10951,Paris,Lyon,1
43990,Стамбул (IST),Афины (ATH),1
4354,Москва,Санкт-Петербург,1
44775,Chicago,Miami,1
8896,Париж (CDG),Рим (FCO),1
37024,Мюнхен,Вена,1
22506,Rome,Milan,1
6985,Сингапур (SIN),Бали (DPS),1
21435,Екатеринбург,Казань,1
4485,Стамбул (IST),Афины (ATH),1
26553,Краснодар,Сочи,1
48182,Дубай (DXB),Бангкок (BKK),1
33747,Краснодар,Сочи,1
16321,Берлин (BER),Амстердам (AMS),2
29533,Сингапур (SIN),Бали (DPS),1
42920,Paris,Lyon,1
28625,Дубай (DXB),Бангкок (BKK),1
28723,Краснодар,Сочи,1
40862,New York,Los Angeles,1
46504,London,Edinburgh,2
25273,Сингапур (SIN),Бали (DPS),1
5435,Новосибирск,Горно-Алтайск,2
9991,Токио (HND),Сеул (ICN),1
48013,Сингапур (SIN),Бали (DPS),1
47868,Берлин (BER),Амстердам (AMS),1
10526,Мюнхен,Вена,1
39806,Rome,Milan,1
32113,Москва (SVO),Париж (CDG),1
44771,Москва (SVO),Париж (CDG),1
748,Paris,Lyon,1
12597,Мюнхен,Вена,1
11627,Rome,Milan,1
583,Краснодар,Сочи,1
31576,Мадрид (MAD),Барселона,1
6660,Берлин (BER),Амстердам (AMS),1
49557,Frankfurt,Hamburg,1
2805,Мадрид (MAD),Барселона,1
24338,Frankfurt,Hamburg,1
12679,Paris,Lyon,1
11785,Стамбул (IST),Афины (ATH),1
17682,Париж (CDG),Рим (FCO),1
48230,Дубай (DXB),Бангкок (BKK),1
37965,Лондон (LHR),Нью-Йорк (JFK),1
46838,Дубай (DXB),Бангкок (BKK),1
10446,Rome,Milan,1
10062,Екатеринбург,Казань,1
16171,Paris,Lyon,1
15354,Rome,Milan,1
35652,Стамбул (IST),Афины (ATH),1
35548,Париж (CDG),Рим (FCO),1
19289,Стамбул (IST),Афины (ATH),1
29436,Берлин (BER),Амстердам (AMS),1
15754,Мадрид (MAD),Барселона,1
33923,Дубай (DXB),Бангкок (BKK),1
14976,Краснодар,Сочи,1
42447,Париж (CDG),Рим (FCO),2
28637,Frankfurt,Hamburg,1
41026,Новосибирск,Горно-Алтайск,1
24160,Chicago,Miami,1
5201,Токио (HND),Сеул (ICN),1
44637,Мюнхен,Вена,1
39134,Краснодар,Сочи,1
46592,Москва (SVO),Париж (CDG),1
17288,Берлин (BER),Амстердам (AMS),1
9981,Новосибирск,Горно-Алтайск,1
12711,Краснодар,Сочи,2
36606,Токио (HND),Сеул (ICN),1
8874,Мадрид (MAD),Барселона,1
24270,Дубай (DXB),Бангкок (BKK),1
47171,London,Edinburgh,1
5513,Москва (SVO),Париж (CDG),1
15305,Лондон (LHR),Нью-Йорк (JFK),1
5634,Chicago,Miami,1
28181,Мадрид (MAD),Барселона,1
32867,Paris,Lyon,1
989,Rome,Milan,2
29524,Токио (HND),Сеул (ICN),1
20606,Сингапур (SIN),Бали (DPS),1
31669,Лондон (LHR),Нью-Йорк (JFK),1
46969,Новосибирск,Горно-Алтайск,1
35847,Париж (CDG),Рим (FCO),1
49657,Frankfurt,Hamburg,2
38490,Москва (SVO),Париж (CDG),1
5384,Москва (SVO),Париж (CDG),1
10686,Москва (SVO),Париж (CDG),1
1754,Стамбул (IST),Афины (ATH),1
1339,London,Edinburgh,1
15986,Paris,Lyon,1
26115,Токио (HND),Сеул (ICN),1
16219,Frankfurt,Hamburg,1
15111,Стамбул (IST),Афины (ATH),1
20917,Paris,Lyon,1
7098,Екатеринбург,Казань,1
44281,Frankfurt,Hamburg,1
47025,Сингапур (SIN),Бали (DPS),1
29890,Стамбул (IST),Афины (ATH),1
14818,Paris,Lyon,1
15863,Париж (CDG),Рим (FCO),2
46770,Москва (SVO),Париж (CDG),1
36119,Frankfurt,Hamburg,1
38274,Токио (HND),Сеул (ICN),1
8901,Frankfurt,Hamburg,1
43734,Москва (SVO),Париж (CDG),2
28461,Мадрид (MAD),Барселона,1
6451,Берлин (BER),Амстердам (AMS),1
25438,Сингапур (SIN),Бали (DPS),1
9716,Мюнхен,Вена,1
48788,Краснодар,Сочи,1
14226,Paris,Lyon,1
21957,Frankfurt,Hamburg,1
34412,Сингапур (SIN),Бали (DPS),1
7224,Мюнхен,Вена,2
15889,Москва,Санкт-Петербург,1
47548,Дубай (DXB),Бангкок (BKK),1
43534,Новосибирск,Горно-Алтайск,1
16911,Стамбул (IST),Афины (ATH),1
48036,Стамбул (IST),Афины (ATH),1
26299,Лондон (LHR),Нью-Йорк (JFK),1
14138,Мюнхен,Вена,1
24301,Мюнхен,Вена,1
5635,Лондон (LHR),Нью-Йорк (JFK),1
28236,Chicago,Miami,1
1498,Мюнхен,Вена,1
21341,New York,Los Angeles,1
8126,Rome,Milan,1
35860,Frankfurt,Hamburg,1
34803,London,Edinburgh,1
20026,Дубай (DXB),Бангкок (BKK),1
20093,Paris,Lyon,1
18277,Стамбул (IST),Афины (ATH),1
39683,Дубай (DXB),Бангкок (BKK),1
17842,Новосибирск,Горно-Алтайск,2
40565,Москва (SVO),Париж (CDG),1
39201,Мадрид (MAD),Барселона,1
1500,Стамбул (IST),Афины (ATH),1
37786,Токио (HND),Сеул (ICN),1
5138,Rome,Milan,1
45850,Москва,Санкт-Петербург,1
11692,Сингапур (SIN),Бали (DPS),1
1169,New York,Los Angeles,1
45062,Мадрид (MAD),Барселона,2
41095,Краснодар,Сочи,1
47979,Париж (CDG),Рим (FCO),1
47592,Мадрид (MAD),Барселона,1
18251,Москва,Санкт-Петербург,1
29156,Лондон (LHR),Нью-Йорк (JFK),1
17729,Стамбул (IST),Афины (ATH),1
30792,Лондон (LHR),Нью-Йорк (JFK),1
16556,Новосибирск,Горно-Алтайск,1
7596,Екатеринбург,Казань,1
40471,Мадрид (MAD),Барселона,1
42207,Стамбул (IST),Афины (ATH),2
4082,Берлин (BER),Амстердам (AMS),1
44874,Мюнхен,Вена,1
43732,New York,Los Angeles,1
9347,New York,Los Angeles,1
33268,Сингапур (SIN),Бали (DPS),1
13146,Токио (HND),Сеул (ICN),1
3124,Краснодар,Сочи,1
30819,Москва (SVO),Париж (CDG),1
46377,Frankfurt,Hamburg,1
21969,Новосибирск,Горно-Алтайск,1
33021,Сингапур (SIN),Бали (DPS),1
3616,Мюнхен,Вена,1
10005,Берлин (BER),Амстердам (AMS),2
5200,Екатеринбург,Казань,1
8134,Берлин (BER),Амстердам (AMS),1
13625,Париж (CDG),Рим (FCO),1
967,Paris,Lyon,1
19958,Москва,Санкт-Петербург,1
6888,Новосибирск,Горно-Алтайск,1
43341,Новосибирск,Горно-Алтайск,1
8889,New York,Los Angeles,1
23924,Мадрид (MAD),Барселона,1
20102,Chicago,Miami,2
857,Москва,Санкт-Петербург,1
12903,Екатеринбург,Казань,1
364,Frankfurt,Hamburg,1
12542,Екатеринбург,Казань,1
18479,Краснодар,Сочи,1
5613,Chicago,Miami,1
24630,Краснодар,Сочи,1
17326,Paris,Lyon,1
6009,Париж (CDG),Рим (FCO),1
30636,Сингапур (SIN),Бали (DPS),1
45471,Rome,Milan,2
48695,Стамбул (IST),Афины (ATH),1
22785,Москва,Санкт-Петербург,2
8628,Москва,Санкт-Петербург,1
14778,Париж (CDG),Рим (FCO),1
3881,Берлин (BER),Амстердам (AMS),1
49540,Rome,Milan,1
34610,Дубай (DXB),Бангкок (BKK),1
26460,Дубай (DXB),Бангкок (BKK),1
3332,Мадрид (MAD),Барселона,1
13960,Токио (HND),Сеул (ICN),1
2514,New York,Los Angeles,2
26674,Москва,Санкт-Петербург,1
37253,Frankfurt,Hamburg,1
11591,Лондон (LHR),Нью-Йорк (JFK),1
23315,Paris,Lyon,1
19183,Москва,Санкт-Петербург,1
5383,Сингапур (SIN),Бали (DPS),1
15922,Екатеринбург,Казань,1
10886,Краснодар,Сочи,1
46705,Frankfurt,Hamburg,2
17350,Frankfurt,Hamburg,1
12830,Стамбул (IST),Афины (ATH),1
35770,Екатеринбург,Казань,1
11228,Лондон (LHR),Нью-Йорк (JFK),1
28053,Мадрид (MAD),Барселона,1
47022,Москва,Санкт-Петербург,1
17569,Дубай (DXB),Бангкок (BKK),1
42446,Екатеринбург,Казань,1
10417,Новосибирск,Горно-Алтайск,1
12910,Мадрид (MAD),Барселона,2
25720,Rome,Milan,1
31327,Краснодар,Сочи,1
35055,Москва (SVO),Париж (CDG),1
42782,Москва (SVO),Париж (CDG),1
12192,Paris,Lyon,1
6871,Мюнхен,Вена,1
17700,New York,Los Angeles,1
18902,Paris,Lyon,1
17345,Краснодар,Сочи,1
41285,Сингапур (SIN),Бали (DPS),1
37446,Frankfurt,Hamburg,1
25572,Париж (CDG),Рим (FCO),1
25151,New York,Los Angeles,1
174,Токио (HND),Сеул (ICN),1
36877,Берлин (BER),Амстердам (AMS),1
8194,Москва (SVO),Париж (CDG),1
1707,Новосибирск,Горно-Алтайск,1
48813,Екатеринбург,Казань,1
43706,Chicago,Miami,1
42384,Rome,Milan,1
22352,Мюнхен,Вена,1
17902,London,Edinburgh,1
37220,Frankfurt,Hamburg,1
17495,Москва,Санкт-Петербург,1
36180,Екатеринбург,Казань,1
7933,Frankfurt,Hamburg,1
3627,Стамбул (IST),Афины (ATH),1
45638,Токио (HND),Сеул (ICN),1
46252,Токио (HND),Сеул (ICN),1
39722,Екатеринбург,Казань,1
29917,Мадрид (MAD),Барселона,1
1159,Стамбул (IST),Афины (ATH),1
24224,Краснодар,Сочи,1
14150,Стамбул (IST),Афины (ATH),1
40937,London,Edinburgh,1
18137,Новосибирск,Горно-Алтайск,1
49415,Париж (CDG),Рим (FCO),1
10094,Сингапур (SIN),Бали (DPS),1
48104,Лондон (LHR),Нью-Йорк (JFK),1
34781,Лондон (LHR),Нью-Йорк (JFK),1
47886,Краснодар,Сочи,1
42525,Дубай (DXB),Бангкок (BKK),1
1804,Дубай (DXB),Бангкок (BKK),1
46216,Rome,Milan,1
40011,Новосибирск,Горно-Алтайск,1
8465,Paris,Lyon,1
1201,London,Edinburgh,1
15360,New York,Los Angeles,1
20361,Rome,Milan,1
37682,Стамбул (IST),Афины (ATH),1
244,Сингапур (SIN),Бали (DPS),1
6055,Мадрид (MAD),Барселона,1
36688,Токио (HND),Сеул (ICN),1
37446,Берлин (BER),Амстердам (AMS),2
16599,Paris,Lyon,1
31423,Берлин (BER),Амстердам (AMS),1
47013,Москва (SVO),Париж (CDG),1
14265,London,Edinburgh,1
115,Париж (CDG),Рим (FCO),1
42921,Мюнхен,Вена,1
30677,Мюнхен,Вена,1
19827,Сингапур (SIN),Бали (DPS),1
32329,Лондон (LHR),Нью-Йорк (JFK),1
28216,Париж (CDG),Рим (FCO),2
35255,Paris,Lyon,1
38895,Дубай (DXB),Бангкок (BKK),1
19085,Москва (SVO),Париж (CDG),1
35072,Токио (HND),Сеул (ICN),1
45671,New York,Los Angeles,1
48682,Rome,Milan,1
5715,Мюнхен,Вена,1
10115,Краснодар,Сочи,1
46379,Мадрид (MAD),Барселона,3
20047,Москва (SVO),Париж (CDG),2
8459,Сингапур (SIN),Бали (DPS),1
35787,Сингапур (SIN),Бали (DPS),1
39007,Стамбул (IST),Афины (ATH),1
4881,Париж (CDG),Рим (FCO),1
38420,Екатеринбург,Казань,2
15219,Новосибирск,Горно-Алтайск,2
31315,Париж (CDG),Рим (FCO),1
40412,Краснодар,Сочи,1
14064,Новосибирск,Горно-Алтайск,1
9524,London,Edinburgh,1
49583,Москва,Санкт-Петербург,1
1716,Стамбул (IST),Афины (ATH),1
49537,Токио (HND),Сеул (ICN),1
35456,Москва,Санкт-Петербург,1
30822,Краснодар,Сочи,1
9829,Лондон (LHR),Нью-Йорк (JFK),1
34270,Екатеринбург,Казань,1
28167,Лондон (LHR),Нью-Йорк (JFK),2
6635,Дубай (DXB),Бангкок (BKK),2
15275,New York,Los Angeles,1
42747,Краснодар,Сочи,2
7159,Мадрид (MAD),Барселона,1
18763,Париж (CDG),Рим (FCO),1
9698,Новосибирск,Горно-Алтайск,1
943,Мюнхен,Вена,1
21890,Дубай (DXB),Бангкок (BKK),1
28502,Москва,Санкт-Петербург,1
49071,Chicago,Miami,1
33594,Москва,Санкт-Петербург,2
8221,Лондон (LHR),Нью-Йорк (JFK),2
48392,London,Edinburgh,1
39087,New York,Los Angeles,1
22500,London,Edinburgh,1
44256,Париж (CDG),Рим (FCO),1
12311,Paris,Lyon,1
44447,London,Edinburgh,1
45910,Лондон (LHR),Нью-Йорк (JFK),1
6327,London,Edinburgh,1
28264,Краснодар,Сочи,1
29663,Краснодар,Сочи,1
48917,New York,Los Angeles,1
43688,Сингапур (SIN),Бали (DPS),1
2619,Rome,Milan,1
5132,Frankfurt,Hamburg,1
12959,Стамбул (IST),Афины (ATH),1
2960,Сингапур (SIN),Бали (DPS),1
39896,Москва,Санкт-Петербург,1
3958,Париж (CDG),Рим (FCO),1
49909,Екатеринбург,Казань,1
44372,Краснодар,Сочи,1
31977,Rome,Milan,1
7524,Сингапур (SIN),Бали (DPS),1
32112,Chicago,Miami,1
14297,Краснодар,Сочи,1
13439,Париж (CDG),Рим (FCO),1
16002,Мадрид (MAD),Барселона,1
5764,Дубай (DXB),Бангкок (BKK),1
15297,Paris,Lyon,1
15068,Екатеринбург,Казань,1
10591,London,Edinburgh,1
2833,Стамбул (IST),Афины (ATH),2
4503,Берлин (BER),Амстердам (AMS),3
699,Токио (HND),Сеул (ICN),1
8172,New York,Los Angeles,1
3587,Токио (HND),Сеул (ICN),1
17204,Париж (CDG),Рим (FCO),1
27107,Мюнхен,Вена,1
13513,Екатеринбург,Казань,1
23471,Сингапур (SIN),Бали (DPS),1
30422,Новосибирск,Горно-Алтайск,1
19110,Москва (SVO),Париж (CDG),1
20202,New York,Los Angeles,1
20090,Сингапур (SIN),Бали (DPS),1
27795,Frankfurt,Hamburg,1
1379,Сингапур (SIN),Бали (DPS),1
256,Новосибирск,Горно-Алтайск,1
42708,Paris,Lyon,1
32765,Paris,Lyon,1
27335,Rome,Milan,1
47416,Rome,Milan,1
12945,Мюнхен,Вена,1
10885,Берлин (BER),Амстердам (AMS),1
43045,Екатеринбург,Казань,1
31281,Берлин (BER),Амстердам (AMS),3
38583,Стамбул (IST),Афины (ATH),1
14133,Берлин (BER),Амстердам (AMS),1
33695,Берлин (BER),Амстердам (AMS),1
4566,London,Edinburgh,1
35444,Москва (SVO),Париж (CDG),1
31042,Берлин (BER),Амстердам (AMS),1
22870,Paris,Lyon,2
23925,Лондон (LHR),Нью-Йорк (JFK),1
44958,Paris,Lyon,1
6513,Rome,Milan,1
32984,Paris,Lyon,1
28674,Мюнхен,Вена,1
34113,Москва (SVO),Париж (CDG),1
20662,Дубай (DXB),Бангкок (BKK),1
22749,Токио (HND),Сеул (ICN),2
40946,Rome,Milan,2
24062,London,Edinburgh,1
40326,Москва (SVO),Париж (CDG),1
27381,Лондон (LHR),Нью-Йорк (JFK),1
8972,Новосибирск,Горно-Алтайск,1
22313,Токио (HND),Сеул (ICN),1
40108,Париж (CDG),Рим (FCO),1
13787,Токио (HND),Сеул (ICN),1
9752,Мадрид (MAD),Барселона,1
31531,Paris,Lyon,1
27540,Новосибирск,Горно-Алтайск,1
37916,Москва (SVO),Париж (CDG),1
27895,Frankfurt,Hamburg,1
6151,Chicago,Miami,1
33151,Токио (HND),Сеул (ICN),1
23254,Paris,Lyon,1
48205,Токио (HND),Сеул (ICN),1
847,Сингапур (SIN),Бали (DPS),1
42091,Chicago,Miami,2
14104,Краснодар,Сочи,1
33027,Париж (CDG),Рим (FCO),1
2006,Москва (SVO),Париж (CDG),1
11295,Мадрид (MAD),Барселона,1
15976,Новосибирск,Горно-Алтайск,2
6586,Екатеринбург,Казань,1
25534,Токио (HND),Сеул (ICN),1
13130,Париж (CDG),Рим (FCO),1
35432,Берлин (BER),Амстердам (AMS),2
30191,New York,Los Angeles,1
41946,Краснодар,Сочи,1
47836,Сингапур (SIN),Бали (DPS),1
6905,London,Edinburgh,1
22050,New York,Los Angeles,1
33718,Берлин (BER),Амстердам (AMS),1
43601,Frankfurt,Hamburg,1
35832,Москва (SVO),Париж (CDG),2
38341,Chicago,Miami,1
18352,Chicago,Miami,1
3932,Москва,Санкт-Петербург,2
44886,Chicago,Miami,1
28325,New York,Los Angeles,1
14694,Chicago,Miami,1
37620,Сингапур (SIN),Бали (DPS),1
5325,Paris,Lyon,1
39526,Токио (HND),Сеул (ICN),1
45005,Москва,Санкт-Петербург,1
1214,Новосибирск,Горно-Алтайск,1
30032,Paris,Lyon,1
38136,Москва,Санкт-Петербург,1
33896,Chicago,Miami,1
40187,London,Edinburgh,1
49298,New York,Los Angeles,1
14815,Дубай (DXB),Бангкок (BKK),1
27271,Париж (CDG),Рим (FCO),1
15031,Paris,Lyon,1
26856,Новосибирск,Горно-Алтайск,1
22377,Мюнхен,Вена,2
1682,Токио (HND),Сеул (ICN),1
14360,Новосибирск,Горно-Алтайск,1
1557,Мадрид (MAD),Барселона,1
12537,New York,Los Angeles,1
18853,London,Edinburgh,1
49306,Стамбул (IST),Афины (ATH),1
22272,Rome,Milan,2
19764,Париж (CDG),Рим (FCO),1
9734,Новосибирск,Горно-Алтайск,1
16330,Екатеринбург,Казань,1
5807,Краснодар,Сочи,1
24886,New York,Los Angeles,1
19931,London,Edinburgh,2
44409,Frankfurt,Hamburg,1
32480,Мюнхен,Вена,1
18513,Токио (HND),Сеул (ICN),1
24230,Новосибирск,Горно-Алтайск,1
44310,Токио (HND),Сеул (ICN),1
14431,Мюнхен,Вена,1
11302,Лондон (LHR),Нью-Йорк (JFK),1
5907,Москва,Санкт-Петербург,1
31640,London,Edinburgh,1
15130,London,Edinburgh,1
7387,Стамбул (IST),Афины (ATH),1
2238,London,Edinburgh,1
43973,Токио (HND),Сеул (ICN),1
24515,Екатеринбург,Казань,1
9033,Paris,Lyon,1
44874,Токио (HND),Сеул (ICN),2
545,Новосибирск,Горно-Алтайск,1
18315,Стамбул (IST),Афины (ATH),1
7658,Москва (SVO),Париж (CDG),1
34504,Мюнхен,Вена,1
29862,Токио (HND),Сеул (ICN),1
17785,London,Edinburgh,1
8022,Мюнхен,Вена,1
44517,Лондон (LHR),Нью-Йорк (JFK),1
26366,Краснодар,Сочи,1
11176,Мюнхен,Вена,1
34032,Мадрид (MAD),Барселона,1
30738,London,Edinburgh,1
35087,Frankfurt,Hamburg,1
48374,London,Edinburgh,1
3811,Мадрид (MAD),Барселона,1
20003,Краснодар,Сочи,1
10175,Сингапур (SIN),Бали (DPS),1
36911,Paris,Lyon,1
39802,Екатеринбург,Казань,1
44109,New York,Los Angeles,1
4297,Москва,Санкт-Петербург,1
2835,Лондон (LHR),Нью-Йорк (JFK),1
24029,Rome,Milan,1
16600,Paris,Lyon,1
10676,Екатеринбург,Казань,1
44308,Екатеринбург,Казань,1
27131,Лондон (LHR),Нью-Йорк (JFK),1
46982,Краснодар,Сочи,1
22576,Париж (CDG),Рим (FCO),1
35296,Frankfurt,Hamburg,1
39467,Сингапур (SIN),Бали (DPS),1
44240,Екатеринбург,Казань,1
25584,Paris,Lyon,1
38000,Екатеринбург,Казань,1
3191,Сингапур (SIN),Бали (DPS),1
26754,Париж (CDG),Рим (FCO),1
796,Сингапур (SIN),Бали (DPS),1
18133,Москва,Санкт-Петербург,1
42091,Берлин (BER),Амстердам (AMS),3
40503,Екатеринбург,Казань,1
30438,New York,Los Angeles,1
18232,London,Edinburgh,1
18033,Берлин (BER),Амстердам (AMS),1
33059,Frankfurt,Hamburg,1
45179,Лондон (LHR),Нью-Йорк (JFK),1
3731,London,Edinburgh,1
12749,Paris,Lyon,2
14362,Екатеринбург,Казань,1
7008,Париж (CDG),Рим (FCO),1
35753,Берлин (BER),Амстердам (AMS),1
42834,Мадрид (MAD),Барселона,1
23073,Екатеринбург,Казань,1
46220,Сингапур (SIN),Бали (DPS),1
9210,Дубай (DXB),Бангкок (BKK),1
44920,Paris,Lyon,1
37262,Екатеринбург,Казань,1
23253,Стамбул (IST),Афины (ATH),1
8022,Сингапур (SIN),Бали (DPS),2
38956,Стамбул (IST),Афины (ATH),1
13762,Москва,Санкт-Петербург,1
11012,Rome,Milan,1
3083,Rome,Milan,1
29921,Париж (CDG),Рим (FCO),1
37125,Chicago,Miami,1
6888,Мадрид (MAD),Барселона,2
30703,Москва,Санкт-Петербург,1
18020,Мюнхен,Вена,1
31939,Токио (HND),Сеул (ICN),1
19366,Москва,Санкт-Петербург,1
18776,Rome,Milan,1
49738,New York,Los Angeles,1
9869,Москва (SVO),Париж (CDG),1
44030,Дубай (DXB),Бангкок (BKK),1
32289,Сингапур (SIN),Бали (DPS),2
45925,Дубай (DXB),Бангкок (BKK),1
10226,Новосибирск,Горно-Алтайск,1
48740,Frankfurt,Hamburg,1
15807,Екатеринбург,Казань,1
4598,Париж (CDG),Рим (FCO),2
9464,Берлин (BER),Амстердам (AMS),1
6009,Chicago,Miami,2
45589,Chicago,Miami,1
43844,Rome,Milan,1
28292,London,Edinburgh,1
42898,Frankfurt,Hamburg,1
5602,Rome,Milan,1
34340,Москва (SVO),Париж (CDG),1
7683,Лондон (LHR),Нью-Йорк (JFK),2
47949,Chicago,Miami,1
39565,Париж (CDG),Рим (FCO),1
29195,Краснодар,Сочи,1
11138,Chicago,Miami,1
42933,Frankfurt,Hamburg,1
42226,Москва,Санкт-Петербург,2
45533,Токио (HND),Сеул (ICN),1
15946,Лондон (LHR),Нью-Йорк (JFK),1
4376,Мюнхен,Вена,1
36428,Берлин (BER),Амстердам (AMS),2
1729,Сингапур (SIN),Бали (DPS),1
41497,London,Edinburgh,1
27377,Мюнхен,Вена,2
33311,Frankfurt,Hamburg,1
6482,Frankfurt,Hamburg,1
24676,Москва (SVO),Париж (CDG),1
8872,Москва,Санкт-Петербург,1
45198,Новосибирск,Горно-Алтайск,1
45615,Париж (CDG),Рим (FCO),1
6254,New York,Los Angeles,1
17864,Rome,Milan,1
37884,Москва (SVO),Париж (CDG),1
11811,Мадрид (MAD),Барселона,1
17233,Токио (HND),Сеул (ICN),1
17119,Москва (SVO),Париж (CDG),1
45441,London,Edinburgh,1
30496,Стамбул (IST),Афины (ATH),1
20175,Берлин (BER),Амстердам (AMS),1
3498,Токио (HND),Сеул (ICN),1
11244,New York,Los Angeles,2
1287,Стамбул (IST),Афины (ATH),2
40599,Лондон (LHR),Нью-Йорк (JFK),1
42877,Paris,Lyon,1
26615,Chicago,Miami,1
19893,New York,Los Angeles,1
7072,Rome,Milan,1
47965,New York,Los Angeles,1
8692,London,Edinburgh,1
23875,Москва (SVO),Париж (CDG),1
39704,Лондон (LHR),Нью-Йорк (JFK),1
20689,Берлин (BER),Амстердам (AMS),1
22760,Frankfurt,Hamburg,1
62,Берлин (BER),Амстердам (AMS),1
23532,Краснодар,Сочи,1
13501,London,Edinburgh,1
27157,Берлин (BER),Амстердам (AMS),1
16789,Берлин (BER),Амстердам (AMS),1
31630,Москва (SVO),Париж (CDG),2
48746,Сингапур (SIN),Бали (DPS),1
28439,Rome,Milan,2
1542,New York,Los Angeles,1
25242,Краснодар,Сочи,1
44722,Москва (SVO),Париж (CDG),1
46326,Мюнхен,Вена,1
9276,Лондон (LHR),Нью-Йорк (JFK),2
39298,New York,Los Angeles,2
44049,Rome,Milan,1
9112,Берлин (BER),Амстердам (AMS),2
26482,Новосибирск,Горно-Алтайск,1
9342,Лондон (LHR),Нью-Йорк (JFK),1
39394,Сингапур (SIN),Бали (DPS),1
31882,Chicago,Miami,1
14135,Стамбул (IST),Афины (ATH),1
32213,Париж (CDG),Рим (FCO),1
44423,Лондон (LHR),Нью-Йорк (JFK),1
32892,Париж (CDG),Рим (FCO),1
2574,Берлин (BER),Амстердам (AMS),1
14278,Мюнхен,Вена,1
26690,Сингапур (SIN),Бали (DPS),1
42803,New York,Los Angeles,1
38096,Новосибирск,Горно-Алтайск,1
42451,Paris,Lyon,2
24248,Краснодар,Сочи,2
6088,Paris,Lyon,1
36682,Краснодар,Сочи,1
38651,Мадрид (MAD),Барселона,1
37051,Лондон (LHR),Нью-Йорк (JFK),1
16332,Дубай (DXB),Бангкок (BKK),1
28429,London,Edinburgh,1
40014,Краснодар,Сочи,1
14768,Новосибирск,Горно-Алтайск,1
45022,Новосибирск,Горно-Алтайск,1
2654,London,Edinburgh,1
44652,Сингапур (SIN),Бали (DPS),1
42994,Frankfurt,Hamburg,1
38491,Дубай (DXB),Бангкок (BKK),1
47985,Краснодар,Сочи,1
8678,Мюнхен,Вена,1
24718,Мюнхен,Вена,1
36693,Париж (CDG),Рим (FCO),2
414,Стамбул (IST),Афины (ATH),1
11049,London,Edinburgh,1
44726,London,Edinburgh,1
11542,London,Edinburgh,1
30110,Chicago,Miami,1
32066,Екатеринбург,Казань,1
34086,Берлин (BER),Амстердам (AMS),1
9283,Лондон (LHR),Нью-Йорк (JFK),1
45923,Москва,Санкт-Петербург,1
11616,Rome,Milan,1
26479,Краснодар,Сочи,1
25001,Москва,Санкт-Петербург,1
7784,Москва (SVO),Париж (CDG),1
14747,Токио (HND),Сеул (ICN),1
48266,Берлин (BER),Амстердам (AMS),1
1114,Стамбул (IST),Афины (ATH),1
38479,Дубай (DXB),Бангкок (BKK),1
40544,Paris,Lyon,1
49091,New York,Los Angeles,1
1404,Мадрид (MAD),Барселона,1
39765,Paris,Lyon,1
12993,London,Edinburgh,1
8685,New York,Los Angeles,1
25248,Берлин (BER),Амстердам (AMS),1
9815,Мюнхен,Вена,1
30273,Берлин (BER),Амстердам (AMS),1
40084,London,Edinburgh,1
21644,Москва,Санкт-Петербург,1
14513,Chicago,Miami,1
24096,Дубай (DXB),Бангкок (BKK),1
22740,Chicago,Miami,1
22287,Мадрид (MAD),Барселона,1
15163,Москва,Санкт-Петербург,1
23602,Екатеринбург,Казань,1
8318,Мюнхен,Вена,1
15456,New York,Los Angeles,1
5282,Москва (SVO),Париж (CDG),1
30122,Chicago,Miami,1
21724,Новосибирск,Горно-Алтайск,1
1344,Frankfurt,Hamburg,2
10073,Париж (CDG),Рим (FCO),1
7862,Новосибирск,Горно-Алтайск,1
37526,Rome,Milan,2
6048,Париж (CDG),Рим (FCO),1
36213,Лондон (LHR),Нью-Йорк (JFK),1
17013,Новосибирск,Горно-Алтайск,1
11264,Москва (SVO),Париж (CDG),1
33318,Москва,Санкт-Петербург,1
30756,Москва (SVO),Париж (CDG),1
49285,Париж (CDG),Рим (FCO),1
30193,London,Edinburgh,1
22133,Краснодар,Сочи,1
42202,Rome,Milan,1
6828,Paris,Lyon,1
3936,Стамбул (IST),Афины (ATH),1
16939,Лондон (LHR),Нью-Йорк (JFK),1
19000,Дубай (DXB),Бангкок (BKK),1
14784,Дубай (DXB),Бангкок (BKK),1
23373,Дубай (DXB),Бангкок (BKK),1
13008,New York,Los Angeles,1
38680,Москва (SVO),Париж (CDG),1
19385,Токио (HND),Сеул (ICN),1
48131,Париж (CDG),Рим (FCO),1
10693,Дубай (DXB),Бангкок (BKK),1
20320,Сингапур (SIN),Бали (DPS),1
24892,Стамбул (IST),Афины (ATH),1
5159,Сингапур (SIN),Бали (DPS),1
46864,Лондон (LHR),Нью-Йорк (JFK),1
31354,Токио (HND),Сеул (ICN),1
36875,Стамбул (IST),Афины (ATH),1
49257,Краснодар,Сочи,1
41155,Сингапур (SIN),Бали (DPS),1
28338,Краснодар,Сочи,1
30265,Лондон (LHR),Нью-Йорк (JFK),1
33590,Paris,Lyon,1
40061,Екатеринбург,Казань,1
26073,Chicago,Miami,1
48201,Краснодар,Сочи,1
4282,Paris,Lyon,1
6519,Rome,Milan,2
46539,Москва (SVO),Париж (CDG),1
13510,Москва (SVO),Париж (CDG),1
5541,Лондон (LHR),Нью-Йорк (JFK),1
28813,Стамбул (IST),Афины (ATH),1
33447,London,Edinburgh,1
16905,New York,Los Angeles,2
9543,Chicago,Miami,1
38466,Сингапур (SIN),Бали (DPS),1
9174,Rome,Milan,1
25604,Мадрид (MAD),Барселона,1
18949,Мадрид (MAD),Барселона,1
42158,Сингапур (SIN),Бали (DPS),1
48959,Frankfurt,Hamburg,1
10851,Москва (SVO),Париж (CDG),1
9212,Краснодар,Сочи,2
6051,Токио (HND),Сеул (ICN),1
45954,Rome,Milan,1
10178,New York,Los Angeles,1
46832,Лондон (LHR),Нью-Йорк (JFK),1
3074,Frankfurt,Hamburg,1
38437,Дубай (DXB),Бангкок (BKK),1
45274,Дубай (DXB),Бангкок (BKK),1
34104,Лондон (LHR),Нью-Йорк (JFK),1
14941,Стамбул (IST),Афины (ATH),1
42589,Краснодар,Сочи,1
3464,Rome,Milan,1
24434,Сингапур (SIN),Бали (DPS),1
11666,Токио (HND),Сеул (ICN),1
38737,Москва,Санкт-Петербург,1
36661,Москва,Санкт-Петербург,1
48288,Берлин (BER),Амстердам (AMS),1
32038,Сингапур (SIN),Бали (DPS),1
2815,Москва (SVO),Париж (CDG),1
30896,London,Edinburgh,1
19724,Rome,Milan,1
3757,Токио (HND),Сеул (ICN),1
4595,Новосибирск,Горно-Алтайск,1
26952,Москва,Санкт-Петербург,1
39170,Сингапур (SIN),Бали (DPS),1
5294,Москва (SVO),Париж (CDG),1
27911,Rome,Milan,1
19780,Frankfurt,Hamburg,1
34192,Новосибирск,Горно-Алтайск,1
17023,Сингапур (SIN),Бали (DPS),1
21429,Екатеринбург,Казань,1
42389,Москва,Санкт-Петербург,1
12857,Мадрид (MAD),Барселона,1
22799,Сингапур (SIN),Бали (DPS),1
49478,Лондон (LHR),Нью-Йорк (JFK),1
26349,Лондон (LHR),Нью-Йорк (JFK),1
47183,Лондон (LHR),Нью-Йорк (JFK),1
12282,Frankfurt,Hamburg,1
17412,Дубай (DXB),Бангкок (BKK),1
44604,Париж (CDG),Рим (FCO),1
6643,Сингапур (SIN),Бали (DPS),1
47200,Токио (HND),Сеул (ICN),1
12432,Москва (SVO),Париж (CDG),1
175,Берлин (BER),Амстердам (AMS),1
18392,Берлин (BER),Амстердам (AMS),1
18910,Chicago,Miami,1
14750,New York,Los Angeles,1
4037,Лондон (LHR),Нью-Йорк (JFK),1
14185,Новосибирск,Горно-Алтайск,1
26846,Екатеринбург,Казань,1
25444,Москва (SVO),Париж (CDG),1
28495,Мюнхен,Вена,1
19835,Екатеринбург,Казань,1
21232,Берлин (BER),Амстердам (AMS),1
6807,Москва,Санкт-Петербург,1
35466,Мюнхен,Вена,1
39917,Москва,Санкт-Петербург,1
10626,Дубай (DXB),Бангкок (BKK),1
34243,Краснодар,Сочи,1
397,Москва (SVO),Париж (CDG),1
1593,Paris,Lyon,1
28758,Мадрид (MAD),Барселона,1
45383,Сингапур (SIN),Бали (DPS),1
35148,Токио (HND),Сеул (ICN),1
23159,Токио (HND),Сеул (ICN),2
45404,Краснодар,Сочи,2
31626,Берлин (BER),Амстердам (AMS),1
6561,Екатеринбург,Казань,1
34337,Мадрид (MAD),Барселона,1
2112,Екатеринбург,Казань,1
45532,Мюнхен,Вена,1
18802,Frankfurt,Hamburg,1
40284,Paris,Lyon,2
30747,Москва (SVO),Париж (CDG),1
41474,Москва (SVO),Париж (CDG),1
25490,Сингапур (SIN),Бали (DPS),1
18548,Екатеринбург,Казань,1
44797,New York,Los Angeles,1
25183,Paris,Lyon,2
37937,Лондон (LHR),Нью-Йорк (JFK),1
37544,Токио (HND),Сеул (ICN),1
15305,Лондон (LHR),Нью-Йорк (JFK),2
4911,Лондон (LHR),Нью-Йорк (JFK),1
40500,Париж (CDG),Рим (FCO),1
2831,Сингапур (SIN),Бали (DPS),1
23651,Frankfurt,Hamburg,1
29357,Москва (SVO),Париж (CDG),1
36910,Дубай (DXB),Бангкок (BKK),1
17559,Екатеринбург,Казань,1
19726,London,Edinburgh,2
47415,Мюнхен,Вена,1
2450,Париж (CDG),Рим (FCO),1
36619,Frankfurt,Hamburg,1
1071,Токио (HND),Сеул (ICN),1
6332,Лондон (LHR),Нью-Йорк (JFK),1
47530,Новосибирск,Горно-Алтайск,1
10379,Новосибирск,Горно-Алтайск,1
6160,Екатеринбург,Казань,1
13615,Мадрид (MAD),Барселона,1
27130,Токио (HND),Сеул (ICN),1
19778,London,Edinburgh,1
8276,Frankfurt,Hamburg,1
40317,Стамбул (IST),Афины (ATH),1
30461,Новосибирск,Горно-Алтайск,1
11567,Дубай (DXB),Бангкок (BKK),1
42695,Москва,Санкт-Петербург,1
40679,Берлин (BER),Амстердам (AMS),1
17868,Москва (SVO),Париж (CDG),1
43780,Мюнхен,Вена,1
40830,Краснодар,Сочи,1
42502,Новосибирск,Горно-Алтайск,1
10028,Paris,Lyon,1
16753,Краснодар,Сочи,1
45616,London,Edinburgh,1
28028,Chicago,Miami,1
5286,Мюнхен,Вена,1
42224,Краснодар,Сочи,1
1067,Москва,Санкт-Петербург,1
35989,Дубай (DXB),Бангкок (BKK),1
39157,Берлин (BER),Амстердам (AMS),1
49368,Екатеринбург,Казань,1
21454,Frankfurt,Hamburg,2
30381,Rome,Milan,1
12864,Дубай (DXB),Бангкок (BKK),1
19352,Москва (SVO),Париж (CDG),1
391,Paris,Lyon,1
38454,Москва,Санкт-Петербург,1
10265,Мюнхен,Вена,1
24021,Сингапур (SIN),Бали (DPS),1
21506,Мадрид (MAD),Барселона,1
49495,Frankfurt,Hamburg,1
19555,Лондон (LHR),Нью-Йорк (JFK),1
23987,Дубай (DXB),Бангкок (BKK),1
32630,Новосибирск,Горно-Алтайск,1
22055,Лондон (LHR),Нью-Йорк (JFK),1
39917,Сингапур (SIN),Бали (DPS),2
49167,Мадрид (MAD),Барселона,1
2524,Лондон (LHR),Нью-Йорк (JFK),1
6053,Москва,Санкт-Петербург,1
3467,Сингапур (SIN),Бали (DPS),1
305,Париж (CDG),Рим (FCO),1
3821,Rome,Milan,2
15790,Rome,Milan,1
18915,Frankfurt,Hamburg,1
33888,Сингапур (SIN),Бали (DPS),1
9045,Краснодар,Сочи,1
36266,Париж (CDG),Рим (FCO),1
39518,London,Edinburgh,1
40783,London,Edinburgh,1
31116,New York,Los Angeles,1
2368,New York,Los Angeles,1
13972,London,Edinburgh,1
24054,Frankfurt,Hamburg,1
10802,Москва,Санкт-Петербург,1
25456,Токио (HND),Сеул (ICN),2
1205,London,Edinburgh,1
41773,Chicago,Miami,1
46757,Берлин (BER),Амстердам (AMS),1
21979,Дубай (DXB),Бангкок (BKK),1
23680,Chicago,Miami,1
6698,Мюнхен,Вена,1
32244,London,Edinburgh,1
7509,Москва (SVO),Париж (CDG),1
47562,Paris,Lyon,1
38706,Москва,Санкт-Петербург,1
36529,Лондон (LHR),Нью-Йорк (JFK),1
5264,New York,Los Angeles,1
35522,New York,Los Angeles,1
8828,Мадрид (MAD),Барселона,1
14119,New York,Los Angeles,1
24770,Краснодар,Сочи,1
40751,Москва,Санкт-Петербург,1
20967,Стамбул (IST),Афины (ATH),1
22989,Токио (HND),Сеул (ICN),1
20420,Мюнхен,Вена,1
40674,Мадрид (MAD),Барселона,1
39096,Краснодар,Сочи,1
29357,Дубай (DXB),Бангкок (BKK),2
38643,Токио (HND),Сеул (ICN),1
5310,Лондон (LHR),Нью-Йорк (JFK),1
719,Париж (CDG),Рим (FCO),1
43090,Chicago,Miami,1
40475,Chicago,Miami,1
30023,Париж (CDG),Рим (FCO),1
30395,Екатеринбург,Казань,1
37911,Стамбул (IST),Афины (ATH),1
9888,Мадрид (MAD),Барселона,1
10185,New York,Los Angeles,1
2105,Берлин (BER),Амстердам (AMS),1
45955,London,Edinburgh,1
33901,Лондон (LHR),Нью-Йорк (JFK),2
20546,Мюнхен,Вена,1
3857,Paris,Lyon,1
16108,New York,Los Angeles,1
17862,Frankfurt,Hamburg,1
45123,Дубай (DXB),Бангкок (BKK),1
22111,Paris,Lyon,1
23096,Мадрид (MAD),Барселона,1
36257,Сингапур (SIN),Бали (DPS),1
690,Дубай (DXB),Бангкок (BKK),1
46144,Берлин (BER),Амстердам (AMS),1
39280,Сингапур (SIN),Бали (DPS),1
47487,London,Edinburgh,1
31511,Frankfurt,Hamburg,1
25399,Стамбул (IST),Афины (ATH),2
31414,Rome,Milan,1
49206,New York,Los Angeles,1
11182,Париж (CDG),Рим (FCO),1
29004,Краснодар,Сочи,1
43234,New York,Los Angeles,1
10547,London,Edinburgh,1
29339,Стамбул (IST),Афины (ATH),1
19925,Лондон (LHR),Нью-Йорк (JFK),1
5208,Chicago,Miami,2
2678,Стамбул (IST),Афины (ATH),2
30191,Токио (HND),Сеул (ICN),2
45242,Берлин (BER),Амстердам (AMS),2
1529,Берлин (BER),Амстердам (AMS),1
42439,Париж (CDG),Рим (FCO),1
7144,Москва (SVO),Париж (CDG),1
6960,New York,Los Angeles,1
18015,Токио (HND),Сеул (ICN),1
35154,Paris,Lyon,1
36486,Москва (SVO),Париж (CDG),1
3316,Москва (SVO),Париж (CDG),1
36599,Сингапур (SIN),Бали (DPS),1
44006,Москва (SVO),Париж (CDG),1
14652,London,Edinburgh,1
48021,Краснодар,Сочи,1
49439,Новосибирск,Горно-Алтайск,1
18676,Мадрид (MAD),Барселона,1
34962,Paris,Lyon,1
44448,Сингапур (SIN),Бали (DPS),2
19272,Париж (CDG),Рим (FCO),1
37710,Сингапур (SIN),Бали (DPS),1
43037,Екатеринбург,Казань,1
100,New York,Los Angeles,1
7577,Chicago,Miami,1
36686,Лондон (LHR),Нью-Йорк (JFK),1
39629,Frankfurt,Hamburg,1
24331,Краснодар,Сочи,1
34087,Дубай (DXB),Бангкок (BKK),2
42919,Стамбул (IST),Афины (ATH),1
6550,Paris,Lyon,2
12109,Париж (CDG),Рим (FCO),1
7605,Берлин (BER),Амстердам (AMS),1
41915,Новосибирск,Горно-Алтайск,1
12534,Дубай (DXB),Бангкок (BKK),2
47961,Frankfurt,Hamburg,1
48196,Дубай (DXB),Бангкок (BKK),1
23153,Новосибирск,Горно-Алтайск,1
1180,Стамбул (IST),Афины (ATH),1
41536,Frankfurt,Hamburg,2
31159,Frankfurt,Hamburg,2
23721,Краснодар,Сочи,2
47198,Лондон (LHR),Нью-Йорк (JFK),1
132,Новосибирск,Горно-Алтайск,1
16395,Париж (CDG),Рим (FCO),1
22637,Сингапур (SIN),Бали (DPS),1
7031,Мадрид (MAD),Барселона,1
12116,Дубай (DXB),Бангкок (BKK),1
39211,Лондон (LHR),Нью-Йорк (JFK),1
40873,Frankfurt,Hamburg,1
44628,Париж (CDG),Рим (FCO),1
30815,Дубай (DXB),Бангкок (BKK),1
25475,New York,Los Angeles,1
41927,Москва,Санкт-Петербург,1
35453,Chicago,Miami,2
24442,Rome,Milan,1
14312,Краснодар,Сочи,1
38303,Дубай (DXB),Бангкок (BKK),1
9401,Стамбул (IST),Афины (ATH),1
31709,Дубай (DXB),Бангкок (BKK),1
5170,Москва,Санкт-Петербург,1
8994,London,Edinburgh,1
17684,Стамбул (IST),Афины (ATH),1
14977,Мюнхен,Вена,1
27752,Берлин (BER),Амстердам (AMS),1
31201,Новосибирск,Горно-Алтайск,1
32979,Париж (CDG),Рим (FCO),2
3450,Chicago,Miami,1
23974,Лондон (LHR),Нью-Йорк (JFK),1
31959,Екатеринбург,Казань,1
13252,Токио (HND),Сеул (ICN),2
43776,Екатеринбург,Казань,1
20830,Rome,Milan,1
10857,Новосибирск,Горно-Алтайск,1
45260,Берлин (BER),Амстердам (AMS),1
512,Москва (SVO),Париж (CDG),1
13710,Токио (HND),Сеул (ICN),1
19734,Сингапур (SIN),Бали (DPS),1
24184,Лондон (LHR),Нью-Йорк (JFK),1
5986,Москва (SVO),Париж (CDG),2
16340,Chicago,Miami,1
3976,Frankfurt,Hamburg,1
19167,Берлин (BER),Амстердам (AMS),1
10350,Берлин (BER),Амстердам (AMS),1
16930,Сингапур (SIN),Бали (DPS),1
21816,Стамбул (IST),Афины (ATH),1
35719,Лондон (LHR),Нью-Йорк (JFK),1
36024,Париж (CDG),Рим (FCO),1
46117,Париж (CDG),Рим (FCO),1
17855,Rome,Milan,1
12638,Екатеринбург,Казань,1
43822,Сингапур (SIN),Бали (DPS),1
12465,Париж (CDG),Рим (FCO),1
43331,Москва,Санкт-Петербург,1
21517,Екатеринбург,Казань,1
15932,Новосибирск,Горно-Алтайск,1
34209,Chicago,Miami,1
6394,Новосибирск,Горно-Алтайск,1
19531,Берлин (BER),Амстердам (AMS),1
41047,Мюнхен,Вена,1
18584,Мюнхен,Вена,1
46007,Мюнхен,Вена,1
154,Париж (CDG),Рим (FCO),1
19591,Краснодар,Сочи,1
34852,Лондон (LHR),Нью-Йорк (JFK),1
18845,Paris,Lyon,1
35900,Paris,Lyon,1
37682,Chicago,Miami,2
11011,Сингапур (SIN),Бали (DPS),2
32950,Chicago,Miami,1
4283,London,Edinburgh,2
27332,Frankfurt,Hamburg,1
37682,Rome,Milan,3
46583,New York,Los Angeles,2
5528,Екатеринбург,Казань,1
17740,Стамбул (IST),Афины (ATH),1
11745,Frankfurt,Hamburg,1
2663,Стамбул (IST),Афины (ATH),1
35696,Екатеринбург,Казань,1
47161,Токио (HND),Сеул (ICN),1
21330,Сингапур (SIN),Бали (DPS),1
35890,Мадрид (MAD),Барселона,1
9122,Мюнхен,Вена,1
9551,Токио (HND),Сеул (ICN),1
749,Мадрид (MAD),Барселона,1
43655,Мюнхен,Вена,2
6763,Мадрид (MAD),Барселона,1
14990,Rome,Milan,1
12810,Frankfurt,Hamburg,1
44731,Токио (HND),Сеул (ICN),1
13346,Лондон (LHR),Нью-Йорк (JFK),1
40195,Лондон (LHR),Нью-Йорк (JFK),1
43195,Chicago,Miami,1
30257,Москва,Санкт-Петербург,1
49730,Paris,Lyon,1
34855,Chicago,Miami,1
4386,Сингапур (SIN),Бали (DPS),1
9423,Токио (HND),Сеул (ICN),2
41445,Екатеринбург,Казань,1
15870,Москва,Санкт-Петербург,1
10422,Дубай (DXB),Бангкок (BKK),1
2525,Новосибирск,Горно-Алтайск,2
14079,Frankfurt,Hamburg,1
14780,Берлин (BER),Амстердам (AMS),1
37036,Paris,Lyon,1
32143,Стамбул (IST),Афины (ATH),1
21878,Краснодар,Сочи,1
37961,Дубай (DXB),Бангкок (BKK),1
5142,Мадрид (MAD),Барселона,1
47593,New York,Los Angeles,1
44044,Берлин (BER),Амстердам (AMS),1
21435,Сингапур (SIN),Бали (DPS),2
8477,Дубай (DXB),Бангкок (BKK),1
8000,Мадрид (MAD),Барселона,1
14247,Париж (CDG),Рим (FCO),1
3928,London,Edinburgh,1
33192,Москва (SVO),Париж (CDG),1
28418,Дубай (DXB),Бангкок (BKK),1
6040,Paris,Lyon,1
42102,Frankfurt,Hamburg,2
46118,Paris,Lyon,1
18528,Екатеринбург,Казань,1
45997,Новосибирск,Горно-Алтайск,1
29068,Frankfurt,Hamburg,1
23133,Берлин (BER),Амстердам (AMS),1
3046,Екатеринбург,Казань,1
48068,Стамбул (IST),Афины (ATH),1
45636,Париж (CDG),Рим (FCO),1
41810,Москва (SVO),Париж (CDG),1
6941,Краснодар,Сочи,1
46426,Rome,Milan,1
44419,Новосибирск,Горно-Алтайск,1
14637,Стамбул (IST),Афины (ATH),1
14393,Paris,Lyon,1
49128,Мюнхен,Вена,1
47729,Chicago,Miami,1
46604,New York,Los Angeles,1
17679,New York,Los Angeles,1
15058,Дубай (DXB),Бангкок (BKK),1
31656,Сингапур (SIN),Бали (DPS),1
25463,Стамбул (IST),Афины (ATH),1
29931,Стамбул (IST),Афины (ATH),1
4636,Новосибирск,Горно-Алтайск,1
5287,New York,Los Angeles,1
29118,Екатеринбург,Казань,1
33604,Rome,Milan,1
6191,Краснодар,Сочи,3
48036,Новосибирск,Горно-Алтайск,2
41081,Москва,Санкт-Петербург,1
34625,Дубай (DXB),Бангкок (BKK),1
40528,Frankfurt,Hamburg,1
705,Стамбул (IST),Афины (ATH),1
49949,Мадрид (MAD),Барселона,1
49581,Rome,Milan,1
5014,Rome,Milan,1
25932,Новосибирск,Горно-Алтайск,1
24082,New York,Los Angeles,1
9170,Стамбул (IST),Афины (ATH),1
42939,Стамбул (IST),Афины (ATH),1
6501,Chicago,Miami,1
23412,Мадрид (MAD),Барселона,1
2961,Мадрид (MAD),Барселона,1
28111,Новосибирск,Горно-Алтайск,1
15001,Париж (CDG),Рим (FCO),1
18315,Екатеринбург,Казань,2
26687,Лондон (LHR),Нью-Йорк (JFK),1
19502,Chicago,Miami,1
25207,Paris,Lyon,1
5664,New York,Los Angeles,1
17111,Новосибирск,Горно-Алтайск,1
19930,Chicago,Miami,1
27872,Дубай (DXB),Бангкок (BKK),1
36118,London,Edinburgh,1
17807,Chicago,Miami,1
37721,Дубай (DXB),Бангкок (BKK),1
29423,Париж (CDG),Рим (FCO),1
1832,Москва,Санкт-Петербург,1
5311,Лондон (LHR),Нью-Йорк (JFK),1
41812,Paris,Lyon,2
41628,Дубай (DXB),Бангкок (BKK),1
23702,Дубай (DXB),Бангкок (BKK),1
39678,London,Edinburgh,1
44819,London,Edinburgh,1
12754,Мадрид (MAD),Барселона,2
36114,New York,Los Angeles,1
31113,Париж (CDG),Рим (FCO),1
18861,London,Edinburgh,1
13009,Берлин (BER),Амстердам (AMS),1
41276,Дубай (DXB),Бангкок (BKK),1
28613,London,Edinburgh,1
33732,Paris,Lyon,1
29569,Москва (SVO),Париж (CDG),1
7816,Дубай (DXB),Бангкок (BKK),1
37558,Сингапур (SIN),Бали (DPS),1
9026,Дубай (DXB),Бангкок (BKK),1
24834,Rome,Milan,1
14394,Сингапур (SIN),Бали (DPS),1
9799,Лондон (LHR),Нью-Йорк (JFK),1
47563,Сингапур (SIN),Бали (DPS),2
45522,Москва (SVO),Париж (CDG),2
41530,Сингапур (SIN),Бали (DPS),1
19048,Мюнхен,Вена,1
42161,Екатеринбург,Казань,1
49089,Мюнхен,Вена,1
40004,Новосибирск,Горно-Алтайск,1
16543,London,Edinburgh,1
29967,Париж (CDG),Рим (FCO),2
30565,Rome,Milan,1
32889,London,Edinburgh,1
15922,Краснодар,Сочи,2
20745,Берлин (BER),Амстердам (AMS),1
351,London,Edinburgh,1
39886,Дубай (DXB),Бангкок (BKK),1
38434,Стамбул (IST),Афины (ATH),2
40715,Дубай (DXB),Бангкок (BKK),1
6594,Новосибирск,Горно-Алтайск,1
43404,Мадрид (MAD),Барселона,1
27369,Дубай (DXB),Бангкок (BKK),1
20533,Rome,Milan,1
40523,Екатеринбург,Казань,1
38197,Новосибирск,Горно-Алтайск,1
16755,Chicago,Miami,1
1735,Новосибирск,Горно-Алтайск,1
48844,Новосибирск,Горно-Алтайск,1
3638,Rome,Milan,1
29636,Дубай (DXB),Бангкок (BKK),1
5433,Москва,Санкт-Петербург,1
14727,Мюнхен,Вена,1
40398,Мюнхен,Вена,1
884,Сингапур (SIN),Бали (DPS),1
45367,Мюнхен,Вена,1
37412,Москва (SVO),Париж (CDG),1
22485,Мюнхен,Вена,1
49225,Екатеринбург,Казань,1
31947,Токио (HND),Сеул (ICN),1
24205,Москва,Санкт-Петербург,1
5506,Екатеринбург,Казань,2
8902,Москва,Санкт-Петербург,2
34664,Берлин (BER),Амстердам (AMS),1
32716,Москва,Санкт-Петербург,1
30817,Лондон (LHR),Нью-Йорк (JFK),1
6885,Мадрид (MAD),Барселона,1
48668,Сингапур (SIN),Бали (DPS),1
18489,Новосибирск,Горно-Алтайск,1
4993,Екатеринбург,Казань,1
164,New York,Los Angeles,1
46779,Стамбул (IST),Афины (ATH),1
16945,Paris,Lyon,1
9972,Дубай (DXB),Бангкок (BKK),2
23506,Frankfurt,Hamburg,1
47426,Paris,Lyon,1
7450,New York,Los Angeles,1
33820,Мадрид (MAD),Барселона,1
31793,Москва (SVO),Париж (CDG),1
3685,Берлин (BER),Амстердам (AMS),1
13516,Париж (CDG),Рим (FCO),1
3208,New York,Los Angeles,1
28647,Краснодар,Сочи,1
36722,Лондон (LHR),Нью-Йорк (JFK),2
43413,Стамбул (IST),Афины (ATH),1
9063,Париж (CDG),Рим (FCO),1
26257,Сингапур (SIN),Бали (DPS),1
33856,Стамбул (IST),Афины (ATH),1
45112,London,Edinburgh,1
14413,Мюнхен,Вена,1
46062,Краснодар,Сочи,2
6965,Rome,Milan,1
39321,Екатеринбург,Казань,1
19470,New York,Los Angeles,1
49325,New York,Los Angeles,1
37341,Париж (CDG),Рим (FCO),2
34531,Токио (HND),Сеул (ICN),1
40372,Лондон (LHR),Нью-Йорк (JFK),1
12850,Токио (HND),Сеул (ICN),1
46978,Москва,Санкт-Петербург,1
27989,Стамбул (IST),Афины (ATH),1
13607,Стамбул (IST),Афины (ATH),1
10195,Сингапур (SIN),Бали (DPS),1
31544,Дубай (DXB),Бангкок (BKK),1
34879,Новосибирск,Горно-Алтайск,1
36352,Мюнхен,Вена,1
40579,Мюнхен,Вена,1
34258,Мадрид (MAD),Барселона,1
14406,Rome,Milan,1
21883,Москва,Санкт-Петербург,1
1502,Москва (SVO),Париж (CDG),2
15884,Новосибирск,Горно-Алтайск,1
38861,Новосибирск,Горно-Алтайск,1
32578,Дубай (DXB),Бангкок (BKK),1
13790,Дубай (DXB),Бангкок (BKK),1
17911,Мадрид (MAD),Барселона,1
36311,Стамбул (IST),Афины (ATH),2
26404,Rome,Milan,1
29099,Лондон (LHR),Нью-Йорк (JFK),1
792,Париж (CDG),Рим (FCO),1
23820,Токио (HND),Сеул (ICN),2
28999,Берлин (BER),Амстердам (AMS),1
129,London,Edinburgh,1
19146,Екатеринбург,Казань,1
10494,New York,Los Angeles,1
47135,Лондон (LHR),Нью-Йорк (JFK),1
16399,Мадрид (MAD),Барселона,1
12835,Лондон (LHR),Нью-Йорк (JFK),1
33763,Лондон (LHR),Нью-Йорк (JFK),1
17527,Мюнхен,Вена,1
42555,Берлин (BER),Амстердам (AMS),1
7789,Лондон (LHR),Нью-Йорк (JFK),1
6074,Дубай (DXB),Бангкок (BKK),1
32161,Мюнхен,Вена,2
43494,Paris,Lyon,1
3421,Frankfurt,Hamburg,1
42891,Екатеринбург,Казань,2
42801,Екатеринбург,Казань,1
22303,Новосибирск,Горно-Алтайск,1
23225,Москва,Санкт-Петербург,1
26467,Краснодар,Сочи,1
40197,Мадрид (MAD),Барселона,1
49311,Chicago,Miami,1
3662,Новосибирск,Горно-Алтайск,1
18964,Сингапур (SIN),Бали (DPS),1
24165,Екатеринбург,Казань,1
6666,Париж (CDG),Рим (FCO),1
13769,Chicago,Miami,1
49210,Мадрид (MAD),Барселона,1
33713,Токио (HND),Сеул (ICN),1
759,Екатеринбург,Казань,1
33155,Frankfurt,Hamburg,1
19357,Paris,Lyon,1
21829,Краснодар,Сочи,1
646,Москва (SVO),Париж (CDG),1
25980,Rome,Milan,2
37007,Краснодар,Сочи,1
1125,Paris,Lyon,1
31630,Paris,Lyon,3
34125,Paris,Lyon,1
16896,Frankfurt,Hamburg,1
39062,London,Edinburgh,1
37579,Москва,Санкт-Петербург,1
41803,New York,Los Angeles,2
11453,Токио (HND),Сеул (ICN),1
9838,Москва,Санкт-Петербург,1
15360,Токио (HND),Сеул (ICN),2
22937,Мадрид (MAD),Барселона,1
11549,Chicago,Miami,1
7312,Дубай (DXB),Бангкок (BKK),1
9014,Стамбул (IST),Афины (ATH),1
27501,Париж (CDG),Рим (FCO),1
17140,Краснодар,Сочи,2
35671,Токио (HND),Сеул (ICN),1
21706,Мадрид (MAD),Барселона,1
35163,Токио (HND),Сеул (ICN),1
23270,Новосибирск,Горно-Алтайск,1
6255,Москва,Санкт-Петербург,2
26507,Стамбул (IST),Афины (ATH),1
19590,New York,Los Angeles,1
23167,London,Edinburgh,1
1259,New York,Los Angeles,1
12190,Сингапур (SIN),Бали (DPS),1
38240,Rome,Milan,1
39437,Лондон (LHR),Нью-Йорк (JFK),1
10197,Frankfurt,Hamburg,1
11377,Берлин (BER),Амстердам (AMS),2
14261,Москва (SVO),Париж (CDG),1
15635,New York,Los Angeles,1
19517,Мюнхен,Вена,1
32837,Frankfurt,Hamburg,1
16363,Краснодар,Сочи,1
18110,Frankfurt,Hamburg,1
29417,Стамбул (IST),Афины (ATH),1
17551,Rome,Milan,1
19834,Frankfurt,Hamburg,1
33509,London,Edinburgh,1
41850,Paris,Lyon,2
45921,Сингапур (SIN),Бали (DPS),1
20416,Москва,Санкт-Петербург,2
24601,Frankfurt,Hamburg,1
29152,Париж (CDG),Рим (FCO),1
21856,Москва,Санкт-Петербург,1
23208,Chicago,Miami,1
15859,Москва,Санкт-Петербург,1
15918,Стамбул (IST),Афины (ATH),1
48645,Берлин (BER),Амстердам (AMS),1
11299,Мадрид (MAD),Барселона,1
10756,Екатеринбург,Казань,2
40949,Frankfurt,Hamburg,1
24985,Лондон (LHR),Нью-Йорк (JFK),1
25385,Токио (HND),Сеул (ICN),1
28235,Лондон (LHR),Нью-Йорк (JFK),1
44138,Париж (CDG),Рим (FCO),1
11418,Лондон (LHR),Нью-Йорк (JFK),1
13956,Мадрид (MAD),Барселона,1
44361,Rome,Milan,1
45353,London,Edinburgh,1
26487,Мюнхен,Вена,1
36199,Краснодар,Сочи,1
46955,Paris,Lyon,1
2929,Сингапур (SIN),Бали (DPS),1
10147,Rome,Milan,1
30667,Краснодар,Сочи,1
637,Новосибирск,Горно-Алтайск,1
43564,Chicago,Miami,1
1895,New York,Los Angeles,1
26731,Мадрид (MAD),Барселона,1
44564,Стамбул (IST),Афины (ATH),1
36150,London,Edinburgh,1
31916,Новосибирск,Горно-Алтайск,1
28802,Chicago,Miami,1
23489,Токио (HND),Сеул (ICN),1
11900,Rome,Milan,1
9240,Стамбул (IST),Афины (ATH),1
26926,Лондон (LHR),Нью-Йорк (JFK),2
27807,Краснодар,Сочи,1
38314,Мадрид (MAD),Барселона,1
13874,Rome,Milan,1
4216,Сингапур (SIN),Бали (DPS),1
8964,Токио (HND),Сеул (ICN),1
28998,Мадрид (MAD),Барселона,1
22131,New York,Los Angeles,1
8044,Лондон (LHR),Нью-Йорк (JFK),1
14987,Мадрид (MAD),Барселона,1
49865,Берлин (BER),Амстердам (AMS),1
47739,Мадрид (MAD),Барселона,1
47462,Краснодар,Сочи,1
37591,Paris,Lyon,1
3112,Лондон (LHR),Нью-Йорк (JFK),2
11751,Москва (SVO),Париж (CDG),1
2112,Стамбул (IST),Афины (ATH),2
1329,Лондон (LHR),Нью-Йорк (JFK),1
40106,Новосибирск,Горно-Алтайск,1
45843,Стамбул (IST),Афины (ATH),1
20447,Лондон (LHR),Нью-Йорк (JFK),1
21536,Москва (SVO),Париж (CDG),1
42455,Дубай (DXB),Бангкок (BKK),1
43870,Мюнхен,Вена,1
28138,Краснодар,Сочи,1
30596,Мадрид (MAD),Барселона,2
10331,Токио (HND),Сеул (ICN),1
26328,Токио (HND),Сеул (ICN),1
1962,Paris,Lyon,1
7458,Сингапур (SIN),Бали (DPS),1
22201,Токио (HND),Сеул (ICN),1
9192,London,Edinburgh,1
13576,Frankfurt,Hamburg,1
41479,Париж (CDG),Рим (FCO),1
22973,Краснодар,Сочи,1
4002,Москва (SVO),Париж (CDG),1
8550,Екатеринбург,Казань,1
9085,Екатеринбург,Казань,1
25874,Стамбул (IST),Афины (ATH),1
1630,Стамбул (IST),Афины (ATH),1
25822,Москва,Санкт-Петербург,1
41086,Дубай (DXB),Бангкок (BKK),1
32816,Краснодар,Сочи,1
37157,Сингапур (SIN),Бали (DPS),1
48040,Екатеринбург,Казань,1
45201,Frankfurt,Hamburg,2
6973,Chicago,Miami,1
1979,Сингапур (SIN),Бали (DPS),1
44471,Берлин (BER),Амстердам (AMS),1
49857,Екатеринбург,Казань,1
21040,Москва,Санкт-Петербург,1
8022,Paris,Lyon,3
20281,Новосибирск,Горно-Алтайск,1
10229,Москва (SVO),Париж (CDG),1
41678,Paris,Lyon,1
345,Мадрид (MAD),Барселона,1
18922,Дубай (DXB),Бангкок (BKK),1
1925,Frankfurt,Hamburg,1
40324,Стамбул (IST),Афины (ATH),1
33072,Дубай (DXB),Бангкок (BKK),1
12284,Краснодар,Сочи,1
41439,Москва (SVO),Париж (CDG),1
9266,Сингапур (SIN),Бали (DPS),1
29971,London,Edinburgh,1
27980,Мадрид (MAD),Барселона,1
38147,London,Edinburgh,1
48224,Берлин (BER),Амстердам (AMS),1
21979,Дубай (DXB),Бангкок (BKK),2
30890,Краснодар,Сочи,1
28659,Токио (HND),Сеул (ICN),1
39730,Екатеринбург,Казань,1
33351,Дубай (DXB),Бангкок (BKK),1
20585,Москва (SVO),Париж (CDG),1
407,Paris,Lyon,1
49143,Paris,Lyon,1
12174,Chicago,Miami,1
5591,Берлин (BER),Амстердам (AMS),1
9403,Екатеринбург,Казань,3
4602,Rome,Milan,1
7068,Париж (CDG),Рим (FCO),1
47855,Москва (SVO),Париж (CDG),1
30698,Chicago,Miami,1
40759,London,Edinburgh,1
34141,Frankfurt,Hamburg,1
37261,Сингапур (SIN),Бали (DPS),1
4957,Frankfurt,Hamburg,1
18989,Сингапур (SIN),Бали (DPS),2
36515,Краснодар,Сочи,1
3973,Краснодар,Сочи,2
47950,Лондон (LHR),Нью-Йорк (JFK),1
49052,Chicago,Miami,1
8387,Москва,Санкт-Петербург,1
14286,Paris,Lyon,1
196,Сингапур (SIN),Бали (DPS),1
2259,Стамбул (IST),Афины (ATH),1
29507,Стамбул (IST),Афины (ATH),1
43,Стамбул (IST),Афины (ATH),1
27329,London,Edinburgh,1
5778,Новосибирск,Горно-Алтайск,1
7096,Мюнхен,Вена,1
20482,Москва,Санкт-Петербург,1
17614,Мюнхен,Вена,1
40003,Дубай (DXB),Бангкок (BKK),1
9794,Париж (CDG),Рим (FCO),1
37232,Frankfurt,Hamburg,1
7287,Токио (HND),Сеул (ICN),1
45784,Лондон (LHR),Нью-Йорк (JFK),1
30334,Стамбул (IST),Афины (ATH),2
48520,Стамбул (IST),Афины (ATH),1
42287,Rome,Milan,1
43993,Мадрид (MAD),Барселона,1
8946,Берлин (BER),Амстердам (AMS),1
1738,Москва (SVO),Париж (CDG),1
18302,Frankfurt,Hamburg,1
25209,Краснодар,Сочи,1
47003,Дубай (DXB),Бангкок (BKK),1
26271,Москва (SVO),Париж (CDG),1
31537,Rome,Milan,1
8447,Новосибирск,Горно-Алтайск,1
38559,Frankfurt,Hamburg,1
37798,Frankfurt,Hamburg,1
43197,Токио (HND),Сеул (ICN),1
12617,Новосибирск,Горно-Алтайск,1
33480,Дубай (DXB),Бангкок (BKK),1
29559,Париж (CDG),Рим (FCO),1
12157,Стамбул (IST),Афины (ATH),1
25193,Берлин (BER),Амстердам (AMS),1
26546,Мадрид (MAD),Барселона,1
31184,Токио (HND),Сеул (ICN),1
19521,Краснодар,Сочи,1
6997,Стамбул (IST),Афины (ATH),1
32725,Paris,Lyon,1
19646,Сингапур (SIN),Бали (DPS),1
28604,Париж (CDG),Рим (FCO),1
6453,Paris,Lyon,1
841,Краснодар,Сочи,1
7200,Frankfurt,Hamburg,1
36982,Берлин (BER),Амстердам (AMS),1
40963,Москва (SVO),Париж (CDG),1
48123,Сингапур (SIN),Бали (DPS),1
13206,Rome,Milan,1
39703,Новосибирск,Горно-Алтайск,1
49421,Берлин (BER),Амстердам (AMS),1
699,Лондон (LHR),Нью-Йорк (JFK),2
32625,Сингапур (SIN),Бали (DPS),1
22887,Новосибирск,Горно-Алтайск,1
17028,Дубай (DXB),Бангкок (BKK),1
11367,New York,Los Angeles,1
37060,New York,Los Angeles,1
19551,Сингапур (SIN),Бали (DPS),1
15784,Берлин (BER),Амстердам (AMS),1
38003,Токио (HND),Сеул (ICN),1
13472,Москва (SVO),Париж (CDG),1
46301,Стамбул (IST),Афины (ATH),1
11039,Rome,Milan,1
42291,New York,Los Angeles,1
14008,Frankfurt,Hamburg,1
9821,Дубай (DXB),Бангкок (BKK),1
33780,Мадрид (MAD),Барселона,1
48746,Лондон (LHR),Нью-Йорк (JFK),2
48227,Берлин (BER),Амстердам (AMS),1
14627,Токио (HND),Сеул (ICN),1
6920,Краснодар,Сочи,1
38559,Краснодар,Сочи,2
7471,Дубай (DXB),Бангкок (BKK),2
31579,Мюнхен,Вена,1
6777,Мадрид (MAD),Барселона,1
49620,Екатеринбург,Казань,1
43176,Frankfurt,Hamburg,1
9730,Сингапур (SIN),Бали (DPS),1
37159,New York,Los Angeles,1
35111,Краснодар,Сочи,1
42943,Краснодар,Сочи,1
7062,Москва (SVO),Париж (CDG),1
18385,Paris,Lyon,1
3660,London,Edinburgh,1
65,Токио (HND),Сеул (ICN),1
41961,Сингапур (SIN),Бали (DPS),1
28131,New York,Los Angeles,1
41211,Краснодар,Сочи,1
25692,Москва,Санкт-Петербург,1
16011,Chicago,Miami,1
17933,Новосибирск,Горно-Алтайск,1
34082,Сингапур (SIN),Бали (DPS),1
2008,Мюнхен,Вена,2
42779,Краснодар,Сочи,1
26185,New York,Los Angeles,1
48140,Дубай (DXB),Бангкок (BKK),1
47975,Мадрид (MAD),Барселона,1
40320,New York,Los Angeles,1
5182,New York,Los Angeles,1
40433,Екатеринбург,Казань,1
40425,Москва,Санкт-Петербург,1
45544,Мадрид (MAD),Барселона,1
1093,Москва,Санкт-Петербург,1
27573,Стамбул (IST),Афины (ATH),1
43490,Париж (CDG),Рим (FCO),1
2095,Москва (SVO),Париж (CDG),1
20256,Paris,Lyon,1
11792,Мюнхен,Вена,1
18625,Новосибирск,Горно-Алтайск,1
20510,Сингапур (SIN),Бали (DPS),1
20487,Chicago,Miami,1
13,Лондон (LHR),Нью-Йорк (JFK),1
49547,Paris,Lyon,3
43942,Лондон (LHR),Нью-Йорк (JFK),1
28981,Rome,Milan,1
6632,Берлин (BER),Амстердам (AMS),1
7066,London,Edinburgh,1
4799,Новосибирск,Горно-Алтайск,1
45967,Токио (HND),Сеул (ICN),1
40859,Сингапур (SIN),Бали (DPS),1
28252,Стамбул (IST),Афины (ATH),1
8371,Лондон (LHR),Нью-Йорк (JFK),1
14048,London,Edinburgh,1
14405,Лондон (LHR),Нью-Йорк (JFK),1
42629,Paris,Lyon,1
14311,Екатеринбург,Казань,1
49742,Новосибирск,Горно-Алтайск,1
40362,London,Edinburgh,1
47256,Париж (CDG),Рим (FCO),1
47905,Новосибирск,Горно-Алтайск,2
22127,Мадрид (MAD),Барселона,1
7020,Paris,Lyon,1
37827,Мадрид (MAD),Барселона,1
29283,Paris,Lyon,1
35163,Берлин (BER),Амстердам (AMS),2
11066,Москва,Санкт-Петербург,1
29811,Москва,Санкт-Петербург,1
6976,Лондон (LHR),Нью-Йорк (JFK),1
1034,Дубай (DXB),Бангкок (BKK),1
25610,Paris,Lyon,1
28497,Лондон (LHR),Нью-Йорк (JFK),1
40351,Дубай (DXB),Бангкок (BKK),1
40857,Краснодар,Сочи,1
31343,Дубай (DXB),Бангкок (BKK),2
46310,Frankfurt,Hamburg,1
1126,Берлин (BER),Амстердам (AMS),1
26918,London,Edinburgh,1
20482,Стамбул (IST),Афины (ATH),2
47137,Frankfurt,Hamburg,1
32417,Paris,Lyon,1
9091,Стамбул (IST),Афины (ATH),1
8879,Москва,Санкт-Петербург,1
8550,Сингапур (SIN),Бали (DPS),2
24242,Париж (CDG),Рим (FCO),1
1284,Rome,Milan,1
29603,Москва (SVO),Париж (CDG),1
32991,Краснодар,Сочи,2
28468,Frankfurt,Hamburg,1
48693,Новосибирск,Горно-Алтайск,1
7002,Краснодар,Сочи,1
42093,Берлин (BER),Амстердам (AMS),1
26275,Париж (CDG),Рим (FCO),1
44932,Стамбул (IST),Афины (ATH),1
21106,Chicago,Miami,1
1405,Москва (SVO),Париж (CDG),1
26500,Paris,Lyon,1
21132,Сингапур (SIN),Бали (DPS),1
4842,Париж (CDG),Рим (FCO),1
26145,Лондон (LHR),Нью-Йорк (JFK),1
30327,Chicago,Miami,1
23315,Дубай (DXB),Бангкок (BKK),2
34429,Frankfurt,Hamburg,2
24078,Мюнхен,Вена,1
4618,Токио (HND),Сеул (ICN),1
46763,Frankfurt,Hamburg,1
5079,Токио (HND),Сеул (ICN),1
10987,Мюнхен,Вена,1
49704,Frankfurt,Hamburg,1
44722,Мадрид (MAD),Барселона,2
18487,Токио (HND),Сеул (ICN),1
25182,Сингапур (SIN),Бали (DPS),1
25605,Екатеринбург,Казань,1
24872,Лондон (LHR),Нью-Йорк (JFK),1
25520,Сингапур (SIN),Бали (DPS),1
37350,Токио (HND),Сеул (ICN),1
19042,Мадрид (MAD),Барселона,1
17419,Краснодар,Сочи,1
48967,Сингапур (SIN),Бали (DPS),1
6883,Лондон (LHR),Нью-Йорк (JFK),1
42898,Токио (HND),Сеул (ICN),2
16646,Париж (CDG),Рим (FCO),1
9040,Chicago,Miami,1
41453,Rome,Milan,1
41265,London,Edinburgh,1
47952,Стамбул (IST),Афины (ATH),1
12327,New York,Los Angeles,1
4695,Москва,Санкт-Петербург,1
9400,Дубай (DXB),Бангкок (BKK),1
32410,Chicago,Miami,1
5599,Берлин (BER),Амстердам (AMS),1
18017,Москва,Санкт-Петербург,3
45709,Стамбул (IST),Афины (ATH),1
919,Париж (CDG),Рим (FCO),1
32915,Париж (CDG),Рим (FCO),1
3441,Токио (HND),Сеул (ICN),2
27855,Chicago,Miami,1
43400,Мадрид (MAD),Барселона,1
38318,Дубай (DXB),Бангкок (BKK),1
40726,Сингапур (SIN),Бали (DPS),1
5193,Дубай (DXB),Бангкок (BKK),1
14402,Москва (SVO),Париж (CDG),1
38742,Мадрид (MAD),Барселона,2
12268,Chicago,Miami,1
37317,Москва,Санкт-Петербург,1
5050,Берлин (BER),Амстердам (AMS),1
49699,Стамбул (IST),Афины (ATH),1
41064,Краснодар,Сочи,1
10143,Сингапур (SIN),Бали (DPS),2
12524,Paris,Lyon,1
11416,Токио (HND),Сеул (ICN),1
19920,London,Edinburgh,1
41048,Frankfurt,Hamburg,1
2906,Берлин (BER),Амстердам (AMS),1
28007,London,Edinburgh,1
13901,Екатеринбург,Казань,1
39043,Rome,Milan,1
12,Москва,Санкт-Петербург,1
31890,Paris,Lyon,1
19108,Chicago,Miami,1
44356,Дубай (DXB),Бангкок (BKK),1
3005,Frankfurt,Hamburg,1
28309,Краснодар,Сочи,1
3220,Дубай (DXB),Бангкок (BKK),2
24847,Краснодар,Сочи,1
10183,Paris,Lyon,1
49479,Rome,Milan,1
25320,Токио (HND),Сеул (ICN),1
46641,Мадрид (MAD),Барселона,1
8242,Мюнхен,Вена,1
11655,Краснодар,Сочи,1
3871,Дубай (DXB),Бангкок (BKK),1
5110,Москва (SVO),Париж (CDG),1
43255,Краснодар,Сочи,1
37169,Москва (SVO),Париж (CDG),1
9630,Chicago,Miami,1
31629,Москва,Санкт-Петербург,1
17277,Стамбул (IST),Афины (ATH),1
9711,Берлин (BER),Амстердам (AMS),1
35927,Мюнхен,Вена,1
19259,Дубай (DXB),Бангкок (BKK),1
11142,Париж (CDG),Рим (FCO),1
6234,Стамбул (IST),Афины (ATH),1
19792,Берлин (BER),Амстердам (AMS),1
31378,Париж (CDG),Рим (FCO),1
14990,Стамбул (IST),Афины (ATH),2
3800,Токио (HND),Сеул (ICN),1
22709,Стамбул (IST),Афины (ATH),2
19644,Paris,Lyon,1
37352,Мюнхен,Вена,1
16133,Токио (HND),Сеул (ICN),1
19978,Париж (CDG),Рим (FCO),1
42425,Сингапур (SIN),Бали (DPS),1
31510,Москва,Санкт-Петербург,1
38554,Токио (HND),Сеул (ICN),1
40256,Лондон (LHR),Нью-Йорк (JFK),1
29871,Берлин (BER),Амстердам (AMS),1
42877,New York,Los Angeles,2
41096,Москва (SVO),Париж (CDG),1
1697,Chicago,Miami,1
24647,Екатеринбург,Казань,1
21993,Paris,Lyon,1
12238,Chicago,Miami,1
31632,New York,Los Angeles,1
28683,Chicago,Miami,1
14241,Стамбул (IST),Афины (ATH),1
22019,Rome,Milan,1
13346,Мадрид (MAD),Барселона,2
48755,Дубай (DXB),Бангкок (BKK),1
21398,Лондон (LHR),Нью-Йорк (JFK),3
49290,London,Edinburgh,1
34387,Мадрид (MAD),Барселона,1
41883,Берлин (BER),Амстердам (AMS),1
49440,Дубай (DXB),Бангкок (BKK),1
44062,London,Edinburgh,1
25867,Frankfurt,Hamburg,1
2885,Мадрид (MAD),Барселона,1
48971,Сингапур (SIN),Бали (DPS),2
48871,Paris,Lyon,1
24764,Екатеринбург,Казань,1
9142,Мюнхен,Вена,1
1346,Берлин (BER),Амстердам (AMS),1
41392,Rome,Milan,1
28764,Chicago,Miami,1
37115,New York,Los Angeles,1
48997,Стамбул (IST),Афины (ATH),1
40955,Екатеринбург,Казань,1
6277,Rome,Milan,1
39700,London,Edinburgh,1
25322,Екатеринбург,Казань,1
40784,London,Edinburgh,1
12432,London,Edinburgh,2
36670,Екатеринбург,Казань,1
28896,Chicago,Miami,1
37508,London,Edinburgh,1
30835,New York,Los Angeles,1
39976,Париж (CDG),Рим (FCO),1
43387,Париж (CDG),Рим (FCO),1
25912,Лондон (LHR),Нью-Йорк (JFK),1
11870,Сингапур (SIN),Бали (DPS),1
17886,Сингапур (SIN),Бали (DPS),1
21735,Paris,Lyon,1
26193,Мюнхен,Вена,1
30706,Берлин (BER),Амстердам (AMS),1
30691,Rome,Milan,1
5666,Мюнхен,Вена,1
47060,Мюнхен,Вена,1
39690,Стамбул (IST),Афины (ATH),1
21281,Лондон (LHR),Нью-Йорк (JFK),1
19505,Paris,Lyon,2
32836,Rome,Milan,1
36004,Париж (CDG),Рим (FCO),1
8714,Rome,Milan,1
9644,Мюнхен,Вена,1
28372,Мюнхен,Вена,1
47574,Новосибирск,Горно-Алтайск,1
11501,Париж (CDG),Рим (FCO),1
43057,Rome,Milan,1
9282,London,Edinburgh,1
42138,Стамбул (IST),Афины (ATH),1
14182,Екатеринбург,Казань,2
48746,London,Edinburgh,3
17959,Париж (CDG),Рим (FCO),1
15884,Лондон (LHR),Нью-Йорк (JFK),2
45912,Paris,Lyon,1
18970,New York,Los Angeles,2
36408,Москва,Санкт-Петербург,2
28303,Chicago,Miami,1
40612,Екатеринбург,Казань,1
16655,Москва (SVO),Париж (CDG),1
27198,Сингапур (SIN),Бали (DPS),1
48620,Мадрид (MAD),Барселона,1
4077,Мадрид (MAD),Барселона,1
13732,Стамбул (IST),Афины (ATH),2
38433,New York,Los Angeles,1
32909,Сингапур (SIN),Бали (DPS),1
16826,Мадрид (MAD),Барселона,1
42036,Сингапур (SIN),Бали (DPS),1
18836,Токио (HND),Сеул (ICN),2
35310,Лондон (LHR),Нью-Йорк (JFK),1
36514,Rome,Milan,1
10426,Лондон (LHR),Нью-Йорк (JFK),1
40229,Сингапур (SIN),Бали (DPS),1
22559,Rome,Milan,1
46653,Екатеринбург,Казань,1
9107,Новосибирск,Горно-Алтайск,1
45979,Сингапур (SIN),Бали (DPS),1
18635,Лондон (LHR),Нью-Йорк (JFK),2
41882,Paris,Lyon,1
27249,Frankfurt,Hamburg,2
19841,Мюнхен,Вена,1
13103,Краснодар,Сочи,1
7631,Chicago,Miami,1
48094,Сингапур (SIN),Бали (DPS),1
39459,Paris,Lyon,1
13049,Москва (SVO),Париж (CDG),1
45631,London,Edinburgh,1
7508,Стамбул (IST),Афины (ATH),1
39534,Дубай (DXB),Бангкок (BKK),3
12599,Париж (CDG),Рим (FCO),1
13477,Сингапур (SIN),Бали (DPS),1
43772,New York,Los Angeles,1
43373,Токио (HND),Сеул (ICN),2
2701,Мадрид (MAD),Барселона,1
38242,London,Edinburgh,2
9029,Rome,Milan,1
45083,Краснодар,Сочи,1
38039,New York,Los Angeles,2
31059,Сингапур (SIN),Бали (DPS),1
1656,Лондон (LHR),Нью-Йорк (JFK),1
35175,Сингапур (SIN),Бали (DPS),1
30148,Стамбул (IST),Афины (ATH),1
8373,New York,Los Angeles,1
679,Дубай (DXB),Бангкок (BKK),1
48854,Екатеринбург,Казань,1
45142,Мюнхен,Вена,1
10173,Екатеринбург,Казань,1
11887,Мадрид (MAD),Барселона,1
14644,Paris,Lyon,1
1579,Frankfurt,Hamburg,2
6032,Краснодар,Сочи,1
21194,Стамбул (IST),Афины (ATH),1
48861,Екатеринбург,Казань,1
524,Москва,Санкт-Петербург,1
825,Москва,Санкт-Петербург,1
17773,Париж (CDG),Рим (FCO),2
18331,Rome,Milan,1
42248,Берлин (BER),Амстердам (AMS),1
16062,Дубай (DXB),Бангкок (BKK),1
23508,Лондон (LHR),Нью-Йорк (JFK),1
30541,Frankfurt,Hamburg,1
21914,Paris,Lyon,1
598,Берлин (BER),Амстердам (AMS),2
15733,Токио (HND),Сеул (ICN),1
38970,Париж (CDG),Рим (FCO),1
53,Париж (CDG),Рим (FCO),1
31937,Токио (HND),Сеул (ICN),2
40641,Frankfurt,Hamburg,1
32372,Москва (SVO),Париж (CDG),2
17628,Москва,Санкт-Петербург,1
10301,Екатеринбург,Казань,1
40845,Новосибирск,Горно-Алтайск,1
47904,Москва,Санкт-Петербург,1
18264,Chicago,Miami,1
12422,Токио (HND),Сеул (ICN),1
19150,Новосибирск,Горно-Алтайск,1
35728,Стамбул (IST),Афины (ATH),1
784,London,Edinburgh,1
45097,Chicago,Miami,1
25334,Екатеринбург,Казань,1
14164,Краснодар,Сочи,1
31452,Стамбул (IST),Афины (ATH),1
41167,Краснодар,Сочи,1
14140,Токио (HND),Сеул (ICN),1
4125,London,Edinburgh,1
25092,Лондон (LHR),Нью-Йорк (JFK),1
12751,Токио (HND),Сеул (ICN),1
46013,Rome,Milan,1
7179,Frankfurt,Hamburg,1
5838,Paris,Lyon,1
40237,Сингапур (SIN),Бали (DPS),1
10119,Frankfurt,Hamburg,2
12579,Мадрид (MAD),Барселона,2
38208,Rome,Milan,1
42420,Rome,Milan,1
8112,Мюнхен,Вена,1
9461,Москва (SVO),Париж (CDG),1
23298,Берлин (BER),Амстердам (AMS),1
45877,Мюнхен,Вена,1
37740,Сингапур (SIN),Бали (DPS),1
7038,Дубай (DXB),Бангкок (BKK),1
8561,Токио (HND),Сеул (ICN),1
8556,Мюнхен,Вена,1
23023,Мадрид (MAD),Барселона,1
45206,Берлин (BER),Амстердам (AMS),2
43491,Краснодар,Сочи,1
5375,Париж (CDG),Рим (FCO),1
32055,Мюнхен,Вена,1
3909,Краснодар,Сочи,1
39811,Стамбул (IST),Афины (ATH),1
44341,Frankfurt,Hamburg,1
44613,New York,Los Angeles,1
21591,Краснодар,Сочи,1
41817,Rome,Milan,1
5905,Берлин (BER),Амстердам (AMS),1
1927,Стамбул (IST),Афины (ATH),3
21482,Токио (HND),Сеул (ICN),1
36038,Берлин (BER),Амстердам (AMS),1
25541,London,Edinburgh,1
49492,Токио (HND),Сеул (ICN),1
12029,Chicago,Miami,1
16105,Стамбул (IST),Афины (ATH),1
756,Токио (HND),Сеул (ICN),1
860,Токио (HND),Сеул (ICN),1
23830,Лондон (LHR),Нью-Йорк (JFK),1
3732,Париж (CDG),Рим (FCO),1
36633,Краснодар,Сочи,1
24690,Лондон (LHR),Нью-Йорк (JFK),1
35917,Париж (CDG),Рим (FCO),1
42983,New York,Los Angeles,1
24360,Москва,Санкт-Петербург,1
9208,Москва (SVO),Париж (CDG),1
22443,Краснодар,Сочи,1
7975,Новосибирск,Горно-Алтайск,2
27841,Екатеринбург,Казань,1
11026,New York,Los Angeles,1
9691,Париж (CDG),Рим (FCO),1
37680,Мадрид (MAD),Барселона,1
38768,Новосибирск,Горно-Алтайск,1
9866,Екатеринбург,Казань,1
5006,Екатеринбург,Казань,1
2045,Новосибирск,Горно-Алтайск,1
7984,Стамбул (IST),Афины (ATH),1
43177,Мадрид (MAD),Барселона,1
30588,Токио (HND),Сеул (ICN),1
6379,Екатеринбург,Казань,1
5645,Москва (SVO),Париж (CDG),1
23740,Стамбул (IST),Афины (ATH),1
46263,Paris,Lyon,1
49794,Екатеринбург,Казань,1
32760,Стамбул (IST),Афины (ATH),1
19504,Дубай (DXB),Бангкок (BKK),1
28833,Токио (HND),Сеул (ICN),1
25508,Стамбул (IST),Афины (ATH),1
5331,New York,Los Angeles,1
18349,Стамбул (IST),Афины (ATH),1
7103,Краснодар,Сочи,1
9782,Мюнхен,Вена,2
26185,New York,Los Angeles,2
42258,Стамбул (IST),Афины (ATH),1
24943,Москва,Санкт-Петербург,1
26325,Rome,Milan,1
762,New York,Los Angeles,1
44559,Сингапур (SIN),Бали (DPS),1
23658,Новосибирск,Горно-Алтайск,1
37388,Москва,Санкт-Петербург,1
12727,Токио (HND),Сеул (ICN),1
16881,New York,Los Angeles,1
25712,Париж (CDG),Рим (FCO),1
45602,Токио (HND),Сеул (ICN),1
1602,Мюнхен,Вена,1
48593,Chicago,Miami,1
43521,Париж (CDG),Рим (FCO),1
17308,Екатеринбург,Казань,1
44565,Новосибирск,Горно-Алтайск,1
18581,Берлин (BER),Амстердам (AMS),1
2406,Лондон (LHR),Нью-Йорк (JFK),1
31708,Rome,Milan,1
11646,Париж (CDG),Рим (FCO),1
25264,Rome,Milan,1
15283,Сингапур (SIN),Бали (DPS),1
36176,Мадрид (MAD),Барселона,1
25265,Москва,Санкт-Петербург,1
7102,Мадрид (MAD),Барселона,1
29857,Краснодар,Сочи,1
40590,Берлин (BER),Амстердам (AMS),2
23201,Париж (CDG),Рим (FCO),1
35490,New York,Los Angeles,1
28192,Берлин (BER),Амстердам (AMS),1
28828,London,Edinburgh,1
9562,Москва (SVO),Париж (CDG),1
270,Париж (CDG),Рим (FCO),1
2319,Frankfurt,Hamburg,1
550,London,Edinburgh,2
41505,Берлин (BER),Амстердам (AMS),1
43415,Мюнхен,Вена,1
33402,Берлин (BER),Амстердам (AMS),1
41,Париж (CDG),Рим (FCO),1
29922,Париж (CDG),Рим (FCO),1
45500,New York,Los Angeles,1
32151,Paris,Lyon,2
12903,Москва (SVO),Париж (CDG),2
19572,Мадрид (MAD),Барселона,1
8210,Париж (CDG),Рим (FCO),1
11296,New York,Los Angeles,1
38465,Краснодар,Сочи,2
21066,Chicago,Miami,1
26617,New York,Los Angeles,1
2338,New York,Los Angeles,1
45763,Мюнхен,Вена,1
25117,Токио (HND),Сеул (ICN),1
6448,Frankfurt,Hamburg,1
48760,Paris,Lyon,2
45907,Chicago,Miami,1
29344,Берлин (BER),Амстердам (AMS),1
30148,Paris,Lyon,2
19095,Frankfurt,Hamburg,1
46043,Токио (HND),Сеул (ICN),1
29836,London,Edinburgh,1
26975,Rome,Milan,1
218,Сингапур (SIN),Бали (DPS),1
10721,Frankfurt,Hamburg,1
32253,Chicago,Miami,2
1773,Берлин (BER),Амстердам (AMS),1
6465,Краснодар,Сочи,1
4320,Екатеринбург,Казань,1
1511,Rome,Milan,1
30578,London,Edinburgh,1
44243,New York,Los Angeles,1
36344,Chicago,Miami,1
33343,Paris,Lyon,1
18547,Frankfurt,Hamburg,1
26476,Лондон (LHR),Нью-Йорк (JFK),1
6240,New York,Los Angeles,1
41041,Краснодар,Сочи,1
12847,London,Edinburgh,1
47527,Лондон (LHR),Нью-Йорк (JFK),1
42195,Екатеринбург,Казань,1
37419,Берлин (BER),Амстердам (AMS),1
16417,Rome,Milan,1
13075,Лондон (LHR),Нью-Йорк (JFK),1
7807,Токио (HND),Сеул (ICN),1
49558,Мюнхен,Вена,1
43032,New York,Los Angeles,2
19293,Rome,Milan,1
23588,Стамбул (IST),Афины (ATH),1
18206,London,Edinburgh,2
2019,Сингапур (SIN),Бали (DPS),1
49552,Париж (CDG),Рим (FCO),1
15567,Мадрид (MAD),Барселона,1
18307,Лондон (LHR),Нью-Йорк (JFK),3
47164,New York,Los Angeles,1
16933,Москва (SVO),Париж (CDG),1
8844,Лондон (LHR),Нью-Йорк (JFK),1
4652,Дубай (DXB),Бангкок (BKK),1
23599,Мюнхен,Вена,1
36007,Краснодар,Сочи,1
28694,Лондон (LHR),Нью-Йорк (JFK),1
29439,Краснодар,Сочи,1
34083,Paris,Lyon,1
10332,Лондон (LHR),Нью-Йорк (JFK),1
45058,Екатеринбург,Казань,1
20004,Краснодар,Сочи,1
31532,Париж (CDG),Рим (FCO),1
23626,Frankfurt,Hamburg,1
9838,Мадрид (MAD),Барселона,2
14617,Rome,Milan,1
23600,Chicago,Miami,1
13879,Берлин (BER),Амстердам (AMS),1
19300,Сингапур (SIN),Бали (DPS),1
37871,Токио (HND),Сеул (ICN),1
23203,Сингапур (SIN),Бали (DPS),1
31429,Екатеринбург,Казань,1
20064,Москва,Санкт-Петербург,1
13634,Москва (SVO),Париж (CDG),1
3090,Москва,Санкт-Петербург,1
22606,New York,Los Angeles,1
40767,New York,Los Angeles,1
2304,Rome,Milan,1
10707,Париж (CDG),Рим (FCO),1
8277,London,Edinburgh,1
45526,Екатеринбург,Казань,1
10712,London,Edinburgh,1
41160,Сингапур (SIN),Бали (DPS),3
46188,Берлин (BER),Амстердам (AMS),1
23518,Chicago,Miami,1
324,Берлин (BER),Амстердам (AMS),1
18343,Дубай (DXB),Бангкок (BKK),1
27996,Paris,Lyon,1
16818,Мюнхен,Вена,1
15815,Москва (SVO),Париж (CDG),1
19283,London,Edinburgh,1
30811,Москва,Санкт-Петербург,1
47107,New York,Los Angeles,1
3508,Новосибирск,Горно-Алтайск,1
46622,Новосибирск,Горно-Алтайск,1
23263,Мюнхен,Вена,1
22755,New York,Los Angeles,1
4203,Дубай (DXB),Бангкок (BKK),1
30572,Москва,Санкт-Петербург,1
43901,New York,Los Angeles,1
37280,Екатеринбург,Казань,2
9386,Chicago,Miami,1
24073,Мадрид (MAD),Барселона,3
30981,Москва (SVO),Париж (CDG),1
2958,Мадрид (MAD),Барселона,1
36030,Новосибирск,Горно-Алтайск,1
34488,Rome,Milan,1
21208,Москва,Санкт-Петербург,1
46968,Краснодар,Сочи,1
22043,Сингапур (SIN),Бали (DPS),1
8470,Rome,Milan,1
5651,Rome,Milan,2
42505,Токио (HND),Сеул (ICN),1
26834,Дубай (DXB),Бангкок (BKK),1
43683,Rome,Milan,1
19917,Frankfurt,Hamburg,1
13336,Москва (SVO),Париж (CDG),2
28571,Екатеринбург,Казань,1
33114,Chicago,Miami,1
20381,Новосибирск,Горно-Алтайск,1
43294,Frankfurt,Hamburg,1
34050,Мадрид (MAD),Барселона,1
5100,Paris,Lyon,1
36000,Москва (SVO),Париж (CDG),1
42006,Москва,Санкт-Петербург,1
36183,Берлин (BER),Амстердам (AMS),1
5622,Москва (SVO),Париж (CDG),1
1860,Сингапур (SIN),Бали (DPS),1
45400,Париж (CDG),Рим (FCO),1
15673,Дубай (DXB),Бангкок (BKK),1
25656,Москва (SVO),Париж (CDG),1
31013,Frankfurt,Hamburg,1
8514,Токио (HND),Сеул (ICN),1
45219,Токио (HND),Сеул (ICN),1
22590,London,Edinburgh,1
27034,Мюнхен,Вена,2
19593,Frankfurt,Hamburg,1
21606,London,Edinburgh,1
19513,Дубай (DXB),Бангкок (BKK),1
44720,Paris,Lyon,1
31442,Rome,Milan,1
12167,Берлин (BER),Амстердам (AMS),3
27898,Мадрид (MAD),Барселона,1
32596,Новосибирск,Горно-Алтайск,3
19470,Екатеринбург,Казань,2
7152,Москва (SVO),Париж (CDG),1
30177,Москва (SVO),Париж (CDG),1
5237,Мадрид (MAD),Барселона,1
42736,Мадрид (MAD),Барселона,1
21688,Париж (CDG),Рим (FCO),1
31522,Frankfurt,Hamburg,2
32207,Мюнхен,Вена,1
49484,Берлин (BER),Амстердам (AMS),1
32074,Москва,Санкт-Петербург,1
25075,Париж (CDG),Рим (FCO),1
49112,Екатеринбург,Казань,1
22389,Мадрид (MAD),Барселона,1
20510,Новосибирск,Горно-Алтайск,2
37780,Chicago,Miami,1
2028,Rome,Milan,1
31887,Екатеринбург,Казань,2
16322,Екатеринбург,Казань,2
42728,Берлин (BER),Амстердам (AMS),1
45880,Екатеринбург,Казань,1
19230,Дубай (DXB),Бангкок (BKK),1
6992,Новосибирск,Горно-Алтайск,1
29646,Лондон (LHR),Нью-Йорк (JFK),1
4884,Rome,Milan,1
36110,Мадрид (MAD),Барселона,1
1160,Екатеринбург,Казань,2
48164,Chicago,Miami,1
10555,London,Edinburgh,1
3663,Мадрид (MAD),Барселона,1
39458,Екатеринбург,Казань,1
35901,Берлин (BER),Амстердам (AMS),2
16986,London,Edinburgh,1
31204,Берлин (BER),Амстердам (AMS),1
46987,Екатеринбург,Казань,2
16364,Токио (HND),Сеул (ICN),1
41432,Краснодар,Сочи,1
19075,Новосибирск,Горно-Алтайск,1
9219,Краснодар,Сочи,1
25005,Токио (HND),Сеул (ICN),1
29205,Новосибирск,Горно-Алтайск,1
9876,Новосибирск,Горно-Алтайск,1
33831,Париж (CDG),Рим (FCO),1
30968,Стамбул (IST),Афины (ATH),1
1656,Париж (CDG),Рим (FCO),2
16933,Париж (CDG),Рим (FCO),2
14103,Токио (HND),Сеул (ICN),1
6892,Rome,Milan,1
2585,Rome,Milan,1
11990,London,Edinburgh,2
16649,Екатеринбург,Казань,1
24639,Paris,Lyon,1
164,Лондон (LHR),Нью-Йорк (JFK),2
16378,Rome,Milan,1
30792,Paris,Lyon,2
326,Paris,Lyon,1
5808,Rome,Milan,1
22307,Краснодар,Сочи,1
10403,Paris,Lyon,2
14785,Москва,Санкт-Петербург,1
40205,Берлин (BER),Амстердам (AMS),1
9786,London,Edinburgh,1
41365,Paris,Lyon,1
14109,Берлин (BER),Амстердам (AMS),1
45870,Chicago,Miami,2
43838,Стамбул (IST),Афины (ATH),1
27327,Краснодар,Сочи,1
42768,London,Edinburgh,1
40659,Краснодар,Сочи,1
37954,Rome,Milan,2
28956,Сингапур (SIN),Бали (DPS),1
29491,Мадрид (MAD),Барселона,1
20518,Берлин (BER),Амстердам (AMS),2
25120,New York,Los Angeles,1
29383,Стамбул (IST),Афины (ATH),1
48389,Rome,Milan,1
15446,Мадрид (MAD),Барселона,1
45093,Москва,Санкт-Петербург,1
5890,Сингапур (SIN),Бали (DPS),1
6156,Токио (HND),Сеул (ICN),1
27010,Мадрид (MAD),Барселона,1
46641,Мадрид (MAD),Барселона,2
24256,Париж (CDG),Рим (FCO),1
8041,Екатеринбург,Казань,1
3246,Екатеринбург,Казань,1
13237,Chicago,Miami,1
22404,London,Edinburgh,1
36104,Мадрид (MAD),Барселона,1
19481,Москва,Санкт-Петербург,1
27135,Токио (HND),Сеул (ICN),1
19968,Мадрид (MAD),Барселона,1
3923,Лондон (LHR),Нью-Йорк (JFK),2
21137,London,Edinburgh,1
22408,Frankfurt,Hamburg,2
34819,Paris,Lyon,1
19608,Стамбул (IST),Афины (ATH),1
13838,New York,Los Angeles,1
46805,Лондон (LHR),Нью-Йорк (JFK),1
29824,London,Edinburgh,1
6747,Frankfurt,Hamburg,1
8715,Москва (SVO),Париж (CDG),1
5097,Paris,Lyon,1
14537,Сингапур (SIN),Бали (DPS),1
38605,Новосибирск,Горно-Алтайск,1
31627,Новосибирск,Горно-Алтайск,1
43479,Париж (CDG),Рим (FCO),1
29315,Дубай (DXB),Бангкок (BKK),1
26613,Новосибирск,Горно-Алтайск,1
41174,Екатеринбург,Казань,1
15049,Frankfurt,Hamburg,1
41187,Лондон (LHR),Нью-Йорк (JFK),1
22759,Краснодар,Сочи,1
12904,Paris,Lyon,1
21927,Краснодар,Сочи,1
122,Мюнхен,Вена,1
92,Москва (SVO),Париж (CDG),1
24186,Стамбул (IST),Афины (ATH),1
49682,London,Edinburgh,1
48307,Rome,Milan,1
34242,Париж (CDG),Рим (FCO),1
20077,Стамбул (IST),Афины (ATH),1
2219,Краснодар,Сочи,2
47246,Мадрид (MAD),Барселона,2
47980,Париж (CDG),Рим (FCO),1
48532,Токио (HND),Сеул (ICN),1
8484,Новосибирск,Горно-Алтайск,1
16488,Токио (HND),Сеул (ICN),1
42997,Frankfurt,Hamburg,2
32472,Екатеринбург,Казань,1
19772,Москва,Санкт-Петербург,1
43500,Мюнхен,Вена,1
40172,London,Edinburgh,1
40548,Москва,Санкт-Петербург,1
22729,Токио (HND),Сеул (ICN),2
26867,Мадрид (MAD),Барселона,1
40688,Лондон (LHR),Нью-Йорк (JFK),1
10479,Paris,Lyon,1
2619,Париж (CDG),Рим (FCO),2
42528,Мюнхен,Вена,1
39735,Rome,Milan,1
48531,Берлин (BER),Амстердам (AMS),1
38207,Rome,Milan,1
14326,Токио (HND),Сеул (ICN),1
35895,Москва (SVO),Париж (CDG),1
44737,Paris,Lyon,1
10004,Москва,Санкт-Петербург,1
14322,Париж (CDG),Рим (FCO),1
37176,Стамбул (IST),Афины (ATH),2
12302,New York,Los Angeles,1
13485,Chicago,Miami,2
27201,Париж (CDG),Рим (FCO),1
5499,Мюнхен,Вена,1
36198,Сингапур (SIN),Бали (DPS),1
25759,Париж (CDG),Рим (FCO),1
17264,Стамбул (IST),Афины (ATH),1
45881,Берлин (BER),Амстердам (AMS),1
38263,Мюнхен,Вена,1
32664,Краснодар,Сочи,1
35070,New York,Los Angeles,1
24652,Екатеринбург,Казань,1
35390,Краснодар,Сочи,2
37066,Новосибирск,Горно-Алтайск,1
38593,New York,Los Angeles,1
6570,New York,Los Angeles,2
35461,Frankfurt,Hamburg,1
38885,Краснодар,Сочи,1
13832,Берлин (BER),Амстердам (AMS),2
3103,Сингапур (SIN),Бали (DPS),1
7120,Frankfurt,Hamburg,1
30201,Мадрид (MAD),Барселона,1
20840,Мюнхен,Вена,1
45336,Frankfurt,Hamburg,1
14286,Лондон (LHR),Нью-Йорк (JFK),2
45552,Дубай (DXB),Бангкок (BKK),1
40338,Токио (HND),Сеул (ICN),1
17928,Мюнхен,Вена,1
20474,Дубай (DXB),Бангкок (BKK),1
38321,Chicago,Miami,2
3749,Стамбул (IST),Афины (ATH),1
16838,Дубай (DXB),Бангкок (BKK),1
10743,Сингапур (SIN),Бали (DPS),1
16739,Стамбул (IST),Афины (ATH),1
17067,Мюнхен,Вена,1
26231,Frankfurt,Hamburg,1
21483,Париж (CDG),Рим (FCO),1
48089,Chicago,Miami,2
29804,Москва,Санкт-Петербург,1
23547,Мюнхен,Вена,2
5811,London,Edinburgh,1
39589,Мадрид (MAD),Барселона,1
11720,Новосибирск,Горно-Алтайск,1
49958,Токио (HND),Сеул (ICN),1
24356,Москва (SVO),Париж (CDG),1
27722,Frankfurt,Hamburg,1
16780,Берлин (BER),Амстердам (AMS),1
37333,Rome,Milan,1
35669,Chicago,Miami,1
10210,Frankfurt,Hamburg,1
42460,New York,Los Angeles,1
12981,London,Edinburgh,1
6898,Мадрид (MAD),Барселона,1
31108,Paris,Lyon,1
3656,Frankfurt,Hamburg,1
3086,Екатеринбург,Казань,1
39579,London,Edinburgh,1
38266,Стамбул (IST),Афины (ATH),1
7944,Дубай (DXB),Бангкок (BKK),1
36431,Мюнхен,Вена,1
23456,Москва,Санкт-Петербург,1
44468,Сингапур (SIN),Бали (DPS),1
21998,Стамбул (IST),Афины (ATH),1
1728,Дубай (DXB),Бангкок (BKK),1
22206,Москва,Санкт-Петербург,2
17423,Стамбул (IST),Афины (ATH),1
1431,Стамбул (IST),Афины (ATH),1
5098,Париж (CDG),Рим (FCO),2
20497,Москва (SVO),Париж (CDG),1
31665,Лондон (LHR),Нью-Йорк (JFK),1
14179,Дубай (DXB),Бангкок (BKK),1
24778,Мадрид (MAD),Барселона,1
11148,London,Edinburgh,1
38281,Лондон (LHR),Нью-Йорк (JFK),1
14109,Берлин (BER),Амстердам (AMS),2
21474,Rome,Milan,1
42936,London,Edinburgh,1
617,Москва,Санкт-Петербург,1
29724,Frankfurt,Hamburg,1
3624,New York,Los Angeles,1
1833,Москва,Санкт-Петербург,1
16361,Frankfurt,Hamburg,1
16308,Стамбул (IST),Афины (ATH),1
36851,Краснодар,Сочи,1
41075,Париж (CDG),Рим (FCO),1
25843,Сингапур (SIN),Бали (DPS),1
32635,London,Edinburgh,1
727,Токио (HND),Сеул (ICN),1
49675,Дубай (DXB),Бангкок (BKK),1
4488,Chicago,Miami,1
25233,London,Edinburgh,1
37176,Лондон (LHR),Нью-Йорк (JFK),3
39921,Мадрид (MAD),Барселона,1
19292,Новосибирск,Горно-Алтайск,1
1771,Париж (CDG),Рим (FCO),1
27114,Rome,Milan,1
15298,Москва (SVO),Париж (CDG),1
45779,Мадрид (MAD),Барселона,1
321,London,Edinburgh,1
40952,Rome,Milan,1
46038,New York,Los Angeles,1
9399,Екатеринбург,Казань,1
3593,Краснодар,Сочи,1
40485,Токио (HND),Сеул (ICN),1
40371,New York,Los Angeles,1
24288,Paris,Lyon,3
23118,Дубай (DXB),Бангкок (BKK),1
18232,New York,Los Angeles,2
14290,Берлин (BER),Амстердам (AMS),1
4463,London,Edinburgh,1
2533,Rome,Milan,2
10727,Новосибирск,Горно-Алтайск,1
34011,Париж (CDG),Рим (FCO),1
23210,Дубай (DXB),Бангкок (BKK),1
35500,Мюнхен,Вена,1
6838,Краснодар,Сочи,1
21712,Москва,Санкт-Петербург,1
36775,London,Edinburgh,1
49795,Париж (CDG),Рим (FCO),1
12561,Лондон (LHR),Нью-Йорк (JFK),1
42699,Стамбул (IST),Афины (ATH),2
6026,Сингапур (SIN),Бали (DPS),1
6191,Мюнхен,Вена,4
47556,Сингапур (SIN),Бали (DPS),1
5487,Москва,Санкт-Петербург,1
10496,Chicago,Miami,1
40527,Москва,Санкт-Петербург,1
704,Новосибирск,Горно-Алтайск,1
1356,Берлин (BER),Амстердам (AMS),1
32129,Париж (CDG),Рим (FCO),1
17867,Екатеринбург,Казань,1
8392,Новосибирск,Горно-Алтайск,1
36869,Москва,Санкт-Петербург,1
12425,Chicago,Miami,1
49339,Chicago,Miami,1
21609,Краснодар,Сочи,1
8631,Frankfurt,Hamburg,1
39905,Мадрид (MAD),Барселона,1
33402,Дубай (DXB),Бангкок (BKK),2
3513,Frankfurt,Hamburg,1
1273,Лондон (LHR),Нью-Йорк (JFK),1
29428,Париж (CDG),Рим (FCO),1
29917,Мюнхен,Вена,2
15655,Лондон (LHR),Нью-Йорк (JFK),1
10937,Лондон (LHR),Нью-Йорк (JFK),1
16518,Стамбул (IST),Афины (ATH),1
45303,London,Edinburgh,1
20728,Chicago,Miami,2
20288,Москва (SVO),Париж (CDG),2
13169,Дубай (DXB),Бангкок (BKK),2
29786,Токио (HND),Сеул (ICN),1
48116,Chicago,Miami,1
16341,Стамбул (IST),Афины (ATH),1
22301,Токио (HND),Сеул (ICN),1
45081,Москва (SVO),Париж (CDG),2
8214,London,Edinburgh,1
47396,Лондон (LHR),Нью-Йорк (JFK),1
48159,Стамбул (IST),Афины (ATH),1
27092,Paris,Lyon,1
47641,Chicago,Miami,1
31735,Лондон (LHR),Нью-Йорк (JFK),1
22696,Мюнхен,Вена,1
28816,Стамбул (IST),Афины (ATH),1
36890,Москва,Санкт-Петербург,1
8649,Дубай (DXB),Бангкок (BKK),1
40230,Мюнхен,Вена,1
4689,Токио (HND),Сеул (ICN),1
31962,London,Edinburgh,1
10242,Frankfurt,Hamburg,1
32741,Краснодар,Сочи,1
770,Париж (CDG),Рим (FCO),1
29053,Лондон (LHR),Нью-Йорк (JFK),2
43842,Москва,Санкт-Петербург,1
26385,New York,Los Angeles,1
14991,Сингапур (SIN),Бали (DPS),1
44672,Мюнхен,Вена,2
36293,Париж (CDG),Рим (FCO),1
3913,Chicago,Miami,1
36242,New York,Los Angeles,1
23819,London,Edinburgh,1
10121,Краснодар,Сочи,1
33088,Москва,Санкт-Петербург,2
3899,Екатеринбург,Казань,1
44156,Paris,Lyon,1
41122,London,Edinburgh,2
4863,Париж (CDG),Рим (FCO),1
14367,Краснодар,Сочи,1
27097,Rome,Milan,1
25579,Frankfurt,Hamburg,1
28012,Frankfurt,Hamburg,1
11459,Новосибирск,Горно-Алтайск,1
7630,Москва,Санкт-Петербург,1
36287,Краснодар,Сочи,3
39735,Берлин (BER),Амстердам (AMS),2
37660,London,Edinburgh,1
14243,Стамбул (IST),Афины (ATH),1
40188,Москва (SVO),Париж (CDG),1
23495,Сингапур (SIN),Бали (DPS),1
47967,Мюнхен,Вена,1
28651,Париж (CDG),Рим (FCO),1
1527,Москва,Санкт-Петербург,1
22265,Екатеринбург,Казань,2
363,Chicago,Miami,1
24789,Москва (SVO),Париж (CDG),1
3582,Стамбул (IST),Афины (ATH),1
30410,Мюнхен,Вена,1
41336,Chicago,Miami,1
2729,Стамбул (IST),Афины (ATH),1
40155,Стамбул (IST),Афины (ATH),1
16566,Берлин (BER),Амстердам (AMS),1
11632,Берлин (BER),Амстердам (AMS),1
40281,Краснодар,Сочи,1
16829,Rome,Milan,1
17161,Мюнхен,Вена,1
30653,Дубай (DXB),Бангкок (BKK),1
12671,London,Edinburgh,1
31598,Мюнхен,Вена,1
3998,Chicago,Miami,1
45558,Москва,Санкт-Петербург,2
45771,Мюнхен,Вена,1
13409,Берлин (BER),Амстердам (AMS),1
32046,Лондон (LHR),Нью-Йорк (JFK),1
1162,Rome,Milan,1
44353,Краснодар,Сочи,2
12947,Новосибирск,Горно-Алтайск,1
35974,Москва,Санкт-Петербург,1
36322,London,Edinburgh,1
42916,Chicago,Miami,1
565,Берлин (BER),Амстердам (AMS),1
18275,Берлин (BER),Амстердам (AMS),1
13305,Rome,Milan,1
1320,Лондон (LHR),Нью-Йорк (JFK),1
16819,Москва (SVO),Париж (CDG),1
25975,Лондон (LHR),Нью-Йорк (JFK),1
40923,Paris,Lyon,1
37626,Новосибирск,Горно-Алтайск,1
26180,Париж (CDG),Рим (FCO),1
33770,Москва (SVO),Париж (CDG),1
40285,Москва (SVO),Париж (CDG),1
25205,Москва (SVO),Париж (CDG),1
7474,Сингапур (SIN),Бали (DPS),2
16918,Дубай (DXB),Бангкок (BKK),1
13668,Париж (CDG),Рим (FCO),1
26630,New York,Los Angeles,1
20945,Краснодар,Сочи,1
4076,Paris,Lyon,1
32306,Paris,Lyon,1
34063,Дубай (DXB),Бангкок (BKK),1
34956,Мадрид (MAD),Барселона,1
49127,Токио (HND),Сеул (ICN),1
18496,Chicago,Miami,2
47188,Дубай (DXB),Бангкок (BKK),1
36576,Chicago,Miami,1
40629,Стамбул (IST),Афины (ATH),1
43617,Новосибирск,Горно-Алтайск,1
5428,Москва,Санкт-Петербург,1
12639,Лондон (LHR),Нью-Йорк (JFK),1
33703,Стамбул (IST),Афины (ATH),1
28670,Rome,Milan,1
3794,Paris,Lyon,2
17825,Дубай (DXB),Бангкок (BKK),1
14501,Москва,Санкт-Петербург,1
820,Краснодар,Сочи,1
32897,Мюнхен,Вена,1
5127,London,Edinburgh,1
34990,Стамбул (IST),Афины (ATH),1
37405,Rome,Milan,1
31014,Москва (SVO),Париж (CDG),1
48828,Москва (SVO),Париж (CDG),1
43720,Берлин (BER),Амстердам (AMS),1
15604,Краснодар,Сочи,1
26098,Москва,Санкт-Петербург,1
45538,Москва,Санкт-Петербург,1
22614,Дубай (DXB),Бангкок (BKK),3
36670,London,Edinburgh,2
5629,London,Edinburgh,1
21689,Новосибирск,Горно-Алтайск,1
2010,Новосибирск,Горно-Алтайск,1
22815,Стамбул (IST),Афины (ATH),1
47859,Frankfurt,Hamburg,1
24330,Frankfurt,Hamburg,1
32530,Токио (HND),Сеул (ICN),1
1858,Дубай (DXB),Бангкок (BKK),1
42290,Paris,Lyon,1
46494,New York,Los Angeles,1
26001,Москва,Санкт-Петербург,1
2137,Paris,Lyon,1
7203,Берлин (BER),Амстердам (AMS),1
34298,Токио (HND),Сеул (ICN),1
41099,Сингапур (SIN),Бали (DPS),1
10784,Paris,Lyon,1
2713,Paris,Lyon,1
21946,Rome,Milan,1
33340,Новосибирск,Горно-Алтайск,1
31420,Екатеринбург,Казань,1
15284,London,Edinburgh,2
20883,Frankfurt,Hamburg,1
33371,Москва (SVO),Париж (CDG),1
2144,New York,Los Angeles,1
48928,Rome,Milan,1
34143,Frankfurt,Hamburg,1
30394,Chicago,Miami,1
38765,Сингапур (SIN),Бали (DPS),1
17800,New York,Los Angeles,1
14119,Chicago,Miami,2
17393,Краснодар,Сочи,1
183,Москва,Санкт-Петербург,1
38634,Екатеринбург,Казань,1
38980,Париж (CDG),Рим (FCO),1
17627,Paris,Lyon,1
21120,Стамбул (IST),Афины (ATH),1
6350,Берлин (BER),Амстердам (AMS),1
29010,Chicago,Miami,1
7156,Лондон (LHR),Нью-Йорк (JFK),3
31324,New York,Los Angeles,1
14603,Мюнхен,Вена,1
8540,Frankfurt,Hamburg,1
35479,Paris,Lyon,1
12408,New York,Los Angeles,2
17340,Берлин (BER),Амстердам (AMS),1
29629,Chicago,Miami,1
2347,Стамбул (IST),Афины (ATH),1
3240,Frankfurt,Hamburg,1
29598,London,Edinburgh,2
6697,Лондон (LHR),Нью-Йорк (JFK),1
21992,Париж (CDG),Рим (FCO),1
12992,Дубай (DXB),Бангкок (BKK),1
4808,Chicago,Miami,1
12769,Дубай (DXB),Бангкок (BKK),1
29154,Лондон (LHR),Нью-Йорк (JFK),3
40354,Мадрид (MAD),Барселона,2
47708,New York,Los Angeles,1
158,London,Edinburgh,1
20881,Токио (HND),Сеул (ICN),1
47122,Мадрид (MAD),Барселона,1
13575,Екатеринбург,Казань,1
27537,Лондон (LHR),Нью-Йорк (JFK),1
17408,Лондон (LHR),Нью-Йорк (JFK),1
9211,Стамбул (IST),Афины (ATH),1
42019,Берлин (BER),Амстердам (AMS),1
7181,Новосибирск,Горно-Алтайск,1
28976,Chicago,Miami,1
11697,Frankfurt,Hamburg,1
31159,Токио (HND),Сеул (ICN),3
10938,Rome,Milan,1
26612,Краснодар,Сочи,1
22964,Москва,Санкт-Петербург,1
37139,Мадрид (MAD),Барселона,1
118,Краснодар,Сочи,1
20504,Paris,Lyon,1
8553,Chicago,Miami,1
4146,Токио (HND),Сеул (ICN),1
17579,New York,Los Angeles,1
44510,Москва,Санкт-Петербург,1
49740,Frankfurt,Hamburg,1
3606,Новосибирск,Горно-Алтайск,1
16338,London,Edinburgh,1
28411,Лондон (LHR),Нью-Йорк (JFK),1
38354,Мадрид (MAD),Барселона,1
38940,New York,Los Angeles,1
2617,Новосибирск,Горно-Алтайск,1
39406,Лондон (LHR),Нью-Йорк (JFK),1
32116,New York,Los Angeles,1
30046,Chicago,Miami,1
13155,Токио (HND),Сеул (ICN),1
397,Москва (SVO),Париж (CDG),2
1657,New York,Los Angeles,1
20252,Frankfurt,Hamburg,1
23050,Стамбул (IST),Афины (ATH),1
5836,Москва,Санкт-Петербург,1
30837,Мюнхен,Вена,1
22418,Мадрид (MAD),Барселона,2
20072,Стамбул (IST),Афины (ATH),1
43635,Берлин (BER),Амстердам (AMS),1
33203,Берлин (BER),Амстердам (AMS),1
25615,Дубай (DXB),Бангкок (BKK),1
5957,Мадрид (MAD),Барселона,1
49702,Москва (SVO),Париж (CDG),1
49799,Токио (HND),Сеул (ICN),1
11827,Frankfurt,Hamburg,1
26851,Мадрид (MAD),Барселона,1
46434,Мюнхен,Вена,2
29421,Берлин (BER),Амстердам (AMS),1
12647,Лондон (LHR),Нью-Йорк (JFK),1
6937,Мадрид (MAD),Барселона,1
37193,New York,Los Angeles,1
39656,Екатеринбург,Казань,1
10721,Мадрид (MAD),Барселона,2
20667,Москва (SVO),Париж (CDG),1
3039,Краснодар,Сочи,1
311,Дубай (DXB),Бангкок (BKK),1
38098,Paris,Lyon,1
17490,Лондон (LHR),Нью-Йорк (JFK),1
47117,Стамбул (IST),Афины (ATH),1
15306,Токио (HND),Сеул (ICN),1
29433,Мадрид (MAD),Барселона,1
4043,Париж (CDG),Рим (FCO),1
41535,Мадрид (MAD),Барселона,1
4424,Токио (HND),Сеул (ICN),1
10035,Лондон (LHR),Нью-Йорк (JFK),1
451,Москва (SVO),Париж (CDG),1
42876,Токио (HND),Сеул (ICN),1
30488,Стамбул (IST),Афины (ATH),1
18979,Токио (HND),Сеул (ICN),1
35252,Мадрид (MAD),Барселона,2
19607,Токио (HND),Сеул (ICN),1
31670,Москва (SVO),Париж (CDG),1
49546,Дубай (DXB),Бангкок (BKK),1
25160,Екатеринбург,Казань,1
28957,Сингапур (SIN),Бали (DPS),1
8217,Paris,Lyon,1
7574,New York,Los Angeles,1
22404,Токио (HND),Сеул (ICN),2
49097,New York,Los Angeles,2
1543,New York,Los Angeles,1
27262,Краснодар,Сочи,1
8377,Токио (HND),Сеул (ICN),1
8558,Екатеринбург,Казань,1
42980,Екатеринбург,Казань,1
41808,Chicago,Miami,2
12660,Берлин (BER),Амстердам (AMS),1
24394,Екатеринбург,Казань,2
31314,Токио (HND),Сеул (ICN),1
40413,Москва (SVO),Париж (CDG),2
19103,Chicago,Miami,1
30087,Rome,Milan,1
43076,London,Edinburgh,1
11946,Сингапур (SIN),Бали (DPS),1
45252,Chicago,Miami,1
16537,Paris,Lyon,1
25971,Париж (CDG),Рим (FCO),1
13732,Paris,Lyon,3
2808,Rome,Milan,1
38441,Мадрид (MAD),Барселона,1
3491,Rome,Milan,2
11125,Frankfurt,Hamburg,1
5129,Paris,Lyon,1
21953,Frankfurt,Hamburg,1
40383,Москва,Санкт-Петербург,1
9724,Стамбул (IST),Афины (ATH),2
16287,Сингапур (SIN),Бали (DPS),1
46497,London,Edinburgh,1
5847,Новосибирск,Горно-Алтайск,2
41658,Москва,Санкт-Петербург,1
20578,Стамбул (IST),Афины (ATH),1
36956,Мюнхен,Вена,1
48352,Москва (SVO),Париж (CDG),1
36038,Лондон (LHR),Нью-Йорк (JFK),2
18584,Мюнхен,Вена,2
14971,Стамбул (IST),Афины (ATH),1
35447,Дубай (DXB),Бангкок (BKK),1
23239,Rome,Milan,1
8889,Frankfurt,Hamburg,2
15446,Москва (SVO),Париж (CDG),2
232,Мадрид (MAD),Барселона,1
40295,Мюнхен,Вена,1
14699,Стамбул (IST),Афины (ATH),1
41486,Дубай (DXB),Бангкок (BKK),1
29329,Новосибирск,Горно-Алтайск,1
18952,Мюнхен,Вена,1
1784,Дубай (DXB),Бангкок (BKK),1
2347,Москва,Санкт-Петербург,2
19727,Токио (HND),Сеул (ICN),1
42169,New York,Los Angeles,1
3575,Paris,Lyon,1
41358,Paris,Lyon,1
9530,Екатеринбург,Казань,1
17609,Новосибирск,Горно-Алтайск,1
30059,Chicago,Miami,1
43431,Екатеринбург,Казань,2
34789,Новосибирск,Горно-Алтайск,1
527,Chicago,Miami,1
28955,Мадрид (MAD),Барселона,1
11946,Сингапур (SIN),Бали (DPS),2
30872,Мадрид (MAD),Барселона,1
46800,Frankfurt,Hamburg,1
5740,Paris,Lyon,1
10033,Мюнхен,Вена,1
49789,Новосибирск,Горно-Алтайск,2
25807,Chicago,Miami,2
24477,Берлин (BER),Амстердам (AMS),1
13290,Москва (SVO),Париж (CDG),1
32589,Лондон (LHR),Нью-Йорк (JFK),1
40202,Париж (CDG),Рим (FCO),1
33233,New York,Los Angeles,1
41611,Краснодар,Сочи,1
39823,Новосибирск,Горно-Алтайск,1
12292,Дубай (DXB),Бангкок (BKK),1
30404,New York,Los Angeles,2
18323,Краснодар,Сочи,1
38536,Берлин (BER),Амстердам (AMS),1
46777,Берлин (BER),Амстердам (AMS),1
23291,Frankfurt,Hamburg,1
25932,Москва (SVO),Париж (CDG),2
26763,Chicago,Miami,1
5137,Мюнхен,Вена,1
18427,Frankfurt,Hamburg,1
39346,Chicago,Miami,2
45895,Москва (SVO),Париж (CDG),1
20873,Paris,Lyon,1
4373,New York,Los Angeles,1
11955,Москва,Санкт-Петербург,1
39360,Мюнхен,Вена,1
36698,Берлин (BER),Амстердам (AMS),1
32297,Сингапур (SIN),Бали (DPS),1
10192,Дубай (DXB),Бангкок (BKK),1
3407,Москва (SVO),Париж (CDG),1
701,Новосибирск,Горно-Алтайск,1
42482,Дубай (DXB),Бангкок (BKK),1
36018,Chicago,Miami,1
36454,Дубай (DXB),Бангкок (BKK),1
1036,Екатеринбург,Казань,1
39778,Rome,Milan,1
35850,Мюнхен,Вена,1
31445,Стамбул (IST),Афины (ATH),1
25650,Chicago,Miami,1
9554,Москва (SVO),Париж (CDG),3
26690,Мадрид (MAD),Барселона,2
8952,New York,Los Angeles,1
48321,New York,Los Angeles,1
21505,Мюнхен,Вена,1
12873,New York,Los Angeles,1
22898,Токио (HND),Сеул (ICN),1
23080,Мюнхен,Вена,1
32686,Мюнхен,Вена,1
39871,Лондон (LHR),Нью-Йорк (JFK),1
10449,Краснодар,Сочи,2
26468,Paris,Lyon,1
5167,Дубай (DXB),Бангкок (BKK),1
31226,Екатеринбург,Казань,1
34005,Paris,Lyon,1
19456,Мюнхен,Вена,1
33387,Москва,Санкт-Петербург,1
19528,Сингапур (SIN),Бали (DPS),1
27942,Paris,Lyon,1
43137,Мадрид (MAD),Барселона,2
38117,Стамбул (IST),Афины (ATH),2
10280,Frankfurt,Hamburg,1
24523,Дубай (DXB),Бангкок (BKK),1
15168,New York,Los Angeles,1
2825,Дубай (DXB),Бангкок (BKK),1
5919,Сингапур (SIN),Бали (DPS),1
41608,Екатеринбург,Казань,1
11670,Мадрид (MAD),Барселона,1
13705,Сингапур (SIN),Бали (DPS),1
27924,Сингапур (SIN),Бали (DPS),1
7702,Мадрид (MAD),Барселона,1
46269,Frankfurt,Hamburg,1
43716,Frankfurt,Hamburg,1
15266,Мюнхен,Вена,1
5750,Париж (CDG),Рим (FCO),1
3246,Москва (SVO),Париж (CDG),2
20805,New York,Los Angeles,1
30218,Екатеринбург,Казань,2
31251,Берлин (BER),Амстердам (AMS),1
2544,Лондон (LHR),Нью-Йорк (JFK),1
40148,Мадрид (MAD),Барселона,1
48476,Лондон (LHR),Нью-Йорк (JFK),1
14,Берлин (BER),Амстердам (AMS),1
49376,Лондон (LHR),Нью-Йорк (JFK),1
27222,Екатеринбург,Казань,1
25279,Париж (CDG),Рим (FCO),1
27363,Frankfurt,Hamburg,1
23363,Екатеринбург,Казань,2
43291,Париж (CDG),Рим (FCO),1
29235,London,Edinburgh,1
20417,Париж (CDG),Рим (FCO),1
17726,Paris,Lyon,1
14799,Paris,Lyon,1
25925,Москва (SVO),Париж (CDG),1
3677,Краснодар,Сочи,1
41756,Краснодар,Сочи,1
46026,Мадрид (MAD),Барселона,1
10788,Екатеринбург,Казань,1
20322,Сингапур (SIN),Бали (DPS),1
11420,Екатеринбург,Казань,1
42082,Frankfurt,Hamburg,1
28912,Новосибирск,Горно-Алтайск,1
37362,Лондон (LHR),Нью-Йорк (JFK),1
7928,Париж (CDG),Рим (FCO),1
17560,Берлин (BER),Амстердам (AMS),1
11427,Лондон (LHR),Нью-Йорк (JFK),1
47083,Chicago,Miami,1
41771,Краснодар,Сочи,1
6375,Дубай (DXB),Бангкок (BKK),1
37797,Париж (CDG),Рим (FCO),1
11591,Краснодар,Сочи,2
16084,Париж (CDG),Рим (FCO),1
35406,Париж (CDG),Рим (FCO),1
27505,Париж (CDG),Рим (FCO),1
15755,Rome,Milan,1
23965,Chicago,Miami,1
8992,Стамбул (IST),Афины (ATH),1
109,Paris,Lyon,1
38793,New York,Los Angeles,1
27127,Краснодар,Сочи,1
40181,Мюнхен,Вена,1
38176,Дубай (DXB),Бангкок (BKK),1
10931,London,Edinburgh,1
28568,Новосибирск,Горно-Алтайск,1
41051,Chicago,Miami,1
41093,Москва (SVO),Париж (CDG),1
5199,Paris,Lyon,1
22325,New York,Los Angeles,1
39171,Мадрид (MAD),Барселона,1
40030,Стамбул (IST),Афины (ATH),1
48194,Frankfurt,Hamburg,2
42264,Краснодар,Сочи,1
8796,London,Edinburgh,1
19290,Сингапур (SIN),Бали (DPS),1
42193,Новосибирск,Горно-Алтайск,2
17755,Мюнхен,Вена,1
13601,Москва,Санкт-Петербург,1
11779,Мюнхен,Вена,1
32324,Сингапур (SIN),Бали (DPS),1
12332,Rome,Milan,1
28511,Chicago,Miami,1
30033,Токио (HND),Сеул (ICN),1
15864,London,Edinburgh,1
37444,Берлин (BER),Амстердам (AMS),1
3582,London,Edinburgh,2
42266,Сингапур (SIN),Бали (DPS),1
47963,Токио (HND),Сеул (ICN),1
12972,Сингапур (SIN),Бали (DPS),2
27975,Берлин (BER),Амстердам (AMS),1
20928,Новосибирск,Горно-Алтайск,2
10653,Новосибирск,Горно-Алтайск,1
21936,Москва,Санкт-Петербург,1
40996,Краснодар,Сочи,1
36005,Москва (SVO),Париж (CDG),1
24486,Сингапур (SIN),Бали (DPS),1
36214,Краснодар,Сочи,1
27061,Мюнхен,Вена,2
28518,Мадрид (MAD),Барселона,1
38799,Paris,Lyon,1
42705,Мюнхен,Вена,1
24825,Краснодар,Сочи,1
33196,Лондон (LHR),Нью-Йорк (JFK),1
36605,Новосибирск,Горно-Алтайск,2
41855,Chicago,Miami,2
20302,Chicago,Miami,1
22039,Берлин (BER),Амстердам (AMS),1
20813,Frankfurt,Hamburg,1
635,Екатеринбург,Казань,1
22049,Paris,Lyon,1
16293,Стамбул (IST),Афины (ATH),1
37541,Москва,Санкт-Петербург,1
18937,Frankfurt,Hamburg,1
21679,Берлин (BER),Амстердам (AMS),1
26998,Chicago,Miami,1
12785,Rome,Milan,1
41450,Rome,Milan,1
3609,Краснодар,Сочи,1
26298,Берлин (BER),Амстердам (AMS),1
598,Краснодар,Сочи,3
41703,Новосибирск,Горно-Алтайск,1
3264,Мадрид (MAD),Барселона,1
28070,Екатеринбург,Казань,1
42397,New York,Los Angeles,1
19326,Мадрид (MAD),Барселона,1
18064,London,Edinburgh,1
14294,Chicago,Miami,1
25907,Краснодар,Сочи,1
32437,Сингапур (SIN),Бали (DPS),1
30443,London,Edinburgh,1
43113,London,Edinburgh,1
33407,Стамбул (IST),Афины (ATH),1
27711,Стамбул (IST),Афины (ATH),1
46975,Сингапур (SIN),Бали (DPS),1
11638,Мадрид (MAD),Барселона,1
38594,London,Edinburgh,1
23136,Краснодар,Сочи,1
30770,Новосибирск,Горно-Алтайск,1
3613,Берлин (BER),Амстердам (AMS),1
17245,Екатеринбург,Казань,1
28401,Берлин (BER),Амстердам (AMS),1
29151,Стамбул (IST),Афины (ATH),1
48936,Chicago,Miami,1
12088,Париж (CDG),Рим (FCO),1
11840,Берлин (BER),Амстердам (AMS),2
21553,Paris,Lyon,1
17413,Новосибирск,Горно-Алтайск,1
24141,Сингапур (SIN),Бали (DPS),1
3797,New York,Los Angeles,2
23959,Frankfurt,Hamburg,1
17085,Москва (SVO),Париж (CDG),2
44632,Лондон (LHR),Нью-Йорк (JFK),1
34046,Токио (HND),Сеул (ICN),1
46605,Екатеринбург,Казань,2
8407,Мадрид (MAD),Барселона,1
39801,London,Edinburgh,1
43385,Лондон (LHR),Нью-Йорк (JFK),1
22537,Париж (CDG),Рим (FCO),1
31544,Стамбул (IST),Афины (ATH),2
22175,Москва,Санкт-Петербург,1
27869,Москва,Санкт-Петербург,1
39473,Rome,Milan,1
49927,London,Edinburgh,2
8174,New York,Los Angeles,1
1833,Новосибирск,Горно-Алтайск,2
36053,Берлин (BER),Амстердам (AMS),1
43403,Дубай (DXB),Бангкок (BKK),2
15334,Frankfurt,Hamburg,1
22170,Берлин (BER),Амстердам (AMS),1
30148,London,Edinburgh,3
30935,Екатеринбург,Казань,1
9496,Chicago,Miami,1
26532,Paris,Lyon,1
4068,Paris,Lyon,1
40010,Мюнхен,Вена,1
15747,Frankfurt,Hamburg,1
32414,Париж (CDG),Рим (FCO),1
4898,Берлин (BER),Амстердам (AMS),1
18650,Москва (SVO),Париж (CDG),1
26006,Стамбул (IST),Афины (ATH),1
12940,Мадрид (MAD),Барселона,1
44992,Мадрид (MAD),Барселона,2
41331,London,Edinburgh,1
48815,Мюнхен,Вена,1
18887,Екатеринбург,Казань,1
38984,Лондон (LHR),Нью-Йорк (JFK),1
2761,Frankfurt,Hamburg,1
25464,Paris,Lyon,1
14565,Frankfurt,Hamburg,1
23276,Мюнхен,Вена,1
38351,Краснодар,Сочи,1
37930,Paris,Lyon,2
36767,Paris,Lyon,1
36812,Москва,Санкт-Петербург,1
16002,Лондон (LHR),Нью-Йорк (JFK),2
38504,Стамбул (IST),Афины (ATH),1
17419,Frankfurt,Hamburg,2
45501,London,Edinburgh,1
19073,New York,Los Angeles,1
16308,Берлин (BER),Амстердам (AMS),2
47128,Новосибирск,Горно-Алтайск,1
18533,Москва (SVO),Париж (CDG),1
8584,Стамбул (IST),Афины (ATH),1
28443,Краснодар,Сочи,1
37399,Rome,Milan,1
11255,Берлин (BER),Амстердам (AMS),1
13862,Новосибирск,Горно-Алтайск,1
37592,Дубай (DXB),Бангкок (BKK),1
42316,Сингапур (SIN),Бали (DPS),1
47710,Новосибирск,Горно-Алтайск,1
24820,Chicago,Miami,1
10068,Стамбул (IST),Афины (ATH),1
37325,Берлин (BER),Амстердам (AMS),1
13637,Стамбул (IST),Афины (ATH),1
22900,Екатеринбург,Казань,1
48646,Сингапур (SIN),Бали (DPS),1
1432,Новосибирск,Горно-Алтайск,2
18431,London,Edinburgh,1
31436,Дубай (DXB),Бангкок (BKK),1
45936,Rome,Milan,1
5935,Frankfurt,Hamburg,1
37361,Стамбул (IST),Афины (ATH),1
38002,Краснодар,Сочи,1
905,Стамбул (IST),Афины (ATH),1
9569,Paris,Lyon,1
32095,Париж (CDG),Рим (FCO),1
16766,London,Edinburgh,1
41936,Мюнхен,Вена,1
25824,Берлин (BER),Амстердам (AMS),1
8998,Москва (SVO),Париж (CDG),1
30280,Берлин (BER),Амстердам (AMS),1
35422,Новосибирск,Горно-Алтайск,1
23990,Дубай (DXB),Бангкок (BKK),1
9200,Rome,Milan,1
28440,Берлин (BER),Амстердам (AMS),1
39858,Paris,Lyon,1
27627,Лондон (LHR),Нью-Йорк (JFK),1
32069,Дубай (DXB),Бангкок (BKK),1
20190,Paris,Lyon,1
47751,Новосибирск,Горно-Алтайск,2
22733,Новосибирск,Горно-Алтайск,1
9243,Новосибирск,Горно-Алтайск,1
31297,Chicago,Miami,1
22883,Москва,Санкт-Петербург,1
26775,Мюнхен,Вена,2
6388,New York,Los Angeles,1
27612,Берлин (BER),Амстердам (AMS),1
22396,Chicago,Miami,1
49171,New York,Los Angeles,2
47410,Сингапур (SIN),Бали (DPS),1
8126,Rome,Milan,2
21502,Стамбул (IST),Афины (ATH),2
37617,Лондон (LHR),Нью-Йорк (JFK),1
9605,New York,Los Angeles,1
45148,Дубай (DXB),Бангкок (BKK),1
28349,Frankfurt,Hamburg,1
8083,Москва (SVO),Париж (CDG),1
39478,Мюнхен,Вена,1
39294,Мюнхен,Вена,1
35756,Мадрид (MAD),Барселона,1
29697,Сингапур (SIN),Бали (DPS),1
25267,Берлин (BER),Амстердам (AMS),1
17421,Дубай (DXB),Бангкок (BKK),1
35960,Дубай (DXB),Бангкок (BKK),1
39208,Москва,Санкт-Петербург,1
18194,Rome,Milan,1
7978,Париж (CDG),Рим (FCO),1
25215,Мадрид (MAD),Барселона,1
17135,Сингапур (SIN),Бали (DPS),1
35467,Токио (HND),Сеул (ICN),1
4295,London,Edinburgh,1
30139,Rome,Milan,1
22366,Лондон (LHR),Нью-Йорк (JFK),1
18347,New York,Los Angeles,1
28450,Краснодар,Сочи,1
28631,Сингапур (SIN),Бали (DPS),1
22472,Frankfurt,Hamburg,1
26577,New York,Los Angeles,1
33979,London,Edinburgh,1
27289,Rome,Milan,1
47690,Rome,Milan,1
10983,Paris,Lyon,1
27029,Берлин (BER),Амстердам (AMS),1
28891,Стамбул (IST),Афины (ATH),1
40362,Москва (SVO),Париж (CDG),2
30791,Frankfurt,Hamburg,1
27797,Paris,Lyon,1
34015,Краснодар,Сочи,1
18170,New York,Los Angeles,1
8297,Chicago,Miami,1
15717,Краснодар,Сочи,1
20739,Frankfurt,Hamburg,1
48655,Мюнхен,Вена,1
1366,Дубай (DXB),Бангкок (BKK),1
46143,Москва,Санкт-Петербург,1
13710,Дубай (DXB),Бангкок (BKK),2
48606,Стамбул (IST),Афины (ATH),1
45576,Стамбул (IST),Афины (ATH),1
17606,London,Edinburgh,1
31210,Frankfurt,Hamburg,1
12618,Москва (SVO),Париж (CDG),1
34386,Москва (SVO),Париж (CDG),3
16730,Rome,Milan,1
17783,Frankfurt,Hamburg,1
27667,Москва,Санкт-Петербург,1
15625,Chicago,Miami,1
14494,Екатеринбург,Казань,1
12177,Екатеринбург,Казань,1
10382,New York,Los Angeles,1
41375,Москва (SVO),Париж (CDG),1
24164,Екатеринбург,Казань,1
22137,Токио (HND),Сеул (ICN),2
16280,Новосибирск,Горно-Алтайск,1
3790,Екатеринбург,Казань,1
31912,Лондон (LHR),Нью-Йорк (JFK),1
31624,Москва,Санкт-Петербург,1
23585,Мадрид (MAD),Барселона,1
10037,Мюнхен,Вена,1
12402,Новосибирск,Горно-Алтайск,1
26535,Мадрид (MAD),Барселона,1
7903,Краснодар,Сочи,1
28787,Берлин (BER),Амстердам (AMS),1
34914,Лондон (LHR),Нью-Йорк (JFK),1
15051,Дубай (DXB),Бангкок (BKK),1
16937,Мадрид (MAD),Барселона,1
42567,Москва (SVO),Париж (CDG),1
487,Берлин (BER),Амстердам (AMS),1
37319,Frankfurt,Hamburg,1
17408,New York,Los Angeles,2
10223,Париж (CDG),Рим (FCO),1
6840,Москва,Санкт-Петербург,1
40998,Мюнхен,Вена,1
23154,Токио (HND),Сеул (ICN),1
36275,Новосибирск,Горно-Алтайск,1
27977,Rome,Milan,1
23531,Москва (SVO),Париж (CDG),1
48496,Токио (HND),Сеул (ICN),1
7546,Сингапур (SIN),Бали (DPS),1
24445,Екатеринбург,Казань,1
43861,Мюнхен,Вена,1
28606,New York,Los Angeles,1
39919,Париж (CDG),Рим (FCO),1
4203,Сингапур (SIN),Бали (DPS),2
36538,Новосибирск,Горно-Алтайск,1
5861,Мадрид (MAD),Барселона,1
10038,Лондон (LHR),Нью-Йорк (JFK),1
13118,Rome,Milan,1
27938,Frankfurt,Hamburg,1
45766,London,Edinburgh,1
37272,Токио (HND),Сеул (ICN),1
41502,Лондон (LHR),Нью-Йорк (JFK),1
2442,Лондон (LHR),Нью-Йорк (JFK),1
48540,London,Edinburgh,1
46231,Берлин (BER),Амстердам (AMS),1
32533,Лондон (LHR),Нью-Йорк (JFK),1
12218,Сингапур (SIN),Бали (DPS),1
27669,Paris,Lyon,1
47229,Сингапур (SIN),Бали (DPS),1
26779,Екатеринбург,Казань,2
43492,Paris,Lyon,1
5004,Сингапур (SIN),Бали (DPS),1
33146,Paris,Lyon,1
37350,Стамбул (IST),Афины (ATH),2
2474,Токио (HND),Сеул (ICN),1
34108,Краснодар,Сочи,1
44667,Новосибирск,Горно-Алтайск,1
37550,Краснодар,Сочи,1
6654,New York,Los Angeles,1
28442,Мюнхен,Вена,1
45099,Париж (CDG),Рим (FCO),1
4893,Мадрид (MAD),Барселона,1
45580,Берлин (BER),Амстердам (AMS),1
30369,Стамбул (IST),Афины (ATH),1
43103,Москва (SVO),Париж (CDG),1
11144,Токио (HND),Сеул (ICN),1
48678,Екатеринбург,Казань,1
8771,New York,Los Angeles,1
22560,Париж (CDG),Рим (FCO),1
1985,London,Edinburgh,1
26940,Стамбул (IST),Афины (ATH),1
43413,Paris,Lyon,2
43133,London,Edinburgh,1
11316,Сингапур (SIN),Бали (DPS),1
36133,Мадрид (MAD),Барселона,1
16131,Мюнхен,Вена,1
3836,Paris,Lyon,1
2808,Краснодар,Сочи,2
14046,Rome,Milan,2
19346,Chicago,Miami,1
42236,Екатеринбург,Казань,1
11042,Rome,Milan,2
25947,Chicago,Miami,1
46845,Chicago,Miami,3
49101,Chicago,Miami,1
31152,Paris,Lyon,1
20084,Мюнхен,Вена,1
20772,Мюнхен,Вена,1
44511,Москва (SVO),Париж (CDG),1
23614,Стамбул (IST),Афины (ATH),1
31681,Дубай (DXB),Бангкок (BKK),1
22650,London,Edinburgh,1
37084,Токио (HND),Сеул (ICN),1
26578,Екатеринбург,Казань,1
14763,Токио (HND),Сеул (ICN),1
21119,New York,Los Angeles,1
33804,Токио (HND),Сеул (ICN),1
5791,Дубай (DXB),Бангкок (BKK),1
49779,Мадрид (MAD),Барселона,1
12435,Екатеринбург,Казань,1
16030,Мадрид (MAD),Барселона,1
46038,Екатеринбург,Казань,2
4,Москва (SVO),Париж (CDG),1
42074,Paris,Lyon,1
10122,Стамбул (IST),Афины (ATH),1
36680,Frankfurt,Hamburg,1
14667,Москва (SVO),Париж (CDG),1
19865,New York,Los Angeles,1
38745,Москва,Санкт-Петербург,1
9474,Rome,Milan,1
43160,Мюнхен,Вена,1
12439,Rome,Milan,1
4435,Стамбул (IST),Афины (ATH),1
32374,Rome,Milan,1
47746,Мюнхен,Вена,1
5794,Париж (CDG),Рим (FCO),1
36415,Лондон (LHR),Нью-Йорк (JFK),1
47002,Москва,Санкт-Петербург,2
1175,Москва (SVO),Париж (CDG),1
16836,Екатеринбург,Казань,1
45467,Chicago,Miami,1
22738,Frankfurt,Hamburg,1
5172,Сингапур (SIN),Бали (DPS),1
9648,Мадрид (MAD),Барселона,1
14659,Новосибирск,Горно-Алтайск,1
14113,Лондон (LHR),Нью-Йорк (JFK),2
17715,Frankfurt,Hamburg,1
22513,Краснодар,Сочи,1
37126,Новосибирск,Горно-Алтайск,1
43232,Берлин (BER),Амстердам (AMS),1
30778,London,Edinburgh,1
38557,Мадрид (MAD),Барселона,1
13333,London,Edinburgh,1
8070,Токио (HND),Сеул (ICN),1
11352,Chicago,Miami,1
3852,Мюнхен,Вена,1
49797,Новосибирск,Горно-Алтайск,1
38664,Лондон (LHR),Нью-Йорк (JFK),2
14727,Берлин (BER),Амстердам (AMS),2
27667,Лондон (LHR),Нью-Йорк (JFK),2
10903,Новосибирск,Горно-Алтайск,1
40675,Мюнхен,Вена,1
33358,Сингапур (SIN),Бали (DPS),1
882,Paris,Lyon,1
13334,Chicago,Miami,1
27061,London,Edinburgh,3
11265,London,Edinburgh,1
39135,London,Edinburgh,1
24690,Париж (CDG),Рим (FCO),2
28858,Frankfurt,Hamburg,2
19142,Лондон (LHR),Нью-Йорк (JFK),1
18452,Париж (CDG),Рим (FCO),1
20186,Paris,Lyon,1
48935,Paris,Lyon,1
24775,Стамбул (IST),Афины (ATH),1
36716,Екатеринбург,Казань,1
19795,Москва (SVO),Париж (CDG),1
1274,Paris,Lyon,1
38165,Paris,Lyon,1
39479,Париж (CDG),Рим (FCO),2
49141,Берлин (BER),Амстердам (AMS),1
10603,Екатеринбург,Казань,2
1593,Москва,Санкт-Петербург,2
47672,Москва (SVO),Париж (CDG),1
42844,New York,Los Angeles,2
1249,Токио (HND),Сеул (ICN),1
375,New York,Los Angeles,1
32416,Токио (HND),Сеул (ICN),1
30610,Frankfurt,Hamburg,1
7799,Мадрид (MAD),Барселона,1
28740,London,Edinburgh,1
39356,New York,Los Angeles,1
7886,Мадрид (MAD),Барселона,1
38203,Стамбул (IST),Афины (ATH),2
7199,Новосибирск,Горно-Алтайск,1
15619,Лондон (LHR),Нью-Йорк (JFK),1
14656,Стамбул (IST),Афины (ATH),1
9397,Дубай (DXB),Бангкок (BKK),2
11318,Новосибирск,Горно-Алтайск,1
41039,Paris,Lyon,1
3369,Москва,Санкт-Петербург,1
28855,Мадрид (MAD),Барселона,2
28248,Москва,Санкт-Петербург,2
38235,Chicago,Miami,1
41557,Rome,Milan,1
39048,Москва,Санкт-Петербург,1
38004,Екатеринбург,Казань,1
38553,Париж (CDG),Рим (FCO),1
6670,Мадрид (MAD),Барселона,2
9425,London,Edinburgh,1
23450,Frankfurt,Hamburg,1
34725,Москва,Санкт-Петербург,1
29728,Paris,Lyon,1
25969,London,Edinburgh,1
8909,Мадрид (MAD),Барселона,1
19312,Frankfurt,Hamburg,1
61,Екатеринбург,Казань,1
31124,Берлин (BER),Амстердам (AMS),1
47236,Мюнхен,Вена,1
20009,Париж (CDG),Рим (FCO),1
39715,Москва,Санкт-Петербург,1
39436,Париж (CDG),Рим (FCO),1
31414,New York,Los Angeles,2
2960,Краснодар,Сочи,2
888,Дубай (DXB),Бангкок (BKK),1
40934,Берлин (BER),Амстердам (AMS),1
11706,Frankfurt,Hamburg,1
21383,Дубай (DXB),Бангкок (BKK),2
26781,Rome,Milan,1
7228,Берлин (BER),Амстердам (AMS),1
2771,Берлин (BER),Амстердам (AMS),1
13427,Стамбул (IST),Афины (ATH),1
21560,Мюнхен,Вена,1
24830,Париж (CDG),Рим (FCO),1
45183,Сингапур (SIN),Бали (DPS),2
17877,Москва,Санкт-Петербург,1
34063,Frankfurt,Hamburg,2
19248,Краснодар,Сочи,1
29642,Берлин (BER),Амстердам (AMS),1
7497,Екатеринбург,Казань,2
15723,Екатеринбург,Казань,1
2657,Москва,Санкт-Петербург,1
35562,Paris,Lyon,1
36715,Дубай (DXB),Бангкок (BKK),1
36707,Новосибирск,Горно-Алтайск,1
15301,Стамбул (IST),Афины (ATH),1
39096,Берлин (BER),Амстердам (AMS),2
42394,Новосибирск,Горно-Алтайск,1
15686,Париж (CDG),Рим (FCO),1
48248,Лондон (LHR),Нью-Йорк (JFK),1
2015,Rome,Milan,1
24078,Мюнхен,Вена,2
43087,Москва (SVO),Париж (CDG),1
22880,Краснодар,Сочи,1
12111,Лондон (LHR),Нью-Йорк (JFK),1
3470,Frankfurt,Hamburg,1
11508,Frankfurt,Hamburg,1
41720,Берлин (BER),Амстердам (AMS),1
14050,Екатеринбург,Казань,1
6690,Chicago,Miami,1
49424,London,Edinburgh,1
19955,Стамбул (IST),Афины (ATH),1
30066,Краснодар,Сочи,1
40696,Краснодар,Сочи,1
22638,Rome,Milan,1
28898,Лондон (LHR),Нью-Йорк (JFK),1
39808,Мадрид (MAD),Барселона,1
34465,Берлин (BER),Амстердам (AMS),1
26541,Екатеринбург,Казань,1
45615,New York,Los Angeles,2
21010,Токио (HND),Сеул (ICN),2
48605,Берлин (BER),Амстердам (AMS),1
23386,Мюнхен,Вена,1
858,Дубай (DXB),Бангкок (BKK),1
40687,Берлин (BER),Амстердам (AMS),1
36230,New York,Los Angeles,1
46803,Берлин (BER),Амстердам (AMS),1
28702,Paris,Lyon,1
35749,Сингапур (SIN),Бали (DPS),1
28039,Frankfurt,Hamburg,1
12802,Мадрид (MAD),Барселона,1
49888,Екатеринбург,Казань,1
18645,Краснодар,Сочи,1
34646,Rome,Milan,1
28358,Москва,Санкт-Петербург,1
42351,Paris,Lyon,1
37038,Мюнхен,Вена,1
14794,Paris,Lyon,1
43631,Новосибирск,Горно-Алтайск,1
22766,Мадрид (MAD),Барселона,1
7348,Сингапур (SIN),Бали (DPS),1
20185,Paris,Lyon,1
9340,Москва,Санкт-Петербург,1
49533,Париж (CDG),Рим (FCO),1
45700,Chicago,Miami,1
16940,Новосибирск,Горно-Алтайск,1
31638,Дубай (DXB),Бангкок (BKK),1
45619,Мадрид (MAD),Барселона,1
32755,New York,Los Angeles,1
25954,Rome,Milan,1
35394,Токио (HND),Сеул (ICN),1
32213,London,Edinburgh,2
24968,Париж (CDG),Рим (FCO),1
36615,Лондон (LHR),Нью-Йорк (JFK),1
20043,Rome,Milan,1
45439,London,Edinburgh,1
45582,Токио (HND),Сеул (ICN),1
10912,Париж (CDG),Рим (FCO),1
155,Новосибирск,Горно-Алтайск,1
25762,New York,Los Angeles,2
20950,Paris,Lyon,1
13459,Москва (SVO),Париж (CDG),1
16773,Лондон (LHR),Нью-Йорк (JFK),1
18792,Мюнхен,Вена,1
27096,Париж (CDG),Рим (FCO),1
11168,Екатеринбург,Казань,1
16627,London,Edinburgh,1
38567,Chicago,Miami,1
25270,Москва (SVO),Париж (CDG),1
14864,Сингапур (SIN),Бали (DPS),1
10945,Москва (SVO),Париж (CDG),1
11530,Сингапур (SIN),Бали (DPS),1
2302,Сингапур (SIN),Бали (DPS),2
1299,Дубай (DXB),Бангкок (BKK),1
13668,Париж (CDG),Рим (FCO),2
41738,Дубай (DXB),Бангкок (BKK),1
42519,London,Edinburgh,1
24113,Краснодар,Сочи,1
38192,Екатеринбург,Казань,1
38787,Москва,Санкт-Петербург,1
35144,Лондон (LHR),Нью-Йорк (JFK),1
13558,Москва (SVO),Париж (CDG),1
37898,Rome,Milan,1
41659,Дубай (DXB),Бангкок (BKK),1
940,Chicago,Miami,1
155,New York,Los Angeles,2
31997,Дубай (DXB),Бангкок (BKK),1
4654,Chicago,Miami,1
10610,Chicago,Miami,1
44157,Москва (SVO),Париж (CDG),1
25737,Мюнхен,Вена,1
36950,Мюнхен,Вена,1
2767,Берлин (BER),Амстердам (AMS),1
29756,Краснодар,Сочи,1
10886,Frankfurt,Hamburg,2
1360,Берлин (BER),Амстердам (AMS),1
33227,Екатеринбург,Казань,1
37778,Сингапур (SIN),Бали (DPS),1
17972,Лондон (LHR),Нью-Йорк (JFK),1
34304,Екатеринбург,Казань,2
31321,Сингапур (SIN),Бали (DPS),2
3971,Стамбул (IST),Афины (ATH),1
19278,Frankfurt,Hamburg,1
17784,Frankfurt,Hamburg,1
6869,Екатеринбург,Казань,1
13560,Rome,Milan,1
9328,Париж (CDG),Рим (FCO),1
7651,Лондон (LHR),Нью-Йорк (JFK),1
10269,Стамбул (IST),Афины (ATH),1
7445,Екатеринбург,Казань,1
22750,Лондон (LHR),Нью-Йорк (JFK),1
13018,Краснодар,Сочи,2
17691,Chicago,Miami,1
44998,Chicago,Miami,1
47145,New York,Los Angeles,1
38012,New York,Los Angeles,1
12914,Сингапур (SIN),Бали (DPS),1
12538,London,Edinburgh,1
18339,Стамбул (IST),Афины (ATH),1
11596,Лондон (LHR),Нью-Йорк (JFK),1
3518,Rome,Milan,1
23700,Краснодар,Сочи,1
5170,Новосибирск,Горно-Алтайск,2
32705,Rome,Milan,1
29249,Екатеринбург,Казань,2
7985,Берлин (BER),Амстердам (AMS),1
5376,Екатеринбург,Казань,1
22837,Новосибирск,Горно-Алтайск,2
19177,Лондон (LHR),Нью-Йорк (JFK),1
37047,Лондон (LHR),Нью-Йорк (JFK),1
49628,Берлин (BER),Амстердам (AMS),1
16742,Сингапур (SIN),Бали (DPS),1
2186,Париж (CDG),Рим (FCO),1
31977,Москва (SVO),Париж (CDG),2
3422,London,Edinburgh,1
25980,Краснодар,Сочи,3
44437,Париж (CDG),Рим (FCO),1
23223,Стамбул (IST),Афины (ATH),1
36861,Chicago,Miami,1
46371,Стамбул (IST),Афины (ATH),1
15218,Екатеринбург,Казань,1
28660,Москва,Санкт-Петербург,2
9547,New York,Los Angeles,1
18681,Екатеринбург,Казань,1
32654,Лондон (LHR),Нью-Йорк (JFK),1
10731,Frankfurt,Hamburg,1
43419,Стамбул (IST),Афины (ATH),1
25890,Москва,Санкт-Петербург,2
15099,Лондон (LHR),Нью-Йорк (JFK),2
14497,Токио (HND),Сеул (ICN),1
4440,Париж (CDG),Рим (FCO),2
24099,Лондон (LHR),Нью-Йорк (JFK),1
3888,Стамбул (IST),Афины (ATH),1
1925,Токио (HND),Сеул (ICN),2
12618,Дубай (DXB),Бангкок (BKK),2
42980,London,Edinburgh,2
17368,Мадрид (MAD),Барселона,1
45008,Москва (SVO),Париж (CDG),1
17740,Берлин (BER),Амстердам (AMS),2
48019,Rome,Milan,1
14725,Мюнхен,Вена,1
2842,Мадрид (MAD),Барселона,1
6530,Москва (SVO),Париж (CDG),1
29833,Мюнхен,Вена,1
30650,Frankfurt,Hamburg,1
8311,Лондон (LHR),Нью-Йорк (JFK),1
11657,New York,Los Angeles,1
20260,Стамбул (IST),Афины (ATH),1
34832,Дубай (DXB),Бангкок (BKK),1
45441,Frankfurt,Hamburg,2
28504,Лондон (LHR),Нью-Йорк (JFK),1
43389,Chicago,Miami,1
18289,Дубай (DXB),Бангкок (BKK),2
25152,Краснодар,Сочи,1
13677,Екатеринбург,Казань,1
11662,Париж (CDG),Рим (FCO),1
18887,Мадрид (MAD),Барселона,2
23539,Токио (HND),Сеул (ICN),1
2072,Chicago,Miami,1
39378,Москва (SVO),Париж (CDG),1
17470,Москва,Санкт-Петербург,2
46872,Rome,Milan,1
7715,Rome,Milan,1
35545,London,Edinburgh,1
33314,Берлин (BER),Амстердам (AMS),1
30830,Токио (HND),Сеул (ICN),1
19796,Frankfurt,Hamburg,1
5134,London,Edinburgh,1
1754,Frankfurt,Hamburg,2
16863,Сингапур (SIN),Бали (DPS),1
48348,London,Edinburgh,1
42703,Сингапур (SIN),Бали (DPS),1
42780,Rome,Milan,1
21951,Берлин (BER),Амстердам (AMS),2
41825,Краснодар,Сочи,1
24859,Дубай (DXB),Бангкок (BKK),1
49312,Rome,Milan,1
10962,Paris,Lyon,1
19017,Paris,Lyon,1
28396,Екатеринбург,Казань,1
6492,Новосибирск,Горно-Алтайск,1
28497,Стамбул (IST),Афины (ATH),2
37942,Сингапур (SIN),Бали (DPS),1
29393,Rome,Milan,1
6198,Paris,Lyon,1
30067,Москва,Санкт-Петербург,1
28531,Мюнхен,Вена,1
35036,Стамбул (IST),Афины (ATH),1
33729,Дубай (DXB),Бангкок (BKK),1
37643,Стамбул (IST),Афины (ATH),1
13899,Париж (CDG),Рим (FCO),1
4938,Москва (SVO),Париж (CDG),1
36446,Rome,Milan,1
30884,Екатеринбург,Казань,1
16401,Дубай (DXB),Бангкок (BKK),1
22966,Сингапур (SIN),Бали (DPS),1
7048,Лондон (LHR),Нью-Йорк (JFK),1
44542,Екатеринбург,Казань,1
25068,Стамбул (IST),Афины (ATH),1
13824,Дубай (DXB),Бангкок (BKK),1
17614,Лондон (LHR),Нью-Йорк (JFK),2
21411,Rome,Milan,1
28653,Стамбул (IST),Афины (ATH),1
31298,Дубай (DXB),Бангкок (BKK),1
120,Берлин (BER),Амстердам (AMS),1
23284,Rome,Milan,1
21531,Сингапур (SIN),Бали (DPS),1
22594,Екатеринбург,Казань,1
13912,Paris,Lyon,1
20533,Мюнхен,Вена,2
22662,Rome,Milan,1
34651,Дубай (DXB),Бангкок (BKK),2
28241,Сингапур (SIN),Бали (DPS),1
43050,Париж (CDG),Рим (FCO),2
31600,Токио (HND),Сеул (ICN),1
22069,Стамбул (IST),Афины (ATH),1
28780,Frankfurt,Hamburg,1
38081,Новосибирск,Горно-Алтайск,1
14641,Мадрид (MAD),Барселона,1
38294,Новосибирск,Горно-Алтайск,1
30926,Токио (HND),Сеул (ICN),1
2683,Rome,Milan,1
12548,Екатеринбург,Казань,1
8667,Мюнхен,Вена,2
17966,Rome,Milan,1
17180,Лондон (LHR),Нью-Йорк (JFK),1
27099,Paris,Lyon,1
39454,Chicago,Miami,1
33688,Екатеринбург,Казань,2
27679,Мюнхен,Вена,1
27627,Сингапур (SIN),Бали (DPS),2
24690,Сингапур (SIN),Бали (DPS),3
47483,New York,Los Angeles,1
2990,Сингапур (SIN),Бали (DPS),1
17363,Берлин (BER),Амстердам (AMS),1
16340,Париж (CDG),Рим (FCO),2
21394,Мадрид (MAD),Барселона,1
30249,Paris,Lyon,1
14669,Chicago,Miami,3
15220,Краснодар,Сочи,1
16517,Новосибирск,Горно-Алтайск,1
41927,Берлин (BER),Амстердам (AMS),2
48480,Москва,Санкт-Петербург,1
17585,Москва,Санкт-Петербург,1
36197,Токио (HND),Сеул (ICN),2
48641,Берлин (BER),Амстердам (AMS),1
12334,Екатеринбург,Казань,1
38911,Москва,Санкт-Петербург,2
9699,Rome,Milan,1
31429,Москва (SVO),Париж (CDG),2
44296,Москва (SVO),Париж (CDG),1
18792,Лондон (LHR),Нью-Йорк (JFK),2
2378,Токио (HND),Сеул (ICN),1
35527,Мадрид (MAD),Барселона,1
9408,Chicago,Miami,1
20806,Токио (HND),Сеул (ICN),1
40975,Париж (CDG),Рим (FCO),1
37552,Токио (HND),Сеул (ICN),1
8613,London,Edinburgh,1
40982,New York,Los Angeles,1
43910,London,Edinburgh,1
37343,Краснодар,Сочи,1
32440,Токио (HND),Сеул (ICN),1
12440,Frankfurt,Hamburg,1
19101,Краснодар,Сочи,1
12414,Москва (SVO),Париж (CDG),1
44992,Rome,Milan,3
426,Берлин (BER),Амстердам (AMS),1
18774,New York,Los Angeles,2
819,Мюнхен,Вена,1
32042,Мюнхен,Вена,1
23646,Мюнхен,Вена,1
25850,Токио (HND),Сеул (ICN),1
8283,London,Edinburgh,1
30556,Лондон (LHR),Нью-Йорк (JFK),1
5951,Сингапур (SIN),Бали (DPS),1
21010,London,Edinburgh,3
30950,Париж (CDG),Рим (FCO),1
28798,Мюнхен,Вена,2
37846,Стамбул (IST),Афины (ATH),1
48491,Rome,Milan,1
11705,Дубай (DXB),Бангкок (BKK),1
21016,Rome,Milan,1
24248,Екатеринбург,Казань,3
47992,Берлин (BER),Амстердам (AMS),1
2243,Токио (HND),Сеул (ICN),1
22140,Екатеринбург,Казань,1
42334,Мадрид (MAD),Барселона,1
17281,Paris,Lyon,1
5103,Дубай (DXB),Бангкок (BKK),1
49249,Стамбул (IST),Афины (ATH),1
21846,Новосибирск,Горно-Алтайск,1
45511,Стамбул (IST),Афины (ATH),1
608,Новосибирск,Горно-Алтайск,1
7212,Rome,Milan,1
35049,Екатеринбург,Казань,1
31356,Rome,Milan,1
34430,Екатеринбург,Казань,1
26529,Краснодар,Сочи,1
13995,Краснодар,Сочи,1
41728,Берлин (BER),Амстердам (AMS),1
226,Frankfurt,Hamburg,1
24127,London,Edinburgh,1
10912,Новосибирск,Горно-Алтайск,2
1534,Екатеринбург,Казань,1
35996,Екатеринбург,Казань,1
30163,Токио (HND),Сеул (ICN),1
2936,Новосибирск,Горно-Алтайск,1
7113,Rome,Milan,1
39573,Дубай (DXB),Бангкок (BKK),1
18486,Сингапур (SIN),Бали (DPS),2
27996,Москва,Санкт-Петербург,2
1523,Rome,Milan,1
39702,Chicago,Miami,1
36638,Москва,Санкт-Петербург,1
23737,New York,Los Angeles,3
47179,Сингапур (SIN),Бали (DPS),1
31237,Frankfurt,Hamburg,1
32909,Лондон (LHR),Нью-Йорк (JFK),2
13489,Мюнхен,Вена,1
15828,Стамбул (IST),Афины (ATH),1
1958,Rome,Milan,1
2683,Chicago,Miami,2
19823,Краснодар,Сочи,1
3051,Новосибирск,Горно-Алтайск,1
49335,Дубай (DXB),Бангкок (BKK),1
12344,Сингапур (SIN),Бали (DPS),1
27861,Frankfurt,Hamburg,1
44684,Екатеринбург,Казань,1
4049,Токио (HND),Сеул (ICN),1
17745,Chicago,Miami,1
41662,Берлин (BER),Амстердам (AMS),1
21599,Токио (HND),Сеул (ICN),1
46762,Мадрид (MAD),Барселона,1
41728,Мадрид (MAD),Барселона,2
33088,Paris,Lyon,3
12489,Мюнхен,Вена,1
44362,Frankfurt,Hamburg,2
37288,Мадрид (MAD),Барселона,1
6208,Екатеринбург,Казань,1
8048,Париж (CDG),Рим (FCO),1
41204,Paris,Lyon,1
41263,Токио (HND),Сеул (ICN),2
33513,Стамбул (IST),Афины (ATH),1
38961,Новосибирск,Горно-Алтайск,2
43043,Мадрид (MAD),Барселона,1
9721,Стамбул (IST),Афины (ATH),1
30926,New York,Los Angeles,2
48410,Дубай (DXB),Бангкок (BKK),1
27372,Краснодар,Сочи,1
34360,Берлин (BER),Амстердам (AMS),1
19778,Париж (CDG),Рим (FCO),2
22769,Chicago,Miami,1
19035,Rome,Milan,1
10680,Стамбул (IST),Афины (ATH),1
2619,Paris,Lyon,3
3508,Сингапур (SIN),Бали (DPS),2
38309,Новосибирск,Горно-Алтайск,1
22230,Сингапур (SIN),Бали (DPS),1
49632,Rome,Milan,2
6947,Мадрид (MAD),Барселона,1
23386,Chicago,Miami,2
13493,Сингапур (SIN),Бали (DPS),1
11853,Сингапур (SIN),Бали (DPS),2
5420,Мюнхен,Вена,1
26419,London,Edinburgh,1
6729,Краснодар,Сочи,1
44038,Берлин (BER),Амстердам (AMS),1
44687,Лондон (LHR),Нью-Йорк (JFK),1
33896,Берлин (BER),Амстердам (AMS),2
6238,Мадрид (MAD),Барселона,1
36806,Дубай (DXB),Бангкок (BKK),1
18901,Мюнхен,Вена,1
41084,Екатеринбург,Казань,1
12973,Сингапур (SIN),Бали (DPS),1
2351,Chicago,Miami,1
34174,Париж (CDG),Рим (FCO),1
10163,Chicago,Miami,1
45874,Токио (HND),Сеул (ICN),2
43237,Париж (CDG),Рим (FCO),1
3443,Париж (CDG),Рим (FCO),2
45367,Сингапур (SIN),Бали (DPS),2
5370,Лондон (LHR),Нью-Йорк (JFK),1
48435,Chicago,Miami,1
43783,Сингапур (SIN),Бали (DPS),1
14082,Rome,Milan,1
42157,New York,Los Angeles,2
36985,New York,Los Angeles,1
21252,Краснодар,Сочи,1
14464,Сингапур (SIN),Бали (DPS),1
18216,Токио (HND),Сеул (ICN),1
5162,Frankfurt,Hamburg,1
31210,Сингапур (SIN),Бали (DPS),2
35154,Мюнхен,Вена,2
31869,Краснодар,Сочи,1
47588,Rome,Milan,1
37993,Paris,Lyon,1
40904,Екатеринбург,Казань,1
10250,Chicago,Miami,1
31317,Лондон (LHR),Нью-Йорк (JFK),1
17458,Frankfurt,Hamburg,1
39656,London,Edinburgh,2
29737,Москва (SVO),Париж (CDG),1
27951,Мадрид (MAD),Барселона,1
28296,Берлин (BER),Амстердам (AMS),1
46465,Сингапур (SIN),Бали (DPS),1
5131,Токио (HND),Сеул (ICN),1
47298,New York,Los Angeles,1
38470,Москва (SVO),Париж (CDG),1
4364,Берлин (BER),Амстердам (AMS),1
36937,Новосибирск,Горно-Алтайск,1
48703,Frankfurt,Hamburg,1
31417,London,Edinburgh,1
44334,Стамбул (IST),Афины (ATH),1
28588,Rome,Milan,1
31372,Paris,Lyon,1
44907,Берлин (BER),Амстердам (AMS),1
48021,Frankfurt,Hamburg,2
3310,Токио (HND),Сеул (ICN),1
21247,Мюнхен,Вена,2
19233,Стамбул (IST),Афины (ATH),1
31601,Chicago,Miami,1
4,Дубай (DXB),Бангкок (BKK),2
19859,Париж (CDG),Рим (FCO),1
3468,New York,Los Angeles,1
12672,Париж (CDG),Рим (FCO),1
32509,Новосибирск,Горно-Алтайск,1
31172,Москва,Санкт-Петербург,2
1021,Новосибирск,Горно-Алтайск,1
34980,Paris,Lyon,1
24836,Дубай (DXB),Бангкок (BKK),1
33605,Дубай (DXB),Бангкок (BKK),1
29634,Москва,Санкт-Петербург,1
10382,Париж (CDG),Рим (FCO),2
7264,Новосибирск,Горно-Алтайск,1
36325,Екатеринбург,Казань,1
29734,Екатеринбург,Казань,1
22813,Краснодар,Сочи,2
15839,Москва (SVO),Париж (CDG),2
13719,Мюнхен,Вена,1
18356,Сингапур (SIN),Бали (DPS),2
1933,Москва,Санкт-Петербург,1
2218,Токио (HND),Сеул (ICN),1
19536,Лондон (LHR),Нью-Йорк (JFK),1
6721,Новосибирск,Горно-Алтайск,1
1823,Сингапур (SIN),Бали (DPS),1
17739,Paris,Lyon,1
9625,Новосибирск,Горно-Алтайск,1
43252,Новосибирск,Горно-Алтайск,1
26906,Москва (SVO),Париж (CDG),1
29197,New York,Los Angeles,1
10605,Paris,Lyon,1
2688,Новосибирск,Горно-Алтайск,1
4726,Новосибирск,Горно-Алтайск,1
49504,Мюнхен,Вена,1
2647,Берлин (BER),Амстердам (AMS),1
49160,Москва,Санкт-Петербург,1
18584,Краснодар,Сочи,3
14880,Москва,Санкт-Петербург,2
40109,Paris,Lyon,1
24570,Paris,Lyon,1
47009,Стамбул (IST),Афины (ATH),1
1673,Стамбул (IST),Афины (ATH),1
25730,London,Edinburgh,1
6180,Мадрид (MAD),Барселона,1
37124,Мадрид (MAD),Барселона,1
29289,Frankfurt,Hamburg,1
14199,Екатеринбург,Казань,1
29016,Paris,Lyon,1
37086,New York,Los Angeles,1
35392,Rome,Milan,1
22212,Дубай (DXB),Бангкок (BKK),1
7472,Москва,Санкт-Петербург,1
19019,Paris,Lyon,1
49017,Токио (HND),Сеул (ICN),1
16841,Мюнхен,Вена,1
5034,Москва (SVO),Париж (CDG),1
27115,Берлин (BER),Амстердам (AMS),1
30492,Москва,Санкт-Петербург,1
12687,Rome,Milan,1
22844,Новосибирск,Горно-Алтайск,1
28836,Мадрид (MAD),Барселона,1
24860,Новосибирск,Горно-Алтайск,2
12741,Берлин (BER),Амстердам (AMS),1
40843,Стамбул (IST),Афины (ATH),1
4815,Стамбул (IST),Афины (ATH),1
28756,New York,Los Angeles,1
21541,Paris,Lyon,1
23012,New York,Los Angeles,1
7901,New York,Los Angeles,1
23238,Берлин (BER),Амстердам (AMS),1
42386,Токио (HND),Сеул (ICN),1
32444,Краснодар,Сочи,1
47459,Frankfurt,Hamburg,1
25440,Paris,Lyon,2
13090,Москва (SVO),Париж (CDG),1
34376,Мадрид (MAD),Барселона,1
49009,Москва,Санкт-Петербург,1
36946,New York,Los Angeles,1
31492,Берлин (BER),Амстердам (AMS),1
16098,Лондон (LHR),Нью-Йорк (JFK),1
3923,Chicago,Miami,3
45770,Берлин (BER),Амстердам (AMS),1
22676,Москва (SVO),Париж (CDG),1
10567,Мадрид (MAD),Барселона,2
27017,Мюнхен,Вена,1
9786,Краснодар,Сочи,2
7425,Chicago,Miami,1
44369,Дубай (DXB),Бангкок (BKK),1
18124,Москва,Санкт-Петербург,1
25907,Берлин (BER),Амстердам (AMS),2
20565,Токио (HND),Сеул (ICN),1
20697,Москва (SVO),Париж (CDG),1
5143,Дубай (DXB),Бангкок (BKK),1
36786,Мадрид (MAD),Барселона,1
4306,Дубай (DXB),Бангкок (BKK),1
32435,Frankfurt,Hamburg,1
34962,Новосибирск,Горно-Алтайск,2
4847,Лондон (LHR),Нью-Йорк (JFK),1
9443,Токио (HND),Сеул (ICN),1
18976,Дубай (DXB),Бангкок (BKK),1
39022,Rome,Milan,1
27903,Краснодар,Сочи,1
1257,Москва (SVO),Париж (CDG),2
4132,Paris,Lyon,1
35447,Токио (HND),Сеул (ICN),2
32126,Frankfurt,Hamburg,1
39391,Paris,Lyon,1
1927,Rome,Milan,4
2866,Берлин (BER),Амстердам (AMS),1
37030,Берлин (BER),Амстердам (AMS),2
430,Новосибирск,Горно-Алтайск,1
7854,Краснодар,Сочи,2
4233,Chicago,Miami,1
38779,Мадрид (MAD),Барселона,1
38622,Москва,Санкт-Петербург,1
18558,Токио (HND),Сеул (ICN),1
33985,London,Edinburgh,1
29869,Берлин (BER),Амстердам (AMS),1
30020,Берлин (BER),Амстердам (AMS),2
6808,Берлин (BER),Амстердам (AMS),1
10627,Екатеринбург,Казань,1
20649,Москва (SVO),Париж (CDG),1
43966,Мюнхен,Вена,1
48398,Краснодар,Сочи,1
20352,Дубай (DXB),Бангкок (BKK),2
49775,Екатеринбург,Казань,2
42543,Frankfurt,Hamburg,1
14204,New York,Los Angeles,1
44616,Стамбул (IST),Афины (ATH),1
36088,Москва (SVO),Париж (CDG),1
23039,Берлин (BER),Амстердам (AMS),2
20738,Берлин (BER),Амстердам (AMS),1
14428,New York,Los Angeles,1
24168,Paris,Lyon,1
47798,Екатеринбург,Казань,1
22859,Стамбул (IST),Афины (ATH),1
8823,Стамбул (IST),Афины (ATH),1
25028,London,Edinburgh,1
3619,Париж (CDG),Рим (FCO),1
35954,Paris,Lyon,1
40204,Москва,Санкт-Петербург,1
27173,Chicago,Miami,1
47483,Paris,Lyon,2
8966,Мюнхен,Вена,1
10191,New York,Los Angeles,1
45241,Chicago,Miami,1
571,Chicago,Miami,1
465,Стамбул (IST),Афины (ATH),1
37468,Frankfurt,Hamburg,1
31022,London,Edinburgh,1
36907,Мюнхен,Вена,1
36070,Frankfurt,Hamburg,1
17081,Мюнхен,Вена,2
2125,Москва,Санкт-Петербург,1
37071,Chicago,Miami,1
7223,Мюнхен,Вена,2
39208,Лондон (LHR),Нью-Йорк (JFK),2
6649,Стамбул (IST),Афины (ATH),1
17342,Екатеринбург,Казань,1
24765,Берлин (BER),Амстердам (AMS),2
6694,Chicago,Miami,2
35331,Стамбул (IST),Афины (ATH),1
34798,Берлин (BER),Амстердам (AMS),1
1830,Новосибирск,Горно-Алтайск,1
46301,Париж (CDG),Рим (FCO),2
8326,Дубай (DXB),Бангкок (BKK),1
22007,Frankfurt,Hamburg,1
24189,Новосибирск,Горно-Алтайск,1
12049,Сингапур (SIN),Бали (DPS),1
29858,Новосибирск,Горно-Алтайск,1
38554,Frankfurt,Hamburg,2
16925,Париж (CDG),Рим (FCO),1
40989,New York,Los Angeles,1
46577,Новосибирск,Горно-Алтайск,1
8284,Paris,Lyon,1
5560,New York,Los Angeles,1
45664,Rome,Milan,1
26704,Лондон (LHR),Нью-Йорк (JFK),1
27206,Мадрид (MAD),Барселона,1
38895,Chicago,Miami,2
17934,Берлин (BER),Амстердам (AMS),1
42142,Екатеринбург,Казань,1
4175,Краснодар,Сочи,1
49349,Frankfurt,Hamburg,1
1560,Париж (CDG),Рим (FCO),1
6615,Chicago,Miami,1
25083,Мадрид (MAD),Барселона,1
40601,Frankfurt,Hamburg,1
41253,Новосибирск,Горно-Алтайск,1
98,Chicago,Miami,1
33921,Мюнхен,Вена,1
13685,Paris,Lyon,1
28966,London,Edinburgh,1
4383,Paris,Lyon,2
17881,Chicago,Miami,1
15748,Лондон (LHR),Нью-Йорк (JFK),1
49369,Мадрид (MAD),Барселона,1
7558,Сингапур (SIN),Бали (DPS),1
18953,Frankfurt,Hamburg,1
43009,Дубай (DXB),Бангкок (BKK),1
20366,Frankfurt,Hamburg,1
36742,Paris,Lyon,3
1647,Москва (SVO),Париж (CDG),1
4304,Берлин (BER),Амстердам (AMS),1
3481,London,Edinburgh,1
23273,New York,Los Angeles,1
44873,Paris,Lyon,1
19938,Лондон (LHR),Нью-Йорк (JFK),1
18762,Париж (CDG),Рим (FCO),1
16356,Москва (SVO),Париж (CDG),1
13925,Токио (HND),Сеул (ICN),1
12058,Москва,Санкт-Петербург,1
46694,Токио (HND),Сеул (ICN),1
48334,Дубай (DXB),Бангкок (BKK),1
13831,Лондон (LHR),Нью-Йорк (JFK),1
35164,Rome,Milan,1
15874,Москва (SVO),Париж (CDG),1
47325,Chicago,Miami,1
19193,Париж (CDG),Рим (FCO),1
19041,Москва (SVO),Париж (CDG),1
18930,Париж (CDG),Рим (FCO),1
21071,Chicago,Miami,1
43790,Chicago,Miami,1
22812,Frankfurt,Hamburg,1
37681,Rome,Milan,1
38358,Екатеринбург,Казань,1
35519,Rome,Milan,1
21523,Новосибирск,Горно-Алтайск,1
275,Стамбул (IST),Афины (ATH),1
5953,Стамбул (IST),Афины (ATH),1
17737,Frankfurt,Hamburg,2
47133,Лондон (LHR),Нью-Йорк (JFK),1
25659,New York,Los Angeles,1
47774,Rome,Milan,1
34276,Мадрид (MAD),Барселона,1
46752,London,Edinburgh,1
482,New York,Los Angeles,2
8099,Мадрид (MAD),Барселона,2
37346,Paris,Lyon,1
2689,Дубай (DXB),Бангкок (BKK),1
13121,Paris,Lyon,1
1015,Новосибирск,Горно-Алтайск,2
31588,Chicago,Miami,1
16636,Дубай (DXB),Бангкок (BKK),1
48153,Новосибирск,Горно-Алтайск,1
5853,Париж (CDG),Рим (FCO),1
19960,Мадрид (MAD),Барселона,1
38190,London,Edinburgh,1
49438,Краснодар,Сочи,1
13551,Москва,Санкт-Петербург,1
40907,Москва,Санкт-Петербург,1
44153,Лондон (LHR),Нью-Йорк (JFK),1
29903,New York,Los Angeles,1
36601,Краснодар,Сочи,1
20207,Мадрид (MAD),Барселона,1
1477,Дубай (DXB),Бангкок (BKK),1
12354,Chicago,Miami,1
16611,Сингапур (SIN),Бали (DPS),2
34144,Rome,Milan,2
24271,Rome,Milan,1
13111,Москва (SVO),Париж (CDG),1
41572,New York,Los Angeles,1
21557,Москва (SVO),Париж (CDG),1
48291,Новосибирск,Горно-Алтайск,1
1306,London,Edinburgh,1
2884,Лондон (LHR),Нью-Йорк (JFK),1
21288,Токио (HND),Сеул (ICN),1
35954,Мюнхен,Вена,2
39693,London,Edinburgh,1
36971,Новосибирск,Горно-Алтайск,1
33249,Москва (SVO),Париж (CDG),1
19937,Мадрид (MAD),Барселона,1
42797,Сингапур (SIN),Бали (DPS),1
19758,Москва,Санкт-Петербург,1
24197,Paris,Lyon,1
39077,Москва (SVO),Париж (CDG),1
44829,Мюнхен,Вена,1
6035,New York,Los Angeles,1
17495,Rome,Milan,2
47082,Paris,Lyon,1
23051,Лондон (LHR),Нью-Йорк (JFK),1
4079,Сингапур (SIN),Бали (DPS),1
39229,Екатеринбург,Казань,1
27843,Мюнхен,Вена,1
36930,Новосибирск,Горно-Алтайск,1
11063,Frankfurt,Hamburg,1
36669,Стамбул (IST),Афины (ATH),1
31237,Новосибирск,Горно-Алтайск,2
17788,Стамбул (IST),Афины (ATH),1
9504,London,Edinburgh,1
27210,Лондон (LHR),Нью-Йорк (JFK),1
21896,Москва,Санкт-Петербург,1
1708,Краснодар,Сочи,1
36954,Paris,Lyon,1
13842,Берлин (BER),Амстердам (AMS),1
49712,Краснодар,Сочи,1
27803,Paris,Lyon,2
48666,Frankfurt,Hamburg,1
40748,Токио (HND),Сеул (ICN),1
2179,Париж (CDG),Рим (FCO),1
26408,Стамбул (IST),Афины (ATH),1
10155,Москва (SVO),Париж (CDG),1
12138,Берлин (BER),Амстердам (AMS),1
46573,Москва (SVO),Париж (CDG),1
29557,Париж (CDG),Рим (FCO),1
5643,Краснодар,Сочи,1
9014,New York,Los Angeles,2
25200,Дубай (DXB),Бангкок (BKK),1
8971,New York,Los Angeles,1
18307,Берлин (BER),Амстердам (AMS),4
49858,Москва (SVO),Париж (CDG),1
13657,Стамбул (IST),Афины (ATH),1
35917,New York,Los Angeles,2
16268,Мадрид (MAD),Барселона,1
2860,Краснодар,Сочи,2
11472,Москва (SVO),Париж (CDG),1
7692,Frankfurt,Hamburg,1
956,Дубай (DXB),Бангкок (BKK),1
12815,London,Edinburgh,1
15018,Дубай (DXB),Бангкок (BKK),1
22429,Париж (CDG),Рим (FCO),1
19220,Москва,Санкт-Петербург,1
40912,Paris,Lyon,1
42130,Токио (HND),Сеул (ICN),1
43664,New York,Los Angeles,1
2137,Токио (HND),Сеул (ICN),2
46326,Мадрид (MAD),Барселона,2
35773,Берлин (BER),Амстердам (AMS),1
42018,Париж (CDG),Рим (FCO),1
25427,Лондон (LHR),Нью-Йорк (JFK),2
39334,Rome,Milan,1
20008,Москва,Санкт-Петербург,1
43210,Токио (HND),Сеул (ICN),1
20165,Frankfurt,Hamburg,1
31416,Chicago,Miami,1
30462,Берлин (BER),Амстердам (AMS),1
43941,Мадрид (MAD),Барселона,1
11372,Rome,Milan,1
6873,Москва (SVO),Париж (CDG),1
27146,Стамбул (IST),Афины (ATH),1
47372,Париж (CDG),Рим (FCO),1
19648,Токио (HND),Сеул (ICN),1
21707,Париж (CDG),Рим (FCO),1
30384,Москва (SVO),Париж (CDG),1
2359,Лондон (LHR),Нью-Йорк (JFK),1
34820,Chicago,Miami,1
24445,London,Edinburgh,2
48471,Chicago,Miami,2
1557,Москва (SVO),Париж (CDG),2
32734,Paris,Lyon,1
10640,Токио (HND),Сеул (ICN),1
8605,Стамбул (IST),Афины (ATH),1
15500,Chicago,Miami,1
35225,Екатеринбург,Казань,1
21692,Дубай (DXB),Бангкок (BKK),1
7838,Дубай (DXB),Бангкок (BKK),1
42187,Сингапур (SIN),Бали (DPS),1
14749,Москва,Санкт-Петербург,2
31296,Новосибирск,Горно-Алтайск,1
6055,Rome,Milan,2
11891,Rome,Milan,1
42532,Лондон (LHR),Нью-Йорк (JFK),1
31417,Екатеринбург,Казань,2
10183,Мадрид (MAD),Барселона,2
38115,Лондон (LHR),Нью-Йорк (JFK),1
26142,Мадрид (MAD),Барселона,1
33563,Стамбул (IST),Афины (ATH),1
40531,Краснодар,Сочи,1
19872,Мюнхен,Вена,2
2310,Берлин (BER),Амстердам (AMS),1
29865,Дубай (DXB),Бангкок (BKK),1
4515,Токио (HND),Сеул (ICN),1
35949,Париж (CDG),Рим (FCO),1
33283,Токио (HND),Сеул (ICN),1
40899,Москва (SVO),Париж (CDG),1
334,London,Edinburgh,1
31103,Дубай (DXB),Бангкок (BKK),1
36848,Дубай (DXB),Бангкок (BKK),1
32676,New York,Los Angeles,1
10077,Rome,Milan,1
46383,Frankfurt,Hamburg,1
32791,London,Edinburgh,1
24370,Rome,Milan,1
1838,Rome,Milan,1
39426,Frankfurt,Hamburg,1
32029,Екатеринбург,Казань,1
36917,Chicago,Miami,1
38086,Мюнхен,Вена,1
18363,Новосибирск,Горно-Алтайск,1
26064,Москва,Санкт-Петербург,1
1817,London,Edinburgh,1
3076,Москва,Санкт-Петербург,1
2315,Токио (HND),Сеул (ICN),1
7262,Екатеринбург,Казань,1
41315,Frankfurt,Hamburg,1
2169,Сингапур (SIN),Бали (DPS),1
12057,Paris,Lyon,1
47293,New York,Los Angeles,1
28889,Rome,Milan,1
35627,Новосибирск,Горно-Алтайск,1
43276,Сингапур (SIN),Бали (DPS),2
6713,Chicago,Miami,1
32742,Екатеринбург,Казань,1
12776,Chicago,Miami,1
363,Сингапур (SIN),Бали (DPS),2
19578,Стамбул (IST),Афины (ATH),1
30484,Новосибирск,Горно-Алтайск,2
35590,Новосибирск,Горно-Алтайск,1
18537,Москва (SVO),Париж (CDG),1
30645,Москва,Санкт-Петербург,1
34266,Москва (SVO),Париж (CDG),2
7922,Мадрид (MAD),Барселона,1
23848,Токио (HND),Сеул (ICN),1
33405,Мюнхен,Вена,1
21169,Краснодар,Сочи,1
25249,Мюнхен,Вена,1
43864,Дубай (DXB),Бангкок (BKK),1
24012,Лондон (LHR),Нью-Йорк (JFK),1
30575,Новосибирск,Горно-Алтайск,1
14136,Rome,Milan,1
31606,Сингапур (SIN),Бали (DPS),1
1423,Paris,Lyon,1
8638,Chicago,Miami,1
31603,Краснодар,Сочи,1
40361,Chicago,Miami,1
9709,Chicago,Miami,1
31921,Rome,Milan,1
48155,Токио (HND),Сеул (ICN),1
27782,Сингапур (SIN),Бали (DPS),1
5355,Мюнхен,Вена,1
11579,Екатеринбург,Казань,1
17738,London,Edinburgh,1
37491,Дубай (DXB),Бангкок (BKK),1
26538,Frankfurt,Hamburg,1
45208,Новосибирск,Горно-Алтайск,1
20650,Chicago,Miami,2
6539,Берлин (BER),Амстердам (AMS),1
38742,Paris,Lyon,3
14111,Москва,Санкт-Петербург,1
23281,Paris,Lyon,1
23860,Москва,Санкт-Петербург,1
41163,Екатеринбург,Казань,1
6599,New York,Los Angeles,1
29768,Екатеринбург,Казань,1
10279,Лондон (LHR),Нью-Йорк (JFK),1
20741,Токио (HND),Сеул (ICN),1
24854,Мюнхен,Вена,1
6958,London,Edinburgh,1
16508,Frankfurt,Hamburg,1
39697,Chicago,Miami,1
29610,Лондон (LHR),Нью-Йорк (JFK),1
44275,Paris,Lyon,1
42224,Chicago,Miami,2
45328,Дубай (DXB),Бангкок (BKK),1
13740,London,Edinburgh,1
21197,Сингапур (SIN),Бали (DPS),1
15366,Москва,Санкт-Петербург,1
35078,Краснодар,Сочи,1
18216,Rome,Milan,2
16825,Новосибирск,Горно-Алтайск,1
26287,Дубай (DXB),Бангкок (BKK),1
9379,Paris,Lyon,1
14222,Rome,Milan,1
16010,Мадрид (MAD),Барселона,1
25687,Дубай (DXB),Бангкок (BKK),1
36447,Москва (SVO),Париж (CDG),1
22175,Москва,Санкт-Петербург,2
47815,Frankfurt,Hamburg,1
13224,Сингапур (SIN),Бали (DPS),1
47380,Берлин (BER),Амстердам (AMS),1
31523,Екатеринбург,Казань,1
35529,Екатеринбург,Казань,1
3718,Токио (HND),Сеул (ICN),1
43413,New York,Los Angeles,3
28412,Москва (SVO),Париж (CDG),1
18046,Мадрид (MAD),Барселона,1
6993,Chicago,Miami,1
9924,Берлин (BER),Амстердам (AMS),1
1138,Мадрид (MAD),Барселона,1
31134,Москва,Санкт-Петербург,1
11880,Париж (CDG),Рим (FCO),1
7881,Берлин (BER),Амстердам (AMS),1
59,Дубай (DXB),Бангкок (BKK),1
21901,Краснодар,Сочи,2
1648,Берлин (BER),Амстердам (AMS),2
7354,Новосибирск,Горно-Алтайск,1
31573,Краснодар,Сочи,1
9267,Берлин (BER),Амстердам (AMS),2
16508,Лондон (LHR),Нью-Йорк (JFK),2
39129,Frankfurt,Hamburg,1
23716,Мадрид (MAD),Барселона,1
29277,New York,Los Angeles,1
16110,New York,Los Angeles,1
20546,Новосибирск,Горно-Алтайск,2
34581,Дубай (DXB),Бангкок (BKK),1
40535,Мюнхен,Вена,1
8305,Дубай (DXB),Бангкок (BKK),1
33076,Сингапур (SIN),Бали (DPS),1
2267,Мюнхен,Вена,1
20954,Париж (CDG),Рим (FCO),1
44621,Екатеринбург,Казань,1
18553,Мюнхен,Вена,1
24753,Rome,Milan,1
9783,New York,Los Angeles,1
16286,Paris,Lyon,1
38626,Москва (SVO),Париж (CDG),1
10829,Paris,Lyon,1
49175,Екатеринбург,Казань,2
8542,Новосибирск,Горно-Алтайск,1
16399,Дубай (DXB),Бангкок (BKK),2
29906,Токио (HND),Сеул (ICN),1
12572,Новосибирск,Горно-Алтайск,1
33575,Екатеринбург,Казань,1
11428,Frankfurt,Hamburg,1
34009,Токио (HND),Сеул (ICN),1
9358,Новосибирск,Горно-Алтайск,1
24276,Токио (HND),Сеул (ICN),1
20289,Москва,Санкт-Петербург,1
1446,London,Edinburgh,1
21905,London,Edinburgh,1
44397,Дубай (DXB),Бангкок (BKK),1
22161,Rome,Milan,1
12319,Екатеринбург,Казань,1
3971,Сингапур (SIN),Бали (DPS),2
17661,Лондон (LHR),Нью-Йорк (JFK),2
11322,Токио (HND),Сеул (ICN),1
30415,Москва (SVO),Париж (CDG),1
8242,Новосибирск,Горно-Алтайск,2
30527,Токио (HND),Сеул (ICN),1
214,Frankfurt,Hamburg,1
23185,Chicago,Miami,1
48087,Rome,Milan,1
48665,Краснодар,Сочи,1
33094,Мюнхен,Вена,1
45504,Frankfurt,Hamburg,1
3359,Париж (CDG),Рим (FCO),1
46099,Chicago,Miami,1
25088,Сингапур (SIN),Бали (DPS),1
21449,Стамбул (IST),Афины (ATH),1
28573,Стамбул (IST),Афины (ATH),1
12246,Лондон (LHR),Нью-Йорк (JFK),1
3259,Москва (SVO),Париж (CDG),1
24487,Дубай (DXB),Бангкок (BKK),1
24409,Москва,Санкт-Петербург,1
32298,New York,Los Angeles,1
36105,Мадрид (MAD),Барселона,1
12171,Токио (HND),Сеул (ICN),1
37872,London,Edinburgh,1
17265,Мюнхен,Вена,1
15979,Краснодар,Сочи,1
36603,Сингапур (SIN),Бали (DPS),1
7620,Париж (CDG),Рим (FCO),1
13014,Екатеринбург,Казань,1
14374,Екатеринбург,Казань,2
31219,Дубай (DXB),Бангкок (BKK),1
25680,Москва (SVO),Париж (CDG),1
164,Стамбул (IST),Афины (ATH),3
30897,Москва (SVO),Париж (CDG),2
33279,Берлин (BER),Амстердам (AMS),2
49262,Москва (SVO),Париж (CDG),1
39864,Сингапур (SIN),Бали (DPS),3
25776,Токио (HND),Сеул (ICN),2
9747,Токио (HND),Сеул (ICN),1
9690,London,Edinburgh,1
34888,Мюнхен,Вена,2
30062,Токио (HND),Сеул (ICN),1
33216,Москва (SVO),Париж (CDG),2
42779,Rome,Milan,2
24049,Стамбул (IST),Афины (ATH),1
23923,Сингапур (SIN),Бали (DPS),1
41402,Frankfurt,Hamburg,1
17140,Краснодар,Сочи,3
9968,Краснодар,Сочи,1
19031,Дубай (DXB),Бангкок (BKK),1
24093,Екатеринбург,Казань,1
36906,Екатеринбург,Казань,1
4656,Краснодар,Сочи,2
13878,Paris,Lyon,1
7508,Москва,Санкт-Петербург,2
30274,Берлин (BER),Амстердам (AMS),1
33601,Мюнхен,Вена,1
16402,Москва,Санкт-Петербург,1
11987,Берлин (BER),Амстердам (AMS),1
34868,Екатеринбург,Казань,1
3078,Frankfurt,Hamburg,1
24424,Rome,Milan,1
22307,Токио (HND),Сеул (ICN),2
22229,Дубай (DXB),Бангкок (BKK),1
12955,Дубай (DXB),Бангкок (BKK),1
37919,Москва,Санкт-Петербург,2
4064,Берлин (BER),Амстердам (AMS),1
26618,Chicago,Miami,1
11583,Frankfurt,Hamburg,1
48030,Chicago,Miami,1
5379,Chicago,Miami,1
37008,Rome,Milan,1
23232,Лондон (LHR),Нью-Йорк (JFK),1
30620,Лондон (LHR),Нью-Йорк (JFK),1
49073,Мадрид (MAD),Барселона,1
24473,Москва (SVO),Париж (CDG),1
43823,Берлин (BER),Амстердам (AMS),1
15239,Paris,Lyon,1
34617,Новосибирск,Горно-Алтайск,2
16329,Берлин (BER),Амстердам (AMS),1
26671,Лондон (LHR),Нью-Йорк (JFK),1
18196,Москва,Санкт-Петербург,1
19609,Мадрид (MAD),Барселона,1
28932,Берлин (BER),Амстердам (AMS),1
31738,Rome,Milan,1
32903,Лондон (LHR),Нью-Йорк (JFK),2
7994,Лондон (LHR),Нью-Йорк (JFK),1
46325,Сингапур (SIN),Бали (DPS),1
15764,Paris,Lyon,1
44390,Токио (HND),Сеул (ICN),1
39581,Сингапур (SIN),Бали (DPS),2
28041,New York,Los Angeles,1
23348,Rome,Milan,1
31269,Дубай (DXB),Бангкок (BKK),1
36464,Лондон (LHR),Нью-Йорк (JFK),1
41956,Стамбул (IST),Афины (ATH),1
43961,Мадрид (MAD),Барселона,1
22353,Париж (CDG),Рим (FCO),1
49368,London,Edinburgh,2
14996,New York,Los Angeles,1
11665,Берлин (BER),Амстердам (AMS),1
29758,Дубай (DXB),Бангкок (BKK),1
6686,Берлин (BER),Амстердам (AMS),1
19189,Мадрид (MAD),Барселона,1
36207,Москва (SVO),Париж (CDG),1
10952,Новосибирск,Горно-Алтайск,1
39804,Москва,Санкт-Петербург,3
38663,Новосибирск,Горно-Алтайск,1
6386,Новосибирск,Горно-Алтайск,1
7993,New York,Los Angeles,1
4814,Стамбул (IST),Афины (ATH),2
42987,Краснодар,Сочи,1
49574,Дубай (DXB),Бангкок (BKK),1
28752,Москва (SVO),Париж (CDG),1
48267,Frankfurt,Hamburg,1
13808,Дубай (DXB),Бангкок (BKK),1
16170,Мюнхен,Вена,1
28139,Chicago,Miami,1
13308,Сингапур (SIN),Бали (DPS),1
36893,Rome,Milan,1
47956,Paris,Lyon,2
12926,Токио (HND),Сеул (ICN),1
2623,Мюнхен,Вена,1
37505,Краснодар,Сочи,1
20473,Краснодар,Сочи,1
19693,Екатеринбург,Казань,1
34203,Мюнхен,Вена,1
27911,London,Edinburgh,2
16156,Мюнхен,Вена,1
39775,New York,Los Angeles,1
23069,Москва,Санкт-Петербург,1
9856,Москва,Санкт-Петербург,1
12416,New York,Los Angeles,1
48365,Токио (HND),Сеул (ICN),1
24134,Токио (HND),Сеул (ICN),1
13212,London,Edinburgh,1
19087,Париж (CDG),Рим (FCO),1
4996,Paris,Lyon,1
32474,Токио (HND),Сеул (ICN),3
41516,Rome,Milan,1
22745,Мюнхен,Вена,1
91,Дубай (DXB),Бангкок (BKK),1
27778,Мадрид (MAD),Барселона,2
10106,Берлин (BER),Амстердам (AMS),1
31530,Сингапур (SIN),Бали (DPS),1
49909,London,Edinburgh,2
22791,New York,Los Angeles,1
32701,New York,Los Angeles,1
8298,Сингапур (SIN),Бали (DPS),1
41223,Париж (CDG),Рим (FCO),1
44390,Сингапур (SIN),Бали (DPS),2
7689,Стамбул (IST),Афины (ATH),1
39786,Токио (HND),Сеул (ICN),1
12710,Краснодар,Сочи,1
15379,Стамбул (IST),Афины (ATH),1
32472,Сингапур (SIN),Бали (DPS),2
4995,Rome,Milan,1
32258,Новосибирск,Горно-Алтайск,1
32296,Chicago,Miami,1
23108,Берлин (BER),Амстердам (AMS),1
30092,Токио (HND),Сеул (ICN),1
28432,Paris,Lyon,1
44170,Дубай (DXB),Бангкок (BKK),1
5824,Новосибирск,Горно-Алтайск,1
12843,Москва,Санкт-Петербург,1
24904,Екатеринбург,Казань,1
3431,Лондон (LHR),Нью-Йорк (JFK),1
3176,Новосибирск,Горно-Алтайск,1
13399,Краснодар,Сочи,1
34040,Токио (HND),Сеул (ICN),1
4176,Дубай (DXB),Бангкок (BKK),1
23135,Мадрид (MAD),Барселона,2
43774,Берлин (BER),Амстердам (AMS),1
16639,Париж (CDG),Рим (FCO),1
18587,Париж (CDG),Рим (FCO),1
40741,Екатеринбург,Казань,1
3809,Мюнхен,Вена,1
2524,Лондон (LHR),Нью-Йорк (JFK),2
22409,Rome,Milan,2
48855,Екатеринбург,Казань,1
44330,Екатеринбург,Казань,1
33744,Париж (CDG),Рим (FCO),1
37288,Frankfurt,Hamburg,2
26294,London,Edinburgh,1
28163,Chicago,Miami,1
1243,Новосибирск,Горно-Алтайск,1
45003,Paris,Lyon,1
34956,Москва (SVO),Париж (CDG),2
20124,Москва,Санкт-Петербург,2
45181,Paris,Lyon,1
30554,Москва,Санкт-Петербург,1
20591,Екатеринбург,Казань,1
21803,Москва,Санкт-Петербург,1
30521,Мюнхен,Вена,1
1920,Токио (HND),Сеул (ICN),1
47839,Москва (SVO),Париж (CDG),1
25479,Paris,Lyon,1
22292,Стамбул (IST),Афины (ATH),1
6505,Rome,Milan,1
44324,New York,Los Angeles,1
44641,Москва (SVO),Париж (CDG),1
16179,London,Edinburgh,1
44316,London,Edinburgh,1
5540,Краснодар,Сочи,1
42176,Сингапур (SIN),Бали (DPS),1
47861,Paris,Lyon,1
30978,Сингапур (SIN),Бали (DPS),1
17161,Сингапур (SIN),Бали (DPS),2
13731,Краснодар,Сочи,1
25794,Chicago,Miami,1
49560,Chicago,Miami,1
15463,Новосибирск,Горно-Алтайск,1
46030,Екатеринбург,Казань,1
7744,Екатеринбург,Казань,1
45419,Берлин (BER),Амстердам (AMS),1
13013,Париж (CDG),Рим (FCO),1
47005,Сингапур (SIN),Бали (DPS),1
15852,Chicago,Miami,1
38751,Мюнхен,Вена,1
20175,Екатеринбург,Казань,2
26200,Токио (HND),Сеул (ICN),1
33429,Chicago,Miami,1
15344,Краснодар,Сочи,1
3474,Краснодар,Сочи,1
5699,Сингапур (SIN),Бали (DPS),1
46871,Rome,Milan,1
35248,Берлин (BER),Амстердам (AMS),1
13279,Москва (SVO),Париж (CDG),1
3825,Москва,Санкт-Петербург,1
29111,Сингапур (SIN),Бали (DPS),1
47259,Новосибирск,Горно-Алтайск,1
49457,Сингапур (SIN),Бали (DPS),2
12646,Стамбул (IST),Афины (ATH),1
42413,Rome,Milan,1
32654,Мюнхен,Вена,2
43705,Москва,Санкт-Петербург,1
10070,Дубай (DXB),Бангкок (BKK),1
41101,Frankfurt,Hamburg,1
23761,Новосибирск,Горно-Алтайск,1
46353,Москва,Санкт-Петербург,1
7334,Paris,Lyon,1
46135,Токио (HND),Сеул (ICN),1
34720,Лондон (LHR),Нью-Йорк (JFK),1
8635,Сингапур (SIN),Бали (DPS),1
40238,Екатеринбург,Казань,1
49956,Краснодар,Сочи,1
22207,Екатеринбург,Казань,1
598,Париж (CDG),Рим (FCO),4
1889,Лондон (LHR),Нью-Йорк (JFK),1
35216,Chicago,Miami,1
41793,London,Edinburgh,1
46667,Париж (CDG),Рим (FCO),1
31895,Frankfurt,Hamburg,1
43739,Сингапур (SIN),Бали (DPS),1
31138,Сингапур (SIN),Бали (DPS),1
22503,Сингапур (SIN),Бали (DPS),1
14844,Сингапур (SIN),Бали (DPS),1
40895,New York,Los Angeles,1
77,Сингапур (SIN),Бали (DPS),1
10658,Токио (HND),Сеул (ICN),1
2023,New York,Los Angeles,1
30288,Краснодар,Сочи,1
3419,Берлин (BER),Амстердам (AMS),1
5385,Екатеринбург,Казань,1
3484,Париж (CDG),Рим (FCO),1
32288,Берлин (BER),Амстердам (AMS),1
35522,Москва,Санкт-Петербург,2
46512,Сингапур (SIN),Бали (DPS),1
27161,Chicago,Miami,1
27535,Frankfurt,Hamburg,1
5978,Лондон (LHR),Нью-Йорк (JFK),1
4211,New York,Los Angeles,1
14361,Мадрид (MAD),Барселона,2
10184,Токио (HND),Сеул (ICN),1
23287,Дубай (DXB),Бангкок (BKK),2
32463,Дубай (DXB),Бангкок (BKK),1
26651,Новосибирск,Горно-Алтайск,2
31319,Берлин (BER),Амстердам (AMS),1
36825,Дубай (DXB),Бангкок (BKK),1
49882,Берлин (BER),Амстердам (AMS),1
4103,New York,Los Angeles,1
13672,Мадрид (MAD),Барселона,1
44915,Frankfurt,Hamburg,1
27776,Дубай (DXB),Бангкок (BKK),1
41617,New York,Los Angeles,1
26251,Берлин (BER),Амстердам (AMS),1
10262,New York,Los Angeles,1
31884,Стамбул (IST),Афины (ATH),1
35973,Екатеринбург,Казань,1
36162,Берлин (BER),Амстердам (AMS),2
18767,Новосибирск,Горно-Алтайск,1
4049,Дубай (DXB),Бангкок (BKK),2
6570,Новосибирск,Горно-Алтайск,3
35475,Chicago,Miami,1
16928,Париж (CDG),Рим (FCO),1
6222,Токио (HND),Сеул (ICN),2
38806,London,Edinburgh,1
21014,Мюнхен,Вена,1
2084,Мюнхен,Вена,2
19658,Краснодар,Сочи,1
30092,Токио (HND),Сеул (ICN),2
45313,Лондон (LHR),Нью-Йорк (JFK),1
40411,Мадрид (MAD),Барселона,1
27322,Rome,Milan,1
5812,Краснодар,Сочи,1
42341,Rome,Milan,1
19005,Frankfurt,Hamburg,2
48715,Берлин (BER),Амстердам (AMS),1
18174,Лондон (LHR),Нью-Йорк (JFK),2
28815,Сингапур (SIN),Бали (DPS),1
32742,Frankfurt,Hamburg,2
38365,Мадрид (MAD),Барселона,1
41303,Сингапур (SIN),Бали (DPS),1
8571,Мадрид (MAD),Барселона,2
3226,Берлин (BER),Амстердам (AMS),1
10839,Екатеринбург,Казань,1
48879,Москва,Санкт-Петербург,2
20446,Екатеринбург,Казань,1
31151,Берлин (BER),Амстердам (AMS),1
40432,London,Edinburgh,1
31056,Москва (SVO),Париж (CDG),1
41489,Краснодар,Сочи,1
28771,Токио (HND),Сеул (ICN),1
45969,Москва,Санкт-Петербург,1
14210,Frankfurt,Hamburg,1
17204,Париж (CDG),Рим (FCO),2
10933,Екатеринбург,Казань,2
42763,Екатеринбург,Казань,1
40164,London,Edinburgh,1
45563,Дубай (DXB),Бангкок (BKK),1
41553,Краснодар,Сочи,1
7183,Краснодар,Сочи,1
2356,Екатеринбург,Казань,1
20659,Новосибирск,Горно-Алтайск,1
26147,New York,Los Angeles,1
21997,Москва (SVO),Париж (CDG),1
7256,Мадрид (MAD),Барселона,1
2438,Дубай (DXB),Бангкок (BKK),1
48716,Мадрид (MAD),Барселона,1
22100,Токио (HND),Сеул (ICN),1
7807,New York,Los Angeles,2
11137,Мюнхен,Вена,2
45211,Лондон (LHR),Нью-Йорк (JFK),1
30588,Екатеринбург,Казань,2
45470,Екатеринбург,Казань,1
18105,Москва (SVO),Париж (CDG),1
21483,Москва,Санкт-Петербург,2
12207,Мадрид (MAD),Барселона,1
8941,Краснодар,Сочи,1
4626,Берлин (BER),Амстердам (AMS),1
36290,Париж (CDG),Рим (FCO),1
6580,Берлин (BER),Амстердам (AMS),1
3617,Стамбул (IST),Афины (ATH),1
3930,Краснодар,Сочи,1
46413,Екатеринбург,Казань,1
38876,Frankfurt,Hamburg,1
36000,Дубай (DXB),Бангкок (BKK),2
24708,Новосибирск,Горно-Алтайск,2
35329,Екатеринбург,Казань,1
9459,Стамбул (IST),Афины (ATH),1
44982,Токио (HND),Сеул (ICN),1
37224,Париж (CDG),Рим (FCO),1
7052,Мадрид (MAD),Барселона,1
49843,Rome,Milan,1
28948,Токио (HND),Сеул (ICN),1
14465,Берлин (BER),Амстердам (AMS),1
13695,Екатеринбург,Казань,1
11926,Дубай (DXB),Бангкок (BKK),1
46272,Новосибирск,Горно-Алтайск,1
25128,Мюнхен,Вена,1
14479,Екатеринбург,Казань,1
32927,Екатеринбург,Казань,1
1877,Мадрид (MAD),Барселона,1
42517,Мюнхен,Вена,1
30823,Париж (CDG),Рим (FCO),1
1051,Дубай (DXB),Бангкок (BKK),1
5208,Мадрид (MAD),Барселона,3
20351,New York,Los Angeles,1
34348,Москва,Санкт-Петербург,1
42881,Берлин (BER),Амстердам (AMS),1
6409,Лондон (LHR),Нью-Йорк (JFK),1
24031,New York,Los Angeles,1
28742,Москва (SVO),Париж (CDG),1
44941,Rome,Milan,1
1766,Екатеринбург,Казань,1
40430,Екатеринбург,Казань,1
38910,Новосибирск,Горно-Алтайск,1
46547,Мадрид (MAD),Барселона,1
5342,Токио (HND),Сеул (ICN),3
11906,London,Edinburgh,1
49782,London,Edinburgh,1
36237,Берлин (BER),Амстердам (AMS),1
46334,Сингапур (SIN),Бали (DPS),1
49136,Paris,Lyon,2
25716,Париж (CDG),Рим (FCO),2
46937,Мадрид (MAD),Барселона,1
18188,Москва (SVO),Париж (CDG),1
2704,Дубай (DXB),Бангкок (BKK),1
44903,Токио (HND),Сеул (ICN),1
49349,Chicago,Miami,2
25575,London,Edinburgh,2
4692,Токио (HND),Сеул (ICN),1
47548,Париж (CDG),Рим (FCO),2
49421,Москва,Санкт-Петербург,2
20828,Стамбул (IST),Афины (ATH),1
4406,Краснодар,Сочи,1
47774,New York,Los Angeles,2
7284,Краснодар,Сочи,1
7310,Краснодар,Сочи,1
39527,Rome,Milan,1
49812,Rome,Milan,1
19872,New York,Los Angeles,3
973,Сингапур (SIN),Бали (DPS),1
14379,New York,Los Angeles,1
48171,Берлин (BER),Амстердам (AMS),1
46136,Frankfurt,Hamburg,1
4715,Москва (SVO),Париж (CDG),1
12039,Сингапур (SIN),Бали (DPS),1
21580,Мадрид (MAD),Барселона,1
10321,Rome,Milan,1
47009,Москва (SVO),Париж (CDG),2
7811,London,Edinburgh,1
15876,Стамбул (IST),Афины (ATH),1
9058,Токио (HND),Сеул (ICN),1
42873,Берлин (BER),Амстердам (AMS),1
38409,Токио (HND),Сеул (ICN),1
16392,Новосибирск,Горно-Алтайск,2
47535,Rome,Milan,1
16102,Frankfurt,Hamburg,1
33725,Новосибирск,Горно-Алтайск,1
49868,Москва (SVO),Париж (CDG),1
697,Берлин (BER),Амстердам (AMS),1
33873,Стамбул (IST),Афины (ATH),1
16748,Париж (CDG),Рим (FCO),1
9691,Москва,Санкт-Петербург,2
44381,Дубай (DXB),Бангкок (BKK),1
16497,Токио (HND),Сеул (ICN),1
14301,Берлин (BER),Амстердам (AMS),1
41042,Москва,Санкт-Петербург,2
21282,Chicago,Miami,1
374,London,Edinburgh,1
20564,Мадрид (MAD),Барселона,1
4073,Дубай (DXB),Бангкок (BKK),1
14592,Сингапур (SIN),Бали (DPS),1
25362,Мадрид (MAD),Барселона,1
39149,Берлин (BER),Амстердам (AMS),1
14729,Лондон (LHR),Нью-Йорк (JFK),1
37582,Rome,Milan,1
23724,New York,Los Angeles,1
12350,Берлин (BER),Амстердам (AMS),1
47463,Paris,Lyon,1
5927,Стамбул (IST),Афины (ATH),1
12438,Берлин (BER),Амстердам (AMS),1
43407,Москва,Санкт-Петербург,1
25203,Frankfurt,Hamburg,1
4650,Rome,Milan,1
46978,Rome,Milan,2
3306,Мадрид (MAD),Барселона,1
23457,Москва (SVO),Париж (CDG),1
17672,Токио (HND),Сеул (ICN),1
43792,London,Edinburgh,1
7357,London,Edinburgh,1
7386,Токио (HND),Сеул (ICN),1
17344,Лондон (LHR),Нью-Йорк (JFK),1
21666,Москва,Санкт-Петербург,1
39846,Новосибирск,Горно-Алтайск,1
20197,Мюнхен,Вена,1
23958,Москва,Санкт-Петербург,2
26124,Paris,Lyon,1
19775,Лондон (LHR),Нью-Йорк (JFK),1
9371,Париж (CDG),Рим (FCO),1
11267,London,Edinburgh,1
35280,Стамбул (IST),Афины (ATH),1
7952,Мюнхен,Вена,1
40052,Краснодар,Сочи,1
26834,Москва,Санкт-Петербург,2
16903,New York,Los Angeles,1
4054,Мадрид (MAD),Барселона,1
8617,Дубай (DXB),Бангкок (BKK),2
19346,Москва,Санкт-Петербург,2
2784,Стамбул (IST),Афины (ATH),1
29770,Дубай (DXB),Бангкок (BKK),1
21732,Токио (HND),Сеул (ICN),1
28370,Сингапур (SIN),Бали (DPS),1
27089,Краснодар,Сочи,1
36028,Paris,Lyon,2
40535,London,Edinburgh,2
38409,Екатеринбург,Казань,2
16634,Екатеринбург,Казань,1
13296,Лондон (LHR),Нью-Йорк (JFK),1
24426,Frankfurt,Hamburg,1
33988,Дубай (DXB),Бангкок (BKK),1
21785,Москва,Санкт-Петербург,1
2632,Париж (CDG),Рим (FCO),1
37623,Москва (SVO),Париж (CDG),1
28118,Берлин (BER),Амстердам (AMS),1
24110,Новосибирск,Горно-Алтайск,1
12007,Frankfurt,Hamburg,1
9568,Frankfurt,Hamburg,1
40444,New York,Los Angeles,1
38611,Москва,Санкт-Петербург,1
39002,Токио (HND),Сеул (ICN),1
3509,Москва,Санкт-Петербург,1
43544,Москва,Санкт-Петербург,1
23439,Берлин (BER),Амстердам (AMS),1
22130,Сингапур (SIN),Бали (DPS),1
28425,Краснодар,Сочи,1
32183,Екатеринбург,Казань,1
9550,Токио (HND),Сеул (ICN),1
12053,Мюнхен,Вена,1
24020,Стамбул (IST),Афины (ATH),1
39402,Мюнхен,Вена,1
15353,Дубай (DXB),Бангкок (BKK),1
49222,Paris,Lyon,1
47607,Сингапур (SIN),Бали (DPS),1
9069,Москва (SVO),Париж (CDG),1
20286,Лондон (LHR),Нью-Йорк (JFK),1
43224,Сингапур (SIN),Бали (DPS),1
39145,Париж (CDG),Рим (FCO),1
22024,Екатеринбург,Казань,1
15198,Paris,Lyon,1
37652,Лондон (LHR),Нью-Йорк (JFK),1
29005,Париж (CDG),Рим (FCO),1
17353,Rome,Milan,1
17191,Берлин (BER),Амстердам (AMS),1
33108,Paris,Lyon,1
47784,Frankfurt,Hamburg,1
39899,London,Edinburgh,1
38083,Москва,Санкт-Петербург,1
5326,Rome,Milan,2
34751,Новосибирск,Горно-Алтайск,1
30430,Москва (SVO),Париж (CDG),1
26444,Краснодар,Сочи,1
41737,Дубай (DXB),Бангкок (BKK),1
27428,Сингапур (SIN),Бали (DPS),1
47402,Берлин (BER),Амстердам (AMS),1
14163,Москва (SVO),Париж (CDG),1
48195,Мюнхен,Вена,1
12605,Токио (HND),Сеул (ICN),1
2769,Стамбул (IST),Афины (ATH),1
47561,Токио (HND),Сеул (ICN),1
22723,Лондон (LHR),Нью-Йорк (JFK),1
25497,New York,Los Angeles,1
3592,Дубай (DXB),Бангкок (BKK),1
19012,Сингапур (SIN),Бали (DPS),1
12823,Москва (SVO),Париж (CDG),1
1869,London,Edinburgh,1
40686,Москва,Санкт-Петербург,1
31376,Париж (CDG),Рим (FCO),1
25855,London,Edinburgh,1
21947,Берлин (BER),Амстердам (AMS),1
28122,Москва (SVO),Париж (CDG),1
33393,Мадрид (MAD),Барселона,1
16855,Rome,Milan,1
49947,Frankfurt,Hamburg,1
12926,Сингапур (SIN),Бали (DPS),2
23023,Париж (CDG),Рим (FCO),2
48749,New York,Los Angeles,1
42160,Frankfurt,Hamburg,1
25363,Краснодар,Сочи,1
31195,Сингапур (SIN),Бали (DPS),1
2951,Екатеринбург,Казань,1
25339,Дубай (DXB),Бангкок (BKK),1
43026,Екатеринбург,Казань,1
25961,Париж (CDG),Рим (FCO),1
7950,Мюнхен,Вена,1
39061,Дубай (DXB),Бангкок (BKK),1
13384,Москва,Санкт-Петербург,1
13484,Стамбул (IST),Афины (ATH),1
38197,Paris,Lyon,2
36106,Стамбул (IST),Афины (ATH),1
45977,Москва (SVO),Париж (CDG),1
5775,Rome,Milan,1
38217,Лондон (LHR),Нью-Йорк (JFK),1
1522,Лондон (LHR),Нью-Йорк (JFK),2
1721,Екатеринбург,Казань,1
9853,Мюнхен,Вена,1
1677,Париж (CDG),Рим (FCO),1
37258,Стамбул (IST),Афины (ATH),1
659,Москва (SVO),Париж (CDG),1
25123,Новосибирск,Горно-Алтайск,1
31591,Новосибирск,Горно-Алтайск,1
17019,Paris,Lyon,1
39533,Токио (HND),Сеул (ICN),1
12020,Москва (SVO),Париж (CDG),1
40854,Москва (SVO),Париж (CDG),1
44342,Краснодар,Сочи,1
228,Paris,Lyon,1
12999,Токио (HND),Сеул (ICN),1
45201,Стамбул (IST),Афины (ATH),3
4628,Chicago,Miami,1
41911,Лондон (LHR),Нью-Йорк (JFK),1
21509,Токио (HND),Сеул (ICN),1
4688,Токио (HND),Сеул (ICN),1
34375,Екатеринбург,Казань,1
18118,Сингапур (SIN),Бали (DPS),1
47929,Rome,Milan,2
32445,Париж (CDG),Рим (FCO),1
9461,Краснодар,Сочи,2
38085,Берлин (BER),Амстердам (AMS),1
48279,Москва (SVO),Париж (CDG),1
21021,Краснодар,Сочи,1
45778,Токио (HND),Сеул (ICN),1
16819,Берлин (BER),Амстердам (AMS),2
14222,Rome,Milan,2
29114,Москва (SVO),Париж (CDG),1
25980,Екатеринбург,Казань,4
37932,Мюнхен,Вена,2
29557,Лондон (LHR),Нью-Йорк (JFK),2
32131,Париж (CDG),Рим (FCO),1
37791,Сингапур (SIN),Бали (DPS),2
30431,Сингапур (SIN),Бали (DPS),1
30569,New York,Los Angeles,1
48898,Rome,Milan,1
22978,Rome,Milan,1
38724,Стамбул (IST),Афины (ATH),1
42978,Москва (SVO),Париж (CDG),2
15600,Новосибирск,Горно-Алтайск,1
47022,Екатеринбург,Казань,2
43041,Мадрид (MAD),Барселона,1
46685,Токио (HND),Сеул (ICN),1
6006,Екатеринбург,Казань,1
48320,Краснодар,Сочи,1
23916,Мюнхен,Вена,1
36085,Сингапур (SIN),Бали (DPS),2
43997,Мадрид (MAD),Барселона,1
7227,Frankfurt,Hamburg,1
8304,London,Edinburgh,1
23106,Paris,Lyon,1
10352,Париж (CDG),Рим (FCO),1
46160,Стамбул (IST),Афины (ATH),1
45262,New York,Los Angeles,1
21512,New York,Los Angeles,1
4,Новосибирск,Горно-Алтайск,3
24674,Екатеринбург,Казань,1
6570,Мюнхен,Вена,4
9495,Москва,Санкт-Петербург,1
7960,Дубай (DXB),Бангкок (BKK),2
27316,Екатеринбург,Казань,1
37858,Екатеринбург,Казань,1
17740,Rome,Milan,3
10786,Мюнхен,Вена,1
30636,Мадрид (MAD),Барселона,2
5937,Сингапур (SIN),Бали (DPS),1
40251,London,Edinburgh,1
37761,London,Edinburgh,2
13590,Paris,Lyon,1
44871,Paris,Lyon,1
8718,Frankfurt,Hamburg,1
6692,Краснодар,Сочи,1
7071,Лондон (LHR),Нью-Йорк (JFK),1
2278,Frankfurt,Hamburg,1
5737,Мадрид (MAD),Барселона,1
49299,Краснодар,Сочи,1
47348,Лондон (LHR),Нью-Йорк (JFK),1
36978,Москва,Санкт-Петербург,1
7518,Лондон (LHR),Нью-Йорк (JFK),1
369,Берлин (BER),Амстердам (AMS),1
29253,Москва,Санкт-Петербург,1
24385,London,Edinburgh,1
15693,Chicago,Miami,1
29027,New York,Los Angeles,1
29122,Стамбул (IST),Афины (ATH),1
35806,Москва (SVO),Париж (CDG),1
4756,Дубай (DXB),Бангкок (BKK),1
46187,Chicago,Miami,1
10216,New York,Los Angeles,2
20117,Сингапур (SIN),Бали (DPS),1
24603,Frankfurt,Hamburg,1
21811,Москва,Санкт-Петербург,1
44281,Chicago,Miami,2
41379,Екатеринбург,Казань,1
35208,Екатеринбург,Казань,1
45966,Берлин (BER),Амстердам (AMS),1
25617,Новосибирск,Горно-Алтайск,1
43921,Токио (HND),Сеул (ICN),1
49826,Лондон (LHR),Нью-Йорк (JFK),1
11620,Дубай (DXB),Бангкок (BKK),1
10640,Frankfurt,Hamburg,2
28471,Мюнхен,Вена,1
4822,Берлин (BER),Амстердам (AMS),1
33569,Paris,Lyon,1
38295,Сингапур (SIN),Бали (DPS),1
9507,Paris,Lyon,1
10528,Москва (SVO),Париж (CDG),1
1648,Екатеринбург,Казань,3
8431,Токио (HND),Сеул (ICN),1
41477,Новосибирск,Горно-Алтайск,1
25557,Париж (CDG),Рим (FCO),1
33411,Мадрид (MAD),Барселона,1
9477,Токио (HND),Сеул (ICN),1
34454,Дубай (DXB),Бангкок (BKK),1
41990,Rome,Milan,1
31490,Москва (SVO),Париж (CDG),1
23278,Краснодар,Сочи,1
19017,Мюнхен,Вена,2
35769,Frankfurt,Hamburg,1
47824,Chicago,Miami,1
45434,Paris,Lyon,1
22804,Екатеринбург,Казань,1
25689,Лондон (LHR),Нью-Йорк (JFK),1
29194,Мюнхен,Вена,1
20393,London,Edinburgh,1
21801,Дубай (DXB),Бангкок (BKK),1
42835,Москва,Санкт-Петербург,1
44349,Лондон (LHR),Нью-Йорк (JFK),1
34390,Rome,Milan,2
33948,Frankfurt,Hamburg,1
25687,Дубай (DXB),Бангкок (BKK),2
9028,New York,Los Angeles,1
49412,Paris,Lyon,1
5845,Берлин (BER),Амстердам (AMS),1
32766,Москва,Санкт-Петербург,1
14660,Мюнхен,Вена,1
33218,Мадрид (MAD),Барселона,2
5229,Новосибирск,Горно-Алтайск,1
33473,Сингапур (SIN),Бали (DPS),2
22612,Сингапур (SIN),Бали (DPS),1
19839,Paris,Lyon,2
33384,Frankfurt,Hamburg,1
42273,Новосибирск,Горно-Алтайск,1
29938,Мадрид (MAD),Барселона,2
37931,Берлин (BER),Амстердам (AMS),2
37799,London,Edinburgh,1
7315,Берлин (BER),Амстердам (AMS),1
1499,Сингапур (SIN),Бали (DPS),1
46803,Москва (SVO),Париж (CDG),2
10594,Москва (SVO),Париж (CDG),1
23726,Paris,Lyon,1
7614,Сингапур (SIN),Бали (DPS),2
35745,Chicago,Miami,2
44293,Мюнхен,Вена,2
8358,Краснодар,Сочи,1
23717,Paris,Lyon,1
36979,Новосибирск,Горно-Алтайск,1
9729,Берлин (BER),Амстердам (AMS),1
13646,Берлин (BER),Амстердам (AMS),1
20570,Екатеринбург,Казань,1
46778,Екатеринбург,Казань,2
5220,Дубай (DXB),Бангкок (BKK),1
9829,Екатеринбург,Казань,2
10271,Лондон (LHR),Нью-Йорк (JFK),1
19622,Мюнхен,Вена,1
11180,Мадрид (MAD),Барселона,1
26574,Новосибирск,Горно-Алтайск,1
6111,Мюнхен,Вена,1
23634,London,Edinburgh,1
29564,Paris,Lyon,1
43999,Москва,Санкт-Петербург,1
42044,Chicago,Miami,1
21182,Новосибирск,Горно-Алтайск,1
38261,Токио (HND),Сеул (ICN),1
15544,Москва,Санкт-Петербург,1
14349,Токио (HND),Сеул (ICN),1
23095,Токио (HND),Сеул (ICN),1
7316,Москва,Санкт-Петербург,1
22485,Париж (CDG),Рим (FCO),2
25412,Краснодар,Сочи,2
15721,Берлин (BER),Амстердам (AMS),1
10794,New York,Los Angeles,1
28854,Стамбул (IST),Афины (ATH),1
18132,Paris,Lyon,1
25426,Chicago,Miami,1
29326,Chicago,Miami,1
5526,Токио (HND),Сеул (ICN),1
5403,New York,Los Angeles,1
46315,Frankfurt,Hamburg,1
27169,Стамбул (IST),Афины (ATH),1
34778,Paris,Lyon,1
25744,Токио (HND),Сеул (ICN),1
2850,Мюнхен,Вена,1
39663,Берлин (BER),Амстердам (AMS),1
42212,Москва (SVO),Париж (CDG),1
10466,London,Edinburgh,1
31263,Москва,Санкт-Петербург,1
26689,Краснодар,Сочи,1
21688,Екатеринбург,Казань,2
48781,Берлин (BER),Амстердам (AMS),1
38296,Дубай (DXB),Бангкок (BKK),1
48030,Paris,Lyon,2
37315,London,Edinburgh,1
28114,Сингапур (SIN),Бали (DPS),1
14104,Мадрид (MAD),Барселона,2
26745,Frankfurt,Hamburg,1
5894,Париж (CDG),Рим (FCO),2
5876,Екатеринбург,Казань,1
7307,Мадрид (MAD),Барселона,1
31025,Дубай (DXB),Бангкок (BKK),1
33324,Сингапур (SIN),Бали (DPS),1
41179,Rome,Milan,1
9854,Chicago,Miami,1
3634,Paris,Lyon,1
38627,Стамбул (IST),Афины (ATH),1
38098,Екатеринбург,Казань,2
35719,Краснодар,Сочи,2
8786,Дубай (DXB),Бангкок (BKK),1
30693,Frankfurt,Hamburg,2
48424,Rome,Milan,1
2646,Мюнхен,Вена,1
35212,Сингапур (SIN),Бали (DPS),1
36408,Стамбул (IST),Афины (ATH),3
43590,Стамбул (IST),Афины (ATH),1
12253,Мадрид (MAD),Барселона,1
43295,Новосибирск,Горно-Алтайск,1
30061,Москва,Санкт-Петербург,1
9777,Новосибирск,Горно-Алтайск,1
10617,Париж (CDG),Рим (FCO),1
36359,Мадрид (MAD),Барселона,2
2814,Москва,Санкт-Петербург,2
40040,Новосибирск,Горно-Алтайск,1
4673,Париж (CDG),Рим (FCO),1
25295,Сингапур (SIN),Бали (DPS),1
19656,Токио (HND),Сеул (ICN),1
38402,New York,Los Angeles,2
31464,Новосибирск,Горно-Алтайск,1
22911,Краснодар,Сочи,1
24996,Paris,Lyon,1
39805,Новосибирск,Горно-Алтайск,1
18017,Мюнхен,Вена,4
46267,Берлин (BER),Амстердам (AMS),1
42112,Берлин (BER),Амстердам (AMS),1
9202,Москва (SVO),Париж (CDG),1
37126,Париж (CDG),Рим (FCO),2
29607,Лондон (LHR),Нью-Йорк (JFK),1
12235,Стамбул (IST),Афины (ATH),1
31720,London,Edinburgh,1
16481,Краснодар,Сочи,1
15319,Chicago,Miami,1
48668,Мюнхен,Вена,2
4242,Мюнхен,Вена,2
27968,Краснодар,Сочи,1
40116,Мадрид (MAD),Барселона,1
7884,New York,Los Angeles,1
12718,Мадрид (MAD),Барселона,2
41907,Краснодар,Сочи,1
34959,Новосибирск,Горно-Алтайск,1
31216,Лондон (LHR),Нью-Йорк (JFK),1
14971,Rome,Milan,2
30042,Берлин (BER),Амстердам (AMS),1
48273,Лондон (LHR),Нью-Йорк (JFK),1
27225,Дубай (DXB),Бангкок (BKK),1
4201,Сингапур (SIN),Бали (DPS),3
20180,Paris,Lyon,1
18208,Сингапур (SIN),Бали (DPS),1
49921,Париж (CDG),Рим (FCO),2
47452,Мадрид (MAD),Барселона,2
19472,Токио (HND),Сеул (ICN),1
2879,Стамбул (IST),Афины (ATH),1
43179,Берлин (BER),Амстердам (AMS),1
42913,Дубай (DXB),Бангкок (BKK),2
11668,Москва (SVO),Париж (CDG),1
13081,Frankfurt,Hamburg,1
26281,New York,Los Angeles,1
46449,Лондон (LHR),Нью-Йорк (JFK),1
18526,Париж (CDG),Рим (FCO),1
7354,Париж (CDG),Рим (FCO),2
20901,Стамбул (IST),Афины (ATH),1
44772,Париж (CDG),Рим (FCO),1
27574,Frankfurt,Hamburg,1
17397,Стамбул (IST),Афины (ATH),2
27709,Rome,Milan,1
17701,Париж (CDG),Рим (FCO),1
17326,Москва (SVO),Париж (CDG),2
45149,Берлин (BER),Амстердам (AMS),1
6252,Мадрид (MAD),Барселона,1
16693,Дубай (DXB),Бангкок (BKK),1
45429,Paris,Lyon,1
31726,Берлин (BER),Амстердам (AMS),1
27074,Сингапур (SIN),Бали (DPS),1
25853,Новосибирск,Горно-Алтайск,1
36215,Стамбул (IST),Афины (ATH),1
46639,Стамбул (IST),Афины (ATH),1
11771,Chicago,Miami,1
9441,Екатеринбург,Казань,1
46734,Rome,Milan,1
49359,Мадрид (MAD),Барселона,1
927,Москва (SVO),Париж (CDG),1
12807,Frankfurt,Hamburg,1
2814,Rome,Milan,3
27845,Сингапур (SIN),Бали (DPS),1
6562,Frankfurt,Hamburg,1
23430,Paris,Lyon,1
38961,Лондон (LHR),Нью-Йорк (JFK),3
35041,Сингапур (SIN),Бали (DPS),1
26446,Дубай (DXB),Бангкок (BKK),2
977,Токио (HND),Сеул (ICN),1
17985,New York,Los Angeles,1
40785,New York,Los Angeles,1
19876,Мадрид (MAD),Барселона,1
5814,Дубай (DXB),Бангкок (BKK),1
8692,Стамбул (IST),Афины (ATH),2
38169,New York,Los Angeles,1
34665,Мадрид (MAD),Барселона,1
48638,Берлин (BER),Амстердам (AMS),1
4343,Стамбул (IST),Афины (ATH),1
3493,Сингапур (SIN),Бали (DPS),1
18039,New York,Los Angeles,1
31203,Москва,Санкт-Петербург,1
20429,Лондон (LHR),Нью-Йорк (JFK),1
15402,Екатеринбург,Казань,1
45219,Париж (CDG),Рим (FCO),2
10067,Сингапур (SIN),Бали (DPS),1
22525,Новосибирск,Горно-Алтайск,1
27608,Краснодар,Сочи,1
21502,Париж (CDG),Рим (FCO),3
43520,Лондон (LHR),Нью-Йорк (JFK),1
9217,Лондон (LHR),Нью-Йорк (JFK),1
27164,Сингапур (SIN),Бали (DPS),2
23800,New York,Los Angeles,1
35812,Лондон (LHR),Нью-Йорк (JFK),1
19314,Москва (SVO),Париж (CDG),1
25203,Стамбул (IST),Афины (ATH),2
42193,London,Edinburgh,3
30634,Мюнхен,Вена,1
41800,Сингапур (SIN),Бали (DPS),1
33834,Краснодар,Сочи,2
46121,New York,Los Angeles,1
1351,Сингапур (SIN),Бали (DPS),1
46105,Мюнхен,Вена,1
3052,Chicago,Miami,1
38972,Москва (SVO),Париж (CDG),1
11802,London,Edinburgh,1
31808,Сингапур (SIN),Бали (DPS),1
15321,Мюнхен,Вена,1
41875,Сингапур (SIN),Бали (DPS),1
863,Chicago,Miami,1
37091,Rome,Milan,1
26409,London,Edinburgh,1
46649,Дубай (DXB),Бангкок (BKK),1
13928,Frankfurt,Hamburg,1
14391,Токио (HND),Сеул (ICN),1
36236,Екатеринбург,Казань,1
44312,Екатеринбург,Казань,1
47897,Лондон (LHR),Нью-Йорк (JFK),1
10296,Сингапур (SIN),Бали (DPS),1
32007,Париж (CDG),Рим (FCO),1
2999,Париж (CDG),Рим (FCO),1
4533,Токио (HND),Сеул (ICN),1
41941,Москва,Санкт-Петербург,1
40147,Москва,Санкт-Петербург,1
13731,Frankfurt,Hamburg,2
40753,Chicago,Miami,1
12941,Сингапур (SIN),Бали (DPS),1
24962,Rome,Milan,1
27432,Лондон (LHR),Нью-Йорк (JFK),1
10164,Мадрид (MAD),Барселона,1
7855,Краснодар,Сочи,1
41640,Rome,Milan,1
45627,Лондон (LHR),Нью-Йорк (JFK),1
44723,Берлин (BER),Амстердам (AMS),1
30365,Москва,Санкт-Петербург,1
10548,Париж (CDG),Рим (FCO),1
44624,Мюнхен,Вена,1
48671,Сингапур (SIN),Бали (DPS),2
1621,London,Edinburgh,1
49782,Токио (HND),Сеул (ICN),2
47634,Москва,Санкт-Петербург,2
38620,Мадрид (MAD),Барселона,1
36689,New York,Los Angeles,1
42545,Сингапур (SIN),Бали (DPS),1
20686,Лондон (LHR),Нью-Йорк (JFK),1
19055,Москва,Санкт-Петербург,1
1096,Берлин (BER),Амстердам (AMS),1
3076,Берлин (BER),Амстердам (AMS),2
16024,Сингапур (SIN),Бали (DPS),1
24279,Frankfurt,Hamburg,1
41434,Лондон (LHR),Нью-Йорк (JFK),1
5519,New York,Los Angeles,1
39129,Frankfurt,Hamburg,2
47059,Сингапур (SIN),Бали (DPS),1
25257,Берлин (BER),Амстердам (AMS),2
39705,Мюнхен,Вена,1
14015,Frankfurt,Hamburg,2
21764,Дубай (DXB),Бангкок (BKK),1
44392,Берлин (BER),Амстердам (AMS),1
13689,Токио (HND),Сеул (ICN),1
38854,Краснодар,Сочи,1
39078,Москва (SVO),Париж (CDG),2
14944,Новосибирск,Горно-Алтайск,1
38564,Мюнхен,Вена,1
31837,Дубай (DXB),Бангкок (BKK),1
13907,Екатеринбург,Казань,1
19276,Париж (CDG),Рим (FCO),1
31621,Paris,Lyon,1
3090,Мадрид (MAD),Барселона,2
39451,Лондон (LHR),Нью-Йорк (JFK),1
41208,Токио (HND),Сеул (ICN),1
8263,Дубай (DXB),Бангкок (BKK),1
35057,Мюнхен,Вена,1
193,New York,Los Angeles,1
13458,Москва,Санкт-Петербург,1
20730,Новосибирск,Горно-Алтайск,1
2788,Стамбул (IST),Афины (ATH),1
24797,Париж (CDG),Рим (FCO),1
16766,Chicago,Miami,2
29408,Сингапур (SIN),Бали (DPS),1
4925,Paris,Lyon,1
25042,Краснодар,Сочи,1
15825,Москва (SVO),Париж (CDG),1
39955,Берлин (BER),Амстердам (AMS),1
3100,Мюнхен,Вена,1
49618,Frankfurt,Hamburg,1
7295,Дубай (DXB),Бангкок (BKK),1
13389,Paris,Lyon,1
7109,Сингапур (SIN),Бали (DPS),1
31759,Мадрид (MAD),Барселона,1
31183,Стамбул (IST),Афины (ATH),1
24247,Москва (SVO),Париж (CDG),2
11200,Москва,Санкт-Петербург,1
32050,Мюнхен,Вена,1
12193,Краснодар,Сочи,1
18281,London,Edinburgh,1
44849,Москва,Санкт-Петербург,1
40443,London,Edinburgh,1
4484,Лондон (LHR),Нью-Йорк (JFK),1
14135,Дубай (DXB),Бангкок (BKK),2
5256,Лондон (LHR),Нью-Йорк (JFK),1
17557,Токио (HND),Сеул (ICN),1
5946,Стамбул (IST),Афины (ATH),1
11339,Chicago,Miami,1
49760,Екатеринбург,Казань,1
28401,Екатеринбург,Казань,2
25215,Москва,Санкт-Петербург,2
3019,Москва (SVO),Париж (CDG),2
47980,Краснодар,Сочи,2
24119,Лондон (LHR),Нью-Йорк (JFK),1
26341,Сингапур (SIN),Бали (DPS),1
43302,Токио (HND),Сеул (ICN),1
24680,Токио (HND),Сеул (ICN),1
49365,Rome,Milan,1
34269,Стамбул (IST),Афины (ATH),2
22387,Лондон (LHR),Нью-Йорк (JFK),1
11413,Мюнхен,Вена,1
33841,Берлин (BER),Амстердам (AMS),1
23213,London,Edinburgh,1
20404,Chicago,Miami,1
49996,Краснодар,Сочи,2
10074,Токио (HND),Сеул (ICN),1
23115,Лондон (LHR),Нью-Йорк (JFK),1
47117,Chicago,Miami,2
9973,Екатеринбург,Казань,1
49705,Paris,Lyon,1
44307,New York,Los Angeles,2
19948,New York,Los Angeles,1
19340,Мюнхен,Вена,1
7280,London,Edinburgh,1
25750,Мюнхен,Вена,1
33003,Chicago,Miami,1
19668,Москва (SVO),Париж (CDG),1
18981,Токио (HND),Сеул (ICN),1
25132,New York,Los Angeles,1
35713,Краснодар,Сочи,1
38440,Краснодар,Сочи,1
33966,Берлин (BER),Амстердам (AMS),1
26884,Новосибирск,Горно-Алтайск,1
36620,Сингапур (SIN),Бали (DPS),1
8641,Paris,Lyon,1
28033,New York,Los Angeles,1
34513,Стамбул (IST),Афины (ATH),1
35746,Екатеринбург,Казань,1
42614,Rome,Milan,1
3347,Новосибирск,Горно-Алтайск,1
13413,Париж (CDG),Рим (FCO),1
1012,New York,Los Angeles,1
37152,Токио (HND),Сеул (ICN),1
8887,Лондон (LHR),Нью-Йорк (JFK),1
15414,Москва,Санкт-Петербург,1
35351,Москва (SVO),Париж (CDG),1
14897,Москва (SVO),Париж (CDG),1
27405,Москва,Санкт-Петербург,2
45503,Rome,Milan,1
23898,Париж (CDG),Рим (FCO),1
25774,Дубай (DXB),Бангкок (BKK),1
26821,Екатеринбург,Казань,1
35951,Лондон (LHR),Нью-Йорк (JFK),1
38099,Лондон (LHR),Нью-Йорк (JFK),1
47611,Токио (HND),Сеул (ICN),1
8124,New York,Los Angeles,2
47506,Париж (CDG),Рим (FCO),1
28362,Мадрид (MAD),Барселона,1
37674,Москва (SVO),Париж (CDG),1
15430,Берлин (BER),Амстердам (AMS),1
22887,Москва,Санкт-Петербург,2
42435,Paris,Lyon,1
12494,Лондон (LHR),Нью-Йорк (JFK),1
12150,New York,Los Angeles,1
25220,Paris,Lyon,1
10827,Chicago,Miami,1
35649,Москва (SVO),Париж (CDG),1
2707,Лондон (LHR),Нью-Йорк (JFK),1
4809,Frankfurt,Hamburg,1
38036,Екатеринбург,Казань,2
37703,Frankfurt,Hamburg,1
41236,Дубай (DXB),Бангкок (BKK),1
10617,Сингапур (SIN),Бали (DPS),2
8197,Сингапур (SIN),Бали (DPS),1
39044,Токио (HND),Сеул (ICN),2
23926,Париж (CDG),Рим (FCO),1
47579,Екатеринбург,Казань,1
41436,Дубай (DXB),Бангкок (BKK),1
12294,Лондон (LHR),Нью-Йорк (JFK),1
30069,Екатеринбург,Казань,1
35805,Rome,Milan,2
49026,Новосибирск,Горно-Алтайск,1
42452,Сингапур (SIN),Бали (DPS),1
25055,New York,Los Angeles,1
4820,Frankfurt,Hamburg,1
22504,Rome,Milan,2
3605,Rome,Milan,1
3041,Москва,Санкт-Петербург,2
32681,Paris,Lyon,1
26686,Paris,Lyon,1
25260,Rome,Milan,1
11613,Лондон (LHR),Нью-Йорк (JFK),2
10793,London,Edinburgh,1
27507,Краснодар,Сочи,1
27177,Новосибирск,Горно-Алтайск,2
28057,Мадрид (MAD),Барселона,1
49994,Краснодар,Сочи,1
11628,Дубай (DXB),Бангкок (BKK),1
32635,Новосибирск,Горно-Алтайск,2
2079,Лондон (LHR),Нью-Йорк (JFK),1
33436,Мадрид (MAD),Барселона,1
3909,Лондон (LHR),Нью-Йорк (JFK),2
22645,Стамбул (IST),Афины (ATH),1
19387,London,Edinburgh,1
41927,Chicago,Miami,3
21434,Берлин (BER),Амстердам (AMS),1
26002,Chicago,Miami,1
20648,Дубай (DXB),Бангкок (BKK),1
26199,Мадрид (MAD),Барселона,1
15207,Лондон (LHR),Нью-Йорк (JFK),1
10415,Мадрид (MAD),Барселона,1
42652,Frankfurt,Hamburg,1
17659,Токио (HND),Сеул (ICN),1
38920,Токио (HND),Сеул (ICN),1
45300,Краснодар,Сочи,1
20294,Токио (HND),Сеул (ICN),1
31634,Мадрид (MAD),Барселона,1
46766,Мюнхен,Вена,1
35383,Мюнхен,Вена,1
9389,Rome,Milan,1
48237,Новосибирск,Горно-Алтайск,1
15191,Токио (HND),Сеул (ICN),1
33370,Краснодар,Сочи,1
16756,Лондон (LHR),Нью-Йорк (JFK),1
28639,Мадрид (MAD),Барселона,1
33755,Берлин (BER),Амстердам (AMS),1
41130,Мюнхен,Вена,1
26425,Rome,Milan,1
20254,Москва (SVO),Париж (CDG),1
20155,Москва,Санкт-Петербург,1
9600,Мадрид (MAD),Барселона,1
30655,Париж (CDG),Рим (FCO),1
49821,London,Edinburgh,1
46254,New York,Los Angeles,1
7245,Краснодар,Сочи,1
36160,Стамбул (IST),Афины (ATH),1
44816,Chicago,Miami,1
30010,Берлин (BER),Амстердам (AMS),1
48791,Париж (CDG),Рим (FCO),1
6466,Стамбул (IST),Афины (ATH),1
13139,Мадрид (MAD),Барселона,1
38497,Лондон (LHR),Нью-Йорк (JFK),1
13309,Москва (SVO),Париж (CDG),1
28535,Новосибирск,Горно-Алтайск,1
38073,Paris,Lyon,1
15203,Екатеринбург,Казань,1
5659,Мюнхен,Вена,1
20357,Москва,Санкт-Петербург,1
3402,Дубай (DXB),Бангкок (BKK),1
34679,Стамбул (IST),Афины (ATH),1
7377,Дубай (DXB),Бангкок (BKK),1
24200,Стамбул (IST),Афины (ATH),2
4896,Лондон (LHR),Нью-Йорк (JFK),1
9612,Frankfurt,Hamburg,1
19330,Дубай (DXB),Бангкок (BKK),1
7464,Екатеринбург,Казань,1
37125,Мадрид (MAD),Барселона,2
47172,Берлин (BER),Амстердам (AMS),2
44094,Paris,Lyon,1
45532,Краснодар,Сочи,2
44709,Краснодар,Сочи,1
49987,Chicago,Miami,1
24920,Rome,Milan,1
24681,New York,Los Angeles,1
1555,Стамбул (IST),Афины (ATH),1
49308,Краснодар,Сочи,1
11004,Мадрид (MAD),Барселона,1
21648,Rome,Milan,1
6323,Дубай (DXB),Бангкок (BKK),1
4002,Берлин (BER),Амстердам (AMS),2
37155,London,Edinburgh,1
49359,Новосибирск,Горно-Алтайск,2
13058,Москва,Санкт-Петербург,1
5024,Дубай (DXB),Бангкок (BKK),1
31953,Париж (CDG),Рим (FCO),1
14348,Paris,Lyon,1
15494,Берлин (BER),Амстердам (AMS),1
13891,London,Edinburgh,1
2607,Frankfurt,Hamburg,1
19335,Chicago,Miami,1
5053,Новосибирск,Горно-Алтайск,1
10739,Берлин (BER),Амстердам (AMS),1
15520,Дубай (DXB),Бангкок (BKK),1
18134,Frankfurt,Hamburg,1
48016,Frankfurt,Hamburg,1
11598,New York,Los Angeles,1
22138,Екатеринбург,Казань,1
5495,Frankfurt,Hamburg,1
18237,Москва (SVO),Париж (CDG),1
34805,Дубай (DXB),Бангкок (BKK),1
9445,Лондон (LHR),Нью-Йорк (JFK),1
48399,Мадрид (MAD),Барселона,1
9084,Дубай (DXB),Бангкок (BKK),1
34413,Лондон (LHR),Нью-Йорк (JFK),1
44240,Frankfurt,Hamburg,2
22697,Москва,Санкт-Петербург,1
39468,London,Edinburgh,1
4502,Мюнхен,Вена,1
23607,Краснодар,Сочи,1
48845,Краснодар,Сочи,1
13032,Стамбул (IST),Афины (ATH),1
42081,Лондон (LHR),Нью-Йорк (JFK),1
6114,Rome,Milan,2
23694,New York,Los Angeles,1
2791,Frankfurt,Hamburg,1
8445,London,Edinburgh,1
41439,London,Edinburgh,2
22921,Frankfurt,Hamburg,1
27093,Екатеринбург,Казань,2
6679,London,Edinburgh,1
36078,Париж (CDG),Рим (FCO),1
8996,Токио (HND),Сеул (ICN),1
37730,Сингапур (SIN),Бали (DPS),1
32636,Токио (HND),Сеул (ICN),1
23885,Москва,Санкт-Петербург,1
47566,Москва,Санкт-Петербург,1
32266,London,Edinburgh,1
25813,Москва,Санкт-Петербург,1
1333,Стамбул (IST),Афины (ATH),1
12151,Лондон (LHR),Нью-Йорк (JFK),1
8334,Москва,Санкт-Петербург,1
25599,Мадрид (MAD),Барселона,1
37982,Екатеринбург,Казань,1
47617,New York,Los Angeles,2
32253,Париж (CDG),Рим (FCO),3
24634,Frankfurt,Hamburg,1
47021,Paris,Lyon,1
38763,Мюнхен,Вена,1
18449,Париж (CDG),Рим (FCO),1
3090,Москва (SVO),Париж (CDG),3
46106,Мадрид (MAD),Барселона,1
37975,Краснодар,Сочи,1
16971,Новосибирск,Горно-Алтайск,1
16244,Токио (HND),Сеул (ICN),3
45232,Мадрид (MAD),Барселона,1
1757,Екатеринбург,Казань,1
14136,New York,Los Angeles,2
7107,Frankfurt,Hamburg,1
37258,Париж (CDG),Рим (FCO),2
19338,Екатеринбург,Казань,1
25427,Rome,Milan,3
29472,Москва (SVO),Париж (CDG),1
42637,Мадрид (MAD),Барселона,1
5150,Новосибирск,Горно-Алтайск,1
25122,Стамбул (IST),Афины (ATH),1
27356,Берлин (BER),Амстердам (AMS),2
20984,Лондон (LHR),Нью-Йорк (JFK),1
27125,Токио (HND),Сеул (ICN),1
17843,Rome,Milan,1
4000,Париж (CDG),Рим (FCO),1
23404,Дубай (DXB),Бангкок (BKK),1
28579,Стамбул (IST),Афины (ATH),1
24668,Токио (HND),Сеул (ICN),1
17034,Мюнхен,Вена,1
19687,Сингапур (SIN),Бали (DPS),1
268,Лондон (LHR),Нью-Йорк (JFK),1
15973,Мюнхен,Вена,1
8404,Мадрид (MAD),Барселона,1
26168,Екатеринбург,Казань,1
31093,Paris,Lyon,1
41099,Frankfurt,Hamburg,2
5701,Rome,Milan,1
24806,Берлин (BER),Амстердам (AMS),1
17828,Лондон (LHR),Нью-Йорк (JFK),1
44545,Chicago,Miami,1
20462,Сингапур (SIN),Бали (DPS),1
27369,Chicago,Miami,2
26163,Rome,Milan,1
19335,Стамбул (IST),Афины (ATH),2
47206,Стамбул (IST),Афины (ATH),1
17084,Rome,Milan,1
47018,Москва,Санкт-Петербург,2
41981,Стамбул (IST),Афины (ATH),1
29860,Chicago,Miami,1
34493,Rome,Milan,1
17242,Екатеринбург,Казань,1
24954,Дубай (DXB),Бангкок (BKK),1
47515,Дубай (DXB),Бангкок (BKK),1
10623,Москва (SVO),Париж (CDG),1
14383,Мюнхен,Вена,1
505,Стамбул (IST),Афины (ATH),1
2616,London,Edinburgh,2
36065,Новосибирск,Горно-Алтайск,1
14457,Екатеринбург,Казань,1
24484,Дубай (DXB),Бангкок (BKK),1
37981,Токио (HND),Сеул (ICN),1
38809,Екатеринбург,Казань,1
29965,Екатеринбург,Казань,1
8315,Стамбул (IST),Афины (ATH),1
46053,Стамбул (IST),Афины (ATH),2
20644,Мадрид (MAD),Барселона,1
47728,Москва,Санкт-Петербург,1
42581,Лондон (LHR),Нью-Йорк (JFK),1
7303,Москва (SVO),Париж (CDG),1
10773,Токио (HND),Сеул (ICN),2
25068,Стамбул (IST),Афины (ATH),2
49633,Сингапур (SIN),Бали (DPS),1
35478,Лондон (LHR),Нью-Йорк (JFK),1
50,Мадрид (MAD),Барселона,1
7281,Москва,Санкт-Петербург,2
21128,Новосибирск,Горно-Алтайск,1
3773,Chicago,Miami,1
33032,Париж (CDG),Рим (FCO),1
9554,Frankfurt,Hamburg,4
28612,Стамбул (IST),Афины (ATH),1
36844,Екатеринбург,Казань,2
34149,New York,Los Angeles,1
22555,Мюнхен,Вена,1
37323,Chicago,Miami,1
14384,Paris,Lyon,1
37979,Rome,Milan,1
27862,Лондон (LHR),Нью-Йорк (JFK),1
14013,Стамбул (IST),Афины (ATH),1
18117,Стамбул (IST),Афины (ATH),1
25825,Стамбул (IST),Афины (ATH),1
19020,Мадрид (MAD),Барселона,1
22112,Мадрид (MAD),Барселона,1
14940,Новосибирск,Горно-Алтайск,1
43132,Мадрид (MAD),Барселона,1
14741,Frankfurt,Hamburg,1
8620,New York,Los Angeles,1
17087,Москва,Санкт-Петербург,1
8648,Москва (SVO),Париж (CDG),1
5630,New York,Los Angeles,1
34821,Мюнхен,Вена,1
48587,New York,Los Angeles,2
26247,Rome,Milan,1
49266,Сингапур (SIN),Бали (DPS),1
24335,Мадрид (MAD),Барселона,1
31591,New York,Los Angeles,2
49376,Дубай (DXB),Бангкок (BKK),2
1816,Краснодар,Сочи,1
29854,Стамбул (IST),Афины (ATH),1
20627,Токио (HND),Сеул (ICN),1
921,London,Edinburgh,1
45530,Берлин (BER),Амстердам (AMS),1
14174,Краснодар,Сочи,1
23402,Дубай (DXB),Бангкок (BKK),1
3916,Мадрид (MAD),Барселона,1
36805,Москва (SVO),Париж (CDG),1
9353,Мюнхен,Вена,1
46327,Краснодар,Сочи,1
1906,Сингапур (SIN),Бали (DPS),1
30820,Москва,Санкт-Петербург,1
46481,Краснодар,Сочи,2
43689,Дубай (DXB),Бангкок (BKK),1
1193,Берлин (BER),Амстердам (AMS),1
554,Москва (SVO),Париж (CDG),1
38223,Мадрид (MAD),Барселона,1
3230,Frankfurt,Hamburg,1
16859,Frankfurt,Hamburg,1
49540,London,Edinburgh,2
23726,Paris,Lyon,2
45692,Новосибирск,Горно-Алтайск,1
46554,Лондон (LHR),Нью-Йорк (JFK),1
21782,Лондон (LHR),Нью-Йорк (JFK),1
2244,Мадрид (MAD),Барселона,1
1427,Rome,Milan,1
7929,Берлин (BER),Амстердам (AMS),1
31220,Краснодар,Сочи,1
16482,Краснодар,Сочи,1
10859,Frankfurt,Hamburg,1
33371,Дубай (DXB),Бангкок (BKK),2
13606,Дубай (DXB),Бангкок (BKK),1
27372,Дубай (DXB),Бангкок (BKK),2
21059,Берлин (BER),Амстердам (AMS),2
2313,Краснодар,Сочи,1
16686,Берлин (BER),Амстердам (AMS),1
15910,Москва,Санкт-Петербург,1
24012,Париж (CDG),Рим (FCO),2
11674,Мюнхен,Вена,1
7857,Мюнхен,Вена,1
27723,Frankfurt,Hamburg,2
16683,Сингапур (SIN),Бали (DPS),1
45329,Москва (SVO),Париж (CDG),1
8942,Дубай (DXB),Бангкок (BKK),1
14692,Стамбул (IST),Афины (ATH),1
47069,London,Edinburgh,1
26615,Chicago,Miami,2
31982,Новосибирск,Горно-Алтайск,2
31533,Дубай (DXB),Бангкок (BKK),1
35563,Rome,Milan,1
47381,Chicago,Miami,1
24296,London,Edinburgh,1
26190,London,Edinburgh,1
10836,Дубай (DXB),Бангкок (BKK),1
34841,Rome,Milan,1
41142,Москва (SVO),Париж (CDG),1
30990,Chicago,Miami,1
23700,Лондон (LHR),Нью-Йорк (JFK),2
49325,Мюнхен,Вена,2
11127,London,Edinburgh,1
23729,Chicago,Miami,1
1080,Paris,Lyon,1
4491,Дубай (DXB),Бангкок (BKK),1
5699,Rome,Milan,2
20971,Мадрид (MAD),Барселона,2
47128,Rome,Milan,2
49586,Дубай (DXB),Бангкок (BKK),1
41637,Москва,Санкт-Петербург,1
5282,Стамбул (IST),Афины (ATH),2
8277,Chicago,Miami,2
5933,Париж (CDG),Рим (FCO),1
10175,Москва,Санкт-Петербург,2
48063,New York,Los Angeles,1
10669,Chicago,Miami,1
34074,Мадрид (MAD),Барселона,1
37505,Берлин (BER),Амстердам (AMS),2
48134,Лондон (LHR),Нью-Йорк (JFK),1
12910,Paris,Lyon,3
14024,London,Edinburgh,1
36798,Лондон (LHR),Нью-Йорк (JFK),1
13404,Краснодар,Сочи,1
5799,Екатеринбург,Казань,1
10702,Мадрид (MAD),Барселона,2
36198,Сингапур (SIN),Бали (DPS),2
38436,Frankfurt,Hamburg,1
32490,Москва,Санкт-Петербург,1
44834,Москва,Санкт-Петербург,1
27196,Мюнхен,Вена,1
29304,Мюнхен,Вена,1
15752,Москва (SVO),Париж (CDG),1
35005,Екатеринбург,Казань,2
25401,Токио (HND),Сеул (ICN),1
27935,Сингапур (SIN),Бали (DPS),1
33014,Paris,Lyon,1
45329,Paris,Lyon,2
32010,Стамбул (IST),Афины (ATH),1
30186,Москва,Санкт-Петербург,1
38094,Мадрид (MAD),Барселона,1
29079,Краснодар,Сочи,1
41958,Лондон (LHR),Нью-Йорк (JFK),1
25740,Paris,Lyon,1
32399,Новосибирск,Горно-Алтайск,2
2988,Краснодар,Сочи,1
14869,Сингапур (SIN),Бали (DPS),1
49351,Paris,Lyon,1
38365,Дубай (DXB),Бангкок (BKK),2
14325,Сингапур (SIN),Бали (DPS),1
9023,Стамбул (IST),Афины (ATH),1
33103,Rome,Milan,1
40666,New York,Los Angeles,2
9923,Екатеринбург,Казань,1
38950,Москва (SVO),Париж (CDG),1
611,Лондон (LHR),Нью-Йорк (JFK),1
748,Стамбул (IST),Афины (ATH),2
10646,Rome,Milan,1
11666,New York,Los Angeles,2
1291,Екатеринбург,Казань,1
29897,Сингапур (SIN),Бали (DPS),1
1506,New York,Los Angeles,1
7525,Мадрид (MAD),Барселона,1
19034,Екатеринбург,Казань,1
45418,Лондон (LHR),Нью-Йорк (JFK),1
38448,Сингапур (SIN),Бали (DPS),1
45826,Стамбул (IST),Афины (ATH),1
48880,Rome,Milan,1
41511,Париж (CDG),Рим (FCO),1
47049,Мадрид (MAD),Барселона,1
20214,Берлин (BER),Амстердам (AMS),1
5752,Екатеринбург,Казань,1
10992,Лондон (LHR),Нью-Йорк (JFK),1
22792,Chicago,Miami,3
838,Дубай (DXB),Бангкок (BKK),2
13017,Frankfurt,Hamburg,1
14345,Стамбул (IST),Афины (ATH),2
8322,Chicago,Miami,1
24371,Париж (CDG),Рим (FCO),1
7932,Rome,Milan,1
6234,London,Edinburgh,2
3663,Chicago,Miami,2
10389,London,Edinburgh,1
37886,New York,Los Angeles,2
19439,Париж (CDG),Рим (FCO),1
16432,Париж (CDG),Рим (FCO),1
17584,Мюнхен,Вена,1
17327,Стамбул (IST),Афины (ATH),1
18953,New York,Los Angeles,2
30086,Москва,Санкт-Петербург,1
15235,Москва,Санкт-Петербург,1
35270,Париж (CDG),Рим (FCO),1
29412,Мадрид (MAD),Барселона,2
4723,Москва,Санкт-Петербург,1
27728,Москва (SVO),Париж (CDG),1
17684,Лондон (LHR),Нью-Йорк (JFK),2
40268,Сингапур (SIN),Бали (DPS),1
39827,Новосибирск,Горно-Алтайск,1
46316,Стамбул (IST),Афины (ATH),2
29969,Краснодар,Сочи,1
24568,Стамбул (IST),Афины (ATH),1
15102,Краснодар,Сочи,1
47499,Frankfurt,Hamburg,1
20427,Новосибирск,Горно-Алтайск,1
25027,Paris,Lyon,1
8633,Сингапур (SIN),Бали (DPS),1
33878,London,Edinburgh,1
28363,Дубай (DXB),Бангкок (BKK),1
15572,Новосибирск,Горно-Алтайск,1
42637,Дубай (DXB),Бангкок (BKK),2
47963,Мюнхен,Вена,2
47737,Стамбул (IST),Афины (ATH),1
18875,Краснодар,Сочи,1
1599,Лондон (LHR),Нью-Йорк (JFK),1
24895,Лондон (LHR),Нью-Йорк (JFK),1
36342,Rome,Milan,1
16803,Мадрид (MAD),Барселона,1
5666,Стамбул (IST),Афины (ATH),2
39527,New York,Los Angeles,2
30102,New York,Los Angeles,1
35113,London,Edinburgh,1
21984,Краснодар,Сочи,2
39079,London,Edinburgh,1
23149,Paris,Lyon,1
10224,Мюнхен,Вена,1
27069,Chicago,Miami,1
6903,Москва (SVO),Париж (CDG),1
21073,Paris,Lyon,1
19038,Лондон (LHR),Нью-Йорк (JFK),1
4433,Екатеринбург,Казань,1
2766,Rome,Milan,3
45480,Rome,Milan,1
43497,Paris,Lyon,2
6338,Новосибирск,Горно-Алтайск,1
49675,Токио (HND),Сеул (ICN),2
47300,Краснодар,Сочи,1
5651,Новосибирск,Горно-Алтайск,3
41251,Париж (CDG),Рим (FCO),1
29256,Москва (SVO),Париж (CDG),1
47715,Берлин (BER),Амстердам (AMS),1
36989,Мюнхен,Вена,1
46063,Rome,Milan,1
24127,Краснодар,Сочи,2
6340,Берлин (BER),Амстердам (AMS),1
47144,Париж (CDG),Рим (FCO),1
33290,Берлин (BER),Амстердам (AMS),1
32672,Лондон (LHR),Нью-Йорк (JFK),1
26192,Токио (HND),Сеул (ICN),1
5946,Москва,Санкт-Петербург,2
16076,Мадрид (MAD),Барселона,1
26601,Париж (CDG),Рим (FCO),1
30281,Москва (SVO),Париж (CDG),2
15514,Токио (HND),Сеул (ICN),2
18180,Мюнхен,Вена,1
23877,Париж (CDG),Рим (FCO),1
10444,Москва (SVO),Париж (CDG),1
25427,New York,Los Angeles,4
41299,London,Edinburgh,1
34751,Мадрид (MAD),Барселона,2
17931,Париж (CDG),Рим (FCO),1
39783,Мадрид (MAD),Барселона,2
23988,Берлин (BER),Амстердам (AMS),1
19618,Краснодар,Сочи,1
25916,Москва (SVO),Париж (CDG),1
43933,Москва (SVO),Париж (CDG),2
2974,Стамбул (IST),Афины (ATH),2
43968,Мадрид (MAD),Барселона,1
35118,Краснодар,Сочи,1
11289,Frankfurt,Hamburg,1
41294,Paris,Lyon,1
46594,Москва (SVO),Париж (CDG),1
43430,Екатеринбург,Казань,2
37589,Екатеринбург,Казань,1
26471,Екатеринбург,Казань,1
17566,London,Edinburgh,1
5256,Стамбул (IST),Афины (ATH),2
2520,Дубай (DXB),Бангкок (BKK),1
390,Берлин (BER),Амстердам (AMS),1
12183,Москва (SVO),Париж (CDG),2
41635,Frankfurt,Hamburg,1
7888,New York,Los Angeles,1
10689,Дубай (DXB),Бангкок (BKK),2
23549,Берлин (BER),Амстердам (AMS),1
32063,Мадрид (MAD),Барселона,1
32776,Paris,Lyon,1
32662,London,Edinburgh,1
15640,Москва,Санкт-Петербург,1
16127,Chicago,Miami,1
3528,Сингапур (SIN),Бали (DPS),1
49831,Екатеринбург,Казань,2
9184,Rome,Milan,1
23743,Дубай (DXB),Бангкок (BKK),1
23888,Rome,Milan,1
24710,Мюнхен,Вена,1
19611,Стамбул (IST),Афины (ATH),1
43750,Сингапур (SIN),Бали (DPS),1
11051,Париж (CDG),Рим (FCO),1
9116,Стамбул (IST),Афины (ATH),1
41421,London,Edinburgh,1
807,London,Edinburgh,1
20087,Москва (SVO),Париж (CDG),1
6200,Дубай (DXB),Бангкок (BKK),2
10345,Новосибирск,Горно-Алтайск,2
10093,Мадрид (MAD),Барселона,1
5212,Стамбул (IST),Афины (ATH),2
19309,Chicago,Miami,1
36339,Москва (SVO),Париж (CDG),1
41858,Мюнхен,Вена,1
2185,Сингапур (SIN),Бали (DPS),1
30912,Frankfurt,Hamburg,1
8250,Frankfurt,Hamburg,1
22830,New York,Los Angeles,1
34916,New York,Los Angeles,1
14348,Токио (HND),Сеул (ICN),2
1754,Новосибирск,Горно-Алтайск,3
8881,Frankfurt,Hamburg,1
2162,New York,Los Angeles,1
14115,Стамбул (IST),Афины (ATH),1
265,Париж (CDG),Рим (FCO),1
11785,Paris,Lyon,2
16141,Paris,Lyon,1
31039,Стамбул (IST),Афины (ATH),1
30571,Токио (HND),Сеул (ICN),1
24700,Стамбул (IST),Афины (ATH),1
43850,Дубай (DXB),Бангкок (BKK),1
40215,Лондон (LHR),Нью-Йорк (JFK),2
39402,Лондон (LHR),Нью-Йорк (JFK),2
46048,Москва,Санкт-Петербург,1
29945,Дубай (DXB),Бангкок (BKK),1
42730,Стамбул (IST),Афины (ATH),1
39773,Дубай (DXB),Бангкок (BKK),1
18309,Мадрид (MAD),Барселона,1
32668,Москва (SVO),Париж (CDG),2
11533,Токио (HND),Сеул (ICN),1
41292,Paris,Lyon,1
15710,Лондон (LHR),Нью-Йорк (JFK),1
30581,Екатеринбург,Казань,1
33398,Берлин (BER),Амстердам (AMS),1
31844,Paris,Lyon,1
45583,Дубай (DXB),Бангкок (BKK),1
25257,Краснодар,Сочи,3
29252,Лондон (LHR),Нью-Йорк (JFK),1
2846,London,Edinburgh,1
22564,Rome,Milan,1
30395,Сингапур (SIN),Бали (DPS),2
5309,Мадрид (MAD),Барселона,1
32293,Chicago,Miami,1
2362,London,Edinburgh,1
40876,Лондон (LHR),Нью-Йорк (JFK),1
40656,Стамбул (IST),Афины (ATH),1
46208,Токио (HND),Сеул (ICN),1
44928,Берлин (BER),Амстердам (AMS),1
38212,Лондон (LHR),Нью-Йорк (JFK),1
4235,Chicago,Miami,1
27346,Париж (CDG),Рим (FCO),1
25558,Новосибирск,Горно-Алтайск,1
37987,Paris,Lyon,1
17719,Paris,Lyon,1
22510,Мадрид (MAD),Барселона,2
23604,Москва (SVO),Париж (CDG),1
49617,Frankfurt,Hamburg,1
8660,Москва (SVO),Париж (CDG),1
21275,Rome,Milan,1
20842,London,Edinburgh,1
33417,Paris,Lyon,1
20113,New York,Los Angeles,1
21099,London,Edinburgh,1
44731,Мадрид (MAD),Барселона,2
2220,Дубай (DXB),Бангкок (BKK),1
36715,Лондон (LHR),Нью-Йорк (JFK),2
14773,Москва (SVO),Париж (CDG),2
15171,Париж (CDG),Рим (FCO),1
48549,Париж (CDG),Рим (FCO),1
27927,Москва,Санкт-Петербург,1
47877,Сингапур (SIN),Бали (DPS),1
6533,Екатеринбург,Казань,1
25459,Токио (HND),Сеул (ICN),1
2193,Москва (SVO),Париж (CDG),1
5521,Paris,Lyon,1
47458,New York,Los Angeles,1
30290,Лондон (LHR),Нью-Йорк (JFK),1
6859,Токио (HND),Сеул (ICN),1
3845,Стамбул (IST),Афины (ATH),1
15598,Берлин (BER),Амстердам (AMS),1
19348,Дубай (DXB),Бангкок (BKK),1
20497,Новосибирск,Горно-Алтайск,2
5402,Мюнхен,Вена,1
13180,Paris,Lyon,1
7232,Краснодар,Сочи,1
43815,Краснодар,Сочи,1
23326,Frankfurt,Hamburg,1
25017,Стамбул (IST),Афины (ATH),1
18568,Берлин (BER),Амстердам (AMS),1
30509,Paris,Lyon,1
31139,New York,Los Angeles,1
11337,Frankfurt,Hamburg,1
35700,Екатеринбург,Казань,1
20287,Chicago,Miami,2
5664,Chicago,Miami,2
31340,Лондон (LHR),Нью-Йорк (JFK),1
21994,Новосибирск,Горно-Алтайск,1
24229,Париж (CDG),Рим (FCO),1
13516,Chicago,Miami,2
41640,Лондон (LHR),Нью-Йорк (JFK),2
20564,Rome,Milan,2
37775,Берлин (BER),Амстердам (AMS),1
7515,Стамбул (IST),Афины (ATH),1
30863,Chicago,Miami,1
16618,London,Edinburgh,1
9890,Paris,Lyon,1
259,Новосибирск,Горно-Алтайск,1
49879,Дубай (DXB),Бангкок (BKK),1
40371,London,Edinburgh,2
22931,Rome,Milan,1
25199,Rome,Milan,2
34597,Берлин (BER),Амстердам (AMS),1
16277,Мюнхен,Вена,1
33285,New York,Los Angeles,1
43483,Москва,Санкт-Петербург,1
9637,Токио (HND),Сеул (ICN),1
46711,Екатеринбург,Казань,1
7270,Мадрид (MAD),Барселона,1
41480,Стамбул (IST),Афины (ATH),1
4117,Лондон (LHR),Нью-Йорк (JFK),1
16085,New York,Los Angeles,1
48214,Paris,Lyon,2
3998,Москва (SVO),Париж (CDG),2
36113,Мюнхен,Вена,1
31661,Paris,Lyon,1
27149,London,Edinburgh,1
19183,Стамбул (IST),Афины (ATH),2
32667,Frankfurt,Hamburg,1
25614,Rome,Milan,1
41863,New York,Los Angeles,1
31822,Краснодар,Сочи,1
12581,Москва,Санкт-Петербург,1
37933,London,Edinburgh,1
40050,Париж (CDG),Рим (FCO),2
7786,Frankfurt,Hamburg,2
25601,Мадрид (MAD),Барселона,2
33679,Дубай (DXB),Бангкок (BKK),1
33355,New York,Los Angeles,1
26104,Rome,Milan,1
19980,London,Edinburgh,1
36020,Дубай (DXB),Бангкок (BKK),1
28652,Rome,Milan,1
30779,Москва (SVO),Париж (CDG),2
24959,Токио (HND),Сеул (ICN),1
38511,Frankfurt,Hamburg,1
33335,Москва (SVO),Париж (CDG),1
7429,Frankfurt,Hamburg,1
1595,Мадрид (MAD),Барселона,1
37689,Сингапур (SIN),Бали (DPS),1
18577,Chicago,Miami,1
1402,Стамбул (IST),Афины (ATH),1
20641,Новосибирск,Горно-Алтайск,1
44134,Дубай (DXB),Бангкок (BKK),1
39692,Москва,Санкт-Петербург,1
7574,Стамбул (IST),Афины (ATH),2
36251,Rome,Milan,1
997,London,Edinburgh,1
4188,Frankfurt,Hamburg,1
38748,Мюнхен,Вена,1
20569,Дубай (DXB),Бангкок (BKK),1
8832,Rome,Milan,1
31163,Frankfurt,Hamburg,1
26413,Мюнхен,Вена,2
42702,Дубай (DXB),Бангкок (BKK),1
36399,Chicago,Miami,1
32989,Стамбул (IST),Афины (ATH),1
1829,Стамбул (IST),Афины (ATH),2
34989,Frankfurt,Hamburg,1
34442,Москва (SVO),Париж (CDG),1
34815,Москва,Санкт-Петербург,1
22401,Frankfurt,Hamburg,1
14576,London,Edinburgh,1
35282,Екатеринбург,Казань,1
35290,Екатеринбург,Казань,1
13515,Стамбул (IST),Афины (ATH),1
46639,Москва,Санкт-Петербург,2
12847,Берлин (BER),Амстердам (AMS),2
26488,Мадрид (MAD),Барселона,1
43211,Токио (HND),Сеул (ICN),1
44539,Новосибирск,Горно-Алтайск,1
10250,Chicago,Miami,2
38858,London,Edinburgh,1
37983,Париж (CDG),Рим (FCO),1
33265,Москва (SVO),Париж (CDG),1
36756,Екатеринбург,Казань,1
16047,Сингапур (SIN),Бали (DPS),1
33233,Мадрид (MAD),Барселона,2
2424,Rome,Milan,1
47441,Мюнхен,Вена,1
24059,London,Edinburgh,1
895,Мюнхен,Вена,1
34870,Москва,Санкт-Петербург,1
36266,Берлин (BER),Амстердам (AMS),2
22704,Мадрид (MAD),Барселона,1
34150,Стамбул (IST),Афины (ATH),2
14976,Chicago,Miami,2
34058,Сингапур (SIN),Бали (DPS),1
31174,Лондон (LHR),Нью-Йорк (JFK),1
32915,Краснодар,Сочи,2
36048,Paris,Lyon,1
15259,London,Edinburgh,1
30363,Токио (HND),Сеул (ICN),3
4358,Лондон (LHR),Нью-Йорк (JFK),1
37991,Chicago,Miami,1
38548,Краснодар,Сочи,1
34461,Краснодар,Сочи,1
20092,Rome,Milan,1
17220,Париж (CDG),Рим (FCO),1
12558,Paris,Lyon,1
10093,Москва (SVO),Париж (CDG),2
550,Frankfurt,Hamburg,3
36438,Токио (HND),Сеул (ICN),1
44694,Стамбул (IST),Афины (ATH),1
46706,Париж (CDG),Рим (FCO),1
19848,Frankfurt,Hamburg,1
30405,Paris,Lyon,1
20402,Мюнхен,Вена,1
47103,Дубай (DXB),Бангкок (BKK),1
36151,Дубай (DXB),Бангкок (BKK),1
9966,Новосибирск,Горно-Алтайск,1
12902,Токио (HND),Сеул (ICN),1
20865,Лондон (LHR),Нью-Йорк (JFK),1
28167,Сингапур (SIN),Бали (DPS),3
5377,Rome,Milan,1
27060,Москва,Санкт-Петербург,1
33883,Берлин (BER),Амстердам (AMS),1
45076,Мюнхен,Вена,1
2799,London,Edinburgh,1
30214,Paris,Lyon,1
32479,Екатеринбург,Казань,1
44181,Краснодар,Сочи,1
39462,Краснодар,Сочи,1
6787,Токио (HND),Сеул (ICN),1
28229,Сингапур (SIN),Бали (DPS),1
25525,Сингапур (SIN),Бали (DPS),1
27397,Токио (HND),Сеул (ICN),1
5478,Chicago,Miami,1
15086,Лондон (LHR),Нью-Йорк (JFK),1
11895,Paris,Lyon,1
10795,Стамбул (IST),Афины (ATH),1
39842,Мадрид (MAD),Барселона,1
44751,New York,Los Angeles,1
47401,Париж (CDG),Рим (FCO),1
489,Frankfurt,Hamburg,1
9046,Frankfurt,Hamburg,1
42125,Дубай (DXB),Бангкок (BKK),1
21669,Москва (SVO),Париж (CDG),1
38136,Frankfurt,Hamburg,2
30898,Токио (HND),Сеул (ICN),1
45265,Лондон (LHR),Нью-Йорк (JFK),1
33947,Rome,Milan,1
30464,Токио (HND),Сеул (ICN),2
19398,Дубай (DXB),Бангкок (BKK),1
20162,Rome,Milan,1
5729,Paris,Lyon,1
41441,Москва (SVO),Париж (CDG),1
2890,Новосибирск,Горно-Алтайск,1
9531,New York,Los Angeles,2
16177,Сингапур (SIN),Бали (DPS),1
39112,Paris,Lyon,1
17662,Париж (CDG),Рим (FCO),1
42406,New York,Los Angeles,1
8259,Дубай (DXB),Бангкок (BKK),1
26175,Лондон (LHR),Нью-Йорк (JFK),1
7198,Екатеринбург,Казань,1
18355,Москва,Санкт-Петербург,1
9486,Токио (HND),Сеул (ICN),1
27671,Chicago,Miami,1
4620,Екатеринбург,Казань,1
41917,Париж (CDG),Рим (FCO),1
15462,Paris,Lyon,1
40090,Москва (SVO),Париж (CDG),1
38552,Rome,Milan,1
16875,Токио (HND),Сеул (ICN),1
19963,Краснодар,Сочи,1
33267,London,Edinburgh,1
37926,Chicago,Miami,1
3373,Москва (SVO),Париж (CDG),1
34028,Лондон (LHR),Нью-Йорк (JFK),1
41524,Москва (SVO),Париж (CDG),1
1337,Frankfurt,Hamburg,1
38535,Frankfurt,Hamburg,1
34013,Мюнхен,Вена,1
1660,Париж (CDG),Рим (FCO),1
43199,Москва (SVO),Париж (CDG),1
21140,Мадрид (MAD),Барселона,1
12111,Москва (SVO),Париж (CDG),2
1041,New York,Los Angeles,1
49909,Москва,Санкт-Петербург,3
3407,New York,Los Angeles,2
14730,Frankfurt,Hamburg,1
12549,Мадрид (MAD),Барселона,1
12677,Мадрид (MAD),Барселона,1
24881,London,Edinburgh,1
44386,Rome,Milan,2
7213,Париж (CDG),Рим (FCO),1
4113,Новосибирск,Горно-Алтайск,1
28389,Мадрид (MAD),Барселона,1
37854,Дубай (DXB),Бангкок (BKK),1
35045,Токио (HND),Сеул (ICN),1
49364,Сингапур (SIN),Бали (DPS),1
34112,Новосибирск,Горно-Алтайск,1
35620,Мадрид (MAD),Барселона,1
4502,Екатеринбург,Казань,2
47872,Дубай (DXB),Бангкок (BKK),1
21346,Дубай (DXB),Бангкок (BKK),1
37545,Chicago,Miami,1
25404,Chicago,Miami,1
8438,Москва,Санкт-Петербург,1
2936,Москва,Санкт-Петербург,2
3666,Мюнхен,Вена,1
35705,Екатеринбург,Казань,2
22324,Екатеринбург,Казань,1
14738,Токио (HND),Сеул (ICN),1
26432,Мадрид (MAD),Барселона,1
6361,Токио (HND),Сеул (ICN),1
32523,Rome,Milan,1
12401,Екатеринбург,Казань,1
49377,New York,Los Angeles,1
26484,Сингапур (SIN),Бали (DPS),1
30046,Frankfurt,Hamburg,2
32015,Мадрид (MAD),Барселона,1
4661,Краснодар,Сочи,1
3765,Москва (SVO),Париж (CDG),1
19528,Берлин (BER),Амстердам (AMS),2
20196,Мадрид (MAD),Барселона,1
14092,Дубай (DXB),Бангкок (BKK),1
5566,Мюнхен,Вена,1
31771,Frankfurt,Hamburg,1
6489,Токио (HND),Сеул (ICN),1
25480,Сингапур (SIN),Бали (DPS),1
6026,London,Edinburgh,2
8811,Екатеринбург,Казань,1
47884,Париж (CDG),Рим (FCO),1
31499,Берлин (BER),Амстердам (AMS),1
3237,Стамбул (IST),Афины (ATH),1
7776,Москва (SVO),Париж (CDG),1
13051,Лондон (LHR),Нью-Йорк (JFK),2
11131,Frankfurt,Hamburg,1
35069,Москва (SVO),Париж (CDG),1
30773,Екатеринбург,Казань,1
42645,Мадрид (MAD),Барселона,1
44297,Мюнхен,Вена,1
49089,Frankfurt,Hamburg,2
7079,Rome,Milan,1
38396,London,Edinburgh,1
42275,Москва,Санкт-Петербург,1
37482,Москва (SVO),Париж (CDG),1
45283,Берлин (BER),Амстердам (AMS),1
48252,Дубай (DXB),Бангкок (BKK),1
7843,Мюнхен,Вена,1
1915,Новосибирск,Горно-Алтайск,1
37488,London,Edinburgh,1
6971,Мадрид (MAD),Барселона,1
6829,Токио (HND),Сеул (ICN),1
15596,Paris,Lyon,1
4698,Краснодар,Сочи,1
18392,Париж (CDG),Рим (FCO),2
8132,Москва (SVO),Париж (CDG),1
30554,Стамбул (IST),Афины (ATH),2
7568,Дубай (DXB),Бангкок (BKK),1
5918,Лондон (LHR),Нью-Йорк (JFK),1
21416,London,Edinburgh,1
15888,London,Edinburgh,1
21208,Берлин (BER),Амстердам (AMS),2
22581,Дубай (DXB),Бангкок (BKK),1
24047,Екатеринбург,Казань,1
9000,Мадрид (MAD),Барселона,1
19937,Стамбул (IST),Афины (ATH),2
39864,Мадрид (MAD),Барселона,4
19827,London,Edinburgh,2
27183,Краснодар,Сочи,1
36267,London,Edinburgh,1
41003,Краснодар,Сочи,1
30143,Rome,Milan,1
36444,Берлин (BER),Амстердам (AMS),1
34066,New York,Los Angeles,1
25839,Paris,Lyon,1
43546,Rome,Milan,1
34269,New York,Los Angeles,3
11066,Frankfurt,Hamburg,2
20623,Москва,Санкт-Петербург,1
45942,London,Edinburgh,1
43335,Лондон (LHR),Нью-Йорк (JFK),2
29977,Екатеринбург,Казань,1
38616,Париж (CDG),Рим (FCO),1
10185,Москва (SVO),Париж (CDG),2
7261,Новосибирск,Горно-Алтайск,1
32272,Москва,Санкт-Петербург,1
30698,Москва (SVO),Париж (CDG),2
36621,Москва (SVO),Париж (CDG),1
23675,Новосибирск,Горно-Алтайск,1
41334,Rome,Milan,1
29043,London,Edinburgh,1
20784,Новосибирск,Горно-Алтайск,1
27327,Frankfurt,Hamburg,2
14539,Сингапур (SIN),Бали (DPS),1
42815,Мадрид (MAD),Барселона,1
48264,Paris,Lyon,1
47840,Новосибирск,Горно-Алтайск,1
20274,Екатеринбург,Казань,1
24776,Краснодар,Сочи,1
24015,Токио (HND),Сеул (ICN),1
20896,Дубай (DXB),Бангкок (BKK),1
43847,Сингапур (SIN),Бали (DPS),1
4377,Мадрид (MAD),Барселона,1
46287,Екатеринбург,Казань,1
15404,Paris,Lyon,1
41185,Москва,Санкт-Петербург,1
34734,Москва (SVO),Париж (CDG),1
30611,New York,Los Angeles,1
3964,Мюнхен,Вена,1
30213,Стамбул (IST),Афины (ATH),1
39799,Сингапур (SIN),Бали (DPS),1
10691,Лондон (LHR),Нью-Йорк (JFK),1
46595,Лондон (LHR),Нью-Йорк (JFK),2
17177,Берлин (BER),Амстердам (AMS),1
16678,Берлин (BER),Амстердам (AMS),1
10265,Берлин (BER),Амстердам (AMS),2
38953,New York,Los Angeles,1
36358,Paris,Lyon,1
14657,Москва (SVO),Париж (CDG),1
17475,Париж (CDG),Рим (FCO),1
46273,Дубай (DXB),Бангкок (BKK),1
25305,Новосибирск,Горно-Алтайск,1
31345,Токио (HND),Сеул (ICN),1
5537,Лондон (LHR),Нью-Йорк (JFK),1
12514,Москва,Санкт-Петербург,1
15255,Лондон (LHR),Нью-Йорк (JFK),1
13053,Мюнхен,Вена,1
19996,Мюнхен,Вена,1
15933,Москва (SVO),Париж (CDG),1
8402,Лондон (LHR),Нью-Йорк (JFK),1
6110,Дубай (DXB),Бангкок (BKK),1
49186,Дубай (DXB),Бангкок (BKK),1
9669,New York,Los Angeles,1
16663,Мадрид (MAD),Барселона,1
33454,Frankfurt,Hamburg,1
37199,Берлин (BER),Амстердам (AMS),1
45438,Новосибирск,Горно-Алтайск,1
41175,Frankfurt,Hamburg,1
43034,Мюнхен,Вена,1
17701,Новосибирск,Горно-Алтайск,2
44785,Краснодар,Сочи,1
16711,Paris,Lyon,1
3650,Лондон (LHR),Нью-Йорк (JFK),1
9723,Стамбул (IST),Афины (ATH),1
960,Москва (SVO),Париж (CDG),1
43351,Краснодар,Сочи,1
35751,Paris,Lyon,1
34650,Краснодар,Сочи,1
23605,Стамбул (IST),Афины (ATH),1
18366,Дубай (DXB),Бангкок (BKK),1
17628,Краснодар,Сочи,2
23676,Новосибирск,Горно-Алтайск,1
8747,Токио (HND),Сеул (ICN),1
11066,New York,Los Angeles,3
40334,Paris,Lyon,1
14495,Москва,Санкт-Петербург,1
36940,Новосибирск,Горно-Алтайск,1
29476,Chicago,Miami,1
5638,Париж (CDG),Рим (FCO),1
18690,Frankfurt,Hamburg,1
31101,Мадрид (MAD),Барселона,1
22197,New York,Los Angeles,1
13101,Лондон (LHR),Нью-Йорк (JFK),1
38195,Москва,Санкт-Петербург,1
46014,Екатеринбург,Казань,2
2364,Chicago,Miami,1
22245,Берлин (BER),Амстердам (AMS),1
498,Paris,Lyon,1
16909,Frankfurt,Hamburg,1
35381,Москва (SVO),Париж (CDG),1
22144,Токио (HND),Сеул (ICN),2
12412,New York,Los Angeles,1
37163,Мюнхен,Вена,1
28443,Мюнхен,Вена,2
34627,Paris,Lyon,1
26844,Frankfurt,Hamburg,1
4569,Chicago,Miami,2
5294,Екатеринбург,Казань,2
17575,Лондон (LHR),Нью-Йорк (JFK),2
40886,Берлин (BER),Амстердам (AMS),1
10036,Новосибирск,Горно-Алтайск,1
18595,Дубай (DXB),Бангкок (BKK),1
42718,Краснодар,Сочи,1
38511,New York,Los Angeles,2
16303,Chicago,Miami,1
35182,Париж (CDG),Рим (FCO),1
27001,Париж (CDG),Рим (FCO),1
825,Frankfurt,Hamburg,2
41303,Chicago,Miami,2
8100,Екатеринбург,Казань,1
11472,Токио (HND),Сеул (ICN),2
7817,Екатеринбург,Казань,1
40131,Мадрид (MAD),Барселона,1
43140,New York,Los Angeles,1
44259,Дубай (DXB),Бангкок (BKK),1
23908,Краснодар,Сочи,1
49548,Москва,Санкт-Петербург,1
6255,Париж (CDG),Рим (FCO),3
44668,Москва,Санкт-Петербург,1
15775,Берлин (BER),Амстердам (AMS),1
29759,Frankfurt,Hamburg,1
46992,London,Edinburgh,1
18870,New York,Los Angeles,1
14407,Париж (CDG),Рим (FCO),1
14939,Краснодар,Сочи,1
20871,Chicago,Miami,1
22458,Paris,Lyon,1
44044,Paris,Lyon,2
26465,London,Edinburgh,1
11155,Стамбул (IST),Афины (ATH),1
22351,Мюнхен,Вена,1
40030,Москва,Санкт-Петербург,2
12313,Париж (CDG),Рим (FCO),2
16105,Москва (SVO),Париж (CDG),2
11280,Париж (CDG),Рим (FCO),1
2735,Paris,Lyon,1
12347,Стамбул (IST),Афины (ATH),1
15061,Москва,Санкт-Петербург,1
39682,Paris,Lyon,1
4688,Новосибирск,Горно-Алтайск,2
19271,Париж (CDG),Рим (FCO),2
15067,Мадрид (MAD),Барселона,1
3142,Москва (SVO),Париж (CDG),1
19455,Новосибирск,Горно-Алтайск,1
4130,Берлин (BER),Амстердам (AMS),2
38718,Москва,Санкт-Петербург,1
32775,Дубай (DXB),Бангкок (BKK),1
45217,New York,Los Angeles,1
38861,London,Edinburgh,2
23169,Paris,Lyon,1
1252,Rome,Milan,1
37727,Берлин (BER),Амстердам (AMS),1
11478,Берлин (BER),Амстердам (AMS),1
27874,Берлин (BER),Амстердам (AMS),1
27257,Берлин (BER),Амстердам (AMS),1
38837,Париж (CDG),Рим (FCO),1
39470,Дубай (DXB),Бангкок (BKK),1
42594,Екатеринбург,Казань,1
4008,London,Edinburgh,1
10415,Chicago,Miami,2
21267,Париж (CDG),Рим (FCO),2
14094,Стамбул (IST),Афины (ATH),1
30025,Frankfurt,Hamburg,1
43089,Париж (CDG),Рим (FCO),1
8436,Frankfurt,Hamburg,1
34417,Москва,Санкт-Петербург,1
36,Новосибирск,Горно-Алтайск,1
30709,Мюнхен,Вена,1
28428,Токио (HND),Сеул (ICN),1
7881,Лондон (LHR),Нью-Йорк (JFK),2
40686,Rome,Milan,2
45531,Мадрид (MAD),Барселона,1
48416,Екатеринбург,Казань,1
3317,Краснодар,Сочи,1
7271,Краснодар,Сочи,1
18936,Мюнхен,Вена,1
1145,Москва,Санкт-Петербург,1
34301,Paris,Lyon,1
40649,Москва,Санкт-Петербург,1
42891,Лондон (LHR),Нью-Йорк (JFK),3
26056,Москва,Санкт-Петербург,1
29069,New York,Los Angeles,1
20008,Париж (CDG),Рим (FCO),2
31305,Дубай (DXB),Бангкок (BKK),1
23520,New York,Los Angeles,1
1661,Стамбул (IST),Афины (ATH),1
29229,Дубай (DXB),Бангкок (BKK),1
10341,London,Edinburgh,1
37481,Токио (HND),Сеул (ICN),1
17922,Мадрид (MAD),Барселона,1
48236,Москва (SVO),Париж (CDG),1
29984,Сингапур (SIN),Бали (DPS),1
27735,Новосибирск,Горно-Алтайск,2
5413,Краснодар,Сочи,1
7610,Стамбул (IST),Афины (ATH),3
11526,Краснодар,Сочи,1
27468,Лондон (LHR),Нью-Йорк (JFK),1
9865,Берлин (BER),Амстердам (AMS),1
49152,Лондон (LHR),Нью-Йорк (JFK),1
12110,Дубай (DXB),Бангкок (BKK),1
4903,Берлин (BER),Амстердам (AMS),1
37118,Москва,Санкт-Петербург,1
30912,Берлин (BER),Амстердам (AMS),2
33954,Сингапур (SIN),Бали (DPS),1
10813,Rome,Milan,2
9294,Сингапур (SIN),Бали (DPS),1
49257,Chicago,Miami,2
33235,Новосибирск,Горно-Алтайск,1
38818,Chicago,Miami,1
46509,Токио (HND),Сеул (ICN),1
17039,Москва,Санкт-Петербург,2
32141,Мадрид (MAD),Барселона,1
27876,Мюнхен,Вена,1
36092,London,Edinburgh,1
10917,Стамбул (IST),Афины (ATH),1
494,Москва (SVO),Париж (CDG),1
30615,Париж (CDG),Рим (FCO),1
14252,Париж (CDG),Рим (FCO),1
40265,Paris,Lyon,1
49535,Краснодар,Сочи,1
1039,London,Edinburgh,1
24515,Дубай (DXB),Бангкок (BKK),2
46606,New York,Los Angeles,2
3735,Лондон (LHR),Нью-Йорк (JFK),1
29708,Сингапур (SIN),Бали (DPS),1
4963,Paris,Lyon,1
7561,Мюнхен,Вена,1
37148,Берлин (BER),Амстердам (AMS),1
38667,Дубай (DXB),Бангкок (BKK),1
47853,Rome,Milan,1
43881,Москва (SVO),Париж (CDG),1
12633,Новосибирск,Горно-Алтайск,1
32703,London,Edinburgh,1
32203,Дубай (DXB),Бангкок (BKK),1
38854,Мадрид (MAD),Барселона,2
33405,Москва (SVO),Париж (CDG),2
20605,Paris,Lyon,1
29425,Екатеринбург,Казань,1
37216,Мюнхен,Вена,1
28336,Москва,Санкт-Петербург,1
45590,Мадрид (MAD),Барселона,1
17545,Мадрид (MAD),Барселона,1
30136,Rome,Milan,1
42205,London,Edinburgh,1
6144,Москва (SVO),Париж (CDG),1
7724,Мадрид (MAD),Барселона,1
33983,New York,Los Angeles,1
48186,Лондон (LHR),Нью-Йорк (JFK),1
9849,London,Edinburgh,1
3323,Берлин (BER),Амстердам (AMS),1
21106,Мюнхен,Вена,2
1817,London,Edinburgh,2
11245,Краснодар,Сочи,1
11135,Москва,Санкт-Петербург,1
19695,Берлин (BER),Амстердам (AMS),1
10328,Краснодар,Сочи,2
39204,Екатеринбург,Казань,1
2565,Сингапур (SIN),Бали (DPS),1
38522,Краснодар,Сочи,1
38127,Москва (SVO),Париж (CDG),1
38882,Токио (HND),Сеул (ICN),1
30548,Сингапур (SIN),Бали (DPS),2
8766,Токио (HND),Сеул (ICN),1
18273,Сингапур (SIN),Бали (DPS),1
41251,Париж (CDG),Рим (FCO),2
8995,Москва,Санкт-Петербург,1
33534,Новосибирск,Горно-Алтайск,1
3476,Берлин (BER),Амстердам (AMS),1
10723,Chicago,Miami,1
17776,Екатеринбург,Казань,1
14995,Paris,Lyon,1
5154,Берлин (BER),Амстердам (AMS),3
31357,Frankfurt,Hamburg,1
679,Токио (HND),Сеул (ICN),2
13543,Москва (SVO),Париж (CDG),1
40479,Париж (CDG),Рим (FCO),1
33897,Chicago,Miami,1
42506,Москва (SVO),Париж (CDG),1
21323,Екатеринбург,Казань,1
9126,Frankfurt,Hamburg,1
40110,Краснодар,Сочи,1
35661,Лондон (LHR),Нью-Йорк (JFK),1
46762,Paris,Lyon,2
49431,New York,Los Angeles,1
21473,Новосибирск,Горно-Алтайск,1
9759,Москва,Санкт-Петербург,1
27331,Париж (CDG),Рим (FCO),1
44569,Paris,Lyon,1
42720,Rome,Milan,1
20499,Екатеринбург,Казань,1
23548,Москва (SVO),Париж (CDG),1
34299,Chicago,Miami,1
41860,Paris,Lyon,2
38099,London,Edinburgh,2
15248,London,Edinburgh,1
26025,Мюнхен,Вена,1
10350,Новосибирск,Горно-Алтайск,2
41149,London,Edinburgh,1
20765,Стамбул (IST),Афины (ATH),1
29517,Краснодар,Сочи,1
43993,Paris,Lyon,2
26661,Rome,Milan,1
9096,Лондон (LHR),Нью-Йорк (JFK),1
21389,Лондон (LHR),Нью-Йорк (JFK),1
17185,Москва,Санкт-Петербург,1
46552,New York,Los Angeles,1
21311,Краснодар,Сочи,1
3837,Екатеринбург,Казань,1
3275,New York,Los Angeles,1
38577,Стамбул (IST),Афины (ATH),1
12724,Стамбул (IST),Афины (ATH),1
39198,Стамбул (IST),Афины (ATH),1
22890,Новосибирск,Горно-Алтайск,1
22170,Сингапур (SIN),Бали (DPS),2
19226,Сингапур (SIN),Бали (DPS),1
158,Берлин (BER),Амстердам (AMS),2
40431,Стамбул (IST),Афины (ATH),1
44702,Дубай (DXB),Бангкок (BKK),1
35160,Берлин (BER),Амстердам (AMS),1
44401,Лондон (LHR),Нью-Йорк (JFK),1
23326,Сингапур (SIN),Бали (DPS),2
16073,Токио (HND),Сеул (ICN),1
15728,Лондон (LHR),Нью-Йорк (JFK),1
19509,Токио (HND),Сеул (ICN),1
32341,Берлин (BER),Амстердам (AMS),1
37149,Rome,Milan,1
49964,Chicago,Miami,2
30400,Москва,Санкт-Петербург,1
39089,Frankfurt,Hamburg,1
2623,Chicago,Miami,2
940,Новосибирск,Горно-Алтайск,2
17164,Мюнхен,Вена,1
13818,Paris,Lyon,2
45734,Frankfurt,Hamburg,1
12477,Берлин (BER),Амстердам (AMS),1
40518,Мадрид (MAD),Барселона,1
39034,Rome,Milan,1
36521,Токио (HND),Сеул (ICN),1
7665,Лондон (LHR),Нью-Йорк (JFK),1
6275,New York,Los Angeles,1
33706,Chicago,Miami,1
34486,Париж (CDG),Рим (FCO),2
13001,Екатеринбург,Казань,1
1192,Мюнхен,Вена,1
5495,Токио (HND),Сеул (ICN),2
29518,Краснодар,Сочи,1
8859,London,Edinburgh,1
26923,Краснодар,Сочи,2
38828,Мюнхен,Вена,1
41443,London,Edinburgh,1
19949,Paris,Lyon,1
32467,Новосибирск,Горно-Алтайск,1
26131,Москва (SVO),Париж (CDG),1
36488,Сингапур (SIN),Бали (DPS),1
12162,Токио (HND),Сеул (ICN),1
22821,New York,Los Angeles,1
28938,Екатеринбург,Казань,1
9764,Дубай (DXB),Бангкок (BKK),1
12262,Москва (SVO),Париж (CDG),1
48860,Париж (CDG),Рим (FCO),1
2203,Rome,Milan,1
33073,Краснодар,Сочи,1
20656,New York,Los Angeles,1
23165,Краснодар,Сочи,1
21390,Краснодар,Сочи,1
40856,Париж (CDG),Рим (FCO),1
15709,Chicago,Miami,1
30595,Новосибирск,Горно-Алтайск,1
10230,Краснодар,Сочи,1
13619,Дубай (DXB),Бангкок (BKK),2
9564,Лондон (LHR),Нью-Йорк (JFK),1
38018,Новосибирск,Горно-Алтайск,1
26685,Токио (HND),Сеул (ICN),2
44885,Новосибирск,Горно-Алтайск,1
34779,Мадрид (MAD),Барселона,1
7591,Rome,Milan,2
344,Новосибирск,Горно-Алтайск,1
40712,Rome,Milan,1
44,London,Edinburgh,1
37521,Краснодар,Сочи,1
20930,Лондон (LHR),Нью-Йорк (JFK),1
43162,Frankfurt,Hamburg,1
8783,Chicago,Miami,2
30752,Paris,Lyon,1
4197,Paris,Lyon,1
36060,Paris,Lyon,1
41572,Мюнхен,Вена,2
25757,Москва,Санкт-Петербург,1
46589,Москва,Санкт-Петербург,1
19181,Chicago,Miami,1
43823,Мюнхен,Вена,2
42734,Мадрид (MAD),Барселона,1
36128,Новосибирск,Горно-Алтайск,2
38168,London,Edinburgh,1
49055,Москва,Санкт-Петербург,1
7504,Мадрид (MAD),Барселона,1
8580,Frankfurt,Hamburg,1
20732,Лондон (LHR),Нью-Йорк (JFK),1
24941,Paris,Lyon,1
9469,Москва (SVO),Париж (CDG),1
25419,Frankfurt,Hamburg,1
4256,London,Edinburgh,1
5462,Paris,Lyon,1
27274,Краснодар,Сочи,1
24713,Лондон (LHR),Нью-Йорк (JFK),1
6158,Дубай (DXB),Бангкок (BKK),1
304,Екатеринбург,Казань,1
32238,Берлин (BER),Амстердам (AMS),1
18269,New York,Los Angeles,1
32425,Chicago,Miami,1
14896,Мюнхен,Вена,1
9523,Мадрид (MAD),Барселона,1
42790,Берлин (BER),Амстердам (AMS),1
25433,Москва (SVO),Париж (CDG),1
26246,Берлин (BER),Амстердам (AMS),1
34182,Сингапур (SIN),Бали (DPS),1
47093,Лондон (LHR),Нью-Йорк (JFK),1
17178,Сингапур (SIN),Бали (DPS),1
14830,Берлин (BER),Амстердам (AMS),1
8119,London,Edinburgh,2
34700,Москва,Санкт-Петербург,1
30898,Мюнхен,Вена,2
41379,Краснодар,Сочи,2
38931,Новосибирск,Горно-Алтайск,1
5773,Токио (HND),Сеул (ICN),1
19685,Лондон (LHR),Нью-Йорк (JFK),1
9843,Краснодар,Сочи,1
26693,Стамбул (IST),Афины (ATH),1
11212,New York,Los Angeles,1
49848,Мюнхен,Вена,1
22038,Сингапур (SIN),Бали (DPS),1
38993,Москва (SVO),Париж (CDG),1
24273,Сингапур (SIN),Бали (DPS),1
30265,London,Edinburgh,2
11182,Москва (SVO),Париж (CDG),2
47262,Берлин (BER),Амстердам (AMS),1
12367,London,Edinburgh,1
31440,Стамбул (IST),Афины (ATH),1
15843,Chicago,Miami,1
30874,Екатеринбург,Казань,1
31942,Сингапур (SIN),Бали (DPS),1
43571,Frankfurt,Hamburg,2
49210,Мюнхен,Вена,2
48568,Мюнхен,Вена,1
10106,Париж (CDG),Рим (FCO),2
37402,Frankfurt,Hamburg,1
20448,Мюнхен,Вена,1
35413,Новосибирск,Горно-Алтайск,1
36606,Москва (SVO),Париж (CDG),2
42264,Стамбул (IST),Афины (ATH),2
25197,Сингапур (SIN),Бали (DPS),1
45791,Токио (HND),Сеул (ICN),1
18686,Paris,Lyon,1
49858,Москва,Санкт-Петербург,2
28037,Chicago,Miami,1
3291,Frankfurt,Hamburg,1
20817,Rome,Milan,1
28435,Дубай (DXB),Бангкок (BKK),1
13542,Москва,Санкт-Петербург,1
2719,Paris,Lyon,1
12718,Frankfurt,Hamburg,3
29253,Краснодар,Сочи,2
15699,Берлин (BER),Амстердам (AMS),1
27183,London,Edinburgh,2
42932,Дубай (DXB),Бангкок (BKK),2
38083,Стамбул (IST),Афины (ATH),2
26212,Париж (CDG),Рим (FCO),1
47191,Москва (SVO),Париж (CDG),1
27493,Дубай (DXB),Бангкок (BKK),1
18684,Стамбул (IST),Афины (ATH),1
28251,London,Edinburgh,1
28292,New York,Los Angeles,2
18654,Лондон (LHR),Нью-Йорк (JFK),1
30540,Токио (HND),Сеул (ICN),1
4958,London,Edinburgh,1
21229,Париж (CDG),Рим (FCO),1
43764,Дубай (DXB),Бангкок (BKK),1
5650,Стамбул (IST),Афины (ATH),1
41806,Токио (HND),Сеул (ICN),1
26718,Мадрид (MAD),Барселона,1
43228,Новосибирск,Горно-Алтайск,1
4133,Мюнхен,Вена,1
19154,Лондон (LHR),Нью-Йорк (JFK),2
29798,Мюнхен,Вена,1
41624,Paris,Lyon,1
33019,Лондон (LHR),Нью-Йорк (JFK),1
22044,Екатеринбург,Казань,1
22765,Лондон (LHR),Нью-Йорк (JFK),1
48868,Мадрид (MAD),Барселона,1
491,London,Edinburgh,1
17489,Париж (CDG),Рим (FCO),1
38752,Chicago,Miami,2
9254,Москва,Санкт-Петербург,1
35232,Париж (CDG),Рим (FCO),1
38956,Rome,Milan,2
39215,London,Edinburgh,1
34766,Новосибирск,Горно-Алтайск,1
42985,Краснодар,Сочи,1
25074,Paris,Lyon,1
18908,Новосибирск,Горно-Алтайск,1
11813,Новосибирск,Горно-Алтайск,1
43493,Париж (CDG),Рим (FCO),1
30939,Paris,Lyon,1
13804,Краснодар,Сочи,1
23776,Лондон (LHR),Нью-Йорк (JFK),1
16783,Мюнхен,Вена,1
22793,Токио (HND),Сеул (ICN),1
35876,Екатеринбург,Казань,1
28366,Токио (HND),Сеул (ICN),1
32150,London,Edinburgh,1
15024,Токио (HND),Сеул (ICN),1
20511,Frankfurt,Hamburg,1
26048,Chicago,Miami,1
48196,Париж (CDG),Рим (FCO),2
35830,Стамбул (IST),Афины (ATH),1
8496,Москва (SVO),Париж (CDG),1
27935,Стамбул (IST),Афины (ATH),2
23679,London,Edinburgh,1
29210,Лондон (LHR),Нью-Йорк (JFK),1
13141,Париж (CDG),Рим (FCO),1
17059,Париж (CDG),Рим (FCO),1
36814,Берлин (BER),Амстердам (AMS),1
26533,Стамбул (IST),Афины (ATH),1
16506,Москва,Санкт-Петербург,1
20283,Paris,Lyon,1
45405,Мюнхен,Вена,1
43595,Мюнхен,Вена,1
27173,Екатеринбург,Казань,2
20642,Стамбул (IST),Афины (ATH),1
36740,Дубай (DXB),Бангкок (BKK),1
16441,Москва (SVO),Париж (CDG),1
9266,Сингапур (SIN),Бали (DPS),2
28717,Paris,Lyon,1
40983,Мадрид (MAD),Барселона,1
16347,Краснодар,Сочи,1
2935,Екатеринбург,Казань,1
3636,New York,Los Angeles,1
49193,London,Edinburgh,1
14333,Новосибирск,Горно-Алтайск,1
5392,Стамбул (IST),Афины (ATH),1
44604,Париж (CDG),Рим (FCO),2
15515,Стамбул (IST),Афины (ATH),1
28126,Москва (SVO),Париж (CDG),1
44666,Paris,Lyon,1
6529,Мюнхен,Вена,2
18252,New York,Los Angeles,1
26365,Мадрид (MAD),Барселона,2
7939,Екатеринбург,Казань,1
33050,Стамбул (IST),Афины (ATH),1
49738,Frankfurt,Hamburg,2
2416,Лондон (LHR),Нью-Йорк (JFK),2
10999,Лондон (LHR),Нью-Йорк (JFK),1
25761,Краснодар,Сочи,1
32943,Frankfurt,Hamburg,1
39205,Мадрид (MAD),Барселона,1
13012,Лондон (LHR),Нью-Йорк (JFK),1
4954,Москва,Санкт-Петербург,1
47129,Лондон (LHR),Нью-Йорк (JFK),2
17844,Chicago,Miami,1
29501,Мюнхен,Вена,1
29857,Дубай (DXB),Бангкок (BKK),2
21043,Токио (HND),Сеул (ICN),1
14403,Берлин (BER),Амстердам (AMS),1
34929,New York,Los Angeles,1
20419,Лондон (LHR),Нью-Йорк (JFK),1
20478,Мадрид (MAD),Барселона,1
9803,Лондон (LHR),Нью-Йорк (JFK),1
4420,Frankfurt,Hamburg,1
34615,Париж (CDG),Рим (FCO),2
12693,Сингапур (SIN),Бали (DPS),2
41876,Стамбул (IST),Афины (ATH),1
31823,Москва (SVO),Париж (CDG),1
49032,Frankfurt,Hamburg,1
18148,Краснодар,Сочи,1
7724,Лондон (LHR),Нью-Йорк (JFK),2
13781,London,Edinburgh,1
13525,Frankfurt,Hamburg,1
22758,New York,Los Angeles,1
44727,Мюнхен,Вена,1
28946,Мадрид (MAD),Барселона,1
29846,Дубай (DXB),Бангкок (BKK),2
28204,Екатеринбург,Казань,1
24209,Екатеринбург,Казань,1
14194,Chicago,Miami,1
46932,Дубай (DXB),Бангкок (BKK),1
6701,London,Edinburgh,1
12410,London,Edinburgh,1
8667,Новосибирск,Горно-Алтайск,3
48952,Москва,Санкт-Петербург,1
17710,Берлин (BER),Амстердам (AMS),1
1869,Paris,Lyon,2
848,Rome,Milan,1
35575,New York,Los Angeles,1
5862,Мюнхен,Вена,1
27383,Мадрид (MAD),Барселона,1
16724,Мюнхен,Вена,1
37167,Краснодар,Сочи,1
18005,Москва (SVO),Париж (CDG),2
24028,Краснодар,Сочи,1
10751,Мадрид (MAD),Барселона,1
482,Frankfurt,Hamburg,3
1967,Новосибирск,Горно-Алтайск,2
15172,Краснодар,Сочи,2
26327,Сингапур (SIN),Бали (DPS),2
11809,Сингапур (SIN),Бали (DPS),1
36732,Мюнхен,Вена,1
41471,Дубай (DXB),Бангкок (BKK),1
1267,Новосибирск,Горно-Алтайск,1
47376,New York,Los Angeles,1
10409,Стамбул (IST),Афины (ATH),1
29209,Мадрид (MAD),Барселона,1
32439,Сингапур (SIN),Бали (DPS),1
37091,London,Edinburgh,2
32277,Краснодар,Сочи,1
45531,Мадрид (MAD),Барселона,2
47111,Лондон (LHR),Нью-Йорк (JFK),1
42371,Paris,Lyon,1
40728,Токио (HND),Сеул (ICN),1
10639,Краснодар,Сочи,1
49979,Париж (CDG),Рим (FCO),1
26033,Мюнхен,Вена,1
15517,Frankfurt,Hamburg,2
33850,Chicago,Miami,1
23675,London,Edinburgh,2
19789,Мадрид (MAD),Барселона,1
34054,Дубай (DXB),Бангкок (BKK),1
20106,Мюнхен,Вена,1
41022,Paris,Lyon,1
3701,Chicago,Miami,1
37545,Краснодар,Сочи,2
3252,Лондон (LHR),Нью-Йорк (JFK),1
24752,Берлин (BER),Амстердам (AMS),1
8933,New York,Los Angeles,1
49754,Paris,Lyon,1
44621,Стамбул (IST),Афины (ATH),2
44403,Новосибирск,Горно-Алтайск,2
41686,Chicago,Miami,1
47821,Берлин (BER),Амстердам (AMS),1
12702,London,Edinburgh,1
22237,Берлин (BER),Амстердам (AMS),1
41462,Мадрид (MAD),Барселона,1
24117,Берлин (BER),Амстердам (AMS),1
33980,Краснодар,Сочи,1
31389,Москва (SVO),Париж (CDG),1
21058,Мадрид (MAD),Барселона,1
36871,Лондон (LHR),Нью-Йорк (JFK),1
26231,Frankfurt,Hamburg,2
10226,Лондон (LHR),Нью-Йорк (JFK),2
40871,Дубай (DXB),Бангкок (BKK),1
29017,Берлин (BER),Амстердам (AMS),1
23650,Frankfurt,Hamburg,1
18870,Берлин (BER),Амстердам (AMS),2
38939,Frankfurt,Hamburg,1
41784,Chicago,Miami,1
23925,Москва (SVO),Париж (CDG),2
45991,Мюнхен,Вена,1
3328,Rome,Milan,1
26782,London,Edinburgh,1
6516,Paris,Lyon,1
8343,London,Edinburgh,1
20451,Chicago,Miami,1
33231,Сингапур (SIN),Бали (DPS),1
13661,Екатеринбург,Казань,1
32613,New York,Los Angeles,1
45577,Екатеринбург,Казань,1
43672,Москва,Санкт-Петербург,1
38982,Екатеринбург,Казань,1
20325,Токио (HND),Сеул (ICN),1
39018,Лондон (LHR),Нью-Йорк (JFK),1
10110,Лондон (LHR),Нью-Йорк (JFK),1
38116,Сингапур (SIN),Бали (DPS),1
720,Париж (CDG),Рим (FCO),1
40044,Берлин (BER),Амстердам (AMS),1
12512,Frankfurt,Hamburg,1
10269,Краснодар,Сочи,2
6713,Дубай (DXB),Бангкок (BKK),2
14155,Мюнхен,Вена,1
12284,London,Edinburgh,2
31148,Екатеринбург,Казань,1
11335,Мюнхен,Вена,1
39037,Лондон (LHR),Нью-Йорк (JFK),1
42269,Москва,Санкт-Петербург,1
29695,Москва (SVO),Париж (CDG),1
3119,Краснодар,Сочи,1
502,Chicago,Miami,1
9426,Лондон (LHR),Нью-Йорк (JFK),1
47517,Москва (SVO),Париж (CDG),1
27165,Лондон (LHR),Нью-Йорк (JFK),1
44718,Москва (SVO),Париж (CDG),1
8801,Берлин (BER),Амстердам (AMS),1
15906,Мюнхен,Вена,2
44959,Новосибирск,Горно-Алтайск,1
9122,Новосибирск,Горно-Алтайск,2
37408,Rome,Milan,1
2232,London,Edinburgh,1
14286,Париж (CDG),Рим (FCO),3
11986,Екатеринбург,Казань,1
48431,Paris,Lyon,1
17803,Chicago,Miami,2
21321,Москва (SVO),Париж (CDG),1
47993,Сингапур (SIN),Бали (DPS),1
27954,Краснодар,Сочи,1
21996,Москва (SVO),Париж (CDG),1
40855,London,Edinburgh,1
3614,Rome,Milan,1
9092,Paris,Lyon,2
27002,Rome,Milan,1
44636,Мюнхен,Вена,1
19946,Москва (SVO),Париж (CDG),1
45341,Москва (SVO),Париж (CDG),1
19292,Лондон (LHR),Нью-Йорк (JFK),2
25913,Paris,Lyon,1
1533,New York,Los Angeles,1
7573,Новосибирск,Горно-Алтайск,1
29388,Париж (CDG),Рим (FCO),1
19121,Краснодар,Сочи,1
34283,Мюнхен,Вена,1
18366,Rome,Milan,2
45480,Краснодар,Сочи,2
46748,Мадрид (MAD),Барселона,1
8766,London,Edinburgh,2
1150,Сингапур (SIN),Бали (DPS),1
28871,Paris,Lyon,1
49393,Париж (CDG),Рим (FCO),1
8056,Мадрид (MAD),Барселона,1
28801,Париж (CDG),Рим (FCO),1
31911,Мюнхен,Вена,1
25375,Краснодар,Сочи,1
15374,Берлин (BER),Амстердам (AMS),1
35284,London,Edinburgh,1
16381,Мюнхен,Вена,1
35554,Париж (CDG),Рим (FCO),1
24792,Новосибирск,Горно-Алтайск,1
29185,Стамбул (IST),Афины (ATH),1
48650,New York,Los Angeles,1
317,Стамбул (IST),Афины (ATH),1
32180,Сингапур (SIN),Бали (DPS),1
46226,Paris,Lyon,1
21979,Лондон (LHR),Нью-Йорк (JFK),3
25517,Мюнхен,Вена,2
31687,Стамбул (IST),Афины (ATH),1
2931,Москва,Санкт-Петербург,1
29948,Лондон (LHR),Нью-Йорк (JFK),1
23400,Новосибирск,Горно-Алтайск,1
27261,Стамбул (IST),Афины (ATH),1
19434,Екатеринбург,Казань,1
15322,Мадрид (MAD),Барселона,1
10830,Paris,Lyon,1
386,Мюнхен,Вена,1
10577,Париж (CDG),Рим (FCO),1
25117,London,Edinburgh,2
35184,Лондон (LHR),Нью-Йорк (JFK),1
38235,Стамбул (IST),Афины (ATH),2
15589,Мюнхен,Вена,1
36229,Москва,Санкт-Петербург,1
43325,New York,Los Angeles,1
39746,Париж (CDG),Рим (FCO),1
48017,Екатеринбург,Казань,1
49865,Стамбул (IST),Афины (ATH),2
32053,Токио (HND),Сеул (ICN),1
17605,Сингапур (SIN),Бали (DPS),1
31664,Новосибирск,Горно-Алтайск,2
37396,Новосибирск,Горно-Алтайск,1
18936,Москва,Санкт-Петербург,2
18643,Мадрид (MAD),Барселона,1
28421,Chicago,Miami,1
17928,Лондон (LHR),Нью-Йорк (JFK),2
37308,Сингапур (SIN),Бали (DPS),1
30500,Париж (CDG),Рим (FCO),1
45638,Екатеринбург,Казань,2
39623,Краснодар,Сочи,1
36978,Дубай (DXB),Бангкок (BKK),2
5970,Краснодар,Сочи,2
36517,Париж (CDG),Рим (FCO),1
39491,Rome,Milan,1
32838,Новосибирск,Горно-Алтайск,2
14714,Москва (SVO),Париж (CDG),1
32428,Frankfurt,Hamburg,1
21163,Лондон (LHR),Нью-Йорк (JFK),1
17761,Мюнхен,Вена,1
45533,Берлин (BER),Амстердам (AMS),2
48330,Москва (SVO),Париж (CDG),1
17510,Мадрид (MAD),Барселона,1
45077,Сингапур (SIN),Бали (DPS),1
31300,Rome,Milan,1
43578,Новосибирск,Горно-Алтайск,1
18235,Frankfurt,Hamburg,1
18024,Новосибирск,Горно-Алтайск,1
39154,Paris,Lyon,1
5159,Париж (CDG),Рим (FCO),2
26544,London,Edinburgh,1
48551,Chicago,Miami,1
7150,Мюнхен,Вена,1
19713,London,Edinburgh,1
48190,Стамбул (IST),Афины (ATH),1
18503,Сингапур (SIN),Бали (DPS),1
23745,Мадрид (MAD),Барселона,1
20573,Paris,Lyon,1
34040,New York,Los Angeles,2
10145,Москва (SVO),Париж (CDG),1
32009,Дубай (DXB),Бангкок (BKK),2
9984,Токио (HND),Сеул (ICN),1
28214,Екатеринбург,Казань,1
45430,Мюнхен,Вена,1
18623,Paris,Lyon,1
47435,Москва (SVO),Париж (CDG),1
46685,Берлин (BER),Амстердам (AMS),2
35087,Москва (SVO),Париж (CDG),2
13030,Париж (CDG),Рим (FCO),2
20582,Frankfurt,Hamburg,1
20877,Paris,Lyon,1
6044,London,Edinburgh,1
11396,Москва (SVO),Париж (CDG),1
45783,Берлин (BER),Амстердам (AMS),1
35578,Екатеринбург,Казань,1
37018,Chicago,Miami,1
21103,Краснодар,Сочи,1
5599,Лондон (LHR),Нью-Йорк (JFK),2
19468,Москва (SVO),Париж (CDG),1
23980,Chicago,Miami,1
24664,Новосибирск,Горно-Алтайск,2
21106,London,Edinburgh,3
16752,Париж (CDG),Рим (FCO),1
43537,Новосибирск,Горно-Алтайск,2
21548,Краснодар,Сочи,1
16200,London,Edinburgh,1
34944,Лондон (LHR),Нью-Йорк (JFK),1
24800,Rome,Milan,1
30662,Chicago,Miami,1
8599,Париж (CDG),Рим (FCO),1
13708,Chicago,Miami,2
32006,Chicago,Miami,1
13968,Краснодар,Сочи,1
15866,Москва (SVO),Париж (CDG),2
32827,Мюнхен,Вена,1
3341,Paris,Lyon,1
2974,Paris,Lyon,3
3636,Paris,Lyon,2
31593,Екатеринбург,Казань,1
20802,Chicago,Miami,1
41656,Мюнхен,Вена,1
33483,Frankfurt,Hamburg,2
26161,Краснодар,Сочи,1
21359,Chicago,Miami,1
40386,Токио (HND),Сеул (ICN),1
45932,Сингапур (SIN),Бали (DPS),1
42704,Москва (SVO),Париж (CDG),1
24753,Лондон (LHR),Нью-Йорк (JFK),2
763,Chicago,Miami,1
4985,Новосибирск,Горно-Алтайск,1
28705,Paris,Lyon,1
476,New York,Los Angeles,2
37178,Мюнхен,Вена,1
49429,New York,Los Angeles,1
42850,Дубай (DXB),Бангкок (BKK),1
11912,Стамбул (IST),Афины (ATH),1
12925,Стамбул (IST),Афины (ATH),1
18431,Краснодар,Сочи,2
18987,Краснодар,Сочи,1
38248,Москва,Санкт-Петербург,1
35047,Москва,Санкт-Петербург,1
23919,Дубай (DXB),Бангкок (BKK),1
28135,Мюнхен,Вена,1
31570,New York,Los Angeles,1
9254,Новосибирск,Горно-Алтайск,2
11719,Лондон (LHR),Нью-Йорк (JFK),1
4608,Сингапур (SIN),Бали (DPS),1
29324,Москва,Санкт-Петербург,1
14744,Сингапур (SIN),Бали (DPS),2
13740,Краснодар,Сочи,2
38591,Лондон (LHR),Нью-Йорк (JFK),1
38769,Paris,Lyon,1
47195,New York,Los Angeles,1
30031,Дубай (DXB),Бангкок (BKK),1
681,Новосибирск,Горно-Алтайск,1
290,Токио (HND),Сеул (ICN),1
7924,Дубай (DXB),Бангкок (BKK),1
15023,Chicago,Miami,1
49249,Москва (SVO),Париж (CDG),2
23959,Rome,Milan,2
32474,New York,Los Angeles,4
45763,Новосибирск,Горно-Алтайск,2
18192,Новосибирск,Горно-Алтайск,1
30299,Токио (HND),Сеул (ICN),1
47713,Токио (HND),Сеул (ICN),3
5961,Токио (HND),Сеул (ICN),1
11279,Берлин (BER),Амстердам (AMS),1
10132,Париж (CDG),Рим (FCO),1
43436,Frankfurt,Hamburg,2
35709,Екатеринбург,Казань,1
30579,Краснодар,Сочи,2
8971,Берлин (BER),Амстердам (AMS),2
26983,Сингапур (SIN),Бали (DPS),1
25671,Лондон (LHR),Нью-Йорк (JFK),1
26051,Мюнхен,Вена,2
30021,New York,Los Angeles,1
8386,Москва (SVO),Париж (CDG),1
7236,New York,Los Angeles,1
5467,Rome,Milan,1
14690,New York,Los Angeles,1
17448,Paris,Lyon,1
49800,Стамбул (IST),Афины (ATH),1
35172,Краснодар,Сочи,2
25341,Дубай (DXB),Бангкок (BKK),1
43511,Екатеринбург,Казань,1
38297,Мюнхен,Вена,1
38743,Лондон (LHR),Нью-Йорк (JFK),1
4889,Chicago,Miami,1
44718,Стамбул (IST),Афины (ATH),2
32828,Лондон (LHR),Нью-Йорк (JFK),1
30996,Rome,Milan,1
22164,Екатеринбург,Казань,1
43236,Москва,Санкт-Петербург,1
23437,Мюнхен,Вена,1
43360,Лондон (LHR),Нью-Йорк (JFK),1
10569,Новосибирск,Горно-Алтайск,1
15818,Мюнхен,Вена,1
20935,Москва,Санкт-Петербург,1
12928,London,Edinburgh,1
15304,Rome,Milan,1
7971,New York,Los Angeles,1
38480,Москва,Санкт-Петербург,1
24912,Стамбул (IST),Афины (ATH),1
41006,Paris,Lyon,1
36502,Краснодар,Сочи,1
27151,Мадрид (MAD),Барселона,1
44571,London,Edinburgh,2
8748,Краснодар,Сочи,1
31643,Берлин (BER),Амстердам (AMS),1
44606,Берлин (BER),Амстердам (AMS),1
33537,Дубай (DXB),Бангкок (BKK),1
1926,Москва (SVO),Париж (CDG),1
30444,Лондон (LHR),Нью-Йорк (JFK),2
29892,Краснодар,Сочи,1
18017,New York,Los Angeles,5
6716,Париж (CDG),Рим (FCO),1
21210,Дубай (DXB),Бангкок (BKK),1
9303,Дубай (DXB),Бангкок (BKK),1
28481,Москва,Санкт-Петербург,1
9478,Paris,Lyon,1
40505,Москва,Санкт-Петербург,2
44807,Новосибирск,Горно-Алтайск,1
36464,Москва,Санкт-Петербург,2
5826,Стамбул (IST),Афины (ATH),1
6815,Лондон (LHR),Нью-Йорк (JFK),1
40218,Токио (HND),Сеул (ICN),1
23849,Москва (SVO),Париж (CDG),1
48976,Париж (CDG),Рим (FCO),1
18935,Берлин (BER),Амстердам (AMS),1
49495,Rome,Milan,2
47274,Москва,Санкт-Петербург,1
5263,London,Edinburgh,1
693,Екатеринбург,Казань,1
9439,Екатеринбург,Казань,1
7209,Сингапур (SIN),Бали (DPS),1
12579,New York,Los Angeles,3
35341,Сингапур (SIN),Бали (DPS),1
13544,Москва,Санкт-Петербург,1
8451,Стамбул (IST),Афины (ATH),1
6441,Мюнхен,Вена,1
12556,Мадрид (MAD),Барселона,1
17018,Берлин (BER),Амстердам (AMS),1
40947,Новосибирск,Горно-Алтайск,1
48981,Москва (SVO),Париж (CDG),1
42117,Сингапур (SIN),Бали (DPS),1
27424,Токио (HND),Сеул (ICN),1
9478,Новосибирск,Горно-Алтайск,2
18725,Стамбул (IST),Афины (ATH),1
46470,Берлин (BER),Амстердам (AMS),1
43085,Chicago,Miami,1
8928,Екатеринбург,Казань,1
23961,Rome,Milan,1
21695,Москва,Санкт-Петербург,1
47770,Стамбул (IST),Афины (ATH),1
37488,Сингапур (SIN),Бали (DPS),2
14039,Стамбул (IST),Афины (ATH),1
48239,Сингапур (SIN),Бали (DPS),1
1981,Сингапур (SIN),Бали (DPS),2
12629,Дубай (DXB),Бангкок (BKK),1
13020,Дубай (DXB),Бангкок (BKK),1
49747,Москва,Санкт-Петербург,1
26581,Paris,Lyon,1
43539,Сингапур (SIN),Бали (DPS),1
15622,Дубай (DXB),Бангкок (BKK),1
43079,Стамбул (IST),Афины (ATH),1
27469,Дубай (DXB),Бангкок (BKK),1
1748,New York,Los Angeles,1
22974,New York,Los Angeles,1
17103,Париж (CDG),Рим (FCO),1
29723,Токио (HND),Сеул (ICN),1
10159,Дубай (DXB),Бангкок (BKK),2
24669,Мадрид (MAD),Барселона,1
44397,Краснодар,Сочи,2
5892,Сингапур (SIN),Бали (DPS),1
17373,Москва,Санкт-Петербург,1
12165,Мюнхен,Вена,2
43269,Frankfurt,Hamburg,1
18276,Москва,Санкт-Петербург,1
6443,Екатеринбург,Казань,2
28547,Краснодар,Сочи,1
24749,Мадрид (MAD),Барселона,1
26579,Москва,Санкт-Петербург,1
36354,Сингапур (SIN),Бали (DPS),1
42116,Стамбул (IST),Афины (ATH),1
49265,Мадрид (MAD),Барселона,1
10819,Новосибирск,Горно-Алтайск,1
4687,Париж (CDG),Рим (FCO),1
49735,London,Edinburgh,1
37384,Лондон (LHR),Нью-Йорк (JFK),1
10870,Chicago,Miami,2
37399,Токио (HND),Сеул (ICN),2
9414,Frankfurt,Hamburg,1
28792,Chicago,Miami,1
38146,Новосибирск,Горно-Алтайск,1
39454,Стамбул (IST),Афины (ATH),2
39590,Екатеринбург,Казань,1
31543,Дубай (DXB),Бангкок (BKK),1
5029,Rome,Milan,1
20986,New York,Los Angeles,1
35383,Москва,Санкт-Петербург,2
41489,Сингапур (SIN),Бали (DPS),2
36576,Краснодар,Сочи,2
8377,Екатеринбург,Казань,2
27242,Paris,Lyon,1
41620,Дубай (DXB),Бангкок (BKK),1
39280,Дубай (DXB),Бангкок (BKK),2
33447,Екатеринбург,Казань,2
39755,Москва (SVO),Париж (CDG),1
48029,Дубай (DXB),Бангкок (BKK),1
28713,Frankfurt,Hamburg,1
4437,London,Edinburgh,1
45289,Екатеринбург,Казань,1
10490,Лондон (LHR),Нью-Йорк (JFK),1
29112,Лондон (LHR),Нью-Йорк (JFK),1
4327,Мадрид (MAD),Барселона,1
26141,Москва (SVO),Париж (CDG),1
16210,London,Edinburgh,1
12888,London,Edinburgh,1
1681,Мюнхен,Вена,1
12389,Frankfurt,Hamburg,1
22789,Новосибирск,Горно-Алтайск,1
44088,Frankfurt,Hamburg,1
19619,Краснодар,Сочи,1
1644,Сингапур (SIN),Бали (DPS),1
9377,Мадрид (MAD),Барселона,1
2667,Берлин (BER),Амстердам (AMS),1
41571,Стамбул (IST),Афины (ATH),1
49978,Берлин (BER),Амстердам (AMS),1
2005,Frankfurt,Hamburg,1
35934,Paris,Lyon,1
25080,Мюнхен,Вена,1
25761,Екатеринбург,Казань,2
32852,Токио (HND),Сеул (ICN),1
13085,Берлин (BER),Амстердам (AMS),1
17582,Rome,Milan,1
24161,Берлин (BER),Амстердам (AMS),1
14566,Берлин (BER),Амстердам (AMS),1
28526,Берлин (BER),Амстердам (AMS),2
30761,Стамбул (IST),Афины (ATH),1
40350,Токио (HND),Сеул (ICN),2
22109,Мюнхен,Вена,1
9092,Frankfurt,Hamburg,3
2448,Мюнхен,Вена,1
1752,Сингапур (SIN),Бали (DPS),1
36156,Краснодар,Сочи,1
33546,Берлин (BER),Амстердам (AMS),1
27886,Париж (CDG),Рим (FCO),1
16136,Берлин (BER),Амстердам (AMS),1
42565,Лондон (LHR),Нью-Йорк (JFK),1
46479,New York,Los Angeles,1
20055,Екатеринбург,Казань,1
40667,Rome,Milan,1
20058,Москва,Санкт-Петербург,1
41790,Москва,Санкт-Петербург,1
30651,London,Edinburgh,1
14515,Париж (CDG),Рим (FCO),1
7554,Мадрид (MAD),Барселона,1
22177,Берлин (BER),Амстердам (AMS),1
31672,Сингапур (SIN),Бали (DPS),1
24404,Стамбул (IST),Афины (ATH),1
44367,Москва,Санкт-Петербург,1
11253,New York,Los Angeles,1
29211,Paris,Lyon,1
10293,Краснодар,Сочи,1
34848,Москва,Санкт-Петербург,1
7313,Париж (CDG),Рим (FCO),1
27059,Токио (HND),Сеул (ICN),1
7322,London,Edinburgh,1
23280,Дубай (DXB),Бангкок (BKK),1
17410,Екатеринбург,Казань,1
27159,Мадрид (MAD),Барселона,2
31271,Лондон (LHR),Нью-Йорк (JFK),1
45792,Новосибирск,Горно-Алтайск,1
47811,Стамбул (IST),Афины (ATH),1
22471,Лондон (LHR),Нью-Йорк (JFK),1
37099,Дубай (DXB),Бангкок (BKK),1
13569,Chicago,Miami,1
40900,Париж (CDG),Рим (FCO),1
48500,New York,Los Angeles,1
43881,Paris,Lyon,2
43954,Лондон (LHR),Нью-Йорк (JFK),1
293,Стамбул (IST),Афины (ATH),2
35106,Париж (CDG),Рим (FCO),1
12193,New York,Los Angeles,2
29267,Новосибирск,Горно-Алтайск,1
5278,Мадрид (MAD),Барселона,1
23132,Мадрид (MAD),Барселона,1
31164,Москва,Санкт-Петербург,1
29796,Дубай (DXB),Бангкок (BKK),1
3739,Краснодар,Сочи,1
21347,Мюнхен,Вена,1
42933,Frankfurt,Hamburg,2
46093,Берлин (BER),Амстердам (AMS),2
36517,Дубай (DXB),Бангкок (BKK),2
17750,Chicago,Miami,1
48122,Rome,Milan,1
19772,New York,Los Angeles,2
35053,London,Edinburgh,1
6076,Лондон (LHR),Нью-Йорк (JFK),1
39849,Chicago,Miami,1
39791,Москва,Санкт-Петербург,1
28880,Краснодар,Сочи,1
41747,Москва,Санкт-Петербург,1
16890,Париж (CDG),Рим (FCO),1
2651,Chicago,Miami,1
9071,Токио (HND),Сеул (ICN),1
26772,Екатеринбург,Казань,1
33007,Chicago,Miami,1
38078,Берлин (BER),Амстердам (AMS),1
47348,Берлин (BER),Амстердам (AMS),2
4528,Chicago,Miami,1
34875,Paris,Lyon,1
19384,Rome,Milan,1
42867,Москва (SVO),Париж (CDG),1
40991,Краснодар,Сочи,1
45130,Новосибирск,Горно-Алтайск,1
48829,Екатеринбург,Казань,1
29903,Москва (SVO),Париж (CDG),2
32140,Краснодар,Сочи,2
20168,Rome,Milan,1
9029,London,Edinburgh,2
48959,Frankfurt,Hamburg,2
47868,Frankfurt,Hamburg,2
45074,Стамбул (IST),Афины (ATH),1
28895,Paris,Lyon,1
28345,New York,Los Angeles,2
35091,Париж (CDG),Рим (FCO),1
48570,Москва (SVO),Париж (CDG),1
33304,Frankfurt,Hamburg,1
11619,Москва (SVO),Париж (CDG),1
23278,Мадрид (MAD),Барселона,2
16581,London,Edinburgh,1
21952,Лондон (LHR),Нью-Йорк (JFK),1
27840,Берлин (BER),Амстердам (AMS),1
31831,Лондон (LHR),Нью-Йорк (JFK),1
22473,Екатеринбург,Казань,1
1246,Rome,Milan,1
46057,Chicago,Miami,1
36635,Дубай (DXB),Бангкок (BKK),1
2440,Мадрид (MAD),Барселона,2
28525,Токио (HND),Сеул (ICN),1
24886,Токио (HND),Сеул (ICN),2
1835,Москва (SVO),Париж (CDG),1
31506,Новосибирск,Горно-Алтайск,1
21952,Chicago,Miami,2
19767,Париж (CDG),Рим (FCO),1
41476,Chicago,Miami,2
29622,Стамбул (IST),Афины (ATH),1
20657,New York,Los Angeles,1
47550,London,Edinburgh,1
19658,Rome,Milan,2
20712,Краснодар,Сочи,1
33649,Frankfurt,Hamburg,2
43477,Москва (SVO),Париж (CDG),1
1920,Москва (SVO),Париж (CDG),2
45139,Стамбул (IST),Афины (ATH),1
44792,Токио (HND),Сеул (ICN),1
37877,Chicago,Miami,1
36200,Краснодар,Сочи,1
28504,Сингапур (SIN),Бали (DPS),2
38182,Париж (CDG),Рим (FCO),1
39821,Дубай (DXB),Бангкок (BKK),1
16195,New York,Los Angeles,1
20932,New York,Los Angeles,1
38935,Краснодар,Сочи,1
6735,New York,Los Angeles,1
18891,Екатеринбург,Казань,1
183,Екатеринбург,Казань,2
3690,Chicago,Miami,1
14141,Paris,Lyon,1
28956,Frankfurt,Hamburg,2
46044,Новосибирск,Горно-Алтайск,1
28211,Chicago,Miami,1
13334,Лондон (LHR),Нью-Йорк (JFK),2
6273,Мадрид (MAD),Барселона,1
7129,Москва (SVO),Париж (CDG),1
9196,Paris,Lyon,1
3236,Екатеринбург,Казань,1
16139,Новосибирск,Горно-Алтайск,1
6922,Лондон (LHR),Нью-Йорк (JFK),3
136,Chicago,Miami,1
5459,Мюнхен,Вена,2
42828,Москва,Санкт-Петербург,2
19653,Лондон (LHR),Нью-Йорк (JFK),1
25750,Rome,Milan,2
37993,Paris,Lyon,2
3569,Москва (SVO),Париж (CDG),1
24720,Paris,Lyon,1
1707,Токио (HND),Сеул (ICN),2
45346,Лондон (LHR),Нью-Йорк (JFK),1
45374,Париж (CDG),Рим (FCO),1
27859,New York,Los Angeles,1
15963,Chicago,Miami,1
11668,Frankfurt,Hamburg,2
11033,Мюнхен,Вена,1
11621,Краснодар,Сочи,1
34291,New York,Los Angeles,1
39204,Лондон (LHR),Нью-Йорк (JFK),2
9453,Мадрид (MAD),Барселона,2
49980,Мюнхен,Вена,1
9236,Стамбул (IST),Афины (ATH),1
16920,Chicago,Miami,1
23315,London,Edinburgh,3
23964,Берлин (BER),Амстердам (AMS),1
32432,Москва,Санкт-Петербург,1
47094,Frankfurt,Hamburg,1
37528,New York,Los Angeles,1
26448,New York,Los Angeles,2
21253,Екатеринбург,Казань,1
37296,Краснодар,Сочи,1
20199,Токио (HND),Сеул (ICN),1
25253,Frankfurt,Hamburg,1
35831,Париж (CDG),Рим (FCO),1
44527,Paris,Lyon,1
18444,Стамбул (IST),Афины (ATH),1
47198,Мадрид (MAD),Барселона,2
41138,London,Edinburgh,1
14976,Frankfurt,Hamburg,3
43498,Rome,Milan,1
19269,Токио (HND),Сеул (ICN),1
43807,Paris,Lyon,1
4739,Мюнхен,Вена,1
45495,Екатеринбург,Казань,1
12272,Москва,Санкт-Петербург,1
22435,Дубай (DXB),Бангкок (BKK),2
2853,Frankfurt,Hamburg,2
48923,Chicago,Miami,1
27707,Frankfurt,Hamburg,1
27382,Сингапур (SIN),Бали (DPS),1
10575,Лондон (LHR),Нью-Йорк (JFK),1
36332,Екатеринбург,Казань,2
33146,Мюнхен,Вена,2
44270,Лондон (LHR),Нью-Йорк (JFK),1
329,Chicago,Miami,1
10843,Мюнхен,Вена,1
11419,London,Edinburgh,1
25308,Париж (CDG),Рим (FCO),1
18200,London,Edinburgh,1
27389,Новосибирск,Горно-Алтайск,1
8361,Мадрид (MAD),Барселона,2
28831,Екатеринбург,Казань,1
42848,Берлин (BER),Амстердам (AMS),1
4101,Токио (HND),Сеул (ICN),2
15872,Сингапур (SIN),Бали (DPS),1
3066,Новосибирск,Горно-Алтайск,1
11481,Rome,Milan,1
16924,Стамбул (IST),Афины (ATH),1
36044,Лондон (LHR),Нью-Йорк (JFK),1
5110,Paris,Lyon,2
23275,Rome,Milan,1
33791,Paris,Lyon,1
25758,Сингапур (SIN),Бали (DPS),1
39804,Мюнхен,Вена,4
13829,Дубай (DXB),Бангкок (BKK),1
33996,Краснодар,Сочи,1
45080,Стамбул (IST),Афины (ATH),1
41609,Москва,Санкт-Петербург,1
16521,Москва,Санкт-Петербург,1
2737,Frankfurt,Hamburg,1
48175,Дубай (DXB),Бангкок (BKK),1
7866,Rome,Milan,1
23367,Дубай (DXB),Бангкок (BKK),1
33348,Москва,Санкт-Петербург,1
44488,Мадрид (MAD),Барселона,1
46111,Rome,Milan,1
1238,Мадрид (MAD),Барселона,1
34457,Paris,Lyon,1
41425,Москва (SVO),Париж (CDG),1
19501,Мадрид (MAD),Барселона,1
3054,Москва (SVO),Париж (CDG),1
32210,Дубай (DXB),Бангкок (BKK),1
33382,Дубай (DXB),Бангкок (BKK),1
20709,Краснодар,Сочи,2
39052,Новосибирск,Горно-Алтайск,1
32489,Краснодар,Сочи,1
30738,Новосибирск,Горно-Алтайск,2
14585,Стамбул (IST),Афины (ATH),1
7251,Париж (CDG),Рим (FCO),1
16874,Мюнхен,Вена,1
43941,Лондон (LHR),Нью-Йорк (JFK),2
13350,Париж (CDG),Рим (FCO),1
49167,Екатеринбург,Казань,2
13407,Мюнхен,Вена,1
9976,Токио (HND),Сеул (ICN),1
31259,Токио (HND),Сеул (ICN),1
3953,Москва (SVO),Париж (CDG),1
6557,Frankfurt,Hamburg,1
43684,Frankfurt,Hamburg,2
4617,Сингапур (SIN),Бали (DPS),1
21397,Краснодар,Сочи,1
39337,New York,Los Angeles,1
36674,Chicago,Miami,1
34166,Екатеринбург,Казань,1
34866,Chicago,Miami,1
18842,Екатеринбург,Казань,1
46303,Paris,Lyon,2
15553,Краснодар,Сочи,1
21572,Екатеринбург,Казань,1
5141,Берлин (BER),Амстердам (AMS),1
39299,Новосибирск,Горно-Алтайск,1
2962,Rome,Milan,1
44130,Москва,Санкт-Петербург,1
20462,Мюнхен,Вена,2
870,Москва,Санкт-Петербург,1
7800,Rome,Milan,1
43556,Frankfurt,Hamburg,1
18948,Дубай (DXB),Бангкок (BKK),1
48261,Новосибирск,Горно-Алтайск,1
8798,Берлин (BER),Амстердам (AMS),1
37638,Лондон (LHR),Нью-Йорк (JFK),1
29418,Мюнхен,Вена,1
18987,Москва (SVO),Париж (CDG),2
19744,Стамбул (IST),Афины (ATH),1
15707,Frankfurt,Hamburg,1
25890,Дубай (DXB),Бангкок (BKK),3
24438,New York,Los Angeles,1
32438,Стамбул (IST),Афины (ATH),2
23617,Москва,Санкт-Петербург,1
2371,New York,Los Angeles,1
12377,Стамбул (IST),Афины (ATH),1
29255,Стамбул (IST),Афины (ATH),1
15286,Мюнхен,Вена,1
13192,Мюнхен,Вена,1
36781,Rome,Milan,1
30330,Токио (HND),Сеул (ICN),1
9111,Краснодар,Сочи,1
23503,Новосибирск,Горно-Алтайск,1
43053,Токио (HND),Сеул (ICN),1
16662,Токио (HND),Сеул (ICN),1
27471,Chicago,Miami,1
37225,Токио (HND),Сеул (ICN),1
9892,Париж (CDG),Рим (FCO),1
19837,Дубай (DXB),Бангкок (BKK),1
30933,Мадрид (MAD),Барселона,1
34033,Москва (SVO),Париж (CDG),1
27705,Frankfurt,Hamburg,1
24345,Стамбул (IST),Афины (ATH),1
30457,Краснодар,Сочи,1
42242,Frankfurt,Hamburg,1
44367,Лондон (LHR),Нью-Йорк (JFK),2
25124,Москва (SVO),Париж (CDG),1
49897,Дубай (DXB),Бангкок (BKK),1
43523,New York,Los Angeles,1
39519,Мадрид (MAD),Барселона,1
24863,Париж (CDG),Рим (FCO),1
41893,New York,Los Angeles,1
41201,Chicago,Miami,1
36753,Paris,Lyon,1
437,Берлин (BER),Амстердам (AMS),1
41003,Париж (CDG),Рим (FCO),2
14960,New York,Los Angeles,1
8709,Москва,Санкт-Петербург,1
45369,Frankfurt,Hamburg,1
4520,Chicago,Miami,1
40698,Стамбул (IST),Афины (ATH),2
43109,Токио (HND),Сеул (ICN),1
26539,Лондон (LHR),Нью-Йорк (JFK),1
22825,Краснодар,Сочи,1
1684,Frankfurt,Hamburg,2
26611,New York,Los Angeles,1
2390,Краснодар,Сочи,1
46207,Токио (HND),Сеул (ICN),1
19824,Мадрид (MAD),Барселона,1
39834,Paris,Lyon,1
5343,Frankfurt,Hamburg,1
18311,Москва (SVO),Париж (CDG),1
25688,London,Edinburgh,1
9995,Paris,Lyon,2
2334,Токио (HND),Сеул (ICN),1
24258,Стамбул (IST),Афины (ATH),1
37219,Лондон (LHR),Нью-Йорк (JFK),1
3606,Новосибирск,Горно-Алтайск,2
20759,Краснодар,Сочи,1
27457,Берлин (BER),Амстердам (AMS),2
32033,London,Edinburgh,1
34977,Мюнхен,Вена,1
7256,Париж (CDG),Рим (FCO),2
13278,Новосибирск,Горно-Алтайск,1
13355,Москва (SVO),Париж (CDG),1
38477,Сингапур (SIN),Бали (DPS),1
12783,Мадрид (MAD),Барселона,1
12789,Frankfurt,Hamburg,1
37043,Сингапур (SIN),Бали (DPS),1
38524,Токио (HND),Сеул (ICN),1
21961,Frankfurt,Hamburg,1
21115,London,Edinburgh,1
41202,London,Edinburgh,1
36124,Мадрид (MAD),Барселона,1
17130,London,Edinburgh,1
10178,Rome,Milan,2
29653,Мюнхен,Вена,1
34578,Лондон (LHR),Нью-Йорк (JFK),1
38235,Краснодар,Сочи,3
16534,Rome,Milan,1
5256,Новосибирск,Горно-Алтайск,3
27755,Париж (CDG),Рим (FCO),1
16056,Москва,Санкт-Петербург,1
43865,Сингапур (SIN),Бали (DPS),1
8248,Сингапур (SIN),Бали (DPS),1
28279,Мюнхен,Вена,2
20956,London,Edinburgh,1
8345,Сингапур (SIN),Бали (DPS),1
3648,Париж (CDG),Рим (FCO),1
30799,Новосибирск,Горно-Алтайск,1
28960,Стамбул (IST),Афины (ATH),1
38705,Сингапур (SIN),Бали (DPS),1
48066,Токио (HND),Сеул (ICN),1
37453,Мадрид (MAD),Барселона,1
9088,Екатеринбург,Казань,1
33189,Краснодар,Сочи,1
20029,Екатеринбург,Казань,1
37643,Екатеринбург,Казань,2
6155,Paris,Lyon,1
34865,Москва (SVO),Париж (CDG),1
13839,New York,Los Angeles,1
26767,Paris,Lyon,1
35202,Москва,Санкт-Петербург,1
49940,London,Edinburgh,1
46085,London,Edinburgh,2
43377,Сингапур (SIN),Бали (DPS),1
46957,London,Edinburgh,1
9341,Берлин (BER),Амстердам (AMS),1
16443,Мюнхен,Вена,1
25654,Стамбул (IST),Афины (ATH),1
290,New York,Los Angeles,2
39891,Екатеринбург,Казань,1
34015,Москва (SVO),Париж (CDG),2
16223,London,Edinburgh,1
16045,Стамбул (IST),Афины (ATH),1
22317,London,Edinburgh,2
17349,Екатеринбург,Казань,1
25206,Frankfurt,Hamburg,1
2870,Сингапур (SIN),Бали (DPS),1
49719,New York,Los Angeles,1
47351,Москва,Санкт-Петербург,1
38233,Сингапур (SIN),Бали (DPS),1
43461,New York,Los Angeles,2
11275,Екатеринбург,Казань,1
6581,Frankfurt,Hamburg,2
40245,Сингапур (SIN),Бали (DPS),1
23629,New York,Los Angeles,1
2051,Paris,Lyon,1
14339,Мадрид (MAD),Барселона,1
33912,Сингапур (SIN),Бали (DPS),1
47424,Екатеринбург,Казань,1
19025,Paris,Lyon,1
45929,Москва,Санкт-Петербург,1
44004,Мюнхен,Вена,2
4598,Москва,Санкт-Петербург,3
31507,Токио (HND),Сеул (ICN),1
41832,Токио (HND),Сеул (ICN),1
16903,Новосибирск,Горно-Алтайск,2
30874,Frankfurt,Hamburg,2
7634,Дубай (DXB),Бангкок (BKK),2
45103,Сингапур (SIN),Бали (DPS),1
45050,Стамбул (IST),Афины (ATH),1
29366,New York,Los Angeles,1
2653,Лондон (LHR),Нью-Йорк (JFK),1
17125,Берлин (BER),Амстердам (AMS),1
34260,Chicago,Miami,1
36115,Новосибирск,Горно-Алтайск,1
38020,Москва (SVO),Париж (CDG),1
41620,Москва (SVO),Париж (CDG),2
29656,Екатеринбург,Казань,2
9551,London,Edinburgh,2
19909,Frankfurt,Hamburg,1
30650,Мадрид (MAD),Барселона,2
5980,Лондон (LHR),Нью-Йорк (JFK),1
19858,Токио (HND),Сеул (ICN),1
2418,Париж (CDG),Рим (FCO),1
43196,New York,Los Angeles,1
27484,Paris,Lyon,1
44670,Rome,Milan,1
27268,Новосибирск,Горно-Алтайск,1
22736,Москва,Санкт-Петербург,1
22135,Paris,Lyon,1
987,Краснодар,Сочи,1
32282,Дубай (DXB),Бангкок (BKK),1
41799,Мадрид (MAD),Барселона,1
17574,Токио (HND),Сеул (ICN),1
4002,Frankfurt,Hamburg,3
37058,Новосибирск,Горно-Алтайск,1
2765,Chicago,Miami,1
23127,New York,Los Angeles,1
4734,London,Edinburgh,1
17610,Берлин (BER),Амстердам (AMS),1
21678,Мюнхен,Вена,1
18934,Rome,Milan,1
31269,Париж (CDG),Рим (FCO),2
15235,Париж (CDG),Рим (FCO),2
40684,Москва,Санкт-Петербург,1
25144,Сингапур (SIN),Бали (DPS),1
25344,Дубай (DXB),Бангкок (BKK),1
22678,Токио (HND),Сеул (ICN),1
49299,Дубай (DXB),Бангкок (BKK),2
14823,Париж (CDG),Рим (FCO),1
33898,Мадрид (MAD),Барселона,1
36540,Rome,Milan,1
15399,Мадрид (MAD),Барселона,1
34712,Новосибирск,Горно-Алтайск,1
45905,Мадрид (MAD),Барселона,1
44960,Rome,Milan,1
34766,Мюнхен,Вена,2
18071,Новосибирск,Горно-Алтайск,1
13737,Стамбул (IST),Афины (ATH),1
5016,Стамбул (IST),Афины (ATH),1
2767,Лондон (LHR),Нью-Йорк (JFK),2
39750,Краснодар,Сочи,1
32581,Chicago,Miami,1
45795,Мюнхен,Вена,1
15531,Токио (HND),Сеул (ICN),2
19053,Берлин (BER),Амстердам (AMS),1
39921,New York,Los Angeles,2
31840,Токио (HND),Сеул (ICN),1
34179,Мюнхен,Вена,1
1064,Москва,Санкт-Петербург,1
31675,Rome,Milan,1
27956,Chicago,Miami,1
41200,Frankfurt,Hamburg,1
32972,Краснодар,Сочи,1
32813,Мюнхен,Вена,1
13861,Париж (CDG),Рим (FCO),1
46312,Дубай (DXB),Бангкок (BKK),1
44399,Мюнхен,Вена,1
18525,Мадрид (MAD),Барселона,1
16012,Стамбул (IST),Афины (ATH),1
41865,Лондон (LHR),Нью-Йорк (JFK),1
10833,Москва,Санкт-Петербург,1
31899,Париж (CDG),Рим (FCO),1
42858,Дубай (DXB),Бангкок (BKK),1
41464,Мюнхен,Вена,1
35005,Rome,Milan,3
5891,Берлин (BER),Амстердам (AMS),1
23074,Екатеринбург,Казань,1
16261,Chicago,Miami,1
14330,Rome,Milan,1
44499,Paris,Lyon,1
38676,Екатеринбург,Казань,1
17126,Rome,Milan,1
35399,Стамбул (IST),Афины (ATH),2
11227,Берлин (BER),Амстердам (AMS),1
15068,Новосибирск,Горно-Алтайск,2
45023,Rome,Milan,1
33228,Екатеринбург,Казань,1
49220,Chicago,Miami,1
29347,Paris,Lyon,2
22939,London,Edinburgh,1
44638,Берлин (BER),Амстердам (AMS),1
29071,Frankfurt,Hamburg,1
17560,Екатеринбург,Казань,2
4571,New York,Los Angeles,1
27459,Москва,Санкт-Петербург,1
26590,Токио (HND),Сеул (ICN),2
22977,Берлин (BER),Амстердам (AMS),1
28944,Москва,Санкт-Петербург,1
33726,Лондон (LHR),Нью-Йорк (JFK),1
20028,Rome,Milan,1
26995,London,Edinburgh,1
41456,Rome,Milan,1
12814,Rome,Milan,1
23127,Лондон (LHR),Нью-Йорк (JFK),2
13874,New York,Los Angeles,2
21501,Токио (HND),Сеул (ICN),2
43211,Берлин (BER),Амстердам (AMS),2
20010,Мадрид (MAD),Барселона,1
44932,Rome,Milan,2
416,Екатеринбург,Казань,1
29086,Сингапур (SIN),Бали (DPS),1
17680,London,Edinburgh,1
43163,Paris,Lyon,1
49536,New York,Los Angeles,1
22221,Москва,Санкт-Петербург,1
41772,Лондон (LHR),Нью-Йорк (JFK),1
42504,Лондон (LHR),Нью-Йорк (JFK),1
29753,Токио (HND),Сеул (ICN),1
22591,Стамбул (IST),Афины (ATH),1
15190,Екатеринбург,Казань,2
38959,Frankfurt,Hamburg,1
19438,Токио (HND),Сеул (ICN),1
28991,Frankfurt,Hamburg,2
46374,New York,Los Angeles,1
36493,Дубай (DXB),Бангкок (BKK),1
6531,Москва (SVO),Париж (CDG),1
5747,Париж (CDG),Рим (FCO),1
45399,Лондон (LHR),Нью-Йорк (JFK),1
16235,Сингапур (SIN),Бали (DPS),1
40195,Екатеринбург,Казань,2
5958,Краснодар,Сочи,1
24369,Берлин (BER),Амстердам (AMS),1
46477,Екатеринбург,Казань,1
47963,Дубай (DXB),Бангкок (BKK),3
11686,London,Edinburgh,1
8154,Дубай (DXB),Бангкок (BKK),1
7195,Мюнхен,Вена,1
22908,Paris,Lyon,1
44049,Мадрид (MAD),Барселона,2
44973,Rome,Milan,1
35550,Rome,Milan,1
5050,Chicago,Miami,2
1920,Москва,Санкт-Петербург,3
20015,Москва,Санкт-Петербург,1
46036,Токио (HND),Сеул (ICN),1
14122,Стамбул (IST),Афины (ATH),1
18136,Токио (HND),Сеул (ICN),1
13908,Сингапур (SIN),Бали (DPS),1
35844,Лондон (LHR),Нью-Йорк (JFK),1
23661,Chicago,Miami,1
40398,Москва (SVO),Париж (CDG),2
49972,New York,Los Angeles,1
43353,New York,Los Angeles,1
17198,Лондон (LHR),Нью-Йорк (JFK),1
8602,Москва,Санкт-Петербург,1
27779,New York,Los Angeles,1
28912,New York,Los Angeles,2
44246,New York,Los Angeles,1
48978,New York,Los Angeles,1
17,Лондон (LHR),Нью-Йорк (JFK),1
12598,Сингапур (SIN),Бали (DPS),1
28225,Frankfurt,Hamburg,1
49092,Лондон (LHR),Нью-Йорк (JFK),1
6911,Лондон (LHR),Нью-Йорк (JFK),1
8618,Rome,Milan,1
47851,Краснодар,Сочи,1
9264,New York,Los Angeles,1
23827,Сингапур (SIN),Бали (DPS),1
1288,Мадрид (MAD),Барселона,1
36842,Paris,Lyon,1
48520,Сингапур (SIN),Бали (DPS),2
30970,Мадрид (MAD),Барселона,1
35727,Лондон (LHR),Нью-Йорк (JFK),1
47244,Мадрид (MAD),Барселона,1
10371,Москва,Санкт-Петербург,1
37738,Новосибирск,Горно-Алтайск,1
27506,Стамбул (IST),Афины (ATH),1
42477,Chicago,Miami,1
23822,Chicago,Miami,1
16901,Лондон (LHR),Нью-Йорк (JFK),1
20056,Frankfurt,Hamburg,1
24437,London,Edinburgh,1
40769,Дубай (DXB),Бангкок (BKK),2
21636,Париж (CDG),Рим (FCO),1
15685,Париж (CDG),Рим (FCO),1
16549,New York,Los Angeles,1
27153,Москва (SVO),Париж (CDG),2
23860,Лондон (LHR),Нью-Йорк (JFK),2
13119,Сингапур (SIN),Бали (DPS),1
41589,Мюнхен,Вена,1
37134,Paris,Lyon,1
7628,Мюнхен,Вена,1
37440,Берлин (BER),Амстердам (AMS),1
32400,Chicago,Miami,1
31544,Frankfurt,Hamburg,3
10274,Стамбул (IST),Афины (ATH),1
34909,Chicago,Miami,1
48242,Paris,Lyon,1
10194,Rome,Milan,1
31105,Дубай (DXB),Бангкок (BKK),1
14789,Краснодар,Сочи,1
30302,Chicago,Miami,2
49846,Москва,Санкт-Петербург,1
31903,Дубай (DXB),Бангкок (BKK),1
23633,Краснодар,Сочи,2
47237,Frankfurt,Hamburg,2
5020,Chicago,Miami,1
4511,Берлин (BER),Амстердам (AMS),1
11750,London,Edinburgh,1
40885,Chicago,Miami,1
6931,Rome,Milan,1
38751,Новосибирск,Горно-Алтайск,2
46598,Сингапур (SIN),Бали (DPS),1
41233,Париж (CDG),Рим (FCO),1
47582,Екатеринбург,Казань,1
17668,Новосибирск,Горно-Алтайск,1
3426,Стамбул (IST),Афины (ATH),1
7933,Rome,Milan,2
16635,Дубай (DXB),Бангкок (BKK),1
11612,Лондон (LHR),Нью-Йорк (JFK),1
30429,Мюнхен,Вена,1
20018,Сингапур (SIN),Бали (DPS),1
9657,Париж (CDG),Рим (FCO),2
13533,Мюнхен,Вена,2
9396,Дубай (DXB),Бангкок (BKK),1
34562,Токио (HND),Сеул (ICN),1
17284,Новосибирск,Горно-Алтайск,1
4512,Дубай (DXB),Бангкок (BKK),1
23857,Лондон (LHR),Нью-Йорк (JFK),1
5794,Сингапур (SIN),Бали (DPS),2
49511,Стамбул (IST),Афины (ATH),1
28918,Rome,Milan,1
3930,Екатеринбург,Казань,2
2836,Сингапур (SIN),Бали (DPS),1
18622,Стамбул (IST),Афины (ATH),1
2340,Frankfurt,Hamburg,1
15478,Екатеринбург,Казань,1
17140,Лондон (LHR),Нью-Йорк (JFK),4
4824,Paris,Lyon,1
9666,Дубай (DXB),Бангкок (BKK),1
2566,Берлин (BER),Амстердам (AMS),1
14750,Берлин (BER),Амстердам (AMS),2
36124,Дубай (DXB),Бангкок (BKK),2
3074,Москва,Санкт-Петербург,2
15787,Rome,Milan,1
1634,Rome,Milan,1
10092,Париж (CDG),Рим (FCO),1
29250,Краснодар,Сочи,1
4256,Мадрид (MAD),Барселона,2
38632,Frankfurt,Hamburg,1
38412,Берлин (BER),Амстердам (AMS),1
20840,Екатеринбург,Казань,2
23228,Frankfurt,Hamburg,1
41782,Rome,Milan,1
16455,Сингапур (SIN),Бали (DPS),1
42150,Chicago,Miami,1
41421,Париж (CDG),Рим (FCO),2
12482,Стамбул (IST),Афины (ATH),1
16429,Москва (SVO),Париж (CDG),1
22350,New York,Los Angeles,1
13515,Токио (HND),Сеул (ICN),2
13580,Мадрид (MAD),Барселона,1
39553,Токио (HND),Сеул (ICN),1
14806,Москва,Санкт-Петербург,1
44568,Берлин (BER),Амстердам (AMS),1
42232,Дубай (DXB),Бангкок (BKK),1
34945,London,Edinburgh,1
42797,Париж (CDG),Рим (FCO),2
857,Новосибирск,Горно-Алтайск,2
32832,Париж (CDG),Рим (FCO),1
22324,Париж (CDG),Рим (FCO),2
42159,Москва,Санкт-Петербург,1
44261,Лондон (LHR),Нью-Йорк (JFK),1
49297,Сингапур (SIN),Бали (DPS),1
34074,Frankfurt,Hamburg,2
21315,Москва,Санкт-Петербург,1
9185,Дубай (DXB),Бангкок (BKK),1
45412,Сингапур (SIN),Бали (DPS),1
8110,Лондон (LHR),Нью-Йорк (JFK),1
38260,Chicago,Miami,1
7731,Екатеринбург,Казань,1
47852,Москва,Санкт-Петербург,1
48044,Сингапур (SIN),Бали (DPS),1
38068,Paris,Lyon,1
42350,Лондон (LHR),Нью-Йорк (JFK),1
25182,Мадрид (MAD),Барселона,2
32391,Мадрид (MAD),Барселона,1
33772,Сингапур (SIN),Бали (DPS),1
13933,New York,Los Angeles,1
16666,Paris,Lyon,1
35339,Токио (HND),Сеул (ICN),1
33606,Frankfurt,Hamburg,1
12914,Сингапур (SIN),Бали (DPS),2
39704,Chicago,Miami,2
36600,Chicago,Miami,1
43789,Мадрид (MAD),Барселона,1
12786,Сингапур (SIN),Бали (DPS),1
7814,Стамбул (IST),Афины (ATH),1
44471,Токио (HND),Сеул (ICN),2
48189,Сингапур (SIN),Бали (DPS),1
23796,New York,Los Angeles,1
12994,Мюнхен,Вена,1
42261,Краснодар,Сочи,1
3272,Мадрид (MAD),Барселона,1
49594,Мадрид (MAD),Барселона,1
28440,Париж (CDG),Рим (FCO),2
7776,London,Edinburgh,2
2963,Краснодар,Сочи,1
45629,Лондон (LHR),Нью-Йорк (JFK),1
44674,Rome,Milan,1
35319,Мюнхен,Вена,2
40460,Стамбул (IST),Афины (ATH),1
25697,Frankfurt,Hamburg,1
17464,Екатеринбург,Казань,1
16671,New York,Los Angeles,1
5967,Мюнхен,Вена,1
19747,New York,Los Angeles,1
4968,Стамбул (IST),Афины (ATH),1
22396,Мюнхен,Вена,2
31004,Мадрид (MAD),Барселона,1
11850,Лондон (LHR),Нью-Йорк (JFK),1
12907,Берлин (BER),Амстердам (AMS),1
28808,Chicago,Miami,1
16624,Берлин (BER),Амстердам (AMS),1
11096,Екатеринбург,Казань,2
29375,Frankfurt,Hamburg,1
25003,New York,Los Angeles,1
33578,Новосибирск,Горно-Алтайск,1
3961,Берлин (BER),Амстердам (AMS),1
49097,Мюнхен,Вена,3
40206,Мадрид (MAD),Барселона,1
11877,Токио (HND),Сеул (ICN),1
21315,Frankfurt,Hamburg,2
15049,New York,Los Angeles,2
3604,Мюнхен,Вена,1
16064,Frankfurt,Hamburg,1
27375,Мюнхен,Вена,1
35424,Мюнхен,Вена,2
29391,Chicago,Miami,1
35454,London,Edinburgh,1
13047,Стамбул (IST),Афины (ATH),1
26612,Стамбул (IST),Афины (ATH),2
45564,Дубай (DXB),Бангкок (BKK),1
34378,Москва (SVO),Париж (CDG),1
21006,Москва (SVO),Париж (CDG),1
44362,Сингапур (SIN),Бали (DPS),3
37104,Мюнхен,Вена,2
43093,Мюнхен,Вена,1
33745,Frankfurt,Hamburg,1
14595,London,Edinburgh,1
202,Дубай (DXB),Бангкок (BKK),1
37929,Paris,Lyon,1
16724,New York,Los Angeles,2
34677,Стамбул (IST),Афины (ATH),1
9065,Стамбул (IST),Афины (ATH),1
16404,Екатеринбург,Казань,1
22333,Краснодар,Сочи,1
38344,Лондон (LHR),Нью-Йорк (JFK),1
18943,Токио (HND),Сеул (ICN),1
28088,Стамбул (IST),Афины (ATH),2
11752,Rome,Milan,1
20186,Берлин (BER),Амстердам (AMS),2
42780,Frankfurt,Hamburg,2
45318,Москва,Санкт-Петербург,1
14369,Paris,Lyon,1
1106,New York,Los Angeles,2
34654,London,Edinburgh,1
7208,Мюнхен,Вена,1
7399,Краснодар,Сочи,1
49639,London,Edinburgh,1
1403,Rome,Milan,1
22550,New York,Los Angeles,1
44799,Париж (CDG),Рим (FCO),1
42911,Токио (HND),Сеул (ICN),1
48701,Стамбул (IST),Афины (ATH),1
8519,New York,Los Angeles,1
30571,New York,Los Angeles,2
24563,Мадрид (MAD),Барселона,1
20966,Лондон (LHR),Нью-Йорк (JFK),1
5928,Берлин (BER),Амстердам (AMS),1
14340,Мюнхен,Вена,1
24026,Екатеринбург,Казань,2
31389,Екатеринбург,Казань,2
26735,Лондон (LHR),Нью-Йорк (JFK),1
9811,Стамбул (IST),Афины (ATH),1
21464,Токио (HND),Сеул (ICN),1
4500,Rome,Milan,1
10073,Мюнхен,Вена,2
38473,Paris,Lyon,1
2104,Париж (CDG),Рим (FCO),1
36468,Сингапур (SIN),Бали (DPS),1
28899,Paris,Lyon,1
20186,Париж (CDG),Рим (FCO),3
22840,Сингапур (SIN),Бали (DPS),1
34766,Новосибирск,Горно-Алтайск,3
21077,Екатеринбург,Казань,1
37297,Москва,Санкт-Петербург,2
49271,Краснодар,Сочи,1
36434,Мадрид (MAD),Барселона,1
2312,Frankfurt,Hamburg,2
30222,Краснодар,Сочи,1
13891,Rome,Milan,2
40932,Париж (CDG),Рим (FCO),1
3142,Frankfurt,Hamburg,2
27213,Стамбул (IST),Афины (ATH),1
18539,New York,Los Angeles,1
36812,Токио (HND),Сеул (ICN),2
26345,Лондон (LHR),Нью-Йорк (JFK),1
48669,Берлин (BER),Амстердам (AMS),1
2846,Берлин (BER),Амстердам (AMS),2
14900,London,Edinburgh,1
46743,Frankfurt,Hamburg,1
35570,Москва,Санкт-Петербург,1
11260,Токио (HND),Сеул (ICN),1
49774,Париж (CDG),Рим (FCO),2
20472,Paris,Lyon,1
36388,Москва (SVO),Париж (CDG),1
25631,Париж (CDG),Рим (FCO),1
29858,Екатеринбург,Казань,2
23060,Новосибирск,Горно-Алтайск,1
10437,Токио (HND),Сеул (ICN),1
20092,Париж (CDG),Рим (FCO),2
34478,Chicago,Miami,1
16206,Стамбул (IST),Афины (ATH),1
37911,Краснодар,Сочи,2
5299,Москва (SVO),Париж (CDG),1
35882,Дубай (DXB),Бангкок (BKK),4
14674,Мадрид (MAD),Барселона,1
47408,New York,Los Angeles,1
19547,New York,Los Angeles,1
24980,Chicago,Miami,2
32364,Берлин (BER),Амстердам (AMS),1
33878,New York,Los Angeles,2
15325,Екатеринбург,Казань,1
42694,Париж (CDG),Рим (FCO),2
35164,Frankfurt,Hamburg,2
47790,Москва,Санкт-Петербург,1
14058,Москва (SVO),Париж (CDG),2
34333,London,Edinburgh,1
16745,Берлин (BER),Амстердам (AMS),1
41033,Москва (SVO),Париж (CDG),1
14223,Москва,Санкт-Петербург,1
48538,Chicago,Miami,1
40404,London,Edinburgh,1
13449,Rome,Milan,1
29270,Лондон (LHR),Нью-Йорк (JFK),1
40907,Дубай (DXB),Бангкок (BKK),2
36633,Краснодар,Сочи,2
3353,Берлин (BER),Амстердам (AMS),1
45097,Лондон (LHR),Нью-Йорк (JFK),2
2409,Москва,Санкт-Петербург,1
23732,Мюнхен,Вена,1
38285,Стамбул (IST),Афины (ATH),1
5764,Берлин (BER),Амстердам (AMS),2
15590,Chicago,Miami,1
39759,Дубай (DXB),Бангкок (BKK),1
2611,Paris,Lyon,1
7433,London,Edinburgh,1
8747,London,Edinburgh,2
7608,Frankfurt,Hamburg,2
15431,Берлин (BER),Амстердам (AMS),1
19355,London,Edinburgh,1
16282,London,Edinburgh,1
27171,Лондон (LHR),Нью-Йорк (JFK),1
37499,Rome,Milan,1
655,Токио (HND),Сеул (ICN),1
40003,Токио (HND),Сеул (ICN),2
43707,Chicago,Miami,1
44698,Сингапур (SIN),Бали (DPS),1
16011,London,Edinburgh,2
18200,Сингапур (SIN),Бали (DPS),2
10888,Москва,Санкт-Петербург,1
7636,Мадрид (MAD),Барселона,1
41721,Сингапур (SIN),Бали (DPS),1
29270,Москва (SVO),Париж (CDG),2
18462,Париж (CDG),Рим (FCO),1
8249,Мадрид (MAD),Барселона,1
40653,Rome,Milan,1
36861,London,Edinburgh,2
32298,Париж (CDG),Рим (FCO),2
11001,London,Edinburgh,1
7118,Париж (CDG),Рим (FCO),2
15631,Париж (CDG),Рим (FCO),1
31829,Paris,Lyon,1
34293,London,Edinburgh,1
49777,Новосибирск,Горно-Алтайск,1
27372,London,Edinburgh,3
21572,Rome,Milan,2
33506,Краснодар,Сочи,1
11729,Екатеринбург,Казань,1
19189,Мадрид (MAD),Барселона,2
40910,Paris,Lyon,1
16946,Frankfurt,Hamburg,1
44359,Сингапур (SIN),Бали (DPS),1
23511,Мадрид (MAD),Барселона,2
44293,Краснодар,Сочи,3
43786,Москва,Санкт-Петербург,1
6895,Екатеринбург,Казань,1
49645,Берлин (BER),Амстердам (AMS),1
34616,Москва,Санкт-Петербург,1
3057,Chicago,Miami,1
35237,Новосибирск,Горно-Алтайск,1
31760,Москва (SVO),Париж (CDG),1
49933,Токио (HND),Сеул (ICN),1
21660,Мадрид (MAD),Барселона,1
37684,London,Edinburgh,1
32761,Новосибирск,Горно-Алтайск,1
33890,Токио (HND),Сеул (ICN),1
16129,Paris,Lyon,1
14957,Дубай (DXB),Бангкок (BKK),1
29429,Токио (HND),Сеул (ICN),1
5808,Мюнхен,Вена,2
19758,Екатеринбург,Казань,2
306,Екатеринбург,Казань,1
48463,London,Edinburgh,1
35458,Москва (SVO),Париж (CDG),1
29703,Chicago,Miami,2
7254,Москва,Санкт-Петербург,1
12867,London,Edinburgh,1
15405,Дубай (DXB),Бангкок (BKK),1
38918,New York,Los Angeles,1
5958,Chicago,Miami,2
27849,Берлин (BER),Амстердам (AMS),1
37781,Токио (HND),Сеул (ICN),2
28412,Москва,Санкт-Петербург,2
25583,Стамбул (IST),Афины (ATH),2
47544,Стамбул (IST),Афины (ATH),1
1845,Екатеринбург,Казань,1
19645,Стамбул (IST),Афины (ATH),1
39505,Стамбул (IST),Афины (ATH),2
3855,Новосибирск,Горно-Алтайск,1
44093,Сингапур (SIN),Бали (DPS),1
9287,London,Edinburgh,1
12121,Дубай (DXB),Бангкок (BKK),1
26819,Париж (CDG),Рим (FCO),1
17041,Лондон (LHR),Нью-Йорк (JFK),1
26758,Париж (CDG),Рим (FCO),1
15477,Chicago,Miami,1
38668,Лондон (LHR),Нью-Йорк (JFK),1
19001,Екатеринбург,Казань,1
39381,Frankfurt,Hamburg,3
37739,Сингапур (SIN),Бали (DPS),1
49227,Frankfurt,Hamburg,1
41057,Сингапур (SIN),Бали (DPS),1
12768,Екатеринбург,Казань,1
33759,London,Edinburgh,2
17019,Токио (HND),Сеул (ICN),2
21856,Стамбул (IST),Афины (ATH),2
605,Екатеринбург,Казань,1
37655,Москва,Санкт-Петербург,1
23900,Москва,Санкт-Петербург,1
29924,Стамбул (IST),Афины (ATH),1
2486,Сингапур (SIN),Бали (DPS),1
40692,Берлин (BER),Амстердам (AMS),1
45374,Мадрид (MAD),Барселона,2
13517,Мюнхен,Вена,1
21422,Москва (SVO),Париж (CDG),1
27170,Краснодар,Сочи,1
12414,Сингапур (SIN),Бали (DPS),2
669,London,Edinburgh,1
5978,Токио (HND),Сеул (ICN),2
4433,Paris,Lyon,2
18605,Берлин (BER),Амстердам (AMS),2
46188,Rome,Milan,2
22370,Дубай (DXB),Бангкок (BKK),1
46779,Мадрид (MAD),Барселона,2
31635,Сингапур (SIN),Бали (DPS),1
47240,Москва (SVO),Париж (CDG),1
2937,Краснодар,Сочи,1
49152,Берлин (BER),Амстердам (AMS),2
39821,Сингапур (SIN),Бали (DPS),2
41943,Берлин (BER),Амстердам (AMS),1
6125,Екатеринбург,Казань,1
40396,Берлин (BER),Амстердам (AMS),1
29243,Стамбул (IST),Афины (ATH),1
306,Paris,Lyon,2
13608,Мадрид (MAD),Барселона,1
45770,Лондон (LHR),Нью-Йорк (JFK),2
25942,Дубай (DXB),Бангкок (BKK),1
30919,Токио (HND),Сеул (ICN),1
16414,Новосибирск,Горно-Алтайск,1
42999,Дубай (DXB),Бангкок (BKK),1
13275,Paris,Lyon,1
1173,Токио (HND),Сеул (ICN),1
4704,Frankfurt,Hamburg,2
6267,Paris,Lyon,1
36760,New York,Los Angeles,1
34997,Краснодар,Сочи,1
28746,Мадрид (MAD),Барселона,1
42108,Берлин (BER),Амстердам (AMS),2
45664,Лондон (LHR),Нью-Йорк (JFK),2
17762,Новосибирск,Горно-Алтайск,1
17681,Москва (SVO),Париж (CDG),1
43332,London,Edinburgh,1
14553,Frankfurt,Hamburg,1
45725,Сингапур (SIN),Бали (DPS),1
3255,Новосибирск,Горно-Алтайск,1
12396,Chicago,Miami,1
910,Frankfurt,Hamburg,1
8326,New York,Los Angeles,2
45025,Краснодар,Сочи,1
3544,Москва (SVO),Париж (CDG),1
29227,Екатеринбург,Казань,1
37773,Екатеринбург,Казань,1
12098,Новосибирск,Горно-Алтайск,1
46899,Frankfurt,Hamburg,1
44109,Париж (CDG),Рим (FCO),2
37937,Новосибирск,Горно-Алтайск,2
43405,Дубай (DXB),Бангкок (BKK),2
41260,Токио (HND),Сеул (ICN),1
23843,Сингапур (SIN),Бали (DPS),1
21578,Берлин (BER),Амстердам (AMS),1
8420,Москва,Санкт-Петербург,1
25594,Берлин (BER),Амстердам (AMS),1
36281,Chicago,Miami,1
1399,Москва (SVO),Париж (CDG),1
29310,Chicago,Miami,1
23450,Берлин (BER),Амстердам (AMS),2
17883,Chicago,Miami,1
12630,Париж (CDG),Рим (FCO),1
32952,Берлин (BER),Амстердам (AMS),1
40922,New York,Los Angeles,1
48978,Москва (SVO),Париж (CDG),2
47720,Париж (CDG),Рим (FCO),1
35527,London,Edinburgh,2
37777,Москва,Санкт-Петербург,1
3472,Сингапур (SIN),Бали (DPS),1
7649,Токио (HND),Сеул (ICN),1
10960,Новосибирск,Горно-Алтайск,1
35066,Москва (SVO),Париж (CDG),1
49031,Rome,Milan,1
4238,Токио (HND),Сеул (ICN),1
45749,Дубай (DXB),Бангкок (BKK),1
33338,Мюнхен,Вена,1
45285,Rome,Milan,1
10092,Paris,Lyon,2
1492,Новосибирск,Горно-Алтайск,1
9507,London,Edinburgh,2
24952,Париж (CDG),Рим (FCO),1
47376,Frankfurt,Hamburg,2
9025,Париж (CDG),Рим (FCO),1
24801,Берлин (BER),Амстердам (AMS),1
1652,Стамбул (IST),Афины (ATH),1
24741,Rome,Milan,1
32776,Токио (HND),Сеул (ICN),2
293,Rome,Milan,3
31630,New York,Los Angeles,4
20022,Paris,Lyon,1
4531,Новосибирск,Горно-Алтайск,1
43097,Мадрид (MAD),Барселона,1
34664,Сингапур (SIN),Бали (DPS),2
46961,Екатеринбург,Казань,1
30907,Токио (HND),Сеул (ICN),1
45466,Новосибирск,Горно-Алтайск,1
44564,Дубай (DXB),Бангкок (BKK),2
16787,Париж (CDG),Рим (FCO),2
30893,Стамбул (IST),Афины (ATH),1
22490,Мадрид (MAD),Барселона,1
88,Paris,Lyon,1
37773,Мадрид (MAD),Барселона,2
5450,Лондон (LHR),Нью-Йорк (JFK),1
49366,Paris,Lyon,1
45307,Frankfurt,Hamburg,1
37487,Краснодар,Сочи,1
32921,Москва,Санкт-Петербург,1
22463,Москва (SVO),Париж (CDG),1
20367,Москва,Санкт-Петербург,1
27111,New York,Los Angeles,1
12213,Paris,Lyon,1
25017,Стамбул (IST),Афины (ATH),2
35860,Москва (SVO),Париж (CDG),2
1458,Сингапур (SIN),Бали (DPS),1
8361,Новосибирск,Горно-Алтайск,3
758,Дубай (DXB),Бангкок (BKK),1
4549,Берлин (BER),Амстердам (AMS),1
49033,New York,Los Angeles,1
5708,New York,Los Angeles,1
23954,Париж (CDG),Рим (FCO),1
14210,Стамбул (IST),Афины (ATH),2
22878,Париж (CDG),Рим (FCO),1
2716,New York,Los Angeles,1
40133,Новосибирск,Горно-Алтайск,1
4856,Paris,Lyon,1
44349,Rome,Milan,2
10976,Новосибирск,Горно-Алтайск,1
21813,London,Edinburgh,2
45374,Сингапур (SIN),Бали (DPS),3
8298,Rome,Milan,2
23033,Сингапур (SIN),Бали (DPS),1
8325,Лондон (LHR),Нью-Йорк (JFK),1
34794,Москва,Санкт-Петербург,1
19578,Rome,Milan,2
45024,Стамбул (IST),Афины (ATH),1
5752,Москва,Санкт-Петербург,2
11696,Стамбул (IST),Афины (ATH),1
38965,Краснодар,Сочи,1
48458,Токио (HND),Сеул (ICN),2
29116,Paris,Lyon,2
12372,Екатеринбург,Казань,1
27821,Rome,Milan,1
48203,New York,Los Angeles,1
35785,Москва (SVO),Париж (CDG),1
43201,New York,Los Angeles,2
4615,Paris,Lyon,1
38835,Сингапур (SIN),Бали (DPS),1
3456,Мадрид (MAD),Барселона,1
3125,Москва,Санкт-Петербург,3
11206,Мюнхен,Вена,1
25615,Токио (HND),Сеул (ICN),2
24489,Chicago,Miami,1
5746,Paris,Lyon,1
13618,Москва,Санкт-Петербург,1
30395,Лондон (LHR),Нью-Йорк (JFK),3
14616,Мадрид (MAD),Барселона,1
12467,Мюнхен,Вена,1
11144,Дубай (DXB),Бангкок (BKK),2
37209,Frankfurt,Hamburg,1
996,Frankfurt,Hamburg,1
31771,Москва (SVO),Париж (CDG),2
10049,Москва,Санкт-Петербург,1
12273,Rome,Milan,1
14855,Rome,Milan,1
37698,Москва (SVO),Париж (CDG),2
33440,Мюнхен,Вена,1
34780,Rome,Milan,1
18424,Мюнхен,Вена,1
21842,Мадрид (MAD),Барселона,1
31161,Frankfurt,Hamburg,1
35303,Rome,Milan,1
12016,Екатеринбург,Казань,1
9703,Paris,Lyon,1
39576,London,Edinburgh,1
8750,Токио (HND),Сеул (ICN),2
8311,Сингапур (SIN),Бали (DPS),2
49050,Стамбул (IST),Афины (ATH),1
47316,Москва (SVO),Париж (CDG),1
2276,Краснодар,Сочи,1
7452,Новосибирск,Горно-Алтайск,1
556,Стамбул (IST),Афины (ATH),1
27400,Frankfurt,Hamburg,1
1859,Токио (HND),Сеул (ICN),2
26838,Мюнхен,Вена,1
31723,London,Edinburgh,1
27200,Берлин (BER),Амстердам (AMS),1
17661,Мюнхен,Вена,3
37904,Париж (CDG),Рим (FCO),1
47635,Москва,Санкт-Петербург,1
18558,Paris,Lyon,2
39043,Мюнхен,Вена,2
23877,Мюнхен,Вена,2
24169,Мадрид (MAD),Барселона,1
36980,Париж (CDG),Рим (FCO),2
11595,Краснодар,Сочи,1
5388,Екатеринбург,Казань,1
46026,Екатеринбург,Казань,2
5870,Лондон (LHR),Нью-Йорк (JFK),1
39005,Мадрид (MAD),Барселона,1
25304,London,Edinburgh,1
8804,Москва (SVO),Париж (CDG),1
33879,Лондон (LHR),Нью-Йорк (JFK),1
14488,Rome,Milan,1
42024,Москва (SVO),Париж (CDG),1
30835,Rome,Milan,2
15521,Chicago,Miami,1
8071,Frankfurt,Hamburg,1
19948,Краснодар,Сочи,2
4992,Мадрид (MAD),Барселона,1
48213,Сингапур (SIN),Бали (DPS),1
15404,Сингапур (SIN),Бали (DPS),2
32760,Стамбул (IST),Афины (ATH),2
6276,Frankfurt,Hamburg,1
33012,New York,Los Angeles,1
22775,Берлин (BER),Амстердам (AMS),1
20787,Chicago,Miami,1
27072,Paris,Lyon,1
18650,Краснодар,Сочи,2
16182,Стамбул (IST),Афины (ATH),2
43551,Frankfurt,Hamburg,1
2665,Екатеринбург,Казань,1
34772,Сингапур (SIN),Бали (DPS),1
31804,Лондон (LHR),Нью-Йорк (JFK),1
9315,Токио (HND),Сеул (ICN),1
35615,Лондон (LHR),Нью-Йорк (JFK),2
11792,Новосибирск,Горно-Алтайск,2
5585,Rome,Milan,1
17865,Frankfurt,Hamburg,1
4116,Екатеринбург,Казань,1
36720,New York,Los Angeles,1
2545,Chicago,Miami,1
14602,Москва,Санкт-Петербург,1
30982,Берлин (BER),Амстердам (AMS),1
17049,Rome,Milan,1
16859,Стамбул (IST),Афины (ATH),2
21907,Chicago,Miami,1
23476,Лондон (LHR),Нью-Йорк (JFK),1
22484,Лондон (LHR),Нью-Йорк (JFK),1
33178,Chicago,Miami,1
2510,Токио (HND),Сеул (ICN),1
27335,Мадрид (MAD),Барселона,2
5187,Chicago,Miami,1
12948,Сингапур (SIN),Бали (DPS),1
22299,Rome,Milan,1
41508,Москва (SVO),Париж (CDG),1
38596,Лондон (LHR),Нью-Йорк (JFK),1
25459,Rome,Milan,2
16965,Chicago,Miami,1
43561,Стамбул (IST),Афины (ATH),1
8754,Москва (SVO),Париж (CDG),1
8158,Москва,Санкт-Петербург,1
23595,Лондон (LHR),Нью-Йорк (JFK),1
3586,Стамбул (IST),Афины (ATH),1
44899,Москва (SVO),Париж (CDG),1
1833,Новосибирск,Горно-Алтайск,3
40587,Дубай (DXB),Бангкок (BKK),1
10828,London,Edinburgh,1
8265,Токио (HND),Сеул (ICN),1
13334,Лондон (LHR),Нью-Йорк (JFK),3
45464,Paris,Lyon,1
4844,Токио (HND),Сеул (ICN),1
36331,Frankfurt,Hamburg,2
24334,Краснодар,Сочи,1
47240,Париж (CDG),Рим (FCO),2
13856,Краснодар,Сочи,1
24149,Токио (HND),Сеул (ICN),2
2894,Сингапур (SIN),Бали (DPS),1
34802,Frankfurt,Hamburg,1
37726,Лондон (LHR),Нью-Йорк (JFK),1
10126,Chicago,Miami,1
2345,Екатеринбург,Казань,1
24736,New York,Los Angeles,1
26790,Москва,Санкт-Петербург,2
19943,New York,Los Angeles,1
3402,Мюнхен,Вена,2
18176,Москва,Санкт-Петербург,1
36673,London,Edinburgh,1
29457,Лондон (LHR),Нью-Йорк (JFK),1
24911,Токио (HND),Сеул (ICN),1
1332,Токио (HND),Сеул (ICN),1
40555,Москва,Санкт-Петербург,1
11889,Москва,Санкт-Петербург,1
44873,Rome,Milan,2
45983,Москва,Санкт-Петербург,1
3020,Мюнхен,Вена,1
8746,Frankfurt,Hamburg,1
16908,Токио (HND),Сеул (ICN),1
10084,Екатеринбург,Казань,1
31205,London,Edinburgh,1
40714,Новосибирск,Горно-Алтайск,1
37164,Сингапур (SIN),Бали (DPS),1
1484,Лондон (LHR),Нью-Йорк (JFK),1
25234,Стамбул (IST),Афины (ATH),1
14233,Москва (SVO),Париж (CDG),1
43004,Екатеринбург,Казань,1
33801,Екатеринбург,Казань,1
28716,Сингапур (SIN),Бали (DPS),1
37188,Frankfurt,Hamburg,2
25199,Париж (CDG),Рим (FCO),3
18685,Frankfurt,Hamburg,1
9736,Мадрид (MAD),Барселона,1
40642,Rome,Milan,2
9219,Екатеринбург,Казань,2
32010,Paris,Lyon,2
9169,Москва,Санкт-Петербург,1
47115,Дубай (DXB),Бангкок (BKK),1
32415,Стамбул (IST),Афины (ATH),1
17245,London,Edinburgh,2
27619,New York,Los Angeles,1
21954,Краснодар,Сочи,1
41495,New York,Los Angeles,1
10600,Сингапур (SIN),Бали (DPS),1
18989,Берлин (BER),Амстердам (AMS),3
27919,Сингапур (SIN),Бали (DPS),1
32396,Екатеринбург,Казань,1
25929,Берлин (BER),Амстердам (AMS),1
30285,Берлин (BER),Амстердам (AMS),1
7542,Берлин (BER),Амстердам (AMS),1
5448,Paris,Lyon,1
13298,Москва (SVO),Париж (CDG),1
32815,Берлин (BER),Амстердам (AMS),1
16695,Дубай (DXB),Бангкок (BKK),1
36510,Frankfurt,Hamburg,1
33949,Paris,Lyon,1
35429,Rome,Milan,1
26141,Краснодар,Сочи,2
47428,Москва (SVO),Париж (CDG),1
31803,Лондон (LHR),Нью-Йорк (JFK),1
44793,Лондон (LHR),Нью-Йорк (JFK),1
40290,Мадрид (MAD),Барселона,1
33870,Екатеринбург,Казань,1
45541,Москва (SVO),Париж (CDG),1
4635,Берлин (BER),Амстердам (AMS),1
34249,Rome,Milan,1
39708,Новосибирск,Горно-Алтайск,1
37648,Chicago,Miami,1
43199,Екатеринбург,Казань,2
34736,Екатеринбург,Казань,1
44826,Дубай (DXB),Бангкок (BKK),1
413,Новосибирск,Горно-Алтайск,1
6976,Стамбул (IST),Афины (ATH),2
27828,Лондон (LHR),Нью-Йорк (JFK),1
26780,Краснодар,Сочи,1
47912,Paris,Lyon,1
45244,Rome,Milan,1
37175,Екатеринбург,Казань,1
31270,Мадрид (MAD),Барселона,2
44486,Стамбул (IST),Афины (ATH),2
24339,Rome,Milan,1
44937,Мадрид (MAD),Барселона,1
29087,Chicago,Miami,1
42708,Frankfurt,Hamburg,2
14949,Москва (SVO),Париж (CDG),1
3106,Екатеринбург,Казань,1
18748,Краснодар,Сочи,1
40030,New York,Los Angeles,3
38774,London,Edinburgh,1
16531,Лондон (LHR),Нью-Йорк (JFK),2
15017,Екатеринбург,Казань,1
39056,Краснодар,Сочи,1
41441,Краснодар,Сочи,2
39952,Краснодар,Сочи,1
21582,Лондон (LHR),Нью-Йорк (JFK),1
44510,Paris,Lyon,2
48446,Frankfurt,Hamburg,1
19214,Rome,Milan,1
42608,Chicago,Miami,1
48936,Мадрид (MAD),Барселона,2
10794,Краснодар,Сочи,2
41471,Лондон (LHR),Нью-Йорк (JFK),2
39269,Сингапур (SIN),Бали (DPS),1
7630,Екатеринбург,Казань,2
2587,New York,Los Angeles,1
33619,Лондон (LHR),Нью-Йорк (JFK),1
16505,Мадрид (MAD),Барселона,1
7467,Париж (CDG),Рим (FCO),1
23530,London,Edinburgh,2
46175,Токио (HND),Сеул (ICN),1
9825,Дубай (DXB),Бангкок (BKK),1
28090,Rome,Milan,1
43899,Мюнхен,Вена,1
10868,Frankfurt,Hamburg,1
13790,Chicago,Miami,2
34250,London,Edinburgh,1
8612,Frankfurt,Hamburg,1
5781,New York,Los Angeles,1
42711,Frankfurt,Hamburg,1
16844,Rome,Milan,1
40164,Берлин (BER),Амстердам (AMS),2
31534,New York,Los Angeles,1
5374,Стамбул (IST),Афины (ATH),1
32464,Лондон (LHR),Нью-Йорк (JFK),1
8412,London,Edinburgh,1
33900,Дубай (DXB),Бангкок (BKK),1
15525,New York,Los Angeles,1
4130,Сингапур (SIN),Бали (DPS),3
35395,Мюнхен,Вена,1
32806,Мадрид (MAD),Барселона,1
19534,Paris,Lyon,2
5018,London,Edinburgh,1
25820,Стамбул (IST),Афины (ATH),2
26771,Стамбул (IST),Афины (ATH),1
39836,Лондон (LHR),Нью-Йорк (JFK),1
47715,Москва (SVO),Париж (CDG),2
9248,London,Edinburgh,1
40462,New York,Los Angeles,1
41912,Берлин (BER),Амстердам (AMS),1
24739,London,Edinburgh,1
38790,Сингапур (SIN),Бали (DPS),1
37520,Rome,Milan,1
31405,London,Edinburgh,1
13031,Rome,Milan,1
10797,Мадрид (MAD),Барселона,1
7604,London,Edinburgh,1
3073,Сингапур (SIN),Бали (DPS),1
32985,Мадрид (MAD),Барселона,1
17554,Москва (SVO),Париж (CDG),1
16684,Москва,Санкт-Петербург,1
29191,Rome,Milan,1
14320,Paris,Lyon,1
42263,New York,Los Angeles,2
4273,Париж (CDG),Рим (FCO),1
43829,Frankfurt,Hamburg,1
35119,Rome,Milan,2
28639,Стамбул (IST),Афины (ATH),2
12647,Краснодар,Сочи,2
8333,Париж (CDG),Рим (FCO),1
13080,Лондон (LHR),Нью-Йорк (JFK),2
24091,Берлин (BER),Амстердам (AMS),1
25962,Москва (SVO),Париж (CDG),1
25221,Дубай (DXB),Бангкок (BKK),1
6926,Берлин (BER),Амстердам (AMS),2
20927,Москва (SVO),Париж (CDG),1
49065,Chicago,Miami,1
20260,Москва (SVO),Париж (CDG),2
48186,Краснодар,Сочи,2
35155,Москва (SVO),Париж (CDG),1
30676,Мюнхен,Вена,1
15479,Токио (HND),Сеул (ICN),1
25928,New York,Los Angeles,1
13829,Екатеринбург,Казань,2
4245,Мюнхен,Вена,1
1466,Берлин (BER),Амстердам (AMS),1
36236,Новосибирск,Горно-Алтайск,2
25649,Екатеринбург,Казань,1
18249,Frankfurt,Hamburg,1
36531,Мадрид (MAD),Барселона,2
15593,Стамбул (IST),Афины (ATH),2
2666,Rome,Milan,1
39479,Мадрид (MAD),Барселона,3
13183,Новосибирск,Горно-Алтайск,1
42006,Chicago,Miami,2
48626,Дубай (DXB),Бангкок (BKK),1
42312,New York,Los Angeles,1
14322,Москва (SVO),Париж (CDG),2
557,Frankfurt,Hamburg,1
15946,Frankfurt,Hamburg,2
39690,Берлин (BER),Амстердам (AMS),2
31259,Мадрид (MAD),Барселона,2
47846,Токио (HND),Сеул (ICN),1
43179,Екатеринбург,Казань,2
13273,Токио (HND),Сеул (ICN),1
43453,Екатеринбург,Казань,1
48583,Париж (CDG),Рим (FCO),1
40797,Париж (CDG),Рим (FCO),1
28773,London,Edinburgh,1
13662,Москва,Санкт-Петербург,1
36099,New York,Los Angeles,1
9272,Paris,Lyon,1
24233,Frankfurt,Hamburg,1
44300,Екатеринбург,Казань,1
31669,Frankfurt,Hamburg,2
46010,Новосибирск,Горно-Алтайск,1
48616,Лондон (LHR),Нью-Йорк (JFK),1
1953,Краснодар,Сочи,1
30501,Дубай (DXB),Бангкок (BKK),2
8390,Берлин (BER),Амстердам (AMS),1
10718,Берлин (BER),Амстердам (AMS),2
20929,Сингапур (SIN),Бали (DPS),2
22310,Москва,Санкт-Петербург,2
44559,London,Edinburgh,2
12722,Rome,Milan,1
36823,New York,Los Angeles,1
41627,Frankfurt,Hamburg,1
29621,Стамбул (IST),Афины (ATH),1
16393,Париж (CDG),Рим (FCO),1
9478,Стамбул (IST),Афины (ATH),3
24361,Берлин (BER),Амстердам (AMS),1
3897,Мадрид (MAD),Барселона,1
36060,Paris,Lyon,2
48854,Frankfurt,Hamburg,2
17967,Стамбул (IST),Афины (ATH),1
46339,New York,Los Angeles,1
27419,Мадрид (MAD),Барселона,1
39692,Chicago,Miami,2
2565,Rome,Milan,2
14026,New York,Los Angeles,1
36025,Дубай (DXB),Бангкок (BKK),1
22777,Сингапур (SIN),Бали (DPS),1
25605,Сингапур (SIN),Бали (DPS),2
2967,Лондон (LHR),Нью-Йорк (JFK),1
17684,Екатеринбург,Казань,3
39379,Москва (SVO),Париж (CDG),2
46565,Rome,Milan,1
5679,Токио (HND),Сеул (ICN),1
20941,Москва (SVO),Париж (CDG),1
2554,New York,Los Angeles,1
25737,Frankfurt,Hamburg,2
27886,Москва,Санкт-Петербург,2
46560,Стамбул (IST),Афины (ATH),1
42868,Paris,Lyon,1
46431,Сингапур (SIN),Бали (DPS),1
5712,Париж (CDG),Рим (FCO),1
18041,Сингапур (SIN),Бали (DPS),1
33225,Париж (CDG),Рим (FCO),1
34728,Дубай (DXB),Бангкок (BKK),1
9731,Chicago,Miami,1
26793,Chicago,Miami,2
27352,Дубай (DXB),Бангкок (BKK),1
38135,Берлин (BER),Амстердам (AMS),1
8342,Дубай (DXB),Бангкок (BKK),1
45772,Rome,Milan,1
24636,Париж (CDG),Рим (FCO),1
38073,Москва (SVO),Париж (CDG),2
26359,Chicago,Miami,1
11445,Москва,Санкт-Петербург,1
16808,Новосибирск,Горно-Алтайск,2
49333,Краснодар,Сочи,1
27168,New York,Los Angeles,2
8352,Краснодар,Сочи,1
26134,Дубай (DXB),Бангкок (BKK),2
28897,Токио (HND),Сеул (ICN),1
14318,Токио (HND),Сеул (ICN),1
31699,Rome,Milan,1
34313,Стамбул (IST),Афины (ATH),1
21097,Берлин (BER),Амстердам (AMS),1
47093,Новосибирск,Горно-Алтайск,2
18472,Москва (SVO),Париж (CDG),1
1055,Мадрид (MAD),Барселона,1
15028,Мадрид (MAD),Барселона,1
42672,Стамбул (IST),Афины (ATH),1
20453,Chicago,Miami,1
40331,Сингапур (SIN),Бали (DPS),1
43813,Лондон (LHR),Нью-Йорк (JFK),1
16178,Rome,Milan,1
33378,Дубай (DXB),Бангкок (BKK),1
6236,Стамбул (IST),Афины (ATH),1
32459,Chicago,Miami,1
38427,New York,Los Angeles,1
2052,Мюнхен,Вена,1
16233,Париж (CDG),Рим (FCO),1
35245,Paris,Lyon,1
32094,Chicago,Miami,1
956,Rome,Milan,2
31915,Екатеринбург,Казань,1
18796,London,Edinburgh,1
44921,Новосибирск,Горно-Алтайск,1
17036,Дубай (DXB),Бангкок (BKK),1
36613,Краснодар,Сочи,1
14852,London,Edinburgh,1
30196,Дубай (DXB),Бангкок (BKK),1
6911,Frankfurt,Hamburg,2
40198,London,Edinburgh,1
9927,New York,Los Angeles,1
45248,Chicago,Miami,1
28959,Екатеринбург,Казань,1
4496,Краснодар,Сочи,1
37291,New York,Los Angeles,1
493,Краснодар,Сочи,1
37897,Москва (SVO),Париж (CDG),1
5020,Chicago,Miami,2
47017,Chicago,Miami,1
20343,Chicago,Miami,2
32124,Мюнхен,Вена,1
19380,Екатеринбург,Казань,1
5708,Chicago,Miami,2
46215,Берлин (BER),Амстердам (AMS),1
43385,Екатеринбург,Казань,2
12436,Париж (CDG),Рим (FCO),1
84,Лондон (LHR),Нью-Йорк (JFK),1
5599,Мадрид (MAD),Барселона,3
17186,Париж (CDG),Рим (FCO),1
34329,Мюнхен,Вена,1
25336,Новосибирск,Горно-Алтайск,1
13913,Стамбул (IST),Афины (ATH),2
39981,Дубай (DXB),Бангкок (BKK),1
2261,Москва (SVO),Париж (CDG),1
37065,London,Edinburgh,1
48080,Берлин (BER),Амстердам (AMS),1
44338,Дубай (DXB),Бангкок (BKK),2
28396,London,Edinburgh,2
16199,Мадрид (MAD),Барселона,1
13489,London,Edinburgh,2
34317,Новосибирск,Горно-Алтайск,1
7324,Frankfurt,Hamburg,1
24461,Стамбул (IST),Афины (ATH),1
43014,Дубай (DXB),Бангкок (BKK),1
47826,Москва (SVO),Париж (CDG),1
29730,Екатеринбург,Казань,1
43798,Frankfurt,Hamburg,1
40320,Мюнхен,Вена,2
48693,Rome,Milan,2
15324,Chicago,Miami,1
28703,Paris,Lyon,1
11832,Мадрид (MAD),Барселона,1
2831,Москва (SVO),Париж (CDG),2
5510,Frankfurt,Hamburg,1
5144,Frankfurt,Hamburg,1
17575,Дубай (DXB),Бангкок (BKK),3
23183,Лондон (LHR),Нью-Йорк (JFK),2
44414,Краснодар,Сочи,1
43801,Chicago,Miami,1
30961,Краснодар,Сочи,1
13739,Paris,Lyon,2
46630,Дубай (DXB),Бангкок (BKK),1
21683,New York,Los Angeles,1
37586,Стамбул (IST),Афины (ATH),1
46725,New York,Los Angeles,1
38386,Мадрид (MAD),Барселона,1
20441,Paris,Lyon,1
23134,Paris,Lyon,1
38857,Париж (CDG),Рим (FCO),1
36126,Москва (SVO),Париж (CDG),1
30474,Стамбул (IST),Афины (ATH),1
43201,Москва (SVO),Париж (CDG),3
12922,Москва (SVO),Париж (CDG),1
1987,Paris,Lyon,1
49848,Новосибирск,Горно-Алтайск,2
30266,Сингапур (SIN),Бали (DPS),1
19421,Токио (HND),Сеул (ICN),1
17699,Rome,Milan,1
30544,Берлин (BER),Амстердам (AMS),1
46577,Мадрид (MAD),Барселона,2
48298,Лондон (LHR),Нью-Йорк (JFK),1
13828,London,Edinburgh,1
13859,Мадрид (MAD),Барселона,1
211,Новосибирск,Горно-Алтайск,1
21960,Новосибирск,Горно-Алтайск,1
19576,Париж (CDG),Рим (FCO),1
48297,Сингапур (SIN),Бали (DPS),1
27443,Токио (HND),Сеул (ICN),1
47987,New York,Los Angeles,1
31942,Париж (CDG),Рим (FCO),2
19184,Берлин (BER),Амстердам (AMS),1
44313,Rome,Milan,1
31817,Мюнхен,Вена,1
35548,Сингапур (SIN),Бали (DPS),2
25926,Берлин (BER),Амстердам (AMS),1
20329,Москва (SVO),Париж (CDG),1
14442,Дубай (DXB),Бангкок (BKK),1
32576,Екатеринбург,Казань,1
24311,Новосибирск,Горно-Алтайск,1
35314,London,Edinburgh,1
46010,Chicago,Miami,2
49597,Екатеринбург,Казань,1
34505,Новосибирск,Горно-Алтайск,1
11743,Краснодар,Сочи,1
26320,Paris,Lyon,1
18829,Мадрид (MAD),Барселона,1
32249,Париж (CDG),Рим (FCO),1
48082,Москва,Санкт-Петербург,1
25928,Сингапур (SIN),Бали (DPS),2
24088,Париж (CDG),Рим (FCO),1
7417,Москва,Санкт-Петербург,1
25055,Лондон (LHR),Нью-Йорк (JFK),2
1144,Краснодар,Сочи,1
27061,Мадрид (MAD),Барселона,4
867,Дубай (DXB),Бангкок (BKK),1
6619,Токио (HND),Сеул (ICN),1
2518,Rome,Milan,1
27194,Rome,Milan,2
11575,Дубай (DXB),Бангкок (BKK),1
37003,London,Edinburgh,1
24460,Paris,Lyon,1
5445,Новосибирск,Горно-Алтайск,1
9690,London,Edinburgh,2
38219,Chicago,Miami,1
37654,Frankfurt,Hamburg,1
47682,Москва,Санкт-Петербург,1
35254,Сингапур (SIN),Бали (DPS),1
49593,Екатеринбург,Казань,1
7752,Берлин (BER),Амстердам (AMS),2
45129,London,Edinburgh,1
24421,Frankfurt,Hamburg,1
27764,Берлин (BER),Амстердам (AMS),1
29466,Дубай (DXB),Бангкок (BKK),1
11494,Краснодар,Сочи,2
31356,Екатеринбург,Казань,2
17548,Берлин (BER),Амстердам (AMS),1
14358,Москва (SVO),Париж (CDG),1
27947,Chicago,Miami,1
44826,Frankfurt,Hamburg,2
49693,Paris,Lyon,1
40788,Chicago,Miami,1
34677,Стамбул (IST),Афины (ATH),2
46176,Мадрид (MAD),Барселона,1
11899,Париж (CDG),Рим (FCO),1
43220,Берлин (BER),Амстердам (AMS),1
26436,Токио (HND),Сеул (ICN),1
33659,Токио (HND),Сеул (ICN),2
4641,Новосибирск,Горно-Алтайск,2
15837,New York,Los Angeles,1
20057,Токио (HND),Сеул (ICN),1
12385,Стамбул (IST),Афины (ATH),1
23986,Лондон (LHR),Нью-Йорк (JFK),1
35652,Paris,Lyon,2
21002,Chicago,Miami,1
39367,Мадрид (MAD),Барселона,1
31103,Краснодар,Сочи,2
25807,Frankfurt,Hamburg,3
43992,Сингапур (SIN),Бали (DPS),1
13227,Париж (CDG),Рим (FCO),1
29091,New York,Los Angeles,1
2234,Сингапур (SIN),Бали (DPS),1
4587,New York,Los Angeles,1
19734,Берлин (BER),Амстердам (AMS),2
8166,Москва,Санкт-Петербург,1
49462,London,Edinburgh,1
13119,Rome,Milan,2
6548,Москва,Санкт-Петербург,1
49312,London,Edinburgh,2
28415,Токио (HND),Сеул (ICN),1
34681,Лондон (LHR),Нью-Йорк (JFK),1
23541,Лондон (LHR),Нью-Йорк (JFK),1
14167,Мюнхен,Вена,1
21024,Токио (HND),Сеул (ICN),1
43929,Токио (HND),Сеул (ICN),1
42127,Новосибирск,Горно-Алтайск,1
1058,Берлин (BER),Амстердам (AMS),1
15285,Новосибирск,Горно-Алтайск,1
16189,Стамбул (IST),Афины (ATH),1
1200,London,Edinburgh,1
32525,Краснодар,Сочи,1
1403,Стамбул (IST),Афины (ATH),2
38756,Лондон (LHR),Нью-Йорк (JFK),1
4590,Rome,Milan,1
21197,Frankfurt,Hamburg,2
11517,Екатеринбург,Казань,1
49383,Токио (HND),Сеул (ICN),1
13799,Лондон (LHR),Нью-Йорк (JFK),1
12228,Лондон (LHR),Нью-Йорк (JFK),1
44356,Москва,Санкт-Петербург,2
11132,Берлин (BER),Амстердам (AMS),1
47162,Мадрид (MAD),Барселона,1
36893,Chicago,Miami,2
41169,Москва (SVO),Париж (CDG),1
18091,Стамбул (IST),Афины (ATH),1
9147,Лондон (LHR),Нью-Йорк (JFK),1
21566,Мюнхен,Вена,1
16641,Мадрид (MAD),Барселона,1
48543,Дубай (DXB),Бангкок (BKK),1
17212,Москва,Санкт-Петербург,1
8473,Frankfurt,Hamburg,1
45320,Rome,Milan,1
44059,New York,Los Angeles,1
39072,Токио (HND),Сеул (ICN),1
44204,Екатеринбург,Казань,1
24728,Rome,Milan,1
34743,Москва,Санкт-Петербург,1
45440,Екатеринбург,Казань,1
48718,Сингапур (SIN),Бали (DPS),1
8478,Paris,Lyon,1
21986,Екатеринбург,Казань,1
8126,Новосибирск,Горно-Алтайск,3
34438,Краснодар,Сочи,1
45682,London,Edinburgh,1
26950,Краснодар,Сочи,1
36512,Лондон (LHR),Нью-Йорк (JFK),1
7365,Paris,Lyon,1
29340,Стамбул (IST),Афины (ATH),1
2216,Chicago,Miami,1
2936,Париж (CDG),Рим (FCO),3
802,Chicago,Miami,1
11194,Paris,Lyon,2
49776,Берлин (BER),Амстердам (AMS),1
4738,Новосибирск,Горно-Алтайск,1
41685,London,Edinburgh,2
15620,Paris,Lyon,1
46319,Париж (CDG),Рим (FCO),1
11108,Paris,Lyon,2
43136,Сингапур (SIN),Бали (DPS),1
22752,Rome,Milan,1
46571,Мадрид (MAD),Барселона,1
9289,Москва,Санкт-Петербург,1
13801,Paris,Lyon,1
23212,New York,Los Angeles,2
15783,Москва (SVO),Париж (CDG),1
41965,Лондон (LHR),Нью-Йорк (JFK),2
46659,Новосибирск,Горно-Алтайск,1
3925,Лондон (LHR),Нью-Йорк (JFK),1
10034,Мюнхен,Вена,1
43790,Токио (HND),Сеул (ICN),2
1968,Токио (HND),Сеул (ICN),1
8473,Париж (CDG),Рим (FCO),2
22839,Краснодар,Сочи,1
534,Стамбул (IST),Афины (ATH),1
25455,New York,Los Angeles,1
23083,Берлин (BER),Амстердам (AMS),2
44287,Москва (SVO),Париж (CDG),1
27302,Екатеринбург,Казань,1
34522,Москва,Санкт-Петербург,1
36842,Стамбул (IST),Афины (ATH),2
3858,Москва (SVO),Париж (CDG),1
44458,Москва (SVO),Париж (CDG),1
26873,Стамбул (IST),Афины (ATH),1
18361,Париж (CDG),Рим (FCO),1
37698,Мюнхен,Вена,3
13358,Сингапур (SIN),Бали (DPS),1
19096,Краснодар,Сочи,1
24090,Мадрид (MAD),Барселона,2
43633,New York,Los Angeles,1
8698,Лондон (LHR),Нью-Йорк (JFK),1
23152,Екатеринбург,Казань,1
48493,Сингапур (SIN),Бали (DPS),1
18641,Мадрид (MAD),Барселона,1
1223,Rome,Milan,1
48439,Берлин (BER),Амстердам (AMS),1
35076,Мадрид (MAD),Барселона,1
33700,Мюнхен,Вена,1
2040,Москва,Санкт-Петербург,1
30039,Мюнхен,Вена,1
5711,Москва,Санкт-Петербург,1
25606,London,Edinburgh,1
46930,Дубай (DXB),Бангкок (BKK),1
39115,Стамбул (IST),Афины (ATH),1
9947,Новосибирск,Горно-Алтайск,1
15754,Краснодар,Сочи,2
941,Сингапур (SIN),Бали (DPS),1
4703,Мадрид (MAD),Барселона,1
36532,Берлин (BER),Амстердам (AMS),1
7849,Rome,Milan,2
479,Краснодар,Сочи,1
26570,Стамбул (IST),Афины (ATH),1
31106,Берлин (BER),Амстердам (AMS),1
20555,Лондон (LHR),Нью-Йорк (JFK),1
3297,Мадрид (MAD),Барселона,1
49968,Стамбул (IST),Афины (ATH),1
42901,Токио (HND),Сеул (ICN),1
1207,Краснодар,Сочи,1
46275,Париж (CDG),Рим (FCO),1
10731,Стамбул (IST),Афины (ATH),2
47083,Rome,Milan,2
5871,Краснодар,Сочи,1
39343,Frankfurt,Hamburg,1
25099,New York,Los Angeles,1
36728,Лондон (LHR),Нью-Йорк (JFK),1
39925,Краснодар,Сочи,1
24466,Екатеринбург,Казань,1
3924,Chicago,Miami,1
22075,New York,Los Angeles,1
4193,Paris,Lyon,1
3847,Краснодар,Сочи,1
29232,Лондон (LHR),Нью-Йорк (JFK),1
19198,London,Edinburgh,1
22459,Мадрид (MAD),Барселона,1
140,Дубай (DXB),Бангкок (BKK),1
20977,Краснодар,Сочи,1
14363,Дубай (DXB),Бангкок (BKK),1
10986,Новосибирск,Горно-Алтайск,1
41766,Chicago,Miami,1
11200,Мадрид (MAD),Барселона,2
35345,Rome,Milan,2
12699,Краснодар,Сочи,1
21712,Rome,Milan,2
29755,Frankfurt,Hamburg,1
42740,Берлин (BER),Амстердам (AMS),1
2274,Paris,Lyon,1
37591,Екатеринбург,Казань,2
13637,Rome,Milan,2
38647,Краснодар,Сочи,1
29665,Екатеринбург,Казань,2
6511,Мадрид (MAD),Барселона,1
10841,Мюнхен,Вена,1
49331,Мюнхен,Вена,1
4785,Мюнхен,Вена,1
14406,Chicago,Miami,2
23770,Сингапур (SIN),Бали (DPS),1
33563,Париж (CDG),Рим (FCO),2
46959,London,Edinburgh,1
7841,Париж (CDG),Рим (FCO),1
19398,Москва,Санкт-Петербург,2
27361,Екатеринбург,Казань,1
15165,London,Edinburgh,1
15946,Краснодар,Сочи,3
10703,Chicago,Miami,1
11845,Москва,Санкт-Петербург,1
26874,Токио (HND),Сеул (ICN),1
15717,Токио (HND),Сеул (ICN),2
8668,Мадрид (MAD),Барселона,1
29966,Дубай (DXB),Бангкок (BKK),1
6281,Париж (CDG),Рим (FCO),1
24840,Москва (SVO),Париж (CDG),1
6856,Мюнхен,Вена,2
39061,Новосибирск,Горно-Алтайск,2
6496,Токио (HND),Сеул (ICN),1
19833,Лондон (LHR),Нью-Йорк (JFK),1
15283,Лондон (LHR),Нью-Йорк (JFK),2
7383,Москва,Санкт-Петербург,1
10323,Краснодар,Сочи,1
20986,Берлин (BER),Амстердам (AMS),2
35226,London,Edinburgh,1
20088,New York,Los Angeles,1
27038,Paris,Lyon,1
8524,Сингапур (SIN),Бали (DPS),1
12476,Мюнхен,Вена,1
35030,Мюнхен,Вена,1
15719,Москва (SVO),Париж (CDG),1
40452,Frankfurt,Hamburg,1
7121,Берлин (BER),Амстердам (AMS),1
28137,Chicago,Miami,1
42767,Мадрид (MAD),Барселона,1
30330,Екатеринбург,Казань,2
33606,Мадрид (MAD),Барселона,2
23148,Берлин (BER),Амстердам (AMS),1
1769,Новосибирск,Горно-Алтайск,1
35161,Екатеринбург,Казань,1
19537,Екатеринбург,Казань,1
42404,Frankfurt,Hamburg,2
5471,Москва,Санкт-Петербург,1
10382,Дубай (DXB),Бангкок (BKK),3
9635,Стамбул (IST),Афины (ATH),1
21591,Новосибирск,Горно-Алтайск,2
5039,London,Edinburgh,2
31618,Лондон (LHR),Нью-Йорк (JFK),1
18787,Новосибирск,Горно-Алтайск,1
6127,Париж (CDG),Рим (FCO),1
4243,Екатеринбург,Казань,1
6558,Дубай (DXB),Бангкок (BKK),1
28935,Краснодар,Сочи,1
18167,Paris,Lyon,1
5612,Chicago,Miami,1
17710,Екатеринбург,Казань,2
19178,Лондон (LHR),Нью-Йорк (JFK),1
1432,Краснодар,Сочи,3
46411,London,Edinburgh,1
44290,Rome,Milan,1
38372,Chicago,Miami,1
115,Chicago,Miami,2
14828,Париж (CDG),Рим (FCO),1
10896,Париж (CDG),Рим (FCO),2
38776,Мадрид (MAD),Барселона,1
10838,New York,Los Angeles,1
35748,Дубай (DXB),Бангкок (BKK),1
21695,Берлин (BER),Амстердам (AMS),2
15519,Сингапур (SIN),Бали (DPS),2
15205,Берлин (BER),Амстердам (AMS),1
32951,Москва,Санкт-Петербург,1
48255,Москва (SVO),Париж (CDG),1
21520,Лондон (LHR),Нью-Йорк (JFK),1
29812,Берлин (BER),Амстердам (AMS),1
3372,Мюнхен,Вена,1
22635,Берлин (BER),Амстердам (AMS),1
22193,Сингапур (SIN),Бали (DPS),1
6407,Москва (SVO),Париж (CDG),1
39473,Краснодар,Сочи,2
43619,Берлин (BER),Амстердам (AMS),1
9925,Токио (HND),Сеул (ICN),1
16157,Лондон (LHR),Нью-Йорк (JFK),1
16409,Краснодар,Сочи,1
13457,London,Edinburgh,1
7942,Мадрид (MAD),Барселона,1
39070,Frankfurt,Hamburg,1
43534,Paris,Lyon,2
30247,Сингапур (SIN),Бали (DPS),1
26097,Chicago,Miami,1
23312,Лондон (LHR),Нью-Йорк (JFK),1
46010,Берлин (BER),Амстердам (AMS),3
26334,Chicago,Miami,1
35088,New York,Los Angeles,1
18843,Токио (HND),Сеул (ICN),1
4468,Москва (SVO),Париж (CDG),1
23813,Frankfurt,Hamburg,1
1889,Chicago,Miami,2
7557,Москва (SVO),Париж (CDG),1
30773,Лондон (LHR),Нью-Йорк (JFK),2
16564,Мюнхен,Вена,1
43308,Дубай (DXB),Бангкок (BKK),1
8335,London,Edinburgh,1
24706,Берлин (BER),Амстердам (AMS),1
48677,Новосибирск,Горно-Алтайск,1
13760,Paris,Lyon,1
17365,Дубай (DXB),Бангкок (BKK),1
28339,Москва,Санкт-Петербург,1
37085,Москва,Санкт-Петербург,1
36752,Дубай (DXB),Бангкок (BKK),1
32545,London,Edinburgh,2
44616,Париж (CDG),Рим (FCO),2
34254,London,Edinburgh,1
46426,Frankfurt,Hamburg,2
40930,Мюнхен,Вена,1
49696,Frankfurt,Hamburg,1
34962,Москва (SVO),Париж (CDG),3
49034,Новосибирск,Горно-Алтайск,1
22658,Краснодар,Сочи,1
29549,Сингапур (SIN),Бали (DPS),1
2489,Frankfurt,Hamburg,1
36571,Москва,Санкт-Петербург,1
5876,Мадрид (MAD),Барселона,2
7710,Rome,Milan,1
38147,Сингапур (SIN),Бали (DPS),2
48226,Мюнхен,Вена,1
44708,Новосибирск,Горно-Алтайск,1
45152,Москва,Санкт-Петербург,1
200,Мадрид (MAD),Барселона,1
23268,Frankfurt,Hamburg,1
1131,Лондон (LHR),Нью-Йорк (JFK),2
3291,Екатеринбург,Казань,2
48009,Екатеринбург,Казань,1
29547,Мадрид (MAD),Барселона,1
37340,Екатеринбург,Казань,1
20460,Сингапур (SIN),Бали (DPS),1
27293,Мадрид (MAD),Барселона,1
33326,Лондон (LHR),Нью-Йорк (JFK),2
44210,Токио (HND),Сеул (ICN),1
12717,Москва,Санкт-Петербург,1
23280,London,Edinburgh,2
29026,Chicago,Miami,1
6501,London,Edinburgh,2
39719,Москва,Санкт-Петербург,1
5298,Дубай (DXB),Бангкок (BKK),1
34044,Краснодар,Сочи,1
22423,Стамбул (IST),Афины (ATH),1
49035,Paris,Lyon,1
774,Париж (CDG),Рим (FCO),1
32962,Москва,Санкт-Петербург,1
45952,Новосибирск,Горно-Алтайск,1
37975,Frankfurt,Hamburg,2
33579,New York,Los Angeles,1
48954,Екатеринбург,Казань,1
12104,Москва,Санкт-Петербург,1
15444,Москва,Санкт-Петербург,1
14954,Стамбул (IST),Афины (ATH),1
16359,Краснодар,Сочи,1
17634,Paris,Lyon,1
3535,Краснодар,Сочи,2
24536,Берлин (BER),Амстердам (AMS),1
5268,Дубай (DXB),Бангкок (BKK),1
30580,Мадрид (MAD),Барселона,1
20562,Мадрид (MAD),Барселона,1
21379,Париж (CDG),Рим (FCO),1
33621,Новосибирск,Горно-Алтайск,1
45791,Берлин (BER),Амстердам (AMS),2
39892,Лондон (LHR),Нью-Йорк (JFK),1
39966,Екатеринбург,Казань,1
29097,Сингапур (SIN),Бали (DPS),1
21155,Берлин (BER),Амстердам (AMS),1
5117,Москва,Санкт-Петербург,1
48480,Екатеринбург,Казань,2
27907,Париж (CDG),Рим (FCO),2
12686,Мюнхен,Вена,1
14083,Париж (CDG),Рим (FCO),1
43570,Мюнхен,Вена,2
30346,Берлин (BER),Амстердам (AMS),1
30591,Мюнхен,Вена,1
28989,Мадрид (MAD),Барселона,1
13430,Токио (HND),Сеул (ICN),1
15455,Сингапур (SIN),Бали (DPS),1
49256,Paris,Lyon,1
1565,Новосибирск,Горно-Алтайск,1
16393,New York,Los Angeles,2
1015,Берлин (BER),Амстердам (AMS),3
41992,Париж (CDG),Рим (FCO),1
15844,London,Edinburgh,1
28675,Берлин (BER),Амстердам (AMS),1
27697,Стамбул (IST),Афины (ATH),1
26707,Rome,Milan,1
23420,Токио (HND),Сеул (ICN),1
9521,London,Edinburgh,2
18291,Москва,Санкт-Петербург,1
42303,Новосибирск,Горно-Алтайск,1
49017,Стамбул (IST),Афины (ATH),2
33810,Париж (CDG),Рим (FCO),1
6372,Мадрид (MAD),Барселона,1
6120,Москва,Санкт-Петербург,1
37826,Дубай (DXB),Бангкок (BKK),3
9591,Дубай (DXB),Бангкок (BKK),1
26675,New York,Los Angeles,1
12466,Rome,Milan,1
21475,Chicago,Miami,1
32455,Стамбул (IST),Афины (ATH),2
23819,Екатеринбург,Казань,2
12696,Paris,Lyon,1
38037,Москва,Санкт-Петербург,1
34604,Берлин (BER),Амстердам (AMS),1
47905,Екатеринбург,Казань,3
28626,Стамбул (IST),Афины (ATH),2
9370,Париж (CDG),Рим (FCO),1
27726,Токио (HND),Сеул (ICN),1
12445,Москва,Санкт-Петербург,1
17886,Лондон (LHR),Нью-Йорк (JFK),2
283,Дубай (DXB),Бангкок (BKK),1
45652,Краснодар,Сочи,1
24894,New York,Los Angeles,1
1369,Мюнхен,Вена,1
46829,New York,Los Angeles,1
18702,Лондон (LHR),Нью-Йорк (JFK),1
26732,Стамбул (IST),Афины (ATH),1
17107,Париж (CDG),Рим (FCO),1
19778,Мюнхен,Вена,3
47179,Берлин (BER),Амстердам (AMS),2
31575,Москва,Санкт-Петербург,2
24859,Токио (HND),Сеул (ICN),2
44549,New York,Los Angeles,1
33777,Екатеринбург,Казань,1
48379,New York,Los Angeles,1
28056,Берлин (BER),Амстердам (AMS),1
20997,Chicago,Miami,1
40930,Мадрид (MAD),Барселона,2
10886,Москва,Санкт-Петербург,3
23566,Дубай (DXB),Бангкок (BKK),1
47849,Paris,Lyon,1
1789,Дубай (DXB),Бангкок (BKK),1
23467,Москва,Санкт-Петербург,2
30553,New York,Los Angeles,1
25414,Берлин (BER),Амстердам (AMS),1
11886,Мюнхен,Вена,1
2816,Париж (CDG),Рим (FCO),1
49641,Москва,Санкт-Петербург,1
3280,Стамбул (IST),Афины (ATH),2
26094,Краснодар,Сочи,3
12689,Chicago,Miami,1
21181,Москва,Санкт-Петербург,2
28809,Мюнхен,Вена,1
33229,New York,Los Angeles,1
21148,New York,Los Angeles,1
37849,Берлин (BER),Амстердам (AMS),1
43073,Екатеринбург,Казань,1
3029,Rome,Milan,1
21120,Берлин (BER),Амстердам (AMS),2
17067,New York,Los Angeles,2
8726,London,Edinburgh,1
13395,Краснодар,Сочи,1
38443,Chicago,Miami,1
26047,Париж (CDG),Рим (FCO),1
22684,Frankfurt,Hamburg,1
15238,Стамбул (IST),Афины (ATH),1
20445,Москва (SVO),Париж (CDG),1
2905,Москва,Санкт-Петербург,1
32858,New York,Los Angeles,1
30639,New York,Los Angeles,1
41353,Берлин (BER),Амстердам (AMS),1
6374,Екатеринбург,Казань,1
31423,Frankfurt,Hamburg,2
27385,London,Edinburgh,1
18673,Chicago,Miami,1
36518,Краснодар,Сочи,1
42683,Екатеринбург,Казань,1
1525,Rome,Milan,1
28664,Новосибирск,Горно-Алтайск,1
30209,New York,Los Angeles,2
40702,London,Edinburgh,1
49215,Новосибирск,Горно-Алтайск,1
31887,Сингапур (SIN),Бали (DPS),3
19194,London,Edinburgh,1
44002,Лондон (LHR),Нью-Йорк (JFK),1
25422,Дубай (DXB),Бангкок (BKK),1
42149,Краснодар,Сочи,1
28678,Токио (HND),Сеул (ICN),1
31163,Rome,Milan,2
25577,Стамбул (IST),Афины (ATH),1
25249,Екатеринбург,Казань,2
25646,Rome,Milan,1
19387,Paris,Lyon,2
13465,London,Edinburgh,1
8614,Мюнхен,Вена,1
34665,Frankfurt,Hamburg,2
38447,Екатеринбург,Казань,1
45761,Краснодар,Сочи,1
44749,London,Edinburgh,1
44856,Москва (SVO),Париж (CDG),2
26582,Новосибирск,Горно-Алтайск,1
2828,London,Edinburgh,1
40464,Мюнхен,Вена,2
22220,London,Edinburgh,1
49850,Дубай (DXB),Бангкок (BKK),2
16365,Краснодар,Сочи,1
45882,Лондон (LHR),Нью-Йорк (JFK),1
44862,Сингапур (SIN),Бали (DPS),1
5173,Paris,Lyon,1
17916,Екатеринбург,Казань,1
27952,Париж (CDG),Рим (FCO),1
33788,Москва (SVO),Париж (CDG),1
6280,Rome,Milan,1
19100,Екатеринбург,Казань,1
33264,New York,Los Angeles,1
7464,Rome,Milan,2
21118,Москва,Санкт-Петербург,1
9621,Стамбул (IST),Афины (ATH),1
32752,Париж (CDG),Рим (FCO),1
41154,Москва,Санкт-Петербург,1
2534,Лондон (LHR),Нью-Йорк (JFK),1
2422,Сингапур (SIN),Бали (DPS),1
25207,Мадрид (MAD),Барселона,2
40146,New York,Los Angeles,1
46676,Frankfurt,Hamburg,1
160,Frankfurt,Hamburg,1
16673,Париж (CDG),Рим (FCO),1
20439,Chicago,Miami,1
45017,Стамбул (IST),Афины (ATH),1
42301,Париж (CDG),Рим (FCO),1
13654,London,Edinburgh,1
20021,Лондон (LHR),Нью-Йорк (JFK),1
15949,Краснодар,Сочи,1
26181,Frankfurt,Hamburg,1
36845,Chicago,Miami,1
7226,Берлин (BER),Амстердам (AMS),1
16001,Париж (CDG),Рим (FCO),1
2260,Новосибирск,Горно-Алтайск,1
38499,Paris,Lyon,1
30899,Chicago,Miami,1
11161,Париж (CDG),Рим (FCO),1
39510,London,Edinburgh,1
11323,Москва,Санкт-Петербург,1
39179,Токио (HND),Сеул (ICN),1
27048,Мюнхен,Вена,2
44479,Токио (HND),Сеул (ICN),1
13810,Токио (HND),Сеул (ICN),1
14846,Москва,Санкт-Петербург,2
43208,Берлин (BER),Амстердам (AMS),1
38891,Москва (SVO),Париж (CDG),1
37687,Берлин (BER),Амстердам (AMS),1
32910,Новосибирск,Горно-Алтайск,1
42598,London,Edinburgh,1
32635,Краснодар,Сочи,3
48576,Дубай (DXB),Бангкок (BKK),2
16596,Мадрид (MAD),Барселона,1
9865,New York,Los Angeles,2
33251,Мадрид (MAD),Барселона,2
5772,Дубай (DXB),Бангкок (BKK),1
29753,Москва,Санкт-Петербург,2
17713,Лондон (LHR),Нью-Йорк (JFK),1
26007,Москва,Санкт-Петербург,1
9915,Париж (CDG),Рим (FCO),2
8138,London,Edinburgh,1
7394,Rome,Milan,1
18335,Берлин (BER),Амстердам (AMS),1
15014,Берлин (BER),Амстердам (AMS),1
46378,Frankfurt,Hamburg,1
39092,London,Edinburgh,1
12134,London,Edinburgh,2
17869,Frankfurt,Hamburg,1
18306,Берлин (BER),Амстердам (AMS),1
28211,Новосибирск,Горно-Алтайск,2
35111,Москва,Санкт-Петербург,2
25489,Краснодар,Сочи,1
40045,Rome,Milan,1
48779,Chicago,Miami,1
17869,Москва (SVO),Париж (CDG),2
9088,Paris,Lyon,2
18311,Краснодар,Сочи,2
48077,Frankfurt,Hamburg,2
31780,Новосибирск,Горно-Алтайск,1
2089,Москва,Санкт-Петербург,1
46894,Сингапур (SIN),Бали (DPS),1
14281,New York,Los Angeles,1
18489,Мюнхен,Вена,2
37084,Токио (HND),Сеул (ICN),2
32233,Берлин (BER),Амстердам (AMS),1
48232,Сингапур (SIN),Бали (DPS),1
43970,Мюнхен,Вена,2
41437,Мадрид (MAD),Барселона,1
42661,Стамбул (IST),Афины (ATH),1
1430,Chicago,Miami,1
18708,Мадрид (MAD),Барселона,1
3008,London,Edinburgh,1
34809,Екатеринбург,Казань,1
11710,Екатеринбург,Казань,1
36518,New York,Los Angeles,2
21947,Токио (HND),Сеул (ICN),2
35365,Краснодар,Сочи,1
238,Rome,Milan,1
49091,Chicago,Miami,2
2042,Стамбул (IST),Афины (ATH),1
4257,Токио (HND),Сеул (ICN),1
41087,Екатеринбург,Казань,1
26422,Новосибирск,Горно-Алтайск,1
13804,Париж (CDG),Рим (FCO),2
15874,New York,Los Angeles,2
37468,Rome,Milan,2
8740,Краснодар,Сочи,1
22284,Екатеринбург,Казань,1
27865,Мадрид (MAD),Барселона,2
7567,Дубай (DXB),Бангкок (BKK),1
5903,New York,Los Angeles,2
37267,Екатеринбург,Казань,1
3184,Стамбул (IST),Афины (ATH),1
43580,London,Edinburgh,1
14636,Краснодар,Сочи,1
12697,Берлин (BER),Амстердам (AMS),1
13297,Краснодар,Сочи,1
4062,Токио (HND),Сеул (ICN),1
37348,Москва (SVO),Париж (CDG),1
34198,Мюнхен,Вена,1
33360,Токио (HND),Сеул (ICN),1
21820,Лондон (LHR),Нью-Йорк (JFK),1
49805,Frankfurt,Hamburg,1
39620,Paris,Lyon,1
43012,Дубай (DXB),Бангкок (BKK),1
45801,London,Edinburgh,1
7587,Лондон (LHR),Нью-Йорк (JFK),1
36151,London,Edinburgh,2
44005,New York,Los Angeles,1
10446,London,Edinburgh,2
29205,Москва (SVO),Париж (CDG),2
11916,Новосибирск,Горно-Алтайск,1
36884,Берлин (BER),Амстердам (AMS),1
33046,Краснодар,Сочи,1
14859,Rome,Milan,1
11406,Новосибирск,Горно-Алтайск,1
2168,Токио (HND),Сеул (ICN),1
4411,Токио (HND),Сеул (ICN),1
45170,Берлин (BER),Амстердам (AMS),1
36043,Краснодар,Сочи,1
2669,Дубай (DXB),Бангкок (BKK),1
13982,Сингапур (SIN),Бали (DPS),1
27352,London,Edinburgh,2
30847,London,Edinburgh,1
37527,London,Edinburgh,1
19314,Мадрид (MAD),Барселона,2
23320,Chicago,Miami,1
27374,Мюнхен,Вена,1
604,Екатеринбург,Казань,1
44270,Frankfurt,Hamburg,2
12372,Токио (HND),Сеул (ICN),2
2050,Париж (CDG),Рим (FCO),1
43853,London,Edinburgh,1
46984,Frankfurt,Hamburg,1
40777,London,Edinburgh,1
9721,Стамбул (IST),Афины (ATH),2
12882,Стамбул (IST),Афины (ATH),1
41484,Chicago,Miami,1
49705,Стамбул (IST),Афины (ATH),2
49396,Берлин (BER),Амстердам (AMS),1
27031,Париж (CDG),Рим (FCO),1
45684,Берлин (BER),Амстердам (AMS),1
42060,Мадрид (MAD),Барселона,1
17635,Новосибирск,Горно-Алтайск,1
34658,Москва,Санкт-Петербург,1
13642,London,Edinburgh,1
47518,Paris,Lyon,1
822,Краснодар,Сочи,1
10583,Мюнхен,Вена,1
32839,London,Edinburgh,1
22945,Москва (SVO),Париж (CDG),1
39543,Дубай (DXB),Бангкок (BKK),1
12259,London,Edinburgh,1
44731,Лондон (LHR),Нью-Йорк (JFK),3
37114,Берлин (BER),Амстердам (AMS),1
157,Мюнхен,Вена,1
25036,Стамбул (IST),Афины (ATH),1
45724,Rome,Milan,1
3556,London,Edinburgh,1
24294,Токио (HND),Сеул (ICN),1
33176,Paris,Lyon,1
33611,Москва,Санкт-Петербург,1
38534,Москва,Санкт-Петербург,1
40832,Токио (HND),Сеул (ICN),1
29915,Париж (CDG),Рим (FCO),1
38024,Дубай (DXB),Бангкок (BKK),1
38503,Rome,Milan,1
36573,Токио (HND),Сеул (ICN),1
48978,Мюнхен,Вена,3
3925,Paris,Lyon,2
38541,Мадрид (MAD),Барселона,1
21769,Стамбул (IST),Афины (ATH),1
2818,Дубай (DXB),Бангкок (BKK),1
37951,Новосибирск,Горно-Алтайск,1
2064,Токио (HND),Сеул (ICN),1
39306,Chicago,Miami,1
9042,Париж (CDG),Рим (FCO),1
40337,Новосибирск,Горно-Алтайск,1
12756,Краснодар,Сочи,1
15293,Москва,Санкт-Петербург,1
6385,Берлин (BER),Амстердам (AMS),1
31779,Chicago,Miami,2
5968,Берлин (BER),Амстердам (AMS),1
1421,Paris,Lyon,1
38310,Токио (HND),Сеул (ICN),1
18228,Токио (HND),Сеул (ICN),2
18111,Стамбул (IST),Афины (ATH),2
43606,Дубай (DXB),Бангкок (BKK),1
5025,Москва,Санкт-Петербург,2
39478,Дубай (DXB),Бангкок (BKK),2
3350,Екатеринбург,Казань,1
43573,Новосибирск,Горно-Алтайск,1
38680,Мадрид (MAD),Барселона,2
33110,Лондон (LHR),Нью-Йорк (JFK),1
31764,Москва,Санкт-Петербург,1
23767,Chicago,Miami,1
14986,Париж (CDG),Рим (FCO),1
45054,Краснодар,Сочи,1
38231,Екатеринбург,Казань,1
18706,Дубай (DXB),Бангкок (BKK),1
8494,Лондон (LHR),Нью-Йорк (JFK),1
6875,Париж (CDG),Рим (FCO),1
24473,Париж (CDG),Рим (FCO),2
18997,Екатеринбург,Казань,1
26093,Париж (CDG),Рим (FCO),1
40318,London,Edinburgh,2
21972,Москва,Санкт-Петербург,1
18842,Москва,Санкт-Петербург,2
15718,Rome,Milan,1
35131,Токио (HND),Сеул (ICN),1
47687,Сингапур (SIN),Бали (DPS),1
9217,Москва (SVO),Париж (CDG),2
4580,Москва,Санкт-Петербург,1
42875,Paris,Lyon,1
28260,Rome,Milan,1
914,Chicago,Miami,1
40328,London,Edinburgh,2
26757,Сингапур (SIN),Бали (DPS),1
23714,Париж (CDG),Рим (FCO),1
9550,Новосибирск,Горно-Алтайск,2
12045,Новосибирск,Горно-Алтайск,1
3417,Токио (HND),Сеул (ICN),2
6309,Москва (SVO),Париж (CDG),1
15813,Краснодар,Сочи,1
10815,Париж (CDG),Рим (FCO),1
12890,London,Edinburgh,1
17426,Токио (HND),Сеул (ICN),1
26993,Екатеринбург,Казань,1
27771,Новосибирск,Горно-Алтайск,1
25670,London,Edinburgh,1
39580,Екатеринбург,Казань,1
10125,Стамбул (IST),Афины (ATH),1
37354,Сингапур (SIN),Бали (DPS),1
1004,Мадрид (MAD),Барселона,1
6161,Краснодар,Сочи,1
27386,Chicago,Miami,1
48817,Chicago,Miami,1
32067,Frankfurt,Hamburg,1
1111,New York,Los Angeles,1
38256,New York,Los Angeles,1
39447,Сингапур (SIN),Бали (DPS),1
31102,Мадрид (MAD),Барселона,1
721,Дубай (DXB),Бангкок (BKK),1
23697,New York,Los Angeles,1
35257,Paris,Lyon,1
7311,Новосибирск,Горно-Алтайск,1
37878,Rome,Milan,1
44367,Дубай (DXB),Бангкок (BKK),3
9494,London,Edinburgh,1
14185,Краснодар,Сочи,2
18529,Лондон (LHR),Нью-Йорк (JFK),2
31864,Москва,Санкт-Петербург,1
41005,Токио (HND),Сеул (ICN),1
22499,Лондон (LHR),Нью-Йорк (JFK),1
44574,Мадрид (MAD),Барселона,1
35691,Стамбул (IST),Афины (ATH),1
32249,Лондон (LHR),Нью-Йорк (JFK),2
48251,Москва (SVO),Париж (CDG),1
32282,Новосибирск,Горно-Алтайск,2
48719,Париж (CDG),Рим (FCO),1
46411,Краснодар,Сочи,2
19506,Сингапур (SIN),Бали (DPS),2
29025,Новосибирск,Горно-Алтайск,1
31471,Москва,Санкт-Петербург,1
49487,London,Edinburgh,1
32821,Краснодар,Сочи,1
41684,Дубай (DXB),Бангкок (BKK),1
23173,London,Edinburgh,1
48376,Москва,Санкт-Петербург,1
18023,Paris,Lyon,1
21183,Мадрид (MAD),Барселона,1
19248,Новосибирск,Горно-Алтайск,2
23253,Стамбул (IST),Афины (ATH),2
44233,Краснодар,Сочи,1
32695,Frankfurt,Hamburg,1
36393,Екатеринбург,Казань,1
17701,Москва (SVO),Париж (CDG),3
40973,Токио (HND),Сеул (ICN),1
46934,Краснодар,Сочи,1
30770,Стамбул (IST),Афины (ATH),2
30071,Paris,Lyon,1
49724,Дубай (DXB),Бангкок (BKK),1
6839,Лондон (LHR),Нью-Йорк (JFK),1
28607,Екатеринбург,Казань,2
24626,Париж (CDG),Рим (FCO),1
46060,Краснодар,Сочи,1
43551,Екатеринбург,Казань,2
23236,Новосибирск,Горно-Алтайск,1
10713,Берлин (BER),Амстердам (AMS),1
15562,Дубай (DXB),Бангкок (BKK),1
38750,Rome,Milan,1
19928,Токио (HND),Сеул (ICN),1
5832,Берлин (BER),Амстердам (AMS),1
41447,London,Edinburgh,1
45600,Сингапур (SIN),Бали (DPS),1
13983,Мюнхен,Вена,1
4439,Москва,Санкт-Петербург,1
33919,Краснодар,Сочи,1
7083,Краснодар,Сочи,1
23624,Новосибирск,Горно-Алтайск,1
37002,Краснодар,Сочи,1
38386,Париж (CDG),Рим (FCO),2
49511,Стамбул (IST),Афины (ATH),2
32019,Chicago,Miami,1
11225,Paris,Lyon,1
3917,Мюнхен,Вена,1
13290,Москва (SVO),Париж (CDG),2
32550,Париж (CDG),Рим (FCO),1
44278,Paris,Lyon,1
1179,Мюнхен,Вена,1
25247,Лондон (LHR),Нью-Йорк (JFK),1
31915,Frankfurt,Hamburg,2
2343,Дубай (DXB),Бангкок (BKK),1
24598,Мадрид (MAD),Барселона,2
35854,Москва,Санкт-Петербург,1
40676,Лондон (LHR),Нью-Йорк (JFK),1
7669,Дубай (DXB),Бангкок (BKK),1
40956,London,Edinburgh,1
35019,Дубай (DXB),Бангкок (BKK),1
23965,Frankfurt,Hamburg,2
34710,Лондон (LHR),Нью-Йорк (JFK),1
35023,New York,Los Angeles,1
31456,Paris,Lyon,1
15250,Paris,Lyon,1
3706,Rome,Milan,1
8788,Стамбул (IST),Афины (ATH),1
20477,Екатеринбург,Казань,1
41770,Париж (CDG),Рим (FCO),1
42791,Сингапур (SIN),Бали (DPS),1
6342,Дубай (DXB),Бангкок (BKK),1
779,Москва,Санкт-Петербург,1
43225,Москва,Санкт-Петербург,1
3455,Chicago,Miami,1
6409,Chicago,Miami,2
16226,Новосибирск,Горно-Алтайск,1
44726,Frankfurt,Hamburg,2
22175,Сингапур (SIN),Бали (DPS),3
5530,Москва,Санкт-Петербург,1
22291,Мюнхен,Вена,2
26552,Париж (CDG),Рим (FCO),1
7100,Стамбул (IST),Афины (ATH),1
15402,Frankfurt,Hamburg,2
47453,Paris,Lyon,1
23141,Лондон (LHR),Нью-Йорк (JFK),1
20274,Екатеринбург,Казань,2
29918,Париж (CDG),Рим (FCO),1
30873,Мюнхен,Вена,1
24090,Rome,Milan,3
11697,New York,Los Angeles,2
30626,Мадрид (MAD),Барселона,2
20741,Москва (SVO),Париж (CDG),2
43610,Стамбул (IST),Афины (ATH),1
43905,Мюнхен,Вена,1
37882,Москва (SVO),Париж (CDG),1
9719,Краснодар,Сочи,1
45311,Екатеринбург,Казань,1
25776,Москва (SVO),Париж (CDG),3
27022,Frankfurt,Hamburg,1
46481,Мадрид (MAD),Барселона,3
27797,New York,Los Angeles,2
1732,Rome,Milan,1
44878,Краснодар,Сочи,1
2715,Мадрид (MAD),Барселона,1
7338,Токио (HND),Сеул (ICN),2
27119,Мадрид (MAD),Барселона,1
6014,Новосибирск,Горно-Алтайск,1
39707,Париж (CDG),Рим (FCO),1
8496,Токио (HND),Сеул (ICN),2
46196,Берлин (BER),Амстердам (AMS),1
42609,Москва,Санкт-Петербург,1
3888,Берлин (BER),Амстердам (AMS),2
25441,Лондон (LHR),Нью-Йорк (JFK),1
43698,Новосибирск,Горно-Алтайск,1
1242,Frankfurt,Hamburg,1
6189,Мадрид (MAD),Барселона,1
23037,Лондон (LHR),Нью-Йорк (JFK),1
31177,Новосибирск,Горно-Алтайск,1
44045,Frankfurt,Hamburg,1
22397,Берлин (BER),Амстердам (AMS),1
2430,Chicago,Miami,1
31172,Лондон (LHR),Нью-Йорк (JFK),3
37731,Краснодар,Сочи,1
24274,New York,Los Angeles,1
13404,Москва (SVO),Париж (CDG),2
19778,Новосибирск,Горно-Алтайск,4
12984,Париж (CDG),Рим (FCO),1
28262,Новосибирск,Горно-Алтайск,1
36601,Chicago,Miami,2
1359,Дубай (DXB),Бангкок (BKK),1
20664,Москва,Санкт-Петербург,1
28751,Лондон (LHR),Нью-Йорк (JFK),1
4412,Лондон (LHR),Нью-Йорк (JFK),1
43753,Paris,Lyon,1
22042,Frankfurt,Hamburg,1
7792,Мадрид (MAD),Барселона,1
24709,Берлин (BER),Амстердам (AMS),1
35120,London,Edinburgh,1
27722,Paris,Lyon,2
25832,Токио (HND),Сеул (ICN),2
2807,New York,Los Angeles,1
45250,Москва (SVO),Париж (CDG),2
42836,Rome,Milan,1
46766,Москва,Санкт-Петербург,2
123,Frankfurt,Hamburg,1
45791,Стамбул (IST),Афины (ATH),3
42916,Дубай (DXB),Бангкок (BKK),2
8876,Frankfurt,Hamburg,1
44311,Мадрид (MAD),Барселона,1
10935,Екатеринбург,Казань,1
18007,Токио (HND),Сеул (ICN),1
12076,Токио (HND),Сеул (ICN),1
1674,London,Edinburgh,1
16004,Мюнхен,Вена,1
12261,Сингапур (SIN),Бали (DPS),1
26159,Берлин (BER),Амстердам (AMS),2
7950,Rome,Milan,2
20436,Дубай (DXB),Бангкок (BKK),1
25482,Москва (SVO),Париж (CDG),1
4328,Краснодар,Сочи,1
650,Paris,Lyon,2
30784,Новосибирск,Горно-Алтайск,1
49718,Дубай (DXB),Бангкок (BKK),1
46796,Дубай (DXB),Бангкок (BKK),1
45997,Мюнхен,Вена,2
20262,Москва (SVO),Париж (CDG),2
20065,London,Edinburgh,1
30552,New York,Los Angeles,1
20913,Берлин (BER),Амстердам (AMS),1
32482,Лондон (LHR),Нью-Йорк (JFK),1
6208,Сингапур (SIN),Бали (DPS),2
6728,Берлин (BER),Амстердам (AMS),1
28889,Токио (HND),Сеул (ICN),2
16083,New York,Los Angeles,1
23312,Новосибирск,Горно-Алтайск,2
144,New York,Los Angeles,1
23457,Frankfurt,Hamburg,2
31814,Paris,Lyon,1
25774,Берлин (BER),Амстердам (AMS),2
25624,Chicago,Miami,1
36834,Токио (HND),Сеул (ICN),1
29960,Екатеринбург,Казань,1
47286,London,Edinburgh,1
13173,Rome,Milan,1
20876,London,Edinburgh,1
29639,Chicago,Miami,1
9592,Rome,Milan,1
20081,Париж (CDG),Рим (FCO),1
35230,Токио (HND),Сеул (ICN),1
16777,Сингапур (SIN),Бали (DPS),2
21175,Сингапур (SIN),Бали (DPS),1
27670,Rome,Milan,1
41546,Paris,Lyon,1
38611,Краснодар,Сочи,2
10157,Rome,Milan,2
9294,New York,Los Angeles,2
26780,Берлин (BER),Амстердам (AMS),2
29832,Москва,Санкт-Петербург,1
37987,Екатеринбург,Казань,2
19234,Москва (SVO),Париж (CDG),1
43578,Paris,Lyon,2
42417,Лондон (LHR),Нью-Йорк (JFK),1
12392,Стамбул (IST),Афины (ATH),1
35645,Москва,Санкт-Петербург,1
3341,Мюнхен,Вена,2
49789,New York,Los Angeles,3
16717,Москва (SVO),Париж (CDG),1
15385,Париж (CDG),Рим (FCO),2
14469,Берлин (BER),Амстердам (AMS),1
198,Берлин (BER),Амстердам (AMS),1
15572,Мюнхен,Вена,2
1396,Frankfurt,Hamburg,1
8722,Мюнхен,Вена,1
47928,Мадрид (MAD),Барселона,1
36945,Лондон (LHR),Нью-Йорк (JFK),1
3798,London,Edinburgh,1
5734,Chicago,Miami,1
6126,Chicago,Miami,1
25072,Токио (HND),Сеул (ICN),1
19867,Берлин (BER),Амстердам (AMS),1
27441,Москва,Санкт-Петербург,1
35920,Париж (CDG),Рим (FCO),1
41151,Мюнхен,Вена,1
45330,Краснодар,Сочи,1
11939,Chicago,Miami,1
42380,Дубай (DXB),Бангкок (BKK),1
9457,Дубай (DXB),Бангкок (BKK),1
15383,Мадрид (MAD),Барселона,1
12144,Москва,Санкт-Петербург,1
16674,Екатеринбург,Казань,1
47910,Frankfurt,Hamburg,1
6166,Rome,Milan,1
12428,Москва,Санкт-Петербург,1
44615,Москва (SVO),Париж (CDG),1
25695,Берлин (BER),Амстердам (AMS),1
38571,Екатеринбург,Казань,1
18674,Paris,Lyon,1
3099,Chicago,Miami,1
23686,Мадрид (MAD),Барселона,1
16947,Стамбул (IST),Афины (ATH),1
31183,Дубай (DXB),Бангкок (BKK),2
19512,Мадрид (MAD),Барселона,1
46860,Paris,Lyon,1
44969,New York,Los Angeles,1
32264,Лондон (LHR),Нью-Йорк (JFK),1
26206,Краснодар,Сочи,1
49549,Москва,Санкт-Петербург,1
17871,Chicago,Miami,1
28400,Екатеринбург,Казань,1
11589,New York,Los Angeles,1
33927,Сингапур (SIN),Бали (DPS),2
49421,Мадрид (MAD),Барселона,3
6804,Берлин (BER),Амстердам (AMS),1
47834,Москва (SVO),Париж (CDG),2
14185,Стамбул (IST),Афины (ATH),3
38776,Москва (SVO),Париж (CDG),2
49040,Rome,Milan,1
41853,Краснодар,Сочи,1
38518,Стамбул (IST),Афины (ATH),1
47191,Дубай (DXB),Бангкок (BKK),2
18519,Москва,Санкт-Петербург,2
31766,Екатеринбург,Казань,2
49251,Краснодар,Сочи,1
42423,London,Edinburgh,1
39978,Новосибирск,Горно-Алтайск,1
9713,Мюнхен,Вена,1
13173,Краснодар,Сочи,2
7273,Мюнхен,Вена,1
40420,Лондон (LHR),Нью-Йорк (JFK),1
32053,Берлин (BER),Амстердам (AMS),2
49130,Мюнхен,Вена,1
12181,New York,Los Angeles,1
43261,Мюнхен,Вена,1
27549,London,Edinburgh,2
316,Rome,Milan,1
18698,Сингапур (SIN),Бали (DPS),1
46294,Токио (HND),Сеул (ICN),1
26494,Frankfurt,Hamburg,1
30735,New York,Los Angeles,1
40900,Москва,Санкт-Петербург,2
43309,Москва,Санкт-Петербург,1
36534,Лондон (LHR),Нью-Йорк (JFK),1
30126,Париж (CDG),Рим (FCO),1
41029,Париж (CDG),Рим (FCO),1
81,Москва (SVO),Париж (CDG),1
220,Frankfurt,Hamburg,1
29853,Мадрид (MAD),Барселона,1
5466,Дубай (DXB),Бангкок (BKK),1
10921,Берлин (BER),Амстердам (AMS),1
36495,Сингапур (SIN),Бали (DPS),1
26809,Москва,Санкт-Петербург,1
21317,Токио (HND),Сеул (ICN),1
9035,London,Edinburgh,1
18462,Стамбул (IST),Афины (ATH),2
13094,London,Edinburgh,1
44243,Мюнхен,Вена,2
715,Сингапур (SIN),Бали (DPS),1
44204,Frankfurt,Hamburg,2
20726,New York,Los Angeles,1
48490,Сингапур (SIN),Бали (DPS),1
27426,Стамбул (IST),Афины (ATH),1
22193,Токио (HND),Сеул (ICN),2
5440,Rome,Milan,2
29101,Екатеринбург,Казань,1
45771,Сингапур (SIN),Бали (DPS),2
21193,Стамбул (IST),Афины (ATH),1
34568,Токио (HND),Сеул (ICN),1
21247,Краснодар,Сочи,3
29650,Москва,Санкт-Петербург,1
11843,Chicago,Miami,2
14732,Мадрид (MAD),Барселона,1
39319,Frankfurt,Hamburg,1
25689,Краснодар,Сочи,2
47177,Стамбул (IST),Афины (ATH),1
17526,Rome,Milan,1
46490,Paris,Lyon,1
12025,Париж (CDG),Рим (FCO),1
45838,Chicago,Miami,1
28887,Сингапур (SIN),Бали (DPS),1
12676,Paris,Lyon,1
45985,London,Edinburgh,1
37947,Новосибирск,Горно-Алтайск,1
20265,Frankfurt,Hamburg,1
28897,Chicago,Miami,2
18423,Берлин (BER),Амстердам (AMS),1
2735,Rome,Milan,2
31078,Rome,Milan,1
20291,Берлин (BER),Амстердам (AMS),1
21185,Лондон (LHR),Нью-Йорк (JFK),1
36741,Токио (HND),Сеул (ICN),1
25879,Екатеринбург,Казань,1
36053,Москва,Санкт-Петербург,2
16667,Екатеринбург,Казань,1
18810,Париж (CDG),Рим (FCO),2
30653,Мюнхен,Вена,2
32623,Екатеринбург,Казань,1
42422,Мадрид (MAD),Барселона,1
42579,Новосибирск,Горно-Алтайск,1
30040,Токио (HND),Сеул (ICN),1
38745,Дубай (DXB),Бангкок (BKK),2
40648,Лондон (LHR),Нью-Йорк (JFK),1
43362,Токио (HND),Сеул (ICN),2
8416,Стамбул (IST),Афины (ATH),1
3841,Мадрид (MAD),Барселона,1
47180,Москва (SVO),Париж (CDG),1
46169,Chicago,Miami,1
21218,Сингапур (SIN),Бали (DPS),1
24825,Париж (CDG),Рим (FCO),2
49470,Париж (CDG),Рим (FCO),1
8558,Новосибирск,Горно-Алтайск,2
29031,Дубай (DXB),Бангкок (BKK),1
38539,Мадрид (MAD),Барселона,1
43970,Chicago,Miami,3
47721,Rome,Milan,1
13742,Rome,Milan,1
9627,Токио (HND),Сеул (ICN),1
7507,Chicago,Miami,1
45883,Стамбул (IST),Афины (ATH),1
37218,Мадрид (MAD),Барселона,1
14452,Токио (HND),Сеул (ICN),1
36798,Дубай (DXB),Бангкок (BKK),2
4066,London,Edinburgh,1
41508,Стамбул (IST),Афины (ATH),2
2612,New York,Los Angeles,1
48765,Paris,Lyon,1
24752,Москва,Санкт-Петербург,2
33687,Frankfurt,Hamburg,1
30341,Сингапур (SIN),Бали (DPS),1
30789,Frankfurt,Hamburg,1
27777,Мадрид (MAD),Барселона,1
28077,Токио (HND),Сеул (ICN),1
11737,Париж (CDG),Рим (FCO),1
39376,Мюнхен,Вена,1
35901,Париж (CDG),Рим (FCO),3
4605,Мюнхен,Вена,1
45723,Москва,Санкт-Петербург,1
36258,Москва (SVO),Париж (CDG),1
4858,Сингапур (SIN),Бали (DPS),1
39904,Сингапур (SIN),Бали (DPS),1
33008,Frankfurt,Hamburg,2
2657,Frankfurt,Hamburg,2
47917,Дубай (DXB),Бангкок (BKK),1
46346,Мадрид (MAD),Барселона,1
27381,Екатеринбург,Казань,2
13863,Берлин (BER),Амстердам (AMS),1
16316,Дубай (DXB),Бангкок (BKK),1
49821,Лондон (LHR),Нью-Йорк (JFK),2
18716,Москва,Санкт-Петербург,1
14505,Сингапур (SIN),Бали (DPS),1
15718,Rome,Milan,2
22785,Берлин (BER),Амстердам (AMS),3
48262,Токио (HND),Сеул (ICN),1
8734,Мадрид (MAD),Барселона,1
48716,Токио (HND),Сеул (ICN),2
17717,Chicago,Miami,1
5971,Rome,Milan,1
21199,Екатеринбург,Казань,1
12792,Париж (CDG),Рим (FCO),1
17425,Стамбул (IST),Афины (ATH),1
26740,Лондон (LHR),Нью-Йорк (JFK),1
13787,Frankfurt,Hamburg,2
7288,Frankfurt,Hamburg,2
25251,Мадрид (MAD),Барселона,1
20876,Paris,Lyon,2
23365,London,Edinburgh,2
48773,New York,Los Angeles,1
32138,Париж (CDG),Рим (FCO),1
16198,Мадрид (MAD),Барселона,1
8579,Лондон (LHR),Нью-Йорк (JFK),2
3790,Chicago,Miami,2
24002,Стамбул (IST),Афины (ATH),1
33986,Токио (HND),Сеул (ICN),1
3255,Лондон (LHR),Нью-Йорк (JFK),2
12342,Париж (CDG),Рим (FCO),2
48365,Берлин (BER),Амстердам (AMS),2
47017,Rome,Milan,2
38364,Токио (HND),Сеул (ICN),1
45037,Берлин (BER),Амстердам (AMS),2
47521,Лондон (LHR),Нью-Йорк (JFK),1
25158,Rome,Milan,1
39478,Chicago,Miami,3
46282,Москва (SVO),Париж (CDG),1
14809,Париж (CDG),Рим (FCO),1
10192,Сингапур (SIN),Бали (DPS),2
10917,London,Edinburgh,2
21945,Стамбул (IST),Афины (ATH),1
42484,Стамбул (IST),Афины (ATH),1
13193,Мюнхен,Вена,1
29972,Мюнхен,Вена,1
8630,Токио (HND),Сеул (ICN),1
40632,Дубай (DXB),Бангкок (BKK),1
16830,Москва,Санкт-Петербург,1
311,Краснодар,Сочи,2
6064,Берлин (BER),Амстердам (AMS),1
29239,Rome,Milan,2
26467,Москва,Санкт-Петербург,2
48399,Новосибирск,Горно-Алтайск,2
2364,Frankfurt,Hamburg,2
45057,Краснодар,Сочи,1
12256,Екатеринбург,Казань,1
6350,Paris,Lyon,2
2304,Стамбул (IST),Афины (ATH),2
49938,Лондон (LHR),Нью-Йорк (JFK),1
24672,Токио (HND),Сеул (ICN),1
29821,Берлин (BER),Амстердам (AMS),1
49262,Rome,Milan,2
7575,Новосибирск,Горно-Алтайск,1
9170,Rome,Milan,2
30499,Москва (SVO),Париж (CDG),1
37640,Rome,Milan,1
19859,Москва (SVO),Париж (CDG),2
19069,Стамбул (IST),Афины (ATH),1
10769,Сингапур (SIN),Бали (DPS),1
38996,Москва,Санкт-Петербург,1
42107,Мадрид (MAD),Барселона,1
413,Frankfurt,Hamburg,2
11985,Chicago,Miami,1
14161,Paris,Lyon,1
48158,Стамбул (IST),Афины (ATH),1
1793,Мюнхен,Вена,1
8058,Paris,Lyon,1
14536,New York,Los Angeles,1
42588,Токио (HND),Сеул (ICN),1
19463,Токио (HND),Сеул (ICN),1
17375,Rome,Milan,1
9979,London,Edinburgh,1
49120,Новосибирск,Горно-Алтайск,1
48264,Москва,Санкт-Петербург,2
23050,Москва (SVO),Париж (CDG),2
48116,Екатеринбург,Казань,2
38051,Frankfurt,Hamburg,1
22376,Берлин (BER),Амстердам (AMS),1
34366,Сингапур (SIN),Бали (DPS),1
31384,Лондон (LHR),Нью-Йорк (JFK),1
33439,Новосибирск,Горно-Алтайск,1
34363,Лондон (LHR),Нью-Йорк (JFK),1
42789,Москва (SVO),Париж (CDG),1
28776,Новосибирск,Горно-Алтайск,1
19261,London,Edinburgh,1
5087,Paris,Lyon,1
5659,Стамбул (IST),Афины (ATH),2
39284,Chicago,Miami,2
11089,Paris,Lyon,1
4647,Frankfurt,Hamburg,2
2962,Rome,Milan,2
36591,Мадрид (MAD),Барселона,1
9270,Мадрид (MAD),Барселона,1
36245,Мюнхен,Вена,1
4391,Стамбул (IST),Афины (ATH),1
19018,Париж (CDG),Рим (FCO),2
23471,Дубай (DXB),Бангкок (BKK),2
40049,Париж (CDG),Рим (FCO),1
39685,Москва (SVO),Париж (CDG),1
46769,Frankfurt,Hamburg,1
37172,Мюнхен,Вена,2
27446,Дубай (DXB),Бангкок (BKK),1
8207,New York,Los Angeles,2
40614,Токио (HND),Сеул (ICN),1
25973,Мюнхен,Вена,1
28475,Берлин (BER),Амстердам (AMS),1
8156,Сингапур (SIN),Бали (DPS),1
7397,Париж (CDG),Рим (FCO),1
47169,Дубай (DXB),Бангкок (BKK),1
11367,Москва (SVO),Париж (CDG),2
38791,Новосибирск,Горно-Алтайск,1
13248,Лондон (LHR),Нью-Йорк (JFK),1
10908,Frankfurt,Hamburg,1
34209,Frankfurt,Hamburg,2
36673,Paris,Lyon,2
46521,Мюнхен,Вена,1
8919,Мюнхен,Вена,1
23101,Мюнхен,Вена,1
30265,Берлин (BER),Амстердам (AMS),3
39661,Стамбул (IST),Афины (ATH),1
28555,Москва (SVO),Париж (CDG),1
6578,Краснодар,Сочи,1
12634,Мюнхен,Вена,1
13632,Мадрид (MAD),Барселона,1
49812,Chicago,Miami,2
15095,Новосибирск,Горно-Алтайск,1
36026,Rome,Milan,1
21873,Сингапур (SIN),Бали (DPS),1
7815,Мадрид (MAD),Барселона,1
5791,Мюнхен,Вена,2
36090,Краснодар,Сочи,1
43736,Краснодар,Сочи,1
11923,London,Edinburgh,1
24004,Сингапур (SIN),Бали (DPS),1
3482,Берлин (BER),Амстердам (AMS),1
18109,Chicago,Miami,1
24281,Сингапур (SIN),Бали (DPS),1
23752,Paris,Lyon,3
45623,Мадрид (MAD),Барселона,1
48476,Лондон (LHR),Нью-Йорк (JFK),2
30368,Краснодар,Сочи,1
46545,Москва (SVO),Париж (CDG),1
23875,Новосибирск,Горно-Алтайск,2
39560,Дубай (DXB),Бангкок (BKK),1
49591,Москва,Санкт-Петербург,1
46116,Стамбул (IST),Афины (ATH),1
47548,New York,Los Angeles,3
3218,Стамбул (IST),Афины (ATH),1
40179,Москва (SVO),Париж (CDG),1
47794,Дубай (DXB),Бангкок (BKK),1
23284,Токио (HND),Сеул (ICN),2
29893,Rome,Milan,1
19207,Лондон (LHR),Нью-Йорк (JFK),1
23858,New York,Los Angeles,1
6909,New York,Los Angeles,1
21546,Екатеринбург,Казань,3
14510,Мюнхен,Вена,1
3273,Paris,Lyon,1
44266,Краснодар,Сочи,1
5082,New York,Los Angeles,1
31817,Сингапур (SIN),Бали (DPS),2
45246,Париж (CDG),Рим (FCO),1
28906,Frankfurt,Hamburg,1
38005,Берлин (BER),Амстердам (AMS),1
40902,Chicago,Miami,1
49316,Стамбул (IST),Афины (ATH),1
42409,Chicago,Miami,1
5961,Лондон (LHR),Нью-Йорк (JFK),2
22787,Сингапур (SIN),Бали (DPS),1
48363,Москва,Санкт-Петербург,1
27393,Chicago,Miami,1
28684,Екатеринбург,Казань,1
8179,Лондон (LHR),Нью-Йорк (JFK),1
44427,New York,Los Angeles,1
21325,Chicago,Miami,1
31704,Берлин (BER),Амстердам (AMS),1
23324,Москва (SVO),Париж (CDG),1
5473,Москва,Санкт-Петербург,1
25843,Мадрид (MAD),Барселона,2
17378,Chicago,Miami,1
38772,New York,Los Angeles,1
6139,Токио (HND),Сеул (ICN),1
4288,Новосибирск,Горно-Алтайск,1
34649,Москва,Санкт-Петербург,1
49967,Краснодар,Сочи,1
13347,Chicago,Miami,1
28942,Москва (SVO),Париж (CDG),1
29814,Rome,Milan,1
32510,Краснодар,Сочи,1
9291,Париж (CDG),Рим (FCO),1
49117,Paris,Lyon,1
34822,London,Edinburgh,1
1386,Париж (CDG),Рим (FCO),2
22027,Москва,Санкт-Петербург,1
1300,Дубай (DXB),Бангкок (BKK),1
7306,Дубай (DXB),Бангкок (BKK),1
32220,Rome,Milan,1
47108,Дубай (DXB),Бангкок (BKK),1
32292,Москва,Санкт-Петербург,1
49555,Москва (SVO),Париж (CDG),1
8720,London,Edinburgh,1
3344,Frankfurt,Hamburg,1
40045,Rome,Milan,2
8303,Chicago,Miami,1
36735,Мадрид (MAD),Барселона,1
34476,Москва (SVO),Париж (CDG),1
9205,Paris,Lyon,1
27570,Сингапур (SIN),Бали (DPS),1
14716,Сингапур (SIN),Бали (DPS),1
36455,New York,Los Angeles,1
23057,Дубай (DXB),Бангкок (BKK),1
30129,Париж (CDG),Рим (FCO),1
33367,Мадрид (MAD),Барселона,1
12664,Лондон (LHR),Нью-Йорк (JFK),1
44097,Мюнхен,Вена,1
5495,Мадрид (MAD),Барселона,3
12651,Екатеринбург,Казань,1
16476,New York,Los Angeles,1
32318,Берлин (BER),Амстердам (AMS),1
2925,Берлин (BER),Амстердам (AMS),2
35415,Дубай (DXB),Бангкок (BKK),1
11419,Сингапур (SIN),Бали (DPS),2
42446,Frankfurt,Hamburg,2
17922,Краснодар,Сочи,2
18734,Дубай (DXB),Бангкок (BKK),1
7249,Токио (HND),Сеул (ICN),1
2707,Paris,Lyon,2
18749,Chicago,Miami,1
6994,Стамбул (IST),Афины (ATH),1
14003,Chicago,Miami,2
48034,New York,Los Angeles,1
37470,Frankfurt,Hamburg,1
41379,Москва,Санкт-Петербург,3
32035,Paris,Lyon,2
15512,Новосибирск,Горно-Алтайск,2
29066,Краснодар,Сочи,1
45684,Токио (HND),Сеул (ICN),2
29267,Новосибирск,Горно-Алтайск,2
32195,Сингапур (SIN),Бали (DPS),1
24245,Новосибирск,Горно-Алтайск,1
13215,Екатеринбург,Казань,1
40162,Париж (CDG),Рим (FCO),1
15883,Москва,Санкт-Петербург,1
15753,Берлин (BER),Амстердам (AMS),1
12239,Мадрид (MAD),Барселона,1
13014,New York,Los Angeles,2
14338,Сингапур (SIN),Бали (DPS),1
41653,Frankfurt,Hamburg,1
48857,Стамбул (IST),Афины (ATH),1
11360,Париж (CDG),Рим (FCO),1
13366,Мюнхен,Вена,2
42967,Paris,Lyon,2
22425,Rome,Milan,1
15439,Frankfurt,Hamburg,1
32213,Frankfurt,Hamburg,3
45426,Chicago,Miami,1
38801,Екатеринбург,Казань,1
18819,Краснодар,Сочи,1
27403,Париж (CDG),Рим (FCO),1
4043,Дубай (DXB),Бангкок (BKK),2
10826,Берлин (BER),Амстердам (AMS),1
7066,Frankfurt,Hamburg,2
16541,Берлин (BER),Амстердам (AMS),1
12360,London,Edinburgh,1
25854,Краснодар,Сочи,1
24501,Paris,Lyon,1
12025,Chicago,Miami,2
39928,Chicago,Miami,1
31845,Rome,Milan,2
7829,Лондон (LHR),Нью-Йорк (JFK),2
25942,Сингапур (SIN),Бали (DPS),2
34584,Стамбул (IST),Афины (ATH),1
6899,New York,Los Angeles,1
22154,Мюнхен,Вена,2
39966,London,Edinburgh,2
47309,Мюнхен,Вена,1
26713,Мадрид (MAD),Барселона,1
48367,Мюнхен,Вена,1
17998,Paris,Lyon,1
22202,New York,Los Angeles,2
5818,Краснодар,Сочи,3
36802,London,Edinburgh,1
20142,Мадрид (MAD),Барселона,1
22814,Paris,Lyon,1
6652,New York,Los Angeles,1
11676,Москва,Санкт-Петербург,1
21925,Токио (HND),Сеул (ICN),2
30043,Краснодар,Сочи,2
31934,Краснодар,Сочи,1
18400,Сингапур (SIN),Бали (DPS),1
17484,Краснодар,Сочи,1
40509,Москва (SVO),Париж (CDG),1
29318,Берлин (BER),Амстердам (AMS),1
45780,Лондон (LHR),Нью-Йорк (JFK),2
17544,Стамбул (IST),Афины (ATH),1
2435,Москва,Санкт-Петербург,1
33256,Берлин (BER),Амстердам (AMS),1
17806,Париж (CDG),Рим (FCO),1
45518,Дубай (DXB),Бангкок (BKK),1
47558,Берлин (BER),Амстердам (AMS),2
489,London,Edinburgh,2
47950,Дубай (DXB),Бангкок (BKK),2
21574,Берлин (BER),Амстердам (AMS),2
6981,Новосибирск,Горно-Алтайск,1
21305,Paris,Lyon,1
16027,Rome,Milan,1
24553,Токио (HND),Сеул (ICN),1
5314,Токио (HND),Сеул (ICN),1
1333,Rome,Milan,2
22230,Берлин (BER),Амстердам (AMS),2
3684,Сингапур (SIN),Бали (DPS),1
40022,Москва,Санкт-Петербург,1
34536,Москва (SVO),Париж (CDG),2
335,Paris,Lyon,1
37561,Стамбул (IST),Афины (ATH),1
10522,Краснодар,Сочи,1
30932,Rome,Milan,1
42004,Париж (CDG),Рим (FCO),1
15053,Стамбул (IST),Афины (ATH),1
32968,Мюнхен,Вена,1
5033,Москва (SVO),Париж (CDG),1
11512,Краснодар,Сочи,1
31911,Paris,Lyon,2
16727,Frankfurt,Hamburg,1
20943,Дубай (DXB),Бангкок (BKK),1
38884,Сингапур (SIN),Бали (DPS),1
17078,Москва (SVO),Париж (CDG),1
22919,Rome,Milan,1
29272,Chicago,Miami,2
7929,London,Edinburgh,2
22541,Chicago,Miami,1
15954,Rome,Milan,1
47875,Краснодар,Сочи,1
18291,Frankfurt,Hamburg,2
9992,Paris,Lyon,1
35784,Стамбул (IST),Афины (ATH),1
18956,Стамбул (IST),Афины (ATH),1
42978,Берлин (BER),Амстердам (AMS),3
30363,Мюнхен,Вена,4
37256,Мюнхен,Вена,1
34371,Берлин (BER),Амстердам (AMS),1
10474,Стамбул (IST),Афины (ATH),1
35540,Лондон (LHR),Нью-Йорк (JFK),1
16760,Лондон (LHR),Нью-Йорк (JFK),1
2602,Дубай (DXB),Бангкок (BKK),1
26075,Chicago,Miami,1
7201,London,Edinburgh,1
46914,Дубай (DXB),Бангкок (BKK),1
35351,New York,Los Angeles,2
15280,Дубай (DXB),Бангкок (BKK),1
15939,Стамбул (IST),Афины (ATH),1
38029,Дубай (DXB),Бангкок (BKK),1
584,Париж (CDG),Рим (FCO),1
8297,Стамбул (IST),Афины (ATH),2
7400,London,Edinburgh,1
15283,Екатеринбург,Казань,3
40486,New York,Los Angeles,2
26056,Москва,Санкт-Петербург,2
5877,Мюнхен,Вена,2
20878,Сингапур (SIN),Бали (DPS),1
1102,Краснодар,Сочи,1
42369,Rome,Milan,1
37013,Москва (SVO),Париж (CDG),1
42775,Париж (CDG),Рим (FCO),1
35661,Токио (HND),Сеул (ICN),2
18848,Paris,Lyon,1
23398,Новосибирск,Горно-Алтайск,1
3578,Краснодар,Сочи,1
14815,Краснодар,Сочи,2
49443,Paris,Lyon,1
36740,Rome,Milan,2
3507,Берлин (BER),Амстердам (AMS),1
43066,Москва,Санкт-Петербург,1
4029,Берлин (BER),Амстердам (AMS),1
1939,Rome,Milan,1
19783,Frankfurt,Hamburg,1
21767,Paris,Lyon,1
10169,Дубай (DXB),Бангкок (BKK),1
18975,Новосибирск,Горно-Алтайск,1
44843,Мадрид (MAD),Барселона,1
19015,Дубай (DXB),Бангкок (BKK),2
33942,Лондон (LHR),Нью-Йорк (JFK),1
13593,Мюнхен,Вена,1
42192,Берлин (BER),Амстердам (AMS),1
20614,Мюнхен,Вена,1
38673,Краснодар,Сочи,1
30488,New York,Los Angeles,2
18971,New York,Los Angeles,2
45702,Париж (CDG),Рим (FCO),1
6971,Токио (HND),Сеул (ICN),2
29202,Стамбул (IST),Афины (ATH),1
18606,Лондон (LHR),Нью-Йорк (JFK),1
14297,Токио (HND),Сеул (ICN),2
48251,Краснодар,Сочи,2
16544,Дубай (DXB),Бангкок (BKK),1
42037,Токио (HND),Сеул (ICN),1
19068,Париж (CDG),Рим (FCO),1
46568,Новосибирск,Горно-Алтайск,1
32680,Дубай (DXB),Бангкок (BKK),1
1001,Лондон (LHR),Нью-Йорк (JFK),1
34269,Rome,Milan,4
9785,Rome,Milan,1
9697,London,Edinburgh,1
40590,Новосибирск,Горно-Алтайск,3
2065,Paris,Lyon,1
38903,Frankfurt,Hamburg,1
10219,Сингапур (SIN),Бали (DPS),1
12385,Москва,Санкт-Петербург,2
12628,Лондон (LHR),Нью-Йорк (JFK),1
13499,Paris,Lyon,1
17983,Rome,Milan,1
49108,Париж (CDG),Рим (FCO),1
14184,Париж (CDG),Рим (FCO),1
16086,Paris,Lyon,1
34902,Токио (HND),Сеул (ICN),1
2970,Paris,Lyon,1
38680,Сингапур (SIN),Бали (DPS),3
19224,Frankfurt,Hamburg,1
14436,Москва (SVO),Париж (CDG),1
14919,Париж (CDG),Рим (FCO),1
37689,Лондон (LHR),Нью-Йорк (JFK),2
47479,Токио (HND),Сеул (ICN),1
28005,Париж (CDG),Рим (FCO),1
9629,New York,Los Angeles,1
5011,Стамбул (IST),Афины (ATH),1
17385,New York,Los Angeles,1
3239,London,Edinburgh,1
14900,Москва,Санкт-Петербург,2
17411,Frankfurt,Hamburg,1
35638,New York,Los Angeles,2
21930,Новосибирск,Горно-Алтайск,1
9980,Мюнхен,Вена,1
11409,Токио (HND),Сеул (ICN),2
22527,Paris,Lyon,1
32606,Париж (CDG),Рим (FCO),1
24742,Москва,Санкт-Петербург,1
16087,Париж (CDG),Рим (FCO),1
28820,Мюнхен,Вена,1
14459,Лондон (LHR),Нью-Йорк (JFK),1
24537,Дубай (DXB),Бангкок (BKK),1
14097,Екатеринбург,Казань,1
41924,Мюнхен,Вена,2
25003,Paris,Lyon,2
31441,Chicago,Miami,2
9181,Москва (SVO),Париж (CDG),1
12483,London,Edinburgh,1
44355,Мадрид (MAD),Барселона,1
17871,Москва,Санкт-Петербург,2
43816,Лондон (LHR),Нью-Йорк (JFK),1
49497,Краснодар,Сочи,1
10718,Екатеринбург,Казань,3
18935,Rome,Milan,2
34685,London,Edinburgh,1
45775,Мадрид (MAD),Барселона,1
34164,Мадрид (MAD),Барселона,1
38114,London,Edinburgh,1
26771,Стамбул (IST),Афины (ATH),2
3796,Rome,Milan,1
36509,Краснодар,Сочи,1
24855,Москва,Санкт-Петербург,1
45768,Берлин (BER),Амстердам (AMS),1
7769,Стамбул (IST),Афины (ATH),1
16418,Москва (SVO),Париж (CDG),2
34811,Краснодар,Сочи,1
14323,Берлин (BER),Амстердам (AMS),1
46974,Лондон (LHR),Нью-Йорк (JFK),1
30686,Стамбул (IST),Афины (ATH),1
7596,Лондон (LHR),Нью-Йорк (JFK),2
27679,Краснодар,Сочи,2
43113,Краснодар,Сочи,2
584,Rome,Milan,2
845,Мюнхен,Вена,1
11539,Rome,Milan,1
48429,Краснодар,Сочи,1
37698,Стамбул (IST),Афины (ATH),4
17229,London,Edinburgh,1
44446,Дубай (DXB),Бангкок (BKK),1
14618,Frankfurt,Hamburg,1
47783,New York,Los Angeles,1
38124,Новосибирск,Горно-Алтайск,1
26638,Новосибирск,Горно-Алтайск,1
31949,Frankfurt,Hamburg,1
41945,Мадрид (MAD),Барселона,1
7941,Краснодар,Сочи,1
1555,Токио (HND),Сеул (ICN),2
46500,Краснодар,Сочи,1
21526,Мадрид (MAD),Барселона,1
13230,Chicago,Miami,1
25156,Екатеринбург,Казань,1
1495,Rome,Milan,2
33719,Новосибирск,Горно-Алтайск,1
26569,Екатеринбург,Казань,1
33511,Лондон (LHR),Нью-Йорк (JFK),1
5104,Chicago,Miami,1
11209,Paris,Lyon,1
13849,Дубай (DXB),Бангкок (BKK),1
28998,Берлин (BER),Амстердам (AMS),2
7910,Rome,Milan,1
33574,London,Edinburgh,1
38894,Frankfurt,Hamburg,1
25115,London,Edinburgh,1
14466,New York,Los Angeles,1
43003,London,Edinburgh,1
15222,Дубай (DXB),Бангкок (BKK),1
45450,New York,Los Angeles,1
45065,Москва,Санкт-Петербург,1
20587,Новосибирск,Горно-Алтайск,2
15898,Дубай (DXB),Бангкок (BKK),1
20180,Париж (CDG),Рим (FCO),2
33610,Chicago,Miami,1
45021,Frankfurt,Hamburg,1
28493,Париж (CDG),Рим (FCO),1
11810,Токио (HND),Сеул (ICN),1
20803,Лондон (LHR),Нью-Йорк (JFK),1
5061,Chicago,Miami,1
1637,Дубай (DXB),Бангкок (BKK),1
41150,Новосибирск,Горно-Алтайск,1
25609,New York,Los Angeles,1
33295,Москва,Санкт-Петербург,2
30536,Екатеринбург,Казань,1
8279,Chicago,Miami,1
10693,London,Edinburgh,2
22874,Берлин (BER),Амстердам (AMS),1
46215,Frankfurt,Hamburg,2
27501,Москва,Санкт-Петербург,2
44290,Chicago,Miami,2
26033,Дубай (DXB),Бангкок (BKK),2
18808,Paris,Lyon,1
8025,Москва,Санкт-Петербург,1
19198,Мюнхен,Вена,2
19219,Мюнхен,Вена,1
30507,London,Edinburgh,1
21434,Париж (CDG),Рим (FCO),2
46482,Chicago,Miami,1
6723,Мадрид (MAD),Барселона,1
12472,Стамбул (IST),Афины (ATH),1
49510,Дубай (DXB),Бангкок (BKK),1
21327,Берлин (BER),Амстердам (AMS),1
33530,Новосибирск,Горно-Алтайск,1
19281,Paris,Lyon,1
33858,Берлин (BER),Амстердам (AMS),1
24312,Chicago,Miami,1
27063,New York,Los Angeles,1
44447,Берлин (BER),Амстердам (AMS),2
41960,Chicago,Miami,1
46997,Москва,Санкт-Петербург,1
11227,Екатеринбург,Казань,2
10204,Rome,Milan,1
134,New York,Los Angeles,1
7151,Мюнхен,Вена,1
4182,London,Edinburgh,1
32371,Берлин (BER),Амстердам (AMS),1
16032,Москва,Санкт-Петербург,1
34590,Rome,Milan,1
36500,Екатеринбург,Казань,1
32024,Лондон (LHR),Нью-Йорк (JFK),1
41624,Frankfurt,Hamburg,2
31789,Новосибирск,Горно-Алтайск,2
5722,Стамбул (IST),Афины (ATH),1
35623,Берлин (BER),Амстердам (AMS),1
9761,Москва,Санкт-Петербург,2
47385,Новосибирск,Горно-Алтайск,1
47340,Дубай (DXB),Бангкок (BKK),1
20597,Новосибирск,Горно-Алтайск,2
19642,Paris,Lyon,1
49875,Москва,Санкт-Петербург,1
47028,Токио (HND),Сеул (ICN),1
44720,Rome,Milan,2
1719,Frankfurt,Hamburg,1
21685,Париж (CDG),Рим (FCO),1
47611,Новосибирск,Горно-Алтайск,2
16949,Rome,Milan,1
27932,Chicago,Miami,1
25385,Rome,Milan,2
20628,London,Edinburgh,1
49204,Лондон (LHR),Нью-Йорк (JFK),1
5881,New York,Los Angeles,2
18085,Paris,Lyon,1
32954,Екатеринбург,Казань,1
34675,Париж (CDG),Рим (FCO),1
31106,Стамбул (IST),Афины (ATH),2
43691,Мюнхен,Вена,1
40616,Париж (CDG),Рим (FCO),1
15490,Париж (CDG),Рим (FCO),1
19963,Берлин (BER),Амстердам (AMS),2
35111,London,Edinburgh,3
8081,Москва (SVO),Париж (CDG),1
43124,Новосибирск,Горно-Алтайск,1
2950,Стамбул (IST),Афины (ATH),1
24738,New York,Los Angeles,1
49765,Краснодар,Сочи,1
49331,Frankfurt,Hamburg,2
7241,Екатеринбург,Казань,1
5422,Сингапур (SIN),Бали (DPS),1
25783,Frankfurt,Hamburg,1
4878,Новосибирск,Горно-Алтайск,1
38237,London,Edinburgh,1
2755,Мюнхен,Вена,1
33272,Frankfurt,Hamburg,1
28154,Chicago,Miami,1
44495,Мюнхен,Вена,1
8085,New York,Los Angeles,2
36848,New York,Los Angeles,2
26032,Краснодар,Сочи,1
30416,Сингапур (SIN),Бали (DPS),2
27744,Токио (HND),Сеул (ICN),2
8464,London,Edinburgh,1
5000,Берлин (BER),Амстердам (AMS),1
23466,Chicago,Miami,1
6639,Chicago,Miami,1
7623,Краснодар,Сочи,1
35056,Токио (HND),Сеул (ICN),1
13258,Сингапур (SIN),Бали (DPS),1
49443,Frankfurt,Hamburg,2
29181,Москва (SVO),Париж (CDG),1
25079,Мадрид (MAD),Барселона,1
16020,Краснодар,Сочи,1
28459,Токио (HND),Сеул (ICN),1
14219,Екатеринбург,Казань,1
33025,Берлин (BER),Амстердам (AMS),1
31926,Мюнхен,Вена,1
5792,Новосибирск,Горно-Алтайск,1
8388,Chicago,Miami,1
37291,Токио (HND),Сеул (ICN),2
28450,Мюнхен,Вена,2
21318,Берлин (BER),Амстердам (AMS),1
5106,Сингапур (SIN),Бали (DPS),1
5785,Берлин (BER),Амстердам (AMS),1
44215,Краснодар,Сочи,1
23986,Chicago,Miami,2
22817,Сингапур (SIN),Бали (DPS),1
17235,London,Edinburgh,1
20045,Сингапур (SIN),Бали (DPS),1
39558,Frankfurt,Hamburg,1
26291,Paris,Lyon,1
48201,Лондон (LHR),Нью-Йорк (JFK),2
9127,London,Edinburgh,1
43990,Мадрид (MAD),Барселона,2
38068,Берлин (BER),Амстердам (AMS),2
16944,Новосибирск,Горно-Алтайск,1
9578,New York,Los Angeles,1
19940,London,Edinburgh,1
20042,London,Edinburgh,2
34555,Chicago,Miami,1
10754,Мюнхен,Вена,1
32945,New York,Los Angeles,1
46407,Москва (SVO),Париж (CDG),1
45869,Сингапур (SIN),Бали (DPS),1
36247,Chicago,Miami,1
34839,Новосибирск,Горно-Алтайск,1
12599,Екатеринбург,Казань,2
33305,Frankfurt,Hamburg,1
35791,Краснодар,Сочи,1
29236,London,Edinburgh,1
48309,Москва (SVO),Париж (CDG),1
649,Лондон (LHR),Нью-Йорк (JFK),1
21493,Rome,Milan,2
10020,Paris,Lyon,1
19611,Paris,Lyon,2
4992,Мюнхен,Вена,2
14686,Москва,Санкт-Петербург,1
11214,Москва (SVO),Париж (CDG),1
7361,Chicago,Miami,1
29724,Берлин (BER),Амстердам (AMS),2
6021,Москва (SVO),Париж (CDG),1
40513,Chicago,Miami,1
7904,Москва (SVO),Париж (CDG),1
31623,Берлин (BER),Амстердам (AMS),1
17983,Лондон (LHR),Нью-Йорк (JFK),2
23104,Екатеринбург,Казань,1
40408,Мюнхен,Вена,2
19092,New York,Los Angeles,2
24899,Краснодар,Сочи,1
21403,Сингапур (SIN),Бали (DPS),1
40465,Екатеринбург,Казань,1
49175,Chicago,Miami,3
17728,Frankfurt,Hamburg,1
38698,Новосибирск,Горно-Алтайск,1
45262,Frankfurt,Hamburg,2
45183,Paris,Lyon,3
45438,Frankfurt,Hamburg,2
26534,New York,Los Angeles,1
34483,Сингапур (SIN),Бали (DPS),1
35453,Дубай (DXB),Бангкок (BKK),3
5760,Мадрид (MAD),Барселона,1
16751,Мюнхен,Вена,2
36739,Стамбул (IST),Афины (ATH),1
37874,Frankfurt,Hamburg,1
24729,Chicago,Miami,1
45780,Rome,Milan,3
22673,Мадрид (MAD),Барселона,1
42049,Краснодар,Сочи,2
15676,New York,Los Angeles,1
41853,Москва,Санкт-Петербург,2
5963,Москва (SVO),Париж (CDG),1
512,Екатеринбург,Казань,2
39944,Москва,Санкт-Петербург,2
40553,Rome,Milan,1
39878,Paris,Lyon,1
32541,Мадрид (MAD),Барселона,1
19017,Екатеринбург,Казань,3
21182,Берлин (BER),Амстердам (AMS),2
16206,Краснодар,Сочи,2
43015,Краснодар,Сочи,1
35190,Frankfurt,Hamburg,1
42827,Frankfurt,Hamburg,1
7105,London,Edinburgh,1
8440,Лондон (LHR),Нью-Йорк (JFK),1
10505,Мадрид (MAD),Барселона,1
29775,Frankfurt,Hamburg,1
3727,London,Edinburgh,1
19001,Лондон (LHR),Нью-Йорк (JFK),2
10428,Frankfurt,Hamburg,1
18112,Москва (SVO),Париж (CDG),1
34269,Токио (HND),Сеул (ICN),5
15858,Берлин (BER),Амстердам (AMS),1
8356,Лондон (LHR),Нью-Йорк (JFK),1
18811,New York,Los Angeles,1
19191,Chicago,Miami,1
13806,Токио (HND),Сеул (ICN),1
39769,Лондон (LHR),Нью-Йорк (JFK),1
27538,Paris,Lyon,1
17545,London,Edinburgh,2
24866,Лондон (LHR),Нью-Йорк (JFK),2
48199,Сингапур (SIN),Бали (DPS),1
40683,Сингапур (SIN),Бали (DPS),1
40384,Екатеринбург,Казань,1
16474,Frankfurt,Hamburg,1
10109,Париж (CDG),Рим (FCO),1
7533,Париж (CDG),Рим (FCO),1
30085,Москва (SVO),Париж (CDG),1
16309,Токио (HND),Сеул (ICN),1
31592,Берлин (BER),Амстердам (AMS),1
19343,Берлин (BER),Амстердам (AMS),1
12192,Париж (CDG),Рим (FCO),2
12332,Frankfurt,Hamburg,2
36537,Frankfurt,Hamburg,1
16246,Краснодар,Сочи,1
39193,New York,Los Angeles,1
20475,Москва,Санкт-Петербург,1
18438,Дубай (DXB),Бангкок (BKK),1
6113,London,Edinburgh,1
14008,Chicago,Miami,2
13717,Frankfurt,Hamburg,1
20740,Мадрид (MAD),Барселона,2
15370,Екатеринбург,Казань,1
3711,Токио (HND),Сеул (ICN),2
49045,Лондон (LHR),Нью-Йорк (JFK),1
38810,Екатеринбург,Казань,1
23137,Rome,Milan,1
6887,Москва,Санкт-Петербург,1
20565,Мадрид (MAD),Барселона,2
14865,London,Edinburgh,1
15447,Токио (HND),Сеул (ICN),1
39056,Rome,Milan,2
16759,Мюнхен,Вена,1
18732,Новосибирск,Горно-Алтайск,2
49261,Rome,Milan,1
12957,Мадрид (MAD),Барселона,1
41773,Москва,Санкт-Петербург,2
20870,London,Edinburgh,1
10845,Мадрид (MAD),Барселона,1
35310,Лондон (LHR),Нью-Йорк (JFK),2
27095,Москва (SVO),Париж (CDG),1
11502,Москва,Санкт-Петербург,1
39526,Frankfurt,Hamburg,2
33218,Лондон (LHR),Нью-Йорк (JFK),3
26042,Frankfurt,Hamburg,1
21586,Москва,Санкт-Петербург,1
28929,Дубай (DXB),Бангкок (BKK),1
8839,Лондон (LHR),Нью-Йорк (JFK),1
15892,Краснодар,Сочи,1
32203,Москва (SVO),Париж (CDG),2
5774,Paris,Lyon,1
9117,Frankfurt,Hamburg,1
12913,Мюнхен,Вена,1
39843,Лондон (LHR),Нью-Йорк (JFK),1
29348,London,Edinburgh,1
43226,Екатеринбург,Казань,1
11012,Краснодар,Сочи,2
37934,Москва (SVO),Париж (CDG),1
1821,Новосибирск,Горно-Алтайск,1
3085,New York,Los Angeles,1
18929,Новосибирск,Горно-Алтайск,1
46627,Новосибирск,Горно-Алтайск,1
12719,Стамбул (IST),Афины (ATH),1
12706,Москва,Санкт-Петербург,1
40366,Москва,Санкт-Петербург,1
21943,New York,Los Angeles,1
12475,Париж (CDG),Рим (FCO),1
48449,Берлин (BER),Амстердам (AMS),1
37358,Rome,Milan,1
49961,Лондон (LHR),Нью-Йорк (JFK),1
23745,New York,Los Angeles,2
41972,Москва (SVO),Париж (CDG),1
46538,Paris,Lyon,1
34284,Новосибирск,Горно-Алтайск,2
10901,Paris,Lyon,2
9017,Мадрид (MAD),Барселона,1
26357,Берлин (BER),Амстердам (AMS),2
9862,Мюнхен,Вена,1
24412,Екатеринбург,Казань,1
30998,Сингапур (SIN),Бали (DPS),1
37648,Токио (HND),Сеул (ICN),2
30317,Лондон (LHR),Нью-Йорк (JFK),1
40016,Краснодар,Сочи,1
25483,Екатеринбург,Казань,1
45216,Токио (HND),Сеул (ICN),1
25435,Сингапур (SIN),Бали (DPS),1
22631,Берлин (BER),Амстердам (AMS),1
49310,Сингапур (SIN),Бали (DPS),1
41870,Мадрид (MAD),Барселона,2
13415,Лондон (LHR),Нью-Йорк (JFK),1
48271,Москва (SVO),Париж (CDG),2
20803,Мадрид (MAD),Барселона,2
12814,Стамбул (IST),Афины (ATH),2
20103,Екатеринбург,Казань,1
35589,New York,Los Angeles,1
5098,Берлин (BER),Амстердам (AMS),3
19571,Мадрид (MAD),Барселона,2
17300,Новосибирск,Горно-Алтайск,1
21282,New York,Los Angeles,2
26404,Берлин (BER),Амстердам (AMS),2
49842,Париж (CDG),Рим (FCO),1
45621,London,Edinburgh,1
30639,London,Edinburgh,2
26716,Frankfurt,Hamburg,1
18439,Новосибирск,Горно-Алтайск,1
45402,Мюнхен,Вена,1
34409,Лондон (LHR),Нью-Йорк (JFK),1
11100,Стамбул (IST),Афины (ATH),1
17148,Берлин (BER),Амстердам (AMS),1
32165,Краснодар,Сочи,1
4441,Краснодар,Сочи,1
26506,Краснодар,Сочи,1
7253,Париж (CDG),Рим (FCO),1
41198,Дубай (DXB),Бангкок (BKK),1
37190,Москва,Санкт-Петербург,2
44561,Frankfurt,Hamburg,1
16544,Chicago,Miami,2
16683,Берлин (BER),Амстердам (AMS),2
42615,New York,Los Angeles,1
24909,Chicago,Miami,1
5880,Токио (HND),Сеул (ICN),1
10890,Москва (SVO),Париж (CDG),1
14378,London,Edinburgh,1
21160,Краснодар,Сочи,1
33903,Париж (CDG),Рим (FCO),1
17483,Токио (HND),Сеул (ICN),1
14281,Chicago,Miami,2
46286,Краснодар,Сочи,1
12823,Париж (CDG),Рим (FCO),2
3092,Москва,Санкт-Петербург,1
37233,Дубай (DXB),Бангкок (BKK),1
31248,Екатеринбург,Казань,1
22103,Chicago,Miami,1
19448,Лондон (LHR),Нью-Йорк (JFK),1
6665,New York,Los Angeles,1
38602,Мюнхен,Вена,1
6505,Париж (CDG),Рим (FCO),2
29504,Paris,Lyon,1
16224,Париж (CDG),Рим (FCO),1
40054,Дубай (DXB),Бангкок (BKK),1
23420,Москва,Санкт-Петербург,2
45687,Екатеринбург,Казань,1
45521,Paris,Lyon,1
13975,Лондон (LHR),Нью-Йорк (JFK),1
10507,Москва (SVO),Париж (CDG),1
39588,Chicago,Miami,1
4922,Берлин (BER),Амстердам (AMS),1
27495,Краснодар,Сочи,1
42940,Москва (SVO),Париж (CDG),1
27434,Токио (HND),Сеул (ICN),1
12175,Paris,Lyon,1
9887,Лондон (LHR),Нью-Йорк (JFK),1
21151,Берлин (BER),Амстердам (AMS),1
36446,Сингапур (SIN),Бали (DPS),2
12861,Мюнхен,Вена,1
11591,Chicago,Miami,3
24108,Краснодар,Сочи,1
16887,Новосибирск,Горно-Алтайск,1
37363,Краснодар,Сочи,1
42688,Москва (SVO),Париж (CDG),1
44455,Стамбул (IST),Афины (ATH),2
2325,Frankfurt,Hamburg,1
4496,New York,Los Angeles,2
2766,Новосибирск,Горно-Алтайск,4
16580,Москва (SVO),Париж (CDG),1
7648,Москва,Санкт-Петербург,1
4247,Токио (HND),Сеул (ICN),2
15930,Дубай (DXB),Бангкок (BKK),1
29094,Токио (HND),Сеул (ICN),1
15807,Сингапур (SIN),Бали (DPS),2
45892,London,Edinburgh,1
19025,Rome,Milan,2
16382,Лондон (LHR),Нью-Йорк (JFK),1
31198,Стамбул (IST),Афины (ATH),1
45080,Мюнхен,Вена,2
43372,Мюнхен,Вена,2
42857,Мюнхен,Вена,1
37020,Москва,Санкт-Петербург,1
28277,Екатеринбург,Казань,1
5331,Токио (HND),Сеул (ICN),2
49190,Стамбул (IST),Афины (ATH),1
2287,Москва (SVO),Париж (CDG),2
39039,Екатеринбург,Казань,1
46050,Москва,Санкт-Петербург,1
48747,Москва,Санкт-Петербург,1
22806,Frankfurt,Hamburg,1
6192,Мадрид (MAD),Барселона,1
17381,New York,Los Angeles,1
15282,Краснодар,Сочи,2
48063,Сингапур (SIN),Бали (DPS),2
43019,Токио (HND),Сеул (ICN),1
31834,Rome,Milan,1
5820,Frankfurt,Hamburg,1
38065,Frankfurt,Hamburg,1
23815,Берлин (BER),Амстердам (AMS),1
24752,Frankfurt,Hamburg,3
5577,Париж (CDG),Рим (FCO),1
34349,Париж (CDG),Рим (FCO),1
45831,Москва,Санкт-Петербург,1
46449,Москва (SVO),Париж (CDG),2
36061,Сингапур (SIN),Бали (DPS),1
48700,Екатеринбург,Казань,1
36652,Paris,Lyon,2
8720,Chicago,Miami,2
29371,Дубай (DXB),Бангкок (BKK),2
45585,Берлин (BER),Амстердам (AMS),1
39848,Краснодар,Сочи,1
4901,Мюнхен,Вена,1
40630,New York,Los Angeles,1
45513,Стамбул (IST),Афины (ATH),1
32388,Токио (HND),Сеул (ICN),1
7907,Дубай (DXB),Бангкок (BKK),1
9361,Москва,Санкт-Петербург,1
43078,Екатеринбург,Казань,1
34924,Новосибирск,Горно-Алтайск,1
13957,Новосибирск,Горно-Алтайск,1
45856,Лондон (LHR),Нью-Йорк (JFK),1
43602,Paris,Lyon,1
28646,Дубай (DXB),Бангкок (BKK),1
39449,Париж (CDG),Рим (FCO),1
45691,Токио (HND),Сеул (ICN),1
27720,Дубай (DXB),Бангкок (BKK),1
43843,Мюнхен,Вена,2
26032,Chicago,Miami,2
33543,Берлин (BER),Амстердам (AMS),1
19100,Мадрид (MAD),Барселона,2
4978,Rome,Milan,1
17125,Новосибирск,Горно-Алтайск,2
39785,Екатеринбург,Казань,1
28250,Москва (SVO),Париж (CDG),1
37746,Дубай (DXB),Бангкок (BKK),1
16073,Мадрид (MAD),Барселона,2
27510,Москва (SVO),Париж (CDG),1
49285,New York,Los Angeles,2
1429,Rome,Milan,1
4586,Берлин (BER),Амстердам (AMS),2
29734,Москва (SVO),Париж (CDG),2
320,Frankfurt,Hamburg,1
6551,Стамбул (IST),Афины (ATH),1
37633,Rome,Milan,1
34314,Париж (CDG),Рим (FCO),1
34234,Москва,Санкт-Петербург,2
44224,Токио (HND),Сеул (ICN),1
20915,Мюнхен,Вена,1
32576,Екатеринбург,Казань,2
36135,New York,Los Angeles,1
44535,Екатеринбург,Казань,2
20052,London,Edinburgh,1
13185,Мюнхен,Вена,1
4693,Екатеринбург,Казань,1
45464,Берлин (BER),Амстердам (AMS),2
10249,London,Edinburgh,1
33746,London,Edinburgh,1
31022,Лондон (LHR),Нью-Йорк (JFK),2
24702,Frankfurt,Hamburg,1
1256,Токио (HND),Сеул (ICN),1
4826,London,Edinburgh,1
35569,Дубай (DXB),Бангкок (BKK),1
18748,Дубай (DXB),Бангкок (BKK),2
31685,Frankfurt,Hamburg,1
25438,Берлин (BER),Амстердам (AMS),2
20347,Мюнхен,Вена,1
42826,Chicago,Miami,1
34485,Москва (SVO),Париж (CDG),2
575,Мадрид (MAD),Барселона,1
44935,Rome,Milan,1
10113,Москва,Санкт-Петербург,1
31510,Стамбул (IST),Афины (ATH),2
44432,Токио (HND),Сеул (ICN),1
25452,Париж (CDG),Рим (FCO),1
42663,Токио (HND),Сеул (ICN),1
27245,Rome,Milan,1
18413,Новосибирск,Горно-Алтайск,1
20599,Париж (CDG),Рим (FCO),1
31315,Rome,Milan,2
15601,Мадрид (MAD),Барселона,1
22974,Chicago,Miami,2
43633,Лондон (LHR),Нью-Йорк (JFK),2
41021,Токио (HND),Сеул (ICN),1
30461,Токио (HND),Сеул (ICN),2
10508,Rome,Milan,1
40927,Paris,Lyon,1
15603,Берлин (BER),Амстердам (AMS),1
30464,Frankfurt,Hamburg,3
30385,London,Edinburgh,1
11424,Берлин (BER),Амстердам (AMS),1
25832,London,Edinburgh,3
44619,Лондон (LHR),Нью-Йорк (JFK),1
3473,Дубай (DXB),Бангкок (BKK),2
39814,Сингапур (SIN),Бали (DPS),1
35577,Лондон (LHR),Нью-Йорк (JFK),1
2245,Frankfurt,Hamburg,1
32591,Краснодар,Сочи,1
20468,New York,Los Angeles,1
8156,Сингапур (SIN),Бали (DPS),2
22873,Paris,Lyon,1
40386,Chicago,Miami,2
10398,Rome,Milan,1
15590,Frankfurt,Hamburg,2
18309,Сингапур (SIN),Бали (DPS),2
20889,Париж (CDG),Рим (FCO),1
32672,Берлин (BER),Амстердам (AMS),2
37499,Москва,Санкт-Петербург,2
30840,Rome,Milan,1
20185,Екатеринбург,Казань,2
43013,Париж (CDG),Рим (FCO),1
19467,Frankfurt,Hamburg,1
47650,Краснодар,Сочи,2
34557,Токио (HND),Сеул (ICN),1
8236,Токио (HND),Сеул (ICN),1
27340,Екатеринбург,Казань,1
10702,Стамбул (IST),Афины (ATH),3
14735,Берлин (BER),Амстердам (AMS),2
535,Токио (HND),Сеул (ICN),1
42732,Лондон (LHR),Нью-Йорк (JFK),1
26542,Москва,Санкт-Петербург,1
13812,Frankfurt,Hamburg,1
25221,New York,Los Angeles,2
25294,Москва,Санкт-Петербург,1
34215,London,Edinburgh,1
12318,Мадрид (MAD),Барселона,1
12886,Екатеринбург,Казань,1
34320,Paris,Lyon,1
40934,Paris,Lyon,2
25843,Берлин (BER),Амстердам (AMS),3
2519,Краснодар,Сочи,1
32020,Париж (CDG),Рим (FCO),1
36163,Frankfurt,Hamburg,1
38452,Москва,Санкт-Петербург,2
4920,Сингапур (SIN),Бали (DPS),1
11120,Chicago,Miami,1
24361,New York,Los Angeles,2
43608,Chicago,Miami,1
32022,Сингапур (SIN),Бали (DPS),1
1075,Rome,Milan,2
41033,Берлин (BER),Амстердам (AMS),2
28187,Дубай (DXB),Бангкок (BKK),2
4215,Rome,Milan,1
36009,London,Edinburgh,1
43257,Лондон (LHR),Нью-Йорк (JFK),1
38064,New York,Los Angeles,1
23871,Rome,Milan,1
1246,Москва (SVO),Париж (CDG),2
17167,Rome,Milan,1
41467,Paris,Lyon,1
20896,Москва (SVO),Париж (CDG),2
21258,Лондон (LHR),Нью-Йорк (JFK),1
18695,Сингапур (SIN),Бали (DPS),1
2076,Москва,Санкт-Петербург,1
41612,Париж (CDG),Рим (FCO),1
26994,Rome,Milan,1
42494,Екатеринбург,Казань,1
42302,Дубай (DXB),Бангкок (BKK),1
43804,Новосибирск,Горно-Алтайск,1
28344,Новосибирск,Горно-Алтайск,1
5155,Paris,Lyon,1
46082,Chicago,Miami,1
9873,Мадрид (MAD),Барселона,1
24951,Москва,Санкт-Петербург,1
33213,New York,Los Angeles,1
20231,Сингапур (SIN),Бали (DPS),1
22727,Новосибирск,Горно-Алтайск,1
38604,Москва (SVO),Париж (CDG),1
20165,Новосибирск,Горно-Алтайск,2
2617,Берлин (BER),Амстердам (AMS),2
39930,Токио (HND),Сеул (ICN),1
47722,Париж (CDG),Рим (FCO),1
513,Краснодар,Сочи,1
5132,Новосибирск,Горно-Алтайск,2
1973,Краснодар,Сочи,1
43700,Chicago,Miami,1
41158,Rome,Milan,1
8219,Берлин (BER),Амстердам (AMS),2
9408,Екатеринбург,Казань,2
49924,Новосибирск,Горно-Алтайск,1
29637,Мадрид (MAD),Барселона,1
44327,Берлин (BER),Амстердам (AMS),1
26781,Стамбул (IST),Афины (ATH),2
2661,Москва (SVO),Париж (CDG),1
2961,Новосибирск,Горно-Алтайск,2
7298,Берлин (BER),Амстердам (AMS),1
13765,Дубай (DXB),Бангкок (BKK),1
31725,Москва,Санкт-Петербург,1
43475,Москва (SVO),Париж (CDG),1
20168,Новосибирск,Горно-Алтайск,2
11760,Мюнхен,Вена,1
6633,Токио (HND),Сеул (ICN),1
40976,Мадрид (MAD),Барселона,1
19368,Мадрид (MAD),Барселона,1
9409,Мадрид (MAD),Барселона,1
31731,Новосибирск,Горно-Алтайск,1
33789,Краснодар,Сочи,1
26084,Москва,Санкт-Петербург,1
44604,Frankfurt,Hamburg,3
41497,Frankfurt,Hamburg,2
36250,Сингапур (SIN),Бали (DPS),1
48696,Frankfurt,Hamburg,1
24411,Frankfurt,Hamburg,1
15623,Стамбул (IST),Афины (ATH),1
22758,Rome,Milan,2
19127,Лондон (LHR),Нью-Йорк (JFK),1
11870,Rome,Milan,2
40271,Paris,Lyon,1
39103,Frankfurt,Hamburg,1
12973,Дубай (DXB),Бангкок (BKK),2
21564,Мадрид (MAD),Барселона,2
34998,Стамбул (IST),Афины (ATH),1
46179,Chicago,Miami,1
43330,Paris,Lyon,1
38785,Chicago,Miami,1
48373,Лондон (LHR),Нью-Йорк (JFK),1
19881,Стамбул (IST),Афины (ATH),1
4655,Екатеринбург,Казань,1
47259,Краснодар,Сочи,2
10943,Москва (SVO),Париж (CDG),2
9214,Rome,Milan,1
12827,Новосибирск,Горно-Алтайск,1
31545,New York,Los Angeles,1
44109,Paris,Lyon,3
8663,London,Edinburgh,1
28471,Стамбул (IST),Афины (ATH),2
49116,Rome,Milan,1
244,Париж (CDG),Рим (FCO),2
26997,Сингапур (SIN),Бали (DPS),1
28006,Стамбул (IST),Афины (ATH),1
15635,Rome,Milan,2
40677,Стамбул (IST),Афины (ATH),1
13072,Paris,Lyon,1
7650,London,Edinburgh,1
15582,Мюнхен,Вена,1
28569,Москва,Санкт-Петербург,1
47178,Мюнхен,Вена,1
14134,Берлин (BER),Амстердам (AMS),1
48136,Берлин (BER),Амстердам (AMS),1
34902,Москва,Санкт-Петербург,2
48625,Токио (HND),Сеул (ICN),1
11602,Новосибирск,Горно-Алтайск,1
26950,Мюнхен,Вена,2
45269,Берлин (BER),Амстердам (AMS),1
48256,Лондон (LHR),Нью-Йорк (JFK),1
15714,Краснодар,Сочи,1
21501,Новосибирск,Горно-Алтайск,3
7064,Лондон (LHR),Нью-Йорк (JFK),1
1357,Новосибирск,Горно-Алтайск,1
47858,Краснодар,Сочи,1
29690,London,Edinburgh,1
16289,Москва (SVO),Париж (CDG),1
46997,Дубай (DXB),Бангкок (BKK),2
17192,Берлин (BER),Амстердам (AMS),1
37497,Мюнхен,Вена,1
13138,Новосибирск,Горно-Алтайск,1
22884,Москва,Санкт-Петербург,2
32487,Сингапур (SIN),Бали (DPS),1
4419,Новосибирск,Горно-Алтайск,2
17003,Берлин (BER),Амстердам (AMS),2
21359,Новосибирск,Горно-Алтайск,2
2122,Екатеринбург,Казань,2
46246,Берлин (BER),Амстердам (AMS),1
32582,Москва,Санкт-Петербург,1
2543,Мюнхен,Вена,1
21424,Мюнхен,Вена,1
46854,Chicago,Miami,1
46909,Paris,Lyon,1
36657,Стамбул (IST),Афины (ATH),1
26268,Берлин (BER),Амстердам (AMS),1
6979,London,Edinburgh,1
2737,New York,Los Angeles,2
37851,Мюнхен,Вена,1
45524,Rome,Milan,1
10535,Мадрид (MAD),Барселона,1
32639,Frankfurt,Hamburg,1
10704,Токио (HND),Сеул (ICN),1
38187,London,Edinburgh,1
41225,Новосибирск,Горно-Алтайск,1
39910,Rome,Milan,1
5280,Frankfurt,Hamburg,1
29432,Москва (SVO),Париж (CDG),1
6155,Берлин (BER),Амстердам (AMS),2
215,Лондон (LHR),Нью-Йорк (JFK),1
27465,Сингапур (SIN),Бали (DPS),1
7258,Новосибирск,Горно-Алтайск,1
30830,Мюнхен,Вена,2
49815,Токио (HND),Сеул (ICN),1
40575,Мюнхен,Вена,1
39990,Берлин (BER),Амстердам (AMS),1
25702,Екатеринбург,Казань,1
27362,Rome,Milan,1
19468,Rome,Milan,2
5581,Краснодар,Сочи,1
886,Краснодар,Сочи,1
41948,Екатеринбург,Казань,1
33487,Екатеринбург,Казань,1
13281,London,Edinburgh,1
47790,Токио (HND),Сеул (ICN),2
14289,Мюнхен,Вена,1
5726,Москва,Санкт-Петербург,1
17375,Берлин (BER),Амстердам (AMS),2
12640,Берлин (BER),Амстердам (AMS),1
6111,Мюнхен,Вена,2
3576,Лондон (LHR),Нью-Йорк (JFK),1
47213,New York,Los Angeles,1
23623,New York,Los Angeles,1
12327,Краснодар,Сочи,2
42099,Дубай (DXB),Бангкок (BKK),1
41622,Мадрид (MAD),Барселона,1
45455,Новосибирск,Горно-Алтайск,1
49017,London,Edinburgh,3
236,Мадрид (MAD),Барселона,1
23516,Париж (CDG),Рим (FCO),1
49683,Краснодар,Сочи,1
18135,Берлин (BER),Амстердам (AMS),1
2124,Дубай (DXB),Бангкок (BKK),1
4322,Лондон (LHR),Нью-Йорк (JFK),1
15782,Мюнхен,Вена,1
7303,Краснодар,Сочи,2
38303,Краснодар,Сочи,2
42264,Paris,Lyon,3
47796,Paris,Lyon,1
28559,Rome,Milan,1
8344,Екатеринбург,Казань,1
2103,Токио (HND),Сеул (ICN),1
44088,Дубай (DXB),Бангкок (BKK),2
20007,Краснодар,Сочи,1
45180,Стамбул (IST),Афины (ATH),1
1460,Токио (HND),Сеул (ICN),1
24661,Rome,Milan,1
22438,Стамбул (IST),Афины (ATH),1
13151,Сингапур (SIN),Бали (DPS),1
17826,Дубай (DXB),Бангкок (BKK),1
13411,Мадрид (MAD),Барселона,1
49023,Екатеринбург,Казань,1
34045,Rome,Milan,1
6552,Мадрид (MAD),Барселона,1
15497,Мадрид (MAD),Барселона,1
49902,Екатеринбург,Казань,1
41666,Мюнхен,Вена,1
9807,Стамбул (IST),Афины (ATH),2
42996,Мадрид (MAD),Барселона,1
17493,Москва (SVO),Париж (CDG),1
49510,Берлин (BER),Амстердам (AMS),2
31882,Rome,Milan,2
39611,Стамбул (IST),Афины (ATH),1
30331,Москва,Санкт-Петербург,1
20036,Paris,Lyon,1
10903,Мадрид (MAD),Барселона,2
7130,Rome,Milan,1
49205,Стамбул (IST),Афины (ATH),1
45431,Стамбул (IST),Афины (ATH),1
2971,Париж (CDG),Рим (FCO),1
43824,Сингапур (SIN),Бали (DPS),1
16754,Chicago,Miami,1
21487,Сингапур (SIN),Бали (DPS),1
19678,Сингапур (SIN),Бали (DPS),1
35822,Стамбул (IST),Афины (ATH),1
26085,Paris,Lyon,1
10497,Екатеринбург,Казань,1
24171,Берлин (BER),Амстердам (AMS),1
39757,Берлин (BER),Амстердам (AMS),1
37341,Москва (SVO),Париж (CDG),3
23509,Frankfurt,Hamburg,1
30032,Лондон (LHR),Нью-Йорк (JFK),2
46558,Frankfurt,Hamburg,1
27905,Мадрид (MAD),Барселона,2
11632,Paris,Lyon,2
22344,Frankfurt,Hamburg,1
18120,Москва (SVO),Париж (CDG),1
24697,Берлин (BER),Амстердам (AMS),1
28728,New York,Los Angeles,1
7624,Rome,Milan,1
19590,Сингапур (SIN),Бали (DPS),2
1838,Frankfurt,Hamburg,2
9222,Москва,Санкт-Петербург,2
6595,Екатеринбург,Казань,1
46811,Токио (HND),Сеул (ICN),1
11994,Москва,Санкт-Петербург,1
16227,Paris,Lyon,1
49929,Екатеринбург,Казань,1
44626,Стамбул (IST),Афины (ATH),1
26486,Стамбул (IST),Афины (ATH),1
18843,Екатеринбург,Казань,2
972,Лондон (LHR),Нью-Йорк (JFK),1
35512,Лондон (LHR),Нью-Йорк (JFK),1
28457,Екатеринбург,Казань,2
37981,Краснодар,Сочи,2
37968,Сингапур (SIN),Бали (DPS),1
3143,New York,Los Angeles,1
4553,Frankfurt,Hamburg,1
44726,London,Edinburgh,3
19320,Chicago,Miami,1
5318,Стамбул (IST),Афины (ATH),1
4678,Сингапур (SIN),Бали (DPS),1
38085,Токио (HND),Сеул (ICN),2
37807,Токио (HND),Сеул (ICN),1
38931,Chicago,Miami,2
25678,Лондон (LHR),Нью-Йорк (JFK),1
8162,Rome,Milan,1
34217,Frankfurt,Hamburg,1
40633,New York,Los Angeles,1
1031,Сингапур (SIN),Бали (DPS),1
15020,Сингапур (SIN),Бали (DPS),1
2005,Берлин (BER),Амстердам (AMS),2
32355,Москва (SVO),Париж (CDG),1
44956,Paris,Lyon,1
33124,Сингапур (SIN),Бали (DPS),2
27739,New York,Los Angeles,1
12893,London,Edinburgh,1
2793,London,Edinburgh,1
48149,Париж (CDG),Рим (FCO),2
48193,Москва,Санкт-Петербург,1
19024,Токио (HND),Сеул (ICN),1
12225,Стамбул (IST),Афины (ATH),1
5004,Москва,Санкт-Петербург,2
41717,Новосибирск,Горно-Алтайск,1
15202,Екатеринбург,Казань,1
15108,Paris,Lyon,1
6777,Мюнхен,Вена,2
39616,Екатеринбург,Казань,1
32824,Москва,Санкт-Петербург,1
46554,Мюнхен,Вена,2
15268,Chicago,Miami,1
14363,Мадрид (MAD),Барселона,2
29157,Токио (HND),Сеул (ICN),1
46644,Frankfurt,Hamburg,1
37226,Краснодар,Сочи,1
34841,Frankfurt,Hamburg,2
14609,Екатеринбург,Казань,1
19561,Краснодар,Сочи,1
32223,Токио (HND),Сеул (ICN),1
16510,Москва,Санкт-Петербург,1
31328,Токио (HND),Сеул (ICN),1
35902,Сингапур (SIN),Бали (DPS),2
7758,Новосибирск,Горно-Алтайск,1
22694,London,Edinburgh,2
18591,Стамбул (IST),Афины (ATH),1
29622,Сингапур (SIN),Бали (DPS),2
35421,Rome,Milan,1
30526,Мюнхен,Вена,1
48728,Лондон (LHR),Нью-Йорк (JFK),1
6628,Дубай (DXB),Бангкок (BKK),1
48402,Мюнхен,Вена,1
8100,Лондон (LHR),Нью-Йорк (JFK),2
7349,Дубай (DXB),Бангкок (BKK),1
46198,London,Edinburgh,2
13402,Новосибирск,Горно-Алтайск,1
31691,New York,Los Angeles,1
13995,Стамбул (IST),Афины (ATH),2
22267,Дубай (DXB),Бангкок (BKK),1
41634,Краснодар,Сочи,2
14422,Frankfurt,Hamburg,1
43625,Краснодар,Сочи,1
4279,Paris,Lyon,1
38739,Краснодар,Сочи,1
4449,Екатеринбург,Казань,1
34096,Мюнхен,Вена,1
11780,Новосибирск,Горно-Алтайск,1
762,London,Edinburgh,2
42822,Краснодар,Сочи,1
9037,Париж (CDG),Рим (FCO),2
36970,Сингапур (SIN),Бали (DPS),1
16503,Frankfurt,Hamburg,1
7074,Москва (SVO),Париж (CDG),1
2542,Токио (HND),Сеул (ICN),1
31321,London,Edinburgh,3
12706,Мадрид (MAD),Барселона,2
25762,Москва,Санкт-Петербург,3
13014,Paris,Lyon,3
36818,Краснодар,Сочи,1
29642,Париж (CDG),Рим (FCO),2
6883,Дубай (DXB),Бангкок (BKK),2
22488,Париж (CDG),Рим (FCO),1
14489,Rome,Milan,1
3138,Стамбул (IST),Афины (ATH),1
17111,Дубай (DXB),Бангкок (BKK),2
26550,Мюнхен,Вена,1
33038,Краснодар,Сочи,1
4367,Chicago,Miami,1
44415,Москва (SVO),Париж (CDG),1
28345,Москва (SVO),Париж (CDG),3
33750,Paris,Lyon,2
35854,Париж (CDG),Рим (FCO),2
37138,Frankfurt,Hamburg,1
26084,Стамбул (IST),Афины (ATH),2
17787,Краснодар,Сочи,1
38899,Берлин (BER),Амстердам (AMS),2
10989,Краснодар,Сочи,1
43073,Paris,Lyon,2
46817,Париж (CDG),Рим (FCO),1
11219,Мюнхен,Вена,1
24317,Москва (SVO),Париж (CDG),1
49326,Сингапур (SIN),Бали (DPS),1
41870,Rome,Milan,3
38681,Токио (HND),Сеул (ICN),1
22789,Мадрид (MAD),Барселона,2
31010,Париж (CDG),Рим (FCO),1
5746,Париж (CDG),Рим (FCO),2
15268,Париж (CDG),Рим (FCO),2
48899,Екатеринбург,Казань,1
26417,Екатеринбург,Казань,1
4494,Берлин (BER),Амстердам (AMS),1
43169,Paris,Lyon,1
3762,Краснодар,Сочи,2
46333,Rome,Milan,1
8981,Новосибирск,Горно-Алтайск,1
30494,London,Edinburgh,1
9768,Paris,Lyon,1
3793,Новосибирск,Горно-Алтайск,1
19340,Frankfurt,Hamburg,2
23930,Екатеринбург,Казань,1
32402,Paris,Lyon,1
48045,Frankfurt,Hamburg,2
23471,Rome,Milan,3
5674,Париж (CDG),Рим (FCO),1
4779,Москва,Санкт-Петербург,1
26640,Paris,Lyon,1
16185,Frankfurt,Hamburg,1
25723,New York,Los Angeles,1
19615,Сингапур (SIN),Бали (DPS),1
43899,Париж (CDG),Рим (FCO),2
38601,London,Edinburgh,1
25798,Мадрид (MAD),Барселона,1
39610,New York,Los Angeles,1
8078,Мадрид (MAD),Барселона,1
3076,Берлин (BER),Амстердам (AMS),3
307,Москва,Санкт-Петербург,1
33404,Москва (SVO),Париж (CDG),1
49394,London,Edinburgh,1
8,Москва (SVO),Париж (CDG),1
33942,Стамбул (IST),Афины (ATH),2
15786,Paris,Lyon,2
19129,Екатеринбург,Казань,1
2629,Париж (CDG),Рим (FCO),1
682,Дубай (DXB),Бангкок (BKK),1
8489,Краснодар,Сочи,1
29900,Rome,Milan,1
7278,Москва (SVO),Париж (CDG),1
30916,Токио (HND),Сеул (ICN),1
16427,New York,Los Angeles,1
44727,Новосибирск,Горно-Алтайск,2
16473,New York,Los Angeles,1
23553,Берлин (BER),Амстердам (AMS),1
35379,Сингапур (SIN),Бали (DPS),1
35364,Берлин (BER),Амстердам (AMS),1
2258,London,Edinburgh,1
28451,Москва (SVO),Париж (CDG),1
42077,Frankfurt,Hamburg,1
5762,Мюнхен,Вена,1
22069,Москва,Санкт-Петербург,2
37004,Стамбул (IST),Афины (ATH),1
38823,Москва (SVO),Париж (CDG),1
39670,Мадрид (MAD),Барселона,1
45381,Новосибирск,Горно-Алтайск,1
32500,Paris,Lyon,1
25032,London,Edinburgh,1
20803,Chicago,Miami,3
47662,Мадрид (MAD),Барселона,1
25530,Берлин (BER),Амстердам (AMS),1
7746,Москва (SVO),Париж (CDG),2
34958,Rome,Milan,1
7588,Chicago,Miami,1
19855,Краснодар,Сочи,1
47270,Москва (SVO),Париж (CDG),1
23520,London,Edinburgh,2
41374,Paris,Lyon,1
2783,Paris,Lyon,1
16479,Paris,Lyon,1
43607,Стамбул (IST),Афины (ATH),1
22192,Paris,Lyon,1
49697,Мадрид (MAD),Барселона,1
49709,Rome,Milan,1
32473,Стамбул (IST),Афины (ATH),1
15400,Paris,Lyon,1
34362,Москва,Санкт-Петербург,1
6498,Сингапур (SIN),Бали (DPS),1
23051,Москва (SVO),Париж (CDG),2
11977,Сингапур (SIN),Бали (DPS),1
117,Chicago,Miami,1
49761,Сингапур (SIN),Бали (DPS),1
16117,Москва (SVO),Париж (CDG),1
45472,Екатеринбург,Казань,1
11429,Лондон (LHR),Нью-Йорк (JFK),1
46130,Новосибирск,Горно-Алтайск,1
43373,Frankfurt,Hamburg,3
7518,Мадрид (MAD),Барселона,2
11444,London,Edinburgh,1
14810,Мадрид (MAD),Барселона,1
42392,Мюнхен,Вена,1
5098,Дубай (DXB),Бангкок (BKK),4
5710,Стамбул (IST),Афины (ATH),1
49572,Мюнхен,Вена,1
13909,London,Edinburgh,1
17138,Мюнхен,Вена,1
4956,Frankfurt,Hamburg,1
24823,Frankfurt,Hamburg,1
16227,Chicago,Miami,2
49518,Токио (HND),Сеул (ICN),1
13899,Rome,Milan,2
49909,Rome,Milan,4
27452,Москва (SVO),Париж (CDG),1
41068,Москва,Санкт-Петербург,1
11797,Frankfurt,Hamburg,1
42607,Екатеринбург,Казань,1
2070,Токио (HND),Сеул (ICN),1
8382,Frankfurt,Hamburg,1
23968,Париж (CDG),Рим (FCO),1
26746,Лондон (LHR),Нью-Йорк (JFK),1
18211,Париж (CDG),Рим (FCO),1
27885,Краснодар,Сочи,1
20832,Стамбул (IST),Афины (ATH),1
20288,Новосибирск,Горно-Алтайск,3
33888,New York,Los Angeles,2
20859,Париж (CDG),Рим (FCO),1
28044,Краснодар,Сочи,1
6171,London,Edinburgh,1
20178,New York,Los Angeles,1
47793,Мюнхен,Вена,1
34683,Москва,Санкт-Петербург,1
16927,Chicago,Miami,1
16656,Rome,Milan,1
25264,Новосибирск,Горно-Алтайск,2
4669,Сингапур (SIN),Бали (DPS),1
42916,Paris,Lyon,3
38420,Дубай (DXB),Бангкок (BKK),3
30216,Краснодар,Сочи,1
21196,Токио (HND),Сеул (ICN),1
4754,Мюнхен,Вена,1
29924,Новосибирск,Горно-Алтайск,2
8832,Париж (CDG),Рим (FCO),2
24439,New York,Los Angeles,1
6676,Стамбул (IST),Афины (ATH),1
5827,New York,Los Angeles,1
45736,Москва (SVO),Париж (CDG),1
10389,Лондон (LHR),Нью-Йорк (JFK),2
33744,Дубай (DXB),Бангкок (BKK),2
41873,Токио (HND),Сеул (ICN),1
15800,Краснодар,Сочи,1
36459,Лондон (LHR),Нью-Йорк (JFK),1
12239,Мадрид (MAD),Барселона,2
35786,Paris,Lyon,1
42928,Краснодар,Сочи,1
857,London,Edinburgh,3
40899,Берлин (BER),Амстердам (AMS),2
11749,Москва,Санкт-Петербург,1
14622,Новосибирск,Горно-Алтайск,1
17251,Екатеринбург,Казань,1
21105,Москва,Санкт-Петербург,1
42784,Новосибирск,Горно-Алтайск,1
48856,Париж (CDG),Рим (FCO),1
38180,Сингапур (SIN),Бали (DPS),2
42354,Rome,Milan,1
14862,Токио (HND),Сеул (ICN),2
26900,Берлин (BER),Амстердам (AMS),1
46776,Мюнхен,Вена,1
40066,Токио (HND),Сеул (ICN),1
33517,New York,Los Angeles,1
17534,Париж (CDG),Рим (FCO),1
47272,Париж (CDG),Рим (FCO),1
3337,Екатеринбург,Казань,1
19376,Стамбул (IST),Афины (ATH),1
19658,Frankfurt,Hamburg,3
21122,London,Edinburgh,1
8595,Мадрид (MAD),Барселона,1
20741,Rome,Milan,3
29836,Лондон (LHR),Нью-Йорк (JFK),2
26748,Краснодар,Сочи,1
22930,Москва (SVO),Париж (CDG),1
995,Москва,Санкт-Петербург,1
24624,Стамбул (IST),Афины (ATH),2
49137,Мадрид (MAD),Барселона,1
33745,Мюнхен,Вена,2
15909,Сингапур (SIN),Бали (DPS),2
43396,Париж (CDG),Рим (FCO),1
20007,London,Edinburgh,2
5358,London,Edinburgh,1
33605,Москва (SVO),Париж (CDG),2
25122,Frankfurt,Hamburg,2
45831,Париж (CDG),Рим (FCO),2
45443,Chicago,Miami,1
13701,Сингапур (SIN),Бали (DPS),1
30689,Лондон (LHR),Нью-Йорк (JFK),1
8773,Москва,Санкт-Петербург,1
14971,Мадрид (MAD),Барселона,3
44112,Сингапур (SIN),Бали (DPS),1
13334,Мадрид (MAD),Барселона,4
10070,Rome,Milan,2
18390,Мюнхен,Вена,2
9522,Берлин (BER),Амстердам (AMS),1
46973,Дубай (DXB),Бангкок (BKK),1
22069,Дубай (DXB),Бангкок (BKK),3
32378,Токио (HND),Сеул (ICN),1
48589,Екатеринбург,Казань,1
47244,Chicago,Miami,2
45933,Rome,Milan,1
45776,Paris,Lyon,1
14412,Мадрид (MAD),Барселона,1
17054,Берлин (BER),Амстердам (AMS),1
29183,Frankfurt,Hamburg,1
3834,Paris,Lyon,1
48510,Лондон (LHR),Нью-Йорк (JFK),1
34857,Москва (SVO),Париж (CDG),1
32435,Мюнхен,Вена,2
36948,Frankfurt,Hamburg,1
40089,Стамбул (IST),Афины (ATH),1
40989,Мадрид (MAD),Барселона,2
25064,Мадрид (MAD),Барселона,1
40777,Новосибирск,Горно-Алтайск,2
47063,Стамбул (IST),Афины (ATH),1
15195,Rome,Milan,1
17337,Москва (SVO),Париж (CDG),2
14195,Париж (CDG),Рим (FCO),1
43901,Rome,Milan,2
41434,Москва (SVO),Париж (CDG),2
14545,Краснодар,Сочи,1
8580,Мадрид (MAD),Барселона,2
16411,Paris,Lyon,1
8223,Лондон (LHR),Нью-Йорк (JFK),1
18332,New York,Los Angeles,1
16075,Мадрид (MAD),Барселона,1
33514,New York,Los Angeles,1
4238,Сингапур (SIN),Бали (DPS),2
20201,Токио (HND),Сеул (ICN),1
20108,Мадрид (MAD),Барселона,1
5242,Екатеринбург,Казань,1
46007,Chicago,Miami,2
32581,Лондон (LHR),Нью-Йорк (JFK),2
5893,Краснодар,Сочи,1
29943,Москва,Санкт-Петербург,1
21730,Екатеринбург,Казань,1
44897,Мадрид (MAD),Барселона,1
29207,Сингапур (SIN),Бали (DPS),1
42199,Paris,Lyon,1
13409,Rome,Milan,2
1124,Екатеринбург,Казань,1
10057,Frankfurt,Hamburg,1
3344,Мюнхен,Вена,2
12851,New York,Los Angeles,1
49593,Стамбул (IST),Афины (ATH),2
23618,Париж (CDG),Рим (FCO),2
27297,Москва (SVO),Париж (CDG),2
42857,Frankfurt,Hamburg,2
39590,Мадрид (MAD),Барселона,2
31141,Frankfurt,Hamburg,1
39298,Екатеринбург,Казань,3
26030,Токио (HND),Сеул (ICN),1
7161,Берлин (BER),Амстердам (AMS),1
7405,Токио (HND),Сеул (ICN),3
45146,Rome,Milan,1
49151,Краснодар,Сочи,1
43038,New York,Los Angeles,1
16065,Мюнхен,Вена,1
7940,Rome,Milan,1
15079,Екатеринбург,Казань,1
41509,Москва,Санкт-Петербург,1
44740,Paris,Lyon,1
29462,Мадрид (MAD),Барселона,1
834,Paris,Lyon,2
15635,Берлин (BER),Амстердам (AMS),3
30866,Мюнхен,Вена,1
12784,Париж (CDG),Рим (FCO),1
49223,Париж (CDG),Рим (FCO),1
45943,Токио (HND),Сеул (ICN),1
13134,Краснодар,Сочи,1
49242,London,Edinburgh,1
23291,Сингапур (SIN),Бали (DPS),2
40860,Rome,Milan,1
12790,Frankfurt,Hamburg,1
13737,London,Edinburgh,2
16493,Москва,Санкт-Петербург,1
3186,Париж (CDG),Рим (FCO),1
31683,Москва (SVO),Париж (CDG),1
4098,Мадрид (MAD),Барселона,1
12715,Chicago,Miami,1
7820,Краснодар,Сочи,1
16562,Мюнхен,Вена,1
27447,Екатеринбург,Казань,1
33103,Новосибирск,Горно-Алтайск,2
37011,Новосибирск,Горно-Алтайск,1
26786,Rome,Milan,1
25349,Токио (HND),Сеул (ICN),1
9232,Берлин (BER),Амстердам (AMS),2
19338,Chicago,Miami,2
16004,Сингапур (SIN),Бали (DPS),2
32018,Новосибирск,Горно-Алтайск,1
17034,Мадрид (MAD),Барселона,2
43339,Мюнхен,Вена,1
21664,Москва,Санкт-Петербург,1
6538,Paris,Lyon,1
30966,London,Edinburgh,1
6075,Стамбул (IST),Афины (ATH),1
26507,Токио (HND),Сеул (ICN),2
22303,Берлин (BER),Амстердам (AMS),2
13739,Новосибирск,Горно-Алтайск,3
36955,Мюнхен,Вена,1
46718,Сингапур (SIN),Бали (DPS),1
46664,London,Edinburgh,1
28214,Paris,Lyon,2
14123,Екатеринбург,Казань,1
34160,Rome,Milan,1
17436,Москва,Санкт-Петербург,1
17316,Москва,Санкт-Петербург,1
7977,Лондон (LHR),Нью-Йорк (JFK),1
37990,Москва (SVO),Париж (CDG),1
21136,Токио (HND),Сеул (ICN),1
16514,Париж (CDG),Рим (FCO),1
2590,Rome,Milan,1
45353,Москва,Санкт-Петербург,2
8874,Стамбул (IST),Афины (ATH),2
17118,Frankfurt,Hamburg,1
47547,Новосибирск,Горно-Алтайск,1
30360,Дубай (DXB),Бангкок (BKK),1
42169,Rome,Milan,2
20633,Екатеринбург,Казань,1
3810,Стамбул (IST),Афины (ATH),1
17941,Новосибирск,Горно-Алтайск,1
30617,New York,Los Angeles,2
19914,Дубай (DXB),Бангкок (BKK),1
34433,Мадрид (MAD),Барселона,1
21716,Frankfurt,Hamburg,1
10746,Екатеринбург,Казань,1
10474,Сингапур (SIN),Бали (DPS),2
39459,Chicago,Miami,2
17143,Токио (HND),Сеул (ICN),1
32471,Paris,Lyon,2
36249,Paris,Lyon,1
43289,Краснодар,Сочи,1
44724,Frankfurt,Hamburg,1
43579,Екатеринбург,Казань,1
3524,Paris,Lyon,1
13612,Краснодар,Сочи,1
28343,Москва,Санкт-Петербург,2
872,Frankfurt,Hamburg,1
11065,Токио (HND),Сеул (ICN),1
25582,London,Edinburgh,1
44888,Rome,Milan,1
4726,New York,Los Angeles,2
25165,Дубай (DXB),Бангкок (BKK),1
33179,Москва,Санкт-Петербург,1
47541,Токио (HND),Сеул (ICN),1
8113,Москва,Санкт-Петербург,1
40382,Мюнхен,Вена,1
26380,New York,Los Angeles,2
27375,Новосибирск,Горно-Алтайск,2
753,Стамбул (IST),Афины (ATH),1
27500,New York,Los Angeles,1
6656,Москва (SVO),Париж (CDG),1
29110,London,Edinburgh,1
39290,Москва (SVO),Париж (CDG),1
6539,Берлин (BER),Амстердам (AMS),2
37366,Москва (SVO),Париж (CDG),1
9289,Токио (HND),Сеул (ICN),2
20113,Мюнхен,Вена,2
33353,Париж (CDG),Рим (FCO),1
40738,Мадрид (MAD),Барселона,1
31441,Frankfurt,Hamburg,3
48149,Дубай (DXB),Бангкок (BKK),3
1155,Мадрид (MAD),Барселона,1
32029,Frankfurt,Hamburg,2
44975,Берлин (BER),Амстердам (AMS),1
27753,Берлин (BER),Амстердам (AMS),1
28722,New York,Los Angeles,1
16416,Paris,Lyon,1
41557,Париж (CDG),Рим (FCO),2
49035,Дубай (DXB),Бангкок (BKK),2
36137,Дубай (DXB),Бангкок (BKK),1
16242,Москва,Санкт-Петербург,1
43046,Лондон (LHR),Нью-Йорк (JFK),1
12300,Берлин (BER),Амстердам (AMS),2
26610,Париж (CDG),Рим (FCO),1
25100,Екатеринбург,Казань,1
41200,Москва (SVO),Париж (CDG),2
3240,Мюнхен,Вена,2
24439,Екатеринбург,Казань,2
30302,Новосибирск,Горно-Алтайск,3
49765,Москва (SVO),Париж (CDG),2
46134,Rome,Milan,1
20508,Москва (SVO),Париж (CDG),1
13597,Париж (CDG),Рим (FCO),1
12607,New York,Los Angeles,1
18494,Екатеринбург,Казань,1
43833,Лондон (LHR),Нью-Йорк (JFK),1
37921,Париж (CDG),Рим (FCO),1
33810,Москва,Санкт-Петербург,2
13953,Сингапур (SIN),Бали (DPS),1
9035,Лондон (LHR),Нью-Йорк (JFK),2
17982,Новосибирск,Горно-Алтайск,1
21881,Екатеринбург,Казань,1
32339,Стамбул (IST),Афины (ATH),1
46017,London,Edinburgh,1
30477,Москва (SVO),Париж (CDG),1
40400,Екатеринбург,Казань,1
26905,Дубай (DXB),Бангкок (BKK),2
14668,Краснодар,Сочи,1
22317,Краснодар,Сочи,3
46643,Сингапур (SIN),Бали (DPS),1
31939,Мюнхен,Вена,2
30822,Токио (HND),Сеул (ICN),2
24947,Rome,Milan,1
4148,Екатеринбург,Казань,2
20501,Мадрид (MAD),Барселона,2
40364,Новосибирск,Горно-Алтайск,1
5448,Стамбул (IST),Афины (ATH),2
299,Rome,Milan,1
49633,Токио (HND),Сеул (ICN),2
23950,Chicago,Miami,1
32890,New York,Los Angeles,1
48152,Новосибирск,Горно-Алтайск,2
35154,Стамбул (IST),Афины (ATH),3
29467,Токио (HND),Сеул (ICN),1
5781,Сингапур (SIN),Бали (DPS),2
33210,Сингапур (SIN),Бали (DPS),1
28929,Москва (SVO),Париж (CDG),2
41141,Лондон (LHR),Нью-Йорк (JFK),1
28716,Rome,Milan,2
496,Берлин (BER),Амстердам (AMS),1
13645,Екатеринбург,Казань,1
14136,Мюнхен,Вена,3
4596,Москва (SVO),Париж (CDG),2
15939,Берлин (BER),Амстердам (AMS),2
28382,Москва,Санкт-Петербург,1
38148,Paris,Lyon,1
21662,Токио (HND),Сеул (ICN),1
42318,Стамбул (IST),Афины (ATH),1
8298,Краснодар,Сочи,3
30012,Стамбул (IST),Афины (ATH),1
42559,Москва,Санкт-Петербург,1
5129,Мюнхен,Вена,2
45908,Rome,Milan,1
19935,Екатеринбург,Казань,1
10883,Токио (HND),Сеул (ICN),1
44902,London,Edinburgh,1
27826,Frankfurt,Hamburg,1
4398,Дубай (DXB),Бангкок (BKK),1
1245,Paris,Lyon,1
44929,Мюнхен,Вена,1
39448,Paris,Lyon,1
11456,Париж (CDG),Рим (FCO),2
40473,Chicago,Miami,1
5179,Rome,Milan,1
18167,Сингапур (SIN),Бали (DPS),2
46065,Париж (CDG),Рим (FCO),1
22770,Rome,Milan,1
14962,Мадрид (MAD),Барселона,1
15426,Мюнхен,Вена,1
9392,Москва (SVO),Париж (CDG),2
15776,Токио (HND),Сеул (ICN),1
25713,Мюнхен,Вена,1
47108,Мюнхен,Вена,2
22511,Краснодар,Сочи,1
12790,Frankfurt,Hamburg,2
22098,Мюнхен,Вена,1
26478,Москва (SVO),Париж (CDG),1
13837,Rome,Milan,1
8095,Токио (HND),Сеул (ICN),1
26403,Лондон (LHR),Нью-Йорк (JFK),1
27492,Paris,Lyon,1
48034,London,Edinburgh,2
11518,Краснодар,Сочи,1
23537,Токио (HND),Сеул (ICN),2
27714,Берлин (BER),Амстердам (AMS),1
38545,Paris,Lyon,1
9191,Берлин (BER),Амстердам (AMS),1
20042,Новосибирск,Горно-Алтайск,3
28997,Москва (SVO),Париж (CDG),2
28108,Rome,Milan,1
2056,Краснодар,Сочи,1
45652,Chicago,Miami,2
24357,Берлин (BER),Амстердам (AMS),1
38783,Сингапур (SIN),Бали (DPS),1
31798,Paris,Lyon,1
37324,Дубай (DXB),Бангкок (BKK),1
44310,Chicago,Miami,2
30805,Москва,Санкт-Петербург,1
34510,Берлин (BER),Амстердам (AMS),1
21641,Дубай (DXB),Бангкок (BKK),1
10397,Новосибирск,Горно-Алтайск,1
14516,London,Edinburgh,1
45030,Сингапур (SIN),Бали (DPS),1
37970,Мадрид (MAD),Барселона,1
11264,Париж (CDG),Рим (FCO),2
43798,London,Edinburgh,2
45692,London,Edinburgh,2
29763,Новосибирск,Горно-Алтайск,1
19826,Париж (CDG),Рим (FCO),3
42619,Токио (HND),Сеул (ICN),1
502,Токио (HND),Сеул (ICN),2
30516,Мюнхен,Вена,1
47113,Париж (CDG),Рим (FCO),1
2146,New York,Los Angeles,2
14403,Лондон (LHR),Нью-Йорк (JFK),2
45163,Сингапур (SIN),Бали (DPS),1
38846,New York,Los Angeles,1
20772,Москва (SVO),Париж (CDG),2
9776,Москва,Санкт-Петербург,2
32891,Chicago,Miami,1
14550,Париж (CDG),Рим (FCO),2
46837,Дубай (DXB),Бангкок (BKK),1
21047,Екатеринбург,Казань,1
11823,Frankfurt,Hamburg,1
22832,Дубай (DXB),Бангкок (BKK),1
45476,Берлин (BER),Амстердам (AMS),2
39961,Берлин (BER),Амстердам (AMS),1
16808,Chicago,Miami,3
6513,Мадрид (MAD),Барселона,2
19815,London,Edinburgh,1
42156,Стамбул (IST),Афины (ATH),1
27545,Paris,Lyon,1
19289,London,Edinburgh,2
21455,Екатеринбург,Казань,1
18322,Paris,Lyon,1
16282,London,Edinburgh,2
46710,Екатеринбург,Казань,2
10304,Краснодар,Сочи,1
5270,Новосибирск,Горно-Алтайск,1
2192,Paris,Lyon,1
12849,Paris,Lyon,1
49490,Берлин (BER),Амстердам (AMS),1
16114,Берлин (BER),Амстердам (AMS),1
44355,London,Edinburgh,2
16072,Chicago,Miami,1
47859,Rome,Milan,2
22992,Мюнхен,Вена,1
43622,Берлин (BER),Амстердам (AMS),1
2756,Chicago,Miami,1
4030,Москва,Санкт-Петербург,1
41641,Краснодар,Сочи,2
17985,Frankfurt,Hamburg,2
12221,Екатеринбург,Казань,1
23279,Paris,Lyon,1
42758,Rome,Milan,1
18499,Екатеринбург,Казань,1
30825,New York,Los Angeles,1
2808,Екатеринбург,Казань,3
27839,Rome,Milan,1
23662,Токио (HND),Сеул (ICN),1
48935,Стамбул (IST),Афины (ATH),2
4956,Дубай (DXB),Бангкок (BKK),2
40862,Chicago,Miami,2
34887,Стамбул (IST),Афины (ATH),1
40604,Лондон (LHR),Нью-Йорк (JFK),1
13050,Париж (CDG),Рим (FCO),1
21822,Мюнхен,Вена,1
12683,Екатеринбург,Казань,1
24756,Frankfurt,Hamburg,1
44795,Екатеринбург,Казань,1
12699,Берлин (BER),Амстердам (AMS),2
12334,Стамбул (IST),Афины (ATH),2
12771,Краснодар,Сочи,1
24326,Москва (SVO),Париж (CDG),2
1656,Стамбул (IST),Афины (ATH),3
18497,Rome,Milan,1
2046,Берлин (BER),Амстердам (AMS),1
18396,New York,Los Angeles,1
49431,Лондон (LHR),Нью-Йорк (JFK),2
39186,Лондон (LHR),Нью-Йорк (JFK),1
33084,Лондон (LHR),Нью-Йорк (JFK),1
19771,Париж (CDG),Рим (FCO),1
12493,Краснодар,Сочи,1
16271,Краснодар,Сочи,1
17664,Париж (CDG),Рим (FCO),1
23098,Москва (SVO),Париж (CDG),1
7986,New York,Los Angeles,1
19606,Краснодар,Сочи,1
6205,New York,Los Angeles,1
15445,Paris,Lyon,1
21781,Берлин (BER),Амстердам (AMS),1
36351,Стамбул (IST),Афины (ATH),1
2807,New York,Los Angeles,2
30558,Краснодар,Сочи,1
30972,Мюнхен,Вена,1
3095,Екатеринбург,Казань,1
43250,Новосибирск,Горно-Алтайск,1
13585,Екатеринбург,Казань,1
39357,Сингапур (SIN),Бали (DPS),1
4325,Берлин (BER),Амстердам (AMS),1
30410,Rome,Milan,2
8250,Краснодар,Сочи,2
7323,Frankfurt,Hamburg,1
24865,Frankfurt,Hamburg,1
26379,Екатеринбург,Казань,1
7418,London,Edinburgh,1
17752,Краснодар,Сочи,1
34059,Краснодар,Сочи,1
13483,London,Edinburgh,2
16857,Лондон (LHR),Нью-Йорк (JFK),1
30749,Новосибирск,Горно-Алтайск,1
16613,Токио (HND),Сеул (ICN),1
27602,Paris,Lyon,1
45696,Москва (SVO),Париж (CDG),1
38296,Новосибирск,Горно-Алтайск,2
15371,Сингапур (SIN),Бали (DPS),1
37051,Frankfurt,Hamburg,2
17209,New York,Los Angeles,1
44593,Rome,Milan,1
196,Париж (CDG),Рим (FCO),2
4790,Лондон (LHR),Нью-Йорк (JFK),1
15970,Новосибирск,Горно-Алтайск,2
26021,New York,Los Angeles,1
43992,Берлин (BER),Амстердам (AMS),2
31914,Дубай (DXB),Бангкок (BKK),1
48684,London,Edinburgh,1
1583,Екатеринбург,Казань,1
26054,Paris,Lyon,1
12408,New York,Los Angeles,3
10052,London,Edinburgh,2
31878,Мадрид (MAD),Барселона,1
3689,Берлин (BER),Амстердам (AMS),1
46522,Chicago,Miami,1
22944,Лондон (LHR),Нью-Йорк (JFK),1
7677,Стамбул (IST),Афины (ATH),1
14249,Краснодар,Сочи,1
39949,Краснодар,Сочи,1
31197,Стамбул (IST),Афины (ATH),1
36315,Chicago,Miami,1
42619,London,Edinburgh,2
43497,Москва (SVO),Париж (CDG),3
37035,Париж (CDG),Рим (FCO),2
21441,Париж (CDG),Рим (FCO),1
21321,Берлин (BER),Амстердам (AMS),2
13134,New York,Los Angeles,2
1202,Москва (SVO),Париж (CDG),1
31081,Chicago,Miami,1
16383,Rome,Milan,1
36029,London,Edinburgh,1
22681,London,Edinburgh,1
30946,New York,Los Angeles,1
9323,Краснодар,Сочи,1
3121,Париж (CDG),Рим (FCO),1
17318,Москва (SVO),Париж (CDG),1
47289,London,Edinburgh,1
40764,Стамбул (IST),Афины (ATH),1
40440,Дубай (DXB),Бангкок (BKK),1
7058,Frankfurt,Hamburg,1
49757,Сингапур (SIN),Бали (DPS),1
7015,Москва,Санкт-Петербург,1
31446,Стамбул (IST),Афины (ATH),1
20668,Новосибирск,Горно-Алтайск,1
9914,Rome,Milan,1
37326,Сингапур (SIN),Бали (DPS),2
33036,Дубай (DXB),Бангкок (BKK),1
2118,New York,Los Angeles,1
35818,Краснодар,Сочи,1
38017,Краснодар,Сочи,1
27487,Frankfurt,Hamburg,1
41950,Frankfurt,Hamburg,2
32110,Москва (SVO),Париж (CDG),1
39144,Paris,Lyon,1
20886,Сингапур (SIN),Бали (DPS),1
43537,Мадрид (MAD),Барселона,3
47080,Токио (HND),Сеул (ICN),1
37777,Мюнхен,Вена,2
38416,Стамбул (IST),Афины (ATH),1
41012,New York,Los Angeles,1
28404,Rome,Milan,1
39573,Frankfurt,Hamburg,2
46748,Новосибирск,Горно-Алтайск,2
18953,Париж (CDG),Рим (FCO),3
38646,Paris,Lyon,1
35116,Новосибирск,Горно-Алтайск,1
21687,Екатеринбург,Казань,1
39829,Москва,Санкт-Петербург,2
38795,Paris,Lyon,1
28522,Chicago,Miami,1
35936,Краснодар,Сочи,1
27157,Токио (HND),Сеул (ICN),2
26526,Токио (HND),Сеул (ICN),1
28640,Москва (SVO),Париж (CDG),1
11394,Дубай (DXB),Бангкок (BKK),1
10777,Екатеринбург,Казань,1
5979,Токио (HND),Сеул (ICN),1
37074,Лондон (LHR),Нью-Йорк (JFK),1
3274,Сингапур (SIN),Бали (DPS),1
21185,Краснодар,Сочи,2
35482,Париж (CDG),Рим (FCO),1
46952,Париж (CDG),Рим (FCO),1
36179,Париж (CDG),Рим (FCO),1
810,Paris,Lyon,1
32608,Chicago,Miami,1
48838,Сингапур (SIN),Бали (DPS),1
49666,Париж (CDG),Рим (FCO),2
37905,Париж (CDG),Рим (FCO),1
36095,Лондон (LHR),Нью-Йорк (JFK),1
45377,Стамбул (IST),Афины (ATH),1
6363,Москва,Санкт-Петербург,1
15359,Стамбул (IST),Афины (ATH),1
14349,Chicago,Miami,2
37662,Chicago,Miami,2
37419,Rome,Milan,2
24319,Стамбул (IST),Афины (ATH),1
28184,Paris,Lyon,1
8352,Берлин (BER),Амстердам (AMS),2
8810,Мадрид (MAD),Барселона,1
47052,Москва (SVO),Париж (CDG),1
19520,Москва,Санкт-Петербург,2
39147,Краснодар,Сочи,1
11948,Москва,Санкт-Петербург,1
18151,Дубай (DXB),Бангкок (BKK),1
39181,Екатеринбург,Казань,1
36640,Frankfurt,Hamburg,1
26680,Москва,Санкт-Петербург,1
7121,Мюнхен,Вена,2
40183,Frankfurt,Hamburg,1
36083,Стамбул (IST),Афины (ATH),1
22546,Лондон (LHR),Нью-Йорк (JFK),1
48895,Стамбул (IST),Афины (ATH),2
30377,Москва (SVO),Париж (CDG),1
5873,Дубай (DXB),Бангкок (BKK),1
33924,Дубай (DXB),Бангкок (BKK),1
38026,Мюнхен,Вена,1
23869,Frankfurt,Hamburg,1
32349,Берлин (BER),Амстердам (AMS),1
7015,Москва,Санкт-Петербург,2
5855,Chicago,Miami,1
12122,Rome,Milan,2
48966,Лондон (LHR),Нью-Йорк (JFK),1
10586,Дубай (DXB),Бангкок (BKK),1
36552,New York,Los Angeles,1
40491,Paris,Lyon,1
12280,Лондон (LHR),Нью-Йорк (JFK),1
9794,Дубай (DXB),Бангкок (BKK),2
25850,Мюнхен,Вена,2
12750,Paris,Lyon,1
43470,Мюнхен,Вена,1
17113,Chicago,Miami,1
11121,Сингапур (SIN),Бали (DPS),1
15074,Дубай (DXB),Бангкок (BKK),1
33136,Париж (CDG),Рим (FCO),1
43975,Мюнхен,Вена,1
36696,Frankfurt,Hamburg,1
16468,London,Edinburgh,1
25850,Rome,Milan,3
5932,Екатеринбург,Казань,1
11523,Москва,Санкт-Петербург,1
34951,Краснодар,Сочи,1
31614,Париж (CDG),Рим (FCO),1
45417,Стамбул (IST),Афины (ATH),1
38693,Сингапур (SIN),Бали (DPS),1
2241,Rome,Milan,2
30333,Токио (HND),Сеул (ICN),1
39263,Новосибирск,Горно-Алтайск,1
6274,Chicago,Miami,1
38671,Стамбул (IST),Афины (ATH),1
38114,Rome,Milan,2
23855,Сингапур (SIN),Бали (DPS),1
39669,Новосибирск,Горно-Алтайск,1
4697,Екатеринбург,Казань,1
1783,Екатеринбург,Казань,1
16361,Rome,Milan,2
32233,Берлин (BER),Амстердам (AMS),2
43072,Новосибирск,Горно-Алтайск,2
41716,Москва,Санкт-Петербург,1
24911,Rome,Milan,2
4619,Стамбул (IST),Афины (ATH),2
27627,Сингапур (SIN),Бали (DPS),3
36543,Chicago,Miami,1
45806,Екатеринбург,Казань,1
27421,Екатеринбург,Казань,1
35312,Краснодар,Сочи,1
44653,New York,Los Angeles,1
38596,Frankfurt,Hamburg,2
5630,Мадрид (MAD),Барселона,2
34086,Дубай (DXB),Бангкок (BKK),2
7517,Москва,Санкт-Петербург,1
26732,Москва (SVO),Париж (CDG),2
12751,Дубай (DXB),Бангкок (BKK),2
20546,Стамбул (IST),Афины (ATH),3
14131,Лондон (LHR),Нью-Йорк (JFK),1
41018,Rome,Milan,2
15671,Дубай (DXB),Бангкок (BKK),1
17999,Дубай (DXB),Бангкок (BKK),1
15658,Лондон (LHR),Нью-Йорк (JFK),1
388,Екатеринбург,Казань,1
41192,Новосибирск,Горно-Алтайск,2
35348,Париж (CDG),Рим (FCO),1
46714,Chicago,Miami,1
35624,Сингапур (SIN),Бали (DPS),1
32332,London,Edinburgh,1
1105,Мадрид (MAD),Барселона,1
43887,Москва,Санкт-Петербург,1
10662,Москва,Санкт-Петербург,1
26643,Лондон (LHR),Нью-Йорк (JFK),1
48408,Лондон (LHR),Нью-Йорк (JFK),1
29931,Мадрид (MAD),Барселона,2
34702,Стамбул (IST),Афины (ATH),1
1906,Берлин (BER),Амстердам (AMS),2
31929,New York,Los Angeles,1
38392,Новосибирск,Горно-Алтайск,1
1295,Москва,Санкт-Петербург,1
25428,London,Edinburgh,1
34045,London,Edinburgh,2
16653,Москва (SVO),Париж (CDG),1
13554,Мадрид (MAD),Барселона,1
49700,Краснодар,Сочи,1
49558,Frankfurt,Hamburg,2
21001,Rome,Milan,1
31529,Новосибирск,Горно-Алтайск,1
2247,Берлин (BER),Амстердам (AMS),1
41789,Берлин (BER),Амстердам (AMS),1
8903,Rome,Milan,1
31690,Токио (HND),Сеул (ICN),1
31870,Москва (SVO),Париж (CDG),1
28608,Стамбул (IST),Афины (ATH),1
31226,New York,Los Angeles,2
45228,London,Edinburgh,1
1378,Екатеринбург,Казань,1
33743,Стамбул (IST),Афины (ATH),1
14804,Сингапур (SIN),Бали (DPS),1
19253,Токио (HND),Сеул (ICN),1
45045,Мадрид (MAD),Барселона,1
49394,Мюнхен,Вена,2
35135,Краснодар,Сочи,1
1271,Дубай (DXB),Бангкок (BKK),1
44334,Москва,Санкт-Петербург,2
30538,Rome,Milan,1
36863,Мюнхен,Вена,1
17057,Москва (SVO),Париж (CDG),1
48051,Сингапур (SIN),Бали (DPS),1
10170,Мадрид (MAD),Барселона,1
13148,Стамбул (IST),Афины (ATH),1
20433,Сингапур (SIN),Бали (DPS),1
49012,Новосибирск,Горно-Алтайск,1
13937,New York,Los Angeles,1
25769,Екатеринбург,Казань,1
23966,Берлин (BER),Амстердам (AMS),1
49030,Краснодар,Сочи,1
19029,London,Edinburgh,1
13055,Frankfurt,Hamburg,1
23416,Мадрид (MAD),Барселона,1
12980,Краснодар,Сочи,1
49001,New York,Los Angeles,1
28373,Берлин (BER),Амстердам (AMS),1
9496,Токио (HND),Сеул (ICN),2
46554,Екатеринбург,Казань,3
9227,Chicago,Miami,1
23478,Краснодар,Сочи,1
17758,Новосибирск,Горно-Алтайск,1
43929,Новосибирск,Горно-Алтайск,2
49994,Мюнхен,Вена,2
4989,Chicago,Miami,2
27419,Chicago,Miami,2
29984,Москва,Санкт-Петербург,2
15827,London,Edinburgh,1
10325,Мадрид (MAD),Барселона,1
33472,Chicago,Miami,2
15733,Екатеринбург,Казань,2
6506,Екатеринбург,Казань,1
10150,Москва (SVO),Париж (CDG),1
45276,Москва,Санкт-Петербург,1
8489,Краснодар,Сочи,2
33044,Дубай (DXB),Бангкок (BKK),1
9037,Мюнхен,Вена,3
14048,New York,Los Angeles,2
30163,Новосибирск,Горно-Алтайск,2
21295,Мадрид (MAD),Барселона,1
31759,Chicago,Miami,2
15181,Сингапур (SIN),Бали (DPS),1
39934,Екатеринбург,Казань,1
17046,Лондон (LHR),Нью-Йорк (JFK),2
14784,Новосибирск,Горно-Алтайск,2
22398,Берлин (BER),Амстердам (AMS),1
19684,Краснодар,Сочи,1
27966,Мюнхен,Вена,1
13173,Стамбул (IST),Афины (ATH),3
21637,Токио (HND),Сеул (ICN),1
32238,Мюнхен,Вена,2
26431,Париж (CDG),Рим (FCO),2
356,Мадрид (MAD),Барселона,1
22733,Стамбул (IST),Афины (ATH),2
18683,Дубай (DXB),Бангкок (BKK),1
47205,Chicago,Miami,1
13091,Берлин (BER),Амстердам (AMS),1
3186,Краснодар,Сочи,2
24866,Новосибирск,Горно-Алтайск,3
22301,Мюнхен,Вена,2
40786,Краснодар,Сочи,1
18091,Сингапур (SIN),Бали (DPS),2
37777,Краснодар,Сочи,3
24462,Сингапур (SIN),Бали (DPS),1
5017,Мюнхен,Вена,1
6112,Стамбул (IST),Афины (ATH),1
33336,Краснодар,Сочи,1
4769,Paris,Lyon,1
9794,Москва (SVO),Париж (CDG),3
7765,Токио (HND),Сеул (ICN),1
36982,Мадрид (MAD),Барселона,2
11269,Rome,Milan,1
6613,Paris,Lyon,1
24719,Сингапур (SIN),Бали (DPS),1
24747,Новосибирск,Горно-Алтайск,1
8590,Chicago,Miami,3
6523,Дубай (DXB),Бангкок (BKK),2
18708,Frankfurt,Hamburg,2
7986,Краснодар,Сочи,2
3551,New York,Los Angeles,1
34997,Москва,Санкт-Петербург,2
10648,Rome,Milan,1
48989,Берлин (BER),Амстердам (AMS),1
38003,Новосибирск,Горно-Алтайск,2
2544,Новосибирск,Горно-Алтайск,2
11479,New York,Los Angeles,1
3430,Мадрид (MAD),Барселона,1
13775,Chicago,Miami,1
40559,Мюнхен,Вена,1
31659,Москва (SVO),Париж (CDG),1
45867,Новосибирск,Горно-Алтайск,1
39515,Париж (CDG),Рим (FCO),2
28902,Москва (SVO),Париж (CDG),2
11181,Rome,Milan,1
48380,Новосибирск,Горно-Алтайск,1
16225,Мадрид (MAD),Барселона,1
42238,Мадрид (MAD),Барселона,1
37831,Frankfurt,Hamburg,1
48768,Мюнхен,Вена,1
46971,Rome,Milan,1
22980,London,Edinburgh,1
47416,Лондон (LHR),Нью-Йорк (JFK),2
953,Лондон (LHR),Нью-Йорк (JFK),1
49508,Frankfurt,Hamburg,1
42863,Дубай (DXB),Бангкок (BKK),1
3752,Paris,Lyon,1
17948,Paris,Lyon,1
47314,Мюнхен,Вена,1
24894,Дубай (DXB),Бангкок (BKK),2
31679,Токио (HND),Сеул (ICN),1
44301,Сингапур (SIN),Бали (DPS),1
16151,Лондон (LHR),Нью-Йорк (JFK),1
21048,Токио (HND),Сеул (ICN),1
11666,Paris,Lyon,3
21025,Frankfurt,Hamburg,1
11130,Париж (CDG),Рим (FCO),1
34440,Frankfurt,Hamburg,1
33104,Берлин (BER),Амстердам (AMS),1
45858,Chicago,Miami,1
1538,New York,Los Angeles,1
2873,Frankfurt,Hamburg,2
12798,Мюнхен,Вена,1
29667,New York,Los Angeles,1
28230,Мюнхен,Вена,1
27967,Rome,Milan,1
19698,Лондон (LHR),Нью-Йорк (JFK),1
42440,Paris,Lyon,1
5627,Chicago,Miami,1
36562,Москва (SVO),Париж (CDG),1
33833,Москва (SVO),Париж (CDG),1
9675,Мадрид (MAD),Барселона,1
9926,Стамбул (IST),Афины (ATH),2
16958,Берлин (BER),Амстердам (AMS),1
16821,Краснодар,Сочи,1
49731,Мадрид (MAD),Барселона,1
2659,Paris,Lyon,1
23977,Мадрид (MAD),Барселона,1
8097,Токио (HND),Сеул (ICN),1
380,Мюнхен,Вена,1
30802,Париж (CDG),Рим (FCO),1
42587,Париж (CDG),Рим (FCO),1
9622,Новосибирск,Горно-Алтайск,1
39683,New York,Los Angeles,2
28789,Сингапур (SIN),Бали (DPS),1
31331,New York,Los Angeles,1
20629,New York,Los Angeles,1
48492,Paris,Lyon,1
38136,Париж (CDG),Рим (FCO),3
7890,Мадрид (MAD),Барселона,1
16051,New York,Los Angeles,1
28659,Екатеринбург,Казань,2
587,Frankfurt,Hamburg,1
5170,Екатеринбург,Казань,3
29066,Краснодар,Сочи,2
12887,Paris,Lyon,1
2963,Frankfurt,Hamburg,2
6213,Париж (CDG),Рим (FCO),1
3852,Берлин (BER),Амстердам (AMS),2
48266,Стамбул (IST),Афины (ATH),2
17543,Екатеринбург,Казань,1
3556,Новосибирск,Горно-Алтайск,2
49551,Лондон (LHR),Нью-Йорк (JFK),1
4464,New York,Los Angeles,1
8094,Екатеринбург,Казань,1
15477,Rome,Milan,2
45752,Париж (CDG),Рим (FCO),1
18442,Мюнхен,Вена,1
29863,Париж (CDG),Рим (FCO),1
48988,London,Edinburgh,1
41760,Краснодар,Сочи,1
33268,Новосибирск,Горно-Алтайск,2
44932,Москва (SVO),Париж (CDG),3
7710,Екатеринбург,Казань,2
26216,Екатеринбург,Казань,1
40872,Chicago,Miami,1
19485,Токио (HND),Сеул (ICN),1
26736,Лондон (LHR),Нью-Йорк (JFK),1
39325,Дубай (DXB),Бангкок (BKK),2
18438,Мюнхен,Вена,2
19495,Стамбул (IST),Афины (ATH),1
9724,Стамбул (IST),Афины (ATH),3
12542,Мадрид (MAD),Барселона,2
41180,Мюнхен,Вена,1
45239,Токио (HND),Сеул (ICN),2
730,Стамбул (IST),Афины (ATH),1
23948,Берлин (BER),Амстердам (AMS),1
16961,Мадрид (MAD),Барселона,1
17925,Токио (HND),Сеул (ICN),1
33212,Сингапур (SIN),Бали (DPS),1
49994,Дубай (DXB),Бангкок (BKK),3
10467,Сингапур (SIN),Бали (DPS),1
43399,Краснодар,Сочи,1
2871,Дубай (DXB),Бангкок (BKK),1
21508,Москва,Санкт-Петербург,1
40632,Париж (CDG),Рим (FCO),2
35483,Новосибирск,Горно-Алтайск,1
24939,Москва (SVO),Париж (CDG),2
13222,London,Edinburgh,1
36079,Токио (HND),Сеул (ICN),1
19390,Краснодар,Сочи,1
45821,Rome,Milan,2
30626,Токио (HND),Сеул (ICN),3
1776,Екатеринбург,Казань,1
25379,New York,Los Angeles,1
24094,Мадрид (MAD),Барселона,1
19058,Берлин (BER),Амстердам (AMS),1
46767,Москва,Санкт-Петербург,1
37289,Мюнхен,Вена,1
44802,Краснодар,Сочи,1
22672,New York,Los Angeles,1
18714,Париж (CDG),Рим (FCO),1
40207,Сингапур (SIN),Бали (DPS),1
39068,Новосибирск,Горно-Алтайск,1
35412,Екатеринбург,Казань,1
17712,Rome,Milan,1
37703,Токио (HND),Сеул (ICN),2
17150,Дубай (DXB),Бангкок (BKK),2
32136,Москва (SVO),Париж (CDG),1
45493,Frankfurt,Hamburg,1
25699,Chicago,Miami,1
45098,Лондон (LHR),Нью-Йорк (JFK),1
8152,Москва,Санкт-Петербург,1
7214,Frankfurt,Hamburg,1
22021,Мюнхен,Вена,1
5663,Сингапур (SIN),Бали (DPS),1
11304,Краснодар,Сочи,1
5511,Токио (HND),Сеул (ICN),1
31989,Лондон (LHR),Нью-Йорк (JFK),1
28425,Chicago,Miami,2
10140,Москва (SVO),Париж (CDG),1
33695,Сингапур (SIN),Бали (DPS),2
20215,Мюнхен,Вена,1
5935,Frankfurt,Hamburg,2
6417,Москва (SVO),Париж (CDG),1
2780,New York,Los Angeles,2
21073,Лондон (LHR),Нью-Йорк (JFK),2
25963,Стамбул (IST),Афины (ATH),1
35408,Дубай (DXB),Бангкок (BKK),1
40468,Chicago,Miami,1
16986,Мадрид (MAD),Барселона,2
2384,Москва (SVO),Париж (CDG),1
20515,London,Edinburgh,1
6761,Лондон (LHR),Нью-Йорк (JFK),1
48450,Сингапур (SIN),Бали (DPS),1
5384,Москва (SVO),Париж (CDG),2
14995,Стамбул (IST),Афины (ATH),2
21720,Токио (HND),Сеул (ICN),1
1016,Мадрид (MAD),Барселона,1
22114,Paris,Lyon,1
8447,Москва,Санкт-Петербург,2
2648,Москва,Санкт-Петербург,1
1765,New York,Los Angeles,1
38107,Токио (HND),Сеул (ICN),1
27866,Rome,Milan,1
5075,Стамбул (IST),Афины (ATH),1
41456,New York,Los Angeles,2
47591,New York,Los Angeles,2
10403,Москва (SVO),Париж (CDG),3
47385,Стамбул (IST),Афины (ATH),2
8584,New York,Los Angeles,2
30932,Мадрид (MAD),Барселона,2
42043,Москва,Санкт-Петербург,1
23702,Мадрид (MAD),Барселона,2
9358,Москва (SVO),Париж (CDG),2
47723,Мадрид (MAD),Барселона,2
44880,Токио (HND),Сеул (ICN),2
32647,New York,Los Angeles,1
41053,Новосибирск,Горно-Алтайск,1
15604,Новосибирск,Горно-Алтайск,2
21230,Новосибирск,Горно-Алтайск,1
22074,Москва (SVO),Париж (CDG),1
45861,Мадрид (MAD),Барселона,1
32848,Токио (HND),Сеул (ICN),2
1203,Rome,Milan,1
45540,Париж (CDG),Рим (FCO),1
14656,London,Edinburgh,2
436,Дубай (DXB),Бангкок (BKK),1
16526,Новосибирск,Горно-Алтайск,1
35247,Rome,Milan,1
7280,Париж (CDG),Рим (FCO),2
39809,Москва,Санкт-Петербург,1
17390,Берлин (BER),Амстердам (AMS),2
32950,Екатеринбург,Казань,2
35491,Москва,Санкт-Петербург,1
27672,Краснодар,Сочи,1
325,Стамбул (IST),Афины (ATH),1
9918,Краснодар,Сочи,1
45062,Лондон (LHR),Нью-Йорк (JFK),3
39096,Москва (SVO),Париж (CDG),3
31838,Новосибирск,Горно-Алтайск,2
45619,Стамбул (IST),Афины (ATH),2
33318,Мюнхен,Вена,2
33854,Мюнхен,Вена,1
13423,Rome,Milan,1
8326,Frankfurt,Hamburg,3
21817,Берлин (BER),Амстердам (AMS),1
41271,Мадрид (MAD),Барселона,1
12454,Frankfurt,Hamburg,1
25127,Новосибирск,Горно-Алтайск,1
29932,Москва (SVO),Париж (CDG),1
43511,Москва (SVO),Париж (CDG),2
6977,Paris,Lyon,1
29976,Краснодар,Сочи,1
34856,Москва (SVO),Париж (CDG),1
42115,Сингапур (SIN),Бали (DPS),1
15622,Париж (CDG),Рим (FCO),2
34502,Берлин (BER),Амстердам (AMS),1
48618,Дубай (DXB),Бангкок (BKK),1
32336,Токио (HND),Сеул (ICN),1
44779,Стамбул (IST),Афины (ATH),1
45823,Мадрид (MAD),Барселона,1
2297,Екатеринбург,Казань,1
49699,Берлин (BER),Амстердам (AMS),2
37970,Frankfurt,Hamburg,2
26591,Мюнхен,Вена,1
34439,Сингапур (SIN),Бали (DPS),1
22587,Дубай (DXB),Бангкок (BKK),1
11410,Дубай (DXB),Бангкок (BKK),1
41457,London,Edinburgh,2
218,Rome,Milan,2
32927,Москва (SVO),Париж (CDG),2
32554,Rome,Milan,1
34390,Берлин (BER),Амстердам (AMS),3
12140,Дубай (DXB),Бангкок (BKK),1
20776,Мюнхен,Вена,1
7453,Chicago,Miami,1
35622,Дубай (DXB),Бангкок (BKK),1
48581,Москва,Санкт-Петербург,1
14883,Paris,Lyon,1
28732,Chicago,Miami,1
19380,Новосибирск,Горно-Алтайск,2
40294,Chicago,Miami,1
49480,Paris,Lyon,2
29692,Париж (CDG),Рим (FCO),1
37505,London,Edinburgh,3
28327,Frankfurt,Hamburg,1
38089,London,Edinburgh,1
47229,Екатеринбург,Казань,2
12752,Стамбул (IST),Афины (ATH),1
31354,New York,Los Angeles,2
38989,Сингапур (SIN),Бали (DPS),1
23799,Лондон (LHR),Нью-Йорк (JFK),1
20709,Chicago,Miami,3
44747,Мадрид (MAD),Барселона,1
26782,Сингапур (SIN),Бали (DPS),2
29704,Стамбул (IST),Афины (ATH),2
19815,Париж (CDG),Рим (FCO),2
14066,Париж (CDG),Рим (FCO),1
28866,Стамбул (IST),Афины (ATH),1
37405,Paris,Lyon,2
14881,Москва (SVO),Париж (CDG),1
38107,Rome,Milan,2
49124,London,Edinburgh,1
5147,Сингапур (SIN),Бали (DPS),1
43907,Сингапур (SIN),Бали (DPS),1
42768,Paris,Lyon,2
46111,Екатеринбург,Казань,2
36213,Новосибирск,Горно-Алтайск,2
36405,Екатеринбург,Казань,1
46996,Paris,Lyon,1
34079,Новосибирск,Горно-Алтайск,2
931,Москва,Санкт-Петербург,1
33208,Frankfurt,Hamburg,1
14068,Мюнхен,Вена,1
42950,Сингапур (SIN),Бали (DPS),1
23668,New York,Los Angeles,1
26911,Лондон (LHR),Нью-Йорк (JFK),1
9435,Стамбул (IST),Афины (ATH),1
26414,Chicago,Miami,1
17783,Москва (SVO),Париж (CDG),2
16504,Париж (CDG),Рим (FCO),1
15012,Париж (CDG),Рим (FCO),1
44755,New York,Los Angeles,1
3041,Frankfurt,Hamburg,3
37149,Новосибирск,Горно-Алтайск,2
26799,Екатеринбург,Казань,1
13136,Берлин (BER),Амстердам (AMS),1
23174,Берлин (BER),Амстердам (AMS),1
44635,Москва,Санкт-Петербург,1
11567,Paris,Lyon,2
8866,Стамбул (IST),Афины (ATH),1
18087,Новосибирск,Горно-Алтайск,2
44439,Екатеринбург,Казань,1
49076,Екатеринбург,Казань,1
37001,Chicago,Miami,1
30722,Краснодар,Сочи,1
26344,Токио (HND),Сеул (ICN),1
46327,Берлин (BER),Амстердам (AMS),2
20235,Paris,Lyon,1
5251,Paris,Lyon,1
48229,Frankfurt,Hamburg,1
14868,London,Edinburgh,1
8919,Токио (HND),Сеул (ICN),2
36954,Париж (CDG),Рим (FCO),2
6289,Rome,Milan,1
37830,Токио (HND),Сеул (ICN),1
36781,Сингапур (SIN),Бали (DPS),2
24956,Frankfurt,Hamburg,1
25705,Москва,Санкт-Петербург,1
5516,Париж (CDG),Рим (FCO),1
17751,Сингапур (SIN),Бали (DPS),1
42860,Мюнхен,Вена,1
28523,Лондон (LHR),Нью-Йорк (JFK),1
47422,Paris,Lyon,1
35619,Токио (HND),Сеул (ICN),1
47071,Париж (CDG),Рим (FCO),1
29814,Стамбул (IST),Афины (ATH),2
28428,Мадрид (MAD),Барселона,2
45899,Лондон (LHR),Нью-Йорк (JFK),1
49925,Новосибирск,Горно-Алтайск,1
10069,Chicago,Miami,2
29683,Chicago,Miami,1
12,Rome,Milan,2
43341,Мадрид (MAD),Барселона,2
36633,Мюнхен,Вена,3
39478,Стамбул (IST),Афины (ATH),4
21158,Екатеринбург,Казань,1
33208,Frankfurt,Hamburg,2
3074,Стамбул (IST),Афины (ATH),3
5836,Париж (CDG),Рим (FCO),2
46551,Лондон (LHR),Нью-Йорк (JFK),1
37897,London,Edinburgh,2
40532,Париж (CDG),Рим (FCO),1
19194,Мюнхен,Вена,2
30669,Париж (CDG),Рим (FCO),1
2002,Paris,Lyon,1
9171,Paris,Lyon,1
33389,Дубай (DXB),Бангкок (BKK),1
1026,Новосибирск,Горно-Алтайск,1
26230,London,Edinburgh,1
13478,Мюнхен,Вена,1
35,Frankfurt,Hamburg,1
23861,Стамбул (IST),Афины (ATH),1
18459,London,Edinburgh,1
40780,Москва (SVO),Париж (CDG),1
42144,Дубай (DXB),Бангкок (BKK),1
39331,London,Edinburgh,1
13194,Frankfurt,Hamburg,1
35545,Краснодар,Сочи,2
33646,Frankfurt,Hamburg,1
35498,Мюнхен,Вена,1
24217,Paris,Lyon,1
2813,Мюнхен,Вена,1
16506,Стамбул (IST),Афины (ATH),2
35792,Стамбул (IST),Афины (ATH),1
4025,Екатеринбург,Казань,1
22583,Берлин (BER),Амстердам (AMS),1
40859,Frankfurt,Hamburg,2
34211,Краснодар,Сочи,1
48228,Москва (SVO),Париж (CDG),1
12249,Дубай (DXB),Бангкок (BKK),1
30328,New York,Los Angeles,1
28055,Сингапур (SIN),Бали (DPS),1
29266,Paris,Lyon,1
14459,Мюнхен,Вена,2
40710,Токио (HND),Сеул (ICN),1
13905,Берлин (BER),Амстердам (AMS),1
8858,Краснодар,Сочи,1
16060,Москва (SVO),Париж (CDG),1
23405,Мадрид (MAD),Барселона,1
21636,Paris,Lyon,2
12081,Paris,Lyon,1
22028,Лондон (LHR),Нью-Йорк (JFK),1
9129,Париж (CDG),Рим (FCO),1
31229,Мюнхен,Вена,1
18620,Лондон (LHR),Нью-Йорк (JFK),1
36837,Новосибирск,Горно-Алтайск,1
25154,Париж (CDG),Рим (FCO),1
43867,Стамбул (IST),Афины (ATH),1
4389,Стамбул (IST),Афины (ATH),1
25250,Стамбул (IST),Афины (ATH),1
12900,Новосибирск,Горно-Алтайск,1
19148,Лондон (LHR),Нью-Йорк (JFK),1
34450,Москва (SVO),Париж (CDG),2
5696,Лондон (LHR),Нью-Йорк (JFK),1
30151,New York,Los Angeles,1
33791,Берлин (BER),Амстердам (AMS),2
15666,Rome,Milan,1
21452,Мюнхен,Вена,1
36756,Токио (HND),Сеул (ICN),2
27627,Мюнхен,Вена,4
46403,Лондон (LHR),Нью-Йорк (JFK),1
43641,Дубай (DXB),Бангкок (BKK),1
38278,Краснодар,Сочи,1
29609,Екатеринбург,Казань,1
3402,Сингапур (SIN),Бали (DPS),3
42683,Стамбул (IST),Афины (ATH),2
577,Frankfurt,Hamburg,1
8896,Мюнхен,Вена,2
7763,New York,Los Angeles,1
1956,Берлин (BER),Амстердам (AMS),1
19207,Москва,Санкт-Петербург,2
8446,Chicago,Miami,1
38993,Paris,Lyon,2
924,Лондон (LHR),Нью-Йорк (JFK),1
8714,New York,Los Angeles,2
6101,Мадрид (MAD),Барселона,1
31212,New York,Los Angeles,1
33144,Берлин (BER),Амстердам (AMS),1
2121,Токио (HND),Сеул (ICN),1
36874,Сингапур (SIN),Бали (DPS),1
37207,New York,Los Angeles,2
36158,Дубай (DXB),Бангкок (BKK),1
15352,Мюнхен,Вена,2
8825,Новосибирск,Горно-Алтайск,1
18848,Екатеринбург,Казань,2
27146,Rome,Milan,2
45409,New York,Los Angeles,1
39616,Chicago,Miami,2
19379,Лондон (LHR),Нью-Йорк (JFK),1
4195,Chicago,Miami,2
7471,Екатеринбург,Казань,3
17464,Екатеринбург,Казань,2
10665,New York,Los Angeles,1
19578,Екатеринбург,Казань,3
35587,Лондон (LHR),Нью-Йорк (JFK),1
26422,Мюнхен,Вена,2
6868,Екатеринбург,Казань,2
2510,Сингапур (SIN),Бали (DPS),2
35763,Екатеринбург,Казань,1
32659,New York,Los Angeles,1
13335,Краснодар,Сочи,1
32785,Москва (SVO),Париж (CDG),1
10493,Мюнхен,Вена,2
5652,New York,Los Angeles,1
34899,Екатеринбург,Казань,1
5548,Лондон (LHR),Нью-Йорк (JFK),2
14369,Chicago,Miami,2
37792,Paris,Lyon,1
18961,Стамбул (IST),Афины (ATH),1
39800,Paris,Lyon,3
33749,Берлин (BER),Амстердам (AMS),1
17305,Chicago,Miami,1
36299,Мюнхен,Вена,1
38537,Paris,Lyon,2
1260,Мюнхен,Вена,1
5842,Екатеринбург,Казань,1
2652,Стамбул (IST),Афины (ATH),1
44708,Paris,Lyon,2
12600,Москва (SVO),Париж (CDG),1
37575,Берлин (BER),Амстердам (AMS),1
8475,London,Edinburgh,1
17867,Мадрид (MAD),Барселона,2
28138,Москва,Санкт-Петербург,2
44800,Стамбул (IST),Афины (ATH),1
30693,Париж (CDG),Рим (FCO),3
14360,Краснодар,Сочи,2
13930,Paris,Lyon,1
30619,Мюнхен,Вена,1
21401,Frankfurt,Hamburg,1
12142,Краснодар,Сочи,1
20960,Сингапур (SIN),Бали (DPS),1
36384,London,Edinburgh,1
4024,Сингапур (SIN),Бали (DPS),1
30414,Берлин (BER),Амстердам (AMS),1
7033,Екатеринбург,Казань,1
8814,Frankfurt,Hamburg,1
42627,Екатеринбург,Казань,2
37451,Chicago,Miami,1
34578,London,Edinburgh,2
282,Дубай (DXB),Бангкок (BKK),2
4984,Берлин (BER),Амстердам (AMS),1
17836,Екатеринбург,Казань,1
37640,London,Edinburgh,2
45599,Москва,Санкт-Петербург,1
30697,Frankfurt,Hamburg,1
21996,Мюнхен,Вена,2
43033,New York,Los Angeles,1
46828,Москва (SVO),Париж (CDG),1
7399,Лондон (LHR),Нью-Йорк (JFK),2
25624,Берлин (BER),Амстердам (AMS),2
46892,Новосибирск,Горно-Алтайск,1
24749,Дубай (DXB),Бангкок (BKK),2
9117,Дубай (DXB),Бангкок (BKK),2
3477,Новосибирск,Горно-Алтайск,1
8497,Мадрид (MAD),Барселона,1
15758,Chicago,Miami,1
23817,New York,Los Angeles,1
9581,Сингапур (SIN),Бали (DPS),1
24963,Токио (HND),Сеул (ICN),1
22428,New York,Los Angeles,1
4875,Дубай (DXB),Бангкок (BKK),1
30379,Мюнхен,Вена,1
44233,Сингапур (SIN),Бали (DPS),2
10602,Rome,Milan,1
12370,Rome,Milan,1
22848,Екатеринбург,Казань,1
6502,Краснодар,Сочи,1
22655,Мюнхен,Вена,1
46436,London,Edinburgh,1
27595,Chicago,Miami,1
17390,Мюнхен,Вена,3
34458,Мюнхен,Вена,1
43197,Дубай (DXB),Бангкок (BKK),2
20461,Paris,Lyon,1
9372,Мюнхен,Вена,1
1672,Дубай (DXB),Бангкок (BKK),1
43320,Мадрид (MAD),Барселона,1
22573,Мюнхен,Вена,1
38017,Москва,Санкт-Петербург,2
7081,Москва,Санкт-Петербург,1
526,Paris,Lyon,1
34636,Токио (HND),Сеул (ICN),1
47332,Токио (HND),Сеул (ICN),1
5011,Frankfurt,Hamburg,2
42313,Frankfurt,Hamburg,1
31005,Екатеринбург,Казань,1
17875,Париж (CDG),Рим (FCO),1
39688,Мадрид (MAD),Барселона,1
696,Chicago,Miami,1
45768,Frankfurt,Hamburg,2
48623,Лондон (LHR),Нью-Йорк (JFK),1
13690,Новосибирск,Горно-Алтайск,1
22659,Берлин (BER),Амстердам (AMS),1
19316,Chicago,Miami,1
5571,Екатеринбург,Казань,1
8429,Frankfurt,Hamburg,1
16006,Стамбул (IST),Афины (ATH),3
39398,Краснодар,Сочи,1
1098,Сингапур (SIN),Бали (DPS),1
1972,Новосибирск,Горно-Алтайск,1
36756,New York,Los Angeles,3
15127,Frankfurt,Hamburg,1
26430,Мюнхен,Вена,1
21193,Москва (SVO),Париж (CDG),2
19973,Мадрид (MAD),Барселона,1
39835,Москва (SVO),Париж (CDG),1
8418,Екатеринбург,Казань,1
43805,Paris,Lyon,1
2553,Москва,Санкт-Петербург,1
14156,Дубай (DXB),Бангкок (BKK),1
19758,Берлин (BER),Амстердам (AMS),3
26412,Краснодар,Сочи,1
29191,Москва (SVO),Париж (CDG),2
18994,Екатеринбург,Казань,1
14449,New York,Los Angeles,1
330,Chicago,Miami,1
3935,Краснодар,Сочи,1
42876,London,Edinburgh,2
19484,Новосибирск,Горно-Алтайск,1
18515,Frankfurt,Hamburg,1
2553,Chicago,Miami,2
13384,Краснодар,Сочи,2
8032,Берлин (BER),Амстердам (AMS),1
16565,Москва,Санкт-Петербург,2
20348,Париж (CDG),Рим (FCO),1
18346,Новосибирск,Горно-Алтайск,1
9251,Мюнхен,Вена,1
43812,Rome,Milan,1
17592,Краснодар,Сочи,1
27665,Новосибирск,Горно-Алтайск,1
23378,Лондон (LHR),Нью-Йорк (JFK),1
39223,New York,Los Angeles,1
31756,Стамбул (IST),Афины (ATH),1
11257,Москва,Санкт-Петербург,1
31685,Екатеринбург,Казань,2
49524,Chicago,Miami,1
15462,Frankfurt,Hamburg,2
41234,Новосибирск,Горно-Алтайск,1
23075,Мюнхен,Вена,1
34189,Берлин (BER),Амстердам (AMS),1
1866,Paris,Lyon,1
1332,Мюнхен,Вена,2
28275,Лондон (LHR),Нью-Йорк (JFK),1
17128,Краснодар,Сочи,1
15182,Токио (HND),Сеул (ICN),1
11707,Берлин (BER),Амстердам (AMS),1
5801,Париж (CDG),Рим (FCO),1
5886,Токио (HND),Сеул (ICN),1
4007,Лондон (LHR),Нью-Йорк (JFK),1
33356,Frankfurt,Hamburg,1
28501,Мюнхен,Вена,1
39146,New York,Los Angeles,1
2985,Берлин (BER),Амстердам (AMS),1
39231,Мюнхен,Вена,2
23015,Токио (HND),Сеул (ICN),1
26051,Paris,Lyon,3
5610,Москва (SVO),Париж (CDG),1
5402,Rome,Milan,2
34172,Москва,Санкт-Петербург,1
4149,Paris,Lyon,1
44865,Мюнхен,Вена,1
13870,Екатеринбург,Казань,1
30837,Frankfurt,Hamburg,2
24489,Мадрид (MAD),Барселона,2
21255,Москва (SVO),Париж (CDG),1
3587,Новосибирск,Горно-Алтайск,2
45780,London,Edinburgh,4
12030,Мадрид (MAD),Барселона,1
29149,Rome,Milan,1
29070,London,Edinburgh,1
21147,Екатеринбург,Казань,1
16613,Мюнхен,Вена,2
38565,Стамбул (IST),Афины (ATH),1
34991,Сингапур (SIN),Бали (DPS),1
30491,Москва (SVO),Париж (CDG),1
20236,Новосибирск,Горно-Алтайск,2
48911,Frankfurt,Hamburg,1
45169,Chicago,Miami,1
5497,Дубай (DXB),Бангкок (BKK),1
2666,Новосибирск,Горно-Алтайск,2
30201,Токио (HND),Сеул (ICN),2
15051,Токио (HND),Сеул (ICN),2
36758,Дубай (DXB),Бангкок (BKK),1
5151,Екатеринбург,Казань,1
43946,Дубай (DXB),Бангкок (BKK),1
14519,Сингапур (SIN),Бали (DPS),1
7076,Новосибирск,Горно-Алтайск,1
43418,Токио (HND),Сеул (ICN),1
7066,Chicago,Miami,3
14762,Chicago,Miami,2
34440,Frankfurt,Hamburg,2
42507,Frankfurt,Hamburg,1
10643,New York,Los Angeles,1
47875,Москва (SVO),Париж (CDG),2
27509,Токио (HND),Сеул (ICN),1
32638,Rome,Milan,1
24852,Лондон (LHR),Нью-Йорк (JFK),1
48660,Новосибирск,Горно-Алтайск,1
34707,Сингапур (SIN),Бали (DPS),1
41947,Стамбул (IST),Афины (ATH),1
40930,Сингапур (SIN),Бали (DPS),3
35482,Токио (HND),Сеул (ICN),2
18281,Краснодар,Сочи,2
47303,Токио (HND),Сеул (ICN),1
15766,London,Edinburgh,1
21723,Дубай (DXB),Бангкок (BKK),1
29365,Мюнхен,Вена,1
11540,Frankfurt,Hamburg,1
46337,Мадрид (MAD),Барселона,1
1122,Новосибирск,Горно-Алтайск,1
16100,Дубай (DXB),Бангкок (BKK),1
7213,Мадрид (MAD),Барселона,2
277,Лондон (LHR),Нью-Йорк (JFK),1
19968,Екатеринбург,Казань,2
34913,Chicago,Miami,1
12269,Мадрид (MAD),Барселона,1
25490,Сингапур (SIN),Бали (DPS),2
45143,Токио (HND),Сеул (ICN),1
34731,Лондон (LHR),Нью-Йорк (JFK),1
9922,Frankfurt,Hamburg,1
23113,Сингапур (SIN),Бали (DPS),1
16562,Москва (SVO),Париж (CDG),2
713,Токио (HND),Сеул (ICN),1
4184,New York,Los Angeles,2
42195,London,Edinburgh,2
3105,Новосибирск,Горно-Алтайск,1
33664,Frankfurt,Hamburg,2
503,Дубай (DXB),Бангкок (BKK),1
20559,Rome,Milan,1
42714,London,Edinburgh,1
555,Paris,Lyon,1
19086,Frankfurt,Hamburg,1
8433,Chicago,Miami,1
23020,Frankfurt,Hamburg,1
3864,Мюнхен,Вена,1
16708,London,Edinburgh,1
18515,Москва,Санкт-Петербург,2
11283,Chicago,Miami,1
16995,Paris,Lyon,1
10303,Токио (HND),Сеул (ICN),1
26025,Мадрид (MAD),Барселона,2
29038,Мюнхен,Вена,1
40978,Берлин (BER),Амстердам (AMS),1
22530,Chicago,Miami,1
36876,Берлин (BER),Амстердам (AMS),1
50,Rome,Milan,2
48497,Дубай (DXB),Бангкок (BKK),1
23787,Токио (HND),Сеул (ICN),2
7672,Париж (CDG),Рим (FCO),1
23968,Лондон (LHR),Нью-Йорк (JFK),2
42630,Chicago,Miami,1
35814,Стамбул (IST),Афины (ATH),1
41879,Москва (SVO),Париж (CDG),1
7420,Paris,Lyon,1
6721,Frankfurt,Hamburg,2
45934,Москва (SVO),Париж (CDG),1
15279,Сингапур (SIN),Бали (DPS),1
7433,Париж (CDG),Рим (FCO),2
8596,Токио (HND),Сеул (ICN),1
30417,Стамбул (IST),Афины (ATH),1
43034,Сингапур (SIN),Бали (DPS),2
49710,Chicago,Miami,1
36224,New York,Los Angeles,1
47928,Новосибирск,Горно-Алтайск,2
1542,Мадрид (MAD),Барселона,2
1044,Краснодар,Сочи,1
45643,Екатеринбург,Казань,2
10485,Екатеринбург,Казань,1
29086,Париж (CDG),Рим (FCO),2
13508,Москва (SVO),Париж (CDG),1
7410,Мюнхен,Вена,1
2995,Мюнхен,Вена,1
1938,Токио (HND),Сеул (ICN),1
10788,Chicago,Miami,2
26997,Стамбул (IST),Афины (ATH),2
11455,Chicago,Miami,1
9461,Мюнхен,Вена,3
39134,London,Edinburgh,2
6559,Лондон (LHR),Нью-Йорк (JFK),1
88,Токио (HND),Сеул (ICN),2
37253,Сингапур (SIN),Бали (DPS),2
44113,Мадрид (MAD),Барселона,1
47783,Paris,Lyon,2
33473,Екатеринбург,Казань,3
8057,Paris,Lyon,1
37035,Сингапур (SIN),Бали (DPS),3
32113,Токио (HND),Сеул (ICN),2
14882,Новосибирск,Горно-Алтайск,1
3124,Rome,Milan,2
18602,London,Edinburgh,1
1120,Москва (SVO),Париж (CDG),2
5800,Мюнхен,Вена,1
4851,London,Edinburgh,1
49758,Екатеринбург,Казань,1
49327,Токио (HND),Сеул (ICN),1
38077,Стамбул (IST),Афины (ATH),1
22429,Мадрид (MAD),Барселона,2
2771,Москва,Санкт-Петербург,2
30489,Новосибирск,Горно-Алтайск,1
35461,London,Edinburgh,2
2600,Paris,Lyon,1
2630,Rome,Milan,1
46385,Краснодар,Сочи,1
6361,Берлин (BER),Амстердам (AMS),2
43232,Москва,Санкт-Петербург,2
9696,Берлин (BER),Амстердам (AMS),1
42746,Токио (HND),Сеул (ICN),1
39436,Стамбул (IST),Афины (ATH),2
6284,Токио (HND),Сеул (ICN),1
24189,Мюнхен,Вена,2
46783,Лондон (LHR),Нью-Йорк (JFK),1
12624,Стамбул (IST),Афины (ATH),1
43626,Берлин (BER),Амстердам (AMS),1
21466,Екатеринбург,Казань,1
45404,Москва (SVO),Париж (CDG),3
43082,Chicago,Miami,1
22030,Токио (HND),Сеул (ICN),2
31014,London,Edinburgh,2
22861,Стамбул (IST),Афины (ATH),1
9687,Лондон (LHR),Нью-Йорк (JFK),1
42459,Новосибирск,Горно-Алтайск,1
29852,Мадрид (MAD),Барселона,1
34655,New York,Los Angeles,1
29314,Сингапур (SIN),Бали (DPS),1
4235,Лондон (LHR),Нью-Йорк (JFK),2
1834,Rome,Milan,1
7959,Токио (HND),Сеул (ICN),1
42591,Стамбул (IST),Афины (ATH),1
48719,Париж (CDG),Рим (FCO),2
15748,Москва (SVO),Париж (CDG),2
37806,Стамбул (IST),Афины (ATH),1
2191,Краснодар,Сочи,1
18305,Chicago,Miami,1
18980,Сингапур (SIN),Бали (DPS),2
25109,Rome,Milan,1
32606,Краснодар,Сочи,2
20297,Chicago,Miami,1
37071,Новосибирск,Горно-Алтайск,2
4801,Paris,Lyon,1
41531,Стамбул (IST),Афины (ATH),2
34414,Берлин (BER),Амстердам (AMS),1
40406,Париж (CDG),Рим (FCO),1
19846,Токио (HND),Сеул (ICN),1
38347,Chicago,Miami,1
31001,Новосибирск,Горно-Алтайск,1
46155,Лондон (LHR),Нью-Йорк (JFK),1
45154,Краснодар,Сочи,1
9971,Москва,Санкт-Петербург,1
45414,Токио (HND),Сеул (ICN),1
2962,Стамбул (IST),Афины (ATH),3
45022,Москва (SVO),Париж (CDG),2
32024,Москва,Санкт-Петербург,2
5739,Chicago,Miami,2
16805,Токио (HND),Сеул (ICN),2
1844,Стамбул (IST),Афины (ATH),1
36048,Париж (CDG),Рим (FCO),2
30838,Paris,Lyon,1
48797,New York,Los Angeles,1
1095,Стамбул (IST),Афины (ATH),1
2735,Екатеринбург,Казань,3
41492,Стамбул (IST),Афины (ATH),1
2381,Лондон (LHR),Нью-Йорк (JFK),1
23846,Дубай (DXB),Бангкок (BKK),1
7934,Новосибирск,Горно-Алтайск,1
30373,Токио (HND),Сеул (ICN),1
47711,Rome,Milan,1
22627,Париж (CDG),Рим (FCO),1
17509,Paris,Lyon,1
44120,London,Edinburgh,1
3032,Москва (SVO),Париж (CDG),1
35489,Берлин (BER),Амстердам (AMS),1
7726,Chicago,Miami,1
13346,Берлин (BER),Амстердам (AMS),3
27223,Дубай (DXB),Бангкок (BKK),1
40197,Новосибирск,Горно-Алтайск,2
5309,Стамбул (IST),Афины (ATH),2
20658,Париж (CDG),Рим (FCO),1
44741,Москва (SVO),Париж (CDG),1
5408,Краснодар,Сочи,1
45907,Стамбул (IST),Афины (ATH),2
8735,Париж (CDG),Рим (FCO),1
30248,Дубай (DXB),Бангкок (BKK),1
26857,New York,Los Angeles,1
18286,Chicago,Miami,1
43838,Стамбул (IST),Афины (ATH),2
47509,Токио (HND),Сеул (ICN),1
37363,Сингапур (SIN),Бали (DPS),2
22558,Chicago,Miami,1
5084,Frankfurt,Hamburg,1
27425,Сингапур (SIN),Бали (DPS),1
5105,Мадрид (MAD),Барселона,1
7264,Москва,Санкт-Петербург,2
4021,Paris,Lyon,3
14014,Дубай (DXB),Бангкок (BKK),1
17022,Мадрид (MAD),Барселона,1
20936,Париж (CDG),Рим (FCO),2
41603,New York,Los Angeles,1
12193,Frankfurt,Hamburg,3
20900,Париж (CDG),Рим (FCO),1
23232,Rome,Milan,2
37845,Москва,Санкт-Петербург,1
36608,Москва,Санкт-Петербург,1
3005,Новосибирск,Горно-Алтайск,2
38141,Дубай (DXB),Бангкок (BKK),1
36503,Москва,Санкт-Петербург,1
26885,Москва (SVO),Париж (CDG),1
27880,Париж (CDG),Рим (FCO),1
22262,New York,Los Angeles,1
17109,New York,Los Angeles,1
21267,Стамбул (IST),Афины (ATH),3
6865,London,Edinburgh,2
1329,Берлин (BER),Амстердам (AMS),2
19047,Стамбул (IST),Афины (ATH),1
29903,Лондон (LHR),Нью-Йорк (JFK),3
39885,Мадрид (MAD),Барселона,1
33875,Rome,Milan,1
46376,Москва (SVO),Париж (CDG),1
18239,Мадрид (MAD),Барселона,1
12212,Екатеринбург,Казань,1
18922,Мюнхен,Вена,2
1137,Мюнхен,Вена,1
47952,London,Edinburgh,2
33217,Мадрид (MAD),Барселона,1
378,Paris,Lyon,1
29964,Екатеринбург,Казань,1
30289,Токио (HND),Сеул (ICN),1
22442,Екатеринбург,Казань,1
48024,Стамбул (IST),Афины (ATH),2
48242,Екатеринбург,Казань,2
26689,Мадрид (MAD),Барселона,2
20786,Мюнхен,Вена,1
44307,Мюнхен,Вена,3
29151,Paris,Lyon,2
3827,Rome,Milan,1
32092,Стамбул (IST),Афины (ATH),1
28657,Краснодар,Сочи,1
49705,Дубай (DXB),Бангкок (BKK),3
43674,Paris,Lyon,1
10784,Москва,Санкт-Петербург,2
45886,Стамбул (IST),Афины (ATH),1
13237,Москва,Санкт-Петербург,2
23404,Париж (CDG),Рим (FCO),2
4517,Париж (CDG),Рим (FCO),1
1589,Rome,Milan,1
21654,Frankfurt,Hamburg,1
26845,Chicago,Miami,1
15955,Краснодар,Сочи,1
11838,Екатеринбург,Казань,1
44464,Париж (CDG),Рим (FCO),1
44683,Paris,Lyon,1
22684,Краснодар,Сочи,2
46799,Rome,Milan,1
21982,Chicago,Miami,2
11530,Rome,Milan,2
29574,Париж (CDG),Рим (FCO),1
1321,Москва (SVO),Париж (CDG),2
7971,Дубай (DXB),Бангкок (BKK),2
37097,Сингапур (SIN),Бали (DPS),1
8083,Берлин (BER),Амстердам (AMS),2
26126,New York,Los Angeles,1
40228,Москва,Санкт-Петербург,1
33023,Лондон (LHR),Нью-Йорк (JFK),1
21962,Краснодар,Сочи,1
29060,Rome,Milan,1
23243,New York,Los Angeles,1
1505,Новосибирск,Горно-Алтайск,1
28789,Екатеринбург,Казань,2
37761,Берлин (BER),Амстердам (AMS),3
34025,Париж (CDG),Рим (FCO),1
22528,Мадрид (MAD),Барселона,1
43506,Сингапур (SIN),Бали (DPS),1
18520,Rome,Milan,1
35583,Екатеринбург,Казань,1
43351,New York,Los Angeles,2
936,Токио (HND),Сеул (ICN),1
4847,Дубай (DXB),Бангкок (BKK),2
25812,Paris,Lyon,1
37801,Токио (HND),Сеул (ICN),1
29860,Chicago,Miami,2
35026,Дубай (DXB),Бангкок (BKK),1
19412,Frankfurt,Hamburg,1
16181,Дубай (DXB),Бангкок (BKK),1
75,Париж (CDG),Рим (FCO),1
42730,Frankfurt,Hamburg,2
11464,Краснодар,Сочи,1
26024,Берлин (BER),Амстердам (AMS),2
44153,Лондон (LHR),Нью-Йорк (JFK),2
36759,Москва,Санкт-Петербург,2
21115,Берлин (BER),Амстердам (AMS),2
27707,Chicago,Miami,2
1702,Москва,Санкт-Петербург,1
373,Новосибирск,Горно-Алтайск,1
7154,Лондон (LHR),Нью-Йорк (JFK),1
35351,Берлин (BER),Амстердам (AMS),3
24146,Москва (SVO),Париж (CDG),1
36019,Берлин (BER),Амстердам (AMS),1
46021,Новосибирск,Горно-Алтайск,1
20324,Берлин (BER),Амстердам (AMS),1
25310,New York,Los Angeles,1
45828,Берлин (BER),Амстердам (AMS),1
30958,Берлин (BER),Амстердам (AMS),1
44959,Краснодар,Сочи,2
11590,Chicago,Miami,1
43481,London,Edinburgh,1
43543,Мадрид (MAD),Барселона,2
30147,Сингапур (SIN),Бали (DPS),2
1692,Токио (HND),Сеул (ICN),1
20491,Дубай (DXB),Бангкок (BKK),1
37142,Екатеринбург,Казань,1
15655,Стамбул (IST),Афины (ATH),2
12956,Дубай (DXB),Бангкок (BKK),1
42254,Москва,Санкт-Петербург,1
27375,Мюнхен,Вена,3
27138,Москва,Санкт-Петербург,1
31009,Frankfurt,Hamburg,1
48676,Сингапур (SIN),Бали (DPS),1
48892,Москва,Санкт-Петербург,1
14054,Москва (SVO),Париж (CDG),1
5752,Сингапур (SIN),Бали (DPS),3
18564,Стамбул (IST),Афины (ATH),1
43793,Мюнхен,Вена,1
22139,Сингапур (SIN),Бали (DPS),1
14582,Москва,Санкт-Петербург,1
49559,Москва,Санкт-Петербург,2
40194,Москва,Санкт-Петербург,1
34771,Новосибирск,Горно-Алтайск,2
7976,Краснодар,Сочи,1
16541,Москва (SVO),Париж (CDG),2
35048,Rome,Milan,1
38794,Мадрид (MAD),Барселона,1
16996,Берлин (BER),Амстердам (AMS),1
21113,Москва (SVO),Париж (CDG),1
34938,Chicago,Miami,1
41497,Chicago,Miami,3
47396,Краснодар,Сочи,2
48105,Новосибирск,Горно-Алтайск,1
18970,Париж (CDG),Рим (FCO),3
1287,Новосибирск,Горно-Алтайск,3
22235,Новосибирск,Горно-Алтайск,1
30818,Токио (HND),Сеул (ICN),1
23547,Rome,Milan,3
5745,Мюнхен,Вена,1
24614,Лондон (LHR),Нью-Йорк (JFK),1
12188,Стамбул (IST),Афины (ATH),2
22725,Frankfurt,Hamburg,1
13270,Paris,Lyon,1
28818,Берлин (BER),Амстердам (AMS),1
33164,London,Edinburgh,1
45733,Frankfurt,Hamburg,1
5353,Екатеринбург,Казань,1
33806,New York,Los Angeles,1
371,Chicago,Miami,1
35485,Краснодар,Сочи,1
29617,Сингапур (SIN),Бали (DPS),1
6424,Дубай (DXB),Бангкок (BKK),1
29774,Стамбул (IST),Афины (ATH),1
19565,Париж (CDG),Рим (FCO),1
41969,Новосибирск,Горно-Алтайск,1
32111,Сингапур (SIN),Бали (DPS),1
12394,Сингапур (SIN),Бали (DPS),1
34925,Frankfurt,Hamburg,1
10610,London,Edinburgh,2
17648,Мадрид (MAD),Барселона,1
28466,Париж (CDG),Рим (FCO),2
2921,Берлин (BER),Амстердам (AMS),1
21187,Токио (HND),Сеул (ICN),1
17232,Екатеринбург,Казань,1
18871,Париж (CDG),Рим (FCO),1
49308,Paris,Lyon,2
46059,Токио (HND),Сеул (ICN),1
19716,Дубай (DXB),Бангкок (BKK),1
33923,Токио (HND),Сеул (ICN),2
6121,Rome,Milan,1
30141,New York,Los Angeles,1
30454,Краснодар,Сочи,1
32216,Екатеринбург,Казань,1
8844,Стамбул (IST),Афины (ATH),2
48781,Сингапур (SIN),Бали (DPS),2
17126,Новосибирск,Горно-Алтайск,2
6935,Новосибирск,Горно-Алтайск,1
23360,Chicago,Miami,1
25214,Мюнхен,Вена,1
32157,Frankfurt,Hamburg,1
8707,Paris,Lyon,1
4333,Берлин (BER),Амстердам (AMS),1
9817,Краснодар,Сочи,1
45327,Берлин (BER),Амстердам (AMS),1
41777,Сингапур (SIN),Бали (DPS),1
47398,Новосибирск,Горно-Алтайск,1
43894,Стамбул (IST),Афины (ATH),1
16709,Frankfurt,Hamburg,1
7713,Мюнхен,Вена,1
20731,Берлин (BER),Амстердам (AMS),1
11522,Paris,Lyon,1
24896,Chicago,Miami,2
32514,Frankfurt,Hamburg,1
32190,Краснодар,Сочи,2
2809,Мюнхен,Вена,1
10176,Токио (HND),Сеул (ICN),1
4268,Новосибирск,Горно-Алтайск,1
27906,Москва,Санкт-Петербург,1
45208,Стамбул (IST),Афины (ATH),2
29017,Мадрид (MAD),Барселона,2
11053,New York,Los Angeles,1
2716,Стамбул (IST),Афины (ATH),2
26756,Париж (CDG),Рим (FCO),1
37701,Москва,Санкт-Петербург,1
30658,Стамбул (IST),Афины (ATH),1
11832,Rome,Milan,2
16410,Paris,Lyon,1
30403,Москва,Санкт-Петербург,1
9547,Берлин (BER),Амстердам (AMS),2
765,Дубай (DXB),Бангкок (BKK),1
21822,Стамбул (IST),Афины (ATH),2
16134,Токио (HND),Сеул (ICN),1
40515,Chicago,Miami,1
27142,Стамбул (IST),Афины (ATH),1
48413,New York,Los Angeles,1
9111,Берлин (BER),Амстердам (AMS),2
31944,New York,Los Angeles,1
46536,Токио (HND),Сеул (ICN),1
27700,Краснодар,Сочи,1
8092,Москва (SVO),Париж (CDG),1
36420,Frankfurt,Hamburg,1
40687,Chicago,Miami,2
3917,Новосибирск,Горно-Алтайск,2
1810,Frankfurt,Hamburg,1
30561,Стамбул (IST),Афины (ATH),1
12111,Париж (CDG),Рим (FCO),3
39636,Лондон (LHR),Нью-Йорк (JFK),1
49864,Париж (CDG),Рим (FCO),1
31362,Париж (CDG),Рим (FCO),1
3744,Москва,Санкт-Петербург,1
4668,Chicago,Miami,1
24870,Стамбул (IST),Афины (ATH),1
3852,Лондон (LHR),Нью-Йорк (JFK),3
17704,Rome,Milan,1
16476,Новосибирск,Горно-Алтайск,2
13232,Paris,Lyon,1
37146,Новосибирск,Горно-Алтайск,2
6450,New York,Los Angeles,2
10026,Париж (CDG),Рим (FCO),1
20556,Париж (CDG),Рим (FCO),1
19025,Paris,Lyon,3
6762,Токио (HND),Сеул (ICN),1
31225,Новосибирск,Горно-Алтайск,1
19482,Chicago,Miami,1
33271,Лондон (LHR),Нью-Йорк (JFK),1
35468,New York,Los Angeles,1
35392,Мюнхен,Вена,2
23842,Rome,Milan,1
37860,Rome,Milan,1
26732,Дубай (DXB),Бангкок (BKK),3
24893,Мюнхен,Вена,1
45043,New York,Los Angeles,1
20773,Paris,Lyon,1
25854,Дубай (DXB),Бангкок (BKK),2
46803,Мадрид (MAD),Барселона,3
39453,Paris,Lyon,2
32346,Берлин (BER),Амстердам (AMS),1
26354,Париж (CDG),Рим (FCO),1
39599,Москва (SVO),Париж (CDG),1
1536,Дубай (DXB),Бангкок (BKK),2
2605,London,Edinburgh,1
41181,Мадрид (MAD),Барселона,1
19533,Берлин (BER),Амстердам (AMS),2
21621,Мадрид (MAD),Барселона,1
42842,Екатеринбург,Казань,1
45716,Краснодар,Сочи,1
33943,Новосибирск,Горно-Алтайск,1
16223,Москва,Санкт-Петербург,2
20684,Стамбул (IST),Афины (ATH),1
38267,Новосибирск,Горно-Алтайск,1
16419,Новосибирск,Горно-Алтайск,1
21493,Краснодар,Сочи,3
2954,Chicago,Miami,2
38464,Краснодар,Сочи,1
49737,Сингапур (SIN),Бали (DPS),2
35596,Москва,Санкт-Петербург,1
28762,Мюнхен,Вена,2
2332,Париж (CDG),Рим (FCO),1
40641,Лондон (LHR),Нью-Йорк (JFK),2
20451,Москва (SVO),Париж (CDG),2
3155,Новосибирск,Горно-Алтайск,1
5621,Frankfurt,Hamburg,1
42038,Екатеринбург,Казань,1
7278,Токио (HND),Сеул (ICN),2
16777,Екатеринбург,Казань,3
47835,Москва (SVO),Париж (CDG),1
14354,Paris,Lyon,1
42786,London,Edinburgh,1
49002,Екатеринбург,Казань,1
29250,Москва,Санкт-Петербург,2
45327,Мюнхен,Вена,2
2624,Краснодар,Сочи,1
27675,Токио (HND),Сеул (ICN),1
25390,Токио (HND),Сеул (ICN),2
29331,Лондон (LHR),Нью-Йорк (JFK),1
21140,Chicago,Miami,2
44589,Chicago,Miami,1
736,Стамбул (IST),Афины (ATH),1
28816,Мадрид (MAD),Барселона,2
2270,Москва,Санкт-Петербург,1
36077,Москва (SVO),Париж (CDG),1
43637,Стамбул (IST),Афины (ATH),1
32746,Мадрид (MAD),Барселона,1
13325,Новосибирск,Горно-Алтайск,1
5885,Токио (HND),Сеул (ICN),1
41741,Новосибирск,Горно-Алтайск,1
30132,Стамбул (IST),Афины (ATH),1
36085,Стамбул (IST),Афины (ATH),3
5391,Стамбул (IST),Афины (ATH),1
20806,Лондон (LHR),Нью-Йорк (JFK),2
1682,Chicago,Miami,2
6687,Дубай (DXB),Бангкок (BKK),1
6688,Москва (SVO),Париж (CDG),1
19201,Дубай (DXB),Бангкок (BKK),1
17425,Дубай (DXB),Бангкок (BKK),2
47216,Frankfurt,Hamburg,1
35982,New York,Los Angeles,1
570,Chicago,Miami,1
48110,Сингапур (SIN),Бали (DPS),1
30567,Rome,Milan,3
33500,Paris,Lyon,1
3060,Краснодар,Сочи,1
46454,Краснодар,Сочи,1
39510,Новосибирск,Горно-Алтайск,2
20104,London,Edinburgh,1
13482,Токио (HND),Сеул (ICN),2
10495,Стамбул (IST),Афины (ATH),1
35862,Москва,Санкт-Петербург,1
21703,Новосибирск,Горно-Алтайск,1
11960,Мадрид (MAD),Барселона,1
1231,Краснодар,Сочи,1
11987,Стамбул (IST),Афины (ATH),2
329,London,Edinburgh,2
22893,Париж (CDG),Рим (FCO),1
2838,Frankfurt,Hamburg,1
33920,Мадрид (MAD),Барселона,1
41887,Дубай (DXB),Бангкок (BKK),1
35521,Краснодар,Сочи,1
10530,Дубай (DXB),Бангкок (BKK),1
42015,Токио (HND),Сеул (ICN),1
37592,Rome,Milan,2
49970,Лондон (LHR),Нью-Йорк (JFK),1
41116,Мадрид (MAD),Барселона,1
21863,Новосибирск,Горно-Алтайск,1
38031,Rome,Milan,1
30183,Rome,Milan,1
2506,Екатеринбург,Казань,1
7069,Сингапур (SIN),Бали (DPS),1
30411,Лондон (LHR),Нью-Йорк (JFK),1
46691,Токио (HND),Сеул (ICN),1
20555,Мадрид (MAD),Барселона,2
33968,Мадрид (MAD),Барселона,1
20387,Берлин (BER),Амстердам (AMS),2
48097,Париж (CDG),Рим (FCO),1
18343,Chicago,Miami,2
41337,Краснодар,Сочи,1
8646,Новосибирск,Горно-Алтайск,1
47344,Сингапур (SIN),Бали (DPS),1
37040,Мюнхен,Вена,1
34842,Дубай (DXB),Бангкок (BKK),1
6466,Екатеринбург,Казань,2
46469,Екатеринбург,Казань,1
2818,Токио (HND),Сеул (ICN),2
27526,Дубай (DXB),Бангкок (BKK),1
35387,Rome,Milan,1
33026,Москва (SVO),Париж (CDG),1
24036,Москва (SVO),Париж (CDG),1
23923,Сингапур (SIN),Бали (DPS),2
19469,Берлин (BER),Амстердам (AMS),1
43457,Москва,Санкт-Петербург,1
25466,New York,Los Angeles,1
49312,Екатеринбург,Казань,3
42429,Дубай (DXB),Бангкок (BKK),1
49082,Париж (CDG),Рим (FCO),1
40040,Frankfurt,Hamburg,2
27481,Москва,Санкт-Петербург,1
18238,Токио (HND),Сеул (ICN),1
3748,Париж (CDG),Рим (FCO),1
16933,New York,Los Angeles,3
39696,Мадрид (MAD),Барселона,1
22198,Берлин (BER),Амстердам (AMS),2
17841,Лондон (LHR),Нью-Йорк (JFK),2
14722,Мадрид (MAD),Барселона,1
36506,Frankfurt,Hamburg,1
35016,Париж (CDG),Рим (FCO),1
21703,Токио (HND),Сеул (ICN),2
20750,Париж (CDG),Рим (FCO),1
2998,Сингапур (SIN),Бали (DPS),1
39620,Краснодар,Сочи,2
41437,Токио (HND),Сеул (ICN),2
12366,Rome,Milan,1
46880,Новосибирск,Горно-Алтайск,1
48128,Москва (SVO),Париж (CDG),1
26944,Париж (CDG),Рим (FCO),1
32272,Москва (SVO),Париж (CDG),2
35633,Rome,Milan,1
21072,Стамбул (IST),Афины (ATH),1
32671,New York,Los Angeles,1
12015,Стамбул (IST),Афины (ATH),1
12051,Стамбул (IST),Афины (ATH),1
1152,Москва (SVO),Париж (CDG),1
31051,Paris,Lyon,1
4735,Москва (SVO),Париж (CDG),1
5847,Берлин (BER),Амстердам (AMS),3
35424,Лондон (LHR),Нью-Йорк (JFK),3
44878,Токио (HND),Сеул (ICN),2
28849,Москва (SVO),Париж (CDG),1
27443,Мюнхен,Вена,2
18628,Сингапур (SIN),Бали (DPS),1
40345,Frankfurt,Hamburg,1
26729,Paris,Lyon,1
3943,Новосибирск,Горно-Алтайск,1
9674,Лондон (LHR),Нью-Йорк (JFK),1
9977,Краснодар,Сочи,1
9105,Сингапур (SIN),Бали (DPS),1
39513,Новосибирск,Горно-Алтайск,1
11412,Краснодар,Сочи,1
40063,Chicago,Miami,1
25151,Chicago,Miami,2
43389,Лондон (LHR),Нью-Йорк (JFK),2
19595,Стамбул (IST),Афины (ATH),1
18076,Rome,Milan,1
47872,Берлин (BER),Амстердам (AMS),2
8050,London,Edinburgh,2
24119,Лондон (LHR),Нью-Йорк (JFK),2
9874,Frankfurt,Hamburg,1
25209,Новосибирск,Горно-Алтайск,2
40752,Москва,Санкт-Петербург,1
20513,Новосибирск,Горно-Алтайск,1
19081,Екатеринбург,Казань,1
11565,Москва,Санкт-Петербург,1
48368,Париж (CDG),Рим (FCO),1
32834,Мадрид (MAD),Барселона,1
4912,Берлин (BER),Амстердам (AMS),1
15926,Москва (SVO),Париж (CDG),1
12092,Frankfurt,Hamburg,1
19288,Chicago,Miami,1
31830,Frankfurt,Hamburg,1
3798,Frankfurt,Hamburg,2
14013,Paris,Lyon,2
32549,Стамбул (IST),Афины (ATH),1
4181,Мюнхен,Вена,1
36825,Москва (SVO),Париж (CDG),2
27445,Москва (SVO),Париж (CDG),1
46560,London,Edinburgh,2
7652,Дубай (DXB),Бангкок (BKK),1
20135,Мадрид (MAD),Барселона,1
20588,Дубай (DXB),Бангкок (BKK),2
38995,Rome,Milan,1
6492,Стамбул (IST),Афины (ATH),2
41269,Chicago,Miami,1
12230,Екатеринбург,Казань,1
6231,Краснодар,Сочи,2
25525,Лондон (LHR),Нью-Йорк (JFK),2
1717,Frankfurt,Hamburg,1
45078,Париж (CDG),Рим (FCO),1
43218,Берлин (BER),Амстердам (AMS),2
44668,Мюнхен,Вена,2
40882,London,Edinburgh,1
40393,Мюнхен,Вена,1
36012,Москва (SVO),Париж (CDG),1
10432,Мадрид (MAD),Барселона,1
39337,Москва (SVO),Париж (CDG),2
36915,London,Edinburgh,1
33536,Сингапур (SIN),Бали (DPS),1
28112,Токио (HND),Сеул (ICN),1
28595,Paris,Lyon,1
3280,Токио (HND),Сеул (ICN),3
27217,Москва,Санкт-Петербург,1
8560,Краснодар,Сочи,1
1942,Екатеринбург,Казань,1
36695,Дубай (DXB),Бангкок (BKK),1
44213,Chicago,Miami,1
5920,Frankfurt,Hamburg,1
27582,New York,Los Angeles,1
40515,Токио (HND),Сеул (ICN),2
25360,Стамбул (IST),Афины (ATH),1
22848,Chicago,Miami,2
34210,Стамбул (IST),Афины (ATH),1
1693,Лондон (LHR),Нью-Йорк (JFK),1
44778,Екатеринбург,Казань,1
41856,Frankfurt,Hamburg,1
6213,London,Edinburgh,2
18,Москва,Санкт-Петербург,1
43822,Сингапур (SIN),Бали (DPS),2
46542,Лондон (LHR),Нью-Йорк (JFK),1
4346,Мадрид (MAD),Барселона,1
33876,London,Edinburgh,1
38482,London,Edinburgh,1
12484,Краснодар,Сочи,2
44318,Стамбул (IST),Афины (ATH),1
21343,Лондон (LHR),Нью-Йорк (JFK),1
2186,Paris,Lyon,2
3738,Мадрид (MAD),Барселона,1
4233,Дубай (DXB),Бангкок (BKK),2
46403,Краснодар,Сочи,2
41713,London,Edinburgh,1
37340,Екатеринбург,Казань,2
6147,Екатеринбург,Казань,1
34804,Стамбул (IST),Афины (ATH),1
6512,Берлин (BER),Амстердам (AMS),1
530,Краснодар,Сочи,1
4660,Frankfurt,Hamburg,1
14982,Токио (HND),Сеул (ICN),1
974,Токио (HND),Сеул (ICN),1
24741,Rome,Milan,2
7398,Краснодар,Сочи,1
3442,London,Edinburgh,1
7444,Chicago,Miami,1
12049,Лондон (LHR),Нью-Йорк (JFK),2
21441,New York,Los Angeles,2
25484,Берлин (BER),Амстердам (AMS),1
43263,Лондон (LHR),Нью-Йорк (JFK),1
47401,Мадрид (MAD),Барселона,2
41800,Лондон (LHR),Нью-Йорк (JFK),2
42286,Мадрид (MAD),Барселона,1
6485,Мюнхен,Вена,1
37090,London,Edinburgh,1
47779,Москва,Санкт-Петербург,1
27503,Мадрид (MAD),Барселона,1
21549,Токио (HND),Сеул (ICN),1
35600,Стамбул (IST),Афины (ATH),1
23036,London,Edinburgh,2
8830,Paris,Lyon,1
16394,Дубай (DXB),Бангкок (BKK),1
29508,Париж (CDG),Рим (FCO),1
16605,Москва,Санкт-Петербург,1
23269,London,Edinburgh,1
4169,Мадрид (MAD),Барселона,1
40497,Мюнхен,Вена,1
5291,Дубай (DXB),Бангкок (BKK),1
15442,Сингапур (SIN),Бали (DPS),2
20546,Rome,Milan,4
34738,Москва (SVO),Париж (CDG),1
1505,Мюнхен,Вена,2
30664,Chicago,Miami,1
45092,Chicago,Miami,1
5634,Стамбул (IST),Афины (ATH),2
27229,Краснодар,Сочи,1
46269,New York,Los Angeles,2
34372,Frankfurt,Hamburg,1
46670,Токио (HND),Сеул (ICN),1
42570,Лондон (LHR),Нью-Йорк (JFK),1
21872,Стамбул (IST),Афины (ATH),1
47451,Мюнхен,Вена,1
7266,Сингапур (SIN),Бали (DPS),1
13202,Токио (HND),Сеул (ICN),2
26964,Париж (CDG),Рим (FCO),2
8326,Берлин (BER),Амстердам (AMS),4
10288,Москва,Санкт-Петербург,2
43598,Токио (HND),Сеул (ICN),2
19556,Лондон (LHR),Нью-Йорк (JFK),1
6684,Rome,Milan,2
10330,Краснодар,Сочи,1
10697,Мюнхен,Вена,1
4101,Токио (HND),Сеул (ICN),3
26726,Новосибирск,Горно-Алтайск,1
21238,Москва (SVO),Париж (CDG),1
20872,New York,Los Angeles,1
4925,Москва,Санкт-Петербург,2
38003,Rome,Milan,3
5744,Лондон (LHR),Нью-Йорк (JFK),1
25452,Париж (CDG),Рим (FCO),2
29473,Paris,Lyon,1
25224,Frankfurt,Hamburg,1
48016,Москва (SVO),Париж (CDG),2
40136,Paris,Lyon,1
47087,Лондон (LHR),Нью-Йорк (JFK),1
20760,Frankfurt,Hamburg,1
18642,Chicago,Miami,1
22167,Frankfurt,Hamburg,1
20428,Москва (SVO),Париж (CDG),2
48090,Мадрид (MAD),Барселона,2
23567,Берлин (BER),Амстердам (AMS),1
7925,Дубай (DXB),Бангкок (BKK),1
29843,Chicago,Miami,1
24971,London,Edinburgh,1
10779,Мадрид (MAD),Барселона,1
23176,Frankfurt,Hamburg,1
15020,Краснодар,Сочи,2
34774,Сингапур (SIN),Бали (DPS),2
25507,Екатеринбург,Казань,1
32256,Дубай (DXB),Бангкок (BKK),1
35820,Сингапур (SIN),Бали (DPS),1
16853,Chicago,Miami,1
13841,Краснодар,Сочи,1
48000,Paris,Lyon,1
46933,Лондон (LHR),Нью-Йорк (JFK),1
551,Мюнхен,Вена,2
22336,Мадрид (MAD),Барселона,1
19154,Мюнхен,Вена,3
31956,Новосибирск,Горно-Алтайск,1
15975,Frankfurt,Hamburg,1
49009,Москва,Санкт-Петербург,2
22264,Токио (HND),Сеул (ICN),1
21025,Лондон (LHR),Нью-Йорк (JFK),2
7352,Берлин (BER),Амстердам (AMS),1
21773,Стамбул (IST),Афины (ATH),2
15592,London,Edinburgh,1
12446,Москва (SVO),Париж (CDG),1
1179,London,Edinburgh,2
46960,Chicago,Miami,1
44299,Краснодар,Сочи,1
34599,Стамбул (IST),Афины (ATH),1
47188,Мадрид (MAD),Барселона,2
18652,Париж (CDG),Рим (FCO),1
28748,New York,Los Angeles,1
26464,Rome,Milan,1
6980,Сингапур (SIN),Бали (DPS),2
8897,Мадрид (MAD),Барселона,1
29106,Париж (CDG),Рим (FCO),1
8038,New York,Los Angeles,1
45794,Сингапур (SIN),Бали (DPS),1
14977,Москва,Санкт-Петербург,2
10818,Москва,Санкт-Петербург,3
43341,Краснодар,Сочи,3
22188,Москва,Санкт-Петербург,1
19477,Берлин (BER),Амстердам (AMS),1
10627,Rome,Milan,2
20801,London,Edinburgh,1
43026,Frankfurt,Hamburg,2
26078,Мюнхен,Вена,1
44575,Стамбул (IST),Афины (ATH),1
25905,Екатеринбург,Казань,2
4816,Дубай (DXB),Бангкок (BKK),1
19157,Дубай (DXB),Бангкок (BKK),1
43505,Москва,Санкт-Петербург,1
15284,Екатеринбург,Казань,3
1183,Берлин (BER),Амстердам (AMS),1
14998,Токио (HND),Сеул (ICN),1
39833,Екатеринбург,Казань,1
32748,Сингапур (SIN),Бали (DPS),1
32745,Токио (HND),Сеул (ICN),1
47125,Париж (CDG),Рим (FCO),1
49535,Токио (HND),Сеул (ICN),2
49412,Москва (SVO),Париж (CDG),2
27954,Токио (HND),Сеул (ICN),2
29018,Москва,Санкт-Петербург,1
8750,Токио (HND),Сеул (ICN),3
3538,Frankfurt,Hamburg,1
24189,Мюнхен,Вена,3
20131,Париж (CDG),Рим (FCO),1
44367,Мадрид (MAD),Барселона,4
22259,Chicago,Miami,1
8978,Москва (SVO),Париж (CDG),1
2997,London,Edinburgh,3
42593,Москва (SVO),Париж (CDG),2
32441,Дубай (DXB),Бангкок (BKK),1
43054,Новосибирск,Горно-Алтайск,1
41501,Chicago,Miami,1
279,London,Edinburgh,1
22383,Мюнхен,Вена,1
2228,Стамбул (IST),Афины (ATH),1
46687,Мюнхен,Вена,1
17778,Токио (HND),Сеул (ICN),1
11168,Мюнхен,Вена,2
5808,Дубай (DXB),Бангкок (BKK),3
16908,Париж (CDG),Рим (FCO),2
17946,Дубай (DXB),Бангкок (BKK),1
45287,New York,Los Angeles,1
34079,Краснодар,Сочи,3
46576,Мюнхен,Вена,1
43235,Chicago,Miami,1
47168,Chicago,Miami,1
16669,Новосибирск,Горно-Алтайск,1
36140,Мадрид (MAD),Барселона,1
5615,Paris,Lyon,1
2491,Мюнхен,Вена,1
36343,Мюнхен,Вена,1
42728,Москва (SVO),Париж (CDG),2
38482,New York,Los Angeles,2
40527,Москва (SVO),Париж (CDG),2
47106,Новосибирск,Горно-Алтайск,2
40294,Москва,Санкт-Петербург,2
10780,Сингапур (SIN),Бали (DPS),1
46589,Екатеринбург,Казань,2
6073,New York,Los Angeles,1
34719,Дубай (DXB),Бангкок (BKK),1
34535,Токио (HND),Сеул (ICN),2
20739,New York,Los Angeles,2
34544,Дубай (DXB),Бангкок (BKK),2
41216,Стамбул (IST),Афины (ATH),1
29107,Frankfurt,Hamburg,1
26544,Новосибирск,Горно-Алтайск,2
26725,Сингапур (SIN),Бали (DPS),1
17678,New York,Los Angeles,1
42397,Мадрид (MAD),Барселона,2
28520,Сингапур (SIN),Бали (DPS),1
11371,Paris,Lyon,1
34908,Париж (CDG),Рим (FCO),1
27414,New York,Los Angeles,1
29249,Мадрид (MAD),Барселона,3
11322,Краснодар,Сочи,2
43834,Москва,Санкт-Петербург,2
47539,Москва,Санкт-Петербург,2
28896,Москва,Санкт-Петербург,2
45437,Frankfurt,Hamburg,1
38327,Токио (HND),Сеул (ICN),2
6929,London,Edinburgh,1
11179,Paris,Lyon,2
4299,Новосибирск,Горно-Алтайск,1
45162,Москва (SVO),Париж (CDG),1
22189,Новосибирск,Горно-Алтайск,1
46014,Мадрид (MAD),Барселона,3
12801,Москва (SVO),Париж (CDG),1
36759,Новосибирск,Горно-Алтайск,3
49163,New York,Los Angeles,1
5398,Мадрид (MAD),Барселона,1
29596,Краснодар,Сочи,1
8015,New York,Los Angeles,1
28028,Rome,Milan,2
42959,Токио (HND),Сеул (ICN),1
46895,Берлин (BER),Амстердам (AMS),1
35736,New York,Los Angeles,1
36412,Краснодар,Сочи,1
23591,Лондон (LHR),Нью-Йорк (JFK),1
18023,Лондон (LHR),Нью-Йорк (JFK),2
46031,Лондон (LHR),Нью-Йорк (JFK),1
22252,London,Edinburgh,1
48015,Мюнхен,Вена,1
19531,Chicago,Miami,2
7362,Москва (SVO),Париж (CDG),1
5039,Париж (CDG),Рим (FCO),3
7137,Токио (HND),Сеул (ICN),1
9245,Мюнхен,Вена,1
26379,Paris,Lyon,2
7411,Мюнхен,Вена,1
22430,Москва (SVO),Париж (CDG),1
19977,Берлин (BER),Амстердам (AMS),1
33369,Москва (SVO),Париж (CDG),1
48057,Frankfurt,Hamburg,2
48820,Стамбул (IST),Афины (ATH),1
38739,London,Edinburgh,2
13132,Дубай (DXB),Бангкок (BKK),1
35951,Токио (HND),Сеул (ICN),2
2312,Дубай (DXB),Бангкок (BKK),3
44470,Мадрид (MAD),Барселона,2
19080,Мюнхен,Вена,1
26427,Стамбул (IST),Афины (ATH),1
31835,Краснодар,Сочи,1
35848,Paris,Lyon,1
6705,Париж (CDG),Рим (FCO),1
22934,New York,Los Angeles,2
24755,Новосибирск,Горно-Алтайск,1
21459,Москва,Санкт-Петербург,2
47137,Москва (SVO),Париж (CDG),2
6639,Дубай (DXB),Бангкок (BKK),2
33512,Rome,Milan,1
13033,Стамбул (IST),Афины (ATH),1
36105,New York,Los Angeles,2
12147,Сингапур (SIN),Бали (DPS),1
4155,Мадрид (MAD),Барселона,1
46742,Chicago,Miami,1
37374,London,Edinburgh,1
43661,New York,Los Angeles,1
12645,Москва (SVO),Париж (CDG),1
27435,Мадрид (MAD),Барселона,1
9378,Париж (CDG),Рим (FCO),1
40951,Берлин (BER),Амстердам (AMS),1
17638,Лондон (LHR),Нью-Йорк (JFK),1
924,Rome,Milan,2
15030,New York,Los Angeles,1
5770,Сингапур (SIN),Бали (DPS),1
45776,Москва,Санкт-Петербург,2
43494,New York,Los Angeles,2
5382,Frankfurt,Hamburg,1
34891,Москва (SVO),Париж (CDG),1
22637,New York,Los Angeles,2
28798,Мюнхен,Вена,3
31258,Мюнхен,Вена,1
85,London,Edinburgh,1
32866,Стамбул (IST),Афины (ATH),2
16540,Екатеринбург,Казань,1
21047,Сингапур (SIN),Бали (DPS),2
17377,Москва (SVO),Париж (CDG),1
15858,Берлин (BER),Амстердам (AMS),2
23544,Новосибирск,Горно-Алтайск,1
10405,Chicago,Miami,1
49057,Новосибирск,Горно-Алтайск,2
2979,Токио (HND),Сеул (ICN),1
7105,Мюнхен,Вена,2
44481,Мюнхен,Вена,1
29364,Париж (CDG),Рим (FCO),1
14894,Краснодар,Сочи,1
41839,Стамбул (IST),Афины (ATH),1
24119,Rome,Milan,3
23282,Сингапур (SIN),Бали (DPS),1
5883,Мадрид (MAD),Барселона,1
48541,Сингапур (SIN),Бали (DPS),1
5045,Москва,Санкт-Петербург,1
33243,Париж (CDG),Рим (FCO),1
15125,Екатеринбург,Казань,1
43846,Москва,Санкт-Петербург,1
37930,London,Edinburgh,3
9136,New York,Los Angeles,1
32277,Москва (SVO),Париж (CDG),2
14937,Стамбул (IST),Афины (ATH),1
49491,Екатеринбург,Казань,1
13020,Paris,Lyon,2
22077,Мюнхен,Вена,1
1091,Frankfurt,Hamburg,1
514,Rome,Milan,1
795,London,Edinburgh,1
41813,Frankfurt,Hamburg,1
6724,Paris,Lyon,1
122,Токио (HND),Сеул (ICN),2
31803,Rome,Milan,2
3940,Краснодар,Сочи,1
39713,Лондон (LHR),Нью-Йорк (JFK),1
43197,Екатеринбург,Казань,3
14806,Берлин (BER),Амстердам (AMS),2
2349,Мадрид (MAD),Барселона,1
7923,Краснодар,Сочи,1
41419,New York,Los Angeles,1
41071,Лондон (LHR),Нью-Йорк (JFK),1
13211,Стамбул (IST),Афины (ATH),1
49690,Париж (CDG),Рим (FCO),1
40959,Берлин (BER),Амстердам (AMS),1
21902,Екатеринбург,Казань,1
23473,Москва,Санкт-Петербург,2
4024,Токио (HND),Сеул (ICN),2
13494,Дубай (DXB),Бангкок (BKK),1
40643,New York,Los Angeles,1
21881,Новосибирск,Горно-Алтайск,2
6721,Москва,Санкт-Петербург,3
46724,Токио (HND),Сеул (ICN),1
40775,Frankfurt,Hamburg,1
34430,Екатеринбург,Казань,2
17259,Frankfurt,Hamburg,1
41038,Москва,Санкт-Петербург,1
31623,Дубай (DXB),Бангкок (BKK),2
15220,New York,Los Angeles,2
25970,Москва (SVO),Париж (CDG),1
8733,Chicago,Miami,1
15884,Париж (CDG),Рим (FCO),3
40611,Мадрид (MAD),Барселона,1
44294,London,Edinburgh,1
22836,Екатеринбург,Казань,1
38087,Лондон (LHR),Нью-Йорк (JFK),1
48759,Париж (CDG),Рим (FCO),1
8661,Frankfurt,Hamburg,1
47462,Краснодар,Сочи,2
35174,Дубай (DXB),Бангкок (BKK),1
9774,Frankfurt,Hamburg,1
38898,Екатеринбург,Казань,1
17555,Chicago,Miami,2
1962,Москва,Санкт-Петербург,2
48255,Дубай (DXB),Бангкок (BKK),2
19907,Chicago,Miami,1
17019,Frankfurt,Hamburg,3
3071,Paris,Lyon,1
45464,Екатеринбург,Казань,3
685,Мадрид (MAD),Барселона,1
43901,Париж (CDG),Рим (FCO),3
328,Rome,Milan,1
35867,Токио (HND),Сеул (ICN),1
43981,Париж (CDG),Рим (FCO),1
8034,New York,Los Angeles,1
24827,New York,Los Angeles,1
15861,Берлин (BER),Амстердам (AMS),1
40829,Дубай (DXB),Бангкок (BKK),2
2103,Москва (SVO),Париж (CDG),2
15528,Берлин (BER),Амстердам (AMS),1
28418,Rome,Milan,2
37153,Новосибирск,Горно-Алтайск,1
46106,Сингапур (SIN),Бали (DPS),2
3154,Москва,Санкт-Петербург,1
11908,Paris,Lyon,2
48075,Краснодар,Сочи,1
2191,Краснодар,Сочи,2
709,London,Edinburgh,1
22749,Токио (HND),Сеул (ICN),3
23450,Сингапур (SIN),Бали (DPS),3
28843,Стамбул (IST),Афины (ATH),1
14814,Мюнхен,Вена,1
43188,Сингапур (SIN),Бали (DPS),1
23810,Сингапур (SIN),Бали (DPS),1
32493,Берлин (BER),Амстердам (AMS),1
29276,Paris,Lyon,1
1092,Мюнхен,Вена,1
32410,New York,Los Angeles,2
15678,Париж (CDG),Рим (FCO),1
13032,Paris,Lyon,2
33326,Новосибирск,Горно-Алтайск,3
17878,Берлин (BER),Амстердам (AMS),1
34196,Москва (SVO),Париж (CDG),1
30868,Париж (CDG),Рим (FCO),1
48096,Берлин (BER),Амстердам (AMS),1
28114,Мадрид (MAD),Барселона,2
47839,Новосибирск,Горно-Алтайск,2
43473,Rome,Milan,1
26354,Paris,Lyon,2
27253,Токио (HND),Сеул (ICN),1
26436,Новосибирск,Горно-Алтайск,2
48532,Москва,Санкт-Петербург,2
32532,Екатеринбург,Казань,2
45081,Мюнхен,Вена,3
15137,Мюнхен,Вена,1
17697,Краснодар,Сочи,1
40616,Rome,Milan,2
22126,Москва (SVO),Париж (CDG),1
30281,Екатеринбург,Казань,3
18712,Стамбул (IST),Афины (ATH),1
12781,Frankfurt,Hamburg,1
16690,Сингапур (SIN),Бали (DPS),1
17923,Берлин (BER),Амстердам (AMS),1
17294,Лондон (LHR),Нью-Йорк (JFK),1
24946,Берлин (BER),Амстердам (AMS),1
13088,Frankfurt,Hamburg,1
3985,Сингапур (SIN),Бали (DPS),1
30856,Москва,Санкт-Петербург,1
5864,Новосибирск,Горно-Алтайск,1
4667,Сингапур (SIN),Бали (DPS),1
16805,Новосибирск,Горно-Алтайск,3
44838,Лондон (LHR),Нью-Йорк (JFK),1
24789,Екатеринбург,Казань,2
17857,Лондон (LHR),Нью-Йорк (JFK),1
29371,Мюнхен,Вена,3
45442,Дубай (DXB),Бангкок (BKK),1
16635,Дубай (DXB),Бангкок (BKK),2
48518,Екатеринбург,Казань,1
32281,Frankfurt,Hamburg,1
15249,Chicago,Miami,1
32114,New York,Los Angeles,1
32738,London,Edinburgh,1
24426,Paris,Lyon,2
23021,Лондон (LHR),Нью-Йорк (JFK),1
23542,New York,Los Angeles,1
41612,Токио (HND),Сеул (ICN),2
46598,Новосибирск,Горно-Алтайск,2
1020,London,Edinburgh,1
23131,Мадрид (MAD),Барселона,1
4454,Москва,Санкт-Петербург,1
13426,Paris,Lyon,1
2549,Дубай (DXB),Бангкок (BKK),1
21908,Стамбул (IST),Афины (ATH),2
37814,Краснодар,Сочи,1
30183,Берлин (BER),Амстердам (AMS),2
15428,Краснодар,Сочи,2
23372,Стамбул (IST),Афины (ATH),1
29622,Rome,Milan,3
1360,Rome,Milan,2
22575,Стамбул (IST),Афины (ATH),1
23455,Новосибирск,Горно-Алтайск,1
47710,Стамбул (IST),Афины (ATH),2
25344,Берлин (BER),Амстердам (AMS),2
16975,Мюнхен,Вена,1
1932,Москва (SVO),Париж (CDG),1
10047,Токио (HND),Сеул (ICN),1
26272,Стамбул (IST),Афины (ATH),1
21703,Лондон (LHR),Нью-Йорк (JFK),3
35448,Стамбул (IST),Афины (ATH),1
637,Rome,Milan,2
33965,Paris,Lyon,1
36727,Мадрид (MAD),Барселона,1
37253,New York,Los Angeles,3
34304,Новосибирск,Горно-Алтайск,3
46824,Лондон (LHR),Нью-Йорк (JFK),1
14920,Дубай (DXB),Бангкок (BKK),1
39563,Токио (HND),Сеул (ICN),1
26702,Paris,Lyon,1
3460,Rome,Milan,1
31327,Стамбул (IST),Афины (ATH),2
9417,Москва,Санкт-Петербург,1
46942,Москва (SVO),Париж (CDG),2
2558,Стамбул (IST),Афины (ATH),1
4001,Краснодар,Сочи,1
23343,London,Edinburgh,1
17236,Frankfurt,Hamburg,1
30682,London,Edinburgh,1
35021,Дубай (DXB),Бангкок (BKK),1
4899,Лондон (LHR),Нью-Йорк (JFK),1
12960,Париж (CDG),Рим (FCO),1
8442,Екатеринбург,Казань,1
17848,Лондон (LHR),Нью-Йорк (JFK),1
42115,Frankfurt,Hamburg,2
32589,Мадрид (MAD),Барселона,2
36591,London,Edinburgh,2
13794,New York,Los Angeles,1
25252,New York,Los Angeles,1
40425,Frankfurt,Hamburg,2
39846,Токио (HND),Сеул (ICN),2
42855,Токио (HND),Сеул (ICN),1
39698,London,Edinburgh,1
18043,Paris,Lyon,1
5006,Rome,Milan,2
35110,Берлин (BER),Амстердам (AMS),1
36556,Москва (SVO),Париж (CDG),1
44171,Rome,Milan,1
9121,Екатеринбург,Казань,1
30863,Дубай (DXB),Бангкок (BKK),2
20696,Новосибирск,Горно-Алтайск,1
7646,Париж (CDG),Рим (FCO),1
44907,Лондон (LHR),Нью-Йорк (JFK),2
30585,Екатеринбург,Казань,1
21581,Мюнхен,Вена,1
48506,Мюнхен,Вена,1
173,Москва (SVO),Париж (CDG),1
38067,Frankfurt,Hamburg,1
40373,Лондон (LHR),Нью-Йорк (JFK),1
14693,Chicago,Miami,1
40180,Frankfurt,Hamburg,2
35274,Мюнхен,Вена,1
10965,Мадрид (MAD),Барселона,2
16940,Chicago,Miami,2
2461,Москва (SVO),Париж (CDG),1
20770,New York,Los Angeles,1
1587,Мадрид (MAD),Барселона,1
19157,Токио (HND),Сеул (ICN),2
6634,New York,Los Angeles,1
16723,Париж (CDG),Рим (FCO),1
33249,Краснодар,Сочи,2
4966,London,Edinburgh,1
30988,Стамбул (IST),Афины (ATH),2
39568,Москва (SVO),Париж (CDG),1
21406,Chicago,Miami,1
47270,Лондон (LHR),Нью-Йорк (JFK),2
45680,Chicago,Miami,1
28902,Дубай (DXB),Бангкок (BKK),3
21935,Москва,Санкт-Петербург,1
24283,Новосибирск,Горно-Алтайск,2
41333,Лондон (LHR),Нью-Йорк (JFK),1
44563,Сингапур (SIN),Бали (DPS),1
33253,Rome,Milan,1
23293,Дубай (DXB),Бангкок (BKK),1
6747,Мюнхен,Вена,2
2010,Лондон (LHR),Нью-Йорк (JFK),2
43974,London,Edinburgh,1
16368,Москва,Санкт-Петербург,1
24733,Frankfurt,Hamburg,1
37874,New York,Los Angeles,2
39593,Сингапур (SIN),Бали (DPS),1
39656,Токио (HND),Сеул (ICN),3
47941,Стамбул (IST),Афины (ATH),1
15821,Rome,Milan,1
14763,New York,Los Angeles,2
17220,Токио (HND),Сеул (ICN),2
47488,New York,Los Angeles,1
19290,Rome,Milan,2
46022,Лондон (LHR),Нью-Йорк (JFK),3
35078,Frankfurt,Hamburg,2
42533,Rome,Milan,1
8474,London,Edinburgh,2
9320,London,Edinburgh,1
9209,Chicago,Miami,1
7569,Лондон (LHR),Нью-Йорк (JFK),1
44996,Новосибирск,Горно-Алтайск,1
43138,Сингапур (SIN),Бали (DPS),1
24293,Берлин (BER),Амстердам (AMS),1
4391,Rome,Milan,2
13645,Стамбул (IST),Афины (ATH),2
41794,Frankfurt,Hamburg,3
34071,Мюнхен,Вена,1
38902,Краснодар,Сочи,1
40988,Мюнхен,Вена,2
32451,New York,Los Angeles,1
36,Париж (CDG),Рим (FCO),2
22962,Chicago,Miami,1
18832,Москва,Санкт-Петербург,1
35822,Лондон (LHR),Нью-Йорк (JFK),2
40864,Paris,Lyon,1
348,Сингапур (SIN),Бали (DPS),1
20177,Париж (CDG),Рим (FCO),1
20282,Москва (SVO),Париж (CDG),1
6851,New York,Los Angeles,1
37788,Сингапур (SIN),Бали (DPS),2
27967,Chicago,Miami,2
43584,Frankfurt,Hamburg,1
1135,Краснодар,Сочи,1
17691,Дубай (DXB),Бангкок (BKK),2
33115,Мюнхен,Вена,1
4244,Москва,Санкт-Петербург,1
36796,Chicago,Miami,1
34095,Париж (CDG),Рим (FCO),1
22848,Сингапур (SIN),Бали (DPS),3
30618,Берлин (BER),Амстердам (AMS),2
3416,Лондон (LHR),Нью-Йорк (JFK),2
35951,London,Edinburgh,3
23450,London,Edinburgh,4
16802,Мюнхен,Вена,1
20122,Москва,Санкт-Петербург,2
39983,Мадрид (MAD),Барселона,1
27206,Париж (CDG),Рим (FCO),2
13592,London,Edinburgh,1
21459,Берлин (BER),Амстердам (AMS),3
38378,Москва,Санкт-Петербург,1
6771,Париж (CDG),Рим (FCO),1
35306,Екатеринбург,Казань,1
229,Frankfurt,Hamburg,1
28837,Мюнхен,Вена,1
14179,Сингапур (SIN),Бали (DPS),2
4752,Краснодар,Сочи,1
2433,Rome,Milan,1
6165,Париж (CDG),Рим (FCO),1
7162,Токио (HND),Сеул (ICN),1
47909,Москва (SVO),Париж (CDG),1
19012,Новосибирск,Горно-Алтайск,2
29971,Мюнхен,Вена,2
28245,Мадрид (MAD),Барселона,1
36512,Chicago,Miami,2
38623,Токио (HND),Сеул (ICN),1
22428,Лондон (LHR),Нью-Йорк (JFK),2
13535,Rome,Milan,1
28796,Токио (HND),Сеул (ICN),1
47528,Москва (SVO),Париж (CDG),1
41788,Дубай (DXB),Бангкок (BKK),1
34774,Rome,Milan,3
39641,Москва (SVO),Париж (CDG),1
18611,Мюнхен,Вена,1
22047,Сингапур (SIN),Бали (DPS),1
40702,Дубай (DXB),Бангкок (BKK),2
9409,Краснодар,Сочи,2
39036,Стамбул (IST),Афины (ATH),1
21220,Токио (HND),Сеул (ICN),1
49333,Стамбул (IST),Афины (ATH),2
32687,Сингапур (SIN),Бали (DPS),1
11168,New York,Los Angeles,3
46339,Москва,Санкт-Петербург,2
39178,Frankfurt,Hamburg,1
48936,Мюнхен,Вена,3
38704,Мюнхен,Вена,1
1752,Мадрид (MAD),Барселона,2
41380,Новосибирск,Горно-Алтайск,1
8506,Лондон (LHR),Нью-Йорк (JFK),1
21581,London,Edinburgh,2
36654,Токио (HND),Сеул (ICN),1
8383,Rome,Milan,1
21929,Краснодар,Сочи,1
7910,London,Edinburgh,2
4032,Токио (HND),Сеул (ICN),1
37218,Париж (CDG),Рим (FCO),2
14910,Дубай (DXB),Бангкок (BKK),1
40248,Мюнхен,Вена,1
25587,Берлин (BER),Амстердам (AMS),1
43573,Мюнхен,Вена,2
15462,Мадрид (MAD),Барселона,3
6327,Мадрид (MAD),Барселона,2
31662,Париж (CDG),Рим (FCO),1
40346,Paris,Lyon,1
5800,Мадрид (MAD),Барселона,2
23384,Краснодар,Сочи,1
1313,London,Edinburgh,1
18249,New York,Los Angeles,2
44421,Москва,Санкт-Петербург,1
3537,Сингапур (SIN),Бали (DPS),1
22589,Париж (CDG),Рим (FCO),1
19070,Москва (SVO),Париж (CDG),1
13998,Rome,Milan,1
40753,Лондон (LHR),Нью-Йорк (JFK),2
2502,Токио (HND),Сеул (ICN),1
35027,Rome,Milan,1
24437,Дубай (DXB),Бангкок (BKK),2
21505,New York,Los Angeles,2
5891,Париж (CDG),Рим (FCO),2
38011,London,Edinburgh,1
48787,Rome,Milan,1
39459,Сингапур (SIN),Бали (DPS),3
36373,Frankfurt,Hamburg,1
28296,Rome,Milan,2
40417,Париж (CDG),Рим (FCO),1
21768,London,Edinburgh,1
34544,Сингапур (SIN),Бали (DPS),3
6400,Сингапур (SIN),Бали (DPS),1
42609,Rome,Milan,2
44857,Берлин (BER),Амстердам (AMS),1
26127,Екатеринбург,Казань,1
42169,New York,Los Angeles,3
20767,Сингапур (SIN),Бали (DPS),1
23408,Chicago,Miami,1
41780,Дубай (DXB),Бангкок (BKK),1
12886,Дубай (DXB),Бангкок (BKK),2
18860,Дубай (DXB),Бангкок (BKK),1
44717,Стамбул (IST),Афины (ATH),1
46620,Дубай (DXB),Бангкок (BKK),1
48081,Paris,Lyon,1
12469,Токио (HND),Сеул (ICN),1
29289,Токио (HND),Сеул (ICN),2
47974,New York,Los Angeles,1
37318,Chicago,Miami,1
12344,Москва,Санкт-Петербург,2
21425,Токио (HND),Сеул (ICN),1
19145,New York,Los Angeles,1
26353,Москва (SVO),Париж (CDG),1
46287,Дубай (DXB),Бангкок (BKK),2
32535,Новосибирск,Горно-Алтайск,2
45432,Дубай (DXB),Бангкок (BKK),1
45798,Екатеринбург,Казань,2
8287,Краснодар,Сочи,1
16398,London,Edinburgh,1
34713,Краснодар,Сочи,1
8368,Сингапур (SIN),Бали (DPS),1
3831,Берлин (BER),Амстердам (AMS),1
42551,Paris,Lyon,1
5087,New York,Los Angeles,2
14566,Лондон (LHR),Нью-Йорк (JFK),2
29273,Paris,Lyon,1
6957,Paris,Lyon,1
10870,Мюнхен,Вена,3
30833,Париж (CDG),Рим (FCO),1
46658,Берлин (BER),Амстердам (AMS),1
24190,Токио (HND),Сеул (ICN),1
26364,Берлин (BER),Амстердам (AMS),1
10533,Дубай (DXB),Бангкок (BKK),1
44409,Москва,Санкт-Петербург,2
42956,Лондон (LHR),Нью-Йорк (JFK),1
22110,Париж (CDG),Рим (FCO),2
4194,Дубай (DXB),Бангкок (BKK),1
44934,Лондон (LHR),Нью-Йорк (JFK),2
6967,Токио (HND),Сеул (ICN),1
8505,Rome,Milan,1
38584,Стамбул (IST),Афины (ATH),2
18910,Chicago,Miami,2
32951,Мюнхен,Вена,2
48942,Дубай (DXB),Бангкок (BKK),1
23556,New York,Los Angeles,2
13798,Мадрид (MAD),Барселона,1
45497,Екатеринбург,Казань,1
25065,Rome,Milan,1
23457,Стамбул (IST),Афины (ATH),3
28201,Лондон (LHR),Нью-Йорк (JFK),1
10858,Chicago,Miami,1
23354,Лондон (LHR),Нью-Йорк (JFK),1
16723,Сингапур (SIN),Бали (DPS),2
36768,Берлин (BER),Амстердам (AMS),1
31585,Екатеринбург,Казань,1
27491,Лондон (LHR),Нью-Йорк (JFK),1
46877,Новосибирск,Горно-Алтайск,1
3671,Стамбул (IST),Афины (ATH),1
7101,Дубай (DXB),Бангкок (BKK),1
12212,Москва (SVO),Париж (CDG),2
40697,Мадрид (MAD),Барселона,1
14866,Мюнхен,Вена,1
13495,Лондон (LHR),Нью-Йорк (JFK),1
10259,Екатеринбург,Казань,1
5445,Мадрид (MAD),Барселона,2
11738,Дубай (DXB),Бангкок (BKK),2
10911,Екатеринбург,Казань,1
43124,Мюнхен,Вена,2
30853,Токио (HND),Сеул (ICN),1
43530,Мадрид (MAD),Барселона,1
31758,Екатеринбург,Казань,2
6454,Rome,Milan,1
35484,Лондон (LHR),Нью-Йорк (JFK),1
47484,Новосибирск,Горно-Алтайск,1
27707,Мадрид (MAD),Барселона,3
31688,Дубай (DXB),Бангкок (BKK),1
41715,Лондон (LHR),Нью-Йорк (JFK),1
38126,Дубай (DXB),Бангкок (BKK),1
16563,Лондон (LHR),Нью-Йорк (JFK),1
14958,Rome,Milan,1
45181,Новосибирск,Горно-Алтайск,2
43283,Frankfurt,Hamburg,1
9086,Москва (SVO),Париж (CDG),1
15623,Мадрид (MAD),Барселона,2
41254,Paris,Lyon,1
25330,Токио (HND),Сеул (ICN),1
12505,Paris,Lyon,1
3918,Екатеринбург,Казань,1
31593,Rome,Milan,2
31417,Париж (CDG),Рим (FCO),3
15666,Екатеринбург,Казань,2
4837,Дубай (DXB),Бангкок (BKK),1
14116,Екатеринбург,Казань,1
24412,Москва (SVO),Париж (CDG),2
4300,Chicago,Miami,1
23089,Стамбул (IST),Афины (ATH),1
38896,Мюнхен,Вена,1
22339,Париж (CDG),Рим (FCO),1
40403,Мадрид (MAD),Барселона,1
41237,Лондон (LHR),Нью-Йорк (JFK),1
12614,Paris,Lyon,1
31874,Берлин (BER),Амстердам (AMS),1
20665,Новосибирск,Горно-Алтайск,1
7522,Новосибирск,Горно-Алтайск,1
21020,Paris,Lyon,1
36640,Мадрид (MAD),Барселона,2
46587,Москва (SVO),Париж (CDG),1
6053,Стамбул (IST),Афины (ATH),2
19638,Мадрид (MAD),Барселона,1
11498,Rome,Milan,1
35276,Стамбул (IST),Афины (ATH),1
25372,Париж (CDG),Рим (FCO),1
49194,Берлин (BER),Амстердам (AMS),2
29863,Новосибирск,Горно-Алтайск,2
40388,Frankfurt,Hamburg,1
4742,Мадрид (MAD),Барселона,1
4099,London,Edinburgh,1
25905,Токио (HND),Сеул (ICN),3
34038,Мюнхен,Вена,1
19556,Париж (CDG),Рим (FCO),2
21960,London,Edinburgh,2
7625,Chicago,Miami,1
20949,Мюнхен,Вена,1
23735,Frankfurt,Hamburg,1
25246,Берлин (BER),Амстердам (AMS),1
33828,Токио (HND),Сеул (ICN),2
7395,Москва,Санкт-Петербург,1
5108,Paris,Lyon,1
39317,Frankfurt,Hamburg,1
14159,Москва (SVO),Париж (CDG),1
28315,Chicago,Miami,1
37305,Chicago,Miami,1
12890,Мадрид (MAD),Барселона,2
21136,Токио (HND),Сеул (ICN),2
18740,Париж (CDG),Рим (FCO),1
22097,Москва (SVO),Париж (CDG),1
38114,Москва (SVO),Париж (CDG),3
37849,Chicago,Miami,2
14963,Мадрид (MAD),Барселона,1
19135,Токио (HND),Сеул (ICN),1
37244,Берлин (BER),Амстердам (AMS),1
25285,Frankfurt,Hamburg,1
30383,Москва,Санкт-Петербург,1
16458,Москва,Санкт-Петербург,1
19785,Paris,Lyon,1
26673,Москва (SVO),Париж (CDG),1
370,Краснодар,Сочи,1
49506,Сингапур (SIN),Бали (DPS),1
48682,Москва,Санкт-Петербург,2
12239,New York,Los Angeles,3
24137,Дубай (DXB),Бангкок (BKK),1
47204,Москва,Санкт-Петербург,1
5638,Екатеринбург,Казань,2
45033,London,Edinburgh,2
29244,Москва,Санкт-Петербург,1
46667,Мюнхен,Вена,2
48121,Париж (CDG),Рим (FCO),2
2352,Дубай (DXB),Бангкок (BKK),1
27486,Новосибирск,Горно-Алтайск,1
33614,New York,Los Angeles,1
4718,Москва,Санкт-Петербург,1
12127,Сингапур (SIN),Бали (DPS),1
43783,Лондон (LHR),Нью-Йорк (JFK),2
2763,Екатеринбург,Казань,1
21087,Дубай (DXB),Бангкок (BKK),1
42452,Лондон (LHR),Нью-Йорк (JFK),2
37648,Frankfurt,Hamburg,3
14434,Краснодар,Сочи,2
16998,Москва,Санкт-Петербург,2
22077,Москва,Санкт-Петербург,2
43247,Paris,Lyon,1
18562,Chicago,Miami,1
45508,Москва (SVO),Париж (CDG),1
27538,Новосибирск,Горно-Алтайск,2
27061,Мюнхен,Вена,5
31128,New York,Los Angeles,2
49028,Стамбул (IST),Афины (ATH),1
33133,Новосибирск,Горно-Алтайск,1
27693,Paris,Lyon,1
10902,Frankfurt,Hamburg,1
20167,Мюнхен,Вена,1
14006,Frankfurt,Hamburg,2
20852,Москва (SVO),Париж (CDG),1
48894,Новосибирск,Горно-Алтайск,1
7691,Москва,Санкт-Петербург,1
14016,Мадрид (MAD),Барселона,1
32887,Стамбул (IST),Афины (ATH),2
28785,Токио (HND),Сеул (ICN),1
19123,Екатеринбург,Казань,1
21770,Chicago,Miami,2
16517,Frankfurt,Hamburg,2
26082,Мадрид (MAD),Барселона,1
23949,Дубай (DXB),Бангкок (BKK),1
43513,Краснодар,Сочи,1
48271,London,Edinburgh,3
28842,Мадрид (MAD),Барселона,1
25226,Краснодар,Сочи,1
43011,Новосибирск,Горно-Алтайск,1
42052,Мюнхен,Вена,1
2047,Москва (SVO),Париж (CDG),1
45384,Мадрид (MAD),Барселона,1
29469,New York,Los Angeles,1
49464,Токио (HND),Сеул (ICN),1
927,Новосибирск,Горно-Алтайск,2
47093,Стамбул (IST),Афины (ATH),3
39700,New York,Los Angeles,2
8790,Берлин (BER),Амстердам (AMS),1
33860,Rome,Milan,1
7192,Краснодар,Сочи,1
34535,Стамбул (IST),Афины (ATH),3
12218,Мюнхен,Вена,2
20492,Париж (CDG),Рим (FCO),1
2700,Paris,Lyon,1
49548,Екатеринбург,Казань,2
47384,Мюнхен,Вена,1
6377,Chicago,Miami,3
319,Екатеринбург,Казань,1
6610,Берлин (BER),Амстердам (AMS),1
48647,London,Edinburgh,1
7212,Новосибирск,Горно-Алтайск,2
29899,Лондон (LHR),Нью-Йорк (JFK),1
48748,Лондон (LHR),Нью-Йорк (JFK),1
46528,Москва,Санкт-Петербург,1
13666,Токио (HND),Сеул (ICN),1
32841,Париж (CDG),Рим (FCO),1
20908,Лондон (LHR),Нью-Йорк (JFK),1
41077,Paris,Lyon,1
47275,London,Edinburgh,1
39242,Chicago,Miami,1
25776,New York,Los Angeles,4
20679,Сингапур (SIN),Бали (DPS),1
17771,Новосибирск,Горно-Алтайск,1
31474,Мадрид (MAD),Барселона,1
17869,Екатеринбург,Казань,3
48369,Chicago,Miami,1
3833,Стамбул (IST),Афины (ATH),1
33455,Мадрид (MAD),Барселона,1
6411,Париж (CDG),Рим (FCO),1
48415,Chicago,Miami,1
41015,Париж (CDG),Рим (FCO),1
8804,Париж (CDG),Рим (FCO),2
593,Дубай (DXB),Бангкок (BKK),1
35686,Chicago,Miami,1
32876,Новосибирск,Горно-Алтайск,1
34165,Берлин (BER),Амстердам (AMS),1
13784,Paris,Lyon,1
1820,Frankfurt,Hamburg,1
23801,Москва (SVO),Париж (CDG),1
20226,Дубай (DXB),Бангкок (BKK),2
2084,Екатеринбург,Казань,3
38228,Мюнхен,Вена,2
13328,New York,Los Angeles,1
41970,Rome,Milan,1
41609,Екатеринбург,Казань,2
9986,Стамбул (IST),Афины (ATH),1
17141,Новосибирск,Горно-Алтайск,1
28364,Лондон (LHR),Нью-Йорк (JFK),1
11491,Токио (HND),Сеул (ICN),1
47593,Новосибирск,Горно-Алтайск,2
42174,Екатеринбург,Казань,1
24808,Токио (HND),Сеул (ICN),1
49622,Дубай (DXB),Бангкок (BKK),1
15184,Новосибирск,Горно-Алтайск,1
21237,Frankfurt,Hamburg,1
4159,Chicago,Miami,1
11131,Новосибирск,Горно-Алтайск,2
48661,Москва (SVO),Париж (CDG),1
4088,New York,Los Angeles,2
2692,Новосибирск,Горно-Алтайск,1
23740,Москва (SVO),Париж (CDG),2
9086,Берлин (BER),Амстердам (AMS),2
23280,Париж (CDG),Рим (FCO),3
24197,London,Edinburgh,2
36505,New York,Los Angeles,1
49904,Frankfurt,Hamburg,1
4440,Мюнхен,Вена,3
5884,Париж (CDG),Рим (FCO),2
16856,Москва,Санкт-Петербург,1
21037,Новосибирск,Горно-Алтайск,1
38160,Париж (CDG),Рим (FCO),2
15653,Сингапур (SIN),Бали (DPS),1
34514,Мадрид (MAD),Барселона,1
47430,Мюнхен,Вена,1
44131,Сингапур (SIN),Бали (DPS),1
5924,Лондон (LHR),Нью-Йорк (JFK),1
24110,Мадрид (MAD),Барселона,2
35341,London,Edinburgh,2
37105,Chicago,Miami,1
37609,Сингапур (SIN),Бали (DPS),1
12952,Rome,Milan,1
44359,Краснодар,Сочи,2
10566,Краснодар,Сочи,1
48367,Екатеринбург,Казань,2
36252,Берлин (BER),Амстердам (AMS),1
16074,Мюнхен,Вена,1
48858,Москва (SVO),Париж (CDG),1
4311,Мадрид (MAD),Барселона,1
17729,Париж (CDG),Рим (FCO),2
44812,Rome,Milan,1
3465,Сингапур (SIN),Бали (DPS),1
30774,Краснодар,Сочи,1
7706,Сингапур (SIN),Бали (DPS),2
16598,Берлин (BER),Амстердам (AMS),1
3958,Мадрид (MAD),Барселона,2
4333,Мюнхен,Вена,2
9149,Chicago,Miami,1
34603,Paris,Lyon,1
35262,Москва,Санкт-Петербург,1
39864,Москва,Санкт-Петербург,5
23860,London,Edinburgh,3
13980,Краснодар,Сочи,1
49963,New York,Los Angeles,1
39821,Chicago,Miami,3
24941,Париж (CDG),Рим (FCO),2
38888,Мюнхен,Вена,1
9396,Берлин (BER),Амстердам (AMS),2
28402,Москва (SVO),Париж (CDG),1
19139,Paris,Lyon,1
19656,Стамбул (IST),Афины (ATH),2
28928,New York,Los Angeles,1
7499,Frankfurt,Hamburg,1
40858,Новосибирск,Горно-Алтайск,1
28828,Новосибирск,Горно-Алтайск,2
11185,Rome,Milan,1
18853,London,Edinburgh,2
19668,Москва (SVO),Париж (CDG),2
24861,Сингапур (SIN),Бали (DPS),1
25951,Frankfurt,Hamburg,1
4200,Мюнхен,Вена,1
23733,Новосибирск,Горно-Алтайск,1
10961,Краснодар,Сочи,1
34182,Лондон (LHR),Нью-Йорк (JFK),2
49826,Chicago,Miami,2
44834,Лондон (LHR),Нью-Йорк (JFK),2
24318,Стамбул (IST),Афины (ATH),1
25730,Chicago,Miami,2
15325,Мадрид (MAD),Барселона,2
9625,Мюнхен,Вена,2
34686,Токио (HND),Сеул (ICN),1
49159,Лондон (LHR),Нью-Йорк (JFK),1
33651,Москва,Санкт-Петербург,1
37059,Новосибирск,Горно-Алтайск,1
46052,Frankfurt,Hamburg,1
4057,Chicago,Miami,1
26237,Rome,Milan,1
9800,Дубай (DXB),Бангкок (BKK),1
33653,Rome,Milan,1
39401,Мадрид (MAD),Барселона,1
8963,Токио (HND),Сеул (ICN),2
24810,Мадрид (MAD),Барселона,2
1227,Новосибирск,Горно-Алтайск,1
35515,Берлин (BER),Амстердам (AMS),1
16970,Лондон (LHR),Нью-Йорк (JFK),1
24016,Екатеринбург,Казань,1
4850,Лондон (LHR),Нью-Йорк (JFK),1
13470,Токио (HND),Сеул (ICN),1
43868,Екатеринбург,Казань,1
44777,Екатеринбург,Казань,2
22643,Chicago,Miami,1
8930,Дубай (DXB),Бангкок (BKK),1
4121,Новосибирск,Горно-Алтайск,2
26209,Chicago,Miami,1
23905,Мадрид (MAD),Барселона,1
47949,Frankfurt,Hamburg,2
10430,Paris,Lyon,1
28562,Екатеринбург,Казань,1
29591,Сингапур (SIN),Бали (DPS),1
7994,Мадрид (MAD),Барселона,2
4095,Екатеринбург,Казань,1
9974,Chicago,Miami,1
26323,Екатеринбург,Казань,1
14630,Paris,Lyon,1
37304,Rome,Milan,1
19522,Дубай (DXB),Бангкок (BKK),1
43376,Краснодар,Сочи,1
24575,Paris,Lyon,1
19034,Новосибирск,Горно-Алтайск,2
7827,Москва (SVO),Париж (CDG),1
9341,Frankfurt,Hamburg,2
19648,Екатеринбург,Казань,2
48652,Париж (CDG),Рим (FCO),1
20301,Paris,Lyon,1
13998,Берлин (BER),Амстердам (AMS),2
28169,Стамбул (IST),Афины (ATH),1
37623,New York,Los Angeles,2
11681,Frankfurt,Hamburg,1
35771,Frankfurt,Hamburg,1
48612,Москва,Санкт-Петербург,1
8558,Rome,Milan,3
27628,Токио (HND),Сеул (ICN),1
12743,Стамбул (IST),Афины (ATH),1
43026,Мадрид (MAD),Барселона,3
20220,Париж (CDG),Рим (FCO),1
31550,Rome,Milan,1
35289,London,Edinburgh,1
6843,Берлин (BER),Амстердам (AMS),1
9938,Москва (SVO),Париж (CDG),1
26206,Мюнхен,Вена,2
46074,Rome,Milan,1
47926,Краснодар,Сочи,1
9207,Frankfurt,Hamburg,2
3194,Мюнхен,Вена,1
16497,Стамбул (IST),Афины (ATH),2
49148,Стамбул (IST),Афины (ATH),2
24057,Сингапур (SIN),Бали (DPS),1
43069,Paris,Lyon,1
33715,Стамбул (IST),Афины (ATH),1
8439,Paris,Lyon,2
46141,Токио (HND),Сеул (ICN),1
23420,Сингапур (SIN),Бали (DPS),3
7791,Frankfurt,Hamburg,1
5113,Стамбул (IST),Афины (ATH),1
40936,Мадрид (MAD),Барселона,1
12776,Мюнхен,Вена,2
16420,Frankfurt,Hamburg,1
21183,Paris,Lyon,2
49621,Дубай (DXB),Бангкок (BKK),1
9187,Краснодар,Сочи,1
31083,Москва,Санкт-Петербург,2
34616,Париж (CDG),Рим (FCO),2
36959,Стамбул (IST),Афины (ATH),1
46595,London,Edinburgh,3
6147,Токио (HND),Сеул (ICN),2
1550,Дубай (DXB),Бангкок (BKK),1
35172,Новосибирск,Горно-Алтайск,3
28935,Paris,Lyon,2
20752,Chicago,Miami,1
42425,Лондон (LHR),Нью-Йорк (JFK),2
16205,Paris,Lyon,1
20610,Дубай (DXB),Бангкок (BKK),1
46072,Chicago,Miami,1
31275,Берлин (BER),Амстердам (AMS),1
25829,Париж (CDG),Рим (FCO),1
31706,Берлин (BER),Амстердам (AMS),1
24871,Дубай (DXB),Бангкок (BKK),1
12387,Rome,Milan,1
32775,Краснодар,Сочи,2
5018,New York,Los Angeles,2
21948,New York,Los Angeles,1
29219,London,Edinburgh,1
42442,Новосибирск,Горно-Алтайск,1
44885,Токио (HND),Сеул (ICN),2
8287,Краснодар,Сочи,2
33812,Краснодар,Сочи,2
43907,Rome,Milan,2
35559,Стамбул (IST),Афины (ATH),1
32012,Лондон (LHR),Нью-Йорк (JFK),1
42683,Сингапур (SIN),Бали (DPS),3
17477,London,Edinburgh,1
10410,Новосибирск,Горно-Алтайск,1
8510,New York,Los Angeles,1
976,Краснодар,Сочи,1
43040,Париж (CDG),Рим (FCO),1
35634,Краснодар,Сочи,1
11410,Paris,Lyon,2
17926,Дубай (DXB),Бангкок (BKK),1
20536,Дубай (DXB),Бангкок (BKK),1
9130,London,Edinburgh,2
25553,Мадрид (MAD),Барселона,1
40724,Дубай (DXB),Бангкок (BKK),1
26900,Екатеринбург,Казань,2
12722,Париж (CDG),Рим (FCO),2
45265,Лондон (LHR),Нью-Йорк (JFK),2
5356,Стамбул (IST),Афины (ATH),1
48141,Берлин (BER),Амстердам (AMS),1
40153,Frankfurt,Hamburg,1
34395,Париж (CDG),Рим (FCO),1
19824,Мадрид (MAD),Барселона,2
41093,New York,Los Angeles,2
45773,London,Edinburgh,1
40847,Лондон (LHR),Нью-Йорк (JFK),1
42373,Краснодар,Сочи,1
48711,Париж (CDG),Рим (FCO),1
24952,London,Edinburgh,2
2713,Стамбул (IST),Афины (ATH),2
42211,Мюнхен,Вена,2
44598,Москва (SVO),Париж (CDG),1
37399,Токио (HND),Сеул (ICN),3
22164,Лондон (LHR),Нью-Йорк (JFK),2
17880,Мюнхен,Вена,1
41900,Париж (CDG),Рим (FCO),1
9432,Токио (HND),Сеул (ICN),1
20305,Chicago,Miami,1
39020,Дубай (DXB),Бангкок (BKK),1
49262,Мюнхен,Вена,3
34112,Chicago,Miami,2
39596,Екатеринбург,Казань,1
11018,Москва,Санкт-Петербург,1
12506,Москва,Санкт-Петербург,1
46185,Chicago,Miami,1
23047,Стамбул (IST),Афины (ATH),1
47254,New York,Los Angeles,1
7739,Мюнхен,Вена,1
2163,Лондон (LHR),Нью-Йорк (JFK),2
39758,Мадрид (MAD),Барселона,1
15380,Новосибирск,Горно-Алтайск,1
10813,Краснодар,Сочи,3
45235,London,Edinburgh,1
41286,Токио (HND),Сеул (ICN),1
23432,Берлин (BER),Амстердам (AMS),1
32525,Стамбул (IST),Афины (ATH),2
4833,Chicago,Miami,1
37246,Мюнхен,Вена,1
22832,Москва (SVO),Париж (CDG),2
18535,Берлин (BER),Амстердам (AMS),1
19931,New York,Los Angeles,3
6740,Chicago,Miami,1
3717,Сингапур (SIN),Бали (DPS),1
47009,Екатеринбург,Казань,3
8566,Мюнхен,Вена,1
34169,Париж (CDG),Рим (FCO),1
7298,Краснодар,Сочи,2
4150,New York,Los Angeles,1
32224,Москва,Санкт-Петербург,1
18883,Новосибирск,Горно-Алтайск,1
38965,Краснодар,Сочи,2
18647,Москва (SVO),Париж (CDG),1
42426,Chicago,Miami,1
29157,Новосибирск,Горно-Алтайск,2
15622,Стамбул (IST),Афины (ATH),3
46218,Frankfurt,Hamburg,1
22505,Новосибирск,Горно-Алтайск,1
21710,Rome,Milan,2
29065,Chicago,Miami,1
11881,Frankfurt,Hamburg,1
38056,New York,Los Angeles,1
17585,Новосибирск,Горно-Алтайск,2
35563,New York,Los Angeles,2
23197,Мюнхен,Вена,1
12911,Москва (SVO),Париж (CDG),1
16380,Дубай (DXB),Бангкок (BKK),1
24258,Берлин (BER),Амстердам (AMS),2
31558,Москва (SVO),Париж (CDG),1
32073,Новосибирск,Горно-Алтайск,1
37326,Берлин (BER),Амстердам (AMS),3
8682,Мюнхен,Вена,1
44349,Москва (SVO),Париж (CDG),3
36813,Frankfurt,Hamburg,1
15369,Москва,Санкт-Петербург,1
38025,Москва,Санкт-Петербург,2
22222,Paris,Lyon,1
38221,Москва (SVO),Париж (CDG),1
8881,Frankfurt,Hamburg,2
23448,Мюнхен,Вена,1
13145,Париж (CDG),Рим (FCO),1
24664,Новосибирск,Горно-Алтайск,3
8613,Frankfurt,Hamburg,2
3822,Новосибирск,Горно-Алтайск,1
10425,London,Edinburgh,1
18820,New York,Los Angeles,1
4606,Москва,Санкт-Петербург,1
48396,New York,Los Angeles,1
3189,Rome,Milan,1
13608,Frankfurt,Hamburg,2
48080,London,Edinburgh,2
17797,Chicago,Miami,1
21868,Новосибирск,Горно-Алтайск,1
13198,Краснодар,Сочи,1
18466,Лондон (LHR),Нью-Йорк (JFK),1
43592,Мюнхен,Вена,1
20794,Мадрид (MAD),Барселона,1
31083,New York,Los Angeles,3
31445,Краснодар,Сочи,2
30167,Лондон (LHR),Нью-Йорк (JFK),2
3075,Екатеринбург,Казань,1
33562,New York,Los Angeles,1
27594,Сингапур (SIN),Бали (DPS),1
44932,London,Edinburgh,4
32732,Сингапур (SIN),Бали (DPS),1
4221,Краснодар,Сочи,1
16409,New York,Los Angeles,2
45131,London,Edinburgh,1
30975,Сингапур (SIN),Бали (DPS),1
44646,Краснодар,Сочи,1
19568,Дубай (DXB),Бангкок (BKK),1
24345,Токио (HND),Сеул (ICN),2
26940,Лондон (LHR),Нью-Йорк (JFK),2
43393,Мюнхен,Вена,1
38609,Frankfurt,Hamburg,1
21694,Rome,Milan,1
15384,Мадрид (MAD),Барселона,1
47771,Rome,Milan,1
48352,Дубай (DXB),Бангкок (BKK),2
10679,Екатеринбург,Казань,1
13715,Краснодар,Сочи,1
17560,Сингапур (SIN),Бали (DPS),3
7076,New York,Los Angeles,2
16015,Новосибирск,Горно-Алтайск,2
49441,Токио (HND),Сеул (ICN),1
42881,Стамбул (IST),Афины (ATH),2
39424,Rome,Milan,1
13640,Дубай (DXB),Бангкок (BKK),1
18820,Сингапур (SIN),Бали (DPS),2
48603,Мадрид (MAD),Барселона,1
43519,Москва,Санкт-Петербург,1
4101,Краснодар,Сочи,4
20389,Москва (SVO),Париж (CDG),1
27782,Frankfurt,Hamburg,2
6420,Москва,Санкт-Петербург,1
13503,Мадрид (MAD),Барселона,1
39986,Мюнхен,Вена,1
43105,Париж (CDG),Рим (FCO),1
40529,Берлин (BER),Амстердам (AMS),1
45285,Москва,Санкт-Петербург,2
47977,New York,Los Angeles,2
12765,Москва,Санкт-Петербург,1
11269,Rome,Milan,2
15891,Краснодар,Сочи,1
42595,Paris,Lyon,1
38917,Новосибирск,Горно-Алтайск,1
713,Chicago,Miami,2
26280,New York,Los Angeles,1
19181,London,Edinburgh,2
22403,Стамбул (IST),Афины (ATH),1
4969,New York,Los Angeles,1
8732,Стамбул (IST),Афины (ATH),1
37993,London,Edinburgh,3
26847,Frankfurt,Hamburg,1
40636,Frankfurt,Hamburg,1
12596,Мадрид (MAD),Барселона,1
8285,Париж (CDG),Рим (FCO),1
44389,London,Edinburgh,1
46738,Мюнхен,Вена,1
20617,London,Edinburgh,1
44615,Берлин (BER),Амстердам (AMS),2
24465,Paris,Lyon,1
27946,London,Edinburgh,1
13287,Москва (SVO),Париж (CDG),1
32626,Москва,Санкт-Петербург,1
10,Сингапур (SIN),Бали (DPS),1
19135,Мюнхен,Вена,2
35028,Москва (SVO),Париж (CDG),1
12033,Берлин (BER),Амстердам (AMS),1
25669,Мюнхен,Вена,1
16400,Новосибирск,Горно-Алтайск,1
24306,Москва (SVO),Париж (CDG),1
27878,Екатеринбург,Казань,1
21663,Токио (HND),Сеул (ICN),1
18658,London,Edinburgh,1
29435,London,Edinburgh,1
16077,Дубай (DXB),Бангкок (BKK),1
33375,Краснодар,Сочи,1
23469,Paris,Lyon,1
1919,Краснодар,Сочи,1
20231,London,Edinburgh,2
3727,Париж (CDG),Рим (FCO),2
30976,Новосибирск,Горно-Алтайск,1
7014,New York,Los Angeles,1
23344,Paris,Lyon,1
4646,Токио (HND),Сеул (ICN),1
23366,New York,Los Angeles,1
11159,Москва,Санкт-Петербург,2
37713,London,Edinburgh,1
2964,Дубай (DXB),Бангкок (BKK),1
44376,New York,Los Angeles,1
12355,Дубай (DXB),Бангкок (BKK),1
17074,Paris,Lyon,1
351,Берлин (BER),Амстердам (AMS),2
18190,Токио (HND),Сеул (ICN),1
9383,Сингапур (SIN),Бали (DPS),1
19247,Стамбул (IST),Афины (ATH),2
27108,Chicago,Miami,1
8924,Краснодар,Сочи,2
14297,New York,Los Angeles,3
19467,Дубай (DXB),Бангкок (BKK),2
22032,Мадрид (MAD),Барселона,1
25182,Новосибирск,Горно-Алтайск,3
20620,Краснодар,Сочи,1
47049,Берлин (BER),Амстердам (AMS),2
4035,Новосибирск,Горно-Алтайск,1
21621,Дубай (DXB),Бангкок (BKK),2
34656,New York,Los Angeles,1
45817,Мадрид (MAD),Барселона,1
10986,Лондон (LHR),Нью-Йорк (JFK),2
18041,Новосибирск,Горно-Алтайск,2
7454,Новосибирск,Горно-Алтайск,1
26114,Токио (HND),Сеул (ICN),1
2263,Екатеринбург,Казань,2
29932,Paris,Lyon,2
45815,Стамбул (IST),Афины (ATH),1
26991,Париж (CDG),Рим (FCO),1
25260,Берлин (BER),Амстердам (AMS),2
45544,Екатеринбург,Казань,2
23794,Краснодар,Сочи,1
35546,Берлин (BER),Амстердам (AMS),1
19434,Frankfurt,Hamburg,2
36991,Стамбул (IST),Афины (ATH),1
5152,Мюнхен,Вена,1
39246,Лондон (LHR),Нью-Йорк (JFK),1
43088,New York,Los Angeles,1
44744,Берлин (BER),Амстердам (AMS),1
4360,Дубай (DXB),Бангкок (BKK),1
19131,Сингапур (SIN),Бали (DPS),1
49757,Chicago,Miami,2
38608,Дубай (DXB),Бангкок (BKK),1
4902,Токио (HND),Сеул (ICN),1
14626,Дубай (DXB),Бангкок (BKK),2
31708,New York,Los Angeles,2
6876,Берлин (BER),Амстердам (AMS),1
35222,Frankfurt,Hamburg,1
33833,Paris,Lyon,2
19077,Rome,Milan,1
21359,Новосибирск,Горно-Алтайск,3
40914,Токио (HND),Сеул (ICN),1
1973,Мадрид (MAD),Барселона,2
32802,Frankfurt,Hamburg,1
21893,London,Edinburgh,1
43151,New York,Los Angeles,1
38629,Frankfurt,Hamburg,1
19940,Мюнхен,Вена,2
30441,Москва,Санкт-Петербург,1
46905,Сингапур (SIN),Бали (DPS),1
48218,Москва,Санкт-Петербург,1
11407,Paris,Lyon,1
45753,Chicago,Miami,1
19037,New York,Los Angeles,1
8180,Лондон (LHR),Нью-Йорк (JFK),1
17758,Москва,Санкт-Петербург,2
24922,Берлин (BER),Амстердам (AMS),2
18433,Мадрид (MAD),Барселона,1
21261,Екатеринбург,Казань,1
5618,Мадрид (MAD),Барселона,1
37205,Екатеринбург,Казань,1
28408,Дубай (DXB),Бангкок (BKK),1
17841,Лондон (LHR),Нью-Йорк (JFK),3
33735,Мюнхен,Вена,1
17574,London,Edinburgh,2
8599,Новосибирск,Горно-Алтайск,2
10591,Лондон (LHR),Нью-Йорк (JFK),2
38272,Мадрид (MAD),Барселона,1
44596,Краснодар,Сочи,1
49498,Лондон (LHR),Нью-Йорк (JFK),1
9445,Мадрид (MAD),Барселона,2
7485,Париж (CDG),Рим (FCO),1
12645,Токио (HND),Сеул (ICN),2
15022,Москва,Санкт-Петербург,1
24172,Краснодар,Сочи,1
5946,Париж (CDG),Рим (FCO),3
39730,Дубай (DXB),Бангкок (BKK),2
31229,Екатеринбург,Казань,2
41787,Берлин (BER),Амстердам (AMS),1
7795,Новосибирск,Горно-Алтайск,1
18739,Мюнхен,Вена,1
41297,Краснодар,Сочи,1
43865,Екатеринбург,Казань,2
32796,Берлин (BER),Амстердам (AMS),1
4774,Rome,Milan,1
34312,Новосибирск,Горно-Алтайск,1
19016,New York,Los Angeles,1
43483,Екатеринбург,Казань,2
15219,Дубай (DXB),Бангкок (BKK),3
35360,Стамбул (IST),Афины (ATH),1
8956,Берлин (BER),Амстердам (AMS),1
35946,Стамбул (IST),Афины (ATH),1
38226,Rome,Milan,1
45081,Москва (SVO),Париж (CDG),4
6015,Москва,Санкт-Петербург,1
42781,Мюнхен,Вена,1
44276,Сингапур (SIN),Бали (DPS),1
8243,Москва (SVO),Париж (CDG),1
36690,Москва (SVO),Париж (CDG),1
42416,Москва (SVO),Париж (CDG),1
14105,Екатеринбург,Казань,1
27567,New York,Los Angeles,1
20219,Берлин (BER),Амстердам (AMS),1
10595,Дубай (DXB),Бангкок (BKK),1
26243,Rome,Milan,1
30479,Париж (CDG),Рим (FCO),1
23254,Paris,Lyon,2
704,Paris,Lyon,2
7831,New York,Los Angeles,1
48226,Frankfurt,Hamburg,2
33258,Париж (CDG),Рим (FCO),1
32211,Paris,Lyon,1
30600,Москва,Санкт-Петербург,1
12527,London,Edinburgh,1
37499,London,Edinburgh,3
40835,Chicago,Miami,1
19762,Москва (SVO),Париж (CDG),1
29345,New York,Los Angeles,1
19698,Frankfurt,Hamburg,2
27774,Frankfurt,Hamburg,1
18487,Frankfurt,Hamburg,2
20821,Мадрид (MAD),Барселона,1
47275,Токио (HND),Сеул (ICN),2
1719,Paris,Lyon,2
39717,Токио (HND),Сеул (ICN),1
10678,New York,Los Angeles,1
42859,Москва,Санкт-Петербург,1
43067,Rome,Milan,1
34874,London,Edinburgh,1
48723,Новосибирск,Горно-Алтайск,1
25550,Стамбул (IST),Афины (ATH),1
1415,New York,Los Angeles,1
19808,Paris,Lyon,1
37988,Москва (SVO),Париж (CDG),1
46439,Мюнхен,Вена,2
7900,London,Edinburgh,2
33993,Новосибирск,Горно-Алтайск,1
42401,Дубай (DXB),Бангкок (BKK),2
38363,Paris,Lyon,1
20657,Екатеринбург,Казань,2
7491,London,Edinburgh,1
24352,Новосибирск,Горно-Алтайск,1
37194,Мюнхен,Вена,1
29737,Дубай (DXB),Бангкок (BKK),2
30411,Мюнхен,Вена,2
8875,Берлин (BER),Амстердам (AMS),1
27715,Москва (SVO),Париж (CDG),2
8148,Дубай (DXB),Бангкок (BKK),1
29550,London,Edinburgh,1
39029,London,Edinburgh,1
37063,Новосибирск,Горно-Алтайск,1
15501,New York,Los Angeles,1
43184,Paris,Lyon,1
13878,Париж (CDG),Рим (FCO),2
35907,Мадрид (MAD),Барселона,1
49726,Москва (SVO),Париж (CDG),1
45939,Rome,Milan,1
5505,Frankfurt,Hamburg,1
185,Rome,Milan,1
15285,Мюнхен,Вена,2
49270,Дубай (DXB),Бангкок (BKK),1
3378,Сингапур (SIN),Бали (DPS),1
43123,Токио (HND),Сеул (ICN),1
16066,Chicago,Miami,1
19326,Екатеринбург,Казань,2
25871,Стамбул (IST),Афины (ATH),1
31389,Дубай (DXB),Бангкок (BKK),3
30765,Екатеринбург,Казань,1
32885,Токио (HND),Сеул (ICN),1
28471,Rome,Milan,3
2436,Москва (SVO),Париж (CDG),1
48649,New York,Los Angeles,1
9564,Краснодар,Сочи,2
22515,Берлин (BER),Амстердам (AMS),1
43760,Chicago,Miami,1
21002,New York,Los Angeles,2
8126,Paris,Lyon,4
29897,Краснодар,Сочи,2
29319,Лондон (LHR),Нью-Йорк (JFK),1
13156,Мадрид (MAD),Барселона,1
13791,Токио (HND),Сеул (ICN),1
29955,Токио (HND),Сеул (ICN),1
38209,Краснодар,Сочи,1
27624,New York,Los Angeles,1
11348,Сингапур (SIN),Бали (DPS),1
22342,Новосибирск,Горно-Алтайск,1
28561,Chicago,Miami,1
31824,Париж (CDG),Рим (FCO),1
15595,Rome,Milan,2
37845,Краснодар,Сочи,2
27302,Новосибирск,Горно-Алтайск,2
25636,Москва,Санкт-Петербург,1
40542,Берлин (BER),Амстердам (AMS),1
16787,Екатеринбург,Казань,3
2706,Токио (HND),Сеул (ICN),1
22692,New York,Los Angeles,1
43547,Стамбул (IST),Афины (ATH),2
24010,Мадрид (MAD),Барселона,1
18781,Сингапур (SIN),Бали (DPS),1
38332,New York,Los Angeles,1
45502,Стамбул (IST),Афины (ATH),1
6422,Мюнхен,Вена,1
22310,Токио (HND),Сеул (ICN),3
41164,Новосибирск,Горно-Алтайск,1
45141,New York,Los Angeles,1
26238,Стамбул (IST),Афины (ATH),2
46822,Chicago,Miami,1
32848,Paris,Lyon,3
19733,Берлин (BER),Амстердам (AMS),1
12342,Дубай (DXB),Бангкок (BKK),3
35837,Rome,Milan,1
9022,Токио (HND),Сеул (ICN),1
20608,Екатеринбург,Казань,1
45010,Chicago,Miami,1
48876,Новосибирск,Горно-Алтайск,2
2197,Chicago,Miami,1
27726,Дубай (DXB),Бангкок (BKK),2
48042,Лондон (LHR),Нью-Йорк (JFK),2
36219,Мюнхен,Вена,1
25092,New York,Los Angeles,2
7368,Москва,Санкт-Петербург,1
838,Сингапур (SIN),Бали (DPS),3
5969,Frankfurt,Hamburg,1
24394,Краснодар,Сочи,3
16664,Сингапур (SIN),Бали (DPS),1
21952,Токио (HND),Сеул (ICN),3
8106,Екатеринбург,Казань,1
49337,Мюнхен,Вена,1
38542,Сингапур (SIN),Бали (DPS),1
11148,Сингапур (SIN),Бали (DPS),2
3737,Москва,Санкт-Петербург,1
48374,Москва (SVO),Париж (CDG),2
13498,Дубай (DXB),Бангкок (BKK),1
3034,Краснодар,Сочи,1
30526,Paris,Lyon,2
46210,Сингапур (SIN),Бали (DPS),1
39788,Chicago,Miami,1
25143,Chicago,Miami,1
18514,London,Edinburgh,1
26926,Rome,Milan,3
12535,Новосибирск,Горно-Алтайск,1
4144,Стамбул (IST),Афины (ATH),1
16026,Сингапур (SIN),Бали (DPS),1
46107,Chicago,Miami,2
29423,Paris,Lyon,2
20546,Frankfurt,Hamburg,5
17163,Париж (CDG),Рим (FCO),1
8705,Токио (HND),Сеул (ICN),1
48048,Стамбул (IST),Афины (ATH),1
44391,Chicago,Miami,1
39595,Берлин (BER),Амстердам (AMS),1
8257,Мадрид (MAD),Барселона,1
28645,London,Edinburgh,1
44740,Chicago,Miami,2
27293,Москва,Санкт-Петербург,2
18785,Сингапур (SIN),Бали (DPS),1
5328,Берлин (BER),Амстердам (AMS),1
44090,Paris,Lyon,1
13866,Мюнхен,Вена,1
4906,Сингапур (SIN),Бали (DPS),1
3329,Новосибирск,Горно-Алтайск,1
36060,Мюнхен,Вена,3
31802,Новосибирск,Горно-Алтайск,1
1227,Москва,Санкт-Петербург,2
5462,Дубай (DXB),Бангкок (BKK),2
34377,Дубай (DXB),Бангкок (BKK),1
23551,Дубай (DXB),Бангкок (BKK),2
43728,New York,Los Angeles,1
32263,Стамбул (IST),Афины (ATH),1
35599,Москва,Санкт-Петербург,1
31491,Frankfurt,Hamburg,1
16538,Paris,Lyon,1
18090,Frankfurt,Hamburg,1
40945,Стамбул (IST),Афины (ATH),1
42440,Мюнхен,Вена,2
21836,Дубай (DXB),Бангкок (BKK),1
265,Париж (CDG),Рим (FCO),2
12303,New York,Los Angeles,2
31953,Новосибирск,Горно-Алтайск,2
40384,Paris,Lyon,2
36432,Мюнхен,Вена,1
30547,Москва,Санкт-Петербург,1
10925,Екатеринбург,Казань,1
30229,Новосибирск,Горно-Алтайск,1
37752,Rome,Milan,1
36079,Chicago,Miami,2
39486,Paris,Lyon,1
39201,Сингапур (SIN),Бали (DPS),2
49695,Париж (CDG),Рим (FCO),1
21759,Париж (CDG),Рим (FCO),1
29697,Сингапур (SIN),Бали (DPS),2
25817,Новосибирск,Горно-Алтайск,2
26667,Сингапур (SIN),Бали (DPS),1
28749,Новосибирск,Горно-Алтайск,2
39841,Москва,Санкт-Петербург,1
30407,Frankfurt,Hamburg,1
4260,New York,Los Angeles,1
47079,Rome,Milan,1
44706,Paris,Lyon,1
43370,Chicago,Miami,1
36436,Мюнхен,Вена,1
7163,Paris,Lyon,1
28325,Берлин (BER),Амстердам (AMS),2
25207,Сингапур (SIN),Бали (DPS),3
21911,London,Edinburgh,1
663,Москва,Санкт-Петербург,1
42234,Мюнхен,Вена,1
45975,Токио (HND),Сеул (ICN),1
25132,Мадрид (MAD),Барселона,2
23332,Frankfurt,Hamburg,2
37080,Сингапур (SIN),Бали (DPS),1
36981,Париж (CDG),Рим (FCO),1
37215,Paris,Lyon,1
30303,New York,Los Angeles,1
6512,Мадрид (MAD),Барселона,2
899,Краснодар,Сочи,1
48373,Москва (SVO),Париж (CDG),2
13091,Сингапур (SIN),Бали (DPS),2
1857,Лондон (LHR),Нью-Йорк (JFK),1
37840,Москва (SVO),Париж (CDG),1
47048,Мюнхен,Вена,2
34953,Москва (SVO),Париж (CDG),1
9628,Rome,Milan,1
46302,Мюнхен,Вена,1
9796,Новосибирск,Горно-Алтайск,1
25956,Екатеринбург,Казань,1
14842,Краснодар,Сочи,1
6056,Екатеринбург,Казань,1
41611,Краснодар,Сочи,2
7250,Москва (SVO),Париж (CDG),1
34343,Chicago,Miami,1
40248,Chicago,Miami,2
39508,Берлин (BER),Амстердам (AMS),1
48791,Мадрид (MAD),Барселона,2
22099,Стамбул (IST),Афины (ATH),2
41538,Париж (CDG),Рим (FCO),1
11301,Paris,Lyon,1
41932,Париж (CDG),Рим (FCO),1
28952,Екатеринбург,Казань,1
21605,New York,Los Angeles,1
27522,Paris,Lyon,1
23641,Chicago,Miami,1
4264,Краснодар,Сочи,1
22912,Paris,Lyon,1
29346,Дубай (DXB),Бангкок (BKK),1
3315,Frankfurt,Hamburg,1
10455,Chicago,Miami,1
42125,Chicago,Miami,2
38533,Париж (CDG),Рим (FCO),1
6804,Париж (CDG),Рим (FCO),2
8341,Париж (CDG),Рим (FCO),1
26985,Краснодар,Сочи,1
34259,Мадрид (MAD),Барселона,1
17778,London,Edinburgh,2
998,Лондон (LHR),Нью-Йорк (JFK),1
45370,Москва (SVO),Париж (CDG),1
45915,Frankfurt,Hamburg,1
13442,Стамбул (IST),Афины (ATH),1
37870,Токио (HND),Сеул (ICN),1
23760,Сингапур (SIN),Бали (DPS),1
16297,Новосибирск,Горно-Алтайск,1
35952,Paris,Lyon,1
12294,Мадрид (MAD),Барселона,2
38016,Екатеринбург,Казань,1
14269,Екатеринбург,Казань,1
7827,Chicago,Miami,2
42422,Дубай (DXB),Бангкок (BKK),2
24340,Париж (CDG),Рим (FCO),1
19298,Лондон (LHR),Нью-Йорк (JFK),1
11947,Токио (HND),Сеул (ICN),1
16827,London,Edinburgh,1
30656,Лондон (LHR),Нью-Йорк (JFK),1
4794,Москва (SVO),Париж (CDG),1
32699,Мюнхен,Вена,1
21950,Екатеринбург,Казань,1
15012,Мадрид (MAD),Барселона,2
36138,Париж (CDG),Рим (FCO),1
37572,Frankfurt,Hamburg,1
29192,Берлин (BER),Амстердам (AMS),1
21210,Мадрид (MAD),Барселона,2
1483,Новосибирск,Горно-Алтайск,1
36835,Chicago,Miami,1
10469,Новосибирск,Горно-Алтайск,1
10199,Новосибирск,Горно-Алтайск,1
37717,Rome,Milan,1
2731,Париж (CDG),Рим (FCO),1
37992,Chicago,Miami,1
47745,Paris,Lyon,1
27291,Екатеринбург,Казань,1
9133,Стамбул (IST),Афины (ATH),1
24556,New York,Los Angeles,1
21380,Париж (CDG),Рим (FCO),1
42406,Paris,Lyon,2
4956,Токио (HND),Сеул (ICN),3
44908,Москва,Санкт-Петербург,1
35278,Краснодар,Сочи,1
14756,Сингапур (SIN),Бали (DPS),1
9934,Токио (HND),Сеул (ICN),1
46219,Новосибирск,Горно-Алтайск,1
6138,Paris,Lyon,1
21935,New York,Los Angeles,2
26721,Сингапур (SIN),Бали (DPS),1
15381,Paris,Lyon,1
21076,Москва (SVO),Париж (CDG),1
20268,Токио (HND),Сеул (ICN),1
21432,Сингапур (SIN),Бали (DPS),1
19389,Сингапур (SIN),Бали (DPS),1
11592,Paris,Lyon,1
20865,Стамбул (IST),Афины (ATH),2
38076,New York,Los Angeles,1
32212,Стамбул (IST),Афины (ATH),1
47073,Мюнхен,Вена,2
22989,Стамбул (IST),Афины (ATH),2
28704,London,Edinburgh,1
20930,Новосибирск,Горно-Алтайск,2
44781,Frankfurt,Hamburg,1
46905,Chicago,Miami,2
48889,Мадрид (MAD),Барселона,1
40477,Париж (CDG),Рим (FCO),1
8037,Дубай (DXB),Бангкок (BKK),1
32978,Сингапур (SIN),Бали (DPS),1
8986,Rome,Milan,1
41475,Мюнхен,Вена,1
15381,Стамбул (IST),Афины (ATH),2
925,Екатеринбург,Казань,2
11542,Мюнхен,Вена,2
15792,Сингапур (SIN),Бали (DPS),1
25963,Paris,Lyon,2
2954,Мадрид (MAD),Барселона,3
42909,Мадрид (MAD),Барселона,1
8649,Новосибирск,Горно-Алтайск,2
22438,Chicago,Miami,2
39319,Rome,Milan,2
44431,Мюнхен,Вена,1
19688,Берлин (BER),Амстердам (AMS),1
6922,Екатеринбург,Казань,4
36850,London,Edinburgh,2
29013,London,Edinburgh,1
38090,Москва,Санкт-Петербург,1
18317,Берлин (BER),Амстердам (AMS),2
24914,Frankfurt,Hamburg,1
42619,Paris,Lyon,3
36048,London,Edinburgh,3
3430,Москва (SVO),Париж (CDG),2
15306,Краснодар,Сочи,2
41215,London,Edinburgh,1
48242,Сингапур (SIN),Бали (DPS),3
39770,New York,Los Angeles,1
16120,Краснодар,Сочи,1
39796,Frankfurt,Hamburg,1
46112,Москва,Санкт-Петербург,1
12196,Chicago,Miami,1
3707,Мюнхен,Вена,1
18678,Мюнхен,Вена,1
16561,Москва,Санкт-Петербург,1
36245,Москва (SVO),Париж (CDG),2
1947,Стамбул (IST),Афины (ATH),1
17073,Москва,Санкт-Петербург,1
26761,Берлин (BER),Амстердам (AMS),1
5494,Москва (SVO),Париж (CDG),1
14529,Дубай (DXB),Бангкок (BKK),1
4946,London,Edinburgh,1
45750,Paris,Lyon,2
23495,Париж (CDG),Рим (FCO),2
21214,Frankfurt,Hamburg,1
8514,Лондон (LHR),Нью-Йорк (JFK),2
18065,Краснодар,Сочи,1
15173,Мюнхен,Вена,1
46679,Стамбул (IST),Афины (ATH),1
36371,Rome,Milan,1
30815,Мюнхен,Вена,2
9626,Новосибирск,Горно-Алтайск,1
25546,Мадрид (MAD),Барселона,1
20388,Токио (HND),Сеул (ICN),1
34214,New York,Los Angeles,1
38619,Мадрид (MAD),Барселона,1
33536,London,Edinburgh,2
16479,Мюнхен,Вена,2
45436,Токио (HND),Сеул (ICN),1
47402,Мюнхен,Вена,2
20322,Токио (HND),Сеул (ICN),2
45217,Лондон (LHR),Нью-Йорк (JFK),2
35979,Дубай (DXB),Бангкок (BKK),1
223,Москва (SVO),Париж (CDG),1
20422,Мадрид (MAD),Барселона,1
33610,Сингапур (SIN),Бали (DPS),2
13317,Париж (CDG),Рим (FCO),1
5252,Сингапур (SIN),Бали (DPS),1
28575,Дубай (DXB),Бангкок (BKK),1
9910,London,Edinburgh,2
38059,Лондон (LHR),Нью-Йорк (JFK),1
28821,Токио (HND),Сеул (ICN),1
25187,Берлин (BER),Амстердам (AMS),1
9898,New York,Los Angeles,1
1761,Дубай (DXB),Бангкок (BKK),1
31670,New York,Los Angeles,2
47335,Frankfurt,Hamburg,1
28017,Paris,Lyon,2
20952,Краснодар,Сочи,2
40489,Токио (HND),Сеул (ICN),2
39653,Берлин (BER),Амстердам (AMS),1
16591,Frankfurt,Hamburg,1
12776,Frankfurt,Hamburg,3
17809,Москва (SVO),Париж (CDG),1
35133,London,Edinburgh,1
33838,Дубай (DXB),Бангкок (BKK),1
21746,London,Edinburgh,2
15925,Frankfurt,Hamburg,1
9477,Токио (HND),Сеул (ICN),2
23401,Frankfurt,Hamburg,1
15525,Токио (HND),Сеул (ICN),2
7056,Дубай (DXB),Бангкок (BKK),1
6388,Краснодар,Сочи,2
12773,Стамбул (IST),Афины (ATH),1
33655,Лондон (LHR),Нью-Йорк (JFK),1
505,New York,Los Angeles,2
34449,Берлин (BER),Амстердам (AMS),1
18168,Краснодар,Сочи,1
26845,Мюнхен,Вена,2
23697,Rome,Milan,2
45231,Москва (SVO),Париж (CDG),1
61,Лондон (LHR),Нью-Йорк (JFK),2
22494,Rome,Milan,1
3038,Мюнхен,Вена,1
19085,Париж (CDG),Рим (FCO),2
12880,Екатеринбург,Казань,1
39129,Сингапур (SIN),Бали (DPS),3
13911,Мюнхен,Вена,2
30672,Краснодар,Сочи,1
32542,London,Edinburgh,1
32918,Сингапур (SIN),Бали (DPS),1
47983,Москва (SVO),Париж (CDG),1
31498,London,Edinburgh,1
10860,Rome,Milan,1
20631,Мюнхен,Вена,1
25227,Мюнхен,Вена,1
21373,Мюнхен,Вена,1
1742,Мюнхен,Вена,1
11705,London,Edinburgh,2
23862,Сингапур (SIN),Бали (DPS),1
34168,Берлин (BER),Амстердам (AMS),1
5708,Берлин (BER),Амстердам (AMS),3
41107,Лондон (LHR),Нью-Йорк (JFK),1
41804,Мюнхен,Вена,1
45231,London,Edinburgh,2
46198,Париж (CDG),Рим (FCO),3
28802,Краснодар,Сочи,2
28194,Chicago,Miami,1
44472,Сингапур (SIN),Бали (DPS),1
11710,Стамбул (IST),Афины (ATH),2
49986,Мюнхен,Вена,1
6682,Стамбул (IST),Афины (ATH),1
4323,Берлин (BER),Амстердам (AMS),1
31664,Frankfurt,Hamburg,3
17100,London,Edinburgh,1
38799,Токио (HND),Сеул (ICN),2
39918,London,Edinburgh,1
12497,Paris,Lyon,1
11077,Краснодар,Сочи,1
42904,Chicago,Miami,1
43135,Берлин (BER),Амстердам (AMS),1
14757,Лондон (LHR),Нью-Йорк (JFK),1
3045,Токио (HND),Сеул (ICN),2
36889,Paris,Lyon,1
35327,Лондон (LHR),Нью-Йорк (JFK),1
22811,Берлин (BER),Амстердам (AMS),1
39977,Лондон (LHR),Нью-Йорк (JFK),1
34483,Новосибирск,Горно-Алтайск,2
24707,Rome,Milan,1
5608,Chicago,Miami,1
19002,Лондон (LHR),Нью-Йорк (JFK),1
45822,Мадрид (MAD),Барселона,1
36977,Стамбул (IST),Афины (ATH),2
43574,Мадрид (MAD),Барселона,1
30899,Москва,Санкт-Петербург,2
49801,Париж (CDG),Рим (FCO),1
30257,Rome,Milan,2
15248,Москва,Санкт-Петербург,2
15080,Москва (SVO),Париж (CDG),1
43980,Стамбул (IST),Афины (ATH),1
19809,Стамбул (IST),Афины (ATH),1
33665,Новосибирск,Горно-Алтайск,2
10269,London,Edinburgh,3
38044,Paris,Lyon,1
42450,Сингапур (SIN),Бали (DPS),1
46981,Rome,Milan,1
27000,Сингапур (SIN),Бали (DPS),1
43247,London,Edinburgh,2
3722,Токио (HND),Сеул (ICN),1
15351,New York,Los Angeles,1
46579,Мюнхен,Вена,1
20911,Берлин (BER),Амстердам (AMS),1
49485,Сингапур (SIN),Бали (DPS),2
30682,Лондон (LHR),Нью-Йорк (JFK),2
18082,Rome,Milan,1
30756,Стамбул (IST),Афины (ATH),2
45637,Chicago,Miami,1
13710,Rome,Milan,3
30922,Лондон (LHR),Нью-Йорк (JFK),1
6296,Париж (CDG),Рим (FCO),1
28335,Сингапур (SIN),Бали (DPS),1
24870,Мюнхен,Вена,2
19309,London,Edinburgh,2
19890,London,Edinburgh,1
8880,Мадрид (MAD),Барселона,1
12329,Екатеринбург,Казань,1
12413,Paris,Lyon,1
21867,Новосибирск,Горно-Алтайск,1
20053,Москва (SVO),Париж (CDG),2
20557,Лондон (LHR),Нью-Йорк (JFK),1
15995,Chicago,Miami,1
23303,London,Edinburgh,1
25652,Москва (SVO),Париж (CDG),1
47067,Москва,Санкт-Петербург,1
41701,Frankfurt,Hamburg,1
24004,Токио (HND),Сеул (ICN),2
34694,Лондон (LHR),Нью-Йорк (JFK),1
6332,Rome,Milan,2
7924,Стамбул (IST),Афины (ATH),2
38201,Мадрид (MAD),Барселона,1
25705,Сингапур (SIN),Бали (DPS),2
1736,Москва,Санкт-Петербург,1
2567,Новосибирск,Горно-Алтайск,1
34817,Москва,Санкт-Петербург,1
37563,London,Edinburgh,1
8781,Rome,Milan,1
48868,Лондон (LHR),Нью-Йорк (JFK),2
26201,Берлин (BER),Амстердам (AMS),1
14027,Frankfurt,Hamburg,1
12750,Дубай (DXB),Бангкок (BKK),2
3662,Стамбул (IST),Афины (ATH),2
38214,Берлин (BER),Амстердам (AMS),2
24573,Берлин (BER),Амстердам (AMS),2
45623,Краснодар,Сочи,2
14291,Rome,Milan,1
10741,Новосибирск,Горно-Алтайск,1
10267,Сингапур (SIN),Бали (DPS),1
10137,New York,Los Angeles,1
10684,Rome,Milan,2
34216,Москва (SVO),Париж (CDG),1
31582,Москва (SVO),Париж (CDG),3
36,Краснодар,Сочи,3
30925,Новосибирск,Горно-Алтайск,1
11977,Новосибирск,Горно-Алтайск,2
16410,Мадрид (MAD),Барселона,2
27591,Москва,Санкт-Петербург,2
49902,Лондон (LHR),Нью-Йорк (JFK),2
27447,New York,Los Angeles,2
16813,Мюнхен,Вена,1
44363,Frankfurt,Hamburg,2
4944,Москва (SVO),Париж (CDG),1
41667,Москва,Санкт-Петербург,2
39187,London,Edinburgh,1
24287,Берлин (BER),Амстердам (AMS),1
9055,Москва,Санкт-Петербург,1
10705,Москва,Санкт-Петербург,1
27476,Москва,Санкт-Петербург,1
8501,Новосибирск,Горно-Алтайск,1
45131,Мюнхен,Вена,2
39124,Сингапур (SIN),Бали (DPS),1
5856,Екатеринбург,Казань,1
21093,New York,Los Angeles,1
36296,Берлин (BER),Амстердам (AMS),1
27396,Москва (SVO),Париж (CDG),2
19134,Екатеринбург,Казань,1
20133,Сингапур (SIN),Бали (DPS),1
17045,Берлин (BER),Амстердам (AMS),1
11643,Дубай (DXB),Бангкок (BKK),1
25692,Берлин (BER),Амстердам (AMS),2
12995,Париж (CDG),Рим (FCO),1
11586,Екатеринбург,Казань,1
47424,Париж (CDG),Рим (FCO),2
44573,Сингапур (SIN),Бали (DPS),1
14638,Frankfurt,Hamburg,1
13619,Краснодар,Сочи,3
3668,London,Edinburgh,1
11301,New York,Los Angeles,2
43206,Frankfurt,Hamburg,1
6612,Мадрид (MAD),Барселона,1
33418,London,Edinburgh,1
41849,Москва (SVO),Париж (CDG),1
1711,Мадрид (MAD),Барселона,1
44397,Стамбул (IST),Афины (ATH),3
10953,London,Edinburgh,1
21339,Краснодар,Сочи,1
10801,Москва,Санкт-Петербург,1
16769,London,Edinburgh,1
20745,Мадрид (MAD),Барселона,2
20114,Москва (SVO),Париж (CDG),1
45611,Москва (SVO),Париж (CDG),1
5632,Париж (CDG),Рим (FCO),1
8038,Токио (HND),Сеул (ICN),2
32817,Екатеринбург,Казань,1
15223,Стамбул (IST),Афины (ATH),1
42626,Мадрид (MAD),Барселона,1
27824,Мадрид (MAD),Барселона,1
15186,Краснодар,Сочи,1
44401,Chicago,Miami,2
46340,Екатеринбург,Казань,1
43048,Стамбул (IST),Афины (ATH),1
42840,Дубай (DXB),Бангкок (BKK),1
49099,Краснодар,Сочи,1
21804,Frankfurt,Hamburg,1
10968,Париж (CDG),Рим (FCO),1
1121,London,Edinburgh,1
22134,Стамбул (IST),Афины (ATH),1
13911,Rome,Milan,3
18292,Екатеринбург,Казань,1
14385,Дубай (DXB),Бангкок (BKK),1
48148,Новосибирск,Горно-Алтайск,1
17212,Москва (SVO),Париж (CDG),2
24372,Chicago,Miami,1
23265,Paris,Lyon,2
18045,Краснодар,Сочи,1
24521,Сингапур (SIN),Бали (DPS),1
43877,Frankfurt,Hamburg,1
41162,Москва,Санкт-Петербург,1
169,Москва (SVO),Париж (CDG),1
35819,Frankfurt,Hamburg,1
21331,Chicago,Miami,1
21447,Мадрид (MAD),Барселона,1
7379,Берлин (BER),Амстердам (AMS),1
25719,London,Edinburgh,1
44396,Токио (HND),Сеул (ICN),1
46486,New York,Los Angeles,1
15324,Мюнхен,Вена,2
2149,Краснодар,Сочи,1
17903,Новосибирск,Горно-Алтайск,1
11642,Paris,Lyon,2
24340,London,Edinburgh,2
48697,Краснодар,Сочи,1
12438,Дубай (DXB),Бангкок (BKK),2
37017,New York,Los Angeles,1
40914,Новосибирск,Горно-Алтайск,2
1967,Стамбул (IST),Афины (ATH),3
43250,Париж (CDG),Рим (FCO),2
47892,Frankfurt,Hamburg,1
12633,Москва (SVO),Париж (CDG),2
45738,London,Edinburgh,1
33536,Paris,Lyon,3
48000,Стамбул (IST),Афины (ATH),2
20533,Chicago,Miami,3
21179,London,Edinburgh,1
37601,Paris,Lyon,1
30783,Берлин (BER),Амстердам (AMS),1
11965,Лондон (LHR),Нью-Йорк (JFK),1
23099,Мюнхен,Вена,2
46699,London,Edinburgh,1
27941,Стамбул (IST),Афины (ATH),1
10652,Берлин (BER),Амстердам (AMS),1
47681,Стамбул (IST),Афины (ATH),1
46989,Москва,Санкт-Петербург,1
12256,Берлин (BER),Амстердам (AMS),2
26957,Лондон (LHR),Нью-Йорк (JFK),1
39917,Москва,Санкт-Петербург,3
22390,Мюнхен,Вена,1
42780,New York,Los Angeles,3
49561,Мюнхен,Вена,1
32358,New York,Los Angeles,1
20506,Новосибирск,Горно-Алтайск,2
14274,Frankfurt,Hamburg,1
25667,Париж (CDG),Рим (FCO),1
42401,Москва (SVO),Париж (CDG),3
22884,London,Edinburgh,3
44467,Мюнхен,Вена,1
10135,Frankfurt,Hamburg,1
816,Frankfurt,Hamburg,1
21912,Сингапур (SIN),Бали (DPS),2
16609,Новосибирск,Горно-Алтайск,1
8542,Chicago,Miami,2
46395,Токио (HND),Сеул (ICN),1
20131,London,Edinburgh,2
8919,Мадрид (MAD),Барселона,3
25945,Новосибирск,Горно-Алтайск,1
1211,Дубай (DXB),Бангкок (BKK),1
49158,Мюнхен,Вена,1
36678,Москва (SVO),Париж (CDG),2
24724,London,Edinburgh,1
22311,Краснодар,Сочи,1
7039,Мюнхен,Вена,1
25625,Лондон (LHR),Нью-Йорк (JFK),1
39121,Rome,Milan,1
39181,Chicago,Miami,2
16471,Москва,Санкт-Петербург,1
22509,Дубай (DXB),Бангкок (BKK),1
3151,Краснодар,Сочи,1
223,Москва,Санкт-Петербург,2
36668,Париж (CDG),Рим (FCO),1
2679,Екатеринбург,Казань,1
6273,Chicago,Miami,2
9374,Париж (CDG),Рим (FCO),1
10933,Новосибирск,Горно-Алтайск,3
3693,Chicago,Miami,1
40364,Лондон (LHR),Нью-Йорк (JFK),2
49286,Москва (SVO),Париж (CDG),1
48432,Мюнхен,Вена,1
1426,Берлин (BER),Амстердам (AMS),1
44795,Москва (SVO),Париж (CDG),2
15022,Москва (SVO),Париж (CDG),2
25594,Rome,Milan,2
25995,Стамбул (IST),Афины (ATH),1
41239,Новосибирск,Горно-Алтайск,1
12250,Chicago,Miami,1
25252,Мюнхен,Вена,2
20496,Frankfurt,Hamburg,1
6022,Токио (HND),Сеул (ICN),1
21159,Париж (CDG),Рим (FCO),1
811,Париж (CDG),Рим (FCO),1
8186,Chicago,Miami,1
34669,Мадрид (MAD),Барселона,1
36331,Сингапур (SIN),Бали (DPS),3
15451,Лондон (LHR),Нью-Йорк (JFK),1
36666,Rome,Milan,1
48883,Екатеринбург,Казань,1
15825,New York,Los Angeles,2
44455,London,Edinburgh,3
43938,Париж (CDG),Рим (FCO),1
17876,Екатеринбург,Казань,1
43545,Стамбул (IST),Афины (ATH),1
48667,Лондон (LHR),Нью-Йорк (JFK),1
2123,Дубай (DXB),Бангкок (BKK),2
11471,Екатеринбург,Казань,1
27180,Краснодар,Сочи,2
21187,Мюнхен,Вена,2
1000,Frankfurt,Hamburg,1
46735,New York,Los Angeles,1
681,Москва (SVO),Париж (CDG),2
10161,Мадрид (MAD),Барселона,1
22548,Москва,Санкт-Петербург,1
26845,Токио (HND),Сеул (ICN),3
40333,Chicago,Miami,2
21020,Новосибирск,Горно-Алтайск,2
43902,Краснодар,Сочи,1
21656,London,Edinburgh,1
35789,Мюнхен,Вена,1
1704,Лондон (LHR),Нью-Йорк (JFK),1
20042,Новосибирск,Горно-Алтайск,4
46680,Frankfurt,Hamburg,1
1743,Сингапур (SIN),Бали (DPS),1
7930,Мюнхен,Вена,1
4061,Сингапур (SIN),Бали (DPS),1
23718,Париж (CDG),Рим (FCO),1
33297,Paris,Lyon,1
34011,Лондон (LHR),Нью-Йорк (JFK),2
14946,Rome,Milan,2
36878,Дубай (DXB),Бангкок (BKK),1
47188,London,Edinburgh,3
6426,Мадрид (MAD),Барселона,2
11942,Мадрид (MAD),Барселона,2
6653,Сингапур (SIN),Бали (DPS),1
6758,Мадрид (MAD),Барселона,1
13948,Париж (CDG),Рим (FCO),1
46593,Лондон (LHR),Нью-Йорк (JFK),1
41018,Мюнхен,Вена,3
12292,Rome,Milan,2
7877,Екатеринбург,Казань,1
12485,Москва (SVO),Париж (CDG),1
22528,Новосибирск,Горно-Алтайск,2
48387,Париж (CDG),Рим (FCO),1
8624,Екатеринбург,Казань,1
34324,London,Edinburgh,2
10511,Москва (SVO),Париж (CDG),1
19418,Париж (CDG),Рим (FCO),1
38163,Екатеринбург,Казань,1
2653,Новосибирск,Горно-Алтайск,2
4275,London,Edinburgh,1
5695,Берлин (BER),Амстердам (AMS),2
45943,Краснодар,Сочи,2
41797,Москва,Санкт-Петербург,1
3141,Rome,Milan,1
16820,Мюнхен,Вена,1
20592,Краснодар,Сочи,2
16938,Стамбул (IST),Афины (ATH),1
13433,Стамбул (IST),Афины (ATH),1
12345,Москва (SVO),Париж (CDG),1
30542,Краснодар,Сочи,1
29575,Краснодар,Сочи,1
41447,Лондон (LHR),Нью-Йорк (JFK),2
21296,Екатеринбург,Казань,1
32104,London,Edinburgh,1
16704,Париж (CDG),Рим (FCO),1
48933,Краснодар,Сочи,1
47709,Новосибирск,Горно-Алтайск,1
26632,Лондон (LHR),Нью-Йорк (JFK),1
7559,Берлин (BER),Амстердам (AMS),2
33647,Париж (CDG),Рим (FCO),1
45457,Париж (CDG),Рим (FCO),1
33859,Лондон (LHR),Нью-Йорк (JFK),1
17389,Paris,Lyon,1
41511,London,Edinburgh,2
22783,Frankfurt,Hamburg,1
33473,Стамбул (IST),Афины (ATH),4
25683,Екатеринбург,Казань,1
31536,Москва,Санкт-Петербург,1
29483,Лондон (LHR),Нью-Йорк (JFK),1
10143,Paris,Lyon,3
48108,Москва,Санкт-Петербург,1
49383,Екатеринбург,Казань,2
15380,Chicago,Miami,2
18732,Мюнхен,Вена,3
24568,Токио (HND),Сеул (ICN),2
49637,Москва,Санкт-Петербург,1
28357,Лондон (LHR),Нью-Йорк (JFK),1
2913,New York,Los Angeles,1
35252,Мюнхен,Вена,3
31508,Мюнхен,Вена,1
19611,Мадрид (MAD),Барселона,3
13560,Новосибирск,Горно-Алтайск,2
139,Стамбул (IST),Афины (ATH),1
4037,Chicago,Miami,2
5671,Лондон (LHR),Нью-Йорк (JFK),1
17636,Сингапур (SIN),Бали (DPS),1
27615,Мадрид (MAD),Барселона,1
8882,Токио (HND),Сеул (ICN),1
44798,New York,Los Angeles,1
6455,Chicago,Miami,1
5340,Стамбул (IST),Афины (ATH),1
31101,Chicago,Miami,2
34,Chicago,Miami,1
25795,Frankfurt,Hamburg,1
15825,Мадрид (MAD),Барселона,3
29414,Краснодар,Сочи,1
22325,Париж (CDG),Рим (FCO),2
41298,Paris,Lyon,1
13017,Rome,Milan,2
39320,Chicago,Miami,1
29533,Москва,Санкт-Петербург,2
5531,Берлин (BER),Амстердам (AMS),2
39154,Москва (SVO),Париж (CDG),2
8618,Токио (HND),Сеул (ICN),2
37741,Frankfurt,Hamburg,1
45063,Rome,Milan,1
31815,London,Edinburgh,1
13143,Дубай (DXB),Бангкок (BKK),2
40235,Лондон (LHR),Нью-Йорк (JFK),1
22951,London,Edinburgh,1
23017,London,Edinburgh,1
13177,New York,Los Angeles,1
41296,Мадрид (MAD),Барселона,1
13171,Париж (CDG),Рим (FCO),1
48562,Москва,Санкт-Петербург,1
34633,Москва (SVO),Париж (CDG),1
21550,Новосибирск,Горно-Алтайск,1
33711,Екатеринбург,Казань,2
48973,Мюнхен,Вена,2
19269,Мюнхен,Вена,2
26693,Берлин (BER),Амстердам (AMS),2
6793,Paris,Lyon,1
20433,Rome,Milan,2
42920,Берлин (BER),Амстердам (AMS),2
11652,Москва,Санкт-Петербург,1
277,Chicago,Miami,2
31934,Новосибирск,Горно-Алтайск,2
34050,Москва (SVO),Париж (CDG),2
40421,Екатеринбург,Казань,1
29309,Дубай (DXB),Бангкок (BKK),1
7691,Chicago,Miami,2
677,Мюнхен,Вена,1
17830,Москва,Санкт-Петербург,1
38799,New York,Los Angeles,3
4750,London,Edinburgh,1
3043,Frankfurt,Hamburg,1
32339,Chicago,Miami,2
35578,Париж (CDG),Рим (FCO),2
21022,Стамбул (IST),Афины (ATH),1
28938,Мадрид (MAD),Барселона,2
12839,Москва (SVO),Париж (CDG),1
34967,Париж (CDG),Рим (FCO),1
41481,Дубай (DXB),Бангкок (BKK),1
39884,London,Edinburgh,1
7715,Москва,Санкт-Петербург,2
41301,Мадрид (MAD),Барселона,1
24587,Краснодар,Сочи,1
5440,Дубай (DXB),Бангкок (BKK),3
26872,Chicago,Miami,1
1035,Париж (CDG),Рим (FCO),1
10877,Frankfurt,Hamburg,2
38894,London,Edinburgh,2
30258,Екатеринбург,Казань,1
31071,Берлин (BER),Амстердам (AMS),1
15933,Новосибирск,Горно-Алтайск,2
11661,Краснодар,Сочи,1
33285,Сингапур (SIN),Бали (DPS),2
47787,Сингапур (SIN),Бали (DPS),1
14731,Берлин (BER),Амстердам (AMS),1
29134,Frankfurt,Hamburg,1
39104,Берлин (BER),Амстердам (AMS),1
8532,Новосибирск,Горно-Алтайск,1
39685,Сингапур (SIN),Бали (DPS),2
49316,Frankfurt,Hamburg,2
9904,New York,Los Angeles,1
31552,Rome,Milan,1
1226,Сингапур (SIN),Бали (DPS),1
34720,Новосибирск,Горно-Алтайск,2
5171,Chicago,Miami,1
27176,Лондон (LHR),Нью-Йорк (JFK),1
39244,London,Edinburgh,1
12355,Екатеринбург,Казань,2
25792,Москва (SVO),Париж (CDG),1
45676,Мюнхен,Вена,1
10975,Мадрид (MAD),Барселона,1
28219,Краснодар,Сочи,1
8076,Paris,Lyon,1
11992,Chicago,Miami,1
49554,Мадрид (MAD),Барселона,1
43770,Сингапур (SIN),Бали (DPS),1
11628,Мюнхен,Вена,2
49229,Paris,Lyon,1
6696,Новосибирск,Горно-Алтайск,1
19510,Мюнхен,Вена,1
2926,Лондон (LHR),Нью-Йорк (JFK),1
11552,Москва,Санкт-Петербург,1
18278,Москва (SVO),Париж (CDG),1
14766,Токио (HND),Сеул (ICN),1
17588,Frankfurt,Hamburg,1
46011,Стамбул (IST),Афины (ATH),1
21573,Краснодар,Сочи,1
16265,Дубай (DXB),Бангкок (BKK),1
35054,Екатеринбург,Казань,1
165,Екатеринбург,Казань,2
25982,Frankfurt,Hamburg,1
9171,London,Edinburgh,2
5683,Екатеринбург,Казань,1
11651,Москва (SVO),Париж (CDG),1
41425,Москва,Санкт-Петербург,2
38092,Лондон (LHR),Нью-Йорк (JFK),1
16944,Берлин (BER),Амстердам (AMS),2
40235,Frankfurt,Hamburg,2
20031,Новосибирск,Горно-Алтайск,1
17937,Стамбул (IST),Афины (ATH),1
18560,Дубай (DXB),Бангкок (BKK),1
45916,Берлин (BER),Амстердам (AMS),1
14042,Frankfurt,Hamburg,1
1200,Мадрид (MAD),Барселона,2
15406,London,Edinburgh,1
9728,Берлин (BER),Амстердам (AMS),2
1592,Frankfurt,Hamburg,1
43790,New York,Los Angeles,3
10930,Москва (SVO),Париж (CDG),1
48545,Paris,Lyon,1
31288,Екатеринбург,Казань,1
39053,Лондон (LHR),Нью-Йорк (JFK),1
19622,Мадрид (MAD),Барселона,2
24925,New York,Los Angeles,1
28791,Frankfurt,Hamburg,1
34959,Новосибирск,Горно-Алтайск,2
35770,Краснодар,Сочи,2
27216,Chicago,Miami,1
32578,Стамбул (IST),Афины (ATH),2
35652,Rome,Milan,3
43282,Токио (HND),Сеул (ICN),1
36527,Париж (CDG),Рим (FCO),1
29387,New York,Los Angeles,1
29166,Chicago,Miami,1
11054,Берлин (BER),Амстердам (AMS),1
29372,Rome,Milan,1
36917,Chicago,Miami,2
37708,Стамбул (IST),Афины (ATH),1
4892,London,Edinburgh,1
42523,Frankfurt,Hamburg,1
49494,Frankfurt,Hamburg,2
30072,Токио (HND),Сеул (ICN),1
18488,Chicago,Miami,1
12389,Дубай (DXB),Бангкок (BKK),2
40971,Сингапур (SIN),Бали (DPS),1
33788,Москва,Санкт-Петербург,2
43229,Париж (CDG),Рим (FCO),1
34057,Москва (SVO),Париж (CDG),1
7377,Мюнхен,Вена,2
238,New York,Los Angeles,2
24058,Paris,Lyon,1
32717,Chicago,Miami,1
43290,Frankfurt,Hamburg,1
47816,Frankfurt,Hamburg,1
9918,Краснодар,Сочи,2
20051,Новосибирск,Горно-Алтайск,1
18627,Москва,Санкт-Петербург,1
31662,Берлин (BER),Амстердам (AMS),2
14452,Мадрид (MAD),Барселона,2
22180,Мадрид (MAD),Барселона,1
30116,Chicago,Miami,1
35063,Rome,Milan,1
25095,Paris,Lyon,1
23040,Мадрид (MAD),Барселона,1
1746,Москва (SVO),Париж (CDG),1
36500,Rome,Milan,2
7409,Новосибирск,Горно-Алтайск,1
13836,Краснодар,Сочи,1
28585,Лондон (LHR),Нью-Йорк (JFK),1
9286,Сингапур (SIN),Бали (DPS),1
19016,Мадрид (MAD),Барселона,2
7340,Париж (CDG),Рим (FCO),1
33768,New York,Los Angeles,1
26233,Chicago,Miami,1
13355,Rome,Milan,2
2681,Chicago,Miami,1
40988,Rome,Milan,3
4284,Токио (HND),Сеул (ICN),1
17546,London,Edinburgh,2
11269,Rome,Milan,3
27019,New York,Los Angeles,1
25962,Лондон (LHR),Нью-Йорк (JFK),2
9243,Токио (HND),Сеул (ICN),2
13813,Сингапур (SIN),Бали (DPS),1
4935,Токио (HND),Сеул (ICN),1
23602,Лондон (LHR),Нью-Йорк (JFK),2
17827,Сингапур (SIN),Бали (DPS),1
3271,Rome,Milan,1
31569,London,Edinburgh,2
2746,Берлин (BER),Амстердам (AMS),1
41376,Екатеринбург,Казань,1
43187,Лондон (LHR),Нью-Йорк (JFK),1
46458,Москва,Санкт-Петербург,1
24086,New York,Los Angeles,2
19971,Лондон (LHR),Нью-Йорк (JFK),1
27353,Rome,Milan,1
38162,Мадрид (MAD),Барселона,1
14824,Chicago,Miami,1
4506,Мадрид (MAD),Барселона,1
27539,Лондон (LHR),Нью-Йорк (JFK),1
14721,Екатеринбург,Казань,1
6903,Paris,Lyon,2
19453,Лондон (LHR),Нью-Йорк (JFK),1
33091,Мадрид (MAD),Барселона,2
5938,Краснодар,Сочи,1
10635,Екатеринбург,Казань,1
21765,Сингапур (SIN),Бали (DPS),1
32335,Chicago,Miami,1
37364,Дубай (DXB),Бангкок (BKK),1
30668,Москва,Санкт-Петербург,1
2479,Сингапур (SIN),Бали (DPS),1
42667,Сингапур (SIN),Бали (DPS),1
14602,Rome,Milan,2
17252,Сингапур (SIN),Бали (DPS),1
19630,Краснодар,Сочи,1
23064,Paris,Lyon,1
42606,Paris,Lyon,1
22250,Мадрид (MAD),Барселона,1
5170,Москва,Санкт-Петербург,4
28078,Мюнхен,Вена,1
762,Chicago,Miami,3
46265,Мюнхен,Вена,1
39577,Chicago,Miami,1
7031,Мадрид (MAD),Барселона,2
2523,Frankfurt,Hamburg,1
11322,Rome,Milan,3
48592,New York,Los Angeles,2
28912,Frankfurt,Hamburg,3
37402,Стамбул (IST),Афины (ATH),2
48832,Париж (CDG),Рим (FCO),1
4212,London,Edinburgh,1
12848,Дубай (DXB),Бангкок (BKK),1
33146,Сингапур (SIN),Бали (DPS),3
21911,London,Edinburgh,2
8674,Москва,Санкт-Петербург,1
2883,Rome,Milan,1
45122,Стамбул (IST),Афины (ATH),1
23953,Екатеринбург,Казань,1
1523,Париж (CDG),Рим (FCO),2
47681,Мюнхен,Вена,2
28039,Paris,Lyon,2
6565,Дубай (DXB),Бангкок (BKK),1
19775,Rome,Milan,2
13191,Дубай (DXB),Бангкок (BKK),1
33398,Екатеринбург,Казань,2
15435,Екатеринбург,Казань,1
10340,Париж (CDG),Рим (FCO),1
9160,Мадрид (MAD),Барселона,1
37299,Chicago,Miami,1
42261,Берлин (BER),Амстердам (AMS),2
42079,Мадрид (MAD),Барселона,1
39268,New York,Los Angeles,1
31414,Краснодар,Сочи,3
12421,Дубай (DXB),Бангкок (BKK),1
13797,Париж (CDG),Рим (FCO),1
46674,Москва (SVO),Париж (CDG),1
2087,Paris,Lyon,1
1364,Екатеринбург,Казань,1
22833,Париж (CDG),Рим (FCO),1
40202,Мюнхен,Вена,2
11218,Краснодар,Сочи,1
8587,Токио (HND),Сеул (ICN),1
24241,Frankfurt,Hamburg,1
24671,Москва,Санкт-Петербург,1
4516,Paris,Lyon,1
20141,Paris,Lyon,1
47284,Москва,Санкт-Петербург,1
47359,Frankfurt,Hamburg,2
19874,Chicago,Miami,1
342,London,Edinburgh,1
5094,Chicago,Miami,1
38130,Париж (CDG),Рим (FCO),1
20799,Мюнхен,Вена,1
47136,Chicago,Miami,1
29078,Москва,Санкт-Петербург,1
23178,Лондон (LHR),Нью-Йорк (JFK),2
31616,Краснодар,Сочи,1
23625,Лондон (LHR),Нью-Йорк (JFK),1
16353,Мюнхен,Вена,1
21315,Берлин (BER),Амстердам (AMS),3
14990,Дубай (DXB),Бангкок (BKK),3
2192,Краснодар,Сочи,2
4318,Paris,Lyon,1
43590,Токио (HND),Сеул (ICN),2
36739,Токио (HND),Сеул (ICN),2
34921,Сингапур (SIN),Бали (DPS),1
36977,Екатеринбург,Казань,3
41887,New York,Los Angeles,2
8036,Токио (HND),Сеул (ICN),1
45119,Rome,Milan,1
9051,London,Edinburgh,2
5536,Дубай (DXB),Бангкок (BKK),1
21381,Chicago,Miami,1
2913,Париж (CDG),Рим (FCO),2
7966,Дубай (DXB),Бангкок (BKK),1
19746,Сингапур (SIN),Бали (DPS),1
14074,Chicago,Miami,1
15391,Frankfurt,Hamburg,1
32295,Москва (SVO),Париж (CDG),1
22009,Новосибирск,Горно-Алтайск,1
13293,Лондон (LHR),Нью-Йорк (JFK),1
36668,Екатеринбург,Казань,2
43176,New York,Los Angeles,2
26426,Дубай (DXB),Бангкок (BKK),1
34330,Лондон (LHR),Нью-Йорк (JFK),2
364,Frankfurt,Hamburg,2
37872,New York,Los Angeles,2
28278,Токио (HND),Сеул (ICN),1
49465,Paris,Lyon,1
7417,Мюнхен,Вена,2
24111,Мадрид (MAD),Барселона,1
13489,Мюнхен,Вена,3
13867,Москва,Санкт-Петербург,1
4652,Мадрид (MAD),Барселона,2
32997,New York,Los Angeles,1
26787,Москва (SVO),Париж (CDG),1
3562,Rome,Milan,1
130,Париж (CDG),Рим (FCO),1
30952,London,Edinburgh,1
16027,Frankfurt,Hamburg,2
26506,Frankfurt,Hamburg,2
23525,Москва (SVO),Париж (CDG),1
11677,Дубай (DXB),Бангкок (BKK),2
27167,Мюнхен,Вена,1
45068,Дубай (DXB),Бангкок (BKK),1
32807,Сингапур (SIN),Бали (DPS),1
22656,Краснодар,Сочи,1
23602,New York,Los Angeles,3
739,Берлин (BER),Амстердам (AMS),2
18181,London,Edinburgh,1
31405,Frankfurt,Hamburg,2
11624,Лондон (LHR),Нью-Йорк (JFK),1
21279,Лондон (LHR),Нью-Йорк (JFK),1
1239,Мюнхен,Вена,1
38696,Токио (HND),Сеул (ICN),1
46861,Москва (SVO),Париж (CDG),1
43967,Мадрид (MAD),Барселона,1
3413,Paris,Lyon,1
21595,Новосибирск,Горно-Алтайск,1
13802,Стамбул (IST),Афины (ATH),1
30366,New York,Los Angeles,1
41881,Москва,Санкт-Петербург,1
39698,Москва,Санкт-Петербург,2
44977,Frankfurt,Hamburg,1
20701,Дубай (DXB),Бангкок (BKK),1
47175,Paris,Lyon,1
49423,Мадрид (MAD),Барселона,1
39373,London,Edinburgh,1
14361,Paris,Lyon,3
30539,London,Edinburgh,1
14794,Frankfurt,Hamburg,2
12815,Стамбул (IST),Афины (ATH),2
14273,Стамбул (IST),Афины (ATH),1
11771,New York,Los Angeles,2
24168,Париж (CDG),Рим (FCO),2
24110,Сингапур (SIN),Бали (DPS),3
545,New York,Los Angeles,2
39911,Екатеринбург,Казань,1
17799,Москва,Санкт-Петербург,1
24071,Дубай (DXB),Бангкок (BKK),1
13771,Chicago,Miami,1
27264,Москва (SVO),Париж (CDG),1
785,Новосибирск,Горно-Алтайск,1
18515,New York,Los Angeles,3
26472,Rome,Milan,2
13054,Мюнхен,Вена,1
18248,Сингапур (SIN),Бали (DPS),1
2503,Мадрид (MAD),Барселона,1
13104,Лондон (LHR),Нью-Йорк (JFK),1
15724,Москва,Санкт-Петербург,2
40384,Новосибирск,Горно-Алтайск,3
41912,New York,Los Angeles,2
8192,Дубай (DXB),Бангкок (BKK),1
2509,Дубай (DXB),Бангкок (BKK),1
27429,Краснодар,Сочи,1
40944,Chicago,Miami,1
26033,Frankfurt,Hamburg,3
47022,London,Edinburgh,3
41668,Новосибирск,Горно-Алтайск,1
10740,Мадрид (MAD),Барселона,1
13673,Париж (CDG),Рим (FCO),1
37054,Мюнхен,Вена,1
12865,Новосибирск,Горно-Алтайск,1
21314,Берлин (BER),Амстердам (AMS),1
33271,Краснодар,Сочи,2
48046,Мадрид (MAD),Барселона,1
45035,Стамбул (IST),Афины (ATH),1
9764,Москва (SVO),Париж (CDG),2
40579,London,Edinburgh,2
41858,Сингапур (SIN),Бали (DPS),2
35110,Мадрид (MAD),Барселона,2
24810,Сингапур (SIN),Бали (DPS),3
49673,Мюнхен,Вена,1
32075,Стамбул (IST),Афины (ATH),1
47574,Новосибирск,Горно-Алтайск,2
48396,Лондон (LHR),Нью-Йорк (JFK),2
4406,Paris,Lyon,2
4806,Екатеринбург,Казань,1
11825,Токио (HND),Сеул (ICN),1
34140,Краснодар,Сочи,2
40851,Стамбул (IST),Афины (ATH),1
22558,Paris,Lyon,2
27887,London,Edinburgh,1
16798,New York,Los Angeles,2
44233,Chicago,Miami,3
19940,Москва (SVO),Париж (CDG),3
28199,Токио (HND),Сеул (ICN),1
3220,London,Edinburgh,3
33271,Париж (CDG),Рим (FCO),3
39595,Краснодар,Сочи,2
16263,Chicago,Miami,1
49069,Мадрид (MAD),Барселона,1
45879,Москва,Санкт-Петербург,1
2811,Берлин (BER),Амстердам (AMS),1
14461,Paris,Lyon,1
18043,Новосибирск,Горно-Алтайск,2
38916,Новосибирск,Горно-Алтайск,1
37867,Мюнхен,Вена,1
13658,London,Edinburgh,1
48924,London,Edinburgh,1
20178,Мюнхен,Вена,2
13116,Frankfurt,Hamburg,1
12435,Мадрид (MAD),Барселона,2
8775,London,Edinburgh,1
17554,Мадрид (MAD),Барселона,2
36746,Москва,Санкт-Петербург,1
18063,Лондон (LHR),Нью-Йорк (JFK),1
17298,Мадрид (MAD),Барселона,1
45679,Новосибирск,Горно-Алтайск,1
13982,Стамбул (IST),Афины (ATH),2
16327,Екатеринбург,Казань,1
10440,Екатеринбург,Казань,1
8633,Сингапур (SIN),Бали (DPS),2
20474,Дубай (DXB),Бангкок (BKK),2
41469,Москва,Санкт-Петербург,2
21829,Берлин (BER),Амстердам (AMS),2
6514,Париж (CDG),Рим (FCO),1
21682,Chicago,Miami,1
7834,Токио (HND),Сеул (ICN),1
10694,Мюнхен,Вена,1
30506,Москва,Санкт-Петербург,1
23011,Дубай (DXB),Бангкок (BKK),1
36978,Chicago,Miami,3
6325,Мадрид (MAD),Барселона,1
14156,Париж (CDG),Рим (FCO),2
35034,Frankfurt,Hamburg,1
1650,Москва (SVO),Париж (CDG),1
2707,New York,Los Angeles,3
13146,Мюнхен,Вена,2
32696,Новосибирск,Горно-Алтайск,1
42837,Париж (CDG),Рим (FCO),1
13467,Дубай (DXB),Бангкок (BKK),1
49065,Paris,Lyon,2
2570,Токио (HND),Сеул (ICN),1
10970,Мадрид (MAD),Барселона,1
40646,Лондон (LHR),Нью-Йорк (JFK),1
34619,Frankfurt,Hamburg,1
48562,Paris,Lyon,2
10494,Токио (HND),Сеул (ICN),2
37991,Paris,Lyon,2
6012,London,Edinburgh,2
36115,Москва (SVO),Париж (CDG),2
9528,London,Edinburgh,1
22669,Rome,Milan,2
33955,Новосибирск,Горно-Алтайск,1
23421,Краснодар,Сочи,1
25435,Екатеринбург,Казань,2
10154,Париж (CDG),Рим (FCO),1
2824,Мадрид (MAD),Барселона,1
34897,Мюнхен,Вена,1
14651,Мадрид (MAD),Барселона,1
42185,Стамбул (IST),Афины (ATH),1
29162,Токио (HND),Сеул (ICN),1
22650,Мюнхен,Вена,2
31969,Москва,Санкт-Петербург,1
27178,Chicago,Miami,1
46334,Paris,Lyon,2
44574,Сингапур (SIN),Бали (DPS),2
32150,Стамбул (IST),Афины (ATH),2
49055,Rome,Milan,2
1219,Лондон (LHR),Нью-Йорк (JFK),1
41118,Стамбул (IST),Афины (ATH),1
27856,Токио (HND),Сеул (ICN),1
38034,New York,Los Angeles,1
45241,Берлин (BER),Амстердам (AMS),2
26925,Дубай (DXB),Бангкок (BKK),1
30151,Стамбул (IST),Афины (ATH),2
21604,Стамбул (IST),Афины (ATH),1
47730,Париж (CDG),Рим (FCO),2
2095,Chicago,Miami,2
14166,Frankfurt,Hamburg,1
39324,Мадрид (MAD),Барселона,1
530,Москва (SVO),Париж (CDG),2
14345,Rome,Milan,3
34553,Rome,Milan,1
31694,Дубай (DXB),Бангкок (BKK),1
8117,Новосибирск,Горно-Алтайск,1
29322,Екатеринбург,Казань,1
35460,Мюнхен,Вена,1
12093,New York,Los Angeles,1
24449,Москва,Санкт-Петербург,1
37797,Париж (CDG),Рим (FCO),2
40852,Сингапур (SIN),Бали (DPS),1
5412,Екатеринбург,Казань,1
38431,Париж (CDG),Рим (FCO),1
42536,Новосибирск,Горно-Алтайск,1
48762,Сингапур (SIN),Бали (DPS),1
39045,Мюнхен,Вена,1
25332,Берлин (BER),Амстердам (AMS),1
34728,New York,Los Angeles,2
4529,Берлин (BER),Амстердам (AMS),1
37853,Москва (SVO),Париж (CDG),1
42822,Дубай (DXB),Бангкок (BKK),2
21759,Краснодар,Сочи,2
26802,Мюнхен,Вена,1
49805,Дубай (DXB),Бангкок (BKK),2
2942,London,Edinburgh,1
33898,Краснодар,Сочи,2
9617,Екатеринбург,Казань,2
10229,Rome,Milan,2
32578,Екатеринбург,Казань,3
13811,Rome,Milan,1
36648,Стамбул (IST),Афины (ATH),1
42656,New York,Los Angeles,2
32880,Мюнхен,Вена,1
29009,Стамбул (IST),Афины (ATH),1
31007,Мадрид (MAD),Барселона,1
14626,Paris,Lyon,3
36424,New York,Los Angeles,1
16935,Лондон (LHR),Нью-Йорк (JFK),1
30290,Frankfurt,Hamburg,2
28351,London,Edinburgh,1
17397,Лондон (LHR),Нью-Йорк (JFK),3
322,Paris,Lyon,1
27181,Москва,Санкт-Петербург,2
24380,Токио (HND),Сеул (ICN),1
20003,Берлин (BER),Амстердам (AMS),2
19033,Москва,Санкт-Петербург,1
30479,Москва,Санкт-Петербург,2
33832,Токио (HND),Сеул (ICN),1
12275,Краснодар,Сочи,1
39421,Мюнхен,Вена,1
5571,Новосибирск,Горно-Алтайск,2
21030,Стамбул (IST),Афины (ATH),1
40106,Chicago,Miami,2
5047,London,Edinburgh,1
39193,Paris,Lyon,2
24666,Frankfurt,Hamburg,1
22308,Токио (HND),Сеул (ICN),1
599,Краснодар,Сочи,1
43719,Москва,Санкт-Петербург,1
14980,Новосибирск,Горно-Алтайск,1
42820,Rome,Milan,1
27024,Лондон (LHR),Нью-Йорк (JFK),1
47122,Сингапур (SIN),Бали (DPS),2
43120,Новосибирск,Горно-Алтайск,1
19243,Лондон (LHR),Нью-Йорк (JFK),1
22682,Екатеринбург,Казань,1
43490,Paris,Lyon,2
17888,Лондон (LHR),Нью-Йорк (JFK),1
43195,Стамбул (IST),Афины (ATH),2
48236,Rome,Milan,2
4796,Париж (CDG),Рим (FCO),1
45268,Мюнхен,Вена,1
46697,Paris,Lyon,1
38099,New York,Los Angeles,3
39850,Дубай (DXB),Бангкок (BKK),2
31791,Paris,Lyon,1
3170,Мюнхен,Вена,1
6224,Мадрид (MAD),Барселона,1
26299,Chicago,Miami,2
35011,Стамбул (IST),Афины (ATH),1
49331,Rome,Milan,3
28049,Екатеринбург,Казань,2
33480,Мадрид (MAD),Барселона,2
42771,Мюнхен,Вена,1
5125,Сингапур (SIN),Бали (DPS),1
34754,Берлин (BER),Амстердам (AMS),2
12660,London,Edinburgh,2
10795,Сингапур (SIN),Бали (DPS),2
25605,Екатеринбург,Казань,3
16534,Rome,Milan,2
27869,Екатеринбург,Казань,2
18483,Краснодар,Сочи,1
13772,Стамбул (IST),Афины (ATH),1
11765,Rome,Milan,1
19769,New York,Los Angeles,1
44976,Париж (CDG),Рим (FCO),1
18060,Мюнхен,Вена,1
24471,Москва,Санкт-Петербург,1
42832,Екатеринбург,Казань,1
29045,Новосибирск,Горно-Алтайск,2
10763,New York,Los Angeles,1
36605,Стамбул (IST),Афины (ATH),3
13844,Мадрид (MAD),Барселона,1
19629,Мюнхен,Вена,1
43814,Париж (CDG),Рим (FCO),1
20857,Мюнхен,Вена,1
40005,Берлин (BER),Амстердам (AMS),1
23575,Мюнхен,Вена,1
39626,Токио (HND),Сеул (ICN),1
23205,Новосибирск,Горно-Алтайск,1
47435,Краснодар,Сочи,2
796,Москва,Санкт-Петербург,2
14356,Берлин (BER),Амстердам (AMS),1
2061,Сингапур (SIN),Бали (DPS),1
21863,Париж (CDG),Рим (FCO),2
49174,Стамбул (IST),Афины (ATH),1
1484,Екатеринбург,Казань,2
23429,New York,Los Angeles,1
39838,Лондон (LHR),Нью-Йорк (JFK),1
31893,New York,Los Angeles,1
46220,Мадрид (MAD),Барселона,2
6714,London,Edinburgh,2
39143,Новосибирск,Горно-Алтайск,1
41234,Новосибирск,Горно-Алтайск,2
28396,Москва (SVO),Париж (CDG),3
12279,Сингапур (SIN),Бали (DPS),1
9256,Paris,Lyon,1
29816,Дубай (DXB),Бангкок (BKK),1
25255,Мюнхен,Вена,1
34280,Стамбул (IST),Афины (ATH),1
38299,Новосибирск,Горно-Алтайск,1
16781,Краснодар,Сочи,1
34898,Токио (HND),Сеул (ICN),1
41083,Париж (CDG),Рим (FCO),1
18279,Екатеринбург,Казань,1
33034,London,Edinburgh,1
25524,Стамбул (IST),Афины (ATH),1
4589,Chicago,Miami,1
21945,Стамбул (IST),Афины (ATH),2
7797,Токио (HND),Сеул (ICN),1
24136,Дубай (DXB),Бангкок (BKK),1
1627,Париж (CDG),Рим (FCO),1
39310,Париж (CDG),Рим (FCO),1
46166,Краснодар,Сочи,1
23299,Москва,Санкт-Петербург,1
12527,Токио (HND),Сеул (ICN),2
13430,Мюнхен,Вена,2
36758,Новосибирск,Горно-Алтайск,2
36383,Новосибирск,Горно-Алтайск,1
4724,Мюнхен,Вена,1
41603,Rome,Milan,2
8882,Paris,Lyon,2
28333,Новосибирск,Горно-Алтайск,1
10066,Frankfurt,Hamburg,1
31349,New York,Los Angeles,1
21903,Париж (CDG),Рим (FCO),1
9461,Мадрид (MAD),Барселона,4
8850,Мюнхен,Вена,1
4991,Дубай (DXB),Бангкок (BKK),1
1824,New York,Los Angeles,1
28573,Москва,Санкт-Петербург,2
41144,Chicago,Miami,1
9801,Лондон (LHR),Нью-Йорк (JFK),1
12294,Сингапур (SIN),Бали (DPS),3
35791,New York,Los Angeles,2
1482,Москва (SVO),Париж (CDG),1
5935,Москва,Санкт-Петербург,3
21418,Берлин (BER),Амстердам (AMS),1
10906,Москва,Санкт-Петербург,1
14960,Париж (CDG),Рим (FCO),2
39879,Екатеринбург,Казань,1
15616,Екатеринбург,Казань,1
40941,Paris,Lyon,1
17660,Краснодар,Сочи,1
24692,Лондон (LHR),Нью-Йорк (JFK),1
5114,Лондон (LHR),Нью-Йорк (JFK),1
31016,Париж (CDG),Рим (FCO),3
12231,Краснодар,Сочи,1
49679,Стамбул (IST),Афины (ATH),1
46597,New York,Los Angeles,1
36763,Rome,Milan,1
22307,London,Edinburgh,3
1074,Краснодар,Сочи,1
32374,Chicago,Miami,2
32413,Chicago,Miami,1
2933,Chicago,Miami,2
35360,Москва,Санкт-Петербург,2
27615,Берлин (BER),Амстердам (AMS),2
7365,Paris,Lyon,2
37191,Chicago,Miami,1
17749,Екатеринбург,Казань,1
44198,Париж (CDG),Рим (FCO),1
36182,Chicago,Miami,1
12959,Мадрид (MAD),Барселона,2
43612,Краснодар,Сочи,1
43676,Лондон (LHR),Нью-Йорк (JFK),1
36352,Мюнхен,Вена,2
45297,Париж (CDG),Рим (FCO),1
16586,Дубай (DXB),Бангкок (BKK),1
49027,Новосибирск,Горно-Алтайск,1
41163,Chicago,Miami,2
12292,Chicago,Miami,3
12073,Paris,Lyon,1
19196,Мюнхен,Вена,1
22574,Дубай (DXB),Бангкок (BKK),1
16169,Frankfurt,Hamburg,1
49482,Париж (CDG),Рим (FCO),1
31137,Лондон (LHR),Нью-Йорк (JFK),1
24784,Екатеринбург,Казань,1
10391,Краснодар,Сочи,1
42091,Сингапур (SIN),Бали (DPS),4
38734,Мюнхен,Вена,1
29015,Лондон (LHR),Нью-Йорк (JFK),1
24224,Москва,Санкт-Петербург,2
7153,Краснодар,Сочи,1
36341,Москва,Санкт-Петербург,2
22095,Мюнхен,Вена,1
30298,Мадрид (MAD),Барселона,1
448,London,Edinburgh,1
4392,Москва,Санкт-Петербург,1
34382,Лондон (LHR),Нью-Йорк (JFK),1
7353,Екатеринбург,Казань,1
33459,New York,Los Angeles,1
17614,Лондон (LHR),Нью-Йорк (JFK),3
12335,Берлин (BER),Амстердам (AMS),1
25779,Стамбул (IST),Афины (ATH),1
1036,Frankfurt,Hamburg,2
19960,Сингапур (SIN),Бали (DPS),2
21780,Chicago,Miami,1
15607,Москва,Санкт-Петербург,1
39952,Сингапур (SIN),Бали (DPS),2
5418,Мюнхен,Вена,1
46939,Берлин (BER),Амстердам (AMS),2
10449,Москва (SVO),Париж (CDG),3
40810,Стамбул (IST),Афины (ATH),2
2801,Москва (SVO),Париж (CDG),1
44360,Париж (CDG),Рим (FCO),1
2020,New York,Los Angeles,1
11153,Стамбул (IST),Афины (ATH),1
15246,Дубай (DXB),Бангкок (BKK),1
11142,Берлин (BER),Амстердам (AMS),2
35634,Мюнхен,Вена,2
244,Новосибирск,Горно-Алтайск,3
25465,Сингапур (SIN),Бали (DPS),1
137,Москва,Санкт-Петербург,1
19232,Токио (HND),Сеул (ICN),1
29962,Берлин (BER),Амстердам (AMS),1
32774,Краснодар,Сочи,1
35111,Мадрид (MAD),Барселона,4
8425,Москва (SVO),Париж (CDG),1
29679,Мюнхен,Вена,1
9857,Мюнхен,Вена,1
21070,Краснодар,Сочи,1
21019,Токио (HND),Сеул (ICN),1
18921,Paris,Lyon,1
39957,Москва,Санкт-Петербург,1
38659,Париж (CDG),Рим (FCO),1
7008,Сингапур (SIN),Бали (DPS),2
2159,Москва (SVO),Париж (CDG),1
8702,Токио (HND),Сеул (ICN),1
31559,Лондон (LHR),Нью-Йорк (JFK),1
23400,Москва,Санкт-Петербург,2
426,Paris,Lyon,2
33781,Frankfurt,Hamburg,1
48900,Краснодар,Сочи,1
38680,London,Edinburgh,4
6538,Стамбул (IST),Афины (ATH),2
43009,Стамбул (IST),Афины (ATH),2
6655,Москва (SVO),Париж (CDG),1
39156,Chicago,Miami,1
10688,Frankfurt,Hamburg,1
14047,Rome,Milan,1
17896,New York,Los Angeles,1
47084,New York,Los Angeles,1
48152,Frankfurt,Hamburg,3
42815,Москва (SVO),Париж (CDG),2
18101,Paris,Lyon,2
1332,Краснодар,Сочи,3
27936,Дубай (DXB),Бангкок (BKK),1
9093,Токио (HND),Сеул (ICN),1
32500,Дубай (DXB),Бангкок (BKK),2
16591,Rome,Milan,2
39516,Берлин (BER),Амстердам (AMS),1
49231,Токио (HND),Сеул (ICN),1
16920,Париж (CDG),Рим (FCO),2
17762,London,Edinburgh,2
20905,Лондон (LHR),Нью-Йорк (JFK),1
30152,Москва (SVO),Париж (CDG),1
14126,Сингапур (SIN),Бали (DPS),1
28123,Стамбул (IST),Афины (ATH),1
40423,Стамбул (IST),Афины (ATH),2
47786,Дубай (DXB),Бангкок (BKK),1
37083,Токио (HND),Сеул (ICN),2
38309,Rome,Milan,2
30006,Chicago,Miami,1
5732,Дубай (DXB),Бангкок (BKK),1
3999,Берлин (BER),Амстердам (AMS),1
30247,Frankfurt,Hamburg,2
22256,Мюнхен,Вена,1
38598,Стамбул (IST),Афины (ATH),1
15161,Мадрид (MAD),Барселона,1
18614,Париж (CDG),Рим (FCO),1
13113,London,Edinburgh,1
45247,Стамбул (IST),Афины (ATH),1
6207,Сингапур (SIN),Бали (DPS),1
428,Лондон (LHR),Нью-Йорк (JFK),1
19640,Париж (CDG),Рим (FCO),1
35702,Берлин (BER),Амстердам (AMS),1
14521,Новосибирск,Горно-Алтайск,1
49551,Frankfurt,Hamburg,2
46816,Frankfurt,Hamburg,1
16090,Rome,Milan,1
46715,Сингапур (SIN),Бали (DPS),1
27370,Париж (CDG),Рим (FCO),1
21129,Мюнхен,Вена,1
6508,Новосибирск,Горно-Алтайск,1
41362,Москва,Санкт-Петербург,1
17201,Paris,Lyon,2
43680,Москва,Санкт-Петербург,1
8771,Paris,Lyon,2
28085,Краснодар,Сочи,1
29024,Новосибирск,Горно-Алтайск,1
31358,Дубай (DXB),Бангкок (BKK),1
18951,Краснодар,Сочи,1
9402,Frankfurt,Hamburg,1
1053,Краснодар,Сочи,1
26537,Париж (CDG),Рим (FCO),1
19118,Екатеринбург,Казань,1
22420,Rome,Milan,1
35113,Сингапур (SIN),Бали (DPS),2
22813,Мюнхен,Вена,3
41395,Москва,Санкт-Петербург,1
27065,Москва (SVO),Париж (CDG),1
10989,Сингапур (SIN),Бали (DPS),2
45394,New York,Los Angeles,1
4575,Москва (SVO),Париж (CDG),1
551,Chicago,Miami,3
36870,Екатеринбург,Казань,2
22007,Москва,Санкт-Петербург,2
16779,New York,Los Angeles,1
757,Chicago,Miami,1
25233,Москва (SVO),Париж (CDG),2
3172,Rome,Milan,1
24982,Сингапур (SIN),Бали (DPS),1
20239,Frankfurt,Hamburg,1
10028,Мюнхен,Вена,2
5154,New York,Los Angeles,4
27800,Paris,Lyon,1
7584,Стамбул (IST),Афины (ATH),1
42910,Берлин (BER),Амстердам (AMS),1
44810,Краснодар,Сочи,1
607,Берлин (BER),Амстердам (AMS),2
49069,Стамбул (IST),Афины (ATH),2
17426,Стамбул (IST),Афины (ATH),2
8693,Мюнхен,Вена,1
28347,New York,Los Angeles,1
29911,Paris,Lyon,1
30724,Москва (SVO),Париж (CDG),1
6161,Paris,Lyon,2
41673,Краснодар,Сочи,1
18372,Chicago,Miami,1
21571,Chicago,Miami,2
32259,Chicago,Miami,1
48521,London,Edinburgh,1
37483,Новосибирск,Горно-Алтайск,1
46088,Берлин (BER),Амстердам (AMS),1
10945,Париж (CDG),Рим (FCO),2
3663,London,Edinburgh,3
38904,Chicago,Miami,1
17258,Paris,Lyon,2
29837,Новосибирск,Горно-Алтайск,1
19219,Лондон (LHR),Нью-Йорк (JFK),2
13333,Лондон (LHR),Нью-Йорк (JFK),2
8190,Екатеринбург,Казань,1
13246,Новосибирск,Горно-Алтайск,1
26772,Новосибирск,Горно-Алтайск,2
45631,Мюнхен,Вена,2
19756,Мюнхен,Вена,1
40366,Стамбул (IST),Афины (ATH),2
36958,Новосибирск,Горно-Алтайск,1
40339,Екатеринбург,Казань,1
32776,Екатеринбург,Казань,3
17915,Екатеринбург,Казань,1
48360,New York,Los Angeles,1
3422,Москва,Санкт-Петербург,2
49739,Rome,Milan,1
28546,Мадрид (MAD),Барселона,1
308,Стамбул (IST),Афины (ATH),1
15410,Rome,Milan,1
44999,Сингапур (SIN),Бали (DPS),1
5362,Москва (SVO),Париж (CDG),1
48324,Мадрид (MAD),Барселона,1
47761,New York,Los Angeles,1
13780,Новосибирск,Горно-Алтайск,1
42827,Сингапур (SIN),Бали (DPS),2
28093,Сингапур (SIN),Бали (DPS),1
39060,Дубай (DXB),Бангкок (BKK),1
13460,Rome,Milan,2
12525,Екатеринбург,Казань,1
35840,Москва (SVO),Париж (CDG),1
18491,Москва,Санкт-Петербург,1
26545,Paris,Lyon,1
32644,Мадрид (MAD),Барселона,1
10851,Rome,Milan,2
32214,New York,Los Angeles,1
681,Сингапур (SIN),Бали (DPS),3
9798,Сингапур (SIN),Бали (DPS),1
1493,Москва,Санкт-Петербург,1
7797,Сингапур (SIN),Бали (DPS),2
22407,New York,Los Angeles,1
40097,Chicago,Miami,2
41960,Frankfurt,Hamburg,2
4777,Сингапур (SIN),Бали (DPS),1
18848,Токио (HND),Сеул (ICN),3
10023,Frankfurt,Hamburg,1
37296,Лондон (LHR),Нью-Йорк (JFK),2
38573,Берлин (BER),Амстердам (AMS),1
40160,Paris,Lyon,1
19101,Москва (SVO),Париж (CDG),2
46374,Москва,Санкт-Петербург,2
41838,London,Edinburgh,1
39352,Москва,Санкт-Петербург,1
45009,Париж (CDG),Рим (FCO),1
7873,Frankfurt,Hamburg,2
979,Сингапур (SIN),Бали (DPS),1
4575,Екатеринбург,Казань,2
19479,London,Edinburgh,1
41493,Москва (SVO),Париж (CDG),1
3007,Лондон (LHR),Нью-Йорк (JFK),1
9242,Frankfurt,Hamburg,1
26397,Мадрид (MAD),Барселона,1
705,Берлин (BER),Амстердам (AMS),2
902,New York,Los Angeles,1
42544,Дубай (DXB),Бангкок (BKK),1
48424,New York,Los Angeles,2
21468,Краснодар,Сочи,1
34007,Берлин (BER),Амстердам (AMS),1
31691,Rome,Milan,2
4108,Мадрид (MAD),Барселона,1
24968,Новосибирск,Горно-Алтайск,2
44752,Стамбул (IST),Афины (ATH),1
31863,Токио (HND),Сеул (ICN),1
26897,Новосибирск,Горно-Алтайск,1
31152,Москва,Санкт-Петербург,2
39133,New York,Los Angeles,1
26832,New York,Los Angeles,1
16559,Paris,Lyon,1
43262,Мадрид (MAD),Барселона,1
22394,New York,Los Angeles,1
38410,Москва (SVO),Париж (CDG),2
34078,Дубай (DXB),Бангкок (BKK),1
9333,Москва (SVO),Париж (CDG),1
46200,Frankfurt,Hamburg,1
47172,Новосибирск,Горно-Алтайск,3
35529,Токио (HND),Сеул (ICN),2
25847,Стамбул (IST),Афины (ATH),1
41251,Париж (CDG),Рим (FCO),3
35054,Москва (SVO),Париж (CDG),2
4431,London,Edinburgh,1
48810,Chicago,Miami,1
24675,Краснодар,Сочи,1
11726,London,Edinburgh,1
9135,Сингапур (SIN),Бали (DPS),1
11316,Frankfurt,Hamburg,2
7364,Дубай (DXB),Бангкок (BKK),1
14344,Дубай (DXB),Бангкок (BKK),1
31745,Paris,Lyon,1
29573,Paris,Lyon,1
25551,Frankfurt,Hamburg,1
38547,Екатеринбург,Казань,2
18593,Новосибирск,Горно-Алтайск,2
10363,Frankfurt,Hamburg,1
1935,Стамбул (IST),Афины (ATH),1
9240,Новосибирск,Горно-Алтайск,2
44168,Берлин (BER),Амстердам (AMS),2
10040,Chicago,Miami,1
9007,New York,Los Angeles,1
12112,Сингапур (SIN),Бали (DPS),1
35966,Екатеринбург,Казань,1
14801,Стамбул (IST),Афины (ATH),1
40005,Дубай (DXB),Бангкок (BKK),2
40832,Москва,Санкт-Петербург,2
905,Chicago,Miami,2
27993,Париж (CDG),Рим (FCO),1
7873,Дубай (DXB),Бангкок (BKK),3
18455,Стамбул (IST),Афины (ATH),1
6358,Дубай (DXB),Бангкок (BKK),1
3433,Chicago,Miami,1
41709,Rome,Milan,1
2193,Новосибирск,Горно-Алтайск,2
7425,Chicago,Miami,2
48139,Екатеринбург,Казань,2
38803,Екатеринбург,Казань,1
39310,Мадрид (MAD),Барселона,2
1956,Берлин (BER),Амстердам (AMS),2
15904,Frankfurt,Hamburg,1
1523,Сингапур (SIN),Бали (DPS),3
15704,Paris,Lyon,1
23608,Москва,Санкт-Петербург,1
367,Краснодар,Сочи,1
17949,Frankfurt,Hamburg,1
49458,Париж (CDG),Рим (FCO),1
12893,Rome,Milan,2
33731,Москва (SVO),Париж (CDG),2
37035,Chicago,Miami,4
37995,Стамбул (IST),Афины (ATH),1
20406,Paris,Lyon,1
44057,Дубай (DXB),Бангкок (BKK),1
41650,Краснодар,Сочи,2
43592,Rome,Milan,2
342,Дубай (DXB),Бангкок (BKK),2
6065,Стамбул (IST),Афины (ATH),1
68,Дубай (DXB),Бангкок (BKK),1
44313,Rome,Milan,2
2949,Екатеринбург,Казань,1
5491,Екатеринбург,Казань,1
36441,Берлин (BER),Амстердам (AMS),1
40263,Rome,Milan,1
23625,Екатеринбург,Казань,2
44790,Лондон (LHR),Нью-Йорк (JFK),1
13525,Москва (SVO),Париж (CDG),2
5879,New York,Los Angeles,1
5534,Краснодар,Сочи,1
14729,Мадрид (MAD),Барселона,2
48041,Chicago,Miami,1
6251,Мюнхен,Вена,1
14111,Мадрид (MAD),Барселона,2
21542,Париж (CDG),Рим (FCO),1
29439,Мадрид (MAD),Барселона,2
25117,Токио (HND),Сеул (ICN),3
42046,Москва,Санкт-Петербург,1
12398,Лондон (LHR),Нью-Йорк (JFK),1
36885,Frankfurt,Hamburg,1
41341,Мадрид (MAD),Барселона,2
49345,Новосибирск,Горно-Алтайск,1
44282,Paris,Lyon,3
18197,Стамбул (IST),Афины (ATH),1
40445,Paris,Lyon,1
6363,Мадрид (MAD),Барселона,2
19226,Берлин (BER),Амстердам (AMS),2
31522,Москва (SVO),Париж (CDG),3
7548,New York,Los Angeles,1
35620,Дубай (DXB),Бангкок (BKK),2
16002,Париж (CDG),Рим (FCO),3
23199,Мадрид (MAD),Барселона,1
35750,Токио (HND),Сеул (ICN),1
22057,Берлин (BER),Амстердам (AMS),1
19345,Дубай (DXB),Бангкок (BKK),1
28834,Стамбул (IST),Афины (ATH),1
35694,Берлин (BER),Амстердам (AMS),1
43494,Дубай (DXB),Бангкок (BKK),3
13266,Rome,Milan,2
19742,Токио (HND),Сеул (ICN),1
37954,New York,Los Angeles,3
21492,Paris,Lyon,2
49050,Мюнхен,Вена,2
33537,Мадрид (MAD),Барселона,2
48640,Москва,Санкт-Петербург,1
18327,Москва (SVO),Париж (CDG),1
29797,Дубай (DXB),Бангкок (BKK),1
46451,Дубай (DXB),Бангкок (BKK),1
8151,Париж (CDG),Рим (FCO),1
44441,Rome,Milan,1
37884,Сингапур (SIN),Бали (DPS),2
32322,Берлин (BER),Амстердам (AMS),1
11429,Токио (HND),Сеул (ICN),2
44152,Токио (HND),Сеул (ICN),1
46274,Лондон (LHR),Нью-Йорк (JFK),1
48197,Chicago,Miami,1
27576,Дубай (DXB),Бангкок (BKK),1
11308,Токио (HND),Сеул (ICN),1
5539,Стамбул (IST),Афины (ATH),1
37191,Екатеринбург,Казань,2
49944,Новосибирск,Горно-Алтайск,1
284,Токио (HND),Сеул (ICN),1
20870,Краснодар,Сочи,2
34784,New York,Los Angeles,1
48368,New York,Los Angeles,2
31200,New York,Los Angeles,1
9725,Дубай (DXB),Бангкок (BKK),1
16994,Берлин (BER),Амстердам (AMS),2
16486,Москва (SVO),Париж (CDG),1
38475,Стамбул (IST),Афины (ATH),1
29306,Берлин (BER),Амстердам (AMS),1
1417,Токио (HND),Сеул (ICN),1
14247,Frankfurt,Hamburg,2
34519,Сингапур (SIN),Бали (DPS),1
2362,Москва (SVO),Париж (CDG),2
42906,Берлин (BER),Амстердам (AMS),1
18235,Сингапур (SIN),Бали (DPS),2
49179,Paris,Lyon,2
43343,Frankfurt,Hamburg,1
31273,Мюнхен,Вена,1
21870,London,Edinburgh,1
22229,Токио (HND),Сеул (ICN),2
23700,Мадрид (MAD),Барселона,3
40822,Москва,Санкт-Петербург,1
22736,Москва,Санкт-Петербург,2
17561,Париж (CDG),Рим (FCO),1
9714,Мюнхен,Вена,1
33815,Дубай (DXB),Бангкок (BKK),1
13027,Париж (CDG),Рим (FCO),1
44994,Екатеринбург,Казань,1
3501,Frankfurt,Hamburg,1
6774,New York,Los Angeles,1
5568,New York,Los Angeles,1
2792,London,Edinburgh,1
31686,Сингапур (SIN),Бали (DPS),2
47592,Москва,Санкт-Петербург,2
43314,Frankfurt,Hamburg,1
12333,Москва (SVO),Париж (CDG),1
47253,New York,Los Angeles,2
18812,Москва (SVO),Париж (CDG),1
15698,Стамбул (IST),Афины (ATH),1
48744,Берлин (BER),Амстердам (AMS),1
47366,Дубай (DXB),Бангкок (BKK),1
21322,Москва (SVO),Париж (CDG),1
12092,Токио (HND),Сеул (ICN),2
41762,London,Edinburgh,1
8701,Мюнхен,Вена,1
10306,Chicago,Miami,1
10302,Лондон (LHR),Нью-Йорк (JFK),1
14473,Краснодар,Сочи,1
9437,Стамбул (IST),Афины (ATH),1
36782,Токио (HND),Сеул (ICN),1
14574,Токио (HND),Сеул (ICN),2
38391,Краснодар,Сочи,1
14449,Мюнхен,Вена,2
41027,London,Edinburgh,1
9110,Сингапур (SIN),Бали (DPS),1
7182,Москва,Санкт-Петербург,1
4907,Rome,Milan,1
843,Rome,Milan,1
12265,Сингапур (SIN),Бали (DPS),1
48363,Екатеринбург,Казань,2
47565,Москва,Санкт-Петербург,1
29661,Мюнхен,Вена,1
37384,Краснодар,Сочи,2
27130,Мюнхен,Вена,2
5094,Париж (CDG),Рим (FCO),2
30191,New York,Los Angeles,3
16018,Екатеринбург,Казань,1
42336,Токио (HND),Сеул (ICN),1
791,Берлин (BER),Амстердам (AMS),1
13908,Rome,Milan,2
45149,Москва (SVO),Париж (CDG),2
7455,Лондон (LHR),Нью-Йорк (JFK),1
17906,Мадрид (MAD),Барселона,1
4224,Мюнхен,Вена,1
10780,Chicago,Miami,2
15225,Токио (HND),Сеул (ICN),1
47215,Токио (HND),Сеул (ICN),1
30017,Краснодар,Сочи,1
37313,Париж (CDG),Рим (FCO),1
44143,New York,Los Angeles,1
29641,Екатеринбург,Казань,1
29255,Дубай (DXB),Бангкок (BKK),2
11913,Лондон (LHR),Нью-Йорк (JFK),1
7764,Chicago,Miami,1
7477,Берлин (BER),Амстердам (AMS),1
3963,Мадрид (MAD),Барселона,1
36334,Дубай (DXB),Бангкок (BKK),1
29873,Москва (SVO),Париж (CDG),1
595,Мюнхен,Вена,1
37470,Лондон (LHR),Нью-Йорк (JFK),2
19704,Мадрид (MAD),Барселона,1
3683,Новосибирск,Горно-Алтайск,1
49701,Москва,Санкт-Петербург,1
11377,Сингапур (SIN),Бали (DPS),3
10785,Москва (SVO),Париж (CDG),1
6918,London,Edinburgh,1
42581,New York,Los Angeles,2
30675,Берлин (BER),Амстердам (AMS),1
44757,Берлин (BER),Амстердам (AMS),2
43276,Paris,Lyon,3
5162,Frankfurt,Hamburg,2
33009,Краснодар,Сочи,1
16254,Токио (HND),Сеул (ICN),1
8105,Москва,Санкт-Петербург,1
28456,New York,Los Angeles,1
14348,Rome,Milan,3
46190,Мадрид (MAD),Барселона,1
45643,Екатеринбург,Казань,3
14692,Екатеринбург,Казань,2
45187,Токио (HND),Сеул (ICN),2
20628,Rome,Milan,2
23746,Мадрид (MAD),Барселона,1
42545,Москва (SVO),Париж (CDG),2
48451,Париж (CDG),Рим (FCO),1
38238,Frankfurt,Hamburg,1
40993,Frankfurt,Hamburg,1
9927,Мадрид (MAD),Барселона,2
5272,Сингапур (SIN),Бали (DPS),1
18276,Frankfurt,Hamburg,2
11893,Краснодар,Сочи,1
36966,Стамбул (IST),Афины (ATH),1
12347,Москва,Санкт-Петербург,2
14294,Сингапур (SIN),Бали (DPS),2
8257,Сингапур (SIN),Бали (DPS),2
34145,Краснодар,Сочи,1
45772,Москва,Санкт-Петербург,2
37555,Стамбул (IST),Афины (ATH),1
11599,Краснодар,Сочи,1
31231,Frankfurt,Hamburg,1
9457,Москва (SVO),Париж (CDG),2
2782,Frankfurt,Hamburg,1
11669,Москва (SVO),Париж (CDG),1
18493,Лондон (LHR),Нью-Йорк (JFK),1
8272,Москва (SVO),Париж (CDG),1
17573,Новосибирск,Горно-Алтайск,2
37633,Лондон (LHR),Нью-Йорк (JFK),2
26593,Мадрид (MAD),Барселона,1
17723,Париж (CDG),Рим (FCO),1
9041,Токио (HND),Сеул (ICN),1
5090,Москва (SVO),Париж (CDG),1
16739,New York,Los Angeles,2
35672,London,Edinburgh,1
11228,Сингапур (SIN),Бали (DPS),2
43785,New York,Los Angeles,1
48582,Rome,Milan,1
35985,Новосибирск,Горно-Алтайск,1
5169,Токио (HND),Сеул (ICN),1
35407,Paris,Lyon,1
14502,Chicago,Miami,1
11565,Дубай (DXB),Бангкок (BKK),2
7822,Сингапур (SIN),Бали (DPS),1
11632,Токио (HND),Сеул (ICN),3
30112,Rome,Milan,1
12409,Новосибирск,Горно-Алтайск,1
46854,Токио (HND),Сеул (ICN),2
30938,Токио (HND),Сеул (ICN),1
15206,Париж (CDG),Рим (FCO),1
26068,London,Edinburgh,1
6339,Стамбул (IST),Афины (ATH),1
44163,Frankfurt,Hamburg,1
13824,Дубай (DXB),Бангкок (BKK),2
45145,Paris,Lyon,1
39492,Frankfurt,Hamburg,1
13920,Москва,Санкт-Петербург,1
15724,Токио (HND),Сеул (ICN),3
26134,Москва (SVO),Париж (CDG),3
20328,Frankfurt,Hamburg,1
2945,Frankfurt,Hamburg,1
33172,Екатеринбург,Казань,2
46290,Краснодар,Сочи,1
49430,Paris,Lyon,1
3793,Токио (HND),Сеул (ICN),2
40576,New York,Los Angeles,1
42214,Дубай (DXB),Бангкок (BKK),1
5080,Краснодар,Сочи,1
30545,New York,Los Angeles,1
25947,Берлин (BER),Амстердам (AMS),2
2809,Мюнхен,Вена,2
35776,Краснодар,Сочи,1
13171,Frankfurt,Hamburg,2
44030,Москва (SVO),Париж (CDG),2
13386,Екатеринбург,Казань,1
4922,Paris,Lyon,2
16653,Стамбул (IST),Афины (ATH),2
5605,Токио (HND),Сеул (ICN),1
13434,Мюнхен,Вена,1
26611,Дубай (DXB),Бангкок (BKK),2
43139,London,Edinburgh,1
25554,Краснодар,Сочи,1
20688,Берлин (BER),Амстердам (AMS),1
530,New York,Los Angeles,3
46621,Frankfurt,Hamburg,1
29952,Стамбул (IST),Афины (ATH),1
10105,Париж (CDG),Рим (FCO),1
2826,Берлин (BER),Амстердам (AMS),2
22441,Paris,Lyon,1
15568,New York,Los Angeles,1
13848,Москва (SVO),Париж (CDG),1
47066,Дубай (DXB),Бангкок (BKK),1
33010,Лондон (LHR),Нью-Йорк (JFK),1
5678,Стамбул (IST),Афины (ATH),1
34385,Мадрид (MAD),Барселона,1
15693,Париж (CDG),Рим (FCO),2
35916,Стамбул (IST),Афины (ATH),1
11302,Париж (CDG),Рим (FCO),2
14519,London,Edinburgh,2
40301,Париж (CDG),Рим (FCO),1
42360,Paris,Lyon,2
14472,Лондон (LHR),Нью-Йорк (JFK),1
33454,Сингапур (SIN),Бали (DPS),2
22807,Paris,Lyon,3
18376,London,Edinburgh,1
45152,Мадрид (MAD),Барселона,2
32952,New York,Los Angeles,2
15746,Frankfurt,Hamburg,1
26809,Москва (SVO),Париж (CDG),2
30025,Москва,Санкт-Петербург,2
41027,Париж (CDG),Рим (FCO),2
19012,Мюнхен,Вена,3
14863,Мадрид (MAD),Барселона,2
30571,Сингапур (SIN),Бали (DPS),3
29533,Мюнхен,Вена,3
70,Мюнхен,Вена,1
31819,Paris,Lyon,1
43671,Paris,Lyon,1
34645,Chicago,Miami,1
7645,Мюнхен,Вена,1
46996,Токио (HND),Сеул (ICN),2
12928,Краснодар,Сочи,2
24108,Chicago,Miami,2
29966,Москва,Санкт-Петербург,2
4530,Мадрид (MAD),Барселона,2
14683,Краснодар,Сочи,1
40864,London,Edinburgh,2
23649,Берлин (BER),Амстердам (AMS),1
2794,Мадрид (MAD),Барселона,1
4774,Екатеринбург,Казань,2
36209,New York,Los Angeles,1
10446,New York,Los Angeles,3
47602,Москва (SVO),Париж (CDG),1
25840,Chicago,Miami,1
40571,Сингапур (SIN),Бали (DPS),1
11014,London,Edinburgh,1
32986,Chicago,Miami,1
35609,Берлин (BER),Амстердам (AMS),1
36991,Новосибирск,Горно-Алтайск,2
9085,Мадрид (MAD),Барселона,2
30015,Новосибирск,Горно-Алтайск,1
48248,London,Edinburgh,2
5059,Frankfurt,Hamburg,1
44211,Лондон (LHR),Нью-Йорк (JFK),1
29897,New York,Los Angeles,3
47879,Париж (CDG),Рим (FCO),1
31340,Rome,Milan,2
28796,Париж (CDG),Рим (FCO),2
24035,Париж (CDG),Рим (FCO),1
26828,Новосибирск,Горно-Алтайск,1
44218,Paris,Lyon,1
6317,Токио (HND),Сеул (ICN),1
16824,Paris,Lyon,1
33151,Rome,Milan,2
28077,Берлин (BER),Амстердам (AMS),2
39584,Берлин (BER),Амстердам (AMS),1
38896,Мюнхен,Вена,2
27855,Лондон (LHR),Нью-Йорк (JFK),2
842,Париж (CDG),Рим (FCO),1
24296,Стамбул (IST),Афины (ATH),2
7008,Новосибирск,Горно-Алтайск,3
41851,Лондон (LHR),Нью-Йорк (JFK),1
290,Frankfurt,Hamburg,3
44013,Лондон (LHR),Нью-Йорк (JFK),1
38181,Краснодар,Сочи,1
27965,London,Edinburgh,1
26274,Сингапур (SIN),Бали (DPS),1
3083,Сингапур (SIN),Бали (DPS),2
26358,New York,Los Angeles,1
26553,Paris,Lyon,2
27167,Новосибирск,Горно-Алтайск,2
20509,Сингапур (SIN),Бали (DPS),1
23182,Chicago,Miami,1
33182,Париж (CDG),Рим (FCO),2
41830,Екатеринбург,Казань,2
47514,Екатеринбург,Казань,1
14397,Екатеринбург,Казань,1
2492,Chicago,Miami,2
13699,Москва,Санкт-Петербург,1
14951,Paris,Lyon,1
20146,Стамбул (IST),Афины (ATH),1
15945,Токио (HND),Сеул (ICN),1
2454,Москва,Санкт-Петербург,1
38862,New York,Los Angeles,1
45572,Берлин (BER),Амстердам (AMS),1
25178,Новосибирск,Горно-Алтайск,1
2199,Екатеринбург,Казань,1
16079,Токио (HND),Сеул (ICN),1
7007,Париж (CDG),Рим (FCO),2
34011,Лондон (LHR),Нью-Йорк (JFK),3
31309,Frankfurt,Hamburg,1
28384,Rome,Milan,1
41996,Берлин (BER),Амстердам (AMS),1
27520,Лондон (LHR),Нью-Йорк (JFK),1
29321,Екатеринбург,Казань,1
3376,Париж (CDG),Рим (FCO),1
40513,Париж (CDG),Рим (FCO),2
32031,Париж (CDG),Рим (FCO),1
37700,Frankfurt,Hamburg,1
28067,Краснодар,Сочи,1
31934,Paris,Lyon,3
2189,Paris,Lyon,1
8022,Дубай (DXB),Бангкок (BKK),4
10758,Краснодар,Сочи,1
39259,Москва,Санкт-Петербург,2
47472,Москва (SVO),Париж (CDG),1
25124,Париж (CDG),Рим (FCO),2
35472,Москва,Санкт-Петербург,1
33751,Стамбул (IST),Афины (ATH),1
24849,New York,Los Angeles,1
36347,New York,Los Angeles,1
41625,Сингапур (SIN),Бали (DPS),1
5022,Rome,Milan,1
15290,Москва (SVO),Париж (CDG),1
10932,Берлин (BER),Амстердам (AMS),1
6851,Краснодар,Сочи,2
26836,Paris,Lyon,1
24284,Екатеринбург,Казань,1
30981,Мадрид (MAD),Барселона,2
39842,Токио (HND),Сеул (ICN),2
18936,Краснодар,Сочи,3
39671,Париж (CDG),Рим (FCO),1
7896,Токио (HND),Сеул (ICN),1
16731,Сингапур (SIN),Бали (DPS),1
6124,Rome,Milan,1
13293,Дубай (DXB),Бангкок (BKK),2
37424,Мюнхен,Вена,1
2375,Краснодар,Сочи,1
7537,Лондон (LHR),Нью-Йорк (JFK),1
34652,Париж (CDG),Рим (FCO),1
35773,Мюнхен,Вена,2
6417,London,Edinburgh,2
16702,Париж (CDG),Рим (FCO),1
23746,London,Edinburgh,2
8211,London,Edinburgh,1
39922,Стамбул (IST),Афины (ATH),1
21349,Стамбул (IST),Афины (ATH),1
44115,Берлин (BER),Амстердам (AMS),1
23294,Москва (SVO),Париж (CDG),1
15863,Paris,Lyon,3
22986,Paris,Lyon,1
5791,Сингапур (SIN),Бали (DPS),3
5699,Сингапур (SIN),Бали (DPS),3
47305,Берлин (BER),Амстердам (AMS),1
36139,Chicago,Miami,1
5390,Chicago,Miami,1
6105,Paris,Lyon,1
4044,Париж (CDG),Рим (FCO),1
46462,Москва (SVO),Париж (CDG),1
6252,Берлин (BER),Амстердам (AMS),2
25415,Лондон (LHR),Нью-Йорк (JFK),1
31688,Rome,Milan,2
6908,Сингапур (SIN),Бали (DPS),1
2182,Сингапур (SIN),Бали (DPS),1
48478,Стамбул (IST),Афины (ATH),1
26153,Дубай (DXB),Бангкок (BKK),1
8787,Chicago,Miami,1
16799,Лондон (LHR),Нью-Йорк (JFK),1
49842,Стамбул (IST),Афины (ATH),2
5035,Frankfurt,Hamburg,1
45217,Rome,Milan,3
10974,Мюнхен,Вена,1
25198,Сингапур (SIN),Бали (DPS),1
4501,Берлин (BER),Амстердам (AMS),1
37407,Frankfurt,Hamburg,2
44247,Москва,Санкт-Петербург,1
33488,Сингапур (SIN),Бали (DPS),1
29865,Токио (HND),Сеул (ICN),2
41699,Paris,Lyon,1
34362,Сингапур (SIN),Бали (DPS),2
18543,Новосибирск,Горно-Алтайск,2
10389,New York,Los Angeles,3
49405,Rome,Milan,1
43159,Лондон (LHR),Нью-Йорк (JFK),2
26606,New York,Los Angeles,1
7859,Chicago,Miami,1
1611,Chicago,Miami,1
42277,Chicago,Miami,2
16969,Краснодар,Сочи,1
40362,Берлин (BER),Амстердам (AMS),3
25520,Мадрид (MAD),Барселона,2
26132,Токио (HND),Сеул (ICN),1
21301,Берлин (BER),Амстердам (AMS),1
37505,Москва,Санкт-Петербург,4
21866,Екатеринбург,Казань,1
19821,Краснодар,Сочи,1
35595,Дубай (DXB),Бангкок (BKK),1
8408,Стамбул (IST),Афины (ATH),1
22728,Екатеринбург,Казань,1
16226,Frankfurt,Hamburg,2
28317,Сингапур (SIN),Бали (DPS),2
38880,Сингапур (SIN),Бали (DPS),1
18714,New York,Los Angeles,2
43838,Мюнхен,Вена,3
20791,Мадрид (MAD),Барселона,1
39201,Париж (CDG),Рим (FCO),3
9454,Frankfurt,Hamburg,2
5357,Сингапур (SIN),Бали (DPS),1
28599,Москва,Санкт-Петербург,1
15181,Мадрид (MAD),Барселона,2
22411,Rome,Milan,1
760,Москва (SVO),Париж (CDG),1
21432,Стамбул (IST),Афины (ATH),2
48095,New York,Los Angeles,1
10261,Москва (SVO),Париж (CDG),1
28155,Paris,Lyon,1
28866,Мюнхен,Вена,2
48814,Москва (SVO),Париж (CDG),1
27072,Москва (SVO),Париж (CDG),2
14133,Берлин (BER),Амстердам (AMS),2
38952,Дубай (DXB),Бангкок (BKK),1
37295,New York,Los Angeles,1
9599,Новосибирск,Горно-Алтайск,1
43667,Новосибирск,Горно-Алтайск,2
37056,Лондон (LHR),Нью-Йорк (JFK),1
15923,Стамбул (IST),Афины (ATH),1
45132,Дубай (DXB),Бангкок (BKK),1
41234,Краснодар,Сочи,3
12144,Лондон (LHR),Нью-Йорк (JFK),2
39548,Rome,Milan,1
20453,Новосибирск,Горно-Алтайск,2
15009,New York,Los Angeles,1
40884,Екатеринбург,Казань,2
46762,Сингапур (SIN),Бали (DPS),3
3582,Сингапур (SIN),Бали (DPS),3
2325,Токио (HND),Сеул (ICN),2
6064,Rome,Milan,2
26266,Мюнхен,Вена,1
42291,Сингапур (SIN),Бали (DPS),2
39119,Москва (SVO),Париж (CDG),1
32493,Chicago,Miami,2
440,Rome,Milan,1
6060,Новосибирск,Горно-Алтайск,1
23462,Мюнхен,Вена,1
49251,Лондон (LHR),Нью-Йорк (JFK),2
18510,Берлин (BER),Амстердам (AMS),1
20845,Стамбул (IST),Афины (ATH),1
38177,Дубай (DXB),Бангкок (BKK),1
17602,Новосибирск,Горно-Алтайск,1
40508,Париж (CDG),Рим (FCO),1
10447,Дубай (DXB),Бангкок (BKK),1
35607,New York,Los Angeles,1
79,Сингапур (SIN),Бали (DPS),1
20737,Paris,Lyon,1
33039,Сингапур (SIN),Бали (DPS),1
19634,Екатеринбург,Казань,2
27351,Frankfurt,Hamburg,1
4656,Лондон (LHR),Нью-Йорк (JFK),3
27249,Стамбул (IST),Афины (ATH),3
25036,Новосибирск,Горно-Алтайск,2
14827,Новосибирск,Горно-Алтайск,1
49645,Chicago,Miami,2
6774,Chicago,Miami,2
6103,Мадрид (MAD),Барселона,2
17825,Frankfurt,Hamburg,2
37055,Токио (HND),Сеул (ICN),1
18206,Москва (SVO),Париж (CDG),3
3652,Paris,Lyon,1
40148,Москва,Санкт-Петербург,2
27551,Frankfurt,Hamburg,1
2635,Дубай (DXB),Бангкок (BKK),1
22276,Rome,Milan,2
22994,Мадрид (MAD),Барселона,1
33770,Мюнхен,Вена,2
45604,Мюнхен,Вена,1
628,Краснодар,Сочи,1
45202,New York,Los Angeles,1
19942,Мадрид (MAD),Барселона,2
43963,Берлин (BER),Амстердам (AMS),1
43202,Rome,Milan,1
26952,Мадрид (MAD),Барселона,2
28001,Москва,Санкт-Петербург,1
38034,Frankfurt,Hamburg,2
10974,Сингапур (SIN),Бали (DPS),2
39237,Екатеринбург,Казань,1
2982,Краснодар,Сочи,1
12932,Новосибирск,Горно-Алтайск,1
4439,London,Edinburgh,2
12329,Paris,Lyon,2
28308,Париж (CDG),Рим (FCO),1
25073,Сингапур (SIN),Бали (DPS),1
11107,London,Edinburgh,1
36168,Мюнхен,Вена,1
2733,Мюнхен,Вена,1
30746,New York,Los Angeles,1
25319,Сингапур (SIN),Бали (DPS),1
11531,Chicago,Miami,1
2265,Дубай (DXB),Бангкок (BKK),1
49425,Дубай (DXB),Бангкок (BKK),1
11703,Frankfurt,Hamburg,1
17509,New York,Los Angeles,2
27915,Дубай (DXB),Бангкок (BKK),1
12083,Париж (CDG),Рим (FCO),1
47459,Мадрид (MAD),Барселона,2
16923,Сингапур (SIN),Бали (DPS),1
31415,New York,Los Angeles,1
12998,Москва,Санкт-Петербург,1
17718,Мадрид (MAD),Барселона,1
36132,Мадрид (MAD),Барселона,1
2505,Москва (SVO),Париж (CDG),1
40375,Стамбул (IST),Афины (ATH),1
20262,Мадрид (MAD),Барселона,3
2117,Новосибирск,Горно-Алтайск,1
2561,Мюнхен,Вена,1
49875,Мадрид (MAD),Барселона,2
2561,Москва,Санкт-Петербург,2
18442,Paris,Lyon,2
27439,Краснодар,Сочи,1
27990,Мюнхен,Вена,1
26530,Мюнхен,Вена,1
25626,Мадрид (MAD),Барселона,2
28712,Rome,Milan,1
43824,Москва,Санкт-Петербург,2
42649,Мадрид (MAD),Барселона,1
24130,Paris,Lyon,1
41987,Мадрид (MAD),Барселона,1
24808,Rome,Milan,2
31763,Мадрид (MAD),Барселона,1
39662,Новосибирск,Горно-Алтайск,2
48098,Париж (CDG),Рим (FCO),1
30477,Лондон (LHR),Нью-Йорк (JFK),2
3382,Frankfurt,Hamburg,1
31340,Краснодар,Сочи,3
34176,Paris,Lyon,1
21537,Chicago,Miami,1
37077,Мадрид (MAD),Барселона,2
49343,Екатеринбург,Казань,1
9856,Москва (SVO),Париж (CDG),2
41144,Берлин (BER),Амстердам (AMS),2
24290,Берлин (BER),Амстердам (AMS),1
9933,Краснодар,Сочи,1
1106,Краснодар,Сочи,3
8317,Rome,Milan,1
18704,Краснодар,Сочи,1
35170,Дубай (DXB),Бангкок (BKK),1
10351,Москва,Санкт-Петербург,1
41633,Мюнхен,Вена,1
48940,Chicago,Miami,1
1472,Берлин (BER),Амстердам (AMS),1
3847,Краснодар,Сочи,2
931,Лондон (LHR),Нью-Йорк (JFK),2
25084,Frankfurt,Hamburg,2
21627,Берлин (BER),Амстердам (AMS),2
47451,New York,Los Angeles,2
41912,Frankfurt,Hamburg,3
5196,London,Edinburgh,1
19805,Мадрид (MAD),Барселона,1
42306,London,Edinburgh,1
12186,Frankfurt,Hamburg,1
11863,Мюнхен,Вена,1
42866,Paris,Lyon,1
41212,New York,Los Angeles,1
36471,Мюнхен,Вена,1
15113,Rome,Milan,2
27493,Стамбул (IST),Афины (ATH),2
648,Москва,Санкт-Петербург,1
37937,Екатеринбург,Казань,3
49711,Берлин (BER),Амстердам (AMS),1
9697,Берлин (BER),Амстердам (AMS),2
17663,New York,Los Angeles,1
32010,Стамбул (IST),Афины (ATH),3
40314,Токио (HND),Сеул (ICN),1
22205,Сингапур (SIN),Бали (DPS),1
45040,Лондон (LHR),Нью-Йорк (JFK),1
46760,Новосибирск,Горно-Алтайск,1
92,Париж (CDG),Рим (FCO),2
5584,Краснодар,Сочи,1
17799,New York,Los Angeles,2
9602,London,Edinburgh,1
49480,Париж (CDG),Рим (FCO),3
14594,Сингапур (SIN),Бали (DPS),1
43103,London,Edinburgh,2
35577,Краснодар,Сочи,2
10449,Дубай (DXB),Бангкок (BKK),4
2914,Москва,Санкт-Петербург,1
9539,Дубай (DXB),Бангкок (BKK),1
20578,Екатеринбург,Казань,2
31382,Стамбул (IST),Афины (ATH),1
32540,Токио (HND),Сеул (ICN),1
39466,New York,Los Angeles,1
47888,Екатеринбург,Казань,1
7375,Rome,Milan,1
21153,Мадрид (MAD),Барселона,1
32443,Токио (HND),Сеул (ICN),1
43618,Rome,Milan,1
34672,Мюнхен,Вена,1
30599,Дубай (DXB),Бангкок (BKK),1
41285,Париж (CDG),Рим (FCO),2
7453,Берлин (BER),Амстердам (AMS),2
37026,Стамбул (IST),Афины (ATH),1
37677,Москва (SVO),Париж (CDG),1
2063,London,Edinburgh,1
46141,Москва,Санкт-Петербург,2
40464,New York,Los Angeles,3
25158,Краснодар,Сочи,2
24073,Москва,Санкт-Петербург,4
44771,Москва (SVO),Париж (CDG),2
17415,Лондон (LHR),Нью-Йорк (JFK),1
3821,New York,Los Angeles,3
12660,Мадрид (MAD),Барселона,3
42137,Москва,Санкт-Петербург,3
25974,Дубай (DXB),Бангкок (BKK),1
4076,Сингапур (SIN),Бали (DPS),2
47911,Paris,Lyon,1
6574,Екатеринбург,Казань,1
20053,Мадрид (MAD),Барселона,3
8353,New York,Los Angeles,1
42876,Екатеринбург,Казань,3
28996,Лондон (LHR),Нью-Йорк (JFK),1
21069,Мюнхен,Вена,2
14179,Rome,Milan,3
7215,Chicago,Miami,1
2488,Екатеринбург,Казань,1
10000,London,Edinburgh,1
2937,Сингапур (SIN),Бали (DPS),2
46136,Дубай (DXB),Бангкок (BKK),2
25319,London,Edinburgh,2
38342,London,Edinburgh,1
48076,Мадрид (MAD),Барселона,1
9620,Стамбул (IST),Афины (ATH),1
10798,Краснодар,Сочи,1
19962,London,Edinburgh,2
46105,Москва (SVO),Париж (CDG),2
47731,Токио (HND),Сеул (ICN),1
47571,Москва (SVO),Париж (CDG),2
35471,Новосибирск,Горно-Алтайск,1
45916,Paris,Lyon,2
13182,Токио (HND),Сеул (ICN),1
48227,Chicago,Miami,2
39226,Лондон (LHR),Нью-Йорк (JFK),1
39799,New York,Los Angeles,2
33728,Токио (HND),Сеул (ICN),1
27074,Новосибирск,Горно-Алтайск,2
28035,Лондон (LHR),Нью-Йорк (JFK),1
15140,Париж (CDG),Рим (FCO),1
17337,Новосибирск,Горно-Алтайск,3
19900,Новосибирск,Горно-Алтайск,2
43659,Rome,Milan,1
647,Стамбул (IST),Афины (ATH),1
30635,Екатеринбург,Казань,1
24873,Париж (CDG),Рим (FCO),1
45705,Frankfurt,Hamburg,2
23134,Краснодар,Сочи,2
13250,Москва (SVO),Париж (CDG),1
21185,Берлин (BER),Амстердам (AMS),3
35778,Дубай (DXB),Бангкок (BKK),2
15036,Дубай (DXB),Бангкок (BKK),1
1578,Лондон (LHR),Нью-Йорк (JFK),1
45747,Москва (SVO),Париж (CDG),1
15309,Мадрид (MAD),Барселона,1
5993,Лондон (LHR),Нью-Йорк (JFK),1
21129,Токио (HND),Сеул (ICN),2
24555,New York,Los Angeles,1
5201,London,Edinburgh,2
11828,Берлин (BER),Амстердам (AMS),1
48445,Мюнхен,Вена,1
10119,Дубай (DXB),Бангкок (BKK),3
48082,Краснодар,Сочи,2
49340,Rome,Milan,1
24857,Мюнхен,Вена,1
28896,Париж (CDG),Рим (FCO),3
7325,Париж (CDG),Рим (FCO),1
38626,Frankfurt,Hamburg,2
29225,London,Edinburgh,1
39161,Мадрид (MAD),Барселона,1
42679,Chicago,Miami,2
14534,Токио (HND),Сеул (ICN),1
15349,Москва,Санкт-Петербург,1
928,Сингапур (SIN),Бали (DPS),1
19174,New York,Los Angeles,1
33914,Rome,Milan,1
21602,Берлин (BER),Амстердам (AMS),1
40847,Rome,Milan,2
43840,Париж (CDG),Рим (FCO),1
47192,Берлин (BER),Амстердам (AMS),1
10651,Краснодар,Сочи,1
28905,Стамбул (IST),Афины (ATH),1
32541,Frankfurt,Hamburg,2
4375,Новосибирск,Горно-Алтайск,1
32998,London,Edinburgh,1
36279,Краснодар,Сочи,1
3012,Дубай (DXB),Бангкок (BKK),1
41244,London,Edinburgh,1
42669,Стамбул (IST),Афины (ATH),2
21399,Мадрид (MAD),Барселона,1
27160,New York,Los Angeles,1
24843,Мадрид (MAD),Барселона,1
13728,New York,Los Angeles,1
36620,Дубай (DXB),Бангкок (BKK),2
13161,Rome,Milan,1
21072,Лондон (LHR),Нью-Йорк (JFK),2
31478,Новосибирск,Горно-Алтайск,2
24529,Chicago,Miami,2
47774,Лондон (LHR),Нью-Йорк (JFK),3
23013,Краснодар,Сочи,1
44191,Токио (HND),Сеул (ICN),1
23394,Мадрид (MAD),Барселона,1
7031,Стамбул (IST),Афины (ATH),3
37881,Екатеринбург,Казань,1
11950,Paris,Lyon,1
37310,Екатеринбург,Казань,1
6748,Краснодар,Сочи,1
13485,Лондон (LHR),Нью-Йорк (JFK),3
47245,Москва (SVO),Париж (CDG),1
12525,Мюнхен,Вена,2
20691,Стамбул (IST),Афины (ATH),1
18483,Лондон (LHR),Нью-Йорк (JFK),2
12323,New York,Los Angeles,1
19446,Москва (SVO),Париж (CDG),1
49977,Токио (HND),Сеул (ICN),1
22582,New York,Los Angeles,1
46076,Сингапур (SIN),Бали (DPS),2
20918,Москва (SVO),Париж (CDG),1
37125,Rome,Milan,3
8317,London,Edinburgh,2
37680,Москва (SVO),Париж (CDG),2
2282,Москва,Санкт-Петербург,1
42381,Мюнхен,Вена,1
33004,Rome,Milan,1
15437,Берлин (BER),Амстердам (AMS),1
27465,Мадрид (MAD),Барселона,2
25723,Краснодар,Сочи,2
43713,Москва (SVO),Париж (CDG),1
36895,Париж (CDG),Рим (FCO),2
30919,London,Edinburgh,2
5192,Дубай (DXB),Бангкок (BKK),1
29337,Москва (SVO),Париж (CDG),1
1251,Мюнхен,Вена,1
24271,Frankfurt,Hamburg,2
14481,Frankfurt,Hamburg,1
26377,London,Edinburgh,1
27276,Дубай (DXB),Бангкок (BKK),1
19880,London,Edinburgh,1
10860,Новосибирск,Горно-Алтайск,2
11907,Париж (CDG),Рим (FCO),1
188,Мюнхен,Вена,1
13703,Лондон (LHR),Нью-Йорк (JFK),1
29556,Лондон (LHR),Нью-Йорк (JFK),1
7343,Chicago,Miami,1
42822,Москва,Санкт-Петербург,3
25193,Мадрид (MAD),Барселона,2
25664,New York,Los Angeles,2
616,Paris,Lyon,1
31167,Rome,Milan,1
38750,Париж (CDG),Рим (FCO),2
18441,Лондон (LHR),Нью-Йорк (JFK),1
2905,New York,Los Angeles,2
6740,Мюнхен,Вена,2
21434,Paris,Lyon,3
25485,New York,Los Angeles,1
49807,Дубай (DXB),Бангкок (BKK),1
3860,Chicago,Miami,1
12914,Париж (CDG),Рим (FCO),3
15324,Frankfurt,Hamburg,3
36645,Москва,Санкт-Петербург,1
48244,Rome,Milan,1
5575,Rome,Milan,1
47685,Chicago,Miami,2
23441,Новосибирск,Горно-Алтайск,1
47750,Москва,Санкт-Петербург,1
38731,Екатеринбург,Казань,1
28120,Стамбул (IST),Афины (ATH),1
27323,Мадрид (MAD),Барселона,1
8022,Стамбул (IST),Афины (ATH),5
49883,Краснодар,Сочи,1
38340,Новосибирск,Горно-Алтайск,1
46759,Frankfurt,Hamburg,1
20605,Rome,Milan,2
9098,Chicago,Miami,1
14469,Стамбул (IST),Афины (ATH),2
11967,Стамбул (IST),Афины (ATH),1
33004,Дубай (DXB),Бангкок (BKK),2
26092,Екатеринбург,Казань,1
10555,Токио (HND),Сеул (ICN),2
24319,Краснодар,Сочи,2
10684,Мадрид (MAD),Барселона,3
29354,Мюнхен,Вена,1
17759,Chicago,Miami,1
48307,Дубай (DXB),Бангкок (BKK),2
44670,London,Edinburgh,2
30762,Токио (HND),Сеул (ICN),1
3843,Paris,Lyon,1
35366,Берлин (BER),Амстердам (AMS),1
7813,New York,Los Angeles,2
27360,New York,Los Angeles,1
8816,Rome,Milan,1
583,Стамбул (IST),Афины (ATH),2
12376,Rome,Milan,1
16549,Краснодар,Сочи,2
30861,New York,Los Angeles,1
26090,Дубай (DXB),Бангкок (BKK),1
16503,Мадрид (MAD),Барселона,2
34780,London,Edinburgh,2
3490,Сингапур (SIN),Бали (DPS),1
32072,Стамбул (IST),Афины (ATH),1
6244,Берлин (BER),Амстердам (AMS),1
47998,Берлин (BER),Амстердам (AMS),1
44293,Париж (CDG),Рим (FCO),4
13135,Новосибирск,Горно-Алтайск,2
43763,Екатеринбург,Казань,1
26657,Мюнхен,Вена,1
46399,Новосибирск,Горно-Алтайск,1
40734,Лондон (LHR),Нью-Йорк (JFK),1
5929,Chicago,Miami,1
45121,Rome,Milan,3
44689,Париж (CDG),Рим (FCO),1
32562,New York,Los Angeles,1
7464,Новосибирск,Горно-Алтайск,3
29166,Берлин (BER),Амстердам (AMS),2
44997,Краснодар,Сочи,1
30897,Москва (SVO),Париж (CDG),3
8318,Токио (HND),Сеул (ICN),2
39262,Стамбул (IST),Афины (ATH),1
19523,New York,Los Angeles,1
37093,Frankfurt,Hamburg,2
42316,Париж (CDG),Рим (FCO),2
13500,London,Edinburgh,1
40100,Сингапур (SIN),Бали (DPS),1
20404,Берлин (BER),Амстердам (AMS),2
40530,Краснодар,Сочи,1
18577,Chicago,Miami,2
4276,Paris,Lyon,1
47835,Краснодар,Сочи,2
5680,Краснодар,Сочи,1
18596,New York,Los Angeles,1
46715,Мюнхен,Вена,2
17824,Дубай (DXB),Бангкок (BKK),1
49514,Paris,Lyon,1
13182,Краснодар,Сочи,2
29186,Лондон (LHR),Нью-Йорк (JFK),1
3267,Дубай (DXB),Бангкок (BKK),1
2372,London,Edinburgh,1
6662,Мюнхен,Вена,1
4533,Москва,Санкт-Петербург,2
38642,Париж (CDG),Рим (FCO),1
48299,Дубай (DXB),Бангкок (BKK),2
16365,Rome,Milan,2
44753,Москва,Санкт-Петербург,2
39995,Екатеринбург,Казань,1
48453,London,Edinburgh,2
25372,Стамбул (IST),Афины (ATH),2
3700,Сингапур (SIN),Бали (DPS),1
35020,Краснодар,Сочи,1
22068,Лондон (LHR),Нью-Йорк (JFK),1
25582,New York,Los Angeles,2
48716,New York,Los Angeles,3
10924,Rome,Milan,1
28547,Мюнхен,Вена,2
32380,New York,Los Angeles,1
25027,London,Edinburgh,2
10075,Екатеринбург,Казань,1
49096,Rome,Milan,1
8793,Rome,Milan,2
9859,Краснодар,Сочи,1
38787,Мадрид (MAD),Барселона,2
39605,Rome,Milan,1
44612,Токио (HND),Сеул (ICN),1
6651,Екатеринбург,Казань,1
12576,Мадрид (MAD),Барселона,1
36836,Дубай (DXB),Бангкок (BKK),1
18143,Париж (CDG),Рим (FCO),1
4454,Екатеринбург,Казань,2
2616,Екатеринбург,Казань,3
14379,Москва (SVO),Париж (CDG),2
48205,Екатеринбург,Казань,2
30075,Краснодар,Сочи,1
10949,Москва,Санкт-Петербург,1
37776,Стамбул (IST),Афины (ATH),1
26850,Paris,Lyon,2
13773,Краснодар,Сочи,1
43117,Москва (SVO),Париж (CDG),1
3380,New York,Los Angeles,1
15232,Chicago,Miami,1
46014,Frankfurt,Hamburg,4
46381,Стамбул (IST),Афины (ATH),1
26476,Paris,Lyon,2
8782,Москва,Санкт-Петербург,1
225,Chicago,Miami,1
8353,Мадрид (MAD),Барселона,2
40181,Краснодар,Сочи,2
24892,Лондон (LHR),Нью-Йорк (JFK),2
42858,Берлин (BER),Амстердам (AMS),2
17822,Стамбул (IST),Афины (ATH),1
2424,Москва (SVO),Париж (CDG),2
27764,Новосибирск,Горно-Алтайск,2
12835,Мюнхен,Вена,2
7677,Берлин (BER),Амстердам (AMS),2
28359,Мадрид (MAD),Барселона,1
14444,New York,Los Angeles,1
27211,Frankfurt,Hamburg,1
46306,Краснодар,Сочи,1
22632,Москва (SVO),Париж (CDG),1
12647,Chicago,Miami,3
35393,New York,Los Angeles,1
35586,Сингапур (SIN),Бали (DPS),1
19680,Paris,Lyon,1
45458,Лондон (LHR),Нью-Йорк (JFK),1
19922,Москва (SVO),Париж (CDG),1
24952,New York,Los Angeles,3
32386,Лондон (LHR),Нью-Йорк (JFK),1
28969,Москва,Санкт-Петербург,1
29948,Москва,Санкт-Петербург,2
39071,Мадрид (MAD),Барселона,1
21514,Стамбул (IST),Афины (ATH),1
17195,Rome,Milan,1
2885,Новосибирск,Горно-Алтайск,2
41145,Новосибирск,Горно-Алтайск,1
10714,Москва (SVO),Париж (CDG),1
24005,London,Edinburgh,1
10878,Берлин (BER),Амстердам (AMS),1
2582,Rome,Milan,1
22415,Краснодар,Сочи,1
27359,Москва,Санкт-Петербург,1
31743,Мюнхен,Вена,2
5053,Москва (SVO),Париж (CDG),2
9004,Париж (CDG),Рим (FCO),2
2877,Краснодар,Сочи,2
32318,Париж (CDG),Рим (FCO),2
21644,Новосибирск,Горно-Алтайск,2
7687,Новосибирск,Горно-Алтайск,1
40120,Лондон (LHR),Нью-Йорк (JFK),1
20422,Rome,Milan,2
17415,Новосибирск,Горно-Алтайск,2
35647,Paris,Lyon,1
18998,Новосибирск,Горно-Алтайск,1
21547,Токио (HND),Сеул (ICN),1
11756,Мюнхен,Вена,1
43636,London,Edinburgh,1
34832,Мадрид (MAD),Барселона,2
32168,Париж (CDG),Рим (FCO),1
47593,Frankfurt,Hamburg,3
35532,Мадрид (MAD),Барселона,1
19972,Екатеринбург,Казань,1
16887,Москва (SVO),Париж (CDG),2
49543,Новосибирск,Горно-Алтайск,1
9876,Париж (CDG),Рим (FCO),2
3802,Frankfurt,Hamburg,1
9976,New York,Los Angeles,2
7043,Дубай (DXB),Бангкок (BKK),1
23124,Paris,Lyon,1
17906,Екатеринбург,Казань,2
10178,Токио (HND),Сеул (ICN),3
40286,Rome,Milan,1
35829,Москва (SVO),Париж (CDG),1
31321,Сингапур (SIN),Бали (DPS),4
12009,Лондон (LHR),Нью-Йорк (JFK),1
10267,Сингапур (SIN),Бали (DPS),2
47554,Paris,Lyon,1
36521,Лондон (LHR),Нью-Йорк (JFK),2
16833,Париж (CDG),Рим (FCO),1
23089,Мадрид (MAD),Барселона,2
27634,Дубай (DXB),Бангкок (BKK),2
13654,Лондон (LHR),Нью-Йорк (JFK),2
43856,Мюнхен,Вена,1
15878,Дубай (DXB),Бангкок (BKK),1
14467,Frankfurt,Hamburg,1
2707,Москва (SVO),Париж (CDG),4
39901,Сингапур (SIN),Бали (DPS),1
31366,Париж (CDG),Рим (FCO),1
15405,Мюнхен,Вена,2
26867,Мюнхен,Вена,2
38704,Мадрид (MAD),Барселона,2
46218,Frankfurt,Hamburg,2
40492,Париж (CDG),Рим (FCO),1
47732,Дубай (DXB),Бангкок (BKK),1
41905,Краснодар,Сочи,2
6908,Токио (HND),Сеул (ICN),2
47564,New York,Los Angeles,1
25589,Лондон (LHR),Нью-Йорк (JFK),1
38833,Rome,Milan,1
13025,Новосибирск,Горно-Алтайск,1
27231,Токио (HND),Сеул (ICN),1
17791,Берлин (BER),Амстердам (AMS),1
43665,New York,Los Angeles,1
49364,Лондон (LHR),Нью-Йорк (JFK),2
48373,Париж (CDG),Рим (FCO),3
15040,Москва (SVO),Париж (CDG),3
39523,Chicago,Miami,2
47938,Дубай (DXB),Бангкок (BKK),1
31494,Новосибирск,Горно-Алтайск,1
49779,Москва (SVO),Париж (CDG),2
12620,Лондон (LHR),Нью-Йорк (JFK),1
36912,Берлин (BER),Амстердам (AMS),1
49468,Новосибирск,Горно-Алтайск,1
25502,Мюнхен,Вена,1
46458,Москва (SVO),Париж (CDG),2
45182,Лондон (LHR),Нью-Йорк (JFK),1
27772,Мюнхен,Вена,1
7914,Сингапур (SIN),Бали (DPS),1
44886,Краснодар,Сочи,2
13373,Токио (HND),Сеул (ICN),1
7949,Краснодар,Сочи,1
35238,Москва,Санкт-Петербург,2
38753,Сингапур (SIN),Бали (DPS),1
775,Лондон (LHR),Нью-Йорк (JFK),1
3066,Краснодар,Сочи,2
29592,Новосибирск,Горно-Алтайск,1
26819,Москва (SVO),Париж (CDG),2
28927,Лондон (LHR),Нью-Йорк (JFK),1
11039,Стамбул (IST),Афины (ATH),2
26021,Мюнхен,Вена,2
4222,Frankfurt,Hamburg,1
5862,Сингапур (SIN),Бали (DPS),2
14121,New York,Los Angeles,1
48036,Мадрид (MAD),Барселона,3
28178,Мадрид (MAD),Барселона,1
32913,New York,Los Angeles,1
18826,Rome,Milan,1
21156,Новосибирск,Горно-Алтайск,1
11663,Мадрид (MAD),Барселона,1
2517,Мюнхен,Вена,1
38392,Frankfurt,Hamburg,2
12728,Стамбул (IST),Афины (ATH),1
44549,Chicago,Miami,2
91,Стамбул (IST),Афины (ATH),2
43020,London,Edinburgh,1
29836,Екатеринбург,Казань,3
37764,New York,Los Angeles,1
30710,Лондон (LHR),Нью-Йорк (JFK),1
46328,Chicago,Miami,1
18553,New York,Los Angeles,2
2781,Мадрид (MAD),Барселона,1
25703,New York,Los Angeles,1
30042,Москва,Санкт-Петербург,2
21780,Берлин (BER),Амстердам (AMS),2
1724,Дубай (DXB),Бангкок (BKK),1
32968,Мюнхен,Вена,2
36098,Париж (CDG),Рим (FCO),1
34933,Краснодар,Сочи,1
35464,Москва,Санкт-Петербург,1
30616,Дубай (DXB),Бангкок (BKK),2
39716,Токио (HND),Сеул (ICN),1
26592,Сингапур (SIN),Бали (DPS),1
6821,Лондон (LHR),Нью-Йорк (JFK),1
47212,Paris,Lyon,1
38625,Мюнхен,Вена,2
15928,Paris,Lyon,1
6355,Берлин (BER),Амстердам (AMS),1
39856,Москва,Санкт-Петербург,1
29758,Стамбул (IST),Афины (ATH),2
7652,Париж (CDG),Рим (FCO),2
24947,Лондон (LHR),Нью-Йорк (JFK),2
6406,Москва (SVO),Париж (CDG),1
19912,Лондон (LHR),Нью-Йорк (JFK),1
48066,Frankfurt,Hamburg,2
27482,London,Edinburgh,3
35263,Мюнхен,Вена,1
6977,Екатеринбург,Казань,2
31968,Frankfurt,Hamburg,1
28910,Rome,Milan,1
6361,Мадрид (MAD),Барселона,3
36250,Сингапур (SIN),Бали (DPS),2
18948,Париж (CDG),Рим (FCO),2
45616,Дубай (DXB),Бангкок (BKK),2
26643,Краснодар,Сочи,2
42457,Frankfurt,Hamburg,1
17254,Токио (HND),Сеул (ICN),1
3917,Токио (HND),Сеул (ICN),3
21830,Краснодар,Сочи,1
20485,Chicago,Miami,1
31807,New York,Los Angeles,1
32851,Дубай (DXB),Бангкок (BKK),2
18911,Москва,Санкт-Петербург,1
20913,Токио (HND),Сеул (ICN),2
29811,Берлин (BER),Амстердам (AMS),2
12822,London,Edinburgh,1
25818,New York,Los Angeles,1
11760,Москва,Санкт-Петербург,2
29350,Токио (HND),Сеул (ICN),1
17516,London,Edinburgh,1
15489,Frankfurt,Hamburg,1
19053,Стамбул (IST),Афины (ATH),2
17539,Chicago,Miami,2
6688,Мюнхен,Вена,2
48666,London,Edinburgh,2
21581,London,Edinburgh,3
10044,London,Edinburgh,1
18958,Rome,Milan,1
2172,Москва (SVO),Париж (CDG),1
23660,Москва,Санкт-Петербург,1
27807,Краснодар,Сочи,2
31526,Дубай (DXB),Бангкок (BKK),1
12524,Стамбул (IST),Афины (ATH),2
8760,Frankfurt,Hamburg,1
25077,Новосибирск,Горно-Алтайск,2
40704,Frankfurt,Hamburg,1
27635,Chicago,Miami,3
260,Сингапур (SIN),Бали (DPS),1
16350,London,Edinburgh,1
34396,Краснодар,Сочи,1
2964,Париж (CDG),Рим (FCO),2
3457,Новосибирск,Горно-Алтайск,1
24438,Мадрид (MAD),Барселона,2
28829,London,Edinburgh,1
32239,Лондон (LHR),Нью-Йорк (JFK),1
1864,Rome,Milan,1
36268,Токио (HND),Сеул (ICN),1
35414,Лондон (LHR),Нью-Йорк (JFK),1
39192,Мадрид (MAD),Барселона,1
9896,Стамбул (IST),Афины (ATH),1
14284,Париж (CDG),Рим (FCO),1
10528,Екатеринбург,Казань,2
42565,Краснодар,Сочи,2
47809,Москва (SVO),Париж (CDG),1
47742,Новосибирск,Горно-Алтайск,1
6715,Москва,Санкт-Петербург,1
49566,Токио (HND),Сеул (ICN),1
30592,Стамбул (IST),Афины (ATH),1
30076,Берлин (BER),Амстердам (AMS),1
13601,Frankfurt,Hamburg,2
38426,Paris,Lyon,2
16759,Стамбул (IST),Афины (ATH),2
29701,London,Edinburgh,1
29176,Chicago,Miami,1
24548,Мадрид (MAD),Барселона,2
16316,Токио (HND),Сеул (ICN),2
38669,London,Edinburgh,1
35610,Токио (HND),Сеул (ICN),1
11026,New York,Los Angeles,2
47889,Токио (HND),Сеул (ICN),1
40301,Chicago,Miami,2
27729,New York,Los Angeles,1
9060,Мадрид (MAD),Барселона,1
22571,Frankfurt,Hamburg,1
26495,Paris,Lyon,1
1906,Москва (SVO),Париж (CDG),3
19000,Paris,Lyon,2
30072,Сингапур (SIN),Бали (DPS),2
30120,Frankfurt,Hamburg,1
36174,London,Edinburgh,2
20497,Берлин (BER),Амстердам (AMS),3
44978,Дубай (DXB),Бангкок (BKK),1
30453,Мадрид (MAD),Барселона,1
49124,Берлин (BER),Амстердам (AMS),2
861,Токио (HND),Сеул (ICN),1
10683,New York,Los Angeles,1
26158,Мюнхен,Вена,1
825,Frankfurt,Hamburg,3
17649,Краснодар,Сочи,1
45532,Москва (SVO),Париж (CDG),3
25840,Сингапур (SIN),Бали (DPS),2
564,Дубай (DXB),Бангкок (BKK),1
5294,Москва (SVO),Париж (CDG),3
29294,Краснодар,Сочи,1
14628,Краснодар,Сочи,1
49364,London,Edinburgh,3
3000,Frankfurt,Hamburg,2
10043,Краснодар,Сочи,1
40483,Сингапур (SIN),Бали (DPS),1
5335,Новосибирск,Горно-Алтайск,1
38544,Москва,Санкт-Петербург,1
6114,Москва,Санкт-Петербург,3
43964,Стамбул (IST),Афины (ATH),1
16725,Мадрид (MAD),Барселона,1
17657,Новосибирск,Горно-Алтайск,2
44145,Москва,Санкт-Петербург,1
47841,Мадрид (MAD),Барселона,1
1797,Paris,Lyon,2
40894,Frankfurt,Hamburg,1
4290,New York,Los Angeles,1
43811,Краснодар,Сочи,1
40333,Мюнхен,Вена,3
4690,Chicago,Miami,1
23350,Сингапур (SIN),Бали (DPS),1
37795,Chicago,Miami,1
41644,Краснодар,Сочи,1
22777,Мюнхен,Вена,2
47740,Сингапур (SIN),Бали (DPS),1
9595,Frankfurt,Hamburg,1
20626,Стамбул (IST),Афины (ATH),1
28601,Берлин (BER),Амстердам (AMS),1
5652,Сингапур (SIN),Бали (DPS),2
38148,Краснодар,Сочи,2
31372,Rome,Milan,2
1173,Chicago,Miami,2
29404,Rome,Milan,1
6752,Сингапур (SIN),Бали (DPS),1
49942,Москва,Санкт-Петербург,1
27871,Chicago,Miami,1
34006,Берлин (BER),Амстердам (AMS),1
29086,Мадрид (MAD),Барселона,3
43953,Новосибирск,Горно-Алтайск,1
34449,Стамбул (IST),Афины (ATH),2
40752,London,Edinburgh,2
8793,Токио (HND),Сеул (ICN),3
6329,Токио (HND),Сеул (ICN),1
39428,Москва,Санкт-Петербург,1
31634,Стамбул (IST),Афины (ATH),2
24974,Краснодар,Сочи,1
682,Краснодар,Сочи,2
41230,Париж (CDG),Рим (FCO),1
2107,Мюнхен,Вена,1
35643,New York,Los Angeles,1
9453,Париж (CDG),Рим (FCO),3
30796,Мадрид (MAD),Барселона,1
11590,Frankfurt,Hamburg,2
23141,Берлин (BER),Амстердам (AMS),2
25792,Chicago,Miami,2
40207,Стамбул (IST),Афины (ATH),2
46746,Мюнхен,Вена,1
42456,Екатеринбург,Казань,2
7942,Лондон (LHR),Нью-Йорк (JFK),2
11524,Лондон (LHR),Нью-Йорк (JFK),1
49179,Екатеринбург,Казань,3
33200,Сингапур (SIN),Бали (DPS),1
4910,Frankfurt,Hamburg,1
4457,Frankfurt,Hamburg,1
42802,Москва (SVO),Париж (CDG),1
29534,Москва (SVO),Париж (CDG),1
12644,New York,Los Angeles,1
35729,Paris,Lyon,1
26892,Paris,Lyon,1
34315,Новосибирск,Горно-Алтайск,1
1750,Сингапур (SIN),Бали (DPS),1
26414,Rome,Milan,2
38134,Мюнхен,Вена,1
2651,Дубай (DXB),Бангкок (BKK),2
9723,Екатеринбург,Казань,2
25668,Стамбул (IST),Афины (ATH),1
24696,Париж (CDG),Рим (FCO),1
32923,Rome,Milan,3
36216,Chicago,Miami,1
29210,Новосибирск,Горно-Алтайск,2
16143,Токио (HND),Сеул (ICN),1
334,Дубай (DXB),Бангкок (BKK),2
28990,Дубай (DXB),Бангкок (BKK),1
13384,Frankfurt,Hamburg,3
45933,London,Edinburgh,2
3290,Токио (HND),Сеул (ICN),1
14871,Chicago,Miami,1
32199,Сингапур (SIN),Бали (DPS),2
41080,Лондон (LHR),Нью-Йорк (JFK),2
30608,Мюнхен,Вена,1
33831,Дубай (DXB),Бангкок (BKK),2
21838,Frankfurt,Hamburg,1
36430,Chicago,Miami,1
15246,Дубай (DXB),Бангкок (BKK),2
46416,Екатеринбург,Казань,1
45487,Мюнхен,Вена,1
29524,Токио (HND),Сеул (ICN),2
6003,Токио (HND),Сеул (ICN),1
5315,Екатеринбург,Казань,1
29130,Мадрид (MAD),Барселона,1
39290,New York,Los Angeles,2
48899,Новосибирск,Горно-Алтайск,2
49623,Краснодар,Сочи,1
21648,Москва,Санкт-Петербург,2
23473,Париж (CDG),Рим (FCO),3
45440,Краснодар,Сочи,2
21384,Берлин (BER),Амстердам (AMS),1
5306,Rome,Milan,1
23242,Москва (SVO),Париж (CDG),1
29162,Rome,Milan,2
20516,Paris,Lyon,1
47904,Стамбул (IST),Афины (ATH),2
3889,Дубай (DXB),Бангкок (BKK),1
7930,London,Edinburgh,2
33744,Стамбул (IST),Афины (ATH),3
12164,Екатеринбург,Казань,1
16168,Дубай (DXB),Бангкок (BKK),1
37386,Москва (SVO),Париж (CDG),1
45300,Берлин (BER),Амстердам (AMS),2
4923,Мюнхен,Вена,1
32342,Токио (HND),Сеул (ICN),1
2622,Лондон (LHR),Нью-Йорк (JFK),1
2142,London,Edinburgh,1
43534,Екатеринбург,Казань,3
28067,Москва (SVO),Париж (CDG),2
1976,Новосибирск,Горно-Алтайск,1
4128,London,Edinburgh,1
25428,Краснодар,Сочи,2
40961,Мюнхен,Вена,1
48745,Сингапур (SIN),Бали (DPS),2
24790,Сингапур (SIN),Бали (DPS),1
31873,Токио (HND),Сеул (ICN),1
34798,Москва,Санкт-Петербург,2
14524,Chicago,Miami,1
26242,Берлин (BER),Амстердам (AMS),1
33371,Сингапур (SIN),Бали (DPS),3
5705,Москва,Санкт-Петербург,1
44811,Сингапур (SIN),Бали (DPS),1
27639,Токио (HND),Сеул (ICN),1
18485,New York,Los Angeles,2
4549,Стамбул (IST),Афины (ATH),2
49390,New York,Los Angeles,1
6787,Paris,Lyon,2
12518,Москва,Санкт-Петербург,1
7082,Дубай (DXB),Бангкок (BKK),1
46534,London,Edinburgh,1
8919,Москва,Санкт-Петербург,4
36580,Новосибирск,Горно-Алтайск,1
42418,Москва (SVO),Париж (CDG),1
14454,Стамбул (IST),Афины (ATH),1
40107,Мадрид (MAD),Барселона,1
6440,Rome,Milan,1
9915,Дубай (DXB),Бангкок (BKK),3
1773,Rome,Milan,2
32310,Токио (HND),Сеул (ICN),1
24906,Chicago,Miami,1
29262,Москва (SVO),Париж (CDG),1
216,Берлин (BER),Амстердам (AMS),1
26928,Париж (CDG),Рим (FCO),1
12158,Стамбул (IST),Афины (ATH),1
14950,Лондон (LHR),Нью-Йорк (JFK),1
11121,Екатеринбург,Казань,2
45028,New York,Los Angeles,1
1579,Краснодар,Сочи,3
16133,Париж (CDG),Рим (FCO),2
30837,Берлин (BER),Амстердам (AMS),3
5709,Сингапур (SIN),Бали (DPS),1
41299,New York,Los Angeles,2
39988,Берлин (BER),Амстердам (AMS),1
31318,Москва (SVO),Париж (CDG),1
19948,London,Edinburgh,3
17845,London,Edinburgh,1
11725,Мадрид (MAD),Барселона,1
39611,Сингапур (SIN),Бали (DPS),2
45068,Москва,Санкт-Петербург,2
2035,New York,Los Angeles,1
17220,London,Edinburgh,3
5983,Москва (SVO),Париж (CDG),1
49011,Краснодар,Сочи,1
15924,Москва,Санкт-Петербург,1
37306,Москва (SVO),Париж (CDG),1
48265,Мадрид (MAD),Барселона,2
15726,Стамбул (IST),Афины (ATH),1
13286,Сингапур (SIN),Бали (DPS),1
28987,London,Edinburgh,1
35276,Краснодар,Сочи,2
17988,Сингапур (SIN),Бали (DPS),1
16545,Дубай (DXB),Бангкок (BKK),1
21274,Frankfurt,Hamburg,1
25314,Paris,Lyon,1
20007,Дубай (DXB),Бангкок (BKK),3
23023,Rome,Milan,3
40959,Лондон (LHR),Нью-Йорк (JFK),2
22403,Paris,Lyon,2
36391,New York,Los Angeles,1
31520,Chicago,Miami,1
3265,Москва,Санкт-Петербург,1
4249,Chicago,Miami,1
33618,Москва (SVO),Париж (CDG),1
43230,New York,Los Angeles,1
4988,Москва,Санкт-Петербург,1
38263,Frankfurt,Hamburg,2
1512,New York,Los Angeles,1
45266,Сингапур (SIN),Бали (DPS),1
36249,Лондон (LHR),Нью-Йорк (JFK),2
1077,Новосибирск,Горно-Алтайск,1
48904,Мюнхен,Вена,1
12149,Мюнхен,Вена,1
49329,Rome,Milan,1
43456,Chicago,Miami,1
36119,Chicago,Miami,2
10529,Париж (CDG),Рим (FCO),1
743,Лондон (LHR),Нью-Йорк (JFK),1
611,Мюнхен,Вена,2
44261,Сингапур (SIN),Бали (DPS),2
11356,Frankfurt,Hamburg,1
19167,Токио (HND),Сеул (ICN),2
16833,Стамбул (IST),Афины (ATH),2
4862,Сингапур (SIN),Бали (DPS),1
36911,Сингапур (SIN),Бали (DPS),2
26735,Краснодар,Сочи,2
29828,Rome,Milan,1
38230,Chicago,Miami,1
30974,Frankfurt,Hamburg,1
46463,Москва (SVO),Париж (CDG),1
29088,Екатеринбург,Казань,1
44744,Новосибирск,Горно-Алтайск,2
34047,Мюнхен,Вена,1
46369,Токио (HND),Сеул (ICN),1
9739,Мюнхен,Вена,1
39143,Лондон (LHR),Нью-Йорк (JFK),2
28664,Краснодар,Сочи,2
1223,Сингапур (SIN),Бали (DPS),2
44146,Сингапур (SIN),Бали (DPS),1
28208,Мюнхен,Вена,2
43922,Дубай (DXB),Бангкок (BKK),1
48900,Новосибирск,Горно-Алтайск,2
29221,Берлин (BER),Амстердам (AMS),1
1435,Rome,Milan,1
15951,New York,Los Angeles,1
41851,New York,Los Angeles,2
28958,Мадрид (MAD),Барселона,1
9211,Мадрид (MAD),Барселона,2
17695,Мюнхен,Вена,1
25313,Краснодар,Сочи,1
49434,Rome,Milan,1
35178,Chicago,Miami,1
22109,Москва (SVO),Париж (CDG),2
43455,Новосибирск,Горно-Алтайск,1
2871,Москва,Санкт-Петербург,2
13155,Париж (CDG),Рим (FCO),2
25845,Стамбул (IST),Афины (ATH),1
3584,Москва (SVO),Париж (CDG),1
754,Краснодар,Сочи,1
12924,Rome,Milan,1
37627,London,Edinburgh,1
15453,Мюнхен,Вена,1
42288,Rome,Milan,1
2035,Frankfurt,Hamburg,2
2096,Дубай (DXB),Бангкок (BKK),1
40621,Мюнхен,Вена,1
24371,Краснодар,Сочи,2
467,Москва,Санкт-Петербург,2
14130,Rome,Milan,1
11358,Paris,Lyon,1
47133,Москва (SVO),Париж (CDG),2
21368,Токио (HND),Сеул (ICN),1
38445,Новосибирск,Горно-Алтайск,1
40320,Екатеринбург,Казань,3
13935,Сингапур (SIN),Бали (DPS),1
12105,Paris,Lyon,1
32795,Paris,Lyon,1
9159,Токио (HND),Сеул (ICN),1
4448,Лондон (LHR),Нью-Йорк (JFK),2
43031,Берлин (BER),Амстердам (AMS),2
5194,Берлин (BER),Амстердам (AMS),2
15159,Токио (HND),Сеул (ICN),1
23710,New York,Los Angeles,1
4509,Frankfurt,Hamburg,1
48855,New York,Los Angeles,2
16796,Берлин (BER),Амстердам (AMS),1
3959,Москва,Санкт-Петербург,1
46804,Frankfurt,Hamburg,1
30324,Paris,Lyon,1
34406,Токио (HND),Сеул (ICN),2
33869,Токио (HND),Сеул (ICN),1
10017,Лондон (LHR),Нью-Йорк (JFK),1
42496,Мадрид (MAD),Барселона,1
43107,Москва,Санкт-Петербург,1
11336,Дубай (DXB),Бангкок (BKK),1
6189,Дубай (DXB),Бангкок (BKK),2
26490,Chicago,Miami,1
33064,Сингапур (SIN),Бали (DPS),1
3584,Берлин (BER),Амстердам (AMS),2
41252,Москва (SVO),Париж (CDG),1
38628,Берлин (BER),Амстердам (AMS),1
41547,Париж (CDG),Рим (FCO),1
22458,London,Edinburgh,2
20521,Токио (HND),Сеул (ICN),2
3087,New York,Los Angeles,1
5299,Стамбул (IST),Афины (ATH),2
43320,Сингапур (SIN),Бали (DPS),2
14925,Chicago,Miami,1
10529,Сингапур (SIN),Бали (DPS),2
44505,Frankfurt,Hamburg,1
36607,Сингапур (SIN),Бали (DPS),1
3756,Rome,Milan,1
30469,New York,Los Angeles,1
13113,Токио (HND),Сеул (ICN),2
27466,Paris,Lyon,1
31923,London,Edinburgh,1
17939,Краснодар,Сочи,1
19902,Краснодар,Сочи,1
2645,Дубай (DXB),Бангкок (BKK),1
44562,Екатеринбург,Казань,1
15022,Rome,Milan,3
34459,Мюнхен,Вена,1
39607,Москва,Санкт-Петербург,1
29271,Frankfurt,Hamburg,1
39343,Париж (CDG),Рим (FCO),2
33988,Chicago,Miami,2
49549,Москва (SVO),Париж (CDG),2
37888,Дубай (DXB),Бангкок (BKK),1
25621,Paris,Lyon,1
4516,New York,Los Angeles,2
41787,Берлин (BER),Амстердам (AMS),2
35448,Мюнхен,Вена,2
15171,Сингапур (SIN),Бали (DPS),2
35744,Новосибирск,Горно-Алтайск,1
41423,Новосибирск,Горно-Алтайск,1
13897,Chicago,Miami,1
16065,Стамбул (IST),Афины (ATH),2
27421,Paris,Lyon,2
7687,Берлин (BER),Амстердам (AMS),2
19506,New York,Los Angeles,3
11427,Paris,Lyon,2
30331,Мюнхен,Вена,2
38822,Новосибирск,Горно-Алтайск,1
11475,Лондон (LHR),Нью-Йорк (JFK),1
45748,Краснодар,Сочи,1
9748,Мадрид (MAD),Барселона,1
22041,Краснодар,Сочи,1
21191,Краснодар,Сочи,1
34722,Лондон (LHR),Нью-Йорк (JFK),1
29319,Мюнхен,Вена,2
14037,Rome,Milan,1
44280,Дубай (DXB),Бангкок (BKK),2
12771,New York,Los Angeles,2
6252,London,Edinburgh,3
45930,London,Edinburgh,1
24748,Paris,Lyon,1
31881,London,Edinburgh,1
19327,Токио (HND),Сеул (ICN),1
41472,Дубай (DXB),Бангкок (BKK),1
45994,Москва,Санкт-Петербург,1
34415,Новосибирск,Горно-Алтайск,1
19933,Мюнхен,Вена,1
38183,Екатеринбург,Казань,1
29541,Берлин (BER),Амстердам (AMS),1
19327,Мюнхен,Вена,2
40764,Мюнхен,Вена,2
27937,Мюнхен,Вена,1
17741,Мадрид (MAD),Барселона,1
12335,Мюнхен,Вена,2
32013,Дубай (DXB),Бангкок (BKK),1
20984,Стамбул (IST),Афины (ATH),2
31927,Стамбул (IST),Афины (ATH),1
34257,Chicago,Miami,1
45471,Париж (CDG),Рим (FCO),3
38936,London,Edinburgh,1
14752,Paris,Lyon,1
33924,Стамбул (IST),Афины (ATH),2
12673,Дубай (DXB),Бангкок (BKK),1
30034,Rome,Milan,1
20810,Мадрид (MAD),Барселона,1
47111,Новосибирск,Горно-Алтайск,2
26370,Сингапур (SIN),Бали (DPS),1
27925,Frankfurt,Hamburg,1
47717,Frankfurt,Hamburg,2
11920,Frankfurt,Hamburg,2
19926,Париж (CDG),Рим (FCO),1
15945,Мюнхен,Вена,2
10264,Rome,Milan,1
24127,Rome,Milan,3
5118,Chicago,Miami,1
6043,Стамбул (IST),Афины (ATH),1
2249,Екатеринбург,Казань,1
40529,Париж (CDG),Рим (FCO),2
12599,London,Edinburgh,3
33040,Стамбул (IST),Афины (ATH),1
30062,Лондон (LHR),Нью-Йорк (JFK),2
18214,Москва (SVO),Париж (CDG),2
24547,Париж (CDG),Рим (FCO),1
11826,Rome,Milan,1
675,Краснодар,Сочи,1
3440,Стамбул (IST),Афины (ATH),1
31981,Chicago,Miami,1
4761,Париж (CDG),Рим (FCO),2
41110,Москва,Санкт-Петербург,1
45890,Стамбул (IST),Афины (ATH),1
13399,Новосибирск,Горно-Алтайск,2
32864,Москва,Санкт-Петербург,1
8888,Берлин (BER),Амстердам (AMS),1
39753,Екатеринбург,Казань,1
5307,Лондон (LHR),Нью-Йорк (JFK),1
35425,London,Edinburgh,1
49477,Париж (CDG),Рим (FCO),1
45528,Москва (SVO),Париж (CDG),1
31570,Мюнхен,Вена,2
44266,Москва,Санкт-Петербург,2
21815,Стамбул (IST),Афины (ATH),1
41487,Берлин (BER),Амстердам (AMS),1
5133,Сингапур (SIN),Бали (DPS),1
13558,Москва (SVO),Париж (CDG),2
2189,Paris,Lyon,2
47290,Новосибирск,Горно-Алтайск,1
26170,Краснодар,Сочи,1
12471,Chicago,Miami,1
47880,London,Edinburgh,1
33501,Chicago,Miami,1
2761,Мадрид (MAD),Барселона,2
27991,Краснодар,Сочи,2
49188,New York,Los Angeles,1
31184,Краснодар,Сочи,2
44874,Москва,Санкт-Петербург,3
39387,Лондон (LHR),Нью-Йорк (JFK),2
31808,Париж (CDG),Рим (FCO),2
48909,Берлин (BER),Амстердам (AMS),1
41952,Москва (SVO),Париж (CDG),1
47049,London,Edinburgh,3
47716,Париж (CDG),Рим (FCO),1
15955,Rome,Milan,2
37764,Rome,Milan,2
17173,New York,Los Angeles,1
15920,Rome,Milan,1
37782,Chicago,Miami,1
41519,London,Edinburgh,1
26236,Дубай (DXB),Бангкок (BKK),1
29094,Париж (CDG),Рим (FCO),2
7308,Новосибирск,Горно-Алтайск,2
36172,Париж (CDG),Рим (FCO),1
47644,Краснодар,Сочи,1
47249,New York,Los Angeles,1
24654,Лондон (LHR),Нью-Йорк (JFK),1
7414,Chicago,Miami,1
21686,Берлин (BER),Амстердам (AMS),1
25855,London,Edinburgh,2
20810,London,Edinburgh,2
37515,Chicago,Miami,1
27080,Москва,Санкт-Петербург,1
48995,Rome,Milan,1
4584,Мадрид (MAD),Барселона,1
40267,Новосибирск,Горно-Алтайск,1
18151,Frankfurt,Hamburg,2
496,Дубай (DXB),Бангкок (BKK),2
41731,Мадрид (MAD),Барселона,1
17532,Frankfurt,Hamburg,1
18750,Париж (CDG),Рим (FCO),1
38924,Екатеринбург,Казань,1
10421,Chicago,Miami,1
41667,Екатеринбург,Казань,3
38964,New York,Los Angeles,1
9460,Frankfurt,Hamburg,1
2766,Frankfurt,Hamburg,5
37545,Берлин (BER),Амстердам (AMS),3
1674,Москва (SVO),Париж (CDG),2
31784,Москва (SVO),Париж (CDG),1
8140,Мюнхен,Вена,1
23946,Chicago,Miami,1
36023,New York,Los Angeles,1
16774,Краснодар,Сочи,1
42933,Лондон (LHR),Нью-Йорк (JFK),3
2596,London,Edinburgh,1
16783,Екатеринбург,Казань,2
1516,Frankfurt,Hamburg,1
30656,Мюнхен,Вена,2
1920,Москва (SVO),Париж (CDG),4
18391,London,Edinburgh,1
42967,Сингапур (SIN),Бали (DPS),3
9921,Москва,Санкт-Петербург,1
1891,Токио (HND),Сеул (ICN),1
39814,Париж (CDG),Рим (FCO),2
10789,Москва (SVO),Париж (CDG),1
42154,Париж (CDG),Рим (FCO),1
33756,Краснодар,Сочи,1
19986,Мадрид (MAD),Барселона,1
12239,Сингапур (SIN),Бали (DPS),4
38866,Стамбул (IST),Афины (ATH),1
361,Лондон (LHR),Нью-Йорк (JFK),1
44375,Мадрид (MAD),Барселона,2
14851,Сингапур (SIN),Бали (DPS),1
10547,Rome,Milan,2
22081,Стамбул (IST),Афины (ATH),1
26463,Токио (HND),Сеул (ICN),1
18355,Мюнхен,Вена,2
14192,Мадрид (MAD),Барселона,1
24866,London,Edinburgh,4
23220,Новосибирск,Горно-Алтайск,1
14540,Берлин (BER),Амстердам (AMS),1
8358,Париж (CDG),Рим (FCO),2
15429,Мюнхен,Вена,1
17507,Москва,Санкт-Петербург,1
45460,Дубай (DXB),Бангкок (BKK),1
20832,Москва,Санкт-Петербург,2
15602,Екатеринбург,Казань,1
10116,Москва,Санкт-Петербург,1
16324,Краснодар,Сочи,1
36175,Новосибирск,Горно-Алтайск,2
1307,Новосибирск,Горно-Алтайск,2
24590,Мюнхен,Вена,1
43734,Frankfurt,Hamburg,3
26888,London,Edinburgh,1
4371,London,Edinburgh,1
47409,Сингапур (SIN),Бали (DPS),1
8758,Токио (HND),Сеул (ICN),2
39740,Париж (CDG),Рим (FCO),1
33700,Токио (HND),Сеул (ICN),2
31898,Токио (HND),Сеул (ICN),1
11888,Paris,Lyon,1
46457,Екатеринбург,Казань,1
46992,Rome,Milan,2
34366,Москва (SVO),Париж (CDG),2
16110,London,Edinburgh,2
29615,London,Edinburgh,1
9693,Париж (CDG),Рим (FCO),1
42662,Новосибирск,Горно-Алтайск,1
8113,Лондон (LHR),Нью-Йорк (JFK),2
46198,Rome,Milan,4
11789,Токио (HND),Сеул (ICN),1
9648,Москва (SVO),Париж (CDG),2
13532,Берлин (BER),Амстердам (AMS),1
924,Rome,Milan,3
4099,Дубай (DXB),Бангкок (BKK),2
20266,Лондон (LHR),Нью-Йорк (JFK),1
21318,Мадрид (MAD),Барселона,2
7220,Paris,Lyon,2
44616,Новосибирск,Горно-Алтайск,3
32181,Берлин (BER),Амстердам (AMS),2
10229,London,Edinburgh,3
7283,Москва (SVO),Париж (CDG),1
26028,Токио (HND),Сеул (ICN),1
22592,Москва,Санкт-Петербург,1
40907,London,Edinburgh,3
15062,Краснодар,Сочи,1
36634,London,Edinburgh,1
31806,Париж (CDG),Рим (FCO),2
23069,Frankfurt,Hamburg,2
36060,Париж (CDG),Рим (FCO),4
23930,Москва (SVO),Париж (CDG),2
7328,Мадрид (MAD),Барселона,1
48048,Frankfurt,Hamburg,2
42401,Стамбул (IST),Афины (ATH),4
11188,Лондон (LHR),Нью-Йорк (JFK),1
5560,Лондон (LHR),Нью-Йорк (JFK),2
25047,Париж (CDG),Рим (FCO),1
47822,Rome,Milan,1
5205,Rome,Milan,1
49621,Новосибирск,Горно-Алтайск,2
37656,Стамбул (IST),Афины (ATH),1
34659,Париж (CDG),Рим (FCO),1
5063,Мюнхен,Вена,1
32730,Екатеринбург,Казань,1
7440,Лондон (LHR),Нью-Йорк (JFK),2
24953,Москва,Санкт-Петербург,2
40583,Дубай (DXB),Бангкок (BKK),1
41936,Новосибирск,Горно-Алтайск,2
5059,Париж (CDG),Рим (FCO),2
35778,Париж (CDG),Рим (FCO),3
23874,Дубай (DXB),Бангкок (BKK),2
344,Новосибирск,Горно-Алтайск,2
20211,Париж (CDG),Рим (FCO),1
28479,Краснодар,Сочи,1
44901,Мюнхен,Вена,1
11004,Rome,Milan,2
24167,New York,Los Angeles,1
38815,Сингапур (SIN),Бали (DPS),1
48045,Мадрид (MAD),Барселона,3
8755,Париж (CDG),Рим (FCO),1
15563,Paris,Lyon,1
34915,Сингапур (SIN),Бали (DPS),1
19803,Сингапур (SIN),Бали (DPS),2
46068,Rome,Milan,1
30730,Париж (CDG),Рим (FCO),1
27365,Новосибирск,Горно-Алтайск,1
30891,Paris,Lyon,1
35065,Берлин (BER),Амстердам (AMS),2
16622,Новосибирск,Горно-Алтайск,1
44896,Frankfurt,Hamburg,1
43337,London,Edinburgh,2
8458,Мадрид (MAD),Барселона,1
10290,Краснодар,Сочи,1
33410,Paris,Lyon,1
42070,Токио (HND),Сеул (ICN),1
31240,Москва,Санкт-Петербург,1
25613,Москва,Санкт-Петербург,1
29609,Берлин (BER),Амстердам (AMS),2
4262,Берлин (BER),Амстердам (AMS),1
5737,Берлин (BER),Амстердам (AMS),2
29747,Лондон (LHR),Нью-Йорк (JFK),1
26801,Токио (HND),Сеул (ICN),1
13642,Новосибирск,Горно-Алтайск,2
4934,Москва (SVO),Париж (CDG),2
48430,Париж (CDG),Рим (FCO),1
32086,Москва,Санкт-Петербург,1
49207,Краснодар,Сочи,1
25085,Екатеринбург,Казань,1
13734,London,Edinburgh,1
41632,Токио (HND),Сеул (ICN),1
8195,Берлин (BER),Амстердам (AMS),1
17769,Берлин (BER),Амстердам (AMS),1
21096,Краснодар,Сочи,1
5316,Екатеринбург,Казань,1
12773,Дубай (DXB),Бангкок (BKK),2
6412,Дубай (DXB),Бангкок (BKK),1
47166,Frankfurt,Hamburg,1
43099,Новосибирск,Горно-Алтайск,1
46211,Берлин (BER),Амстердам (AMS),1
845,Новосибирск,Горно-Алтайск,2
26443,Токио (HND),Сеул (ICN),1
10752,Новосибирск,Горно-Алтайск,1
48024,Краснодар,Сочи,3
38256,Москва,Санкт-Петербург,2
36576,New York,Los Angeles,3
46666,Париж (CDG),Рим (FCO),1
33120,Rome,Milan,1
23866,Новосибирск,Горно-Алтайск,2
33791,Paris,Lyon,3
23566,Rome,Milan,2
48324,Париж (CDG),Рим (FCO),2
10107,London,Edinburgh,1
44145,Москва (SVO),Париж (CDG),2
42209,London,Edinburgh,1
48896,Chicago,Miami,1
17907,Frankfurt,Hamburg,1
27261,Paris,Lyon,2
21457,Токио (HND),Сеул (ICN),1
4533,New York,Los Angeles,3
3384,Новосибирск,Горно-Алтайск,1
1520,Chicago,Miami,1
44446,Париж (CDG),Рим (FCO),2
43662,Берлин (BER),Амстердам (AMS),1
39886,Париж (CDG),Рим (FCO),2
828,Мюнхен,Вена,1
35690,Дубай (DXB),Бангкок (BKK),1
49596,Мюнхен,Вена,1
3155,London,Edinburgh,2
46666,Paris,Lyon,2
1138,Москва,Санкт-Петербург,2
29272,Мадрид (MAD),Барселона,3
15868,Екатеринбург,Казань,2
6928,New York,Los Angeles,1
50007,Дубай (DXB),Бангкок (BKK),1
37825,Новосибирск,Горно-Алтайск,1
27874,Paris,Lyon,2
35609,Paris,Lyon,2
258,Москва (SVO),Париж (CDG),3
19120,Сингапур (SIN),Бали (DPS),1
19403,Мадрид (MAD),Барселона,1
47649,Берлин (BER),Амстердам (AMS),1
45487,Новосибирск,Горно-Алтайск,2
48056,London,Edinburgh,1
16288,Frankfurt,Hamburg,1
24672,Токио (HND),Сеул (ICN),2
30317,Chicago,Miami,2
6440,Сингапур (SIN),Бали (DPS),2
18995,Стамбул (IST),Афины (ATH),1
26802,Лондон (LHR),Нью-Йорк (JFK),2
30704,Сингапур (SIN),Бали (DPS),1
21383,Новосибирск,Горно-Алтайск,3
24288,Париж (CDG),Рим (FCO),4
30011,Rome,Milan,2
34795,Берлин (BER),Амстердам (AMS),1
33695,New York,Los Angeles,3
29641,Мюнхен,Вена,2
44126,New York,Los Angeles,1
39447,Краснодар,Сочи,2
42793,Мюнхен,Вена,1
26342,Москва (SVO),Париж (CDG),2
30084,Берлин (BER),Амстердам (AMS),1
49030,Мадрид (MAD),Барселона,2
13894,Лондон (LHR),Нью-Йорк (JFK),1
34167,Сингапур (SIN),Бали (DPS),1
42209,Chicago,Miami,2
14610,Мадрид (MAD),Барселона,1
10800,Frankfurt,Hamburg,1
30679,London,Edinburgh,1
32783,Мюнхен,Вена,1
41936,Мюнхен,Вена,3
48852,Chicago,Miami,2
9578,New York,Los Angeles,2
22449,Москва (SVO),Париж (CDG),1
31088,Frankfurt,Hamburg,1
16479,Москва,Санкт-Петербург,3
29689,London,Edinburgh,1
21183,London,Edinburgh,3
35959,London,Edinburgh,1
30169,Мадрид (MAD),Барселона,1
25106,Москва,Санкт-Петербург,1
22846,Москва,Санкт-Петербург,1
3972,Мадрид (MAD),Барселона,1
47780,New York,Los Angeles,1
42679,Стамбул (IST),Афины (ATH),3
37878,Краснодар,Сочи,2
22962,Chicago,Miami,2
35295,Лондон (LHR),Нью-Йорк (JFK),1
9631,Екатеринбург,Казань,1
185,Мюнхен,Вена,2
46606,London,Edinburgh,3
27619,Новосибирск,Горно-Алтайск,2
7591,Париж (CDG),Рим (FCO),3
38200,Москва (SVO),Париж (CDG),1
37868,Paris,Lyon,1
40564,Мюнхен,Вена,1
12928,Краснодар,Сочи,3
6831,Токио (HND),Сеул (ICN),1
28007,Мюнхен,Вена,2
38367,Берлин (BER),Амстердам (AMS),1
47428,Дубай (DXB),Бангкок (BKK),2
953,Москва (SVO),Париж (CDG),2
29575,New York,Los Angeles,2
9472,Chicago,Miami,1
33416,London,Edinburgh,1
47389,Берлин (BER),Амстердам (AMS),1
22778,Москва,Санкт-Петербург,1
13893,New York,Los Angeles,1
20310,Мюнхен,Вена,1
41342,Москва (SVO),Париж (CDG),1
19607,Лондон (LHR),Нью-Йорк (JFK),2
23874,Сингапур (SIN),Бали (DPS),3
14279,Токио (HND),Сеул (ICN),1
49062,Frankfurt,Hamburg,1
48746,Paris,Lyon,4
44260,Екатеринбург,Казань,1
20811,Frankfurt,Hamburg,1
16765,Краснодар,Сочи,1
22848,Краснодар,Сочи,4
43530,Rome,Milan,2
21530,Москва,Санкт-Петербург,1
16789,Берлин (BER),Амстердам (AMS),2
21866,Frankfurt,Hamburg,2
4898,London,Edinburgh,2
40199,Москва (SVO),Париж (CDG),1
21154,Стамбул (IST),Афины (ATH),1
42622,New York,Los Angeles,1
30272,Стамбул (IST),Афины (ATH),1
41512,Мюнхен,Вена,1
46564,New York,Los Angeles,1
8323,London,Edinburgh,1
43221,New York,Los Angeles,1
37964,Берлин (BER),Амстердам (AMS),1
4294,Стамбул (IST),Афины (ATH),1
5274,Paris,Lyon,1
32307,Токио (HND),Сеул (ICN),1
26918,Сингапур (SIN),Бали (DPS),2
37353,New York,Los Angeles,1
27442,Сингапур (SIN),Бали (DPS),1
14649,Paris,Lyon,1
36778,Frankfurt,Hamburg,1
16936,Москва (SVO),Париж (CDG),1
27581,Frankfurt,Hamburg,1
10961,Лондон (LHR),Нью-Йорк (JFK),2
45989,Paris,Lyon,1
31825,Стамбул (IST),Афины (ATH),1
33099,Мадрид (MAD),Барселона,1
39491,Chicago,Miami,2
1382,Москва (SVO),Париж (CDG),1
24641,New York,Los Angeles,1
27403,London,Edinburgh,2
25091,Новосибирск,Горно-Алтайск,1
38011,Москва,Санкт-Петербург,2
14287,Берлин (BER),Амстердам (AMS),1
23048,Токио (HND),Сеул (ICN),1
4455,Москва,Санкт-Петербург,1
47800,Стамбул (IST),Афины (ATH),1
10610,Chicago,Miami,3
19872,Париж (CDG),Рим (FCO),4
30333,Сингапур (SIN),Бали (DPS),2
20020,Мюнхен,Вена,1
27019,Краснодар,Сочи,2
32561,Мадрид (MAD),Барселона,1
10920,Новосибирск,Горно-Алтайск,2
10435,Paris,Lyon,1
709,London,Edinburgh,2
45049,Мюнхен,Вена,1
47531,Rome,Milan,1
34466,Москва,Санкт-Петербург,1
12873,London,Edinburgh,2
44698,Chicago,Miami,2
2222,Новосибирск,Горно-Алтайск,1
32757,Токио (HND),Сеул (ICN),1
47260,Екатеринбург,Казань,1
15234,Мадрид (MAD),Барселона,1
18751,Лондон (LHR),Нью-Йорк (JFK),2
24450,Дубай (DXB),Бангкок (BKK),1
14649,Rome,Milan,2
28540,Москва,Санкт-Петербург,1
5745,Токио (HND),Сеул (ICN),2
26512,Chicago,Miami,1
27499,Сингапур (SIN),Бали (DPS),1
5241,London,Edinburgh,1
913,Токио (HND),Сеул (ICN),1
900,New York,Los Angeles,1
5963,Сингапур (SIN),Бали (DPS),2
27479,Москва (SVO),Париж (CDG),1
3909,Стамбул (IST),Афины (ATH),3
16230,Chicago,Miami,1
5818,Москва,Санкт-Петербург,4
29177,Дубай (DXB),Бангкок (BKK),2
44923,Chicago,Miami,1
24882,Мадрид (MAD),Барселона,1
3798,Rome,Milan,3
37179,Rome,Milan,1
21553,Chicago,Miami,2
38274,Мадрид (MAD),Барселона,2
35303,Chicago,Miami,2
18061,Париж (CDG),Рим (FCO),1
40608,Токио (HND),Сеул (ICN),1
483,London,Edinburgh,1
49666,Frankfurt,Hamburg,3
10861,Екатеринбург,Казань,2
32672,Париж (CDG),Рим (FCO),3
27544,Токио (HND),Сеул (ICN),1
22354,Москва (SVO),Париж (CDG),1
11692,London,Edinburgh,2
33749,Chicago,Miami,2
42121,Paris,Lyon,1
5152,Москва (SVO),Париж (CDG),2
4614,Москва (SVO),Париж (CDG),2
44172,Сингапур (SIN),Бали (DPS),1
43999,Токио (HND),Сеул (ICN),2
18789,Chicago,Miami,1
22020,Берлин (BER),Амстердам (AMS),2
8296,Токио (HND),Сеул (ICN),1
8090,Париж (CDG),Рим (FCO),1
24252,Стамбул (IST),Афины (ATH),1
40330,Rome,Milan,1
31895,Токио (HND),Сеул (ICN),2
46681,Новосибирск,Горно-Алтайск,1
48737,Берлин (BER),Амстердам (AMS),1
3037,Мадрид (MAD),Барселона,1
48144,Париж (CDG),Рим (FCO),1
38442,Paris,Lyon,1
27955,Frankfurt,Hamburg,1
22825,London,Edinburgh,2
27416,Дубай (DXB),Бангкок (BKK),1
24293,Мадрид (MAD),Барселона,2
43306,Rome,Milan,1
42217,Дубай (DXB),Бангкок (BKK),1
46988,Rome,Milan,1
4222,Москва (SVO),Париж (CDG),2
21949,Сингапур (SIN),Бали (DPS),1
46649,Мюнхен,Вена,2
29369,Лондон (LHR),Нью-Йорк (JFK),1
42384,Сингапур (SIN),Бали (DPS),2
46668,Chicago,Miami,1
34152,Rome,Milan,1
13933,Берлин (BER),Амстердам (AMS),2
21970,Лондон (LHR),Нью-Йорк (JFK),1
43598,Новосибирск,Горно-Алтайск,3
17732,Дубай (DXB),Бангкок (BKK),1
10168,Берлин (BER),Амстердам (AMS),1
8026,Берлин (BER),Амстердам (AMS),1
34717,Екатеринбург,Казань,1
9939,Frankfurt,Hamburg,1
16767,Frankfurt,Hamburg,1
25248,Мюнхен,Вена,2
45298,London,Edinburgh,1
44710,Краснодар,Сочи,1
36827,Rome,Milan,2
17607,London,Edinburgh,1
10607,Новосибирск,Горно-Алтайск,1
23710,Лондон (LHR),Нью-Йорк (JFK),2
999,Мадрид (MAD),Барселона,1
19896,London,Edinburgh,2
12203,Chicago,Miami,1
11964,Москва,Санкт-Петербург,1
48650,London,Edinburgh,2
24837,Мюнхен,Вена,1
12348,London,Edinburgh,1
1142,Токио (HND),Сеул (ICN),1
29800,Лондон (LHR),Нью-Йорк (JFK),1
19889,Мадрид (MAD),Барселона,1
26103,Лондон (LHR),Нью-Йорк (JFK),1
10904,Chicago,Miami,1
49932,Paris,Lyon,1
43239,Chicago,Miami,2
17237,Frankfurt,Hamburg,1
40439,Мюнхен,Вена,1
35491,Токио (HND),Сеул (ICN),2
28220,Rome,Milan,1
19941,London,Edinburgh,1
24420,Лондон (LHR),Нью-Йорк (JFK),1
33841,Стамбул (IST),Афины (ATH),2
3086,Новосибирск,Горно-Алтайск,2
49426,Frankfurt,Hamburg,1
22203,Rome,Milan,1
3642,Берлин (BER),Амстердам (AMS),1
12426,Москва (SVO),Париж (CDG),1
3232,Rome,Milan,2
7454,Chicago,Miami,2
24161,Париж (CDG),Рим (FCO),2
40802,Лондон (LHR),Нью-Йорк (JFK),1
32269,Лондон (LHR),Нью-Йорк (JFK),1
23620,Chicago,Miami,1
12768,Краснодар,Сочи,2
17270,Москва (SVO),Париж (CDG),1
32106,Мадрид (MAD),Барселона,1
21039,Мадрид (MAD),Барселона,1
24675,Екатеринбург,Казань,2
16508,Москва,Санкт-Петербург,3
11971,London,Edinburgh,1
20291,Лондон (LHR),Нью-Йорк (JFK),2
43509,Москва,Санкт-Петербург,1
30977,Мюнхен,Вена,1
7837,Дубай (DXB),Бангкок (BKK),2
16712,Москва,Санкт-Петербург,1
28967,Москва (SVO),Париж (CDG),1
24494,Краснодар,Сочи,1
35637,Мюнхен,Вена,1
27605,Лондон (LHR),Нью-Йорк (JFK),1
41158,Rome,Milan,2
22167,Краснодар,Сочи,2
38106,Токио (HND),Сеул (ICN),1
12432,Стамбул (IST),Афины (ATH),3
12310,Chicago,Miami,1
49173,Frankfurt,Hamburg,1
19062,Париж (CDG),Рим (FCO),3
43117,Paris,Lyon,2
15832,Frankfurt,Hamburg,1
11616,Берлин (BER),Амстердам (AMS),2
27505,Сингапур (SIN),Бали (DPS),2
21516,Сингапур (SIN),Бали (DPS),2
20695,Екатеринбург,Казань,1
2933,Лондон (LHR),Нью-Йорк (JFK),3
10416,Rome,Milan,1
31165,Paris,Lyon,1
41875,Мадрид (MAD),Барселона,2
37216,Краснодар,Сочи,2
40078,Париж (CDG),Рим (FCO),1
23569,Екатеринбург,Казань,1
29818,Chicago,Miami,1
36314,Лондон (LHR),Нью-Йорк (JFK),1
32311,Paris,Lyon,1
21363,Париж (CDG),Рим (FCO),1
291,Rome,Milan,1
36069,Париж (CDG),Рим (FCO),1
18782,Rome,Milan,2
42892,Мюнхен,Вена,2
38244,Chicago,Miami,1
11108,Париж (CDG),Рим (FCO),3
49753,Лондон (LHR),Нью-Йорк (JFK),1
29692,London,Edinburgh,2
42471,Берлин (BER),Амстердам (AMS),1
25291,Краснодар,Сочи,1
15648,Москва,Санкт-Петербург,1
44128,Новосибирск,Горно-Алтайск,1
29744,Москва (SVO),Париж (CDG),1
38046,Paris,Lyon,1
43270,Токио (HND),Сеул (ICN),1
31968,Frankfurt,Hamburg,2
1929,Rome,Milan,1
30456,Москва,Санкт-Петербург,1
17504,Rome,Milan,2
29200,Chicago,Miami,1
3173,Екатеринбург,Казань,1
4609,Frankfurt,Hamburg,1
1065,Дубай (DXB),Бангкок (BKK),1
24841,Стамбул (IST),Афины (ATH),2
49012,Дубай (DXB),Бангкок (BKK),2
29620,Сингапур (SIN),Бали (DPS),1
15355,Париж (CDG),Рим (FCO),1
49162,New York,Los Angeles,1
23387,New York,Los Angeles,1
44225,Берлин (BER),Амстердам (AMS),1
523,Стамбул (IST),Афины (ATH),1
20674,Paris,Lyon,1
27599,London,Edinburgh,2
44830,Дубай (DXB),Бангкок (BKK),1
17487,Дубай (DXB),Бангкок (BKK),1
31433,Paris,Lyon,1
13301,Дубай (DXB),Бангкок (BKK),2
42475,Сингапур (SIN),Бали (DPS),1
43830,Москва (SVO),Париж (CDG),1
4044,New York,Los Angeles,2
47360,Токио (HND),Сеул (ICN),1
12312,New York,Los Angeles,1
10321,Новосибирск,Горно-Алтайск,2
2662,Мадрид (MAD),Барселона,1
43721,Екатеринбург,Казань,1
37627,Мадрид (MAD),Барселона,2
33769,Москва (SVO),Париж (CDG),1
37185,Paris,Lyon,1
34380,Мюнхен,Вена,1
14462,Мадрид (MAD),Барселона,1
13771,Мюнхен,Вена,2
27213,Сингапур (SIN),Бали (DPS),2
10426,Новосибирск,Горно-Алтайск,2
18693,London,Edinburgh,1
14596,Новосибирск,Горно-Алтайск,1
9026,Токио (HND),Сеул (ICN),2
11102,Краснодар,Сочи,1
32165,Новосибирск,Горно-Алтайск,2
38953,Frankfurt,Hamburg,2
30069,Мадрид (MAD),Барселона,2
20056,Токио (HND),Сеул (ICN),2
20890,Стамбул (IST),Афины (ATH),1
24130,Лондон (LHR),Нью-Йорк (JFK),2
2155,Париж (CDG),Рим (FCO),2
44961,Chicago,Miami,1
13609,Paris,Lyon,2
20179,Лондон (LHR),Нью-Йорк (JFK),1
39348,Paris,Lyon,2
13907,Paris,Lyon,2
22132,Rome,Milan,1
45872,Мадрид (MAD),Барселона,1
11967,New York,Los Angeles,2
17542,Новосибирск,Горно-Алтайск,1
22305,Берлин (BER),Амстердам (AMS),1
47229,Москва,Санкт-Петербург,3
15612,Сингапур (SIN),Бали (DPS),1
37958,Токио (HND),Сеул (ICN),1
11549,London,Edinburgh,2
36505,Краснодар,Сочи,2
8126,Москва (SVO),Париж (CDG),5
8084,Берлин (BER),Амстердам (AMS),1
38763,Лондон (LHR),Нью-Йорк (JFK),2
42175,Москва (SVO),Париж (CDG),1
34078,Париж (CDG),Рим (FCO),2
21634,Мюнхен,Вена,1
5516,Москва,Санкт-Петербург,2
42675,Екатеринбург,Казань,1
44184,Москва,Санкт-Петербург,1
9329,London,Edinburgh,1
42547,Токио (HND),Сеул (ICN),1
5888,Мадрид (MAD),Барселона,1
46855,Сингапур (SIN),Бали (DPS),2
42620,Chicago,Miami,2
5229,Краснодар,Сочи,2
34579,Rome,Milan,1
34700,Дубай (DXB),Бангкок (BKK),2
10163,Москва (SVO),Париж (CDG),2
44219,Мадрид (MAD),Барселона,1
29541,Paris,Lyon,2
31702,Токио (HND),Сеул (ICN),1
46893,Токио (HND),Сеул (ICN),1
29303,Frankfurt,Hamburg,1
9304,Мадрид (MAD),Барселона,1
29746,London,Edinburgh,1
48722,Paris,Lyon,1
20832,Сингапур (SIN),Бали (DPS),3
4727,Новосибирск,Горно-Алтайск,2
7559,Сингапур (SIN),Бали (DPS),3
12548,Rome,Milan,2
36890,Екатеринбург,Казань,2
1638,Стамбул (IST),Афины (ATH),1
32254,London,Edinburgh,1
21995,Москва,Санкт-Петербург,1
12260,Токио (HND),Сеул (ICN),1
42546,Лондон (LHR),Нью-Йорк (JFK),1
1489,Chicago,Miami,1
31926,New York,Los Angeles,2
38664,Мадрид (MAD),Барселона,3
14560,Rome,Milan,1
12346,Москва,Санкт-Петербург,1
18553,Краснодар,Сочи,3
24973,Дубай (DXB),Бангкок (BKK),1
48438,Frankfurt,Hamburg,1
33216,Дубай (DXB),Бангкок (BKK),3
41841,London,Edinburgh,1
2318,Новосибирск,Горно-Алтайск,1
48495,Frankfurt,Hamburg,1
18730,Краснодар,Сочи,1
45591,Frankfurt,Hamburg,1
37037,London,Edinburgh,1
27208,Мадрид (MAD),Барселона,1
27384,Токио (HND),Сеул (ICN),1
13255,Токио (HND),Сеул (ICN),1
30491,Москва (SVO),Париж (CDG),2
36446,Лондон (LHR),Нью-Йорк (JFK),3
3575,New York,Los Angeles,2
10599,New York,Los Angeles,1
18933,Новосибирск,Горно-Алтайск,1
14973,Дубай (DXB),Бангкок (BKK),1
448,Лондон (LHR),Нью-Йорк (JFK),2
13033,New York,Los Angeles,2
7844,London,Edinburgh,2
41023,Frankfurt,Hamburg,1
12131,Мюнхен,Вена,1
16404,London,Edinburgh,2
4292,Москва (SVO),Париж (CDG),1
2885,Мюнхен,Вена,3
48444,Frankfurt,Hamburg,1
30690,Токио (HND),Сеул (ICN),1
22359,New York,Los Angeles,1
49451,Москва,Санкт-Петербург,1
38145,Москва (SVO),Париж (CDG),1
38864,Екатеринбург,Казань,1
16764,Chicago,Miami,1
40224,Paris,Lyon,1
41388,Новосибирск,Горно-Алтайск,1
7801,Лондон (LHR),Нью-Йорк (JFK),1
18937,Париж (CDG),Рим (FCO),2
48368,Chicago,Miami,3
22546,New York,Los Angeles,2
36590,New York,Los Angeles,1
6405,Лондон (LHR),Нью-Йорк (JFK),1
3242,Берлин (BER),Амстердам (AMS),1
1482,Сингапур (SIN),Бали (DPS),2
44039,Rome,Milan,1
19098,Дубай (DXB),Бангкок (BKK),1
22521,Стамбул (IST),Афины (ATH),1
27680,Мюнхен,Вена,1
40310,Мюнхен,Вена,2
16592,New York,Los Angeles,1
27998,London,Edinburgh,1
11441,Москва,Санкт-Петербург,2
7684,Paris,Lyon,2
5151,London,Edinburgh,2
43050,Новосибирск,Горно-Алтайск,3
32024,London,Edinburgh,3
2346,Дубай (DXB),Бангкок (BKK),1
13893,Rome,Milan,2
5161,Новосибирск,Горно-Алтайск,1
16036,Париж (CDG),Рим (FCO),1
6665,Frankfurt,Hamburg,2
48272,Москва (SVO),Париж (CDG),2
49627,Москва,Санкт-Петербург,1
14188,Мюнхен,Вена,1
645,Frankfurt,Hamburg,2
29215,Лондон (LHR),Нью-Йорк (JFK),1
30758,London,Edinburgh,1
36358,Paris,Lyon,2
25355,Chicago,Miami,1
35719,Новосибирск,Горно-Алтайск,3
12392,Екатеринбург,Казань,2
28451,Мадрид (MAD),Барселона,2
10185,Стамбул (IST),Афины (ATH),3
24916,Мадрид (MAD),Барселона,1
41105,Париж (CDG),Рим (FCO),1
10737,Москва,Санкт-Петербург,1
928,London,Edinburgh,2
42077,Paris,Lyon,2
31748,Дубай (DXB),Бангкок (BKK),1
15211,Rome,Milan,1
43888,Краснодар,Сочи,1
40493,Москва,Санкт-Петербург,2
36242,Rome,Milan,2
46384,Мюнхен,Вена,1
399,Сингапур (SIN),Бали (DPS),1
29185,Краснодар,Сочи,2
15192,Новосибирск,Горно-Алтайск,1
15789,Москва,Санкт-Петербург,1
39138,London,Edinburgh,1
14649,Лондон (LHR),Нью-Йорк (JFK),3
36215,Екатеринбург,Казань,2
43685,Париж (CDG),Рим (FCO),1
17375,Токио (HND),Сеул (ICN),3
13396,Chicago,Miami,1
24730,Екатеринбург,Казань,1
42909,Сингапур (SIN),Бали (DPS),2
2063,Сингапур (SIN),Бали (DPS),2
49585,Rome,Milan,1
21206,Мюнхен,Вена,1
18018,Берлин (BER),Амстердам (AMS),1
17142,Мадрид (MAD),Барселона,2
38541,Мюнхен,Вена,2
7703,Сингапур (SIN),Бали (DPS),2
3498,Стамбул (IST),Афины (ATH),2
40291,Лондон (LHR),Нью-Йорк (JFK),1
4775,Париж (CDG),Рим (FCO),1
3130,Стамбул (IST),Афины (ATH),1
38151,Екатеринбург,Казань,1
42919,Берлин (BER),Амстердам (AMS),2
27466,Стамбул (IST),Афины (ATH),2
20166,Frankfurt,Hamburg,1
21250,Стамбул (IST),Афины (ATH),1
19629,Берлин (BER),Амстердам (AMS),2
5939,London,Edinburgh,1
44032,London,Edinburgh,1
35569,Стамбул (IST),Афины (ATH),2
17363,London,Edinburgh,2
33606,Стамбул (IST),Афины (ATH),3
41837,Frankfurt,Hamburg,1
7803,Стамбул (IST),Афины (ATH),1
2341,Лондон (LHR),Нью-Йорк (JFK),1
43334,Новосибирск,Горно-Алтайск,1
45040,Краснодар,Сочи,2
38590,Москва (SVO),Париж (CDG),1
38398,Стамбул (IST),Афины (ATH),1
10830,Екатеринбург,Казань,2
26646,Мадрид (MAD),Барселона,1
10696,Rome,Milan,1
43408,Москва (SVO),Париж (CDG),1
24616,Rome,Milan,1
9684,New York,Los Angeles,1
32969,Москва,Санкт-Петербург,1
33361,Париж (CDG),Рим (FCO),1
38173,Екатеринбург,Казань,1
42576,Chicago,Miami,1
21682,Москва (SVO),Париж (CDG),2
32992,Сингапур (SIN),Бали (DPS),1
13304,Frankfurt,Hamburg,1
40176,New York,Los Angeles,1
14498,Frankfurt,Hamburg,1
33065,Сингапур (SIN),Бали (DPS),1
26101,Paris,Lyon,1
17677,New York,Los Angeles,1
35374,Краснодар,Сочи,1
32495,Дубай (DXB),Бангкок (BKK),1
28379,Москва (SVO),Париж (CDG),2
23821,Мадрид (MAD),Барселона,1
28231,Paris,Lyon,1
35401,Rome,Milan,1
37346,London,Edinburgh,2
26810,Париж (CDG),Рим (FCO),1
2477,Новосибирск,Горно-Алтайск,1
10399,Москва,Санкт-Петербург,1
11736,Новосибирск,Горно-Алтайск,1
23439,Frankfurt,Hamburg,2
35176,Сингапур (SIN),Бали (DPS),1
15927,Лондон (LHR),Нью-Йорк (JFK),1
13571,Chicago,Miami,1
49836,Новосибирск,Горно-Алтайск,1
19046,Берлин (BER),Амстердам (AMS),1
15542,Мадрид (MAD),Барселона,1
40268,Frankfurt,Hamburg,2
34930,Дубай (DXB),Бангкок (BKK),1
44260,Москва,Санкт-Петербург,2
48803,Берлин (BER),Амстердам (AMS),1
8189,Москва (SVO),Париж (CDG),1
48461,London,Edinburgh,2
44627,Дубай (DXB),Бангкок (BKK),1
39552,Берлин (BER),Амстердам (AMS),1
23817,Париж (CDG),Рим (FCO),2
13522,Краснодар,Сочи,1
47861,Екатеринбург,Казань,2
37888,London,Edinburgh,2
34139,Краснодар,Сочи,1
5184,Мюнхен,Вена,1
12186,Стамбул (IST),Афины (ATH),2
2272,New York,Los Angeles,1
47127,New York,Los Angeles,1
20434,Краснодар,Сочи,1
17876,New York,Los Angeles,2
34095,Мюнхен,Вена,2
15648,Париж (CDG),Рим (FCO),2
33876,Москва (SVO),Париж (CDG),2
21118,Берлин (BER),Амстердам (AMS),2
24330,Москва,Санкт-Петербург,2
24507,Мадрид (MAD),Барселона,1
40621,Frankfurt,Hamburg,2
24849,Мюнхен,Вена,2
21063,Стамбул (IST),Афины (ATH),1
8341,Краснодар,Сочи,2
6258,Берлин (BER),Амстердам (AMS),1
49854,Chicago,Miami,1
1176,Краснодар,Сочи,1
39571,Мюнхен,Вена,2
18154,Новосибирск,Горно-Алтайск,1
2897,Дубай (DXB),Бангкок (BKK),1
35454,Frankfurt,Hamburg,2
22262,Frankfurt,Hamburg,2
28545,Москва,Санкт-Петербург,1
36049,London,Edinburgh,1
42735,Париж (CDG),Рим (FCO),1
15943,Rome,Milan,1
42828,Мадрид (MAD),Барселона,3
40199,London,Edinburgh,2
28120,Frankfurt,Hamburg,2
24859,Париж (CDG),Рим (FCO),3
35536,Paris,Lyon,1
19009,Сингапур (SIN),Бали (DPS),1
42414,Краснодар,Сочи,1
41021,Мадрид (MAD),Барселона,2
21610,Лондон (LHR),Нью-Йорк (JFK),1
4244,London,Edinburgh,2
17628,Сингапур (SIN),Бали (DPS),3
1899,Paris,Lyon,1
32616,Мюнхен,Вена,1
46651,Москва (SVO),Париж (CDG),1
43510,Frankfurt,Hamburg,1
22118,Frankfurt,Hamburg,1
48111,New York,Los Angeles,1
16419,Париж (CDG),Рим (FCO),2
43643,London,Edinburgh,1
18030,Chicago,Miami,1
33678,Берлин (BER),Амстердам (AMS),1
11382,Сингапур (SIN),Бали (DPS),1
21405,Стамбул (IST),Афины (ATH),1
28222,Сингапур (SIN),Бали (DPS),1
46831,Сингапур (SIN),Бали (DPS),1
36662,Новосибирск,Горно-Алтайск,1
49233,Москва,Санкт-Петербург,1
3338,Екатеринбург,Казань,1
37734,Лондон (LHR),Нью-Йорк (JFK),1
37215,Москва,Санкт-Петербург,2
3638,London,Edinburgh,2
32791,Мадрид (MAD),Барселона,2
24479,Стамбул (IST),Афины (ATH),1
10604,Новосибирск,Горно-Алтайск,2
49747,Екатеринбург,Казань,2
43513,Rome,Milan,2
40196,Краснодар,Сочи,1
28967,Екатеринбург,Казань,2
11526,Сингапур (SIN),Бали (DPS),2
47001,Frankfurt,Hamburg,1
4590,Мадрид (MAD),Барселона,2
18723,New York,Los Angeles,1
42252,Сингапур (SIN),Бали (DPS),1
44036,Frankfurt,Hamburg,1
49705,Мюнхен,Вена,4
43630,Мюнхен,Вена,1
47147,Стамбул (IST),Афины (ATH),2
22328,Берлин (BER),Амстердам (AMS),1
15170,Rome,Milan,2
43938,Париж (CDG),Рим (FCO),2
8122,Екатеринбург,Казань,1
26512,Frankfurt,Hamburg,2
43598,Москва (SVO),Париж (CDG),4
31246,Новосибирск,Горно-Алтайск,1
22091,Токио (HND),Сеул (ICN),1
14895,Мюнхен,Вена,2
28022,Chicago,Miami,3
45596,Лондон (LHR),Нью-Йорк (JFK),2
45676,London,Edinburgh,2
27277,Москва (SVO),Париж (CDG),2
19723,Сингапур (SIN),Бали (DPS),1
5053,Москва,Санкт-Петербург,3
27493,Мюнхен,Вена,3
30813,Краснодар,Сочи,1
740,Rome,Milan,1
27695,Москва (SVO),Париж (CDG),1
45726,Chicago,Miami,1
36225,Chicago,Miami,2
25926,Chicago,Miami,2
20113,Chicago,Miami,3
45037,New York,Los Angeles,3
47090,Frankfurt,Hamburg,1
16587,Дубай (DXB),Бангкок (BKK),1
32717,Лондон (LHR),Нью-Йорк (JFK),2
12288,Chicago,Miami,1
25586,Екатеринбург,Казань,1
13725,Мюнхен,Вена,1
3254,Дубай (DXB),Бангкок (BKK),1
1517,Париж (CDG),Рим (FCO),1
3827,Rome,Milan,2
46610,Краснодар,Сочи,1
27260,Rome,Milan,1
7231,Сингапур (SIN),Бали (DPS),1
33105,Chicago,Miami,1
14332,Chicago,Miami,1
30180,Москва,Санкт-Петербург,1
44897,Chicago,Miami,2
31085,New York,Los Angeles,2
33235,Мадрид (MAD),Барселона,2
3003,Лондон (LHR),Нью-Йорк (JFK),1
48934,Новосибирск,Горно-Алтайск,2
21029,Москва,Санкт-Петербург,1
30021,London,Edinburgh,2
17946,Мюнхен,Вена,2
44445,Краснодар,Сочи,1
32523,Берлин (BER),Амстердам (AMS),2
24174,Мадрид (MAD),Барселона,1
10095,New York,Los Angeles,3
32917,Новосибирск,Горно-Алтайск,1
22279,Мадрид (MAD),Барселона,1
17374,Париж (CDG),Рим (FCO),1
14204,Берлин (BER),Амстердам (AMS),2
13879,Мадрид (MAD),Барселона,2
31059,Екатеринбург,Казань,2
6767,Paris,Lyon,1
5718,Сингапур (SIN),Бали (DPS),1
5083,Париж (CDG),Рим (FCO),1
38742,Дубай (DXB),Бангкок (BKK),4
46396,Сингапур (SIN),Бали (DPS),1
27672,Берлин (BER),Амстердам (AMS),2
48404,Дубай (DXB),Бангкок (BKK),1
32063,Дубай (DXB),Бангкок (BKK),2
850,Токио (HND),Сеул (ICN),2
3667,Париж (CDG),Рим (FCO),1
28182,Мюнхен,Вена,1
30953,Москва,Санкт-Петербург,1
14249,Берлин (BER),Амстердам (AMS),2
9129,Frankfurt,Hamburg,2
35732,Екатеринбург,Казань,1
23402,Москва (SVO),Париж (CDG),2
36549,Rome,Milan,1
12624,Chicago,Miami,2
28247,Rome,Milan,1
9705,Мадрид (MAD),Барселона,1
2113,Лондон (LHR),Нью-Йорк (JFK),1
22813,Мадрид (MAD),Барселона,4
5053,Сингапур (SIN),Бали (DPS),4
26478,Берлин (BER),Амстердам (AMS),2
35321,Париж (CDG),Рим (FCO),1
14148,Новосибирск,Горно-Алтайск,1
37991,London,Edinburgh,3
6463,Лондон (LHR),Нью-Йорк (JFK),1
3970,Мадрид (MAD),Барселона,2
5715,Токио (HND),Сеул (ICN),2
6015,Chicago,Miami,2
17316,Paris,Lyon,2
13807,Мюнхен,Вена,1
2319,Токио (HND),Сеул (ICN),2
3316,Мюнхен,Вена,2
42755,Дубай (DXB),Бангкок (BKK),3
48961,Токио (HND),Сеул (ICN),2
33245,Chicago,Miami,1
48955,Москва,Санкт-Петербург,1
20578,Сингапур (SIN),Бали (DPS),3
49374,New York,Los Angeles,1
40810,Дубай (DXB),Бангкок (BKK),3
46982,Новосибирск,Горно-Алтайск,2
25836,Москва,Санкт-Петербург,1
20310,Rome,Milan,2
12358,Лондон (LHR),Нью-Йорк (JFK),1
3627,Дубай (DXB),Бангкок (BKK),2
24913,Берлин (BER),Амстердам (AMS),1
47204,New York,Los Angeles,2
20916,Сингапур (SIN),Бали (DPS),1
3531,Берлин (BER),Амстердам (AMS),1
6463,Rome,Milan,2
33145,Chicago,Miami,1
17733,Токио (HND),Сеул (ICN),1
7405,Краснодар,Сочи,4
44691,Сингапур (SIN),Бали (DPS),1
27202,Токио (HND),Сеул (ICN),1
22328,Frankfurt,Hamburg,2
45769,Стамбул (IST),Афины (ATH),1
18253,Мадрид (MAD),Барселона,1
721,Chicago,Miami,2
30026,London,Edinburgh,1
21429,Краснодар,Сочи,2
18006,Краснодар,Сочи,1
25355,Мюнхен,Вена,2
1788,Chicago,Miami,1
22396,Краснодар,Сочи,3
17778,Новосибирск,Горно-Алтайск,3
26631,Paris,Lyon,1
16959,Москва (SVO),Париж (CDG),1
45724,Екатеринбург,Казань,2
8158,Дубай (DXB),Бангкок (BKK),2
1855,Chicago,Miami,1
44027,Париж (CDG),Рим (FCO),1
48176,Москва (SVO),Париж (CDG),2
29208,London,Edinburgh,1
12717,Дубай (DXB),Бангкок (BKK),2
49383,Мюнхен,Вена,3
32363,Берлин (BER),Амстердам (AMS),1
33801,Мадрид (MAD),Барселона,2
3037,Chicago,Miami,2
33416,Сингапур (SIN),Бали (DPS),2
9601,Chicago,Miami,1
31885,Лондон (LHR),Нью-Йорк (JFK),1
36507,New York,Los Angeles,1
49083,Москва,Санкт-Петербург,1
35306,Сингапур (SIN),Бали (DPS),2
23646,Стамбул (IST),Афины (ATH),2
378,Rome,Milan,2
47238,Новосибирск,Горно-Алтайск,1
49246,Paris,Lyon,1
26587,Мюнхен,Вена,1
19136,Сингапур (SIN),Бали (DPS),1
5204,Токио (HND),Сеул (ICN),1
47840,Мюнхен,Вена,2
26085,Краснодар,Сочи,2
14339,Париж (CDG),Рим (FCO),2
40426,Мюнхен,Вена,1
37988,Мадрид (MAD),Барселона,2
11126,Москва,Санкт-Петербург,1
11108,Краснодар,Сочи,4
11575,Paris,Lyon,2
28603,Краснодар,Сочи,1
8256,Краснодар,Сочи,1
31889,Мюнхен,Вена,2
15835,Rome,Milan,1
21198,Париж (CDG),Рим (FCO),2
33090,Мадрид (MAD),Барселона,1
9561,Новосибирск,Горно-Алтайск,1
35969,Париж (CDG),Рим (FCO),1
2107,Дубай (DXB),Бангкок (BKK),2
42909,Краснодар,Сочи,3
12288,Мюнхен,Вена,2
23344,Frankfurt,Hamburg,2
18283,Лондон (LHR),Нью-Йорк (JFK),1
37356,Москва,Санкт-Петербург,1
7233,Сингапур (SIN),Бали (DPS),1
25107,Екатеринбург,Казань,1
6249,Москва (SVO),Париж (CDG),1
1744,Лондон (LHR),Нью-Йорк (JFK),2
22806,Rome,Milan,2
44344,Лондон (LHR),Нью-Йорк (JFK),1
23978,Москва,Санкт-Петербург,2
3125,Екатеринбург,Казань,4
44936,Paris,Lyon,1
17339,Париж (CDG),Рим (FCO),1
11066,Токио (HND),Сеул (ICN),4
15014,Chicago,Miami,2
36752,Париж (CDG),Рим (FCO),2
1057,Мюнхен,Вена,1
5654,Стамбул (IST),Афины (ATH),1
12190,Екатеринбург,Казань,2
49832,Москва (SVO),Париж (CDG),1
30024,Краснодар,Сочи,1
28729,Краснодар,Сочи,1
31862,Frankfurt,Hamburg,1
13111,London,Edinburgh,2
11308,Москва (SVO),Париж (CDG),2
26002,Краснодар,Сочи,2
27852,Париж (CDG),Рим (FCO),1
48235,Мюнхен,Вена,1
12055,New York,Los Angeles,1
37580,Токио (HND),Сеул (ICN),1
12060,Берлин (BER),Амстердам (AMS),1
17864,Лондон (LHR),Нью-Йорк (JFK),2
48993,Сингапур (SIN),Бали (DPS),1
28389,New York,Los Angeles,2
13350,Дубай (DXB),Бангкок (BKK),2
17568,Мадрид (MAD),Барселона,1
4084,Краснодар,Сочи,1
25794,Париж (CDG),Рим (FCO),2
31749,Москва,Санкт-Петербург,1
43210,Мадрид (MAD),Барселона,2
2866,Chicago,Miami,2
28841,Frankfurt,Hamburg,1
26612,Frankfurt,Hamburg,3
24923,Берлин (BER),Амстердам (AMS),1
34145,Rome,Milan,2
32407,Краснодар,Сочи,1
37552,Chicago,Miami,2
24509,Rome,Milan,1
45509,Москва,Санкт-Петербург,1
38748,Екатеринбург,Казань,2
15033,Токио (HND),Сеул (ICN),2
7195,Краснодар,Сочи,2
28645,Лондон (LHR),Нью-Йорк (JFK),2
47037,Стамбул (IST),Афины (ATH),1
26762,Париж (CDG),Рим (FCO),1
10292,Берлин (BER),Амстердам (AMS),1
21773,Берлин (BER),Амстердам (AMS),3
22326,Chicago,Miami,1
33679,Краснодар,Сочи,2
2411,Париж (CDG),Рим (FCO),1
504,Дубай (DXB),Бангкок (BKK),1
20118,Сингапур (SIN),Бали (DPS),1
38922,Frankfurt,Hamburg,1
37621,Мадрид (MAD),Барселона,1
35806,Новосибирск,Горно-Алтайск,2
43425,Париж (CDG),Рим (FCO),1
14632,Париж (CDG),Рим (FCO),2
11237,Екатеринбург,Казань,2
18657,Мюнхен,Вена,1
30946,Мюнхен,Вена,2
15124,Новосибирск,Горно-Алтайск,1
26695,Chicago,Miami,1
40732,Москва,Санкт-Петербург,1
23725,Екатеринбург,Казань,1
46695,Сингапур (SIN),Бали (DPS),1
27872,Дубай (DXB),Бангкок (BKK),2
21606,Стамбул (IST),Афины (ATH),2
21408,Стамбул (IST),Афины (ATH),1
27240,Стамбул (IST),Афины (ATH),1
33559,Екатеринбург,Казань,1
10984,Мюнхен,Вена,1
32423,Frankfurt,Hamburg,1
2363,Frankfurt,Hamburg,1
15748,Краснодар,Сочи,3
22683,Rome,Milan,1
3268,New York,Los Angeles,1
1997,Paris,Lyon,1
14599,Мюнхен,Вена,1
24842,Rome,Milan,1
35544,Москва (SVO),Париж (CDG),1
41872,Москва,Санкт-Петербург,1
26776,Paris,Lyon,1
16712,Paris,Lyon,2
10977,Токио (HND),Сеул (ICN),1
48945,Новосибирск,Горно-Алтайск,1
24616,New York,Los Angeles,2
45826,Лондон (LHR),Нью-Йорк (JFK),2
14233,Новосибирск,Горно-Алтайск,2
39361,Екатеринбург,Казань,1
10226,Rome,Milan,3
46821,Paris,Lyon,1
49586,London,Edinburgh,2
28649,Новосибирск,Горно-Алтайск,1
31340,Москва (SVO),Париж (CDG),4
13004,Париж (CDG),Рим (FCO),1
18962,London,Edinburgh,1
38718,Краснодар,Сочи,2
34439,Сингапур (SIN),Бали (DPS),2
11320,Краснодар,Сочи,1
8535,London,Edinburgh,1
3519,Берлин (BER),Амстердам (AMS),1
7725,Москва (SVO),Париж (CDG),1
4706,Новосибирск,Горно-Алтайск,1
40279,Екатеринбург,Казань,1
22162,Москва (SVO),Париж (CDG),3
16650,Екатеринбург,Казань,1
21802,Rome,Milan,1
4618,London,Edinburgh,2
18503,Москва,Санкт-Петербург,2
35613,London,Edinburgh,1
3350,Chicago,Miami,2
7680,Paris,Lyon,1
39172,Frankfurt,Hamburg,1
34795,Сингапур (SIN),Бали (DPS),2
13862,Берлин (BER),Амстердам (AMS),2
30701,Дубай (DXB),Бангкок (BKK),1
41940,London,Edinburgh,1
41644,Стамбул (IST),Афины (ATH),2
20538,New York,Los Angeles,1
37245,Берлин (BER),Амстердам (AMS),1
39701,Дубай (DXB),Бангкок (BKK),1
26268,Париж (CDG),Рим (FCO),2
42466,Новосибирск,Горно-Алтайск,1
2078,Rome,Milan,1
26857,Paris,Lyon,2
14911,Мадрид (MAD),Барселона,1
39503,Мюнхен,Вена,1
27169,Frankfurt,Hamburg,2
17854,Париж (CDG),Рим (FCO),1
2562,Новосибирск,Горно-Алтайск,1
18553,Frankfurt,Hamburg,4
5901,Сингапур (SIN),Бали (DPS),1
25425,Екатеринбург,Казань,1
33890,Мадрид (MAD),Барселона,2
9799,Париж (CDG),Рим (FCO),2
48899,Лондон (LHR),Нью-Йорк (JFK),3
4381,Лондон (LHR),Нью-Йорк (JFK),1
12718,Стамбул (IST),Афины (ATH),4
13504,Берлин (BER),Амстердам (AMS),1
22785,Париж (CDG),Рим (FCO),4
5615,Chicago,Miami,2
47253,London,Edinburgh,3
48434,London,Edinburgh,1
17162,Paris,Lyon,1
11000,Стамбул (IST),Афины (ATH),1
7485,London,Edinburgh,2
7634,Дубай (DXB),Бангкок (BKK),3
32008,Frankfurt,Hamburg,1
3455,Paris,Lyon,2
44778,Сингапур (SIN),Бали (DPS),2
39246,Дубай (DXB),Бангкок (BKK),2
16544,Мюнхен,Вена,3
36144,Мадрид (MAD),Барселона,2
38655,Новосибирск,Горно-Алтайск,1
21403,Мюнхен,Вена,2
28604,New York,Los Angeles,2
10435,Лондон (LHR),Нью-Йорк (JFK),2
259,New York,Los Angeles,2
12615,Rome,Milan,1
40313,Frankfurt,Hamburg,1
25523,Frankfurt,Hamburg,1
29048,Стамбул (IST),Афины (ATH),1
4245,Frankfurt,Hamburg,2
38836,Chicago,Miami,1
31846,Токио (HND),Сеул (ICN),1
908,Краснодар,Сочи,1
24470,Дубай (DXB),Бангкок (BKK),2
2156,Дубай (DXB),Бангкок (BKK),1
30314,Токио (HND),Сеул (ICN),1
17998,Rome,Milan,2
40630,New York,Los Angeles,2
9368,Краснодар,Сочи,1
10558,Frankfurt,Hamburg,2
26923,Токио (HND),Сеул (ICN),3
36306,Дубай (DXB),Бангкок (BKK),1
25532,Краснодар,Сочи,2
16069,Краснодар,Сочи,1
20422,Paris,Lyon,3
28672,Москва (SVO),Париж (CDG),2
3860,Chicago,Miami,2
42677,Сингапур (SIN),Бали (DPS),2
11292,Paris,Lyon,1
47366,Париж (CDG),Рим (FCO),2
17001,Москва (SVO),Париж (CDG),1
22506,Москва,Санкт-Петербург,2
25590,New York,Los Angeles,1
9900,Paris,Lyon,1
30730,Москва (SVO),Париж (CDG),2
27245,New York,Los Angeles,2
10497,Париж (CDG),Рим (FCO),2
7444,Мюнхен,Вена,2
19165,Краснодар,Сочи,1
12779,Стамбул (IST),Афины (ATH),1
3854,Rome,Milan,1
9119,Chicago,Miami,1
6043,Берлин (BER),Амстердам (AMS),2
37612,Москва (SVO),Париж (CDG),1
39653,Стамбул (IST),Афины (ATH),2
25438,Краснодар,Сочи,3
36245,Мюнхен,Вена,3
19679,Стамбул (IST),Афины (ATH),1
6945,Берлин (BER),Амстердам (AMS),1
2322,Токио (HND),Сеул (ICN),1
24053,Сингапур (SIN),Бали (DPS),1
45175,Paris,Lyon,1
30860,Лондон (LHR),Нью-Йорк (JFK),2
23473,Frankfurt,Hamburg,4
31820,Мюнхен,Вена,1
30963,Мадрид (MAD),Барселона,1
22408,Стамбул (IST),Афины (ATH),3
14183,Новосибирск,Горно-Алтайск,1
27210,Дубай (DXB),Бангкок (BKK),2
43919,Берлин (BER),Амстердам (AMS),1
36384,Paris,Lyon,2
26778,Paris,Lyon,1
2197,Дубай (DXB),Бангкок (BKK),2
36147,Москва,Санкт-Петербург,2
30212,Мадрид (MAD),Барселона,1
31889,Chicago,Miami,3
32447,Paris,Lyon,1
49299,Сингапур (SIN),Бали (DPS),3
9398,Paris,Lyon,1
34539,Chicago,Miami,1
12555,Токио (HND),Сеул (ICN),1
49604,Берлин (BER),Амстердам (AMS),1
30542,Париж (CDG),Рим (FCO),2
34460,Берлин (BER),Амстердам (AMS),1
5574,Краснодар,Сочи,1
39823,Париж (CDG),Рим (FCO),2
18519,Москва,Санкт-Петербург,3
37031,Rome,Milan,2
7070,Екатеринбург,Казань,1
13370,Новосибирск,Горно-Алтайск,1
3993,Берлин (BER),Амстердам (AMS),1
31284,Берлин (BER),Амстердам (AMS),1
38139,Мюнхен,Вена,1
47356,Краснодар,Сочи,1
46766,Дубай (DXB),Бангкок (BKK),3
2358,Мюнхен,Вена,1
46486,London,Edinburgh,2
43579,Москва (SVO),Париж (CDG),2
22260,Стамбул (IST),Афины (ATH),1
30997,Paris,Lyon,1
34061,Париж (CDG),Рим (FCO),1
2774,Париж (CDG),Рим (FCO),1
4247,Краснодар,Сочи,3
21344,Москва (SVO),Париж (CDG),1
14429,Новосибирск,Горно-Алтайск,1
34909,Екатеринбург,Казань,2
21694,Paris,Lyon,2
6840,Новосибирск,Горно-Алтайск,2
18936,Берлин (BER),Амстердам (AMS),4
13530,Москва,Санкт-Петербург,1
43408,Мадрид (MAD),Барселона,2
13567,Стамбул (IST),Афины (ATH),1
14979,Лондон (LHR),Нью-Йорк (JFK),1
12221,Chicago,Miami,2
41225,Краснодар,Сочи,2
43935,Мюнхен,Вена,1
38949,Москва,Санкт-Петербург,1
39072,Москва,Санкт-Петербург,2
26954,Париж (CDG),Рим (FCO),1
34194,Берлин (BER),Амстердам (AMS),1
18265,Мадрид (MAD),Барселона,1
15394,Новосибирск,Горно-Алтайск,1
39664,Берлин (BER),Амстердам (AMS),1
7222,Новосибирск,Горно-Алтайск,1
25763,London,Edinburgh,2
18183,Paris,Lyon,1
29239,Москва (SVO),Париж (CDG),3
15645,Париж (CDG),Рим (FCO),1
45526,Новосибирск,Горно-Алтайск,2
4257,Новосибирск,Горно-Алтайск,2
4953,London,Edinburgh,1
32809,Париж (CDG),Рим (FCO),1
11095,Москва,Санкт-Петербург,1
13210,Москва (SVO),Париж (CDG),1
5842,Москва,Санкт-Петербург,2
10260,Москва (SVO),Париж (CDG),1
23624,Новосибирск,Горно-Алтайск,2
7886,Сингапур (SIN),Бали (DPS),2
30443,Париж (CDG),Рим (FCO),2
7201,New York,Los Angeles,2
9523,Москва (SVO),Париж (CDG),2
22476,Стамбул (IST),Афины (ATH),1
19418,Дубай (DXB),Бангкок (BKK),2
125,Дубай (DXB),Бангкок (BKK),1
15424,Токио (HND),Сеул (ICN),1
23888,Токио (HND),Сеул (ICN),2
41100,Токио (HND),Сеул (ICN),1
35978,Мюнхен,Вена,1
42665,Frankfurt,Hamburg,1
22831,Краснодар,Сочи,2
24887,Берлин (BER),Амстердам (AMS),1
10405,Стамбул (IST),Афины (ATH),2
41343,Париж (CDG),Рим (FCO),1
7577,Москва (SVO),Париж (CDG),2
43833,Новосибирск,Горно-Алтайск,2
49860,Сингапур (SIN),Бали (DPS),1
26338,Берлин (BER),Амстердам (AMS),1
28804,Стамбул (IST),Афины (ATH),1
26980,Екатеринбург,Казань,1
33536,Мюнхен,Вена,4
13591,Новосибирск,Горно-Алтайск,1
33088,Мадрид (MAD),Барселона,4
24103,Новосибирск,Горно-Алтайск,1
36373,Москва,Санкт-Петербург,2
6090,New York,Los Angeles,1
42404,Берлин (BER),Амстердам (AMS),3
883,Токио (HND),Сеул (ICN),1
6979,Краснодар,Сочи,2
41383,Париж (CDG),Рим (FCO),1
17228,Токио (HND),Сеул (ICN),2
31632,Chicago,Miami,2
20362,Chicago,Miami,1
8469,Мадрид (MAD),Барселона,1
49775,London,Edinburgh,3
2463,New York,Los Angeles,1
7140,Rome,Milan,1
27522,London,Edinburgh,2
45075,Rome,Milan,2
8767,Москва,Санкт-Петербург,1
3816,Новосибирск,Горно-Алтайск,1
8619,Берлин (BER),Амстердам (AMS),1
20791,Екатеринбург,Казань,2
48847,Chicago,Miami,1
17911,Paris,Lyon,2
34085,Новосибирск,Горно-Алтайск,1
3580,Новосибирск,Горно-Алтайск,1
296,Берлин (BER),Амстердам (AMS),1
3754,New York,Los Angeles,1
48356,Paris,Lyon,1
17698,Стамбул (IST),Афины (ATH),1
41629,Chicago,Miami,2
25778,Frankfurt,Hamburg,1
15458,Новосибирск,Горно-Алтайск,1
28720,Токио (HND),Сеул (ICN),1
48108,Токио (HND),Сеул (ICN),2
33684,Токио (HND),Сеул (ICN),1
29978,Токио (HND),Сеул (ICN),1
45004,Москва,Санкт-Петербург,1
39363,Мюнхен,Вена,2
49238,Берлин (BER),Амстердам (AMS),1
45673,New York,Los Angeles,1
49099,Стамбул (IST),Афины (ATH),2
16064,Paris,Lyon,2
43306,Москва,Санкт-Петербург,2
38881,Лондон (LHR),Нью-Йорк (JFK),1
18220,Дубай (DXB),Бангкок (BKK),1
11668,Токио (HND),Сеул (ICN),3
22288,Дубай (DXB),Бангкок (BKK),1
48569,Мадрид (MAD),Барселона,2
39716,Екатеринбург,Казань,2
41714,New York,Los Angeles,1
37195,Rome,Milan,1
10200,New York,Los Angeles,1
12016,Rome,Milan,2
7944,Москва (SVO),Париж (CDG),2
6967,Мадрид (MAD),Барселона,2
41752,London,Edinburgh,1
25848,New York,Los Angeles,1
44512,Лондон (LHR),Нью-Йорк (JFK),1
27196,Лондон (LHR),Нью-Йорк (JFK),2
5990,Стамбул (IST),Афины (ATH),2
6555,Лондон (LHR),Нью-Йорк (JFK),1
37013,Берлин (BER),Амстердам (AMS),2
12261,Париж (CDG),Рим (FCO),2
46434,Frankfurt,Hamburg,3
17964,Берлин (BER),Амстердам (AMS),1
8413,Paris,Lyon,1
3426,Frankfurt,Hamburg,2
18515,Frankfurt,Hamburg,4
28770,Лондон (LHR),Нью-Йорк (JFK),2
20748,New York,Los Angeles,1
11953,Берлин (BER),Амстердам (AMS),1
34854,Токио (HND),Сеул (ICN),1
47332,Paris,Lyon,2
40474,Краснодар,Сочи,1
21042,Краснодар,Сочи,1
29250,Paris,Lyon,3
8577,Лондон (LHR),Нью-Йорк (JFK),1
35025,Париж (CDG),Рим (FCO),1
10901,Екатеринбург,Казань,3
18381,New York,Los Angeles,1
25498,Дубай (DXB),Бангкок (BKK),1
43978,Rome,Milan,2
43189,New York,Los Angeles,1
31780,Paris,Lyon,2
8022,Chicago,Miami,6
31450,Токио (HND),Сеул (ICN),1
4361,Берлин (BER),Амстердам (AMS),2
21791,Москва,Санкт-Петербург,1
48391,New York,Los Angeles,2
42030,Лондон (LHR),Нью-Йорк (JFK),1
28145,Chicago,Miami,1
35639,Берлин (BER),Амстердам (AMS),1
27774,Москва,Санкт-Петербург,2
36856,Берлин (BER),Амстердам (AMS),2
28914,Токио (HND),Сеул (ICN),1
32406,Rome,Milan,1
9859,Москва (SVO),Париж (CDG),2
9702,Chicago,Miami,1
16669,Новосибирск,Горно-Алтайск,2
31619,Париж (CDG),Рим (FCO),1
37184,Мадрид (MAD),Барселона,1
10783,Москва,Санкт-Петербург,1
20419,Париж (CDG),Рим (FCO),2
30014,Мадрид (MAD),Барселона,1
16081,Москва (SVO),Париж (CDG),1
27942,Берлин (BER),Амстердам (AMS),2
24160,Дубай (DXB),Бангкок (BKK),2
45450,Frankfurt,Hamburg,2
30904,London,Edinburgh,1
2831,Москва (SVO),Париж (CDG),3
13954,Chicago,Miami,1
21123,Москва,Санкт-Петербург,1
18573,Rome,Milan,1
45632,Мадрид (MAD),Барселона,1
21790,Лондон (LHR),Нью-Йорк (JFK),1
22508,Chicago,Miami,1
43855,Екатеринбург,Казань,1
27274,Дубай (DXB),Бангкок (BKK),2
672,Новосибирск,Горно-Алтайск,1
36061,Краснодар,Сочи,2
2596,Берлин (BER),Амстердам (AMS),2
31110,Frankfurt,Hamburg,1
29688,Стамбул (IST),Афины (ATH),1
33040,Москва,Санкт-Петербург,2
20972,Paris,Lyon,1
30394,Chicago,Miami,2
9102,Лондон (LHR),Нью-Йорк (JFK),1
28752,Стамбул (IST),Афины (ATH),2
26714,Лондон (LHR),Нью-Йорк (JFK),1
24764,Лондон (LHR),Нью-Йорк (JFK),2
23589,Мадрид (MAD),Барселона,1
29421,London,Edinburgh,2
18867,Париж (CDG),Рим (FCO),1
25868,Paris,Lyon,1
44059,Париж (CDG),Рим (FCO),2
43873,Стамбул (IST),Афины (ATH),1
27608,London,Edinburgh,2
8965,Paris,Lyon,1
29164,Мадрид (MAD),Барселона,1
11567,Мадрид (MAD),Барселона,3
39669,Париж (CDG),Рим (FCO),2
17880,Париж (CDG),Рим (FCO),2
24116,Rome,Milan,1
46087,Новосибирск,Горно-Алтайск,1
342,Сингапур (SIN),Бали (DPS),3
555,Екатеринбург,Казань,2
43421,Paris,Lyon,1
9136,New York,Los Angeles,2
10144,Дубай (DXB),Бангкок (BKK),1
2786,New York,Los Angeles,1
22890,Paris,Lyon,2
44419,Мюнхен,Вена,2
10099,Лондон (LHR),Нью-Йорк (JFK),1
44278,Стамбул (IST),Афины (ATH),2
19303,Rome,Milan,1
38866,Дубай (DXB),Бангкок (BKK),2
25993,New York,Los Angeles,1
14851,Paris,Lyon,2
31016,Frankfurt,Hamburg,4
3376,Екатеринбург,Казань,2
1913,Rome,Milan,1
14278,Новосибирск,Горно-Алтайск,2
14736,Москва (SVO),Париж (CDG),1
38406,Краснодар,Сочи,1
28254,Краснодар,Сочи,1
32903,Москва,Санкт-Петербург,3
41417,Краснодар,Сочи,1
9221,Москва,Санкт-Петербург,1
14487,Москва (SVO),Париж (CDG),1
6589,Москва (SVO),Париж (CDG),1
27275,Лондон (LHR),Нью-Йорк (JFK),1
31672,Мадрид (MAD),Барселона,2
15439,Лондон (LHR),Нью-Йорк (JFK),2
70,Екатеринбург,Казань,2
29848,London,Edinburgh,1
33288,Москва,Санкт-Петербург,1
46444,Мюнхен,Вена,1
47281,London,Edinburgh,1
17569,Новосибирск,Горно-Алтайск,2
26997,Екатеринбург,Казань,3
13489,Paris,Lyon,4
31218,Мюнхен,Вена,1
37252,Москва,Санкт-Петербург,1
24207,Москва,Санкт-Петербург,1
39276,Москва,Санкт-Петербург,1
40634,Сингапур (SIN),Бали (DPS),1
18141,New York,Los Angeles,1
30482,Екатеринбург,Казань,1
27712,Стамбул (IST),Афины (ATH),1
44419,Москва (SVO),Париж (CDG),3
6847,Екатеринбург,Казань,1
21069,Стамбул (IST),Афины (ATH),3
11767,Париж (CDG),Рим (FCO),1
44062,Москва (SVO),Париж (CDG),2
46596,Берлин (BER),Амстердам (AMS),1
9988,Сингапур (SIN),Бали (DPS),1
38411,London,Edinburgh,1
2162,Токио (HND),Сеул (ICN),2
40190,Берлин (BER),Амстердам (AMS),1
37414,Сингапур (SIN),Бали (DPS),1
13017,Сингапур (SIN),Бали (DPS),3
11691,Мадрид (MAD),Барселона,1
3342,New York,Los Angeles,1
7585,Дубай (DXB),Бангкок (BKK),2
18581,Сингапур (SIN),Бали (DPS),2
19280,Новосибирск,Горно-Алтайск,1
42055,Токио (HND),Сеул (ICN),1
44885,Стамбул (IST),Афины (ATH),3
44325,Rome,Milan,1
33940,Мадрид (MAD),Барселона,1
14632,Екатеринбург,Казань,3
8516,Москва (SVO),Париж (CDG),1
38864,Лондон (LHR),Нью-Йорк (JFK),2
4185,Дубай (DXB),Бангкок (BKK),1
41992,Сингапур (SIN),Бали (DPS),2
31696,Краснодар,Сочи,1
30337,Frankfurt,Hamburg,1
45962,Chicago,Miami,1
9085,Frankfurt,Hamburg,3
13743,Екатеринбург,Казань,1
43063,Frankfurt,Hamburg,1
45653,Токио (HND),Сеул (ICN),1
3744,Москва,Санкт-Петербург,2
29901,Москва,Санкт-Петербург,1
8065,Paris,Lyon,1
40108,Москва,Санкт-Петербург,2
38921,London,Edinburgh,1
26396,New York,Los Angeles,1
37869,Лондон (LHR),Нью-Йорк (JFK),1
34343,Сингапур (SIN),Бали (DPS),2
48923,Москва,Санкт-Петербург,2
30412,London,Edinburgh,1
25345,Стамбул (IST),Афины (ATH),1
9929,Берлин (BER),Амстердам (AMS),1
25194,Екатеринбург,Казань,2
21109,Москва,Санкт-Петербург,1
40469,Мюнхен,Вена,1
36446,Стамбул (IST),Афины (ATH),4
27761,Сингапур (SIN),Бали (DPS),1
27800,Токио (HND),Сеул (ICN),2
398,Rome,Milan,1
41411,Москва,Санкт-Петербург,1
13924,Дубай (DXB),Бангкок (BKK),1
44089,Chicago,Miami,1
882,Токио (HND),Сеул (ICN),2
9060,Мадрид (MAD),Барселона,2
6297,Chicago,Miami,1
20597,Москва (SVO),Париж (CDG),3
2532,Дубай (DXB),Бангкок (BKK),1
23307,New York,Los Angeles,1
30362,Chicago,Miami,2
49075,London,Edinburgh,1
7030,Сингапур (SIN),Бали (DPS),1
2966,Москва,Санкт-Петербург,1
39617,Лондон (LHR),Нью-Йорк (JFK),1
46161,Chicago,Miami,1
13545,Стамбул (IST),Афины (ATH),1
46087,Мадрид (MAD),Барселона,2
42279,Frankfurt,Hamburg,1
3153,Chicago,Miami,1
48797,Новосибирск,Горно-Алтайск,2
6420,Мюнхен,Вена,2
39764,Новосибирск,Горно-Алтайск,1
11782,Стамбул (IST),Афины (ATH),1
8632,Chicago,Miami,1
11429,Екатеринбург,Казань,3
4386,Frankfurt,Hamburg,2
8238,Chicago,Miami,1
46967,Москва (SVO),Париж (CDG),1
47790,Paris,Lyon,3
16455,Мюнхен,Вена,2
3853,New York,Los Angeles,1
33880,Chicago,Miami,1
5210,Париж (CDG),Рим (FCO),1
22638,Лондон (LHR),Нью-Йорк (JFK),2
23120,Париж (CDG),Рим (FCO),1
25866,Новосибирск,Горно-Алтайск,1
47340,Стамбул (IST),Афины (ATH),2
28898,New York,Los Angeles,2
3026,Екатеринбург,Казань,1
11451,Мадрид (MAD),Барселона,3
38985,Chicago,Miami,1
16819,Лондон (LHR),Нью-Йорк (JFK),3
45527,Paris,Lyon,1
21767,Сингапур (SIN),Бали (DPS),2
44516,Стамбул (IST),Афины (ATH),1
2742,Дубай (DXB),Бангкок (BKK),1
13509,Стамбул (IST),Афины (ATH),1
17669,Дубай (DXB),Бангкок (BKK),1
11568,Chicago,Miami,1
46033,Frankfurt,Hamburg,1
25705,Краснодар,Сочи,3
27267,Paris,Lyon,1
21157,Дубай (DXB),Бангкок (BKK),1
46343,Frankfurt,Hamburg,1
1890,Екатеринбург,Казань,1
1854,New York,Los Angeles,1
8172,Стамбул (IST),Афины (ATH),2
17090,Rome,Milan,1
37126,Rome,Milan,3
26568,Дубай (DXB),Бангкок (BKK),1
47968,Токио (HND),Сеул (ICN),1
27907,Rome,Milan,3
23906,Стамбул (IST),Афины (ATH),1
2033,Стамбул (IST),Афины (ATH),1
47959,New York,Los Angeles,1
27036,Лондон (LHR),Нью-Йорк (JFK),2
36118,Paris,Lyon,2
35229,Paris,Lyon,1
35874,Дубай (DXB),Бангкок (BKK),1
24936,Лондон (LHR),Нью-Йорк (JFK),1
2594,Сингапур (SIN),Бали (DPS),1
14595,Rome,Milan,2
7540,Москва,Санкт-Петербург,1
46634,London,Edinburgh,1
749,Стамбул (IST),Афины (ATH),2
23341,Лондон (LHR),Нью-Йорк (JFK),1
9296,Paris,Lyon,1
25830,Новосибирск,Горно-Алтайск,1
10815,Новосибирск,Горно-Алтайск,2
32965,London,Edinburgh,1
42168,London,Edinburgh,1
9818,Сингапур (SIN),Бали (DPS),1
31617,Rome,Milan,2
4637,Мюнхен,Вена,1
19114,Краснодар,Сочи,1
44676,Краснодар,Сочи,1
12095,London,Edinburgh,1
12183,Rome,Milan,3
23375,Новосибирск,Горно-Алтайск,1
37008,Стамбул (IST),Афины (ATH),2
14380,Сингапур (SIN),Бали (DPS),1
34685,Стамбул (IST),Афины (ATH),2
3879,Краснодар,Сочи,1
33115,Москва,Санкт-Петербург,2
533,Chicago,Miami,2
47347,Paris,Lyon,1
11736,Екатеринбург,Казань,2
25893,Лондон (LHR),Нью-Йорк (JFK),1
892,Сингапур (SIN),Бали (DPS),1
479,Новосибирск,Горно-Алтайск,2
9209,Краснодар,Сочи,2
23919,Frankfurt,Hamburg,2
37212,Стамбул (IST),Афины (ATH),1
21861,Сингапур (SIN),Бали (DPS),1
48847,Москва (SVO),Париж (CDG),2
17131,Новосибирск,Горно-Алтайск,1
3215,London,Edinburgh,1
12823,Дубай (DXB),Бангкок (BKK),3
35903,Paris,Lyon,1
49245,Краснодар,Сочи,1
26840,Лондон (LHR),Нью-Йорк (JFK),1
32664,Москва (SVO),Париж (CDG),2
18933,Токио (HND),Сеул (ICN),2
4878,Новосибирск,Горно-Алтайск,2
42109,Берлин (BER),Амстердам (AMS),1
14869,Москва (SVO),Париж (CDG),2
20787,Берлин (BER),Амстердам (AMS),2
28790,Paris,Lyon,2
13449,Frankfurt,Hamburg,2
5113,Сингапур (SIN),Бали (DPS),2
28142,Rome,Milan,1
35000,Rome,Milan,1
10184,Москва,Санкт-Петербург,2
1927,Москва (SVO),Париж (CDG),5
25695,Екатеринбург,Казань,2
24793,Дубай (DXB),Бангкок (BKK),1
44516,Москва (SVO),Париж (CDG),2
18916,Токио (HND),Сеул (ICN),1
2325,Мюнхен,Вена,3
5051,Токио (HND),Сеул (ICN),1
4064,Frankfurt,Hamburg,2
471,Краснодар,Сочи,1
24057,Rome,Milan,2
28071,Стамбул (IST),Афины (ATH),1
27706,Chicago,Miami,1
7824,Дубай (DXB),Бангкок (BKK),1
15348,Сингапур (SIN),Бали (DPS),1
41547,Стамбул (IST),Афины (ATH),2
2484,Paris,Lyon,1
46355,Rome,Milan,1
40088,Москва,Санкт-Петербург,1
15286,Москва,Санкт-Петербург,2
6268,Берлин (BER),Амстердам (AMS),1
47888,Берлин (BER),Амстердам (AMS),2
16933,Paris,Lyon,4
15059,Москва,Санкт-Петербург,1
26298,Токио (HND),Сеул (ICN),2
33474,Мюнхен,Вена,1
48158,Краснодар,Сочи,2
2523,Париж (CDG),Рим (FCO),2
12906,Rome,Milan,1
19807,London,Edinburgh,1
38632,Rome,Milan,2
25437,Москва (SVO),Париж (CDG),1
703,London,Edinburgh,1
35554,Новосибирск,Горно-Алтайск,2
42854,Сингапур (SIN),Бали (DPS),1
14518,Берлин (BER),Амстердам (AMS),1
38739,Мюнхен,Вена,3
14389,Париж (CDG),Рим (FCO),1
21033,Москва (SVO),Париж (CDG),1
14581,Frankfurt,Hamburg,1
47140,Токио (HND),Сеул (ICN),1
391,Paris,Lyon,2
4697,Москва,Санкт-Петербург,2
18718,Дубай (DXB),Бангкок (BKK),1
27703,Frankfurt,Hamburg,1
12728,Краснодар,Сочи,2
34412,Новосибирск,Горно-Алтайск,2
13042,Мюнхен,Вена,1
10059,New York,Los Angeles,1
42507,Дубай (DXB),Бангкок (BKK),2
44043,Frankfurt,Hamburg,2
16567,Стамбул (IST),Афины (ATH),1
18425,Париж (CDG),Рим (FCO),1
15530,Новосибирск,Горно-Алтайск,1
42900,Мадрид (MAD),Барселона,1
22727,Токио (HND),Сеул (ICN),2
40898,Rome,Milan,1
25236,Новосибирск,Горно-Алтайск,2
20858,Екатеринбург,Казань,1
39524,Екатеринбург,Казань,1
4942,Rome,Milan,1
22216,Chicago,Miami,2
1527,Лондон (LHR),Нью-Йорк (JFK),2
11389,Екатеринбург,Казань,1
31017,New York,Los Angeles,1
3954,Краснодар,Сочи,1
1195,New York,Los Angeles,1
387,Москва (SVO),Париж (CDG),1
40661,Сингапур (SIN),Бали (DPS),1
45119,Frankfurt,Hamburg,2
26918,Берлин (BER),Амстердам (AMS),3
39991,Лондон (LHR),Нью-Йорк (JFK),2
37556,Берлин (BER),Амстердам (AMS),1
30700,Стамбул (IST),Афины (ATH),1
24393,Екатеринбург,Казань,1
44702,London,Edinburgh,2
49985,Екатеринбург,Казань,1
22128,Сингапур (SIN),Бали (DPS),1
11779,Chicago,Miami,2
28560,Стамбул (IST),Афины (ATH),1
36801,Новосибирск,Горно-Алтайск,1
24934,Москва (SVO),Париж (CDG),1
15811,Краснодар,Сочи,1
1834,Париж (CDG),Рим (FCO),2
40998,Мюнхен,Вена,2
35366,Москва,Санкт-Петербург,2
2016,Chicago,Miami,1
8721,Дубай (DXB),Бангкок (BKK),1
6546,Краснодар,Сочи,1
47981,Берлин (BER),Амстердам (AMS),1
14801,Сингапур (SIN),Бали (DPS),2
15208,Москва (SVO),Париж (CDG),1
30940,Москва (SVO),Париж (CDG),1
46395,Новосибирск,Горно-Алтайск,2
26729,Новосибирск,Горно-Алтайск,2
49445,Сингапур (SIN),Бали (DPS),1
21676,Мюнхен,Вена,1
11409,Дубай (DXB),Бангкок (BKK),3
24850,Краснодар,Сочи,1
23507,Дубай (DXB),Бангкок (BKK),1
7127,Екатеринбург,Казань,1
33836,Дубай (DXB),Бангкок (BKK),1
9520,Chicago,Miami,1
23530,Краснодар,Сочи,3
24075,New York,Los Angeles,1
32806,Москва (SVO),Париж (CDG),2
28954,Rome,Milan,1
31858,Лондон (LHR),Нью-Йорк (JFK),1
11600,Москва,Санкт-Петербург,1
26139,Новосибирск,Горно-Алтайск,1
32619,Новосибирск,Горно-Алтайск,1
26807,Берлин (BER),Амстердам (AMS),1
11172,Мюнхен,Вена,1
32568,Краснодар,Сочи,2
34454,Сингапур (SIN),Бали (DPS),2
14008,Краснодар,Сочи,3
22050,London,Edinburgh,2
39505,London,Edinburgh,3
9291,Chicago,Miami,2
39965,Новосибирск,Горно-Алтайск,1
7016,Дубай (DXB),Бангкок (BKK),1
48638,Краснодар,Сочи,2
7444,Новосибирск,Горно-Алтайск,3
23689,Москва (SVO),Париж (CDG),1
19807,Chicago,Miami,2
7620,Берлин (BER),Амстердам (AMS),2
21669,Мюнхен,Вена,2
19903,New York,Los Angeles,1
35334,Frankfurt,Hamburg,1
26272,Москва,Санкт-Петербург,2
3732,Дубай (DXB),Бангкок (BKK),2
30056,Москва,Санкт-Петербург,2
30981,Дубай (DXB),Бангкок (BKK),3
14672,New York,Los Angeles,1
27301,Мюнхен,Вена,1
22010,New York,Los Angeles,1
8390,Екатеринбург,Казань,2
17519,Paris,Lyon,1
795,New York,Los Angeles,2
41103,Chicago,Miami,2
6588,Frankfurt,Hamburg,1
45531,Москва,Санкт-Петербург,3
45361,Paris,Lyon,1
30808,Берлин (BER),Амстердам (AMS),1
16037,Лондон (LHR),Нью-Йорк (JFK),1
30608,Мюнхен,Вена,2
10030,Сингапур (SIN),Бали (DPS),1
15844,Rome,Milan,2
22887,Токио (HND),Сеул (ICN),3
3017,Стамбул (IST),Афины (ATH),1
48934,New York,Los Angeles,3
8928,Краснодар,Сочи,2
1926,Париж (CDG),Рим (FCO),2
35964,Москва (SVO),Париж (CDG),2
3898,Лондон (LHR),Нью-Йорк (JFK),1
31644,Мадрид (MAD),Барселона,1
24165,London,Edinburgh,2
22442,Москва (SVO),Париж (CDG),2
33969,New York,Los Angeles,1
38035,Paris,Lyon,1
2373,Париж (CDG),Рим (FCO),1
38435,Новосибирск,Горно-Алтайск,1
21566,Frankfurt,Hamburg,2
4220,New York,Los Angeles,1
6386,Дубай (DXB),Бангкок (BKK),2
15227,Париж (CDG),Рим (FCO),2
29435,Мадрид (MAD),Барселона,2
33236,Paris,Lyon,1
14710,Rome,Milan,1
49274,Дубай (DXB),Бангкок (BKK),1
39165,Мадрид (MAD),Барселона,1
12554,Дубай (DXB),Бангкок (BKK),1
529,New York,Los Angeles,1
47917,Rome,Milan,2
31225,Paris,Lyon,2
25799,Новосибирск,Горно-Алтайск,1
12370,Москва,Санкт-Петербург,2
13296,Екатеринбург,Казань,2
9748,Лондон (LHR),Нью-Йорк (JFK),2
16383,Стамбул (IST),Афины (ATH),2
8817,Стамбул (IST),Афины (ATH),1
38651,Москва (SVO),Париж (CDG),2
33298,Екатеринбург,Казань,1
17319,Chicago,Miami,1
17173,Мадрид (MAD),Барселона,2
35963,Лондон (LHR),Нью-Йорк (JFK),1
9211,Лондон (LHR),Нью-Йорк (JFK),3
4839,Frankfurt,Hamburg,1
40582,Париж (CDG),Рим (FCO),1
36870,Екатеринбург,Казань,3
11009,Новосибирск,Горно-Алтайск,1
38018,Екатеринбург,Казань,2
15212,Frankfurt,Hamburg,1
821,Дубай (DXB),Бангкок (BKK),1
30866,New York,Los Angeles,2
24502,Мюнхен,Вена,1
18373,Стамбул (IST),Афины (ATH),1
30923,London,Edinburgh,1
21983,Сингапур (SIN),Бали (DPS),1
11626,Frankfurt,Hamburg,1
44437,Берлин (BER),Амстердам (AMS),2
49349,Frankfurt,Hamburg,3
34630,Берлин (BER),Амстердам (AMS),2
31528,Chicago,Miami,1
17594,London,Edinburgh,1
20728,Rome,Milan,3
7135,Новосибирск,Горно-Алтайск,2
12054,Мадрид (MAD),Барселона,1
8556,Екатеринбург,Казань,2
24486,Frankfurt,Hamburg,2
31940,Новосибирск,Горно-Алтайск,1
23627,Chicago,Miami,1
31887,Лондон (LHR),Нью-Йорк (JFK),4
4973,Москва (SVO),Париж (CDG),1
42360,Берлин (BER),Амстердам (AMS),3
26242,Rome,Milan,2
12196,London,Edinburgh,2
43158,Дубай (DXB),Бангкок (BKK),1
21445,Paris,Lyon,1
42979,Paris,Lyon,1
23496,Paris,Lyon,1
45415,Стамбул (IST),Афины (ATH),1
2187,Frankfurt,Hamburg,1
34087,Токио (HND),Сеул (ICN),3
14689,Краснодар,Сочи,1
26591,Новосибирск,Горно-Алтайск,2
43924,Стамбул (IST),Афины (ATH),2
25493,New York,Los Angeles,1
37627,Москва,Санкт-Петербург,3
29158,Москва,Санкт-Петербург,1
17310,London,Edinburgh,1
28793,Лондон (LHR),Нью-Йорк (JFK),1
25731,Токио (HND),Сеул (ICN),1
15999,Сингапур (SIN),Бали (DPS),1
40869,Дубай (DXB),Бангкок (BKK),1
29447,Сингапур (SIN),Бали (DPS),1
35316,Frankfurt,Hamburg,1
20849,Мадрид (MAD),Барселона,1
33501,Мюнхен,Вена,2
37985,Берлин (BER),Амстердам (AMS),1
23025,Paris,Lyon,1
43746,Екатеринбург,Казань,1
10914,Paris,Lyon,1
24673,Мадрид (MAD),Барселона,1
1234,Мюнхен,Вена,1
40480,London,Edinburgh,1
18158,Rome,Milan,1
31737,Берлин (BER),Амстердам (AMS),1
12249,Paris,Lyon,2
28317,New York,Los Angeles,3
20923,Paris,Lyon,1
49236,Дубай (DXB),Бангкок (BKK),1
36913,Paris,Lyon,1
43328,Берлин (BER),Амстердам (AMS),1
10080,London,Edinburgh,1
43789,Париж (CDG),Рим (FCO),2
48334,Краснодар,Сочи,2
5263,Лондон (LHR),Нью-Йорк (JFK),2
49137,Дубай (DXB),Бангкок (BKK),2
44172,Сингапур (SIN),Бали (DPS),2
45264,New York,Los Angeles,1
12388,Дубай (DXB),Бангкок (BKK),1
40585,Сингапур (SIN),Бали (DPS),1
13547,Стамбул (IST),Афины (ATH),1
33446,Новосибирск,Горно-Алтайск,1
38415,Екатеринбург,Казань,1
16743,Лондон (LHR),Нью-Йорк (JFK),1
17642,New York,Los Angeles,1
33508,Rome,Milan,1
3696,Дубай (DXB),Бангкок (BKK),1
22156,New York,Los Angeles,1
20540,London,Edinburgh,3
46020,Париж (CDG),Рим (FCO),1
42690,Новосибирск,Горно-Алтайск,1
8516,Новосибирск,Горно-Алтайск,2
45305,Новосибирск,Горно-Алтайск,1
19617,Chicago,Miami,1
38205,Лондон (LHR),Нью-Йорк (JFK),1
28570,Rome,Milan,1
45588,Мадрид (MAD),Барселона,1
23783,Краснодар,Сочи,1
19090,Chicago,Miami,1
14235,Frankfurt,Hamburg,1
17138,Новосибирск,Горно-Алтайск,2
5551,New York,Los Angeles,1
14192,Chicago,Miami,2
44965,Сингапур (SIN),Бали (DPS),1
24710,Лондон (LHR),Нью-Йорк (JFK),2
866,Париж (CDG),Рим (FCO),1
29357,Стамбул (IST),Афины (ATH),3
32309,Frankfurt,Hamburg,1
42801,Frankfurt,Hamburg,2
1154,Сингапур (SIN),Бали (DPS),1
3126,Paris,Lyon,1
4232,Дубай (DXB),Бангкок (BKK),1
3909,Сингапур (SIN),Бали (DPS),4
34617,Сингапур (SIN),Бали (DPS),3
21582,Стамбул (IST),Афины (ATH),2
1814,Екатеринбург,Казань,1
39770,Chicago,Miami,2
48915,Стамбул (IST),Афины (ATH),1
325,Paris,Lyon,2
48674,Мадрид (MAD),Барселона,1
8095,Москва,Санкт-Петербург,2
15940,Стамбул (IST),Афины (ATH),1
32996,New York,Los Angeles,1
6268,Новосибирск,Горно-Алтайск,2
45171,Екатеринбург,Казань,1
44681,Paris,Lyon,1
28199,Лондон (LHR),Нью-Йорк (JFK),2
3162,Rome,Milan,1
5854,Новосибирск,Горно-Алтайск,1
28441,Frankfurt,Hamburg,1
7383,Стамбул (IST),Афины (ATH),2
8857,Лондон (LHR),Нью-Йорк (JFK),1
15503,Сингапур (SIN),Бали (DPS),1
3654,Мюнхен,Вена,1
28428,Москва,Санкт-Петербург,3
21578,Rome,Milan,2
26793,Екатеринбург,Казань,3
30263,Стамбул (IST),Афины (ATH),1
31303,Москва,Санкт-Петербург,1
5905,Rome,Milan,2
6871,Стамбул (IST),Афины (ATH),2
5237,Paris,Lyon,2
1070,Берлин (BER),Амстердам (AMS),1
17196,New York,Los Angeles,1
40624,Сингапур (SIN),Бали (DPS),1
34772,Chicago,Miami,2
1875,Екатеринбург,Казань,1
38475,Краснодар,Сочи,2
13249,Берлин (BER),Амстердам (AMS),1
28338,Мадрид (MAD),Барселона,2
47517,Rome,Milan,2
2267,London,Edinburgh,2
45774,Краснодар,Сочи,1
31580,Мюнхен,Вена,1
13242,Краснодар,Сочи,1
131,Краснодар,Сочи,1
20684,Дубай (DXB),Бангкок (BKK),2
38078,Москва (SVO),Париж (CDG),2
36183,London,Edinburgh,2
7505,Париж (CDG),Рим (FCO),1
44779,Лондон (LHR),Нью-Йорк (JFK),2
33139,Токио (HND),Сеул (ICN),1
8924,Краснодар,Сочи,3
11410,Frankfurt,Hamburg,3
47894,Москва (SVO),Париж (CDG),1
30520,Москва,Санкт-Петербург,1
1681,Москва,Санкт-Петербург,2
4006,Москва,Санкт-Петербург,1
13505,Мюнхен,Вена,1
34866,Paris,Lyon,2
10948,Берлин (BER),Амстердам (AMS),1
35531,Москва (SVO),Париж (CDG),2
36373,Мадрид (MAD),Барселона,3
6436,Краснодар,Сочи,1
33816,Мадрид (MAD),Барселона,1
16168,Мадрид (MAD),Барселона,2
13736,Краснодар,Сочи,1
18052,Берлин (BER),Амстердам (AMS),1
21067,Стамбул (IST),Афины (ATH),1
45350,Берлин (BER),Амстердам (AMS),1
3160,Мюнхен,Вена,1
25520,Frankfurt,Hamburg,3
32582,Новосибирск,Горно-Алтайск,2
36432,Екатеринбург,Казань,2
30563,Paris,Lyon,2
447,Париж (CDG),Рим (FCO),1
32385,Мадрид (MAD),Барселона,1
23000,Мадрид (MAD),Барселона,1
27479,New York,Los Angeles,2
36205,Токио (HND),Сеул (ICN),1
20954,Берлин (BER),Амстердам (AMS),2
47093,Мюнхен,Вена,4
23836,Chicago,Miami,1
29226,Rome,Milan,1
13498,Paris,Lyon,2
29492,Токио (HND),Сеул (ICN),1
22040,Мадрид (MAD),Барселона,1
30301,Париж (CDG),Рим (FCO),1
16728,Frankfurt,Hamburg,1
34433,Rome,Milan,2
30773,Берлин (BER),Амстердам (AMS),3
19153,Rome,Milan,1
6720,Москва (SVO),Париж (CDG),1
39687,Москва (SVO),Париж (CDG),1
19691,Берлин (BER),Амстердам (AMS),1
45031,Стамбул (IST),Афины (ATH),1
29799,New York,Los Angeles,1
16037,New York,Los Angeles,2
23228,Новосибирск,Горно-Алтайск,2
3335,Rome,Milan,1
26339,Chicago,Miami,1
1328,Стамбул (IST),Афины (ATH),1
5658,Берлин (BER),Амстердам (AMS),1
41799,Краснодар,Сочи,2
9133,Новосибирск,Горно-Алтайск,2
22113,Frankfurt,Hamburg,1
43569,Chicago,Miami,2
35844,Стамбул (IST),Афины (ATH),2
24318,Rome,Milan,2
11768,Frankfurt,Hamburg,1
18793,Екатеринбург,Казань,1
11301,Стамбул (IST),Афины (ATH),3
23884,New York,Los Angeles,1
5978,Frankfurt,Hamburg,3
3736,Берлин (BER),Амстердам (AMS),1
26040,Берлин (BER),Амстердам (AMS),1
23645,Paris,Lyon,1
33039,Москва,Санкт-Петербург,2
18400,New York,Los Angeles,2
3412,Екатеринбург,Казань,1
44004,Москва,Санкт-Петербург,3
8740,Дубай (DXB),Бангкок (BKK),2
30227,Париж (CDG),Рим (FCO),1
12096,Москва (SVO),Париж (CDG),1
8569,Новосибирск,Горно-Алтайск,1
43423,Rome,Milan,1
23165,Екатеринбург,Казань,2
10427,Дубай (DXB),Бангкок (BKK),1
5213,Москва (SVO),Париж (CDG),1
7782,Frankfurt,Hamburg,1
27236,Стамбул (IST),Афины (ATH),1
42430,Лондон (LHR),Нью-Йорк (JFK),2
15676,Токио (HND),Сеул (ICN),2
2643,Токио (HND),Сеул (ICN),1
43525,Лондон (LHR),Нью-Йорк (JFK),1
21546,Мадрид (MAD),Барселона,4
44296,Сингапур (SIN),Бали (DPS),2
18154,Мюнхен,Вена,2
10180,London,Edinburgh,1
48437,Краснодар,Сочи,1
28240,Chicago,Miami,1
21295,Москва (SVO),Париж (CDG),2
23029,Paris,Lyon,2
22536,Париж (CDG),Рим (FCO),1
22295,Rome,Milan,1
21225,Краснодар,Сочи,1
23433,New York,Los Angeles,1
3052,Лондон (LHR),Нью-Йорк (JFK),2
26598,Дубай (DXB),Бангкок (BKK),1
10299,Париж (CDG),Рим (FCO),1
15155,Екатеринбург,Казань,1
23809,Москва,Санкт-Петербург,1
1045,Лондон (LHR),Нью-Йорк (JFK),1
40285,Москва (SVO),Париж (CDG),2
29559,Москва (SVO),Париж (CDG),2
22165,New York,Los Angeles,1
24156,Стамбул (IST),Афины (ATH),1
15012,Токио (HND),Сеул (ICN),3
7997,Мадрид (MAD),Барселона,1
3398,Москва,Санкт-Петербург,1
8335,Токио (HND),Сеул (ICN),2
32478,Мадрид (MAD),Барселона,2
31350,Paris,Lyon,1
6303,Paris,Lyon,1
18198,Chicago,Miami,1
36340,Дубай (DXB),Бангкок (BKK),1
16329,Берлин (BER),Амстердам (AMS),2
28751,Новосибирск,Горно-Алтайск,2
34664,Frankfurt,Hamburg,3
14484,Москва (SVO),Париж (CDG),1
8810,Сингапур (SIN),Бали (DPS),2
32491,Chicago,Miami,1
10806,Токио (HND),Сеул (ICN),2
40637,Paris,Lyon,1
5353,Новосибирск,Горно-Алтайск,2
36881,Лондон (LHR),Нью-Йорк (JFK),1
26566,Frankfurt,Hamburg,1
36047,Берлин (BER),Амстердам (AMS),1
4112,Москва,Санкт-Петербург,1
8971,Париж (CDG),Рим (FCO),3
23105,Париж (CDG),Рим (FCO),3
24054,Дубай (DXB),Бангкок (BKK),2
28422,Rome,Milan,1
19786,Мюнхен,Вена,1
44950,Новосибирск,Горно-Алтайск,1
25695,Лондон (LHR),Нью-Йорк (JFK),3
25283,Новосибирск,Горно-Алтайск,1
13706,Москва (SVO),Париж (CDG),1
49686,Chicago,Miami,1
48180,Краснодар,Сочи,1
40684,London,Edinburgh,2
45418,Париж (CDG),Рим (FCO),2
3117,Париж (CDG),Рим (FCO),1
23957,Париж (CDG),Рим (FCO),1
40967,Токио (HND),Сеул (ICN),1
40543,Мадрид (MAD),Барселона,1
21945,Мюнхен,Вена,3
25570,Париж (CDG),Рим (FCO),1
2968,Frankfurt,Hamburg,1
2541,Сингапур (SIN),Бали (DPS),1
5163,Chicago,Miami,1
41381,Екатеринбург,Казань,1
39960,Сингапур (SIN),Бали (DPS),1
30161,Новосибирск,Горно-Алтайск,1
9729,Москва,Санкт-Петербург,2
38625,New York,Los Angeles,3
36231,Берлин (BER),Амстердам (AMS),1
18478,Paris,Lyon,1
9085,Сингапур (SIN),Бали (DPS),4
46302,Токио (HND),Сеул (ICN),2
31896,Chicago,Miami,1
206,Мадрид (MAD),Барселона,1
39917,Краснодар,Сочи,4
45083,Краснодар,Сочи,2
27830,Екатеринбург,Казань,1
8834,Берлин (BER),Амстердам (AMS),1
9947,Краснодар,Сочи,2
1697,Мадрид (MAD),Барселона,2
40323,Стамбул (IST),Афины (ATH),1
49789,Rome,Milan,4
38379,New York,Los Angeles,1
20067,Лондон (LHR),Нью-Йорк (JFK),1
35294,Москва (SVO),Париж (CDG),1
15146,Берлин (BER),Амстердам (AMS),1
42651,Мадрид (MAD),Барселона,1
34612,Мадрид (MAD),Барселона,1
42485,Москва (SVO),Париж (CDG),1
47789,Сингапур (SIN),Бали (DPS),1
47741,Frankfurt,Hamburg,1
32598,Paris,Lyon,1
26557,Новосибирск,Горно-Алтайск,1
9904,Стамбул (IST),Афины (ATH),2
28315,Берлин (BER),Амстердам (AMS),2
123,Стамбул (IST),Афины (ATH),2
23815,London,Edinburgh,2
31397,Rome,Milan,1
5735,Москва (SVO),Париж (CDG),1
8176,Москва (SVO),Париж (CDG),1
44401,Краснодар,Сочи,3
31707,Токио (HND),Сеул (ICN),1
22360,Новосибирск,Горно-Алтайск,1
37141,Краснодар,Сочи,1
18852,Frankfurt,Hamburg,1
31855,Токио (HND),Сеул (ICN),1
48771,Chicago,Miami,1
45745,New York,Los Angeles,1
28289,Сингапур (SIN),Бали (DPS),1
13684,Берлин (BER),Амстердам (AMS),1
40300,New York,Los Angeles,1
36390,Токио (HND),Сеул (ICN),1
37589,Екатеринбург,Казань,2
9043,New York,Los Angeles,2
47767,Стамбул (IST),Афины (ATH),2
14496,Paris,Lyon,1
14237,Paris,Lyon,1
37858,New York,Los Angeles,2
46467,Лондон (LHR),Нью-Йорк (JFK),1
13302,Новосибирск,Горно-Алтайск,1
21768,Новосибирск,Горно-Алтайск,2
11054,Сингапур (SIN),Бали (DPS),2
26651,Дубай (DXB),Бангкок (BKK),3
47052,Frankfurt,Hamburg,2
24758,Дубай (DXB),Бангкок (BKK),1
43338,Париж (CDG),Рим (FCO),2
32865,New York,Los Angeles,1
46178,Дубай (DXB),Бангкок (BKK),1
4937,Москва (SVO),Париж (CDG),1
6989,London,Edinburgh,2
42266,Мюнхен,Вена,2
27771,Мадрид (MAD),Барселона,2
40078,Москва,Санкт-Петербург,2
28312,Екатеринбург,Казань,1
29341,Дубай (DXB),Бангкок (BKK),1
11595,Rome,Milan,2
13574,New York,Los Angeles,1
49069,Мюнхен,Вена,3
23580,Краснодар,Сочи,1
2056,Москва,Санкт-Петербург,2
45028,Мюнхен,Вена,2
34930,Мадрид (MAD),Барселона,2
37148,Москва (SVO),Париж (CDG),2
39678,London,Edinburgh,2
37666,Стамбул (IST),Афины (ATH),2
23036,Париж (CDG),Рим (FCO),3
42003,Москва (SVO),Париж (CDG),1
32328,Дубай (DXB),Бангкок (BKK),1
36227,Лондон (LHR),Нью-Йорк (JFK),1
4338,Мюнхен,Вена,1
9570,Токио (HND),Сеул (ICN),1
43468,New York,Los Angeles,1
36938,Лондон (LHR),Нью-Йорк (JFK),1
20378,Париж (CDG),Рим (FCO),1
3590,Chicago,Miami,1
46717,Rome,Milan,2
44548,Rome,Milan,1
38796,Дубай (DXB),Бангкок (BKK),1
37052,Москва,Санкт-Петербург,1
19392,Новосибирск,Горно-Алтайск,1
30226,Мюнхен,Вена,2
38098,Москва,Санкт-Петербург,3
23696,Москва,Санкт-Петербург,1
5321,New York,Los Angeles,1
34459,London,Edinburgh,2
46574,Paris,Lyon,1
16270,Токио (HND),Сеул (ICN),1
24326,Rome,Milan,3
16857,Париж (CDG),Рим (FCO),2
7723,Мадрид (MAD),Барселона,1
42752,Берлин (BER),Амстердам (AMS),1
26970,Rome,Milan,1
48505,Берлин (BER),Амстердам (AMS),1
34927,Chicago,Miami,1
37861,Екатеринбург,Казань,1
15989,Rome,Milan,1
18940,Токио (HND),Сеул (ICN),1
37699,Сингапур (SIN),Бали (DPS),1
32862,New York,Los Angeles,1
235,Rome,Milan,1
13966,Токио (HND),Сеул (ICN),1
35121,Париж (CDG),Рим (FCO),1
10414,Rome,Milan,1
7395,Берлин (BER),Амстердам (AMS),2
16942,Токио (HND),Сеул (ICN),1
27004,Мадрид (MAD),Барселона,1
5618,Берлин (BER),Амстердам (AMS),2
336,Rome,Milan,1
13203,Новосибирск,Горно-Алтайск,1
14345,New York,Los Angeles,4
38664,Frankfurt,Hamburg,4
38813,Frankfurt,Hamburg,1
46200,London,Edinburgh,2
45881,New York,Los Angeles,2
2698,Стамбул (IST),Афины (ATH),1
49020,Москва,Санкт-Петербург,1
1708,Краснодар,Сочи,2
49488,London,Edinburgh,1
8654,Москва (SVO),Париж (CDG),1
46451,Екатеринбург,Казань,2
27963,New York,Los Angeles,1
16153,Новосибирск,Горно-Алтайск,1
45213,New York,Los Angeles,2
39565,Краснодар,Сочи,2
32962,Лондон (LHR),Нью-Йорк (JFK),2
32128,Paris,Lyon,1
23682,Екатеринбург,Казань,1
34423,Москва,Санкт-Петербург,1
7187,Париж (CDG),Рим (FCO),2
37659,Chicago,Miami,2
6455,Стамбул (IST),Афины (ATH),2
7897,Дубай (DXB),Бангкок (BKK),1
6749,Лондон (LHR),Нью-Йорк (JFK),1
32954,Москва (SVO),Париж (CDG),2
3129,Токио (HND),Сеул (ICN),1
37641,Стамбул (IST),Афины (ATH),1
5311,Paris,Lyon,2
18978,Дубай (DXB),Бангкок (BKK),1
25957,Дубай (DXB),Бангкок (BKK),1
5617,Лондон (LHR),Нью-Йорк (JFK),2
38276,Краснодар,Сочи,1
18604,Москва (SVO),Париж (CDG),1
45360,Москва,Санкт-Петербург,1
8333,New York,Los Angeles,2
48266,London,Edinburgh,3
49695,Берлин (BER),Амстердам (AMS),2
36982,Дубай (DXB),Бангкок (BKK),3
49432,Екатеринбург,Казань,1
21023,Москва (SVO),Париж (CDG),1
27237,Москва (SVO),Париж (CDG),1
48596,Paris,Lyon,1
31263,Сингапур (SIN),Бали (DPS),2
37637,London,Edinburgh,1
16376,Мадрид (MAD),Барселона,1
33290,Стамбул (IST),Афины (ATH),2
39234,Rome,Milan,1
13810,Екатеринбург,Казань,2
39430,Стамбул (IST),Афины (ATH),1
14501,Екатеринбург,Казань,2
23013,Париж (CDG),Рим (FCO),2
48402,Мюнхен,Вена,2
11001,Дубай (DXB),Бангкок (BKK),2
18661,Токио (HND),Сеул (ICN),2
49065,Токио (HND),Сеул (ICN),3
34131,Стамбул (IST),Афины (ATH),1
24914,Москва,Санкт-Петербург,2
5823,Краснодар,Сочи,1
29169,Стамбул (IST),Афины (ATH),1
10709,New York,Los Angeles,1
22281,Токио (HND),Сеул (ICN),1
26870,Мюнхен,Вена,1
26295,London,Edinburgh,1
36592,Стамбул (IST),Афины (ATH),1
1973,Дубай (DXB),Бангкок (BKK),3
42877,Стамбул (IST),Афины (ATH),3
47166,Москва,Санкт-Петербург,2
38271,Chicago,Miami,1
36589,Paris,Lyon,1
37686,Paris,Lyon,1
36787,Париж (CDG),Рим (FCO),1
16166,Дубай (DXB),Бангкок (BKK),1
9062,Лондон (LHR),Нью-Йорк (JFK),1
12255,Екатеринбург,Казань,1
46373,Мюнхен,Вена,1
13927,Екатеринбург,Казань,1
27747,Мадрид (MAD),Барселона,1
30438,Дубай (DXB),Бангкок (BKK),2
28395,London,Edinburgh,1
1327,Лондон (LHR),Нью-Йорк (JFK),1
30219,Frankfurt,Hamburg,2
12081,Новосибирск,Горно-Алтайск,2
9930,London,Edinburgh,1
23660,Новосибирск,Горно-Алтайск,2
9577,Москва,Санкт-Петербург,1
7774,London,Edinburgh,1
21434,Екатеринбург,Казань,4
21665,Москва (SVO),Париж (CDG),1
2192,Париж (CDG),Рим (FCO),3
27367,Париж (CDG),Рим (FCO),1
44534,Мюнхен,Вена,1
21852,London,Edinburgh,1
8878,Сингапур (SIN),Бали (DPS),1
12033,Мадрид (MAD),Барселона,2
8079,Берлин (BER),Амстердам (AMS),1
4500,Лондон (LHR),Нью-Йорк (JFK),2
9016,Стамбул (IST),Афины (ATH),1
5014,Берлин (BER),Амстердам (AMS),2
25951,Краснодар,Сочи,2
22809,Новосибирск,Горно-Алтайск,1
2451,Париж (CDG),Рим (FCO),1
4560,Новосибирск,Горно-Алтайск,1
42697,Париж (CDG),Рим (FCO),1
25287,Сингапур (SIN),Бали (DPS),1
44905,Стамбул (IST),Афины (ATH),1
35320,New York,Los Angeles,1
37160,London,Edinburgh,1
10961,Дубай (DXB),Бангкок (BKK),3
45908,Мадрид (MAD),Барселона,2
377,Мадрид (MAD),Барселона,1
13194,Мадрид (MAD),Барселона,2
3619,Москва,Санкт-Петербург,2
33061,London,Edinburgh,1
11661,Москва (SVO),Париж (CDG),2
26280,Мюнхен,Вена,2
10651,Дубай (DXB),Бангкок (BKK),2
41344,Rome,Milan,1
11247,Мюнхен,Вена,1
6877,Лондон (LHR),Нью-Йорк (JFK),1
17104,Paris,Lyon,2
18614,Дубай (DXB),Бангкок (BKK),2
22456,Paris,Lyon,1
5178,Москва,Санкт-Петербург,1
36831,Сингапур (SIN),Бали (DPS),1
16193,Екатеринбург,Казань,1
6849,Краснодар,Сочи,2
22103,Париж (CDG),Рим (FCO),2
1802,Токио (HND),Сеул (ICN),1
3984,Париж (CDG),Рим (FCO),1
9380,Мадрид (MAD),Барселона,1
24569,Chicago,Miami,1
41396,Сингапур (SIN),Бали (DPS),1
40412,London,Edinburgh,2
43524,Paris,Lyon,1
401,Москва (SVO),Париж (CDG),1
2516,Rome,Milan,1
17097,Paris,Lyon,1
22833,Стамбул (IST),Афины (ATH),2
49272,Лондон (LHR),Нью-Йорк (JFK),1
27621,Мюнхен,Вена,1
33584,Стамбул (IST),Афины (ATH),1
11517,Краснодар,Сочи,2
7211,Дубай (DXB),Бангкок (BKK),2
9243,Мюнхен,Вена,3
42756,Frankfurt,Hamburg,1
13228,Frankfurt,Hamburg,1
16298,Берлин (BER),Амстердам (AMS),1
20858,Лондон (LHR),Нью-Йорк (JFK),2
23910,Дубай (DXB),Бангкок (BKK),1
682,Берлин (BER),Амстердам (AMS),3
47369,Берлин (BER),Амстердам (AMS),1
38503,Екатеринбург,Казань,2
4929,Дубай (DXB),Бангкок (BKK),2
35340,Paris,Lyon,1
36079,Екатеринбург,Казань,3
31593,Берлин (BER),Амстердам (AMS),3
26555,London,Edinburgh,1
47492,Берлин (BER),Амстердам (AMS),1
21510,Rome,Milan,1
19330,Берлин (BER),Амстердам (AMS),2
14342,Краснодар,Сочи,1
22477,Мюнхен,Вена,2
23044,Chicago,Miami,1
20267,Дубай (DXB),Бангкок (BKK),1
48880,Сингапур (SIN),Бали (DPS),2
30374,Париж (CDG),Рим (FCO),1
44321,Paris,Lyon,1
26207,Екатеринбург,Казань,1
25122,Мадрид (MAD),Барселона,3
44056,Frankfurt,Hamburg,1
7452,Новосибирск,Горно-Алтайск,2
34025,Chicago,Miami,2
40052,Берлин (BER),Амстердам (AMS),2
30439,New York,Los Angeles,1
10865,Новосибирск,Горно-Алтайск,1
5720,Лондон (LHR),Нью-Йорк (JFK),1
42048,Берлин (BER),Амстердам (AMS),1
46238,Paris,Lyon,1
41578,Стамбул (IST),Афины (ATH),1
21083,Дубай (DXB),Бангкок (BKK),1
30174,Токио (HND),Сеул (ICN),1
35087,Краснодар,Сочи,3
1843,Chicago,Miami,1
42850,New York,Los Angeles,2
12614,Берлин (BER),Амстердам (AMS),2
23867,Chicago,Miami,1
26772,Токио (HND),Сеул (ICN),3
14579,Москва,Санкт-Петербург,1
38115,London,Edinburgh,2
42959,Chicago,Miami,2
33322,Екатеринбург,Казань,1
33906,Дубай (DXB),Бангкок (BKK),2
28181,Краснодар,Сочи,2
40080,Берлин (BER),Амстердам (AMS),1
17536,Chicago,Miami,1
36141,Лондон (LHR),Нью-Йорк (JFK),1
44305,Париж (CDG),Рим (FCO),1
16953,Екатеринбург,Казань,1
10069,New York,Los Angeles,3
21811,Frankfurt,Hamburg,2
19185,Новосибирск,Горно-Алтайск,1
26848,Дубай (DXB),Бангкок (BKK),1
49054,Краснодар,Сочи,2
12068,Rome,Milan,1
46231,Дубай (DXB),Бангкок (BKK),2
40572,Сингапур (SIN),Бали (DPS),1
4958,New York,Los Angeles,2
20676,Москва (SVO),Париж (CDG),1
37963,Мадрид (MAD),Барселона,1
6530,Мадрид (MAD),Барселона,2
3239,Москва,Санкт-Петербург,2
48848,Москва (SVO),Париж (CDG),1
47905,Токио (HND),Сеул (ICN),4
42509,Дубай (DXB),Бангкок (BKK),2
19162,London,Edinburgh,1
29906,Токио (HND),Сеул (ICN),2
17987,Chicago,Miami,1
28438,Новосибирск,Горно-Алтайск,2
4758,Rome,Milan,1
10783,Стамбул (IST),Афины (ATH),2
23870,Paris,Lyon,1
18132,Стамбул (IST),Афины (ATH),2
9976,Екатеринбург,Казань,3
1242,Москва,Санкт-Петербург,2
14317,Мюнхен,Вена,1
37339,Берлин (BER),Амстердам (AMS),1
27293,Токио (HND),Сеул (ICN),3
13964,Мюнхен,Вена,1
39046,Москва (SVO),Париж (CDG),1
22300,London,Edinburgh,1
35566,Сингапур (SIN),Бали (DPS),1
15036,Rome,Milan,2
7750,Париж (CDG),Рим (FCO),1
23589,Стамбул (IST),Афины (ATH),2
45122,Москва,Санкт-Петербург,2
21409,London,Edinburgh,1
4446,Сингапур (SIN),Бали (DPS),1
43807,Мадрид (MAD),Барселона,2
36685,Chicago,Miami,1
7025,Токио (HND),Сеул (ICN),2
42754,Chicago,Miami,1
32862,Москва,Санкт-Петербург,2
261,Токио (HND),Сеул (ICN),1
36707,Сингапур (SIN),Бали (DPS),2
32705,Chicago,Miami,2
45248,Стамбул (IST),Афины (ATH),2
25036,Новосибирск,Горно-Алтайск,3
44462,Токио (HND),Сеул (ICN),1
37291,New York,Los Angeles,3
5281,Мюнхен,Вена,1
36803,Новосибирск,Горно-Алтайск,1
16129,Chicago,Miami,2
18842,Мадрид (MAD),Барселона,3
41575,Лондон (LHR),Нью-Йорк (JFK),2
39343,Стамбул (IST),Афины (ATH),3
27591,Токио (HND),Сеул (ICN),3
9923,Мадрид (MAD),Барселона,2
31832,Стамбул (IST),Афины (ATH),1
18881,New York,Los Angeles,1
28381,Москва (SVO),Париж (CDG),1
26880,Chicago,Miami,1
34945,Париж (CDG),Рим (FCO),2
14077,Стамбул (IST),Афины (ATH),1
30110,Сингапур (SIN),Бали (DPS),2
1459,Мадрид (MAD),Барселона,1
14136,Frankfurt,Hamburg,4
31731,Москва,Санкт-Петербург,2
22512,Токио (HND),Сеул (ICN),1
19432,Мюнхен,Вена,1
1798,Москва,Санкт-Петербург,1
43094,Екатеринбург,Казань,1
8759,Краснодар,Сочи,1
1566,Мадрид (MAD),Барселона,1
40897,Лондон (LHR),Нью-Йорк (JFK),1
37295,Москва (SVO),Париж (CDG),2
23934,Дубай (DXB),Бангкок (BKK),2
303,Дубай (DXB),Бангкок (BKK),1
19736,New York,Los Angeles,1
35222,Rome,Milan,2
28072,Новосибирск,Горно-Алтайск,1
8014,London,Edinburgh,1
20033,Москва (SVO),Париж (CDG),1
21586,Берлин (BER),Амстердам (AMS),2
34965,Rome,Milan,1
28759,Стамбул (IST),Афины (ATH),1
22522,Москва (SVO),Париж (CDG),1
40566,Лондон (LHR),Нью-Йорк (JFK),1
11537,Мадрид (MAD),Барселона,1
33716,Мадрид (MAD),Барселона,1
4645,Стамбул (IST),Афины (ATH),1
11257,Chicago,Miami,2
23939,Краснодар,Сочи,1
3020,London,Edinburgh,2
40024,Новосибирск,Горно-Алтайск,1
21079,Краснодар,Сочи,1
16337,Мадрид (MAD),Барселона,1
19635,Мюнхен,Вена,1
39743,Новосибирск,Горно-Алтайск,1
30086,London,Edinburgh,2
25043,Мюнхен,Вена,1
29591,Москва,Санкт-Петербург,2
7130,Москва (SVO),Париж (CDG),2
36844,Новосибирск,Горно-Алтайск,3
46483,Новосибирск,Горно-Алтайск,1
25657,Стамбул (IST),Афины (ATH),2
6871,Мадрид (MAD),Барселона,3
13706,Мюнхен,Вена,2
46569,London,Edinburgh,1
2917,Новосибирск,Горно-Алтайск,1
29913,New York,Los Angeles,1
37107,Берлин (BER),Амстердам (AMS),2
22125,Новосибирск,Горно-Алтайск,1
14747,Берлин (BER),Амстердам (AMS),2
31640,Берлин (BER),Амстердам (AMS),2
33266,London,Edinburgh,1
46286,Chicago,Miami,2
25556,Краснодар,Сочи,1
12470,Мадрид (MAD),Барселона,1
21462,Сингапур (SIN),Бали (DPS),1
18486,Краснодар,Сочи,3
34331,Екатеринбург,Казань,1
34496,Стамбул (IST),Афины (ATH),1
42025,Лондон (LHR),Нью-Йорк (JFK),1
24596,Chicago,Miami,1
5645,Мюнхен,Вена,2
47004,Новосибирск,Горно-Алтайск,1
48627,Мюнхен,Вена,1
292,Токио (HND),Сеул (ICN),1
942,Екатеринбург,Казань,1
35919,Paris,Lyon,1
14684,Rome,Milan,1
17195,Москва (SVO),Париж (CDG),2
36200,Берлин (BER),Амстердам (AMS),2
3317,Дубай (DXB),Бангкок (BKK),2
284,Краснодар,Сочи,2
42846,Берлин (BER),Амстердам (AMS),1
16263,Лондон (LHR),Нью-Йорк (JFK),2
8770,Краснодар,Сочи,1
44916,Екатеринбург,Казань,2
47461,Chicago,Miami,1
21628,Лондон (LHR),Нью-Йорк (JFK),1
49733,Мюнхен,Вена,1
3669,Chicago,Miami,1
48412,Лондон (LHR),Нью-Йорк (JFK),1
50001,Paris,Lyon,1
28668,New York,Los Angeles,1
30256,Мюнхен,Вена,1
4008,Paris,Lyon,2
9276,Rome,Milan,3
24290,Frankfurt,Hamburg,2
15067,Токио (HND),Сеул (ICN),2
44230,Москва (SVO),Париж (CDG),1
25983,Мадрид (MAD),Барселона,1
8189,Краснодар,Сочи,2
3242,Токио (HND),Сеул (ICN),2
22944,London,Edinburgh,2
10041,Стамбул (IST),Афины (ATH),1
42202,New York,Los Angeles,2
45441,Париж (CDG),Рим (FCO),3
43978,Москва (SVO),Париж (CDG),3
26960,New York,Los Angeles,1
24724,Rome,Milan,2
5219,Москва,Санкт-Петербург,2
6332,Токио (HND),Сеул (ICN),3
26534,Стамбул (IST),Афины (ATH),2
41606,Сингапур (SIN),Бали (DPS),1
3595,Дубай (DXB),Бангкок (BKK),1
35748,Сингапур (SIN),Бали (DPS),2
30078,Лондон (LHR),Нью-Йорк (JFK),1
23999,Екатеринбург,Казань,1
8944,Frankfurt,Hamburg,1
39248,Новосибирск,Горно-Алтайск,1
36977,Берлин (BER),Амстердам (AMS),4
33159,Chicago,Miami,1
24815,Лондон (LHR),Нью-Йорк (JFK),1
48163,Москва (SVO),Париж (CDG),1
17093,Екатеринбург,Казань,1
38422,Стамбул (IST),Афины (ATH),1
4881,Chicago,Miami,2
18408,Берлин (BER),Амстердам (AMS),1
6834,Стамбул (IST),Афины (ATH),1
42892,Новосибирск,Горно-Алтайск,3
18673,Москва (SVO),Париж (CDG),2
32046,Сингапур (SIN),Бали (DPS),2
25995,Дубай (DXB),Бангкок (BKK),2
17861,Новосибирск,Горно-Алтайск,1
7672,Лондон (LHR),Нью-Йорк (JFK),2
10739,Сингапур (SIN),Бали (DPS),2
1218,Frankfurt,Hamburg,1
32087,London,Edinburgh,1
23439,Paris,Lyon,3
21273,Токио (HND),Сеул (ICN),1
38942,Париж (CDG),Рим (FCO),1
44494,Берлин (BER),Амстердам (AMS),1
25339,London,Edinburgh,2
3789,New York,Los Angeles,1
11676,Сингапур (SIN),Бали (DPS),2
22606,Краснодар,Сочи,2
19983,Мадрид (MAD),Барселона,1
34505,Дубай (DXB),Бангкок (BKK),2
47975,New York,Los Angeles,2
4886,Сингапур (SIN),Бали (DPS),2
25667,Москва,Санкт-Петербург,2
49056,New York,Los Angeles,1
31362,London,Edinburgh,2
17496,London,Edinburgh,1
7196,Екатеринбург,Казань,1
11540,Краснодар,Сочи,2
28027,Москва,Санкт-Петербург,1
27752,Paris,Lyon,2
1296,Paris,Lyon,1
45238,Paris,Lyon,1
40560,Frankfurt,Hamburg,1
20714,Екатеринбург,Казань,1
3769,Стамбул (IST),Афины (ATH),1
29821,London,Edinburgh,2
27582,Мюнхен,Вена,2
18191,Берлин (BER),Амстердам (AMS),1
35336,Стамбул (IST),Афины (ATH),1
5279,New York,Los Angeles,1
36767,Дубай (DXB),Бангкок (BKK),2
24215,Краснодар,Сочи,1
6836,Москва,Санкт-Петербург,1
37155,Лондон (LHR),Нью-Йорк (JFK),2
24332,Дубай (DXB),Бангкок (BKK),1
45950,Москва,Санкт-Петербург,1
27640,Краснодар,Сочи,1
12396,Париж (CDG),Рим (FCO),2
17181,Берлин (BER),Амстердам (AMS),1
28242,Paris,Lyon,1
32406,Берлин (BER),Амстердам (AMS),2
22863,Дубай (DXB),Бангкок (BKK),1
36220,Мюнхен,Вена,1
19745,Мадрид (MAD),Барселона,1
16206,Лондон (LHR),Нью-Йорк (JFK),3
16801,Лондон (LHR),Нью-Йорк (JFK),1
43979,Краснодар,Сочи,1
45111,Краснодар,Сочи,1
1058,Краснодар,Сочи,2
5506,Rome,Milan,3
11623,Екатеринбург,Казань,1
15863,London,Edinburgh,4
38136,Новосибирск,Горно-Алтайск,4
47974,Chicago,Miami,2
10559,Париж (CDG),Рим (FCO),1
16099,Токио (HND),Сеул (ICN),1
30221,Краснодар,Сочи,1
16995,Новосибирск,Горно-Алтайск,2
40302,Rome,Milan,1
17872,Rome,Milan,1
40061,Екатеринбург,Казань,2
31744,Frankfurt,Hamburg,1
14556,Москва,Санкт-Петербург,3
25264,Paris,Lyon,3
8678,Москва,Санкт-Петербург,2
27686,Сингапур (SIN),Бали (DPS),1
23861,Мадрид (MAD),Барселона,2
9812,Лондон (LHR),Нью-Йорк (JFK),1
37051,Rome,Milan,3
10679,Париж (CDG),Рим (FCO),2
272,Стамбул (IST),Афины (ATH),1
47428,Москва (SVO),Париж (CDG),3
7789,Лондон (LHR),Нью-Йорк (JFK),2
49052,Москва,Санкт-Петербург,2
14340,New York,Los Angeles,2
3182,Rome,Milan,1
34409,Frankfurt,Hamburg,2
1046,Новосибирск,Горно-Алтайск,1
41378,Токио (HND),Сеул (ICN),1
20301,Мадрид (MAD),Барселона,2
3918,Екатеринбург,Казань,2
4971,Токио (HND),Сеул (ICN),1
49630,Frankfurt,Hamburg,1
42190,Москва,Санкт-Петербург,1
21709,Москва,Санкт-Петербург,1
15415,Токио (HND),Сеул (ICN),1
36897,Париж (CDG),Рим (FCO),1
19421,Rome,Milan,2
1669,New York,Los Angeles,1
10712,Москва,Санкт-Петербург,2
36164,London,Edinburgh,1
5050,Frankfurt,Hamburg,3
22388,Rome,Milan,1
7402,Лондон (LHR),Нью-Йорк (JFK),1
5003,New York,Los Angeles,1
7773,Frankfurt,Hamburg,1
39622,Paris,Lyon,1
33573,Екатеринбург,Казань,1
40680,Мюнхен,Вена,1
4262,New York,Los Angeles,2
8672,Мюнхен,Вена,1
29732,Стамбул (IST),Афины (ATH),1
44392,Chicago,Miami,2
44054,Париж (CDG),Рим (FCO),1
2221,Дубай (DXB),Бангкок (BKK),1
13037,Frankfurt,Hamburg,1
38777,Стамбул (IST),Афины (ATH),1
49123,Париж (CDG),Рим (FCO),1
7097,Rome,Milan,2
8285,Москва (SVO),Париж (CDG),2
2994,Paris,Lyon,1
27314,Rome,Milan,1
35392,Москва (SVO),Париж (CDG),3
36725,Сингапур (SIN),Бали (DPS),1
31171,Токио (HND),Сеул (ICN),1
30589,Москва (SVO),Париж (CDG),1
28567,Rome,Milan,1
37470,Мадрид (MAD),Барселона,3
39069,Мадрид (MAD),Барселона,1
20179,Берлин (BER),Амстердам (AMS),2
23963,Rome,Milan,2
48688,Токио (HND),Сеул (ICN),1
2877,Екатеринбург,Казань,3
1700,Frankfurt,Hamburg,1
45980,Дубай (DXB),Бангкок (BKK),1
47786,Лондон (LHR),Нью-Йорк (JFK),2
7440,Берлин (BER),Амстердам (AMS),3
30365,Дубай (DXB),Бангкок (BKK),2
45579,Краснодар,Сочи,1
21186,Paris,Lyon,1
8283,New York,Los Angeles,2
48620,Сингапур (SIN),Бали (DPS),2
29514,Москва (SVO),Париж (CDG),1
28312,Новосибирск,Горно-Алтайск,2
30554,Краснодар,Сочи,3
28965,Paris,Lyon,1
10665,Москва,Санкт-Петербург,2
35878,Лондон (LHR),Нью-Йорк (JFK),1
29251,Новосибирск,Горно-Алтайск,1
4108,Chicago,Miami,2
36638,Стамбул (IST),Афины (ATH),2
13519,London,Edinburgh,1
13408,Дубай (DXB),Бангкок (BKK),1
37359,Новосибирск,Горно-Алтайск,2
19780,Мюнхен,Вена,2
5147,Париж (CDG),Рим (FCO),2
3722,Сингапур (SIN),Бали (DPS),2
9046,Краснодар,Сочи,2
40493,Мадрид (MAD),Барселона,3
45667,Токио (HND),Сеул (ICN),2
40336,Дубай (DXB),Бангкок (BKK),1
13113,Новосибирск,Горно-Алтайск,3
41066,Екатеринбург,Казань,1
2982,Лондон (LHR),Нью-Йорк (JFK),2
29542,Rome,Milan,1
20292,Сингапур (SIN),Бали (DPS),1
10766,Сингапур (SIN),Бали (DPS),1
30656,Париж (CDG),Рим (FCO),3
10965,Дубай (DXB),Бангкок (BKK),3
9755,Екатеринбург,Казань,1
37422,Frankfurt,Hamburg,1
34266,Екатеринбург,Казань,3
13863,Берлин (BER),Амстердам (AMS),2
6631,Chicago,Miami,1
25715,Париж (CDG),Рим (FCO),1
11276,Берлин (BER),Амстердам (AMS),1
7504,London,Edinburgh,2
36051,New York,Los Angeles,1
36277,Краснодар,Сочи,1
40312,New York,Los Angeles,1
27769,Мюнхен,Вена,1
41063,London,Edinburgh,1
3299,Frankfurt,Hamburg,1
49777,Москва (SVO),Париж (CDG),2
31433,New York,Los Angeles,2
43867,Paris,Lyon,2
23615,Москва (SVO),Париж (CDG),1
46190,Новосибирск,Горно-Алтайск,2
34937,Стамбул (IST),Афины (ATH),1
22213,London,Edinburgh,1
11654,Chicago,Miami,1
25298,Краснодар,Сочи,1
25674,Краснодар,Сочи,2
1645,Екатеринбург,Казань,1
31943,London,Edinburgh,1
19947,Дубай (DXB),Бангкок (BKK),1
45235,London,Edinburgh,2
48716,Мадрид (MAD),Барселона,4
21922,Берлин (BER),Амстердам (AMS),1
38858,Лондон (LHR),Нью-Йорк (JFK),2
22879,Сингапур (SIN),Бали (DPS),1
40554,Дубай (DXB),Бангкок (BKK),1
26495,Мюнхен,Вена,2
14188,Мадрид (MAD),Барселона,2
9758,Дубай (DXB),Бангкок (BKK),1
23943,Краснодар,Сочи,2
13266,Берлин (BER),Амстердам (AMS),3
24228,London,Edinburgh,2
24517,Берлин (BER),Амстердам (AMS),2
28701,Краснодар,Сочи,1
10891,Мадрид (MAD),Барселона,1
46318,New York,Los Angeles,1
23762,Rome,Milan,1
10181,Стамбул (IST),Афины (ATH),1
10769,Лондон (LHR),Нью-Йорк (JFK),2
33112,Мюнхен,Вена,1
38903,Москва,Санкт-Петербург,2
49918,London,Edinburgh,1
28530,Екатеринбург,Казань,1
21247,Токио (HND),Сеул (ICN),4
10902,London,Edinburgh,2
10989,Paris,Lyon,3
42855,Frankfurt,Hamburg,2
10369,Москва,Санкт-Петербург,1
34040,Краснодар,Сочи,3
42897,Мюнхен,Вена,1
30278,Мюнхен,Вена,1
34265,Мюнхен,Вена,1
27790,Екатеринбург,Казань,2
7408,Frankfurt,Hamburg,1
19348,Сингапур (SIN),Бали (DPS),2
34207,Frankfurt,Hamburg,1
11502,Дубай (DXB),Бангкок (BKK),2
43428,Frankfurt,Hamburg,1
14372,New York,Los Angeles,1
4795,Новосибирск,Горно-Алтайск,1
28164,Сингапур (SIN),Бали (DPS),1
1577,London,Edinburgh,1
35226,Дубай (DXB),Бангкок (BKK),2
18961,Краснодар,Сочи,2
36264,Москва,Санкт-Петербург,1
14361,Chicago,Miami,4
223,Токио (HND),Сеул (ICN),3
40215,Екатеринбург,Казань,3
8322,Мадрид (MAD),Барселона,2
26044,Chicago,Miami,1
15748,Москва (SVO),Париж (CDG),4
38671,Краснодар,Сочи,2
36285,Токио (HND),Сеул (ICN),1
32816,Chicago,Miami,2
41129,Rome,Milan,1
27521,Мюнхен,Вена,1
14678,Москва (SVO),Париж (CDG),1
3106,Дубай (DXB),Бангкок (BKK),2
11509,Краснодар,Сочи,1
28949,Chicago,Miami,1
28889,Paris,Lyon,3
16339,Дубай (DXB),Бангкок (BKK),1
19736,Екатеринбург,Казань,2
18399,Paris,Lyon,1
43815,New York,Los Angeles,2
46795,New York,Los Angeles,1
2126,Париж (CDG),Рим (FCO),2
24435,Москва (SVO),Париж (CDG),1
17077,Rome,Milan,2
167,Париж (CDG),Рим (FCO),1
23312,Москва,Санкт-Петербург,3
38094,Сингапур (SIN),Бали (DPS),2
25745,Rome,Milan,2
7573,Стамбул (IST),Афины (ATH),2
29981,Токио (HND),Сеул (ICN),1
22213,London,Edinburgh,2
14473,Краснодар,Сочи,2
3496,Стамбул (IST),Афины (ATH),1
33071,Paris,Lyon,1
41980,Берлин (BER),Амстердам (AMS),1
19410,Мадрид (MAD),Барселона,1
32480,Лондон (LHR),Нью-Йорк (JFK),2
6227,Новосибирск,Горно-Алтайск,1
25652,Екатеринбург,Казань,2
9870,Новосибирск,Горно-Алтайск,1
5406,Сингапур (SIN),Бали (DPS),2
26133,Дубай (DXB),Бангкок (BKK),1
1481,Новосибирск,Горно-Алтайск,1
23669,Париж (CDG),Рим (FCO),1
28312,Новосибирск,Горно-Алтайск,3
17400,Токио (HND),Сеул (ICN),1
20058,Новосибирск,Горно-Алтайск,2
20940,Москва,Санкт-Петербург,1
47783,Новосибирск,Горно-Алтайск,3
30981,London,Edinburgh,4
47017,Токио (HND),Сеул (ICN),3
37352,Берлин (BER),Амстердам (AMS),2
47366,Frankfurt,Hamburg,3
14411,Новосибирск,Горно-Алтайск,1
17164,Москва,Санкт-Петербург,2
3496,Frankfurt,Hamburg,2
43038,Мадрид (MAD),Барселона,2
36557,Мадрид (MAD),Барселона,2
28713,Сингапур (SIN),Бали (DPS),2
19613,Токио (HND),Сеул (ICN),1
31681,Сингапур (SIN),Бали (DPS),2
16509,Мюнхен,Вена,1
34133,Chicago,Miami,1
39158,Новосибирск,Горно-Алтайск,1
8456,Лондон (LHR),Нью-Йорк (JFK),1
349,Стамбул (IST),Афины (ATH),1
36958,Новосибирск,Горно-Алтайск,2
1189,Мадрид (MAD),Барселона,2
11282,Краснодар,Сочи,1
41956,Берлин (BER),Амстердам (AMS),2
18939,Сингапур (SIN),Бали (DPS),1
444,Сингапур (SIN),Бали (DPS),1
25068,Токио (HND),Сеул (ICN),3
35999,Rome,Milan,1
23704,Мадрид (MAD),Барселона,1
39478,Москва,Санкт-Петербург,5
3460,Стамбул (IST),Афины (ATH),2
28698,Москва,Санкт-Петербург,1
29045,Стамбул (IST),Афины (ATH),3
41777,Краснодар,Сочи,2
36594,Стамбул (IST),Афины (ATH),1
28876,Лондон (LHR),Нью-Йорк (JFK),1
20869,Екатеринбург,Казань,1
35725,New York,Los Angeles,1
47740,Стамбул (IST),Афины (ATH),2
34009,New York,Los Angeles,2
47156,Екатеринбург,Казань,1
38169,Chicago,Miami,2
49281,Rome,Milan,1
17098,Токио (HND),Сеул (ICN),1
44539,Лондон (LHR),Нью-Йорк (JFK),2
16163,Токио (HND),Сеул (ICN),1
28320,Мюнхен,Вена,2
29896,Стамбул (IST),Афины (ATH),1
30504,New York,Los Angeles,1
16752,Берлин (BER),Амстердам (AMS),2
10007,Берлин (BER),Амстердам (AMS),2
28306,Токио (HND),Сеул (ICN),1
30695,Стамбул (IST),Афины (ATH),1
46447,Paris,Lyon,1
7641,London,Edinburgh,1
19565,Париж (CDG),Рим (FCO),2
37699,Мадрид (MAD),Барселона,2
4394,New York,Los Angeles,1
12726,Новосибирск,Горно-Алтайск,1
38886,Мюнхен,Вена,2
30592,Frankfurt,Hamburg,2
19048,Москва (SVO),Париж (CDG),2
16031,Париж (CDG),Рим (FCO),1
2098,New York,Los Angeles,1
26515,Краснодар,Сочи,2
46004,Paris,Lyon,1
21427,New York,Los Angeles,1
32304,Лондон (LHR),Нью-Йорк (JFK),1
40116,Екатеринбург,Казань,2
46754,Мюнхен,Вена,1
13408,Сингапур (SIN),Бали (DPS),2
13617,New York,Los Angeles,1
32346,Paris,Lyon,2
983,Мадрид (MAD),Барселона,1
39236,Сингапур (SIN),Бали (DPS),1
27546,Токио (HND),Сеул (ICN),1
38491,Стамбул (IST),Афины (ATH),2
5780,Москва,Санкт-Петербург,1
15745,Париж (CDG),Рим (FCO),1
34336,London,Edinburgh,1
31000,Сингапур (SIN),Бали (DPS),1
36636,Paris,Lyon,1
40391,Токио (HND),Сеул (ICN),1
24226,Берлин (BER),Амстердам (AMS),1
3203,Дубай (DXB),Бангкок (BKK),1
43385,Берлин (BER),Амстердам (AMS),3
37378,Токио (HND),Сеул (ICN),1
1029,Париж (CDG),Рим (FCO),1
35404,Дубай (DXB),Бангкок (BKK),1
7428,New York,Los Angeles,1
24935,Дубай (DXB),Бангкок (BKK),1
6275,Екатеринбург,Казань,2
46591,London,Edinburgh,1
33794,London,Edinburgh,2
46619,Дубай (DXB),Бангкок (BKK),1
13865,Лондон (LHR),Нью-Йорк (JFK),1
11526,Дубай (DXB),Бангкок (BKK),3
22319,Берлин (BER),Амстердам (AMS),1
45844,Paris,Lyon,1
97,Новосибирск,Горно-Алтайск,1
26664,Новосибирск,Горно-Алтайск,1
14282,Париж (CDG),Рим (FCO),1
8957,Chicago,Miami,1
23207,Frankfurt,Hamburg,1
28525,Paris,Lyon,2
17455,Екатеринбург,Казань,1
41423,Стамбул (IST),Афины (ATH),2
46504,London,Edinburgh,3
3902,Лондон (LHR),Нью-Йорк (JFK),1
46109,Chicago,Miami,1
1312,Берлин (BER),Амстердам (AMS),1
10084,Екатеринбург,Казань,2
11572,Стамбул (IST),Афины (ATH),1
29504,Chicago,Miami,2
46330,Сингапур (SIN),Бали (DPS),1
32021,Мюнхен,Вена,1
11752,Лондон (LHR),Нью-Йорк (JFK),2
19984,London,Edinburgh,1
48,Стамбул (IST),Афины (ATH),1
42280,Стамбул (IST),Афины (ATH),1
47693,Сингапур (SIN),Бали (DPS),1
14107,Мюнхен,Вена,1
17048,Москва (SVO),Париж (CDG),1
47820,Москва,Санкт-Петербург,1
4533,Москва,Санкт-Петербург,4
23050,Мюнхен,Вена,3
16918,New York,Los Angeles,2
41609,Стамбул (IST),Афины (ATH),3
35105,Мюнхен,Вена,2
14565,Мюнхен,Вена,2
3667,Новосибирск,Горно-Алтайск,2
35713,Frankfurt,Hamburg,2
7350,New York,Los Angeles,1
23574,Берлин (BER),Амстердам (AMS),1
33795,Париж (CDG),Рим (FCO),1
9500,New York,Los Angeles,1
46743,Берлин (BER),Амстердам (AMS),2
14243,Chicago,Miami,2
26419,Сингапур (SIN),Бали (DPS),2
43247,Берлин (BER),Амстердам (AMS),3
3661,Краснодар,Сочи,1
15061,Rome,Milan,2
19785,Москва,Санкт-Петербург,2
41133,Екатеринбург,Казань,1
40588,Новосибирск,Горно-Алтайск,1
37414,Лондон (LHR),Нью-Йорк (JFK),2
42681,Москва (SVO),Париж (CDG),1
46725,London,Edinburgh,2
4149,Берлин (BER),Амстердам (AMS),2
29096,Лондон (LHR),Нью-Йорк (JFK),1
49399,Сингапур (SIN),Бали (DPS),1
32002,Москва (SVO),Париж (CDG),1
15141,Rome,Milan,1
17295,London,Edinburgh,1
24448,Дубай (DXB),Бангкок (BKK),1
23977,Paris,Lyon,2
15329,Дубай (DXB),Бангкок (BKK),2
12625,Paris,Lyon,1
9716,Chicago,Miami,2
458,Мюнхен,Вена,1
15168,Париж (CDG),Рим (FCO),2
32660,Лондон (LHR),Нью-Йорк (JFK),1
38071,Стамбул (IST),Афины (ATH),2
2717,London,Edinburgh,1
40392,Frankfurt,Hamburg,1
15629,Сингапур (SIN),Бали (DPS),1
46925,Стамбул (IST),Афины (ATH),1
46064,Токио (HND),Сеул (ICN),1
46722,Chicago,Miami,1
19962,Москва,Санкт-Петербург,3
22044,Rome,Milan,2
2387,Краснодар,Сочи,1
20005,Токио (HND),Сеул (ICN),1
35951,Лондон (LHR),Нью-Йорк (JFK),4
3380,Мадрид (MAD),Барселона,2
49173,Мюнхен,Вена,2
2222,Дубай (DXB),Бангкок (BKK),2
27405,Париж (CDG),Рим (FCO),3
18833,Новосибирск,Горно-Алтайск,1
33524,Chicago,Miami,1
32088,Берлин (BER),Амстердам (AMS),1
19413,Сингапур (SIN),Бали (DPS),1
8088,Chicago,Miami,1
8298,Rome,Milan,4
28894,Новосибирск,Горно-Алтайск,1
33841,Сингапур (SIN),Бали (DPS),3
7521,Дубай (DXB),Бангкок (BKK),1
44105,Paris,Lyon,1
7534,Paris,Lyon,1
27623,Москва (SVO),Париж (CDG),1
41798,Мюнхен,Вена,1
27654,Лондон (LHR),Нью-Йорк (JFK),1
24794,Rome,Milan,1
49977,Краснодар,Сочи,2
13001,Берлин (BER),Амстердам (AMS),2
48462,Мюнхен,Вена,1
25274,Chicago,Miami,1
7023,London,Edinburgh,1
41518,New York,Los Angeles,1
4234,Париж (CDG),Рим (FCO),1
41810,New York,Los Angeles,2
47729,Берлин (BER),Амстердам (AMS),2
7108,Chicago,Miami,1
47934,New York,Los Angeles,1
40834,Берлин (BER),Амстердам (AMS),1
7829,Стамбул (IST),Афины (ATH),3
9014,Сингапур (SIN),Бали (DPS),3
21300,New York,Los Angeles,1
33278,Стамбул (IST),Афины (ATH),1
37463,Токио (HND),Сеул (ICN),1
30417,London,Edinburgh,2
29490,Стамбул (IST),Афины (ATH),1
5906,Paris,Lyon,1
44581,Frankfurt,Hamburg,1
37324,London,Edinburgh,2
13036,Дубай (DXB),Бангкок (BKK),1
31256,Лондон (LHR),Нью-Йорк (JFK),1
19493,Лондон (LHR),Нью-Йорк (JFK),1
28906,Дубай (DXB),Бангкок (BKK),2
5475,Мюнхен,Вена,1
20133,Paris,Lyon,2
19780,Москва (SVO),Париж (CDG),3
15379,Frankfurt,Hamburg,2
22274,Мюнхен,Вена,2
9776,Paris,Lyon,3
9934,Токио (HND),Сеул (ICN),2
40267,Мюнхен,Вена,2
14008,Краснодар,Сочи,4
31192,Париж (CDG),Рим (FCO),2
9557,Rome,Milan,2
3874,Берлин (BER),Амстердам (AMS),1
25841,Берлин (BER),Амстердам (AMS),1
11113,Сингапур (SIN),Бали (DPS),1
36850,Екатеринбург,Казань,3
298,Мюнхен,Вена,1
9888,London,Edinburgh,2
33914,Сингапур (SIN),Бали (DPS),2
19374,Москва (SVO),Париж (CDG),1
29522,Сингапур (SIN),Бали (DPS),1
49711,New York,Los Angeles,2
24043,Краснодар,Сочи,1
35742,Екатеринбург,Казань,1
37119,New York,Los Angeles,1
36458,Краснодар,Сочи,1
3482,Берлин (BER),Амстердам (AMS),2
16225,Стамбул (IST),Афины (ATH),2
4890,Paris,Lyon,1
48886,Мадрид (MAD),Барселона,1
49389,Токио (HND),Сеул (ICN),2
27906,Мюнхен,Вена,2
34983,Екатеринбург,Казань,1
38919,Лондон (LHR),Нью-Йорк (JFK),1
6128,Rome,Milan,1
29196,Frankfurt,Hamburg,1
27852,London,Edinburgh,2
16401,Берлин (BER),Амстердам (AMS),2
286,Москва,Санкт-Петербург,1
19100,Мадрид (MAD),Барселона,3
44543,Берлин (BER),Амстердам (AMS),1
22408,Сингапур (SIN),Бали (DPS),4
5872,Paris,Lyon,1
11351,Москва,Санкт-Петербург,1
20629,Стамбул (IST),Афины (ATH),2
21835,Токио (HND),Сеул (ICN),1
37796,Новосибирск,Горно-Алтайск,1
35772,Chicago,Miami,1
5845,Екатеринбург,Казань,2
33065,Paris,Lyon,2
44528,Chicago,Miami,1
30667,Paris,Lyon,2
4265,Сингапур (SIN),Бали (DPS),1
39888,Мюнхен,Вена,1
37837,Новосибирск,Горно-Алтайск,1
28273,Rome,Milan,1
36227,Стамбул (IST),Афины (ATH),2
36702,Rome,Milan,1
47390,Москва (SVO),Париж (CDG),1
44836,Rome,Milan,2
13664,Токио (HND),Сеул (ICN),1
48059,Rome,Milan,1
40815,Париж (CDG),Рим (FCO),1
36962,Новосибирск,Горно-Алтайск,1
6900,New York,Los Angeles,1
5589,Frankfurt,Hamburg,1
49526,Лондон (LHR),Нью-Йорк (JFK),2
36517,Мадрид (MAD),Барселона,3
30140,Стамбул (IST),Афины (ATH),1
770,Сингапур (SIN),Бали (DPS),2
17751,Дубай (DXB),Бангкок (BKK),2
42542,Rome,Milan,1
34710,Rome,Milan,2
21427,Екатеринбург,Казань,2
36010,Мюнхен,Вена,1
1151,Новосибирск,Горно-Алтайск,2
39365,Токио (HND),Сеул (ICN),1
38239,New York,Los Angeles,1
7649,London,Edinburgh,2
1505,Chicago,Miami,3
35226,Мадрид (MAD),Барселона,3
36605,Екатеринбург,Казань,4
27872,Chicago,Miami,3
31374,Токио (HND),Сеул (ICN),1
4369,Краснодар,Сочи,1
25498,London,Edinburgh,2
32755,Париж (CDG),Рим (FCO),2
11896,Новосибирск,Горно-Алтайск,1
5046,New York,Los Angeles,1
28412,Paris,Lyon,3
683,Новосибирск,Горно-Алтайск,1
22447,Frankfurt,Hamburg,1
38441,Дубай (DXB),Бангкок (BKK),2
45677,New York,Los Angeles,1
35510,Paris,Lyon,1
7879,Дубай (DXB),Бангкок (BKK),1
27015,Paris,Lyon,1
5623,Берлин (BER),Амстердам (AMS),1
40399,Сингапур (SIN),Бали (DPS),1
10516,Екатеринбург,Казань,1
39688,Frankfurt,Hamburg,2
12544,Стамбул (IST),Афины (ATH),1
45283,Мадрид (MAD),Барселона,2
36625,Chicago,Miami,2
40358,Париж (CDG),Рим (FCO),1
40867,Краснодар,Сочи,1
24842,Стамбул (IST),Афины (ATH),2
15180,Краснодар,Сочи,1
25237,Москва (SVO),Париж (CDG),1
16296,Сингапур (SIN),Бали (DPS),1
8571,Мюнхен,Вена,3
30196,Стамбул (IST),Афины (ATH),2
445,Краснодар,Сочи,2
42670,Rome,Milan,1
43950,Frankfurt,Hamburg,1
27292,Мюнхен,Вена,2
49905,New York,Los Angeles,1
3975,Дубай (DXB),Бангкок (BKK),1
44593,Мадрид (MAD),Барселона,2
8919,Екатеринбург,Казань,5
47264,Мюнхен,Вена,1
35061,Chicago,Miami,1
9309,Rome,Milan,2
41705,Екатеринбург,Казань,1
11808,Москва,Санкт-Петербург,1
39092,Дубай (DXB),Бангкок (BKK),2
14265,Мюнхен,Вена,2
7641,Rome,Milan,2
12895,Дубай (DXB),Бангкок (BKK),1
9769,Москва,Санкт-Петербург,1
1781,New York,Los Angeles,1
36961,Париж (CDG),Рим (FCO),1
2541,Краснодар,Сочи,2
40776,Сингапур (SIN),Бали (DPS),1
29258,Paris,Lyon,1
47978,Мюнхен,Вена,1
10767,Новосибирск,Горно-Алтайск,2
39924,Токио (HND),Сеул (ICN),1
28228,Rome,Milan,1
41885,Дубай (DXB),Бангкок (BKK),1
43985,Москва (SVO),Париж (CDG),1
19431,Дубай (DXB),Бангкок (BKK),1
35386,Берлин (BER),Амстердам (AMS),1
37173,Краснодар,Сочи,1
23765,London,Edinburgh,1
5257,Лондон (LHR),Нью-Йорк (JFK),1
39701,Екатеринбург,Казань,2
6686,Екатеринбург,Казань,2
39885,London,Edinburgh,2
31002,Frankfurt,Hamburg,1
32789,Мюнхен,Вена,1
49642,Дубай (DXB),Бангкок (BKK),1
17336,Paris,Lyon,1
31414,Frankfurt,Hamburg,4
26566,Токио (HND),Сеул (ICN),2
2484,Москва (SVO),Париж (CDG),2
36941,Rome,Milan,1
25930,Краснодар,Сочи,1
35782,Сингапур (SIN),Бали (DPS),2
598,London,Edinburgh,5
10053,Париж (CDG),Рим (FCO),1
37220,Краснодар,Сочи,2
45599,Мюнхен,Вена,2
22129,Сингапур (SIN),Бали (DPS),1
30136,Сингапур (SIN),Бали (DPS),2
3670,Rome,Milan,1
36314,Мюнхен,Вена,2
40343,Москва (SVO),Париж (CDG),1
8850,Дубай (DXB),Бангкок (BKK),2
18697,Chicago,Miami,1
45863,Мадрид (MAD),Барселона,1
48331,London,Edinburgh,1
20961,Берлин (BER),Амстердам (AMS),1
39660,London,Edinburgh,1
1448,Rome,Milan,1
21294,Rome,Milan,2
11528,Токио (HND),Сеул (ICN),1
46634,Екатеринбург,Казань,2
42153,Chicago,Miami,1
38774,Сингапур (SIN),Бали (DPS),2
41363,Берлин (BER),Амстердам (AMS),1
49981,Париж (CDG),Рим (FCO),1
32332,Frankfurt,Hamburg,2
16451,Париж (CDG),Рим (FCO),1
28764,Екатеринбург,Казань,2
6155,Берлин (BER),Амстердам (AMS),3
18358,Мадрид (MAD),Барселона,1
46484,Екатеринбург,Казань,1
37747,Москва (SVO),Париж (CDG),1
38215,Chicago,Miami,1
42082,Мадрид (MAD),Барселона,2
42528,Екатеринбург,Казань,2
2859,Краснодар,Сочи,1
37486,Chicago,Miami,1
1552,Москва,Санкт-Петербург,1
9311,Мадрид (MAD),Барселона,1
44696,Москва (SVO),Париж (CDG),1
25210,Дубай (DXB),Бангкок (BKK),1
6,London,Edinburgh,2
29517,London,Edinburgh,2
44658,Стамбул (IST),Афины (ATH),2
21952,Новосибирск,Горно-Алтайск,4
29241,London,Edinburgh,1
9799,Москва,Санкт-Петербург,3
12151,Rome,Milan,2
26702,Екатеринбург,Казань,2
46147,Мюнхен,Вена,1
35478,Мюнхен,Вена,2
16998,Мюнхен,Вена,3
47056,Париж (CDG),Рим (FCO),1
28445,Москва,Санкт-Петербург,1
36047,Берлин (BER),Амстердам (AMS),2
20018,Париж (CDG),Рим (FCO),2
47134,Москва (SVO),Париж (CDG),1
43775,Екатеринбург,Казань,1
18390,Chicago,Miami,3
35014,New York,Los Angeles,1
11499,Мадрид (MAD),Барселона,1
5484,Стамбул (IST),Афины (ATH),1
4543,Paris,Lyon,1
41156,New York,Los Angeles,1
34584,Париж (CDG),Рим (FCO),2
17744,Москва (SVO),Париж (CDG),1
11013,Новосибирск,Горно-Алтайск,1
17100,Лондон (LHR),Нью-Йорк (JFK),2
24427,Мюнхен,Вена,1
26902,Paris,Lyon,1
34391,Токио (HND),Сеул (ICN),1
30015,Москва (SVO),Париж (CDG),2
33099,Токио (HND),Сеул (ICN),2
30959,Новосибирск,Горно-Алтайск,1
36560,Екатеринбург,Казань,1
2330,Frankfurt,Hamburg,1
3823,New York,Los Angeles,1
22377,Frankfurt,Hamburg,3
13889,London,Edinburgh,1
11064,Токио (HND),Сеул (ICN),1
34106,New York,Los Angeles,1
4940,Стамбул (IST),Афины (ATH),1
38389,Екатеринбург,Казань,1
13027,Стамбул (IST),Афины (ATH),2
8897,Дубай (DXB),Бангкок (BKK),2
24981,Москва,Санкт-Петербург,1
8891,Стамбул (IST),Афины (ATH),1
41056,Париж (CDG),Рим (FCO),1
49512,Москва (SVO),Париж (CDG),1
37156,Paris,Lyon,1
30218,Стамбул (IST),Афины (ATH),3
4884,Rome,Milan,2
18584,Новосибирск,Горно-Алтайск,4
211,Краснодар,Сочи,2
7215,New York,Los Angeles,2
36052,Париж (CDG),Рим (FCO),2
19294,Париж (CDG),Рим (FCO),2
8113,Дубай (DXB),Бангкок (BKK),3
10271,Лондон (LHR),Нью-Йорк (JFK),2
8965,Paris,Lyon,2
42772,Париж (CDG),Рим (FCO),1
48983,Frankfurt,Hamburg,1
25100,Сингапур (SIN),Бали (DPS),2
20127,Краснодар,Сочи,1
20779,Мюнхен,Вена,1
40703,Frankfurt,Hamburg,1
37561,Сингапур (SIN),Бали (DPS),2
36527,Мадрид (MAD),Барселона,2
49718,Стамбул (IST),Афины (ATH),2
47268,New York,Los Angeles,1
42460,Москва (SVO),Париж (CDG),2
33303,New York,Los Angeles,1
42707,Мадрид (MAD),Барселона,1
8697,Сингапур (SIN),Бали (DPS),1
49649,Москва (SVO),Париж (CDG),1
17991,Стамбул (IST),Афины (ATH),2
12988,Стамбул (IST),Афины (ATH),2
23722,Дубай (DXB),Бангкок (BKK),1
35760,Москва,Санкт-Петербург,1
47377,Париж (CDG),Рим (FCO),1
20005,New York,Los Angeles,2
5415,Rome,Milan,1
28043,Frankfurt,Hamburg,1
9824,New York,Los Angeles,1
23103,Москва (SVO),Париж (CDG),1
4117,Екатеринбург,Казань,2
3450,Rome,Milan,2
26634,Новосибирск,Горно-Алтайск,1
3899,Москва (SVO),Париж (CDG),2
14819,Paris,Lyon,1
16601,Берлин (BER),Амстердам (AMS),1
1611,Paris,Lyon,2
44051,Краснодар,Сочи,1
19447,Frankfurt,Hamburg,1
19912,Париж (CDG),Рим (FCO),2
2228,Париж (CDG),Рим (FCO),2
25031,Мюнхен,Вена,2
39443,Екатеринбург,Казань,2
46837,Париж (CDG),Рим (FCO),2
43641,Мюнхен,Вена,2
27214,Москва,Санкт-Петербург,1
43772,Мадрид (MAD),Барселона,2
29790,Новосибирск,Горно-Алтайск,1
32108,Frankfurt,Hamburg,2
25353,Лондон (LHR),Нью-Йорк (JFK),1
42244,Новосибирск,Горно-Алтайск,1
46010,Сингапур (SIN),Бали (DPS),4
28403,Chicago,Miami,1
13746,Берлин (BER),Амстердам (AMS),1
45019,Краснодар,Сочи,1
7758,Лондон (LHR),Нью-Йорк (JFK),2
8060,Лондон (LHR),Нью-Йорк (JFK),1
14762,Paris,Lyon,3
14296,Дубай (DXB),Бангкок (BKK),1
49761,New York,Los Angeles,2
16664,Токио (HND),Сеул (ICN),2
43954,Rome,Milan,2
42206,Париж (CDG),Рим (FCO),1
1746,Москва (SVO),Париж (CDG),2
24329,Екатеринбург,Казань,1
37245,Frankfurt,Hamburg,2
18645,New York,Los Angeles,2
30016,Новосибирск,Горно-Алтайск,1
20924,Москва,Санкт-Петербург,1
49235,Мадрид (MAD),Барселона,1
19709,Rome,Milan,1
19667,Мюнхен,Вена,1
4860,Мадрид (MAD),Барселона,1
11943,Париж (CDG),Рим (FCO),1
13535,Лондон (LHR),Нью-Йорк (JFK),2
16951,Дубай (DXB),Бангкок (BKK),1
46116,Стамбул (IST),Афины (ATH),2
22192,Стамбул (IST),Афины (ATH),2
2514,Токио (HND),Сеул (ICN),3
32125,Сингапур (SIN),Бали (DPS),1
17069,Мадрид (MAD),Барселона,1
24361,Мадрид (MAD),Барселона,3
14112,Лондон (LHR),Нью-Йорк (JFK),1
36181,Екатеринбург,Казань,1
32584,Екатеринбург,Казань,1
8447,Краснодар,Сочи,3
37933,Париж (CDG),Рим (FCO),2
9927,Лондон (LHR),Нью-Йорк (JFK),3
37162,Москва,Санкт-Петербург,1
10280,Rome,Milan,2
12865,Москва,Санкт-Петербург,2
27394,Екатеринбург,Казань,1
24747,Дубай (DXB),Бангкок (BKK),2
4722,Frankfurt,Hamburg,1
5818,Paris,Lyon,5
7841,Дубай (DXB),Бангкок (BKK),2
13152,Paris,Lyon,1
5318,Токио (HND),Сеул (ICN),2
14658,Frankfurt,Hamburg,1
36641,Токио (HND),Сеул (ICN),1
3826,Дубай (DXB),Бангкок (BKK),1
31507,Берлин (BER),Амстердам (AMS),2
906,Paris,Lyon,1
23286,Новосибирск,Горно-Алтайск,1
42340,Париж (CDG),Рим (FCO),1
45280,Rome,Milan,1
24978,London,Edinburgh,1
39008,Chicago,Miami,1
35307,Сингапур (SIN),Бали (DPS),1
7917,New York,Los Angeles,1
6235,Токио (HND),Сеул (ICN),1
33990,Мюнхен,Вена,1
7477,Москва,Санкт-Петербург,2
39270,Краснодар,Сочи,1
35363,Стамбул (IST),Афины (ATH),1
41037,Лондон (LHR),Нью-Йорк (JFK),1
31385,Сингапур (SIN),Бали (DPS),1
42467,Краснодар,Сочи,1
48029,Дубай (DXB),Бангкок (BKK),2
38024,Мадрид (MAD),Барселона,2
3410,Стамбул (IST),Афины (ATH),2
23743,Paris,Lyon,2
34811,London,Edinburgh,2
46404,Лондон (LHR),Нью-Йорк (JFK),1
14712,Frankfurt,Hamburg,1
13777,Дубай (DXB),Бангкок (BKK),1
14883,Сингапур (SIN),Бали (DPS),2
44722,Мюнхен,Вена,3
48706,Сингапур (SIN),Бали (DPS),1
41440,New York,Los Angeles,2
15189,Берлин (BER),Амстердам (AMS),1
29089,Москва,Санкт-Петербург,1
13170,Rome,Milan,2
41328,Краснодар,Сочи,1
19533,Стамбул (IST),Афины (ATH),3
41978,London,Edinburgh,2
37598,London,Edinburgh,1
44423,Екатеринбург,Казань,2
4989,Новосибирск,Горно-Алтайск,3
47711,Paris,Lyon,2
5763,Москва (SVO),Париж (CDG),1
49093,Мадрид (MAD),Барселона,1
5157,Москва,Санкт-Петербург,1
17234,Стамбул (IST),Афины (ATH),1
26073,Сингапур (SIN),Бали (DPS),2
32989,Мюнхен,Вена,2
31418,Chicago,Miami,1
11960,Париж (CDG),Рим (FCO),2
17271,Лондон (LHR),Нью-Йорк (JFK),1
41743,Мюнхен,Вена,1
17703,Стамбул (IST),Афины (ATH),2
14966,Chicago,Miami,1
28019,Берлин (BER),Амстердам (AMS),1
45967,Frankfurt,Hamburg,2
4104,Токио (HND),Сеул (ICN),1
47791,Екатеринбург,Казань,1
23582,Сингапур (SIN),Бали (DPS),1
987,Paris,Lyon,2
27827,Москва,Санкт-Петербург,1
25410,Краснодар,Сочи,1
47591,Сингапур (SIN),Бали (DPS),3
49207,Краснодар,Сочи,2
44659,Мюнхен,Вена,1
183,Сингапур (SIN),Бали (DPS),3
42284,Сингапур (SIN),Бали (DPS),1
9804,Rome,Milan,1
49140,Токио (HND),Сеул (ICN),1
33772,Мюнхен,Вена,2
46059,Екатеринбург,Казань,2
14509,Москва (SVO),Париж (CDG),2
25769,Мюнхен,Вена,2
41923,Париж (CDG),Рим (FCO),1
42426,Москва,Санкт-Петербург,2
39826,Frankfurt,Hamburg,1
23155,Токио (HND),Сеул (ICN),1
10527,Сингапур (SIN),Бали (DPS),1
1958,Мюнхен,Вена,2
13918,Берлин (BER),Амстердам (AMS),1
3845,Rome,Milan,2
32714,Frankfurt,Hamburg,1
11691,Frankfurt,Hamburg,2
27787,Paris,Lyon,1
36859,Мюнхен,Вена,1
3552,Москва,Санкт-Петербург,1
23590,Екатеринбург,Казань,1
6990,Париж (CDG),Рим (FCO),1
32600,Лондон (LHR),Нью-Йорк (JFK),1
33897,Сингапур (SIN),Бали (DPS),2
17038,Москва (SVO),Париж (CDG),1
9403,Краснодар,Сочи,4
17708,Токио (HND),Сеул (ICN),1
38139,Chicago,Miami,2
11740,Chicago,Miami,1
31872,Париж (CDG),Рим (FCO),1
22639,Москва (SVO),Париж (CDG),1
37362,Краснодар,Сочи,2
19920,Екатеринбург,Казань,2
46390,Chicago,Miami,1
44517,Краснодар,Сочи,2
44088,Париж (CDG),Рим (FCO),3
26540,Rome,Milan,1
15970,Paris,Lyon,3
19656,Краснодар,Сочи,3
38129,Париж (CDG),Рим (FCO),1
27753,Rome,Milan,2
9499,Chicago,Miami,2
19834,Екатеринбург,Казань,2
24832,London,Edinburgh,1
12765,New York,Los Angeles,2
43978,Токио (HND),Сеул (ICN),4
21056,Токио (HND),Сеул (ICN),1
3807,Дубай (DXB),Бангкок (BKK),1
2562,Екатеринбург,Казань,2
48494,Берлин (BER),Амстердам (AMS),1
19592,Москва (SVO),Париж (CDG),2
32394,Лондон (LHR),Нью-Йорк (JFK),1
8233,Берлин (BER),Амстердам (AMS),1
22993,Париж (CDG),Рим (FCO),1
30648,Frankfurt,Hamburg,1
35482,Дубай (DXB),Бангкок (BKK),3
32566,Новосибирск,Горно-Алтайск,2
28465,New York,Los Angeles,1
42814,Лондон (LHR),Нью-Йорк (JFK),1
42165,Краснодар,Сочи,1
33383,Rome,Milan,1
29170,Москва,Санкт-Петербург,1
49364,Краснодар,Сочи,4
7669,New York,Los Angeles,2
24028,Chicago,Miami,2
46625,Новосибирск,Горно-Алтайск,1
48315,London,Edinburgh,1
47933,Париж (CDG),Рим (FCO),1
44750,Дубай (DXB),Бангкок (BKK),1
19523,Paris,Lyon,2
31894,Chicago,Miami,1
16796,New York,Los Angeles,2
24215,Paris,Lyon,2
7933,Берлин (BER),Амстердам (AMS),3
32930,Екатеринбург,Казань,1
17160,Токио (HND),Сеул (ICN),1
38595,Берлин (BER),Амстердам (AMS),1
35266,Париж (CDG),Рим (FCO),1
47370,Frankfurt,Hamburg,1
2997,Дубай (DXB),Бангкок (BKK),4
8764,Москва (SVO),Париж (CDG),1
9706,Мюнхен,Вена,1
49189,Лондон (LHR),Нью-Йорк (JFK),1
5088,Мадрид (MAD),Барселона,1
27068,Мадрид (MAD),Барселона,1
47425,Новосибирск,Горно-Алтайск,1
9549,Екатеринбург,Казань,1
31709,Екатеринбург,Казань,2
23819,Лондон (LHR),Нью-Йорк (JFK),3
44218,Лондон (LHR),Нью-Йорк (JFK),2
28159,Москва,Санкт-Петербург,1
32484,Мюнхен,Вена,1
8638,Paris,Lyon,2
15513,Токио (HND),Сеул (ICN),1
25972,Paris,Lyon,1
17436,Москва (SVO),Париж (CDG),2
45614,Лондон (LHR),Нью-Йорк (JFK),1
7692,Екатеринбург,Казань,2
34139,London,Edinburgh,2
3475,Париж (CDG),Рим (FCO),1
44523,Frankfurt,Hamburg,1
35430,Токио (HND),Сеул (ICN),1
11438,Стамбул (IST),Афины (ATH),1
19468,Берлин (BER),Амстердам (AMS),3
41916,Лондон (LHR),Нью-Йорк (JFK),1
35030,Токио (HND),Сеул (ICN),2
32351,Токио (HND),Сеул (ICN),1
6814,Лондон (LHR),Нью-Йорк (JFK),1
36691,London,Edinburgh,1
41592,Берлин (BER),Амстердам (AMS),1
30368,Paris,Lyon,2
31366,Москва (SVO),Париж (CDG),2
2378,Москва (SVO),Париж (CDG),2
12312,New York,Los Angeles,2
22453,Токио (HND),Сеул (ICN),1
32639,Paris,Lyon,2
31701,Мюнхен,Вена,1
9148,Новосибирск,Горно-Алтайск,1
42490,Лондон (LHR),Нью-Йорк (JFK),1
24823,Берлин (BER),Амстердам (AMS),2
38189,Дубай (DXB),Бангкок (BKK),1
45978,Новосибирск,Горно-Алтайск,2
17738,Стамбул (IST),Афины (ATH),2
18652,Токио (HND),Сеул (ICN),2
25603,Новосибирск,Горно-Алтайск,1
44223,Дубай (DXB),Бангкок (BKK),1
26577,London,Edinburgh,2
43006,Paris,Lyon,1
30774,Москва (SVO),Париж (CDG),2
4181,Екатеринбург,Казань,2
3435,Париж (CDG),Рим (FCO),1
42502,Rome,Milan,2
37505,New York,Los Angeles,5
13746,Мюнхен,Вена,2
32263,London,Edinburgh,2
44256,Мюнхен,Вена,2
10033,Краснодар,Сочи,2
28708,Мадрид (MAD),Барселона,1
24677,Мадрид (MAD),Барселона,1
7358,Токио (HND),Сеул (ICN),2
34681,Лондон (LHR),Нью-Йорк (JFK),2
4248,Chicago,Miami,1
41139,Берлин (BER),Амстердам (AMS),1
32822,Стамбул (IST),Афины (ATH),1
46962,Токио (HND),Сеул (ICN),1
13352,Москва,Санкт-Петербург,1
26024,New York,Los Angeles,3
32043,Мадрид (MAD),Барселона,1
18498,Стамбул (IST),Афины (ATH),1
5421,Краснодар,Сочи,1
42665,Мюнхен,Вена,2
12264,Москва (SVO),Париж (CDG),1
42985,London,Edinburgh,2
38653,Мюнхен,Вена,1
23700,Дубай (DXB),Бангкок (BKK),4
22937,Краснодар,Сочи,2
11934,Стамбул (IST),Афины (ATH),2
37576,London,Edinburgh,1
6764,Rome,Milan,1
32020,Chicago,Miami,2
46877,London,Edinburgh,2
46594,Стамбул (IST),Афины (ATH),2
38321,Париж (CDG),Рим (FCO),3
47564,Лондон (LHR),Нью-Йорк (JFK),2
32410,Лондон (LHR),Нью-Йорк (JFK),3
44461,Chicago,Miami,1
40189,Мадрид (MAD),Барселона,1
21952,Мадрид (MAD),Барселона,5
38470,Берлин (BER),Амстердам (AMS),2
2184,Москва (SVO),Париж (CDG),1
44563,Токио (HND),Сеул (ICN),2
9498,Екатеринбург,Казань,1
12637,Chicago,Miami,1
16436,Москва,Санкт-Петербург,1
22809,Токио (HND),Сеул (ICN),2
49797,Москва (SVO),Париж (CDG),2
30943,Берлин (BER),Амстердам (AMS),1
1522,Chicago,Miami,3
35996,Rome,Milan,2
1739,Москва,Санкт-Петербург,1
8582,London,Edinburgh,1
33893,New York,Los Angeles,1
7798,London,Edinburgh,2
31441,London,Edinburgh,4
25863,New York,Los Angeles,1
36728,Новосибирск,Горно-Алтайск,2
48183,Москва (SVO),Париж (CDG),1
43012,Лондон (LHR),Нью-Йорк (JFK),2
27228,Стамбул (IST),Афины (ATH),1
2634,Париж (CDG),Рим (FCO),1
39405,Дубай (DXB),Бангкок (BKK),1
39136,New York,Los Angeles,1
10643,Сингапур (SIN),Бали (DPS),2
7748,Chicago,Miami,1
19416,Chicago,Miami,1
48255,Краснодар,Сочи,3
7600,Токио (HND),Сеул (ICN),1
37666,London,Edinburgh,3
21533,Екатеринбург,Казань,1
26555,Дубай (DXB),Бангкок (BKK),2
27747,Мюнхен,Вена,2
20043,New York,Los Angeles,2
44828,Лондон (LHR),Нью-Йорк (JFK),1
46087,Frankfurt,Hamburg,3
10476,Токио (HND),Сеул (ICN),1
9510,London,Edinburgh,1
12305,Берлин (BER),Амстердам (AMS),1
2953,Лондон (LHR),Нью-Йорк (JFK),1
1228,Краснодар,Сочи,2
895,Chicago,Miami,2
43484,Rome,Milan,1
33715,Краснодар,Сочи,2
11058,Дубай (DXB),Бангкок (BKK),1
1042,London,Edinburgh,1
48220,London,Edinburgh,1
35181,Rome,Milan,1
18090,Frankfurt,Hamburg,2
21216,Chicago,Miami,1
29116,Дубай (DXB),Бангкок (BKK),3
35239,Chicago,Miami,1
40255,New York,Los Angeles,1
28299,Paris,Lyon,1
723,Краснодар,Сочи,1
42309,Париж (CDG),Рим (FCO),1
1971,Мюнхен,Вена,1
5697,Екатеринбург,Казань,1
480,Екатеринбург,Казань,1
8869,Стамбул (IST),Афины (ATH),1
6833,Frankfurt,Hamburg,1
41162,Chicago,Miami,2
36367,Мюнхен,Вена,1
17093,Лондон (LHR),Нью-Йорк (JFK),2
35681,Токио (HND),Сеул (ICN),1
23115,London,Edinburgh,2
28725,Мадрид (MAD),Барселона,1
35039,Новосибирск,Горно-Алтайск,1
7117,Новосибирск,Горно-Алтайск,1
45162,New York,Los Angeles,2
46019,Москва,Санкт-Петербург,1
2975,New York,Los Angeles,1
4064,Paris,Lyon,3
6036,Краснодар,Сочи,1
11277,London,Edinburgh,1
37024,Стамбул (IST),Афины (ATH),2
22363,Токио (HND),Сеул (ICN),1
46498,Дубай (DXB),Бангкок (BKK),1
30557,Новосибирск,Горно-Алтайск,1
9596,Стамбул (IST),Афины (ATH),1
23021,Сингапур (SIN),Бали (DPS),2
32,Лондон (LHR),Нью-Йорк (JFK),1
36429,Новосибирск,Горно-Алтайск,1
27444,Chicago,Miami,1
48884,Лондон (LHR),Нью-Йорк (JFK),1
12589,Берлин (BER),Амстердам (AMS),1
46049,Дубай (DXB),Бангкок (BKK),1
49020,Екатеринбург,Казань,2
34796,Дубай (DXB),Бангкок (BKK),1
13684,Rome,Milan,2
13533,Мадрид (MAD),Барселона,3
17029,Мадрид (MAD),Барселона,1
21727,Лондон (LHR),Нью-Йорк (JFK),1
7900,Мюнхен,Вена,3
26453,Стамбул (IST),Афины (ATH),1
14870,Краснодар,Сочи,1
22129,Chicago,Miami,2
30733,Rome,Milan,1
21846,Дубай (DXB),Бангкок (BKK),2
23868,Лондон (LHR),Нью-Йорк (JFK),2
14952,Стамбул (IST),Афины (ATH),1
25933,Сингапур (SIN),Бали (DPS),1
48743,Chicago,Miami,1
36665,Rome,Milan,1
21328,Москва,Санкт-Петербург,1
17548,Стамбул (IST),Афины (ATH),2
2692,New York,Los Angeles,2
25192,Париж (CDG),Рим (FCO),1
16665,Rome,Milan,1
2768,Берлин (BER),Амстердам (AMS),1
13799,Rome,Milan,2
24414,Сингапур (SIN),Бали (DPS),1
20785,London,Edinburgh,1
37772,Стамбул (IST),Афины (ATH),1
41242,Екатеринбург,Казань,1
6397,Мадрид (MAD),Барселона,1
20623,Стамбул (IST),Афины (ATH),2
15431,Дубай (DXB),Бангкок (BKK),2
14724,Токио (HND),Сеул (ICN),1
19503,Мюнхен,Вена,1
7502,Москва (SVO),Париж (CDG),2
20186,Краснодар,Сочи,4
17620,Chicago,Miami,1
46517,Париж (CDG),Рим (FCO),2
18485,London,Edinburgh,3
30324,Дубай (DXB),Бангкок (BKK),2
18335,Стамбул (IST),Афины (ATH),2
16969,Москва,Санкт-Петербург,2
4060,Париж (CDG),Рим (FCO),1
3049,Краснодар,Сочи,1
19378,Краснодар,Сочи,1
26797,Дубай (DXB),Бангкок (BKK),1
36528,Лондон (LHR),Нью-Йорк (JFK),1
21314,Paris,Lyon,2
24042,Стамбул (IST),Афины (ATH),2
48953,Краснодар,Сочи,1
41350,New York,Los Angeles,1
21619,Сингапур (SIN),Бали (DPS),1
11817,Frankfurt,Hamburg,1
33944,Новосибирск,Горно-Алтайск,1
1473,London,Edinburgh,1
2933,Дубай (DXB),Бангкок (BKK),4
9584,Rome,Milan,1
15537,London,Edinburgh,1
41186,Москва,Санкт-Петербург,1
28912,Rome,Milan,4
2760,Париж (CDG),Рим (FCO),1
27990,Мадрид (MAD),Барселона,2
30310,Москва (SVO),Париж (CDG),1
13961,Токио (HND),Сеул (ICN),1
11674,Краснодар,Сочи,2
39529,Paris,Lyon,2
9240,Стамбул (IST),Афины (ATH),3
43759,Дубай (DXB),Бангкок (BKK),1
6675,Мадрид (MAD),Барселона,1
44680,Париж (CDG),Рим (FCO),1
15064,Новосибирск,Горно-Алтайск,1
17777,Мадрид (MAD),Барселона,1
32928,London,Edinburgh,1
18270,Токио (HND),Сеул (ICN),1
10370,Paris,Lyon,1
40150,Москва,Санкт-Петербург,1
35424,Стамбул (IST),Афины (ATH),4
18284,Стамбул (IST),Афины (ATH),1
18047,Rome,Milan,1
30547,London,Edinburgh,2
19244,Токио (HND),Сеул (ICN),1
49229,Frankfurt,Hamburg,2
9133,Париж (CDG),Рим (FCO),3
17661,Мадрид (MAD),Барселона,4
13049,Rome,Milan,2
46253,Мадрид (MAD),Барселона,1
1609,Краснодар,Сочи,1
42082,Лондон (LHR),Нью-Йорк (JFK),3
15057,Дубай (DXB),Бангкок (BKK),1
49484,Rome,Milan,2
47344,Мадрид (MAD),Барселона,2
33359,Москва,Санкт-Петербург,1
27577,Дубай (DXB),Бангкок (BKK),1
27974,Paris,Lyon,1
29014,Мюнхен,Вена,1
23544,Париж (CDG),Рим (FCO),2
40802,Paris,Lyon,2
17542,Rome,Milan,2
25686,Paris,Lyon,1
18954,Лондон (LHR),Нью-Йорк (JFK),1
19882,Лондон (LHR),Нью-Йорк (JFK),1
28720,Стамбул (IST),Афины (ATH),2
44319,Берлин (BER),Амстердам (AMS),1
3522,Мадрид (MAD),Барселона,1
31271,Париж (CDG),Рим (FCO),2
4509,Краснодар,Сочи,2
41149,New York,Los Angeles,2
32964,Париж (CDG),Рим (FCO),1
24965,Токио (HND),Сеул (ICN),1
16748,Дубай (DXB),Бангкок (BKK),2
29536,Берлин (BER),Амстердам (AMS),1
46695,Paris,Lyon,2
32796,Мадрид (MAD),Барселона,2
32643,Сингапур (SIN),Бали (DPS),1
11535,Rome,Milan,1
12105,Дубай (DXB),Бангкок (BKK),2
15885,Paris,Lyon,1
28147,Мюнхен,Вена,1
48140,Дубай (DXB),Бангкок (BKK),2
41150,Берлин (BER),Амстердам (AMS),2
2085,Rome,Milan,1
48027,Сингапур (SIN),Бали (DPS),1
21255,Токио (HND),Сеул (ICN),2
28014,Лондон (LHR),Нью-Йорк (JFK),1
31814,Токио (HND),Сеул (ICN),2
49920,Стамбул (IST),Афины (ATH),1
47567,Берлин (BER),Амстердам (AMS),1
31593,London,Edinburgh,4
20364,London,Edinburgh,1
24190,Москва (SVO),Париж (CDG),2
32142,Париж (CDG),Рим (FCO),1
13631,Краснодар,Сочи,1
39063,Мюнхен,Вена,1
8329,Chicago,Miami,2
19025,Лондон (LHR),Нью-Йорк (JFK),4
44510,Rome,Milan,3
17816,Сингапур (SIN),Бали (DPS),1
39500,Chicago,Miami,1
12427,Париж (CDG),Рим (FCO),1
15951,Frankfurt,Hamburg,2
21050,Берлин (BER),Амстердам (AMS),2
48632,Москва (SVO),Париж (CDG),1
46938,Дубай (DXB),Бангкок (BKK),1
25043,Chicago,Miami,2
25215,Мадрид (MAD),Барселона,3
5543,Краснодар,Сочи,2
28578,Екатеринбург,Казань,2
4216,New York,Los Angeles,2
34350,Мюнхен,Вена,1
37919,Стамбул (IST),Афины (ATH),3
33645,Rome,Milan,1
1635,London,Edinburgh,1
33324,Мюнхен,Вена,2
30457,Москва (SVO),Париж (CDG),2
4750,Москва (SVO),Париж (CDG),2
3829,Мадрид (MAD),Барселона,2
44212,Стамбул (IST),Афины (ATH),1
24678,Paris,Lyon,1
18585,Екатеринбург,Казань,2
17455,Екатеринбург,Казань,2
34097,Мюнхен,Вена,1
39477,Paris,Lyon,1
19271,Chicago,Miami,3
42003,Екатеринбург,Казань,2
13377,London,Edinburgh,1
45050,Rome,Milan,2
4917,Paris,Lyon,1
41784,Стамбул (IST),Афины (ATH),2
46236,Paris,Lyon,1
42805,Новосибирск,Горно-Алтайск,1
16647,Дубай (DXB),Бангкок (BKK),1
28568,Новосибирск,Горно-Алтайск,2
1640,Москва,Санкт-Петербург,1
480,Chicago,Miami,2
33708,Париж (CDG),Рим (FCO),1
49026,Токио (HND),Сеул (ICN),2
11797,Мадрид (MAD),Барселона,2
44879,Дубай (DXB),Бангкок (BKK),1
43299,Сингапур (SIN),Бали (DPS),1
42051,Сингапур (SIN),Бали (DPS),1
6193,New York,Los Angeles,1
23107,Rome,Milan,1
34288,Новосибирск,Горно-Алтайск,1
3332,Дубай (DXB),Бангкок (BKK),2
10826,Берлин (BER),Амстердам (AMS),2
43722,Берлин (BER),Амстердам (AMS),2
19239,Мюнхен,Вена,1
46173,Новосибирск,Горно-Алтайск,2
29006,Лондон (LHR),Нью-Йорк (JFK),1
4834,Москва (SVO),Париж (CDG),1
42327,Rome,Milan,1
49585,Париж (CDG),Рим (FCO),2
26292,Сингапур (SIN),Бали (DPS),1
19564,Москва (SVO),Париж (CDG),1
34559,Мюнхен,Вена,1
32877,Paris,Lyon,1
38055,Москва (SVO),Париж (CDG),1
8303,Chicago,Miami,2
17647,Дубай (DXB),Бангкок (BKK),2
28836,Москва (SVO),Париж (CDG),2
29706,Стамбул (IST),Афины (ATH),2
19247,New York,Los Angeles,3
2518,Сингапур (SIN),Бали (DPS),2
24846,Мадрид (MAD),Барселона,1
42250,Сингапур (SIN),Бали (DPS),1
13518,Москва (SVO),Париж (CDG),1
40503,Москва (SVO),Париж (CDG),2
36299,Frankfurt,Hamburg,2
41885,Токио (HND),Сеул (ICN),2
5609,Москва,Санкт-Петербург,1
21267,Токио (HND),Сеул (ICN),4
22774,Токио (HND),Сеул (ICN),1
3939,Москва,Санкт-Петербург,2
15428,Новосибирск,Горно-Алтайск,3
2842,Frankfurt,Hamburg,2
10326,Frankfurt,Hamburg,1
30950,Краснодар,Сочи,2
4374,London,Edinburgh,1
35365,Москва (SVO),Париж (CDG),2
13759,Новосибирск,Горно-Алтайск,1
20046,Берлин (BER),Амстердам (AMS),1
47126,Rome,Milan,1
8393,Стамбул (IST),Афины (ATH),1
25469,Екатеринбург,Казань,1
13196,Мадрид (MAD),Барселона,1
10384,Париж (CDG),Рим (FCO),2
7576,Токио (HND),Сеул (ICN),1
18726,Paris,Lyon,1
19098,Frankfurt,Hamburg,2
6849,Дубай (DXB),Бангкок (BKK),3
11963,Дубай (DXB),Бангкок (BKK),1
25666,Сингапур (SIN),Бали (DPS),1
24494,Москва (SVO),Париж (CDG),2
15820,Новосибирск,Горно-Алтайск,1
38907,Стамбул (IST),Афины (ATH),1
44937,Rome,Milan,2
23719,Frankfurt,Hamburg,1
37529,Москва (SVO),Париж (CDG),1
3941,New York,Los Angeles,1
29587,London,Edinburgh,1
19538,Сингапур (SIN),Бали (DPS),1
10660,Париж (CDG),Рим (FCO),1
22734,Новосибирск,Горно-Алтайск,1
16514,Екатеринбург,Казань,2
11656,London,Edinburgh,1
47649,Москва (SVO),Париж (CDG),2
18320,Сингапур (SIN),Бали (DPS),1
44926,Chicago,Miami,2
22323,New York,Los Angeles,2
26733,Дубай (DXB),Бангкок (BKK),1
1510,Лондон (LHR),Нью-Йорк (JFK),1
17659,Paris,Lyon,2
36328,Краснодар,Сочи,1
3988,Москва,Санкт-Петербург,1
42779,Новосибирск,Горно-Алтайск,3
38341,Москва,Санкт-Петербург,2
9649,Rome,Milan,1
36152,Лондон (LHR),Нью-Йорк (JFK),1
43481,Frankfurt,Hamburg,2
44586,Москва,Санкт-Петербург,1
23715,Дубай (DXB),Бангкок (BKK),1
22827,Мадрид (MAD),Барселона,1
10855,Москва (SVO),Париж (CDG),1
29345,Москва (SVO),Париж (CDG),2
17052,Новосибирск,Горно-Алтайск,1
17737,Стамбул (IST),Афины (ATH),3
32303,Frankfurt,Hamburg,2
26127,Мадрид (MAD),Барселона,2
28824,Paris,Lyon,1
32437,Краснодар,Сочи,2
27810,Токио (HND),Сеул (ICN),1
25092,Екатеринбург,Казань,3
42760,Мадрид (MAD),Барселона,1
31771,Frankfurt,Hamburg,3
47802,Frankfurt,Hamburg,1
25939,Rome,Milan,1
38039,Берлин (BER),Амстердам (AMS),3
48932,Сингапур (SIN),Бали (DPS),2
30396,Мюнхен,Вена,1
14931,Мадрид (MAD),Барселона,1
2332,Краснодар,Сочи,2
34283,Мадрид (MAD),Барселона,2
11674,Париж (CDG),Рим (FCO),3
40796,Новосибирск,Горно-Алтайск,1
44408,Москва (SVO),Париж (CDG),1
34957,Краснодар,Сочи,2
35921,Дубай (DXB),Бангкок (BKK),1
34166,Стамбул (IST),Афины (ATH),2
946,New York,Los Angeles,1
45276,Дубай (DXB),Бангкок (BKK),2
45469,New York,Los Angeles,2
40424,Берлин (BER),Амстердам (AMS),1
42430,Краснодар,Сочи,3
11953,Мадрид (MAD),Барселона,2
6472,Токио (HND),Сеул (ICN),1
6954,New York,Los Angeles,1
16478,Екатеринбург,Казань,1
42688,Стамбул (IST),Афины (ATH),2
18216,Краснодар,Сочи,3
38362,Стамбул (IST),Афины (ATH),1
42812,Лондон (LHR),Нью-Йорк (JFK),1
10346,Москва,Санкт-Петербург,2
2511,London,Edinburgh,1
18947,Rome,Milan,1
8259,Rome,Milan,2
37061,Rome,Milan,1
12193,Дубай (DXB),Бангкок (BKK),4
42331,Москва,Санкт-Петербург,1
20348,Париж (CDG),Рим (FCO),2
39138,Екатеринбург,Казань,2
36231,Сингапур (SIN),Бали (DPS),2
25903,Москва (SVO),Париж (CDG),1
7178,London,Edinburgh,1
28657,Rome,Milan,2
25051,Стамбул (IST),Афины (ATH),1
22065,Chicago,Miami,1
6703,Токио (HND),Сеул (ICN),1
26542,Краснодар,Сочи,2
47463,Мюнхен,Вена,2
20167,Екатеринбург,Казань,2
38924,Chicago,Miami,2
33765,Мюнхен,Вена,1
2007,Лондон (LHR),Нью-Йорк (JFK),1
4517,London,Edinburgh,2
1732,London,Edinburgh,2
38158,Мадрид (MAD),Барселона,1
4935,Екатеринбург,Казань,2
28456,Мадрид (MAD),Барселона,2
37770,Paris,Lyon,1
21097,Rome,Milan,2
46392,London,Edinburgh,1
1506,Москва,Санкт-Петербург,2
12840,Chicago,Miami,1
7395,Paris,Lyon,3
42754,Мюнхен,Вена,2
25771,Краснодар,Сочи,1
33119,London,Edinburgh,1
25264,Москва,Санкт-Петербург,4
18406,Москва,Санкт-Петербург,2
48905,London,Edinburgh,1
22232,Берлин (BER),Амстердам (AMS),1
28964,New York,Los Angeles,1
35315,Берлин (BER),Амстердам (AMS),1
40040,Стамбул (IST),Афины (ATH),3
30413,Краснодар,Сочи,1
40147,Екатеринбург,Казань,2
24149,Paris,Lyon,3
36288,Мюнхен,Вена,1
20751,Сингапур (SIN),Бали (DPS),1
242,Лондон (LHR),Нью-Йорк (JFK),1
14624,Екатеринбург,Казань,1
21951,Chicago,Miami,3
23139,Токио (HND),Сеул (ICN),1
7189,Париж (CDG),Рим (FCO),1
2608,Frankfurt,Hamburg,1
41272,Екатеринбург,Казань,1
16132,Берлин (BER),Амстердам (AMS),2
4305,New York,Los Angeles,1
11918,Paris,Lyon,1
18680,Лондон (LHR),Нью-Йорк (JFK),1
5504,Париж (CDG),Рим (FCO),1
31910,Paris,Lyon,1
35963,Лондон (LHR),Нью-Йорк (JFK),2
44384,Стамбул (IST),Афины (ATH),1
42083,Frankfurt,Hamburg,1
48244,Париж (CDG),Рим (FCO),2
2944,Москва,Санкт-Петербург,1
990,Москва,Санкт-Петербург,1
28843,Paris,Lyon,2
46440,Rome,Milan,1
6205,Москва (SVO),Париж (CDG),2
14396,Frankfurt,Hamburg,1
34907,Токио (HND),Сеул (ICN),2
22839,Мюнхен,Вена,2
24085,Лондон (LHR),Нью-Йорк (JFK),1
30760,Москва,Санкт-Петербург,1
14123,Стамбул (IST),Афины (ATH),2
25526,Chicago,Miami,1
30467,Париж (CDG),Рим (FCO),1
30499,Paris,Lyon,2
38194,Новосибирск,Горно-Алтайск,1
18896,Краснодар,Сочи,1
37453,Краснодар,Сочи,2
47858,Москва,Санкт-Петербург,2
4134,Берлин (BER),Амстердам (AMS),1
49845,Краснодар,Сочи,1
7800,London,Edinburgh,2
29809,Сингапур (SIN),Бали (DPS),1
19886,Екатеринбург,Казань,1
16656,Rome,Milan,2
31058,Екатеринбург,Казань,1
46336,Сингапур (SIN),Бали (DPS),1
105,Москва (SVO),Париж (CDG),1
9218,Москва (SVO),Париж (CDG),1
13456,Chicago,Miami,1
45530,New York,Los Angeles,2
44201,Москва (SVO),Париж (CDG),1
2186,Москва,Санкт-Петербург,3
21866,Краснодар,Сочи,3
18189,Сингапур (SIN),Бали (DPS),1
6453,Токио (HND),Сеул (ICN),2
47555,Frankfurt,Hamburg,1
31104,Париж (CDG),Рим (FCO),1
22589,Мюнхен,Вена,2
4462,Екатеринбург,Казань,1
14853,Rome,Milan,1
37492,Токио (HND),Сеул (ICN),2
9366,Москва (SVO),Париж (CDG),1
99,Frankfurt,Hamburg,1
4127,Мюнхен,Вена,2
16783,Мюнхен,Вена,3
3512,Париж (CDG),Рим (FCO),1
27069,Париж (CDG),Рим (FCO),2
14033,Москва,Санкт-Петербург,1
16787,Лондон (LHR),Нью-Йорк (JFK),4
49320,Лондон (LHR),Нью-Йорк (JFK),1
47934,Сингапур (SIN),Бали (DPS),2
10816,Москва (SVO),Париж (CDG),1
24512,Лондон (LHR),Нью-Йорк (JFK),2
26219,Москва,Санкт-Петербург,1
10389,Сингапур (SIN),Бали (DPS),4
41283,Лондон (LHR),Нью-Йорк (JFK),1
46306,Париж (CDG),Рим (FCO),2
42865,Дубай (DXB),Бангкок (BKK),1
23590,Мюнхен,Вена,2
8806,Москва (SVO),Париж (CDG),1
4554,Токио (HND),Сеул (ICN),1
22291,Екатеринбург,Казань,3
37244,Москва (SVO),Париж (CDG),2
44105,Rome,Milan,2
9106,Стамбул (IST),Афины (ATH),1
39712,Москва,Санкт-Петербург,1
18976,Краснодар,Сочи,2
19624,Rome,Milan,1
37995,Rome,Milan,2
12555,Москва,Санкт-Петербург,2
18035,Москва,Санкт-Петербург,1
16872,Москва,Санкт-Петербург,1
40319,Токио (HND),Сеул (ICN),1
21722,Rome,Milan,1
13843,Краснодар,Сочи,1
8052,Мюнхен,Вена,1
41467,Краснодар,Сочи,2
46648,Сингапур (SIN),Бали (DPS),1
19128,Chicago,Miami,3
10247,Новосибирск,Горно-Алтайск,1
49441,Chicago,Miami,2
7666,New York,Los Angeles,1
8465,London,Edinburgh,2
10372,New York,Los Angeles,1
40306,Москва (SVO),Париж (CDG),1
9096,Мадрид (MAD),Барселона,2
49639,Мюнхен,Вена,2
16595,Frankfurt,Hamburg,1
46159,Екатеринбург,Казань,1
17155,Токио (HND),Сеул (ICN),1
6076,Мадрид (MAD),Барселона,2
22600,Новосибирск,Горно-Алтайск,1
20497,Сингапур (SIN),Бали (DPS),4
34085,Дубай (DXB),Бангкок (BKK),2
2424,Мюнхен,Вена,3
11996,Сингапур (SIN),Бали (DPS),1
2657,Frankfurt,Hamburg,3
48091,Paris,Lyon,1
26457,Frankfurt,Hamburg,1
4580,Paris,Lyon,2
10069,Chicago,Miami,4
38196,London,Edinburgh,1
21455,Берлин (BER),Амстердам (AMS),2
46616,New York,Los Angeles,1
1106,Екатеринбург,Казань,4
3090,Сингапур (SIN),Бали (DPS),4
15145,Мадрид (MAD),Барселона,2
15112,Берлин (BER),Амстердам (AMS),1
29771,Токио (HND),Сеул (ICN),1
42433,New York,Los Angeles,1
33304,Краснодар,Сочи,2
24690,Екатеринбург,Казань,4
455,Frankfurt,Hamburg,1
28776,Новосибирск,Горно-Алтайск,2
5612,Берлин (BER),Амстердам (AMS),2
44063,Новосибирск,Горно-Алтайск,2
18774,Стамбул (IST),Афины (ATH),3
33913,Лондон (LHR),Нью-Йорк (JFK),1
833,Лондон (LHR),Нью-Йорк (JFK),1
1880,Paris,Lyon,2
34536,Мюнхен,Вена,3
24538,London,Edinburgh,1
43777,Стамбул (IST),Афины (ATH),1
6552,London,Edinburgh,2
17866,Париж (CDG),Рим (FCO),1
9003,Лондон (LHR),Нью-Йорк (JFK),1
13034,Новосибирск,Горно-Алтайск,1
6855,Дубай (DXB),Бангкок (BKK),1
36120,London,Edinburgh,1
45249,Paris,Lyon,1
3129,Токио (HND),Сеул (ICN),2
6720,Стамбул (IST),Афины (ATH),2
47374,Лондон (LHR),Нью-Йорк (JFK),1
6317,Chicago,Miami,2
43728,Frankfurt,Hamburg,2
48858,Rome,Milan,2
37503,Frankfurt,Hamburg,2
46047,Краснодар,Сочи,1
23886,Сингапур (SIN),Бали (DPS),1
19946,Москва (SVO),Париж (CDG),2
43514,Стамбул (IST),Афины (ATH),1
45153,New York,Los Angeles,1
11711,Chicago,Miami,2
13785,Frankfurt,Hamburg,1
9743,London,Edinburgh,1
15472,Токио (HND),Сеул (ICN),1
15777,Токио (HND),Сеул (ICN),1
6239,Frankfurt,Hamburg,2
41912,Екатеринбург,Казань,4
32345,London,Edinburgh,1
8319,Frankfurt,Hamburg,1
18766,Берлин (BER),Амстердам (AMS),1
42590,Лондон (LHR),Нью-Йорк (JFK),1
20160,Москва (SVO),Париж (CDG),1
45771,Париж (CDG),Рим (FCO),3
30549,Rome,Milan,1
29725,Париж (CDG),Рим (FCO),1
11049,Chicago,Miami,2
25809,Париж (CDG),Рим (FCO),1
36001,Лондон (LHR),Нью-Йорк (JFK),1
31360,New York,Los Angeles,1
26243,Сингапур (SIN),Бали (DPS),2
44275,Chicago,Miami,2
43190,Лондон (LHR),Нью-Йорк (JFK),1
20171,Лондон (LHR),Нью-Йорк (JFK),1
41095,Новосибирск,Горно-Алтайск,2
6983,Новосибирск,Горно-Алтайск,1
49775,Берлин (BER),Амстердам (AMS),4
5632,Paris,Lyon,2
4640,Дубай (DXB),Бангкок (BKK),1
39581,New York,Los Angeles,3
6882,Frankfurt,Hamburg,1
43425,Дубай (DXB),Бангкок (BKK),2
38055,Екатеринбург,Казань,2
20165,Берлин (BER),Амстердам (AMS),3
39628,Краснодар,Сочи,1
39795,London,Edinburgh,1
31587,Берлин (BER),Амстердам (AMS),1
2125,Сингапур (SIN),Бали (DPS),2
17654,Дубай (DXB),Бангкок (BKK),1
42707,Стамбул (IST),Афины (ATH),2
37036,Frankfurt,Hamburg,2
27494,Rome,Milan,1
28809,New York,Los Angeles,2
23901,Екатеринбург,Казань,1
46049,Москва,Санкт-Петербург,2
43814,Москва (SVO),Париж (CDG),2
48461,Rome,Milan,3
36757,Frankfurt,Hamburg,1
25157,Москва,Санкт-Петербург,1
983,Frankfurt,Hamburg,2
26727,Мюнхен,Вена,1
23363,Токио (HND),Сеул (ICN),3
10738,Дубай (DXB),Бангкок (BKK),1
8526,Берлин (BER),Амстердам (AMS),1
4061,Краснодар,Сочи,2
6304,Мюнхен,Вена,1
4256,Мюнхен,Вена,3
17945,Москва (SVO),Париж (CDG),1
41073,Chicago,Miami,1
18174,Берлин (BER),Амстердам (AMS),3
1188,Rome,Milan,1
30689,Paris,Lyon,2
34812,Стамбул (IST),Афины (ATH),1
8888,Мюнхен,Вена,2
44315,Париж (CDG),Рим (FCO),1
27316,Москва,Санкт-Петербург,2
24249,Москва,Санкт-Петербург,1
3279,New York,Los Angeles,1
42865,Paris,Lyon,2
22006,Краснодар,Сочи,1
16698,Paris,Lyon,1
40730,London,Edinburgh,1
9017,Мюнхен,Вена,2
21406,London,Edinburgh,2
36350,Москва (SVO),Париж (CDG),1
11212,Paris,Lyon,2
13105,Париж (CDG),Рим (FCO),1
18532,Москва,Санкт-Петербург,1
23529,Дубай (DXB),Бангкок (BKK),1
10320,Сингапур (SIN),Бали (DPS),1
33722,Токио (HND),Сеул (ICN),1
13522,Москва,Санкт-Петербург,2
17729,Frankfurt,Hamburg,3
30159,Берлин (BER),Амстердам (AMS),1
2079,Краснодар,Сочи,2
36369,Rome,Milan,1
12201,Москва (SVO),Париж (CDG),1
38241,New York,Los Angeles,1
27238,Мюнхен,Вена,1
368,Стамбул (IST),Афины (ATH),1
45566,Paris,Lyon,2
7879,Токио (HND),Сеул (ICN),2
35894,Мадрид (MAD),Барселона,1
3424,Токио (HND),Сеул (ICN),1
31565,Дубай (DXB),Бангкок (BKK),1
47749,Краснодар,Сочи,1
4708,Берлин (BER),Амстердам (AMS),1
29483,Мадрид (MAD),Барселона,2
26382,Paris,Lyon,1
29337,New York,Los Angeles,2
11514,Стамбул (IST),Афины (ATH),1
33503,Москва,Санкт-Петербург,1
13655,Токио (HND),Сеул (ICN),1
24112,Стамбул (IST),Афины (ATH),1
41706,Токио (HND),Сеул (ICN),1
17167,Rome,Milan,2
4506,Мадрид (MAD),Барселона,2
24015,Новосибирск,Горно-Алтайск,2
49183,Токио (HND),Сеул (ICN),1
15055,London,Edinburgh,1
5388,Берлин (BER),Амстердам (AMS),2
32874,Мадрид (MAD),Барселона,1
10014,Дубай (DXB),Бангкок (BKK),1
4297,Сингапур (SIN),Бали (DPS),2
4386,Стамбул (IST),Афины (ATH),3
41284,Краснодар,Сочи,1
44040,Сингапур (SIN),Бали (DPS),1
7281,Paris,Lyon,3
1031,London,Edinburgh,2
40366,Rome,Milan,3
36309,Мюнхен,Вена,1
19844,New York,Los Angeles,1
41146,London,Edinburgh,1
49145,Москва (SVO),Париж (CDG),1
4966,Новосибирск,Горно-Алтайск,2
39460,Краснодар,Сочи,1
45120,Новосибирск,Горно-Алтайск,1
48858,Дубай (DXB),Бангкок (BKK),3
29402,Сингапур (SIN),Бали (DPS),1
28310,Дубай (DXB),Бангкок (BKK),1
31320,Сингапур (SIN),Бали (DPS),1
29935,Chicago,Miami,1
46437,Москва,Санкт-Петербург,1
37533,Chicago,Miami,2
32222,Rome,Milan,1
31661,Frankfurt,Hamburg,2
16041,Дубай (DXB),Бангкок (BKK),1
27829,Rome,Milan,1
13858,Новосибирск,Горно-Алтайск,1
47175,Токио (HND),Сеул (ICN),2
18438,Краснодар,Сочи,3
7937,Екатеринбург,Казань,1
8580,Стамбул (IST),Афины (ATH),3
17515,Мюнхен,Вена,1
36523,Chicago,Miami,1
28992,Rome,Milan,1
13507,Chicago,Miami,1
28014,Frankfurt,Hamburg,2
24133,Москва (SVO),Париж (CDG),1
36821,Токио (HND),Сеул (ICN),1
44944,Rome,Milan,1
14265,Мадрид (MAD),Барселона,3
29114,New York,Los Angeles,2
36602,Paris,Lyon,1
49841,Дубай (DXB),Бангкок (BKK),1
19347,New York,Los Angeles,1
10610,Екатеринбург,Казань,4
9791,Москва (SVO),Париж (CDG),2
36037,Краснодар,Сочи,1
45864,Екатеринбург,Казань,1
24192,Новосибирск,Горно-Алтайск,1
12162,Берлин (BER),Амстердам (AMS),2
49393,Москва,Санкт-Петербург,2
47976,Париж (CDG),Рим (FCO),1
4276,Лондон (LHR),Нью-Йорк (JFK),2
48403,New York,Los Angeles,1
45146,London,Edinburgh,2
18441,Париж (CDG),Рим (FCO),2
23042,Париж (CDG),Рим (FCO),1
27506,Rome,Milan,2
36050,London,Edinburgh,1
4098,London,Edinburgh,2
6228,Chicago,Miami,1
8968,New York,Los Angeles,1
28765,Москва (SVO),Париж (CDG),1
32972,Дубай (DXB),Бангкок (BKK),2
46773,Frankfurt,Hamburg,1
30937,Мюнхен,Вена,2
42797,Мадрид (MAD),Барселона,3
37005,Дубай (DXB),Бангкок (BKK),1
15946,Chicago,Miami,4
6126,Берлин (BER),Амстердам (AMS),2
48524,Берлин (BER),Амстердам (AMS),1
1294,Лондон (LHR),Нью-Йорк (JFK),1
33400,Токио (HND),Сеул (ICN),1
16868,New York,Los Angeles,1
5478,Новосибирск,Горно-Алтайск,2
15537,Токио (HND),Сеул (ICN),2
1409,Москва (SVO),Париж (CDG),1
30521,Москва (SVO),Париж (CDG),2
14545,Paris,Lyon,2
18965,Мюнхен,Вена,2
27716,Мюнхен,Вена,1
41996,Новосибирск,Горно-Алтайск,2
48845,Екатеринбург,Казань,2
40379,Краснодар,Сочи,1
16540,Екатеринбург,Казань,2
9723,Rome,Milan,3
36611,Rome,Milan,1
5537,Стамбул (IST),Афины (ATH),2
45660,Берлин (BER),Амстердам (AMS),1
4123,Мюнхен,Вена,1
16425,Сингапур (SIN),Бали (DPS),1
34429,Paris,Lyon,3
13284,Новосибирск,Горно-Алтайск,1
13479,Краснодар,Сочи,1
573,Сингапур (SIN),Бали (DPS),1
35687,Стамбул (IST),Афины (ATH),1
24412,Rome,Milan,3
29174,Rome,Milan,1
40404,Мюнхен,Вена,2
23333,Сингапур (SIN),Бали (DPS),1
27919,Москва,Санкт-Петербург,2
47893,Chicago,Miami,1
37661,Москва (SVO),Париж (CDG),1
8896,Paris,Lyon,3
26283,Москва (SVO),Париж (CDG),1
42393,Токио (HND),Сеул (ICN),1
9246,Краснодар,Сочи,1
44929,Берлин (BER),Амстердам (AMS),2
33779,New York,Los Angeles,1
27773,Мюнхен,Вена,1
5611,Мадрид (MAD),Барселона,1
4995,Новосибирск,Горно-Алтайск,2
16084,Новосибирск,Горно-Алтайск,2
16844,London,Edinburgh,2
28361,Краснодар,Сочи,1
48710,Дубай (DXB),Бангкок (BKK),2
12010,London,Edinburgh,1
38243,Стамбул (IST),Афины (ATH),1
21621,Краснодар,Сочи,3
39710,Токио (HND),Сеул (ICN),1
14216,Chicago,Miami,1
30084,Rome,Milan,2
18863,Стамбул (IST),Афины (ATH),1
5328,Краснодар,Сочи,2
14418,Краснодар,Сочи,1
17067,Сингапур (SIN),Бали (DPS),3
45187,Краснодар,Сочи,3
23666,Москва (SVO),Париж (CDG),1
32581,New York,Los Angeles,3
40549,Москва (SVO),Париж (CDG),1
11663,Берлин (BER),Амстердам (AMS),2
39942,Москва (SVO),Париж (CDG),1
1879,Париж (CDG),Рим (FCO),1
39335,Дубай (DXB),Бангкок (BKK),1
12358,Rome,Milan,2
14701,London,Edinburgh,1
47523,Мадрид (MAD),Барселона,1
1330,Париж (CDG),Рим (FCO),1
29090,Екатеринбург,Казань,1
37872,Париж (CDG),Рим (FCO),3
23526,Frankfurt,Hamburg,1
13963,Новосибирск,Горно-Алтайск,1
12727,Дубай (DXB),Бангкок (BKK),2
23715,Новосибирск,Горно-Алтайск,2
17710,Стамбул (IST),Афины (ATH),3
24074,Москва,Санкт-Петербург,1
10563,Мюнхен,Вена,1
27263,Москва,Санкт-Петербург,1
39386,Токио (HND),Сеул (ICN),1
36733,Мадрид (MAD),Барселона,1
44845,Лондон (LHR),Нью-Йорк (JFK),1
47894,Париж (CDG),Рим (FCO),2
40149,Rome,Milan,1
648,Мюнхен,Вена,2
2747,New York,Los Angeles,1
48766,Берлин (BER),Амстердам (AMS),1
33936,Екатеринбург,Казань,1
46352,Берлин (BER),Амстердам (AMS),1
48984,Сингапур (SIN),Бали (DPS),1
23777,Москва (SVO),Париж (CDG),1
33715,Краснодар,Сочи,3
45405,Москва,Санкт-Петербург,2
2589,Токио (HND),Сеул (ICN),1
8688,Frankfurt,Hamburg,1
45791,Париж (CDG),Рим (FCO),4
17966,Москва (SVO),Париж (CDG),2
5718,Мадрид (MAD),Барселона,2
40464,Париж (CDG),Рим (FCO),4
10041,Лондон (LHR),Нью-Йорк (JFK),2
18601,Лондон (LHR),Нью-Йорк (JFK),1
43545,Париж (CDG),Рим (FCO),2
33749,Rome,Milan,3
21785,London,Edinburgh,2
17191,Токио (HND),Сеул (ICN),2
5099,Краснодар,Сочи,1
36236,Сингапур (SIN),Бали (DPS),3
19934,Берлин (BER),Амстердам (AMS),1
16699,Токио (HND),Сеул (ICN),1
38933,Стамбул (IST),Афины (ATH),1
19720,Chicago,Miami,1
47984,Токио (HND),Сеул (ICN),1
8861,Москва,Санкт-Петербург,1
23971,New York,Los Angeles,1
47225,Frankfurt,Hamburg,2
44688,Мюнхен,Вена,2
25757,Стамбул (IST),Афины (ATH),2
9924,Лондон (LHR),Нью-Йорк (JFK),2
22622,Париж (CDG),Рим (FCO),1
19837,Frankfurt,Hamburg,2
3336,Сингапур (SIN),Бали (DPS),1
20841,Frankfurt,Hamburg,1
12143,Лондон (LHR),Нью-Йорк (JFK),2
20424,Токио (HND),Сеул (ICN),1
15812,Берлин (BER),Амстердам (AMS),1
2629,Москва,Санкт-Петербург,2
10330,Paris,Lyon,2
46186,Сингапур (SIN),Бали (DPS),1
45003,Краснодар,Сочи,2
17645,Москва,Санкт-Петербург,1
2166,Мадрид (MAD),Барселона,1
1674,Сингапур (SIN),Бали (DPS),3
10076,Екатеринбург,Казань,2
43088,Стамбул (IST),Афины (ATH),2
15551,Новосибирск,Горно-Алтайск,1
49147,Chicago,Miami,2
9295,Мюнхен,Вена,1
19987,Rome,Milan,1
20019,Мадрид (MAD),Барселона,2
24314,Chicago,Miami,1
14172,Москва,Санкт-Петербург,1
23612,Сингапур (SIN),Бали (DPS),1
29358,London,Edinburgh,1
31540,Frankfurt,Hamburg,1
17826,Мадрид (MAD),Барселона,2
11822,Берлин (BER),Амстердам (AMS),1
16447,Paris,Lyon,1
7297,Екатеринбург,Казань,1
3494,Париж (CDG),Рим (FCO),1
36687,Берлин (BER),Амстердам (AMS),1
38480,London,Edinburgh,2
5311,Rome,Milan,3
18185,Rome,Milan,1
8426,London,Edinburgh,1
44956,Paris,Lyon,2
7036,Мюнхен,Вена,1
22009,London,Edinburgh,2
29604,Стамбул (IST),Афины (ATH),1
7442,New York,Los Angeles,1
22724,Мюнхен,Вена,2
17984,New York,Los Angeles,1
38932,New York,Los Angeles,1
43591,Rome,Milan,1
14219,Москва,Санкт-Петербург,2
8434,Chicago,Miami,1
1831,Chicago,Miami,1
7674,Москва (SVO),Париж (CDG),1
13302,Rome,Milan,2
40757,Токио (HND),Сеул (ICN),2
42050,Paris,Lyon,1
3679,Дубай (DXB),Бангкок (BKK),2
18192,Paris,Lyon,2
28463,Краснодар,Сочи,2
4349,Краснодар,Сочи,1
20970,Стамбул (IST),Афины (ATH),1
20602,Токио (HND),Сеул (ICN),1
25599,Стамбул (IST),Афины (ATH),2
34950,Мюнхен,Вена,1
25907,Берлин (BER),Амстердам (AMS),3
1067,Мюнхен,Вена,2
21694,Frankfurt,Hamburg,3
4201,Мюнхен,Вена,4
45806,Париж (CDG),Рим (FCO),2
44647,Токио (HND),Сеул (ICN),1
37866,Paris,Lyon,2
31316,Париж (CDG),Рим (FCO),1
37923,Москва (SVO),Париж (CDG),1
9370,Краснодар,Сочи,2
33999,Дубай (DXB),Бангкок (BKK),1
34237,Новосибирск,Горно-Алтайск,1
13953,Мадрид (MAD),Барселона,2
36608,London,Edinburgh,2
29979,Париж (CDG),Рим (FCO),1
14215,Мюнхен,Вена,1
31920,Мадрид (MAD),Барселона,1
6881,Chicago,Miami,1
23509,Chicago,Miami,2
10457,Москва (SVO),Париж (CDG),1
46244,Москва,Санкт-Петербург,2
1530,Токио (HND),Сеул (ICN),1
16401,Берлин (BER),Амстердам (AMS),3
38528,Новосибирск,Горно-Алтайск,1
32687,New York,Los Angeles,2
44987,Краснодар,Сочи,1
36775,Краснодар,Сочи,2
26553,Дубай (DXB),Бангкок (BKK),3
46848,Мадрид (MAD),Барселона,1
7017,New York,Los Angeles,1
44045,Frankfurt,Hamburg,2
26813,Токио (HND),Сеул (ICN),1
34993,Париж (CDG),Рим (FCO),1
5624,Лондон (LHR),Нью-Йорк (JFK),1
23828,Сингапур (SIN),Бали (DPS),1
1817,Москва (SVO),Париж (CDG),3
40363,Краснодар,Сочи,1
31072,Paris,Lyon,1
22952,Краснодар,Сочи,1
19796,Токио (HND),Сеул (ICN),2
22347,Лондон (LHR),Нью-Йорк (JFK),1
45662,London,Edinburgh,1
40941,Токио (HND),Сеул (ICN),2
49330,Париж (CDG),Рим (FCO),1
6247,Мадрид (MAD),Барселона,2
37824,Москва,Санкт-Петербург,1
38721,Екатеринбург,Казань,1
2580,Новосибирск,Горно-Алтайск,2
20273,Дубай (DXB),Бангкок (BKK),1
47777,New York,Los Angeles,1
19666,Мюнхен,Вена,1
41281,Париж (CDG),Рим (FCO),1
13349,New York,Los Angeles,1
30932,Париж (CDG),Рим (FCO),3
47023,Frankfurt,Hamburg,1
49167,Frankfurt,Hamburg,3
19578,Новосибирск,Горно-Алтайск,4
34569,Paris,Lyon,1
40928,Токио (HND),Сеул (ICN),1
25161,Краснодар,Сочи,1
12938,Rome,Milan,1
49657,Chicago,Miami,3
22704,Москва (SVO),Париж (CDG),2
2736,Дубай (DXB),Бангкок (BKK),1
995,Дубай (DXB),Бангкок (BKK),2
37283,Москва (SVO),Париж (CDG),1
36975,Paris,Lyon,2
20311,Краснодар,Сочи,1
30963,Москва (SVO),Париж (CDG),2
30875,Frankfurt,Hamburg,1
21415,Лондон (LHR),Нью-Йорк (JFK),1
23184,Париж (CDG),Рим (FCO),1
17042,Сингапур (SIN),Бали (DPS),1
19650,Москва (SVO),Париж (CDG),1
30982,New York,Los Angeles,2
6932,Rome,Milan,1
15373,Дубай (DXB),Бангкок (BKK),1
23666,Мадрид (MAD),Барселона,2
11222,Мадрид (MAD),Барселона,2
4891,London,Edinburgh,1
6638,Стамбул (IST),Афины (ATH),1
25829,Дубай (DXB),Бангкок (BKK),2
40830,Москва,Санкт-Петербург,2
27845,Rome,Milan,2
9464,Сингапур (SIN),Бали (DPS),2
24378,Frankfurt,Hamburg,1
30229,Chicago,Miami,2
17334,Краснодар,Сочи,1
1384,Дубай (DXB),Бангкок (BKK),1
47359,Екатеринбург,Казань,3
46471,Стамбул (IST),Афины (ATH),1
35702,Мюнхен,Вена,2
9424,Москва,Санкт-Петербург,1
6225,Новосибирск,Горно-Алтайск,1
17206,London,Edinburgh,1
18805,Екатеринбург,Казань,1
3945,Токио (HND),Сеул (ICN),1
612,Paris,Lyon,1
32683,Мюнхен,Вена,1
49742,Москва,Санкт-Петербург,2
19730,Дубай (DXB),Бангкок (BKK),1
31999,Дубай (DXB),Бангкок (BKK),2
45034,Берлин (BER),Амстердам (AMS),1
32131,Краснодар,Сочи,2
20074,Москва,Санкт-Петербург,1
34029,Краснодар,Сочи,1
27572,Новосибирск,Горно-Алтайск,1
44981,Краснодар,Сочи,1
34267,Москва,Санкт-Петербург,1
40339,Дубай (DXB),Бангкок (BKK),2
22430,Chicago,Miami,2
24739,Берлин (BER),Амстердам (AMS),2
10126,Стамбул (IST),Афины (ATH),2
21814,London,Edinburgh,1
22086,Лондон (LHR),Нью-Йорк (JFK),1
15678,Краснодар,Сочи,2
12161,Екатеринбург,Казань,2
27958,Frankfurt,Hamburg,1
36408,Мюнхен,Вена,4
29405,Chicago,Miami,1
17125,Москва (SVO),Париж (CDG),3
31826,Москва (SVO),Париж (CDG),1
15438,Берлин (BER),Амстердам (AMS),2
39230,Екатеринбург,Казань,1
27366,Chicago,Miami,1
27213,Стамбул (IST),Афины (ATH),3
4540,Москва (SVO),Париж (CDG),2
7444,Берлин (BER),Амстердам (AMS),4
42248,Paris,Lyon,2
19087,Rome,Milan,2
23086,Берлин (BER),Амстердам (AMS),1
13879,Берлин (BER),Амстердам (AMS),3
48525,Токио (HND),Сеул (ICN),2
17626,Frankfurt,Hamburg,1
40933,Сингапур (SIN),Бали (DPS),1
8401,Берлин (BER),Амстердам (AMS),1
34910,Москва,Санкт-Петербург,1
26479,Мюнхен,Вена,2
34293,Мадрид (MAD),Барселона,2
3139,Берлин (BER),Амстердам (AMS),2
25697,Токио (HND),Сеул (ICN),2
29260,Chicago,Miami,2
5321,Мадрид (MAD),Барселона,2
17848,Берлин (BER),Амстердам (AMS),2
10964,Мюнхен,Вена,1
12618,Москва (SVO),Париж (CDG),3
46789,Мюнхен,Вена,1
49235,Rome,Milan,2
809,Rome,Milan,1
26898,Москва,Санкт-Петербург,1
3302,Chicago,Miami,1
27349,Париж (CDG),Рим (FCO),1
39572,Paris,Lyon,1
8245,Лондон (LHR),Нью-Йорк (JFK),1
9155,Rome,Milan,1
761,Лондон (LHR),Нью-Йорк (JFK),1
2930,London,Edinburgh,1
15923,Мадрид (MAD),Барселона,2
1415,New York,Los Angeles,2
33791,Новосибирск,Горно-Алтайск,4
33009,Москва,Санкт-Петербург,2
12108,Москва,Санкт-Петербург,1
18814,Екатеринбург,Казань,1
14292,Токио (HND),Сеул (ICN),1
34784,Стамбул (IST),Афины (ATH),2
13059,Москва,Санкт-Петербург,1
1779,Токио (HND),Сеул (ICN),1
27821,Екатеринбург,Казань,2
40160,Москва,Санкт-Петербург,2
36931,Frankfurt,Hamburg,1
35076,Мюнхен,Вена,2
3832,Токио (HND),Сеул (ICN),1
19016,Париж (CDG),Рим (FCO),3
25625,Лондон (LHR),Нью-Йорк (JFK),2
23304,Новосибирск,Горно-Алтайск,2
12822,Москва,Санкт-Петербург,2
47410,Токио (HND),Сеул (ICN),2
12915,Frankfurt,Hamburg,1
24962,Rome,Milan,2
15242,Париж (CDG),Рим (FCO),1
41541,Сингапур (SIN),Бали (DPS),1
2074,New York,Los Angeles,1
42069,Стамбул (IST),Афины (ATH),1
6864,Париж (CDG),Рим (FCO),1
1180,Париж (CDG),Рим (FCO),2
13077,London,Edinburgh,1
45768,Москва,Санкт-Петербург,3
12811,Екатеринбург,Казань,1
23164,Токио (HND),Сеул (ICN),1
24330,Chicago,Miami,3
41784,Rome,Milan,3
149,Мюнхен,Вена,1
39887,Москва (SVO),Париж (CDG),1
32850,Paris,Lyon,1
18157,Сингапур (SIN),Бали (DPS),2
1401,Москва,Санкт-Петербург,1
31762,London,Edinburgh,1
44012,London,Edinburgh,1
49190,Frankfurt,Hamburg,2
37543,Chicago,Miami,1
21352,Frankfurt,Hamburg,1
49857,Париж (CDG),Рим (FCO),2
13512,Дубай (DXB),Бангкок (BKK),1
14855,Rome,Milan,2
26668,Москва,Санкт-Петербург,1
40983,Москва,Санкт-Петербург,2
6424,Chicago,Miami,2
47539,Париж (CDG),Рим (FCO),3
1158,Токио (HND),Сеул (ICN),1
13738,New York,Los Angeles,1
24589,Екатеринбург,Казань,1
3746,Мадрид (MAD),Барселона,1
18844,Токио (HND),Сеул (ICN),1
46798,Мюнхен,Вена,1
39318,Краснодар,Сочи,2
24549,Дубай (DXB),Бангкок (BKK),1
48501,Париж (CDG),Рим (FCO),1
29328,Paris,Lyon,1
315,Лондон (LHR),Нью-Йорк (JFK),1
34734,Paris,Lyon,2
2200,Токио (HND),Сеул (ICN),1
48258,Rome,Milan,1
36123,Екатеринбург,Казань,1
18566,Токио (HND),Сеул (ICN),1
39001,Мюнхен,Вена,1
44856,Chicago,Miami,3
46959,Берлин (BER),Амстердам (AMS),2
37852,Дубай (DXB),Бангкок (BKK),1
171,Берлин (BER),Амстердам (AMS),1
9893,Берлин (BER),Амстердам (AMS),1
42859,Стамбул (IST),Афины (ATH),2
30952,Москва,Санкт-Петербург,2
30529,Frankfurt,Hamburg,1
1487,Rome,Milan,2
41270,Москва (SVO),Париж (CDG),1
19028,London,Edinburgh,1
40520,New York,Los Angeles,1
6934,Екатеринбург,Казань,1
31277,Москва,Санкт-Петербург,1
44148,Токио (HND),Сеул (ICN),1
4991,Берлин (BER),Амстердам (AMS),2
1073,Стамбул (IST),Афины (ATH),1
34736,Rome,Milan,2
49390,Москва,Санкт-Петербург,2
48153,London,Edinburgh,2
17239,Стамбул (IST),Афины (ATH),1
21353,New York,Los Angeles,1
29744,Rome,Milan,2
49957,Стамбул (IST),Афины (ATH),2
16849,Екатеринбург,Казань,1
30972,Мюнхен,Вена,2
49369,Chicago,Miami,2
22970,Rome,Milan,1
46604,Краснодар,Сочи,2
6512,Сингапур (SIN),Бали (DPS),3
19025,Сингапур (SIN),Бали (DPS),5
25989,Париж (CDG),Рим (FCO),1
12136,Токио (HND),Сеул (ICN),1
19264,Лондон (LHR),Нью-Йорк (JFK),1
6955,Екатеринбург,Казань,1
20682,Краснодар,Сочи,1
47652,Стамбул (IST),Афины (ATH),1
4533,Москва,Санкт-Петербург,5
6684,Paris,Lyon,3
3452,Мюнхен,Вена,1
28872,Frankfurt,Hamburg,1
12360,Лондон (LHR),Нью-Йорк (JFK),2
19547,Rome,Milan,2
23195,Екатеринбург,Казань,1
1621,Сингапур (SIN),Бали (DPS),2
11423,London,Edinburgh,1
18133,Дубай (DXB),Бангкок (BKK),2
41095,Сингапур (SIN),Бали (DPS),3
34729,London,Edinburgh,1
12747,Мадрид (MAD),Барселона,1
20057,Мадрид (MAD),Барселона,2
44436,Rome,Milan,1
28931,Берлин (BER),Амстердам (AMS),1
15688,Москва (SVO),Париж (CDG),1
49980,London,Edinburgh,2
13352,Москва (SVO),Париж (CDG),2
42506,Краснодар,Сочи,2
47441,Москва,Санкт-Петербург,2
11946,Стамбул (IST),Афины (ATH),3
15185,Екатеринбург,Казань,1
47678,Мюнхен,Вена,1
45146,Rome,Milan,3
39483,Сингапур (SIN),Бали (DPS),1
33265,Екатеринбург,Казань,2
4135,New York,Los Angeles,1
41213,Париж (CDG),Рим (FCO),1
39824,London,Edinburgh,1
16825,Мюнхен,Вена,2
39635,Москва,Санкт-Петербург,1
34033,Краснодар,Сочи,2
27906,New York,Los Angeles,3
3596,Paris,Lyon,1
13135,Мадрид (MAD),Барселона,3
4005,Москва,Санкт-Петербург,2
14293,Екатеринбург,Казань,1
26853,Мюнхен,Вена,1
40396,Москва,Санкт-Петербург,2
46045,Paris,Lyon,1
46433,Frankfurt,Hamburg,1
22810,Токио (HND),Сеул (ICN),1
12601,Мюнхен,Вена,1
18687,Москва (SVO),Париж (CDG),1
23911,New York,Los Angeles,1
9545,Chicago,Miami,1
40572,Екатеринбург,Казань,2
30411,Токио (HND),Сеул (ICN),3
1891,London,Edinburgh,2
43734,Москва (SVO),Париж (CDG),4
29340,Париж (CDG),Рим (FCO),2
153,Париж (CDG),Рим (FCO),1
26956,New York,Los Angeles,1
42026,Frankfurt,Hamburg,2
35023,Rome,Milan,2
46482,Токио (HND),Сеул (ICN),2
633,Chicago,Miami,1
46872,Лондон (LHR),Нью-Йорк (JFK),2
9456,Мадрид (MAD),Барселона,1
42363,Chicago,Miami,1
1571,New York,Los Angeles,1
33037,Rome,Milan,1
14276,Москва (SVO),Париж (CDG),1
43861,Мюнхен,Вена,2
11729,Мюнхен,Вена,2
5834,Краснодар,Сочи,1
13404,Лондон (LHR),Нью-Йорк (JFK),3
28618,Токио (HND),Сеул (ICN),2
20379,Москва,Санкт-Петербург,1
118,Chicago,Miami,2
7275,Берлин (BER),Амстердам (AMS),1
724,Мадрид (MAD),Барселона,1
22384,Мадрид (MAD),Барселона,1
17416,Париж (CDG),Рим (FCO),1
30689,Frankfurt,Hamburg,3
24735,Берлин (BER),Амстердам (AMS),1
38090,Токио (HND),Сеул (ICN),2
29586,Москва (SVO),Париж (CDG),1
6012,Сингапур (SIN),Бали (DPS),3
30073,Краснодар,Сочи,1
34283,Краснодар,Сочи,3
25200,Rome,Milan,2
14582,Токио (HND),Сеул (ICN),2
19391,New York,Los Angeles,1
35439,Frankfurt,Hamburg,1
200,Новосибирск,Горно-Алтайск,2
31165,Мюнхен,Вена,2
19317,Париж (CDG),Рим (FCO),1
14831,Стамбул (IST),Афины (ATH),1
31037,Новосибирск,Горно-Алтайск,1
24111,Париж (CDG),Рим (FCO),2
5322,Мадрид (MAD),Барселона,1
26887,New York,Los Angeles,1
27196,Мадрид (MAD),Барселона,3
26231,Мадрид (MAD),Барселона,3
2433,Париж (CDG),Рим (FCO),2
19102,Мюнхен,Вена,1
43662,Chicago,Miami,2
30360,Дубай (DXB),Бангкок (BKK),2
48629,Токио (HND),Сеул (ICN),1
4987,Париж (CDG),Рим (FCO),1
5086,Токио (HND),Сеул (ICN),1
45751,Екатеринбург,Казань,1
35554,Chicago,Miami,3
27036,Токио (HND),Сеул (ICN),3
20090,Мюнхен,Вена,2
36412,Мюнхен,Вена,2
2057,London,Edinburgh,1
30920,Екатеринбург,Казань,1
32597,Екатеринбург,Казань,1
8788,Frankfurt,Hamburg,2
11475,Лондон (LHR),Нью-Йорк (JFK),2
19012,Москва,Санкт-Петербург,4
49411,London,Edinburgh,1
39717,Стамбул (IST),Афины (ATH),2
46746,Стамбул (IST),Афины (ATH),2
48253,Мюнхен,Вена,1
49842,Мадрид (MAD),Барселона,3
14479,Rome,Milan,2
33337,Токио (HND),Сеул (ICN),1
44315,New York,Los Angeles,2
36907,Москва (SVO),Париж (CDG),2
23910,Мюнхен,Вена,2
38462,Екатеринбург,Казань,1
48190,Chicago,Miami,2
31427,Берлин (BER),Амстердам (AMS),2
35931,Екатеринбург,Казань,1
18539,Берлин (BER),Амстердам (AMS),2
2816,London,Edinburgh,2
29922,Rome,Milan,2
17014,Берлин (BER),Амстердам (AMS),1
34143,Rome,Milan,2
13163,Москва (SVO),Париж (CDG),1
34725,Новосибирск,Горно-Алтайск,2
13536,Берлин (BER),Амстердам (AMS),1
3067,Краснодар,Сочи,1
46420,New York,Los Angeles,1
25345,Стамбул (IST),Афины (ATH),2
39120,New York,Los Angeles,1
45706,Chicago,Miami,1
32919,Москва,Санкт-Петербург,1
15997,London,Edinburgh,1
20885,Мюнхен,Вена,1
18939,Новосибирск,Горно-Алтайск,2
33094,Сингапур (SIN),Бали (DPS),2
43185,Новосибирск,Горно-Алтайск,1
4603,Дубай (DXB),Бангкок (BKK),1
29374,Краснодар,Сочи,1
41398,Стамбул (IST),Афины (ATH),1
11310,Стамбул (IST),Афины (ATH),1
9575,Сингапур (SIN),Бали (DPS),1
32157,London,Edinburgh,2
14381,London,Edinburgh,1
44898,Мадрид (MAD),Барселона,1
34317,Мадрид (MAD),Барселона,2
10437,Краснодар,Сочи,2
16530,Дубай (DXB),Бангкок (BKK),1
30000,Мюнхен,Вена,1
9814,Москва,Санкт-Петербург,1
40424,Москва (SVO),Париж (CDG),2
12812,Париж (CDG),Рим (FCO),2
6290,London,Edinburgh,1
4426,Мюнхен,Вена,1
41739,New York,Los Angeles,1
42932,Берлин (BER),Амстердам (AMS),3
24743,Краснодар,Сочи,1
14674,Париж (CDG),Рим (FCO),2
17436,Chicago,Miami,3
27486,Chicago,Miami,2
42543,Краснодар,Сочи,2
40714,Лондон (LHR),Нью-Йорк (JFK),2
16572,Дубай (DXB),Бангкок (BKK),1
48098,New York,Los Angeles,2
3824,Дубай (DXB),Бангкок (BKK),1
47145,Rome,Milan,2
48732,Rome,Milan,1
31330,London,Edinburgh,1
43827,Мюнхен,Вена,1
36736,New York,Los Angeles,1
15550,Токио (HND),Сеул (ICN),1
12946,Москва,Санкт-Петербург,4
18471,Москва (SVO),Париж (CDG),1
4197,Краснодар,Сочи,2
38572,Екатеринбург,Казань,1
35602,Rome,Milan,1
1757,Екатеринбург,Казань,2
16826,Мадрид (MAD),Барселона,2
366,Frankfurt,Hamburg,1
31332,Стамбул (IST),Афины (ATH),1
11497,London,Edinburgh,1
16873,Мюнхен,Вена,1
43312,Стамбул (IST),Афины (ATH),1
18889,Екатеринбург,Казань,1
46916,Екатеринбург,Казань,1
46558,Стамбул (IST),Афины (ATH),2
44387,Rome,Milan,1
21089,Chicago,Miami,1
18378,Екатеринбург,Казань,1
35940,Paris,Lyon,1
40475,Дубай (DXB),Бангкок (BKK),2
47907,New York,Los Angeles,1
32645,Мадрид (MAD),Барселона,1
26367,Екатеринбург,Казань,1
41137,London,Edinburgh,1
19522,Москва,Санкт-Петербург,2
21742,Дубай (DXB),Бангкок (BKK),1
39480,Chicago,Miami,1
20213,Токио (HND),Сеул (ICN),1
45847,Токио (HND),Сеул (ICN),1
158,Frankfurt,Hamburg,3
7915,Новосибирск,Горно-Алтайск,1
43590,London,Edinburgh,3
31177,Дубай (DXB),Бангкок (BKK),2
11920,Chicago,Miami,3
19973,Paris,Lyon,2
29158,New York,Los Angeles,2
18627,Дубай (DXB),Бангкок (BKK),2
22467,Сингапур (SIN),Бали (DPS),3
8907,Paris,Lyon,1
15628,New York,Los Angeles,1
40799,Frankfurt,Hamburg,1
26850,Paris,Lyon,3
40300,London,Edinburgh,2
8172,London,Edinburgh,3
29478,Rome,Milan,2
44569,Париж (CDG),Рим (FCO),2
42246,New York,Los Angeles,1
17699,Екатеринбург,Казань,2
46603,Париж (CDG),Рим (FCO),1
19053,Берлин (BER),Амстердам (AMS),3
33603,Frankfurt,Hamburg,1
26173,Мюнхен,Вена,1
1277,Москва,Санкт-Петербург,1
12950,Берлин (BER),Амстердам (AMS),1
47799,Краснодар,Сочи,1
14257,New York,Los Angeles,2
6479,Chicago,Miami,1
33254,Москва,Санкт-Петербург,2
3865,Дубай (DXB),Бангкок (BKK),1
39820,Токио (HND),Сеул (ICN),1
26530,Берлин (BER),Амстердам (AMS),2
3592,Екатеринбург,Казань,2
44510,Стамбул (IST),Афины (ATH),4
12514,Краснодар,Сочи,2
39441,Екатеринбург,Казань,1
31468,Сингапур (SIN),Бали (DPS),1
37818,Новосибирск,Горно-Алтайск,1
32929,Мадрид (MAD),Барселона,1
30857,Москва,Санкт-Петербург,1
33531,Москва (SVO),Париж (CDG),1
30373,Париж (CDG),Рим (FCO),2
45654,Москва (SVO),Париж (CDG),2
21931,Стамбул (IST),Афины (ATH),1
46855,London,Edinburgh,3
6721,Москва,Санкт-Петербург,4
39978,Новосибирск,Горно-Алтайск,2
2409,Мюнхен,Вена,2
13121,Москва,Санкт-Петербург,2
19042,Новосибирск,Горно-Алтайск,2
27488,Rome,Milan,1
26666,Стамбул (IST),Афины (ATH),1
31005,Токио (HND),Сеул (ICN),2
7596,Москва (SVO),Париж (CDG),3
34410,Москва (SVO),Париж (CDG),1
37926,Екатеринбург,Казань,2
5651,London,Edinburgh,4
44352,Лондон (LHR),Нью-Йорк (JFK),1
14852,Chicago,Miami,2
41573,Сингапур (SIN),Бали (DPS),1
44349,Москва (SVO),Париж (CDG),4
21301,Париж (CDG),Рим (FCO),2
28366,Сингапур (SIN),Бали (DPS),2
16824,Москва (SVO),Париж (CDG),2
10226,Frankfurt,Hamburg,4
4956,Новосибирск,Горно-Алтайск,4
2031,Екатеринбург,Казань,1
21450,Frankfurt,Hamburg,2
22944,Париж (CDG),Рим (FCO),3
14964,Стамбул (IST),Афины (ATH),1
38569,Frankfurt,Hamburg,1
342,Новосибирск,Горно-Алтайск,4
14028,Екатеринбург,Казань,1
12136,Краснодар,Сочи,2
9393,Новосибирск,Горно-Алтайск,1
7466,Новосибирск,Горно-Алтайск,1
12856,New York,Los Angeles,1
33647,Екатеринбург,Казань,2
8665,London,Edinburgh,2
32398,Chicago,Miami,1
2406,Chicago,Miami,2
23710,Стамбул (IST),Афины (ATH),3
21583,Дубай (DXB),Бангкок (BKK),1
29466,Стамбул (IST),Афины (ATH),2
30055,Дубай (DXB),Бангкок (BKK),1
38178,London,Edinburgh,1
43516,Мюнхен,Вена,1
26863,Новосибирск,Горно-Алтайск,1
29170,Москва,Санкт-Петербург,2
8696,Сингапур (SIN),Бали (DPS),1
10634,Лондон (LHR),Нью-Йорк (JFK),1
31546,Париж (CDG),Рим (FCO),1
28402,Frankfurt,Hamburg,2
39662,Мадрид (MAD),Барселона,3
45079,Дубай (DXB),Бангкок (BKK),1
39056,Rome,Milan,3
35873,Новосибирск,Горно-Алтайск,1
26324,Frankfurt,Hamburg,2
3022,Rome,Milan,1
22647,New York,Los Angeles,1
8444,Сингапур (SIN),Бали (DPS),1
1787,Краснодар,Сочи,1
23231,Стамбул (IST),Афины (ATH),1
32791,New York,Los Angeles,3
47920,Сингапур (SIN),Бали (DPS),1
40820,New York,Los Angeles,1
43150,Токио (HND),Сеул (ICN),1
47202,New York,Los Angeles,1
40581,Rome,Milan,1
8442,Лондон (LHR),Нью-Йорк (JFK),2
30741,Мадрид (MAD),Барселона,1
6190,New York,Los Angeles,1
21649,Екатеринбург,Казань,1
20174,Frankfurt,Hamburg,1
38751,Лондон (LHR),Нью-Йорк (JFK),3
42821,Новосибирск,Горно-Алтайск,1
26024,Chicago,Miami,4
24046,London,Edinburgh,1
47692,Paris,Lyon,1
48344,Дубай (DXB),Бангкок (BKK),1
33284,Москва (SVO),Париж (CDG),1
29221,Новосибирск,Горно-Алтайск,2
49501,Лондон (LHR),Нью-Йорк (JFK),1
1772,Сингапур (SIN),Бали (DPS),1
37921,New York,Los Angeles,2
18487,Мюнхен,Вена,3
8023,Москва,Санкт-Петербург,1
44280,Rome,Milan,3
41028,Стамбул (IST),Афины (ATH),1
35283,Frankfurt,Hamburg,1
44871,Краснодар,Сочи,2
20313,Мюнхен,Вена,1
26282,Москва (SVO),Париж (CDG),1
34633,Москва (SVO),Париж (CDG),2
36060,Париж (CDG),Рим (FCO),5
8846,Стамбул (IST),Афины (ATH),1
42511,Paris,Lyon,1
37346,Chicago,Miami,3
24460,Новосибирск,Горно-Алтайск,2
4547,Москва,Санкт-Петербург,1
10102,Москва (SVO),Париж (CDG),1
20305,New York,Los Angeles,2
49727,Лондон (LHR),Нью-Йорк (JFK),1
32008,Токио (HND),Сеул (ICN),2
41754,Лондон (LHR),Нью-Йорк (JFK),1
5517,Новосибирск,Горно-Алтайск,1
38667,Дубай (DXB),Бангкок (BKK),2
41855,Москва,Санкт-Петербург,3
21947,Сингапур (SIN),Бали (DPS),3
30278,Москва,Санкт-Петербург,2
30566,Москва (SVO),Париж (CDG),1
8776,Токио (HND),Сеул (ICN),1
647,Токио (HND),Сеул (ICN),2
34550,Дубай (DXB),Бангкок (BKK),1
41836,Краснодар,Сочи,1
15533,New York,Los Angeles,1
14909,Краснодар,Сочи,1
17357,London,Edinburgh,1
31915,Берлин (BER),Амстердам (AMS),3
38631,Екатеринбург,Казань,1
36644,Екатеринбург,Казань,2
18318,Rome,Milan,1
6600,Rome,Milan,1
36719,London,Edinburgh,1
8988,Дубай (DXB),Бангкок (BKK),1
8922,Москва,Санкт-Петербург,1
30735,Москва,Санкт-Петербург,2
11131,Берлин (BER),Амстердам (AMS),3
17710,Москва,Санкт-Петербург,4
39729,Екатеринбург,Казань,1
18232,Лондон (LHR),Нью-Йорк (JFK),3
6707,Берлин (BER),Амстердам (AMS),1
37107,Мюнхен,Вена,3
6345,Paris,Lyon,1
7326,Москва,Санкт-Петербург,1
47094,Дубай (DXB),Бангкок (BKK),2
19864,Москва,Санкт-Петербург,1
488,London,Edinburgh,1
9487,Paris,Lyon,1
28260,Paris,Lyon,2
18226,Берлин (BER),Амстердам (AMS),1
1769,Новосибирск,Горно-Алтайск,2
2789,Paris,Lyon,1
27579,Rome,Milan,1
42552,Frankfurt,Hamburg,1
9117,Токио (HND),Сеул (ICN),3
18700,Токио (HND),Сеул (ICN),1
41185,Frankfurt,Hamburg,2
27334,Мадрид (MAD),Барселона,1
13658,Екатеринбург,Казань,2
16674,Лондон (LHR),Нью-Йорк (JFK),2
37566,Paris,Lyon,1
43250,Chicago,Miami,3
7214,Chicago,Miami,2
46313,Москва,Санкт-Петербург,1
9460,Frankfurt,Hamburg,2
42476,Париж (CDG),Рим (FCO),2
5459,Москва (SVO),Париж (CDG),3
19783,Париж (CDG),Рим (FCO),2
10541,Токио (HND),Сеул (ICN),1
35518,Сингапур (SIN),Бали (DPS),1
20302,London,Edinburgh,2
34474,Москва,Санкт-Петербург,1
45657,Москва,Санкт-Петербург,1
37209,Дубай (DXB),Бангкок (BKK),2
46130,Paris,Lyon,2
46267,Paris,Lyon,2
27090,Лондон (LHR),Нью-Йорк (JFK),1
45687,Краснодар,Сочи,2
19816,Токио (HND),Сеул (ICN),1
39618,London,Edinburgh,1
16114,New York,Los Angeles,2
22425,Москва,Санкт-Петербург,2
49560,London,Edinburgh,2
21216,Новосибирск,Горно-Алтайск,2
45299,Paris,Lyon,1
37583,Екатеринбург,Казань,1
33198,Екатеринбург,Казань,1
23523,Москва,Санкт-Петербург,1
29171,New York,Los Angeles,2
47967,Paris,Lyon,2
4156,Мюнхен,Вена,2
29061,Лондон (LHR),Нью-Йорк (JFK),1
33903,Мюнхен,Вена,2
38230,Chicago,Miami,2
34418,Paris,Lyon,1
45325,London,Edinburgh,1
49822,Токио (HND),Сеул (ICN),1
14754,Paris,Lyon,1
40925,Сингапур (SIN),Бали (DPS),1
3797,London,Edinburgh,3
22329,Rome,Milan,1
25609,Новосибирск,Горно-Алтайск,2
13337,New York,Los Angeles,1
25007,Paris,Lyon,1
18759,New York,Los Angeles,1
34308,Rome,Milan,1
23919,Лондон (LHR),Нью-Йорк (JFK),3
22632,Paris,Lyon,2
13798,Берлин (BER),Амстердам (AMS),2
23662,Стамбул (IST),Афины (ATH),2
9742,Москва (SVO),Париж (CDG),1
43312,Дубай (DXB),Бангкок (BKK),2
576,Frankfurt,Hamburg,1
11636,Новосибирск,Горно-Алтайск,1
20741,Frankfurt,Hamburg,4
35926,Мюнхен,Вена,1
7632,Берлин (BER),Амстердам (AMS),1
21768,Мадрид (MAD),Барселона,3
26888,Лондон (LHR),Нью-Йорк (JFK),2
10449,Мадрид (MAD),Барселона,5
2730,Мюнхен,Вена,2
13278,Берлин (BER),Амстердам (AMS),2
20845,Париж (CDG),Рим (FCO),2
37896,Paris,Lyon,1
3464,New York,Los Angeles,2
45907,Москва (SVO),Париж (CDG),3
999,Москва (SVO),Париж (CDG),2
4322,New York,Los Angeles,2
47136,Москва,Санкт-Петербург,2
47369,Rome,Milan,2
44092,Краснодар,Сочи,2
30508,Берлин (BER),Амстердам (AMS),1
4462,Лондон (LHR),Нью-Йорк (JFK),2
37351,New York,Los Angeles,1
42266,Chicago,Miami,3
4801,Paris,Lyon,2
36423,Paris,Lyon,1
4924,Rome,Milan,1
23473,Берлин (BER),Амстердам (AMS),5
32493,Сингапур (SIN),Бали (DPS),3
17779,Chicago,Miami,1
1752,Paris,Lyon,3
36434,Стамбул (IST),Афины (ATH),2
42316,Лондон (LHR),Нью-Йорк (JFK),3
45291,Сингапур (SIN),Бали (DPS),1
25684,Екатеринбург,Казань,1
27847,Стамбул (IST),Афины (ATH),1
37394,Paris,Lyon,1
41862,Москва (SVO),Париж (CDG),1
34075,Дубай (DXB),Бангкок (BKK),1
42927,Rome,Milan,1
35828,Rome,Milan,1
39243,Мадрид (MAD),Барселона,1
49161,Rome,Milan,1
21229,Лондон (LHR),Нью-Йорк (JFK),2
19940,Новосибирск,Горно-Алтайск,4
21313,Мюнхен,Вена,1
46790,Берлин (BER),Амстердам (AMS),1
16856,Стамбул (IST),Афины (ATH),2
20108,Chicago,Miami,2
25124,Париж (CDG),Рим (FCO),3
26214,Краснодар,Сочи,1
21316,Rome,Milan,1
4795,Москва,Санкт-Петербург,2
11316,Париж (CDG),Рим (FCO),3
16431,Москва (SVO),Париж (CDG),1
34122,New York,Los Angeles,2
26019,Лондон (LHR),Нью-Йорк (JFK),1
13496,Rome,Milan,1
245,Мюнхен,Вена,1
12662,Токио (HND),Сеул (ICN),1
14764,Стамбул (IST),Афины (ATH),1
10575,Берлин (BER),Амстердам (AMS),2
9686,Frankfurt,Hamburg,1
43986,Москва,Санкт-Петербург,1
8475,Paris,Lyon,2
39502,Rome,Milan,1
3024,Токио (HND),Сеул (ICN),1
30036,Краснодар,Сочи,1
4168,Париж (CDG),Рим (FCO),1
13993,Екатеринбург,Казань,1
17195,Paris,Lyon,3
44734,Краснодар,Сочи,1
17,Берлин (BER),Амстердам (AMS),2
9681,Токио (HND),Сеул (ICN),1
47985,London,Edinburgh,2
28646,Дубай (DXB),Бангкок (BKK),2
9943,Chicago,Miami,1
47697,Мюнхен,Вена,1
8455,New York,Los Angeles,1
48798,Екатеринбург,Казань,1
28343,Стамбул (IST),Афины (ATH),3
49631,Стамбул (IST),Афины (ATH),1
24751,Мюнхен,Вена,1
36717,Дубай (DXB),Бангкок (BKK),1
7637,Chicago,Miami,1
40821,Екатеринбург,Казань,1
26646,Мадрид (MAD),Барселона,2
26480,Москва,Санкт-Петербург,1
30804,London,Edinburgh,1
41100,Париж (CDG),Рим (FCO),2
14053,Краснодар,Сочи,1
21898,Frankfurt,Hamburg,1
2820,Rome,Milan,1
21369,Frankfurt,Hamburg,1
47105,Москва,Санкт-Петербург,1
36355,Rome,Milan,1
28476,Екатеринбург,Казань,1
16202,Париж (CDG),Рим (FCO),1
40288,London,Edinburgh,1
4803,Дубай (DXB),Бангкок (BKK),1
38948,Лондон (LHR),Нью-Йорк (JFK),1
49895,Москва,Санкт-Петербург,1
16777,Мадрид (MAD),Барселона,4
38399,Берлин (BER),Амстердам (AMS),1
12878,London,Edinburgh,2
25565,Дубай (DXB),Бангкок (BKK),1
23218,Мюнхен,Вена,1
41649,Сингапур (SIN),Бали (DPS),1
20177,Paris,Lyon,2
15229,Париж (CDG),Рим (FCO),2
30352,Москва (SVO),Париж (CDG),1
31254,Екатеринбург,Казань,1
20002,New York,Los Angeles,2
42572,Токио (HND),Сеул (ICN),1
35584,Chicago,Miami,1
26611,Frankfurt,Hamburg,3
49347,Токио (HND),Сеул (ICN),1
23728,Екатеринбург,Казань,1
35638,Мадрид (MAD),Барселона,3
7962,Краснодар,Сочи,1
40201,Екатеринбург,Казань,2
45467,Москва (SVO),Париж (CDG),2
40792,Берлин (BER),Амстердам (AMS),1
42721,Новосибирск,Горно-Алтайск,1
35962,Frankfurt,Hamburg,1
19053,Лондон (LHR),Нью-Йорк (JFK),4
41262,Paris,Lyon,1
49030,Москва (SVO),Париж (CDG),3
17860,Новосибирск,Горно-Алтайск,1
7577,Екатеринбург,Казань,3
1228,Новосибирск,Горно-Алтайск,3
41673,Chicago,Miami,2
18269,Дубай (DXB),Бангкок (BKK),2
12734,Стамбул (IST),Афины (ATH),1
11625,Краснодар,Сочи,1
35794,Rome,Milan,1
42864,Токио (HND),Сеул (ICN),1
48330,Paris,Lyon,2
9999,Лондон (LHR),Нью-Йорк (JFK),1
35455,Дубай (DXB),Бангкок (BKK),1
45481,Мадрид (MAD),Барселона,1
42350,Rome,Milan,2
20865,Лондон (LHR),Нью-Йорк (JFK),3
20819,Paris,Lyon,1
45629,Paris,Lyon,2
25634,Берлин (BER),Амстердам (AMS),1
39060,Мюнхен,Вена,2
6100,Париж (CDG),Рим (FCO),1
11473,Париж (CDG),Рим (FCO),1
36423,Chicago,Miami,2
44078,New York,Los Angeles,1
42946,London,Edinburgh,1
34942,New York,Los Angeles,1
30732,New York,Los Angeles,1
16522,New York,Los Angeles,1
400,Екатеринбург,Казань,1
25728,Дубай (DXB),Бангкок (BKK),1
1420,Новосибирск,Горно-Алтайск,1
41244,New York,Los Angeles,2
47496,Токио (HND),Сеул (ICN),1
2162,Frankfurt,Hamburg,3
28299,Стамбул (IST),Афины (ATH),2
7955,Париж (CDG),Рим (FCO),1
34068,New York,Los Angeles,1
27843,London,Edinburgh,2
22590,Paris,Lyon,2
35161,Мадрид (MAD),Барселона,2
43360,Москва (SVO),Париж (CDG),2
6724,Москва,Санкт-Петербург,2
48750,Париж (CDG),Рим (FCO),1
37869,Москва,Санкт-Петербург,2
18604,Берлин (BER),Амстердам (AMS),2
2665,Новосибирск,Горно-Алтайск,2
6954,Frankfurt,Hamburg,2
37723,Екатеринбург,Казань,1
404,Rome,Milan,1
1288,Стамбул (IST),Афины (ATH),2
35308,Берлин (BER),Амстердам (AMS),1
21460,Новосибирск,Горно-Алтайск,2
28484,Мюнхен,Вена,1
40059,Лондон (LHR),Нью-Йорк (JFK),1
28957,London,Edinburgh,2
21464,Берлин (BER),Амстердам (AMS),2
9110,New York,Los Angeles,2
44116,Мюнхен,Вена,1
17552,Париж (CDG),Рим (FCO),3
39997,Новосибирск,Горно-Алтайск,1
36315,Сингапур (SIN),Бали (DPS),2
43900,Екатеринбург,Казань,1
12877,Стамбул (IST),Афины (ATH),2
16640,Frankfurt,Hamburg,1
47250,Париж (CDG),Рим (FCO),1
33964,Стамбул (IST),Афины (ATH),1
10424,Chicago,Miami,1
20774,Токио (HND),Сеул (ICN),1
42574,Краснодар,Сочи,1
7871,Москва (SVO),Париж (CDG),1
18462,Стамбул (IST),Афины (ATH),3
16832,Москва,Санкт-Петербург,1
32754,Екатеринбург,Казань,1
16992,Берлин (BER),Амстердам (AMS),1
5722,Париж (CDG),Рим (FCO),2
14367,Краснодар,Сочи,2
21175,Новосибирск,Горно-Алтайск,2
26772,Токио (HND),Сеул (ICN),4
15854,Москва (SVO),Париж (CDG),1
5205,Дубай (DXB),Бангкок (BKK),2
28188,Мюнхен,Вена,1
18743,Дубай (DXB),Бангкок (BKK),1
29649,Москва (SVO),Париж (CDG),1
21749,Новосибирск,Горно-Алтайск,1
44160,New York,Los Angeles,1
8641,Лондон (LHR),Нью-Йорк (JFK),2
45672,Лондон (LHR),Нью-Йорк (JFK),2
256,Дубай (DXB),Бангкок (BKK),2
28940,Стамбул (IST),Афины (ATH),1
36484,Paris,Lyon,1
31877,Мадрид (MAD),Барселона,1
43116,Новосибирск,Горно-Алтайск,1
5046,Rome,Milan,2
34951,Сингапур (SIN),Бали (DPS),2
37765,Мадрид (MAD),Барселона,1
25319,Rome,Milan,3
22009,Мадрид (MAD),Барселона,3
11416,Краснодар,Сочи,2
12305,Москва,Санкт-Петербург,2
20645,London,Edinburgh,1
28452,Мюнхен,Вена,1
46374,Екатеринбург,Казань,3
17358,Москва (SVO),Париж (CDG),1
14521,Frankfurt,Hamburg,2
14530,London,Edinburgh,1
4107,London,Edinburgh,1
26286,Москва (SVO),Париж (CDG),1
17946,Екатеринбург,Казань,3
21856,Берлин (BER),Амстердам (AMS),3
5459,Стамбул (IST),Афины (ATH),4
8395,Краснодар,Сочи,1
1192,Краснодар,Сочи,2
24787,Москва,Санкт-Петербург,1
1512,Дубай (DXB),Бангкок (BKK),2
7646,London,Edinburgh,2
5889,Chicago,Miami,1
38239,Дубай (DXB),Бангкок (BKK),2
7563,Париж (CDG),Рим (FCO),1
27696,Rome,Milan,1
21683,Rome,Milan,2
11187,London,Edinburgh,1
25749,Стамбул (IST),Афины (ATH),1
4750,London,Edinburgh,3
1643,Мюнхен,Вена,1
1507,Екатеринбург,Казань,1
37968,Токио (HND),Сеул (ICN),2
34819,Москва (SVO),Париж (CDG),2
33460,Стамбул (IST),Афины (ATH),1
21100,Мадрид (MAD),Барселона,1
5976,Мадрид (MAD),Барселона,1
9756,Новосибирск,Горно-Алтайск,1
15841,Chicago,Miami,1
12229,London,Edinburgh,1
27415,Париж (CDG),Рим (FCO),1
18985,Chicago,Miami,1
20323,Сингапур (SIN),Бали (DPS),1
41345,Москва (SVO),Париж (CDG),1
5707,New York,Los Angeles,1
43893,Токио (HND),Сеул (ICN),1
48026,Дубай (DXB),Бангкок (BKK),1
15014,Москва (SVO),Париж (CDG),3
36217,Токио (HND),Сеул (ICN),1
32634,Екатеринбург,Казань,1
34302,Мадрид (MAD),Барселона,1
11612,Стамбул (IST),Афины (ATH),2
35539,Rome,Milan,1
26597,London,Edinburgh,1
28257,Сингапур (SIN),Бали (DPS),2
42961,Москва (SVO),Париж (CDG),1
37809,New York,Los Angeles,1
19005,Новосибирск,Горно-Алтайск,3
1044,Краснодар,Сочи,2
45321,Токио (HND),Сеул (ICN),1
12889,Лондон (LHR),Нью-Йорк (JFK),1
27117,Новосибирск,Горно-Алтайск,2
25166,New York,Los Angeles,2
31362,Токио (HND),Сеул (ICN),3
30220,Краснодар,Сочи,1
4502,Токио (HND),Сеул (ICN),3
21929,Мюнхен,Вена,2
24252,Екатеринбург,Казань,2
20355,Екатеринбург,Казань,1
47945,Rome,Milan,1
16389,Краснодар,Сочи,1
36234,Paris,Lyon,1
33699,Лондон (LHR),Нью-Йорк (JFK),1
18821,London,Edinburgh,1
11622,Берлин (BER),Амстердам (AMS),1
894,Новосибирск,Горно-Алтайск,1
42342,Стамбул (IST),Афины (ATH),1
7877,Дубай (DXB),Бангкок (BKK),2
26232,Стамбул (IST),Афины (ATH),1
26395,New York,Los Angeles,1
12224,Лондон (LHR),Нью-Йорк (JFK),1
36426,Екатеринбург,Казань,1
2825,Мюнхен,Вена,2
46595,Берлин (BER),Амстердам (AMS),4
8023,Лондон (LHR),Нью-Йорк (JFK),2
38331,Paris,Lyon,2
40976,Rome,Milan,2
49870,Париж (CDG),Рим (FCO),1
7820,Екатеринбург,Казань,2
27400,London,Edinburgh,2
23019,Лондон (LHR),Нью-Йорк (JFK),1
4459,Стамбул (IST),Афины (ATH),2
28602,Токио (HND),Сеул (ICN),1
21869,Frankfurt,Hamburg,1
866,Дубай (DXB),Бангкок (BKK),2
41773,Москва,Санкт-Петербург,3
47301,London,Edinburgh,2
45769,Paris,Lyon,2
44228,Paris,Lyon,1
45345,London,Edinburgh,1
13288,Краснодар,Сочи,1
23142,Chicago,Miami,1
47457,Стамбул (IST),Афины (ATH),1
15817,Лондон (LHR),Нью-Йорк (JFK),1
20828,Лондон (LHR),Нью-Йорк (JFK),2
28656,Москва,Санкт-Петербург,1
8035,Москва,Санкт-Петербург,1
38267,Дубай (DXB),Бангкок (BKK),2
26360,Дубай (DXB),Бангкок (BKK),1
22475,Лондон (LHR),Нью-Йорк (JFK),1
1603,Chicago,Miami,1
14021,Frankfurt,Hamburg,1
17944,Лондон (LHR),Нью-Йорк (JFK),1
44699,Paris,Lyon,2
6497,Токио (HND),Сеул (ICN),2
47992,Frankfurt,Hamburg,2
41395,Chicago,Miami,2
25991,Paris,Lyon,1
39651,Chicago,Miami,1
15664,Новосибирск,Горно-Алтайск,1
14077,Rome,Milan,2
14198,Дубай (DXB),Бангкок (BKK),1
16469,Дубай (DXB),Бангкок (BKK),1
41565,Frankfurt,Hamburg,1
41874,Париж (CDG),Рим (FCO),1
9473,Париж (CDG),Рим (FCO),1
3272,Rome,Milan,2
42591,Мюнхен,Вена,2
22853,Rome,Milan,1
12626,Paris,Lyon,1
37868,Екатеринбург,Казань,2
667,Сингапур (SIN),Бали (DPS),1
437,Rome,Milan,2
7768,Сингапур (SIN),Бали (DPS),1
17010,Мадрид (MAD),Барселона,1
26164,Париж (CDG),Рим (FCO),1
20949,Москва,Санкт-Петербург,2
4908,Париж (CDG),Рим (FCO),1
16909,Москва (SVO),Париж (CDG),2
18997,Берлин (BER),Амстердам (AMS),2
42896,Екатеринбург,Казань,1
37689,Париж (CDG),Рим (FCO),3
20445,Paris,Lyon,2
47487,Chicago,Miami,2
33154,Москва (SVO),Париж (CDG),1
34219,Frankfurt,Hamburg,1
36806,Москва (SVO),Париж (CDG),2
462,London,Edinburgh,1
32692,Париж (CDG),Рим (FCO),1
41546,Лондон (LHR),Нью-Йорк (JFK),2
5910,Лондон (LHR),Нью-Йорк (JFK),1
7324,Стамбул (IST),Афины (ATH),2
1867,Frankfurt,Hamburg,2
44084,Токио (HND),Сеул (ICN),1
32779,Москва (SVO),Париж (CDG),1
38825,Rome,Milan,1
46373,Екатеринбург,Казань,2
24549,Мадрид (MAD),Барселона,2
32212,Новосибирск,Горно-Алтайск,2
29908,Новосибирск,Горно-Алтайск,1
42002,Краснодар,Сочи,2
13265,Екатеринбург,Казань,1
20650,Токио (HND),Сеул (ICN),3
6668,Мадрид (MAD),Барселона,1
5623,Chicago,Miami,2
31489,Берлин (BER),Амстердам (AMS),1
37737,Краснодар,Сочи,1
28266,Берлин (BER),Амстердам (AMS),2
13886,London,Edinburgh,1
13575,Paris,Lyon,2
1460,Дубай (DXB),Бангкок (BKK),2
36267,Краснодар,Сочи,2
15537,London,Edinburgh,3
33476,Сингапур (SIN),Бали (DPS),1
7059,Дубай (DXB),Бангкок (BKK),2
33579,Мадрид (MAD),Барселона,2
2744,Chicago,Miami,1
46351,Мюнхен,Вена,1
23100,Frankfurt,Hamburg,1
28509,Лондон (LHR),Нью-Йорк (JFK),2
15774,Мюнхен,Вена,1
17857,Екатеринбург,Казань,2
36277,Мадрид (MAD),Барселона,2
30782,Paris,Lyon,1
26344,Paris,Lyon,2
17572,Frankfurt,Hamburg,1
42559,Paris,Lyon,2
25192,Лондон (LHR),Нью-Йорк (JFK),2
18949,Париж (CDG),Рим (FCO),2
8167,Rome,Milan,2
5693,Лондон (LHR),Нью-Йорк (JFK),1
28074,Париж (CDG),Рим (FCO),1
8734,Новосибирск,Горно-Алтайск,2
26092,Paris,Lyon,2
17530,Берлин (BER),Амстердам (AMS),1
25792,Мюнхен,Вена,3
16463,Rome,Milan,1
28185,Стамбул (IST),Афины (ATH),1
6644,Rome,Milan,1
33091,Берлин (BER),Амстердам (AMS),3
34463,Frankfurt,Hamburg,1
34997,Frankfurt,Hamburg,3
23529,Chicago,Miami,2
6912,New York,Los Angeles,1
26646,Стамбул (IST),Афины (ATH),3
21939,Мадрид (MAD),Барселона,2
20760,Краснодар,Сочи,2
29962,Frankfurt,Hamburg,2
31655,Мадрид (MAD),Барселона,1
13784,Екатеринбург,Казань,2
48355,Токио (HND),Сеул (ICN),1
22769,Краснодар,Сочи,2
46819,Мадрид (MAD),Барселона,1
7362,London,Edinburgh,2
25760,Москва,Санкт-Петербург,1
18723,Дубай (DXB),Бангкок (BKK),2
33604,Париж (CDG),Рим (FCO),2
39481,Москва (SVO),Париж (CDG),1
21620,Мюнхен,Вена,1
38322,Москва,Санкт-Петербург,1
31110,Новосибирск,Горно-Алтайск,2
39027,Берлин (BER),Амстердам (AMS),1
3677,Paris,Lyon,2
37359,Rome,Milan,3
47555,Frankfurt,Hamburg,2
34358,Лондон (LHR),Нью-Йорк (JFK),1
23341,Берлин (BER),Амстердам (AMS),2
11056,Paris,Lyon,1
33341,Стамбул (IST),Афины (ATH),1
39851,Сингапур (SIN),Бали (DPS),1
15247,Токио (HND),Сеул (ICN),1
40967,Париж (CDG),Рим (FCO),2
30374,Paris,Lyon,2
96,Стамбул (IST),Афины (ATH),1
26188,Екатеринбург,Казань,1
40255,Екатеринбург,Казань,2
579,Токио (HND),Сеул (ICN),1
925,London,Edinburgh,3
443,Chicago,Miami,2
5320,Москва,Санкт-Петербург,2
19050,Frankfurt,Hamburg,1
47384,Frankfurt,Hamburg,2
7266,New York,Los Angeles,2
19897,Сингапур (SIN),Бали (DPS),1
39369,Новосибирск,Горно-Алтайск,1
32654,London,Edinburgh,3
11495,Мадрид (MAD),Барселона,1
14181,Новосибирск,Горно-Алтайск,1
788,Москва,Санкт-Петербург,1
43200,Сингапур (SIN),Бали (DPS),1
22717,Новосибирск,Горно-Алтайск,2
40702,Берлин (BER),Амстердам (AMS),3
19754,Rome,Milan,1
6181,Берлин (BER),Амстердам (AMS),1
12744,Москва,Санкт-Петербург,1
23527,Токио (HND),Сеул (ICN),2
10145,Мюнхен,Вена,2
853,Краснодар,Сочи,1
23860,London,Edinburgh,4
18489,Rome,Milan,3
7651,Берлин (BER),Амстердам (AMS),2
21040,Paris,Lyon,2
44234,New York,Los Angeles,1
4929,Стамбул (IST),Афины (ATH),3
31732,Новосибирск,Горно-Алтайск,1
31829,Париж (CDG),Рим (FCO),2
3537,London,Edinburgh,2
38330,Лондон (LHR),Нью-Йорк (JFK),1
44013,Париж (CDG),Рим (FCO),2
16085,Новосибирск,Горно-Алтайск,2
12357,Стамбул (IST),Афины (ATH),1
48613,Токио (HND),Сеул (ICN),1
1012,Москва (SVO),Париж (CDG),2
34906,Chicago,Miami,1
48487,Москва,Санкт-Петербург,1
2755,Токио (HND),Сеул (ICN),2
13510,Мадрид (MAD),Барселона,2
19778,Москва,Санкт-Петербург,5
24506,Дубай (DXB),Бангкок (BKK),1
521,Сингапур (SIN),Бали (DPS),1
29944,Токио (HND),Сеул (ICN),1
16310,Екатеринбург,Казань,1
8516,Дубай (DXB),Бангкок (BKK),3
20219,Берлин (BER),Амстердам (AMS),2
45447,Rome,Milan,1
22703,Краснодар,Сочи,1
4082,Токио (HND),Сеул (ICN),2
44685,Стамбул (IST),Афины (ATH),1
27041,Берлин (BER),Амстердам (AMS),1
49607,Москва,Санкт-Петербург,1
32412,Екатеринбург,Казань,1
16181,London,Edinburgh,2
19527,Стамбул (IST),Афины (ATH),1
26861,Мадрид (MAD),Барселона,1
31805,Москва (SVO),Париж (CDG),1
41049,New York,Los Angeles,2
13598,Лондон (LHR),Нью-Йорк (JFK),1
22,Стамбул (IST),Афины (ATH),1
31721,Берлин (BER),Амстердам (AMS),1
32740,Лондон (LHR),Нью-Йорк (JFK),1
23946,Новосибирск,Горно-Алтайск,2
8638,Сингапур (SIN),Бали (DPS),3
47077,Токио (HND),Сеул (ICN),1
44157,Москва (SVO),Париж (CDG),2
7048,Лондон (LHR),Нью-Йорк (JFK),2
9760,Сингапур (SIN),Бали (DPS),1
4519,Paris,Lyon,1
26031,Екатеринбург,Казань,1
43808,Лондон (LHR),Нью-Йорк (JFK),1
33677,Новосибирск,Горно-Алтайск,1
9503,Екатеринбург,Казань,2
1345,Rome,Milan,1
45413,Краснодар,Сочи,1
20048,New York,Los Angeles,1
18364,Москва,Санкт-Петербург,1
27659,Дубай (DXB),Бангкок (BKK),1
45678,Москва,Санкт-Петербург,1
41033,Екатеринбург,Казань,3
41969,Дубай (DXB),Бангкок (BKK),2
27489,Москва (SVO),Париж (CDG),1
46293,New York,Los Angeles,1
19992,Paris,Lyon,1
45797,Мюнхен,Вена,1
230,Стамбул (IST),Афины (ATH),1
40664,Лондон (LHR),Нью-Йорк (JFK),1
13043,Берлин (BER),Амстердам (AMS),1
38782,Frankfurt,Hamburg,1
13540,Берлин (BER),Амстердам (AMS),1
7666,Екатеринбург,Казань,2
29550,Мадрид (MAD),Барселона,2
15076,Дубай (DXB),Бангкок (BKK),1
785,Сингапур (SIN),Бали (DPS),2
27596,Лондон (LHR),Нью-Йорк (JFK),1
26021,Мюнхен,Вена,3
46542,New York,Los Angeles,2
1562,Rome,Milan,2
4904,Москва (SVO),Париж (CDG),1
28088,Лондон (LHR),Нью-Йорк (JFK),3
43235,Лондон (LHR),Нью-Йорк (JFK),2
11107,Frankfurt,Hamburg,2
38259,New York,Los Angeles,1
44873,Мюнхен,Вена,3
16297,Париж (CDG),Рим (FCO),2
25325,Frankfurt,Hamburg,1
13723,Стамбул (IST),Афины (ATH),1
39865,Лондон (LHR),Нью-Йорк (JFK),1
17415,Новосибирск,Горно-Алтайск,3
29632,Rome,Milan,1
23077,Paris,Lyon,1
26911,Paris,Lyon,2
30490,Новосибирск,Горно-Алтайск,1
7849,Frankfurt,Hamburg,3
36968,Frankfurt,Hamburg,1
17675,Дубай (DXB),Бангкок (BKK),2
16018,Chicago,Miami,2
4366,Chicago,Miami,1
41945,Краснодар,Сочи,2
6590,Стамбул (IST),Афины (ATH),1
5840,Rome,Milan,1
8881,Chicago,Miami,3
27969,Париж (CDG),Рим (FCO),1
7071,Париж (CDG),Рим (FCO),2
5287,Москва (SVO),Париж (CDG),2
3960,Токио (HND),Сеул (ICN),1
27008,Дубай (DXB),Бангкок (BKK),1
37766,Лондон (LHR),Нью-Йорк (JFK),1
7272,Paris,Lyon,2
26318,Екатеринбург,Казань,1
43904,New York,Los Angeles,1
37559,New York,Los Angeles,1
20584,Екатеринбург,Казань,1
25637,Paris,Lyon,1
17352,Екатеринбург,Казань,1
19557,Берлин (BER),Амстердам (AMS),1
49060,Стамбул (IST),Афины (ATH),1
521,Екатеринбург,Казань,2
1831,New York,Los Angeles,2
8542,Берлин (BER),Амстердам (AMS),3
37858,Мюнхен,Вена,3
40591,Сингапур (SIN),Бали (DPS),1
5841,Краснодар,Сочи,1
47561,Краснодар,Сочи,2
34888,Paris,Lyon,3
24241,Новосибирск,Горно-Алтайск,2
21398,Берлин (BER),Амстердам (AMS),4
5948,Новосибирск,Горно-Алтайск,1
39072,Мюнхен,Вена,3
21348,Екатеринбург,Казань,1
33666,Краснодар,Сочи,1
35256,Дубай (DXB),Бангкок (BKK),1
39144,Paris,Lyon,2
35365,Стамбул (IST),Афины (ATH),3
4512,London,Edinburgh,2
977,Берлин (BER),Амстердам (AMS),2
8353,Берлин (BER),Амстердам (AMS),3
21903,Краснодар,Сочи,2
32661,Москва (SVO),Париж (CDG),1
17553,Екатеринбург,Казань,1
43275,Paris,Lyon,1
21035,Краснодар,Сочи,1
1280,New York,Los Angeles,1
24994,Мадрид (MAD),Барселона,1
13351,Токио (HND),Сеул (ICN),1
13365,Екатеринбург,Казань,1
37092,Мадрид (MAD),Барселона,1
41124,New York,Los Angeles,1
1223,Chicago,Miami,3
28711,Париж (CDG),Рим (FCO),1
31389,Сингапур (SIN),Бали (DPS),4
10728,Стамбул (IST),Афины (ATH),1
36344,Париж (CDG),Рим (FCO),2
35337,Дубай (DXB),Бангкок (BKK),1
23695,Сингапур (SIN),Бали (DPS),1
35849,New York,Los Angeles,1
8720,Париж (CDG),Рим (FCO),3
42498,Берлин (BER),Амстердам (AMS),1
41311,Мюнхен,Вена,1
32610,Rome,Milan,1
18722,Краснодар,Сочи,1
30140,Сингапур (SIN),Бали (DPS),2
17831,Frankfurt,Hamburg,1
2991,Мюнхен,Вена,1
29581,Москва (SVO),Париж (CDG),1
45229,Москва (SVO),Париж (CDG),1
588,Новосибирск,Горно-Алтайск,1
25583,Краснодар,Сочи,3
41726,New York,Los Angeles,1
38255,Берлин (BER),Амстердам (AMS),1
31203,Дубай (DXB),Бангкок (BKK),2
2347,Лондон (LHR),Нью-Йорк (JFK),3
28844,Лондон (LHR),Нью-Йорк (JFK),1
4026,Сингапур (SIN),Бали (DPS),1
4193,Берлин (BER),Амстердам (AMS),2
44915,Новосибирск,Горно-Алтайск,2
47245,Лондон (LHR),Нью-Йорк (JFK),2
10659,Chicago,Miami,1
30906,Москва (SVO),Париж (CDG),1
11132,Rome,Milan,2
11035,Краснодар,Сочи,1
21837,Дубай (DXB),Бангкок (BKK),1
9209,New York,Los Angeles,3
8543,Москва,Санкт-Петербург,1
17438,Париж (CDG),Рим (FCO),1
5922,Лондон (LHR),Нью-Йорк (JFK),1
2694,Стамбул (IST),Афины (ATH),1
45018,Токио (HND),Сеул (ICN),1
5252,Rome,Milan,2
15269,Дубай (DXB),Бангкок (BKK),1
16561,Москва,Санкт-Петербург,2
46685,Мюнхен,Вена,3
46734,Токио (HND),Сеул (ICN),2
9422,Новосибирск,Горно-Алтайск,1
5433,New York,Los Angeles,2
48341,Москва (SVO),Париж (CDG),1
10213,Мюнхен,Вена,1
24948,Берлин (BER),Амстердам (AMS),1
24662,Париж (CDG),Рим (FCO),1
41538,Москва (SVO),Париж (CDG),2
10668,Берлин (BER),Амстердам (AMS),1
27596,Токио (HND),Сеул (ICN),2
25392,Париж (CDG),Рим (FCO),1
35117,Москва (SVO),Париж (CDG),1
13358,Новосибирск,Горно-Алтайск,2
17998,Новосибирск,Горно-Алтайск,3
31781,Мюнхен,Вена,1
19582,Стамбул (IST),Афины (ATH),1
47647,Стамбул (IST),Афины (ATH),1
7182,New York,Los Angeles,2
20745,Екатеринбург,Казань,3
37698,Дубай (DXB),Бангкок (BKK),5
44593,Стамбул (IST),Афины (ATH),3
18842,Сингапур (SIN),Бали (DPS),4
32884,Лондон (LHR),Нью-Йорк (JFK),1
27754,Екатеринбург,Казань,1
32895,Москва,Санкт-Петербург,1
22069,Москва (SVO),Париж (CDG),4
12988,New York,Los Angeles,3
27056,London,Edinburgh,2
37771,Париж (CDG),Рим (FCO),1
36676,Лондон (LHR),Нью-Йорк (JFK),1
17978,Дубай (DXB),Бангкок (BKK),1
16638,Chicago,Miami,1
9036,Лондон (LHR),Нью-Йорк (JFK),1
21778,Дубай (DXB),Бангкок (BKK),1
3982,Стамбул (IST),Афины (ATH),1
4130,Мюнхен,Вена,4
28735,Берлин (BER),Амстердам (AMS),1
23448,Новосибирск,Горно-Алтайск,2
11911,Берлин (BER),Амстердам (AMS),2
12915,Chicago,Miami,2
2613,New York,Los Angeles,1
706,Frankfurt,Hamburg,1
46934,Екатеринбург,Казань,2
11498,New York,Los Angeles,2
44110,Токио (HND),Сеул (ICN),1
41119,Новосибирск,Горно-Алтайск,1
25111,Дубай (DXB),Бангкок (BKK),1
10020,Мюнхен,Вена,2
7472,London,Edinburgh,2
2942,Новосибирск,Горно-Алтайск,2
33748,Chicago,Miami,1
39911,Москва,Санкт-Петербург,2
29387,Москва (SVO),Париж (CDG),2
38374,Токио (HND),Сеул (ICN),1
50,New York,Los Angeles,3
39115,Paris,Lyon,2
39475,Екатеринбург,Казань,1
9921,Chicago,Miami,2
24391,Москва (SVO),Париж (CDG),1
28181,New York,Los Angeles,3
27083,Chicago,Miami,1
41602,Стамбул (IST),Афины (ATH),1
18533,Frankfurt,Hamburg,2
44102,Париж (CDG),Рим (FCO),1
10767,Москва,Санкт-Петербург,3
13489,Екатеринбург,Казань,5
46062,Rome,Milan,3
23511,London,Edinburgh,3
36623,Мюнхен,Вена,1
14577,Мюнхен,Вена,1
30034,Мадрид (MAD),Барселона,2
46646,Париж (CDG),Рим (FCO),1
45436,Стамбул (IST),Афины (ATH),2
33505,Дубай (DXB),Бангкок (BKK),1
39815,Мюнхен,Вена,1
5606,Екатеринбург,Казань,1
45421,Paris,Lyon,1
40998,New York,Los Angeles,3
31994,Токио (HND),Сеул (ICN),1
12080,Париж (CDG),Рим (FCO),1
3748,Дубай (DXB),Бангкок (BKK),2
43640,Мюнхен,Вена,1
21942,Сингапур (SIN),Бали (DPS),1
11756,Москва,Санкт-Петербург,2
41427,Frankfurt,Hamburg,1
25371,Краснодар,Сочи,1
10892,Chicago,Miami,1
33871,Сингапур (SIN),Бали (DPS),2
11176,Екатеринбург,Казань,2
45086,Токио (HND),Сеул (ICN),1
31875,Лондон (LHR),Нью-Йорк (JFK),1
15322,Paris,Lyon,2
18064,London,Edinburgh,2
42106,Сингапур (SIN),Бали (DPS),1
46501,Frankfurt,Hamburg,1
4200,Париж (CDG),Рим (FCO),2
31667,Chicago,Miami,1
12024,Екатеринбург,Казань,1
25679,New York,Los Angeles,1
40661,Frankfurt,Hamburg,2
27231,Мадрид (MAD),Барселона,2
15955,Frankfurt,Hamburg,3
41834,Chicago,Miami,1
32734,Дубай (DXB),Бангкок (BKK),2
3257,Токио (HND),Сеул (ICN),1
5869,Paris,Lyon,1
3846,Rome,Milan,1
20492,Новосибирск,Горно-Алтайск,2
15785,Rome,Milan,1
40209,Лондон (LHR),Нью-Йорк (JFK),1
43405,Chicago,Miami,3
30721,Мюнхен,Вена,1
27866,Краснодар,Сочи,2
36144,Сингапур (SIN),Бали (DPS),3
8984,Дубай (DXB),Бангкок (BKK),1
37635,Москва (SVO),Париж (CDG),1
29765,New York,Los Angeles,1
38263,Краснодар,Сочи,3
3592,Стамбул (IST),Афины (ATH),3
5488,Frankfurt,Hamburg,1
21505,Frankfurt,Hamburg,3
10792,Берлин (BER),Амстердам (AMS),1
30108,Paris,Lyon,1
33760,Мюнхен,Вена,1
21139,Екатеринбург,Казань,1
26548,Мадрид (MAD),Барселона,1
42930,Стамбул (IST),Афины (ATH),1
31987,Rome,Milan,1
2474,Москва,Санкт-Петербург,2
36731,London,Edinburgh,1
40700,Frankfurt,Hamburg,1
23890,Frankfurt,Hamburg,1
16858,Мюнхен,Вена,1
31770,Берлин (BER),Амстердам (AMS),1
925,Сингапур (SIN),Бали (DPS),4
2723,Дубай (DXB),Бангкок (BKK),1
18209,Токио (HND),Сеул (ICN),2
26354,Стамбул (IST),Афины (ATH),3
9821,Токио (HND),Сеул (ICN),2
44453,Frankfurt,Hamburg,1
3580,Сингапур (SIN),Бали (DPS),2
43866,Берлин (BER),Амстердам (AMS),1
45465,Paris,Lyon,1
40616,Мюнхен,Вена,3
37643,Лондон (LHR),Нью-Йорк (JFK),3
31848,Стамбул (IST),Афины (ATH),1
13913,Москва (SVO),Париж (CDG),3
35831,Сингапур (SIN),Бали (DPS),2
9792,Берлин (BER),Амстердам (AMS),1
24284,Сингапур (SIN),Бали (DPS),2
19301,Краснодар,Сочи,1
27642,Дубай (DXB),Бангкок (BKK),1
11068,New York,Los Angeles,1
29212,Токио (HND),Сеул (ICN),1
38854,Париж (CDG),Рим (FCO),3
14223,Сингапур (SIN),Бали (DPS),2
37681,Париж (CDG),Рим (FCO),2
34470,Дубай (DXB),Бангкок (BKK),1
9750,Сингапур (SIN),Бали (DPS),1
30439,Лондон (LHR),Нью-Йорк (JFK),2
45176,Токио (HND),Сеул (ICN),1
43059,Мадрид (MAD),Барселона,1
25801,Мюнхен,Вена,1
23997,Москва,Санкт-Петербург,2
49935,Москва,Санкт-Петербург,1
48535,Краснодар,Сочи,1
44956,Сингапур (SIN),Бали (DPS),3
16670,Мадрид (MAD),Барселона,1
6076,London,Edinburgh,3
48494,Екатеринбург,Казань,2
39433,New York,Los Angeles,1
14805,Стамбул (IST),Афины (ATH),1
20997,Екатеринбург,Казань,2
3479,London,Edinburgh,1
41904,Екатеринбург,Казань,1
47603,Краснодар,Сочи,1
10467,Берлин (BER),Амстердам (AMS),2
22073,London,Edinburgh,2
38254,London,Edinburgh,1
19449,Сингапур (SIN),Бали (DPS),1
48775,Chicago,Miami,1
23341,Токио (HND),Сеул (ICN),3
16151,Мюнхен,Вена,2
4694,Сингапур (SIN),Бали (DPS),1
42792,Frankfurt,Hamburg,1
19580,Париж (CDG),Рим (FCO),1
19280,Frankfurt,Hamburg,2
5385,Токио (HND),Сеул (ICN),2
29594,Chicago,Miami,1
139,Rome,Milan,2
47760,Мадрид (MAD),Барселона,1
13376,London,Edinburgh,1
7716,Дубай (DXB),Бангкок (BKK),1
30809,Мадрид (MAD),Барселона,1
4796,New York,Los Angeles,2
966,Краснодар,Сочи,1
15758,Rome,Milan,2
35456,Москва,Санкт-Петербург,2
24060,Лондон (LHR),Нью-Йорк (JFK),1
35249,Новосибирск,Горно-Алтайск,1
48592,Екатеринбург,Казань,3
8711,Дубай (DXB),Бангкок (BKK),1
12212,Токио (HND),Сеул (ICN),3
30989,Краснодар,Сочи,1
23891,Chicago,Miami,1
49531,Лондон (LHR),Нью-Йорк (JFK),1
19251,Мюнхен,Вена,1
4745,Берлин (BER),Амстердам (AMS),1
27114,Краснодар,Сочи,2
11706,Берлин (BER),Амстердам (AMS),2
42409,Берлин (BER),Амстердам (AMS),2
40088,Берлин (BER),Амстердам (AMS),2
21564,Мюнхен,Вена,3
45791,Берлин (BER),Амстердам (AMS),5
6291,Москва (SVO),Париж (CDG),1
9836,Краснодар,Сочи,1
11402,Дубай (DXB),Бангкок (BKK),2
24338,Екатеринбург,Казань,2
22459,Новосибирск,Горно-Алтайск,2
33559,Chicago,Miami,2
596,Дубай (DXB),Бангкок (BKK),1
29087,Сингапур (SIN),Бали (DPS),2
31543,London,Edinburgh,2
29971,Сингапур (SIN),Бали (DPS),3
25836,Москва,Санкт-Петербург,2
23344,London,Edinburgh,3
2825,Дубай (DXB),Бангкок (BKK),3
31163,Москва,Санкт-Петербург,3
45999,Frankfurt,Hamburg,1
38203,New York,Los Angeles,3
48008,Paris,Lyon,1
37026,Новосибирск,Горно-Алтайск,2
15868,Берлин (BER),Амстердам (AMS),3
33200,Мадрид (MAD),Барселона,2
12475,London,Edinburgh,2
1018,Токио (HND),Сеул (ICN),1
24615,Rome,Milan,1
45741,Москва,Санкт-Петербург,1
38140,Мадрид (MAD),Барселона,1
48071,Дубай (DXB),Бангкок (BKK),1
30884,Москва (SVO),Париж (CDG),2
49982,New York,Los Angeles,1
42380,Токио (HND),Сеул (ICN),2
1159,Берлин (BER),Амстердам (AMS),2
9052,Chicago,Miami,2
22227,Frankfurt,Hamburg,1
11107,Новосибирск,Горно-Алтайск,3
13422,Frankfurt,Hamburg,1
13604,Екатеринбург,Казань,1
19605,Москва,Санкт-Петербург,1
33337,New York,Los Angeles,2
20002,London,Edinburgh,3
47149,Москва (SVO),Париж (CDG),2
881,Мадрид (MAD),Барселона,1
37699,Новосибирск,Горно-Алтайск,3
45818,Стамбул (IST),Афины (ATH),1
42645,Paris,Lyon,2
40810,Новосибирск,Горно-Алтайск,4
22894,Москва (SVO),Париж (CDG),2
35571,Стамбул (IST),Афины (ATH),1
11960,Сингапур (SIN),Бали (DPS),3
38243,Москва,Санкт-Петербург,2
8479,Новосибирск,Горно-Алтайск,1
12567,Новосибирск,Горно-Алтайск,1
11864,Мюнхен,Вена,1
10806,Краснодар,Сочи,3
38871,Дубай (DXB),Бангкок (BKK),1
46900,Стамбул (IST),Афины (ATH),1
37127,Paris,Lyon,1
35789,Берлин (BER),Амстердам (AMS),2
1983,Мюнхен,Вена,1
