user_id,full_name,birth_date
11,John Lopez,2000-07-25
12,David Hamilton,1997-06-15
13,Patricia Smith,1961-08-02
14,Силин Тимур Еремеевич,1963-03-05
15,Walter Reyes,1986-10-31
16,Brenda Mccann,2001-09-08
17,Дарья Ждановна Мартынова,1984-09-25
18,Виктор Григорьевич Ершов,1965-10-22
19,Мстислав Ефремович Кузнецов,1961-11-14
20,Ульяна Вячеславовна Логинова,1982-04-11
21,Kathy Douglas,1989-03-04
22,Калинина Феврония Кузьминична,1981-06-03
23,Мирон Жанович Самсонов,1998-02-13
24,Tracy Farmer,1970-03-20
25,Ипат Ермилович Галкин,1962-06-25
26,Кузьма Евстигнеевич Силин,1995-01-26
27,Megan Gray,1983-12-18
28,Douglas Lawson,1977-01-06
29,Michelle Ochoa,1993-02-06
30,Велимир Эдгарович Костин,1981-08-17
31,Крюкова Акулина Валентиновна,1994-05-06
32,Софон Феликсович Максимов,1965-08-13
33,Автоном Феофанович Киселев,1979-02-23
34,Michael Tran,1965-03-08
35,Ефимов Милий Данилович,2000-03-29
36,Brandon Patrick,2000-07-12
37,Ираида Антоновна Анисимова,1968-09-07
38,Белоусов Юлий Антонович,2001-03-07
39,Евлампий Брониславович Якушев,1970-05-29
40,Сафонов Евстигней Венедиктович,1960-06-13
41,Феофан Всеволодович Максимов,1993-07-12
42,Christopher Schwartz,1996-03-25
43,Erica Thomas,1985-06-24
44,Чернов Евлампий Ярославович,1995-12-19
45,Василиса Павловна Титова,1992-04-15
46,Логинова Антонина Эльдаровна,1962-07-20
47,Фёкла Афанасьевна Ершова,1965-09-07
48,Вишнякова Наталья Наумовна,1972-09-04
49,Ярослав Гурьевич Евдокимов,1975-09-07
50,Eric Norris,1999-12-10
51,Соловьев Прохор Ефимович,1973-02-11
52,Ольга Святославовна Лебедева,1977-11-04
53,Кира Леоновна Яковлева,1965-06-28
54,Rebecca Cooke,1963-06-05
55,Большакова Алина Богдановна,1984-05-21
56,Викторин Афанасьевич Борисов,1991-08-20
57,Michael Gillespie,1976-01-05
58,Nicole Potter,1998-07-09
59,Панфилова Марфа Альбертовна,1991-12-27
60,Фёкла Матвеевна Гущина,1976-06-16
61,Susan Miranda,1973-02-16
62,Julie Williamson,1970-12-15
63,Casey Jones,1972-01-01
64,Марфа Святославовна Ларионова,1984-04-14
65,Melissa Robinson,1962-06-03
66,Лихачева Глафира Альбертовна,1978-06-06
67,Jennifer Moreno,1987-11-23
68,Нонна Даниловна Лукина,1963-07-09
69,Евдокия Вячеславовна Титова,1966-02-24
70,Anna Willis,1983-05-15
71,Носова Евфросиния Вениаминовна,1993-04-12
72,Marc Cabrera,1965-07-04
73,Тихонова Феврония Мироновна,1996-08-14
74,Beverly Cross,1961-08-10
75,Jonathan Stokes,1991-04-29
76,Воронов Елизар Ефимьевич,1994-04-12
77,Творимир Эдуардович Субботин,1965-02-14
78,Горшкова Синклитикия Аркадьевна,1997-07-07
79,Андрей Егорович Поляков,1972-06-20
80,Brandon Rodriguez,1973-06-22
81,Jennifer Saunders,1963-10-16
82,Юлий Денисович Мясников,1998-05-02
83,James Torres,1982-03-21
84,Агафья Тимофеевна Дементьева,1977-02-28
85,Галактион Чеславович Беляев,1961-12-28
86,Элеонора Даниловна Емельянова,1977-01-05
87,Евстигней Бориславович Борисов,1979-05-03
88,Miss Tiffany Stanley DDS,1989-08-16
89,Олимпиада Рудольфовна Петрова,1984-04-16
90,Steven Young,2002-01-15
91,Евгения Робертовна Тихонова,1987-04-22
92,Susan Ward,1975-01-30
93,Angela Coffey,2000-09-14
94,Горбунов Борис Теймуразович,1993-10-16
95,Travis Wilson,1993-12-19
96,Евдокия Аскольдовна Орлова,1992-07-22
97,William Gibson,1979-06-21
98,Mike Horn,1995-02-08
99,Mark Herman,1992-12-27
100,Toni Brooks,1996-03-20
101,Ольга Ниловна Харитонова,1977-05-29
102,Richard Gomez,2001-10-29
103,Ryan Frazier,1998-07-05
104,Pamela Ward,1983-12-27
105,Фролова Антонина Геннадиевна,1985-09-07
106,Damon Garrett DDS,1994-06-30
107,Jennifer Banks,1967-04-17
108,Rebecca Medina,1980-12-17
109,Dana Castro,2001-06-23
110,Некрасов Валентин Харлампьевич,2000-09-18
111,Клавдия Владиславовна Мельникова,1995-11-13
112,Matthew Vang,1972-04-22
113,Фомичев Денис Демидович,1971-03-18
114,Erin Montgomery,1973-04-08
115,Наина Архиповна Белякова,1977-09-13
116,Мартын Антипович Рогов,1972-04-20
117,Королева Анжела Михайловна,1989-07-27
118,Фаина Феликсовна Сазонова,1989-04-17
119,Christina Stone,1987-04-10
120,Захаров Иннокентий Игнатьевич,1973-10-07
121,Krista Boone,1974-05-26
122,Kenneth Farley,1998-01-07
123,Соколов Конон Георгиевич,1980-10-03
124,Данилова Марфа Альбертовна,1960-05-25
125,Евдокия Филипповна Жданова,2003-04-30
126,Гедеон Вилорович Медведев,1988-08-09
127,Erica Oneill,1969-10-09
128,Бобылева Анжела Дмитриевна,1985-12-30
129,Patrick Young,1972-05-26
130,Margaret Roberts,1984-09-25
131,Анастасия Викторовна Филатова,1962-11-15
132,Хохлов Евстафий Алексеевич,1971-07-29
133,Nancy Leach,1972-05-21
134,Евфросиния Семеновна Тетерина,1982-03-14
135,Мирослав Августович Зуев,1988-04-10
136,Федорова Надежда Юльевна,1999-01-30
137,Toni Wright,1962-03-23
138,Сазонова Екатерина Егоровна,1989-05-12
139,Пелагея Ефимовна Семенова,1990-09-13
140,Ryan Martinez,1979-10-02
141,Leah Bradford,1961-11-18
142,Jennifer Gonzalez,1970-03-23
143,Сидоров Пров Артемьевич,1992-01-20
144,Stephanie Murray,2003-10-01
145,Поляков Гаврила Бенедиктович,1990-06-06
146,Curtis Serrano,1998-02-06
147,Воронова Анжела Федоровна,1992-03-21
148,Боброва Василиса Игоревна,1970-07-12
149,Таисия Дмитриевна Аксенова,1963-06-23
150,Rebecca Davis,1965-01-28
151,Gabriel Scott,1970-08-18
152,Влас Александрович Захаров,1985-08-01
153,Савва Давыдович Шаров,1996-11-26
154,Reginald Goodwin,1963-03-15
155,Jennifer Perez,1999-04-15
156,Марина Петровна Брагина,1961-02-08
157,Смирнов Валерьян Чеславович,1995-05-10
158,Копылова Элеонора Павловна,2003-09-28
159,Симонова Майя Яковлевна,1989-03-31
160,г-н Блинов Леонид Феликсович,2002-04-11
161,Natalie Carroll,1987-11-24
162,Прасковья Святославовна Матвеева,1976-07-09
163,Устин Васильевич Соболев,2001-09-24
164,Субботин Натан Васильевич,1986-07-09
165,Мария Юльевна Крюкова,1987-04-27
166,Лора Николаевна Смирнова,1974-01-16
167,Maria Howell,1995-01-10
168,Zoe Mason,1995-02-22
169,Lacey Bartlett,1975-06-07
170,Holly Jones,1976-12-28
171,Jennifer Shaw,1961-06-18
172,Steven Roberts,1966-09-24
173,Таисия Феликсовна Дроздова,1989-02-13
174,Козлов Радислав Авдеевич,1963-06-20
175,William Henry,1970-01-27
176,Trevor Harrison,1985-10-07
177,Sheryl Smith,1992-12-03
178,Октябрина Павловна Молчанова,1992-11-18
179,Пров Егорович Коновалов,1999-05-29
180,Michael Romero,1962-04-22
181,Jeffrey Hardy,1989-07-27
182,James Mendez,1979-10-13
183,Горбачев Парамон Юлианович,1968-09-30
184,Deborah Mckinney,1973-02-22
185,Matthew Jensen,1974-09-29
186,Богдан Матвеевич Мельников,1994-06-08
187,Rachel Rojas,1970-05-10
188,Овчинников Мартьян Игнатьевич,1993-07-24
189,James Wright,1991-02-02
190,Герасимова Анжелика Леонидовна,1992-11-14
191,Laura Rodriguez,1978-05-22
192,Борис Иосифович Никонов,1975-10-15
193,Stephanie Armstrong,1963-06-06
194,Andrew Mitchell,1989-04-22
195,Никандр Харлампьевич Орехов,1970-05-02
196,Юлиан Антонович Субботин,1978-10-15
197,Денис Аверьянович Юдин,1997-02-18
198,Christine Stewart,1965-08-14
199,Kristie Wood,1970-12-27
200,Stephen Boyd,1978-04-14
201,Allison Scott,1989-11-14
202,Остап Еремеевич Гусев,1971-09-04
203,Rebecca Blake,1975-04-28
204,Щукин Севастьян Ерофеевич,1963-08-28
205,Новикова Наина Макаровна,1982-08-27
206,Linda Hall,1985-11-02
207,Казакова Агата Робертовна,1999-07-16
208,Ralph Craig,2000-05-13
209,Соломон Анисимович Одинцов,1980-05-14
210,Богданова Варвара Викторовна,1965-06-02
211,Эдуард Федосеевич Самойлов,1994-05-04
212,Robert James,2001-09-21
213,Тимур Викторович Ковалев,1964-07-12
214,Смирнов Прохор Федосеевич,1961-07-12
215,Karen Cruz,1961-01-27
216,Denise Powell,1963-04-11
217,Самсонова Таисия Болеславовна,1998-11-19
218,Bryan Allison,1977-05-29
219,Elizabeth Scott,1975-11-23
220,Владлен Ефимович Третьяков,1991-04-06
221,Eugene Evans,1991-12-09
222,Акулина Борисовна Носкова,1975-02-09
223,Marie Brennan,2000-04-18
224,Белякова Екатерина Борисовна,1987-04-22
225,Joshua Ray,1992-05-24
226,Спартак Трифонович Смирнов,1993-02-19
227,Stefanie Ramirez,2002-08-11
228,Брагин Панкрат Юлианович,1978-05-05
229,Marissa Pierce,1993-03-23
230,Lisa Smith,1972-12-22
231,Samantha Wright,1991-05-28
232,Куликов Виктор Устинович,1968-03-24
233,Cassie Goodwin,1986-06-12
234,William Ashley,2002-01-05
235,Melissa Miller,1966-10-30
236,Marissa Martin,1986-08-16
237,Heather Wiggins,1990-03-25
238,Amber Vaughn,1977-01-06
239,Михей Егорович Пономарев,1967-12-05
240,Heather Gaines,1986-05-19
241,Агафья Юрьевна Гуляева,1994-09-03
242,Петр Абрамович Самсонов,1973-05-03
243,Нестор Августович Большаков,1962-03-02
244,Jesse Harris,2000-04-01
245,Haley Reyes,1982-10-18
246,Charles Peters,1979-02-20
247,Родион Евсеевич Шилов,1977-03-24
248,Беляков Мефодий Авдеевич,1968-01-02
249,Marie Williams,1961-11-18
250,Sharon Williams,1992-12-14
251,Billy Davis,1992-10-15
252,Вишнякова Елена Тарасовна,1983-04-15
253,Ростислав Владиленович Сергеев,1999-06-16
254,Kyle Baldwin,1964-06-17
255,Мишина Кира Кирилловна,1967-06-06
256,Буров Галактион Ефремович,1972-04-13
257,Фролов Дементий Валерьянович,1970-01-12
258,Alexandra Meyers,1972-12-09
259,Susan Haynes,1971-08-21
260,Colin Conrad,1993-10-18
261,Фомина Марфа Вениаминовна,1970-05-23
262,Jeremy Harper,1966-04-29
263,Иннокентий Елисеевич Лобанов,1984-10-07
264,Sarah Walker DDS,1993-11-10
265,Маргарита Робертовна Ефремова,1986-11-04
266,Erin Martinez,2003-01-21
267,Michael Mendoza,1984-02-17
268,Heather Weber,1960-04-19
269,Синклитикия Васильевна Трофимова,1996-11-21
270,Гаврилов Ювеналий Герасимович,1969-02-10
271,Попова Майя Харитоновна,2002-07-09
272,Michael Padilla,1992-11-02
273,Жанна Феликсовна Селезнева,1965-08-29
274,Paul Johnson,1973-03-25
275,Sarah Taylor,1992-02-17
276,Sarah Perry,1997-11-22
277,Пимен Давыдович Попов,1999-11-15
278,Клавдия Станиславовна Чернова,1971-10-19
279,Капустин Гурий Филатович,1966-02-19
280,Megan Parsons,1992-10-26
281,Lisa Mcclure,2003-06-10
282,Евпраксия Валериевна Субботина,1963-07-19
283,Haley Orr,1969-12-23
284,Kelsey Saunders,1974-09-03
285,Карп Тарасович Савельев,1975-01-16
286,Дементьева Надежда Леоновна,1988-04-15
287,Daniel Harrison II,1990-02-23
288,Stephen Price,1991-09-15
289,Mr. Christopher Shea,2000-01-09
290,Jodi Hernandez,1979-06-10
291,Евгения Кузьминична Фомичева,1991-08-18
292,Felicia Sullivan,1974-03-30
293,Гостомысл Харитонович Блинов,1985-01-14
294,Christopher Allen,1999-05-14
295,Frank Vaughan,2002-07-30
296,Nathan Mcdonald,1960-05-10
297,Лапин Филипп Ануфриевич,1986-04-20
298,Гурий Филимонович Евдокимов,2002-04-22
299,Игнатов Дементий Иларионович,1968-10-10
300,Ермаков Сократ Елизарович,1966-10-17
301,Ирина Ивановна Виноградова,1968-05-23
302,David James,1972-09-04
303,Наталья Натановна Лапина,1988-06-22
304,Anita Holmes,2002-08-26
305,Johnny Quinn,1992-06-11
306,Timothy Warner,1960-02-22
307,Михайлова Варвара Тимофеевна,1982-01-04
308,Bryce Marshall,1969-05-09
309,Angela Quinn,1961-09-27
310,Марк Ильясович Кудрявцев,1971-10-20
311,Billy Guerrero,1988-04-21
312,John Meadows,1988-08-09
313,Марина Натановна Воробьева,1983-10-18
314,Ryan Dunlap,1968-01-29
315,Roy Moore,1997-09-16
316,Татьяна Леоновна Трофимова,1973-02-07
317,Jeffery Johnson,1981-12-27
318,Sean Santos,1977-08-04
319,Phyllis Liu,1984-05-17
320,Олимпий Гордеевич Данилов,1964-04-30
321,Власова Полина Георгиевна,2003-03-12
322,Mrs. Nicole Bird,1993-11-12
323,Mary White,1978-10-27
324,Carrie Gonzalez,1974-08-06
325,Капустина Анжела Леонидовна,1979-01-21
326,Орлов Самсон Ефимьевич,1980-11-05
327,Marcus Dawson,1989-08-19
328,Лихачев Януарий Борисович,1991-04-07
329,Андрон Гертрудович Большаков,1965-09-29
330,Charles Vasquez,1981-09-12
331,William Miller,1998-10-03
332,Алина Артемовна Ларионова,1978-06-25
333,Craig Smith II,1961-04-19
334,Климент Артёмович Колобов,1982-10-06
335,Николаева Полина Романовна,1998-03-04
336,Jody Mccall,1962-09-23
337,Cindy Best,1974-07-01
338,Кондратьев Артемий Антипович,1974-03-31
339,Зинаида Архиповна Зимина,1996-04-16
340,Маркова Маргарита Антоновна,1977-11-18
341,Дарья Геннадьевна Жданова,1962-06-14
342,Калинин Алексей Теймуразович,1992-08-30
343,Лавр Зиновьевич Морозов,1988-07-16
344,Joshua Dean,1973-11-02
345,Глафира Леонидовна Турова,1969-12-04
346,Jessica Peters,1967-06-21
347,Wesley Clay,1994-12-20
348,Jodi Hoffman,2002-07-09
349,Mrs. Karen Haynes MD,1987-05-25
350,Фаина Сергеевна Зыкова,1987-02-19
351,Aaron Russell,2002-08-17
352,Michelle Franklin,1995-12-29
353,Смирнова Таисия Константиновна,1995-01-03
354,Jennifer Wolfe,2000-12-01
355,Платон Ануфриевич Блохин,1994-05-12
356,Nicole Romero,1989-05-18
357,Мартынов Аникита Тимурович,1969-06-10
358,Дьячков Мир Евстигнеевич,1968-11-25
359,Tammy Coleman,1997-08-06
360,Andrew Pollard,1998-07-25
361,Vickie Gonzalez,1973-01-06
362,Kayla Phillips,2000-11-06
363,Агафья Харитоновна Носкова,1978-07-18
364,Панова Светлана Степановна,1992-11-22
365,Ширяев Всеслав Федосьевич,1960-08-11
366,Надежда Петровна Муравьева,1960-11-24
367,Jason Vega,1983-08-15
368,Лихачева Майя Артемовна,1977-11-06
369,Valerie Evans,1961-11-23
370,Сорокин Олег Всеволодович,1973-07-10
371,Касьян Андреевич Лобанов,1988-04-30
372,Louis Anderson,1971-02-03
373,Сафонов Данила Авдеевич,1993-08-21
374,Стрелкова Ульяна Петровна,1995-03-03
375,Стрелкова Агафья Наумовна,1977-12-22
376,Елисеева Ксения Владиславовна,1993-03-20
377,Elizabeth Clark,1998-08-31
378,Кулагин Самсон Еремеевич,1963-04-25
379,Brittany Johnson,1991-07-22
380,Andrea Castillo,1978-08-19
381,Гостомысл Ануфриевич Макаров,1993-04-24
382,Dorothy Maynard,1987-02-18
383,Karen Herman,1964-04-14
384,Janet Lopez,1995-07-22
385,Никодим Герасимович Дмитриев,1997-04-18
386,Rachael Hodges,1974-01-01
387,James Beck,1979-01-26
388,Tamara Davis,1961-01-18
389,Соболева Татьяна Архиповна,1980-08-01
390,Капитон Борисович Быков,1971-11-08
391,Jared Daniel,1985-11-05
392,Анжелика Николаевна Галкина,1973-01-23
393,Архипова Евпраксия Федоровна,1969-12-20
394,Evan Parker,1985-03-01
395,Евграф Тарасович Филиппов,1972-10-03
396,Timothy Sheppard,1983-12-02
397,Michelle Fleming,1977-02-25
398,Лыткина Антонина Вадимовна,1982-04-18
399,Julie Moore,2002-09-05
400,Ипатий Игнатьевич Алексеев,1984-07-08
401,Lauren Meyer,1980-04-14
402,Анатолий Ерофеевич Устинов,2003-09-29
403,Екатерина Тарасовна Быкова,1994-08-05
404,Титов Арсений Денисович,1976-08-03
405,Наталья Тимуровна Коновалова,1964-11-20
406,Faith Stark,1974-11-29
407,Костин Леон Ермилович,1988-04-03
408,Cassidy Ware,1964-04-11
409,Ryan Mahoney,1969-04-25
410,Morgan Mitchell,1981-12-21
411,Morgan Bruce,1963-10-06
412,Екатерина Ефимовна Белоусова,1987-08-27
413,Carol Thompson,1983-06-24
414,April Page,1985-06-01
415,Mark Nelson,1962-08-23
416,Eric Jones,1971-04-22
417,Ладислав Феофанович Маслов,1993-03-20
418,Алина Егоровна Гурьева,1966-10-03
419,Карл Феликсович Овчинников,1990-11-27
420,Maxwell Weaver,1978-03-27
421,Richard Gonzalez,1972-01-11
422,Jonathan Cross,1993-11-13
423,Monica Le,1981-12-03
424,Edward Norton DVM,1974-01-15
425,Yolanda Hunter,1970-07-29
426,Савина Вероника Болеславовна,1991-10-19
427,Богданов Викентий Тимурович,1984-11-19
428,Timothy Johnson,1992-11-18
429,Симонова Лора Даниловна,1964-09-17
430,Трофимов Тит Ерофеевич,1963-06-23
431,Панов Ефрем Ярославович,1993-12-13
432,Вышеслав Тимурович Игнатьев,1983-04-28
433,Tyler Winters,1967-06-15
434,Евдокия Валериевна Соловьева,1999-01-05
435,Henry Guerrero,1961-10-01
436,Barbara Harper,1982-03-19
437,Варвара Феликсовна Стрелкова,1996-01-10
438,Brittany Santiago,1966-04-10
439,Nicole Williams,1984-07-16
440,Белов Панкратий Валерьянович,1960-05-31
441,Влас Ильясович Воронцов,1979-07-14
442,George Collins,1992-04-17
443,Jeffrey Brown,1990-05-09
444,Дьячков Елизар Игнатьевич,1974-06-17
445,Dylan Smith,1976-09-01
446,Jennifer Cain,1967-06-11
447,Герасимов Капитон Александрович,1983-06-21
448,Madison Perez,1996-01-05
449,Lisa Montoya,1992-01-18
450,Потапова Оксана Евгеньевна,1987-02-12
451,Копылов Андрей Елизарович,1980-10-05
452,Коновалова Эмилия Мироновна,1974-10-23
453,James Brown,1992-04-20
454,Keith Jenkins,2001-08-14
455,Тихонов Самуил Вячеславович,1983-07-10
456,Ethan Bonilla,1981-04-03
457,г-жа Воробьева Марфа Афанасьевна,1978-09-03
458,Ипполит Борисович Карпов,1981-02-07
459,Мельникова Наина Семеновна,2003-10-28
460,Капустина Регина Артемовна,1991-06-19
461,Мирослав Ефимович Белозеров,1991-02-18
462,Аполлинарий Исидорович Бобров,1980-07-27
463,Устинова Василиса Михайловна,1962-09-28
464,Tiffany James,1986-08-31
465,Пономарева Ия Эльдаровна,1975-09-20
466,Tracey Perez MD,1999-08-16
467,тов. Соколов Леонтий Демьянович,1988-03-16
468,Алла Геннадьевна Тимофеева,1968-08-22
469,Савельев Еремей Феоктистович,1996-10-25
470,Kathryn Gutierrez,1979-02-12
471,Amanda Carpenter,1973-09-18
472,Силина Василиса Ивановна,1994-05-28
473,Милица Мироновна Дьячкова,1971-06-05
474,Carla Cole,1988-10-11
475,Jordan Jacobs,1963-06-23
476,Amanda Landry,1964-08-14
477,Terry Walls,1972-07-23
478,Кудрявцева Фаина Афанасьевна,1985-04-14
479,Глафира Феликсовна Тарасова,1995-09-30
480,Julie Arellano,1988-12-03
481,Anthony Peterson,1974-10-23
482,Matthew Johnson,1998-04-13
483,Tamara Collins,1972-06-08
484,Jennifer West,1993-01-26
485,Jordan Lozano,1989-12-26
486,Benjamin Mcmahon,1969-05-22
487,Большакова Евфросиния Львовна,1995-02-20
488,Селиверстова Вера Оскаровна,1969-09-16
489,Андреев Моисей Антонович,1996-01-14
490,Steven Franklin,1966-06-06
491,Панкрат Всеволодович Блохин,1999-03-26
492,Христофор Яковлевич Гришин,1963-06-28
493,Pam Burke DVM,1962-05-05
494,Регина Захаровна Тихонова,1996-03-17
495,Эмилия Игоревна Щербакова,1989-10-27
496,Самсон Адрианович Самсонов,1973-07-28
497,Mitchell Turner,1965-04-05
498,Федор Бориславович Прохоров,1977-08-21
499,Валентин Исидорович Соколов,1977-04-17
500,Joseph Oneal,1975-12-04
501,Гедеон Адрианович Лыткин,1983-06-01
502,Абрамова Наина Натановна,1963-07-05
503,Danielle Griffin,1997-10-11
504,Моисеев Варлаам Федосеевич,1967-06-14
505,Scott Kerr,1997-05-23
506,Дарья Юрьевна Брагина,1966-05-30
507,Heather Long,1985-02-21
508,Кулакова Тамара Константиновна,1991-03-07
509,Alec Rodriguez,1990-09-29
510,Адам Давыдович Григорьев,2000-05-11
511,Якуб Игоревич Савельев,1975-08-14
512,Светлана Борисовна Захарова,1998-11-07
513,Молчанова Людмила Львовна,1980-11-27
514,Kelly Garcia,1975-07-09
515,Joseph Kelly,1969-08-03
516,Joshua Flores,1999-04-23
517,Christie Wilson,2002-02-20
518,Майя Васильевна Мельникова,1976-10-13
519,Порфирий Захарьевич Бобров,1993-07-15
520,John Sullivan,1968-10-13
521,Быкова Милица Федоровна,1983-08-06
522,Шестакова Варвара Анатольевна,1986-04-18
523,Алла Эдуардовна Зиновьева,1964-03-21
524,Peter Robertson,2001-01-29
525,Фомичева Акулина Григорьевна,2001-05-03
526,Блинов Анатолий Ааронович,1972-03-31
527,Рогова Полина Степановна,1972-05-01
528,Christopher Simpson,1977-11-12
529,Пелагея Филипповна Калашникова,1991-03-14
530,Kristen Adams,1972-04-19
531,Lauren Mcpherson,2003-07-25
532,Heather Martinez,1961-05-13
533,Elizabeth Williams,2001-08-10
534,Муравьева Антонина Степановна,1987-04-03
535,Levi Bowman,1981-12-29
536,Ратмир Архипович Доронин,1993-08-21
537,Kimberly Campbell,1993-09-01
538,Edward Gordon,1964-08-29
539,Селезнева Ульяна Семеновна,1961-04-17
540,Sarah Russo,1991-12-30
541,Соколова Лукия Игоревна,1993-01-08
542,Владилен Даниилович Бобров,1998-03-03
543,Горшкова Фаина Егоровна,1978-10-27
544,James Terrell,1965-05-10
545,Глафира Руслановна Одинцова,1988-08-05
546,Katherine Butler,1974-02-04
547,Ольга Филипповна Терентьева,1984-05-28
548,Андрон Измаилович Николаев,1998-03-30
549,Герасим Еремеевич Дмитриев,1987-07-17
550,Mark Zhang,1974-12-03
551,Victoria Mcdonald,1998-01-18
552,Gerald Thompson,2000-04-08
553,Steven King,2000-08-17
554,Kevin Kidd,1992-05-23
555,David Miller,1983-02-28
556,Жукова Антонина Львовна,1989-10-22
557,Носков Ратмир Гордеевич,1997-07-30
558,Daniel Alexander,1962-10-04
559,Аггей Вилорович Носков,1997-01-03
560,Jennifer Fitzgerald,1966-08-13
561,Andrea Jarvis,1963-10-07
562,Федоров Бажен Ефимович,1961-12-30
563,Полина Валентиновна Зуева,1968-11-29
564,Anthony Carter,1978-05-11
565,Кононов Парамон Феодосьевич,1993-07-02
566,Lori Smith,2002-03-19
567,Наумов Эдуард Ануфриевич,1972-04-12
568,Elizabeth Herrera,1965-04-12
569,Беляева Лора Юрьевна,1985-06-26
570,Jerry Daniels,1963-11-11
571,Michael Robbins,1980-10-07
572,Авдеева Анжелика Сергеевна,2001-03-06
573,Емельянова Зинаида Кирилловна,1992-09-21
574,Пестова Евдокия Ниловна,1974-03-29
575,Patrick Brown,2003-04-28
576,Мир Гордеевич Копылов,1967-08-06
577,John Vazquez,1969-10-03
578,Shirley Waters MD,1980-08-25
579,Ширяев Устин Теймуразович,1992-06-27
580,Daniel Russell,1973-10-21
581,Juan Schwartz,1988-10-23
582,Brendan Turner,1998-10-13
583,Аггей Витальевич Лаврентьев,1993-11-26
584,Scott Willis,1973-12-05
585,Романов Эммануил Ермилович,1991-08-31
586,Орехов Анисим Зиновьевич,1972-07-06
587,Васильев Силантий Андреевич,1974-02-25
588,Ефим Артурович Степанов,1997-06-20
589,Жуков Денис Ильич,1999-08-20
590,Трофимова Людмила Наумовна,2003-12-05
591,Громова Ульяна Петровна,1991-04-16
592,Богданов Автоном Денисович,1964-02-23
593,Ксения Ильинична Игнатьева,1985-12-16
594,Никифор Аверьянович Дроздов,1994-08-24
595,Oscar Morris,1980-03-03
596,Alexa Cross,1990-10-26
597,Michael Hopkins,1961-08-24
598,Erika Vargas,1986-04-02
599,Герасимова Маргарита Петровна,1984-02-17
600,Michael Bryant,1991-07-01
601,Трофимов Григорий Харлампьевич,1988-12-23
602,Shannon Walker,1995-09-20
603,Шарапов Пров Игнатович,1975-05-08
604,Cody Coleman,1982-08-06
605,Shannon Richardson,1993-05-02
606,Catherine Willis,1964-01-26
607,Kaitlin Oliver,1969-06-14
608,Лавр Терентьевич Киселев,1980-12-23
609,Фёкла Ниловна Самойлова,2001-05-09
610,Силина Марфа Артемовна,1989-07-13
611,Linda Malone,1981-04-25
612,Майя Архиповна Кошелева,1986-04-28
613,Агата Петровна Афанасьева,1985-04-15
614,Мария Львовна Александрова,1986-05-24
615,Michael Bush,1974-06-17
616,Desiree Alexander,1988-03-27
617,Беляков Сидор Якубович,2000-06-01
618,Сократ Феофанович Денисов,1978-11-26
619,Дорофеев Модест Дмитриевич,1975-02-07
620,Linda Taylor,1964-06-29
621,Ершов Зосима Жанович,1976-01-22
622,Веселов Якуб Тихонович,1980-12-09
623,Sherry Johnson,1993-09-25
624,Спартак Арсенович Соколов,1996-04-19
625,Rachel Moore,1986-08-17
626,Diana Smith,1979-07-06
627,Theresa Smith,1981-03-30
628,Anthony White,1971-05-01
629,Margaret Romero,1986-12-15
630,Галкина Майя Ильинична,1990-06-09
631,Голубева Фёкла Богдановна,1961-10-19
632,Tanya Torres,1999-05-11
633,Чернов Соломон Егорович,2001-12-06
634,Clinton Lee,1982-09-28
635,Колесников Пимен Абрамович,1979-02-07
636,Elizabeth Browning,2002-10-17
637,Michelle Nelson,1986-08-08
638,Филатов Юлиан Трофимович,1982-12-22
639,Натан Валентинович Блинов,1973-06-25
640,Dale Hubbard,2003-04-19
641,Erin Lynch,1983-07-05
642,Агата Натановна Беляева,2003-08-15
643,Susan Green,1966-04-05
644,Агафья Рудольфовна Маркова,1974-12-11
645,Madeline Mathis,1962-05-31
646,Christine Burgess,1973-11-15
647,Leslie Walker,1966-05-06
648,Sarah Spencer,1980-07-29
649,Елена Кузьминична Пономарева,1980-08-29
650,Романов Михей Терентьевич,1966-08-13
651,Тимур Измаилович Беспалов,1967-09-20
652,Князев Авксентий Феоктистович,1963-08-09
653,Алина Анатольевна Антонова,1998-06-23
654,Регина Леонидовна Григорьева,1964-01-17
655,Larry Taylor,1966-11-30
656,William Thompson,1997-12-07
657,Tony Cole,1960-03-22
658,Павлова Милица Константиновна,1975-06-18
659,Анжела Макаровна Дорофеева,1984-08-30
660,Jerry Johnson,1991-05-06
661,Комаров Спартак Григорьевич,1981-03-09
662,Melody Roberts,1997-04-16
663,Фомичева Вера Павловна,1970-11-21
664,Brett Simon,1964-04-18
665,Фока Ааронович Пестов,1974-04-12
666,Julie Floyd,1965-12-27
667,Голубева Майя Даниловна,1974-09-03
668,Brian Snyder,1996-10-09
669,Sonya Graham,1999-02-23
670,Яков Эдгардович Лыткин,1977-08-31
671,John Juarez,1975-07-24
672,Антонина Тарасовна Гусева,1993-03-19
673,Lee Baxter,1961-03-16
674,Семенов Владлен Арсеньевич,1987-04-19
675,Жанна Архиповна Цветкова,1970-07-19
676,Вениамин Геннадиевич Самойлов,1975-03-31
677,Diane Williams,1960-01-27
678,Michael Ortiz,1993-09-19
679,Фомин Софрон Димитриевич,1963-06-19
680,Sarah Kane,1966-03-12
681,Туров Трофим Ярославович,1961-12-25
682,Филиппова Алевтина Рубеновна,1979-07-13
683,Валерьян Венедиктович Никифоров,1977-03-24
684,Brent King,1979-02-04
685,Андрей Феодосьевич Прохоров,1973-12-14
686,Евфросиния Николаевна Филатова,1996-11-02
687,Коновалова Элеонора Николаевна,1971-09-16
688,Bradley Santos,1978-12-01
689,Цветков Орест Абрамович,1977-11-11
690,Barbara Cox,1997-06-03
691,Семенова Регина Павловна,1996-03-01
692,Януарий Анатольевич Филатов,1990-10-10
693,Kevin Collins,1989-06-02
694,Trevor Martinez,1996-01-17
695,David Frey,1967-03-20
696,Орлов Валентин Игнатович,1985-10-11
697,Susan White,1990-10-14
698,Юдин Вышеслав Григорьевич,1981-10-21
699,Caitlin Thomas,1990-01-23
700,Павлов Евстафий Вячеславович,1994-08-07
701,Владилен Фомич Константинов,1979-01-23
702,Артемьев Платон Феоктистович,1988-06-11
703,г-н Горбунов Константин Валерьянович,1996-03-15
704,Megan Mueller,1980-03-13
705,Patricia Mata,1995-01-12
706,Пахомова Евдокия Богдановна,1975-01-11
707,Richard Castro,2003-08-04
708,Блохин Архип Фокич,1995-03-27
709,Жанна Кузьминична Бирюкова,1979-01-08
710,Justin Cooper,1977-03-14
711,Mary Dillon,1963-08-03
712,Галкина Эмилия Матвеевна,1975-02-14
713,Jordan Fleming,1991-09-27
714,Kyle Anderson,1968-11-11
715,Brittany Winters,1987-07-26
716,Matthew Marshall,1980-05-29
717,Борис Захарьевич Воронов,1980-11-05
718,Валентина Антоновна Дьячкова,1965-06-14
719,Brenda Bates MD,1980-08-23
720,Евсеева Нонна Яковлевна,1999-11-20
721,Ashley Martinez,1976-07-25
722,Брагин Ипполит Витальевич,1975-02-19
723,Charles Martin,1994-05-25
724,Candace Watts,1984-05-06
725,Игнатьев Ким Егорович,1973-02-25
726,Роман Бориславович Игнатов,1960-10-14
727,Молчанов Исидор Зиновьевич,1973-05-09
728,Ms. Suzanne Hamilton MD,1986-09-22
729,Лукина Александра Тарасовна,1992-10-30
730,Спиридон Иосипович Борисов,1993-02-18
731,Горшков Поликарп Игнатьевич,1967-11-11
732,Ипполит Викторович Зайцев,1964-03-29
733,Носкова Ираида Макаровна,1966-06-27
734,Keith Brock,1979-05-04
735,Eric Rich,1975-06-29
736,Joshua James,1990-11-27
737,Beth Smith,2001-03-19
738,Mr. Steven Figueroa Jr.,1997-06-14
739,Jessica Hurley,1996-10-20
740,James Powers,1980-07-24
741,Васильева Ангелина Мироновна,1974-08-25
742,Одинцова Иванна Кузьминична,1966-08-01
743,Natalie Martin,1992-06-19
744,Kiara Price,1999-07-26
745,Галкин Радислав Денисович,1982-12-29
746,Lisa Velazquez,1963-07-14
747,Артемьева Анжела Юльевна,1988-07-24
748,Lisa Glover,1978-12-14
749,Шаров Рюрик Викторович,1968-04-01
750,Jacqueline Guzman,1971-07-10
751,Timothy Woodard,1993-04-25
752,Jerry Golden,1997-07-16
753,Lisa Delgado,2003-04-18
754,Каллистрат Ефимович Смирнов,1968-08-05
755,Thomas Parrish,1973-08-07
756,Anna Greene,1984-03-08
757,Cory Peterson,1970-12-07
758,Joe Carter,1962-03-11
759,Ерофей Валерьевич Сазонов,1981-03-19
760,Герасимова София Павловна,2001-12-17
761,Комиссарова Регина Харитоновна,1993-07-02
762,Gina Flores,1968-04-30
763,Евдокимов Ираклий Аверьянович,1990-02-12
764,Оксана Наумовна Кулагина,1977-11-18
765,Nicole Bentley,1990-06-03
766,Парамон Федосеевич Захаров,1960-03-23
767,Ипат Артёмович Кондратьев,1960-11-02
768,Dr. Christopher Ward,1989-06-24
769,Лобанова Октябрина Николаевна,1971-12-24
770,Стрелкова Надежда Олеговна,1995-06-13
771,William Anderson,1974-04-09
772,Дроздова Евгения Геннадиевна,1970-01-31
773,Голубева Акулина Станиславовна,1974-07-24
774,Королев Евстафий Алексеевич,1987-06-04
775,Ангелина Никифоровна Макарова,1991-12-09
776,Mark Wright,1980-08-30
777,Karen Larsen,1988-06-22
778,Michael Osborne,1984-04-15
779,Лукина Милица Тимофеевна,2001-09-17
780,Nathan Holmes,1975-05-20
781,Кузьмина Виктория Макаровна,1975-07-15
782,Mary Hill,1966-10-22
783,Афанасьева Марфа Дмитриевна,1993-04-23
784,Вениамин Валерьянович Панов,1983-11-16
785,Andrew Hayes,1990-03-10
786,Беляева Лукия Владиславовна,1978-01-27
787,Субботина Зоя Святославовна,1998-03-25
788,Ryan Nichols,1963-07-11
789,Christopher Wolf MD,1985-03-06
790,Brandon Bright,1963-09-23
791,Ян Жоресович Галкин,1983-10-03
792,Наталья Яковлевна Мамонтова,1973-02-02
793,Katie Harper,1980-04-02
794,Brandi Rodriguez,1961-04-29
795,Назаров Григорий Адрианович,1986-03-28
796,Надежда Павловна Блинова,1975-10-10
797,Louis Rogers,1978-08-19
798,Amy Pearson,1961-01-18
799,Stephanie Snyder,1972-09-25
800,Robert Huang,1982-01-05
801,Sean Shaffer,1976-10-31
802,Tony Floyd,1965-11-27
803,Кулакова Светлана Эдуардовна,2002-07-24
804,Michael Parker,1964-05-07
805,Раиса Викторовна Сысоева,1969-06-24
806,George Perry,1985-08-08
807,Туров Светозар Давидович,1998-10-18
808,Анжелика Вадимовна Дорофеева,1994-11-16
809,Olivia Phillips,2003-11-29
810,Щукина Евфросиния Юльевна,1978-04-29
811,Кошелев Мокей Валерьевич,1969-10-07
812,Ангелина Макаровна Виноградова,1986-11-18
813,Ершова Галина Геннадьевна,1994-07-24
814,Ларионов Ян Адрианович,1964-09-26
815,Christopher Grant,1990-10-23
816,Savannah Franco,1994-03-03
817,Damon Mcmahon,1982-07-13
818,Joanna Buckley,1977-08-04
819,Борисов Остап Ярославович,1978-02-13
820,Ефремова Элеонора Альбертовна,1980-10-22
821,Карпов Поликарп Ильич,2001-06-21
822,Артемьева Виктория Тимофеевна,2001-06-11
823,Michelle Reid,1977-12-11
824,Зыков Харитон Иосифович,1983-11-23
825,Samantha Peterson,1994-03-22
826,Вера Андреевна Ларионова,1967-09-23
827,Brianna Smith,1964-05-29
828,Наталья Геннадиевна Ковалева,1989-04-18
829,Игнатов Никодим Марсович,1978-10-05
830,Крюков Мина Исидорович,1988-07-19
831,г-н Колесников Аверьян Власович,1970-01-21
832,София Эдуардовна Щербакова,1987-10-22
833,James Miller,1963-08-12
834,Timothy Holmes,1992-11-03
835,г-н Фомин Милан Трофимович,1961-01-09
836,Бирюков Любомир Ильич,1971-03-19
837,Петров Никон Герасимович,1988-01-22
838,Ия Вадимовна Быкова,1964-01-30
839,Holly Lin,1961-01-07
840,Joan Smith,1999-08-19
841,Madeline Raymond,1977-06-18
842,Samuel Hopkins,1998-09-24
843,Титов Богдан Васильевич,2000-12-17
844,Хохлов Кирилл Адрианович,1976-07-21
845,Ian Galvan,1970-09-25
846,Дорофеева Ксения Святославовна,2002-01-14
847,Derrick Whitaker,1968-12-17
848,Пономарев Варлаам Ильич,1973-02-21
849,Ксения Егоровна Емельянова,1961-05-21
850,Ширяева Алевтина Леонидовна,1980-09-07
851,Анжелика Львовна Шарова,1990-09-01
852,Timothy Butler,1970-11-07
853,Diana Skinner,2003-08-21
854,Осипова Фаина Вениаминовна,1988-10-08
855,Эмилия Кирилловна Волкова,1987-02-04
856,Michael Armstrong,1999-02-13
857,Christopher Young,1967-02-22
858,Вышеслав Игнатович Мясников,1992-05-22
859,Jeffrey Hamilton DVM,1960-04-22
860,Monique Tate,1990-08-05
861,Karen Salazar,1998-11-22
862,Brittany Cruz,1981-02-02
863,Jeffery Williams,1963-02-26
864,Victor Torres,2002-12-14
865,Фрол Исидорович Денисов,1992-02-12
866,John Lucero,1992-02-09
867,Brad Schmidt,1989-01-09
868,Denise Levy,1992-01-23
869,Лыткин Карл Гавриилович,1981-07-26
870,Kelly Banks,1962-09-06
871,Поляков Иван Артемьевич,1977-11-14
872,Danielle Goodman,1992-07-11
873,Edward Mathis,1976-04-19
874,Никифор Захарьевич Волков,2001-08-07
875,Taylor Perry,1989-02-20
876,Ларионов Орест Андреевич,1995-04-28
877,г-н Кононов Лазарь Харламович,1966-07-19
878,Mrs. Cathy Parker,1993-12-31
879,Chad Stone,1993-10-20
880,Bradley Jenkins,1992-05-21
881,Максимов Михей Изотович,1978-07-09
882,Michelle Allen,1966-05-14
883,Brett Noble,1995-09-08
884,Елизавета Захаровна Родионова,1971-11-12
885,Денисова Валерия Леонидовна,1988-10-19
886,Kevin Tate,1980-07-21
887,Natalie Mahoney,1982-01-18
888,Johnny Washington,1993-12-15
889,Смирнов Феликс Давыдович,1973-03-31
890,Mrs. Alexandra Sanford,1974-10-31
891,Karen Green,1991-05-19
892,Никанор Вилорович Федоров,1972-05-07
893,Michelle Herrera,1994-02-24
894,Светлана Антоновна Журавлева,1983-05-28
895,Давыдова Юлия Даниловна,1969-11-30
896,Brittany West,1985-04-12
897,Марк Геннадиевич Александров,1973-01-23
898,Семенова Лукия Валериевна,1992-02-10
899,Людмила Антоновна Горшкова,1988-06-07
900,Родион Гавриилович Марков,1991-12-27
901,Анастасия Олеговна Иванова,1973-03-24
902,Артемий Ааронович Журавлев,1996-02-13
903,Andrew Peterson,1966-07-28
904,Katie Herring,1998-07-16
905,Коновалов Кирилл Матвеевич,1988-07-24
906,Костина Фаина Мироновна,1998-03-03
907,Козлова Элеонора Вадимовна,1973-08-03
908,Попов Епифан Викторович,1960-07-16
909,Зоя Натановна Зуева,1992-05-07
910,Nicholas Patterson,1999-01-13
911,Misty Paul,1978-03-16
912,тов. Максимов Кузьма Игнатьевич,2000-05-15
913,Кирилл Тихонович Лебедев,1975-06-10
914,Tracy Price,1986-05-03
915,Catherine Conner,1974-02-05
916,Stephen Curtis,1976-12-14
917,Brandon Thompson,1981-10-07
918,Tiffany Thomas,1999-01-22
919,Clayton Watson,1967-11-13
920,Анна Егоровна Ефремова,1977-01-14
921,Агап Фадеевич Беспалов,2002-06-23
922,Ирина Мироновна Соловьева,1970-01-31
923,г-н Самсонов Всеволод Федосьевич,1970-01-23
924,Валентина Матвеевна Мухина,1987-04-20
925,Amy Smith,1995-05-28
926,Ратибор Германович Третьяков,1968-10-31
927,Мухин Лукьян Анатольевич,1980-08-08
928,Christina Rich,1988-08-24
929,Kevin Gray,1997-09-05
930,Raymond Johnson,1996-09-24
931,Richard Jarvis,1983-07-06
932,Angel Adkins,1993-04-03
933,Порфирий Эдгардович Александров,1989-10-17
934,Марфа Константиновна Дементьева,1988-02-05
935,Михеев Аполлинарий Тимурович,1974-10-12
936,Mrs. Debra Long MD,1972-03-05
937,Thomas Campbell,1983-12-27
938,Brett Duncan,1984-02-14
939,Frank Garrett,2003-07-13
940,Allen Castillo,1980-01-13
941,Nancy Hoover,1971-02-14
942,Прокл Ефимович Медведев,1995-10-06
943,Darrell Armstrong,1990-12-09
944,William Hensley,1998-06-19
945,г-н Абрамов Милий Юльевич,1990-12-08
946,Ryan Fischer,1967-12-17
947,г-н Кулаков Якуб Чеславович,1987-04-29
948,Анжелика Тарасовна Исакова,1972-06-12
949,Вероника Петровна Кудрявцева,1968-07-10
950,Mark Blanchard,2001-02-25
951,Аксенов Всеволод Германович,2000-07-05
952,Ювеналий Теймуразович Зуев,1973-07-31
953,Лапин Велимир Игоревич,1970-03-17
954,Маргарита Артемовна Казакова,1994-03-02
955,Jerry White,1980-10-28
956,Матвей Бориславович Гаврилов,1999-07-19
957,Alyssa Gonzalez,1974-04-21
958,Alexander Berry,1963-04-11
959,Ия Вячеславовна Смирнова,1965-03-22
960,Раиса Никифоровна Кузнецова,1981-05-09
961,Акулина Геннадьевна Петухова,1984-04-30
962,Alicia Stewart,1986-11-02
963,Сигизмунд Теймуразович Жданов,1985-07-15
964,Киселева Анастасия Вадимовна,1979-04-12
965,Maria Cannon,1965-01-01
966,Brandon Gould,1979-11-09
967,James Rosales,1968-09-26
968,Mark Rodriguez,1988-06-24
969,Paul Lane,1980-06-19
970,Paige Hines,1971-04-17
971,Joseph Riggs,1986-12-22
972,Богданов Терентий Аксёнович,1988-04-23
973,Шубина Таисия Ниловна,1982-10-03
974,Рюрик Валентинович Евдокимов,1972-09-23
975,Thomas Luna,1973-06-10
976,Гусева Лукия Ильинична,1983-11-15
977,Максимов Ратибор Дорофеевич,1972-05-07
978,Sonya Watson,1982-07-26
979,Гущин Прокофий Федосьевич,1979-09-27
980,Милица Борисовна Никитина,1993-12-09
981,Darrell Nelson,1981-11-14
982,Агата Ефимовна Зайцева,2000-01-27
983,James Bates,1981-02-07
984,София Васильевна Сысоева,1968-01-08
985,Еремей Еремеевич Галкин,1979-05-19
986,Rachel Mckenzie,1964-03-29
987,Misty Garrison,1979-11-18
988,Феофан Герасимович Логинов,1990-10-25
989,Amanda Atkins,1968-03-11
990,Федорова Лариса Кузьминична,1964-11-16
991,Charles Hanna,1969-07-25
992,Борисов Трофим Викторович,1973-09-12
993,Кулагин Агап Евстигнеевич,1983-10-17
994,Тетерин Лев Якубович,1990-09-18
995,Кир Валерианович Емельянов,1987-05-05
996,Нонна Геннадьевна Смирнова,1990-02-20
997,Якушева Наина Валентиновна,1967-01-06
998,Ольга Святославовна Козлова,1977-10-09
999,Jason Hill,1998-03-27
1000,Щербаков Федот Борисович,1989-09-20
1001,Ираида Руслановна Стрелкова,2002-11-30
1002,Vanessa Welch,1981-04-02
1003,Ricky Lloyd,1995-05-19
1004,Тимур Елисеевич Александров,1992-08-02
1005,Лукия Оскаровна Ковалева,2001-11-04
1006,Кононов Спартак Демьянович,2001-11-29
1007,Jeffery Gonzalez,1973-08-14
1008,Наталья Феликсовна Горбачева,1973-09-26
1009,Раиса Васильевна Белякова,1975-11-16
1010,Tina Ware,1974-02-22
1011,Любовь Юльевна Кулакова,1979-01-29
1012,Curtis Baldwin,1994-03-18
1013,Дроздова Маргарита Александровна,1994-03-11
1014,Jamie Hutchinson,1962-06-25
1015,Matthew Everett,1975-11-11
1016,Beth Hernandez,1966-04-11
1017,Shannon Dunn,1994-05-29
1018,Доронин Георгий Филатович,1996-09-18
1019,Darlene Mitchell,1969-05-10
1020,Timothy Foster,1971-06-25
1021,Анжела Семеновна Жукова,1976-10-02
1022,Алексеев Адам Адрианович,1979-03-06
1023,Tracy Welch,1974-08-11
1024,Nicholas Diaz,1993-02-24
1025,Симонов Аверкий Алексеевич,1969-08-23
1026,Christina Cook,1979-09-28
1027,Jennifer Henry,1964-10-16
1028,Ерофей Яковлевич Наумов,1967-03-13
1029,Клавдия Вениаминовна Гордеева,1981-07-08
1030,Jason Russo,1986-08-06
1031,Ирина Федоровна Медведева,2003-07-25
1032,Brenda Silva,1995-01-16
1033,Cory Richards,1990-11-07
1034,Brandon Peterson,1991-09-10
1035,Комиссаров Фадей Данилович,1972-07-25
1036,Susan Mcdaniel,1986-04-16
1037,Артемьева София Юрьевна,1964-07-19
1038,Алла Валериевна Мишина,1975-05-16
1039,Муравьева Оксана Геннадиевна,1976-07-28
1040,Стрелков Тимур Ермилович,1972-09-30
1041,Светлана Геннадиевна Иванова,1966-01-09
1042,Mrs. Shannon Johnson,1963-04-27
1043,Фёкла Георгиевна Дементьева,1994-10-10
1044,Michael Spence,1996-12-22
1045,Светлана Ивановна Рожкова,1966-09-30
1046,Jose Boyle,1985-10-01
1047,Анжелика Архиповна Крюкова,1963-12-12
1048,Белоусова Валентина Тимуровна,1974-09-15
1049,Erik Yang,1994-03-20
1050,Jason Harrison,1984-12-20
1051,Miguel Thomas,1973-01-26
1052,Kimberly Keller,1966-04-20
1053,Michelle Garcia,1963-01-19
1054,Nathaniel Padilla,1991-05-14
1055,Scott Schultz,1974-01-30
1056,Penny Shaw,1976-03-15
1057,Patricia Grimes,1979-12-31
1058,Casey Holmes,1969-08-20
1059,Дьячков Николай Эдгардович,1981-01-03
1060,Натан Игнатович Герасимов,1976-03-31
1061,Фаина Дмитриевна Ефремова,1990-05-25
1062,Kevin Price,1971-08-14
1063,Щербакова Александра Афанасьевна,1993-07-15
1064,William Dawson,1966-04-17
1065,Алла Станиславовна Пестова,1978-06-05
1066,Вишнякова Василиса Тимофеевна,1996-02-27
1067,Феликс Герасимович Смирнов,1962-02-25
1068,Joseph Stephens,1962-09-14
1069,Michael Small,1982-12-23
1070,Зайцева Зинаида Ивановна,1985-05-17
1071,Фрол Ефимьевич Самсонов,1961-06-09
1072,Ronald Joseph,1999-03-01
1073,David Davis,1995-06-11
1074,Mathew Farmer,1972-09-04
1075,Sharon Beard,1988-06-15
1076,Ростислав Анатольевич Гришин,1963-05-22
1077,Cynthia Duncan,2003-09-13
1078,James Santiago,1965-01-14
1079,Robert Caldwell,1995-10-28
1080,Mr. Jerry Flores DVM,1998-03-12
1081,Новикова Маргарита Даниловна,2001-05-19
1082,Венедикт Чеславович Моисеев,1989-03-01
1083,Jill Figueroa,1993-09-23
1084,Полина Владиславовна Авдеева,1990-09-05
1085,Дарья Петровна Гришина,1972-06-02
1086,Фёкла Наумовна Суворова,1999-11-23
1087,Renee Brock,1993-02-22
1088,Одинцова Феврония Станиславовна,1974-10-27
1089,Горбунова Дарья Наумовна,1989-01-22
1090,Maria Walls,1980-05-14
1091,Kimberly Richards,1991-01-25
1092,Stephen Gonzales,2002-07-19
1093,Емельянова Синклитикия Максимовна,1960-12-17
1094,Якушев Сергей Иосипович,1973-03-06
1095,Лыткин Доброслав Германович,1997-02-24
1096,Лукия Никифоровна Исаева,1960-05-19
1097,Григорьев Сидор Харламович,1979-02-28
1098,Лукьян Димитриевич Новиков,1998-05-18
1099,Климент Юлианович Лазарев,1990-04-04
1100,Carla Williams,1983-11-18
1101,Остап Александрович Хохлов,1989-11-05
1102,Амос Артёмович Блохин,1996-11-06
1103,Louis Davies,1975-11-28
1104,Lisa Martinez,1992-01-25
1105,Michael Henry,1966-11-05
1106,Журавлев Боян Устинович,1966-08-26
1107,Селиверстова Раиса Егоровна,1968-02-23
1108,Котова Агата Геннадьевна,1983-12-05
1109,Penny Rodriguez,1997-11-21
1110,Дорофей Феофанович Королев,1965-09-17
1111,Anna Evans,2002-10-28
1112,Ангелина Степановна Лихачева,1999-01-19
1113,Игнатьев Денис Фомич,1970-04-28
1114,Stephanie Shannon,1969-01-17
1115,Иванна Аркадьевна Ситникова,1979-01-12
1116,Jacob Barnes,1970-06-14
1117,Thomas Ellis,1969-09-29
1118,Peter Hicks,1961-03-23
1119,Медведев Антонин Гурьевич,2000-04-27
1120,Aaron Martinez,1965-07-10
1121,Garrett Jones,1976-10-28
1122,Петухова Александра Борисовна,1998-11-30
1123,Dustin Harper,1993-03-10
1124,Зыков Филимон Аксёнович,1962-03-17
1125,Дмитриев Юрий Демьянович,1977-11-27
1126,Зоя Ждановна Морозова,1994-08-01
1127,Лихачева Вероника Альбертовна,1996-07-14
1128,Селезнев Эрнест Феоктистович,2003-06-24
1129,Антип Ефимьевич Воробьев,2000-12-19
1130,Larry Allen,1983-03-03
1131,Элеонора Егоровна Фадеева,1993-12-09
1132,Логинова Александра Феликсовна,2002-03-13
1133,Сысоев Денис Филатович,1987-02-17
1134,Аполлон Валерьевич Туров,1974-03-19
1135,Надежда Кузьминична Нестерова,1969-06-08
1136,Jessica Rios,1995-11-16
1137,Melissa Moore,1981-06-10
1138,Хохлов Евгений Арсеньевич,1965-01-08
1139,Kristin Ingram,1960-09-21
1140,Иван Жанович Макаров,1996-01-15
1141,тов. Кузнецов Степан Игнатьевич,2003-02-18
1142,Kevin Smith,1975-11-29
1143,Быков Агап Артёмович,1973-11-26
1144,Brooke Wilson,1979-06-23
1145,Michael Davis,1989-03-31
1146,Панов Ермолай Евсеевич,1991-06-15
1147,Никандр Эдуардович Потапов,1988-11-13
1148,Anthony Price,1999-04-17
1149,Нонна Александровна Кошелева,2002-09-03
1150,Jodi Mccarthy,1992-09-23
1151,Michael Kennedy,1974-07-02
1152,Нина Кузьминична Полякова,1998-01-05
1153,Комарова Людмила Филипповна,1985-04-29
1154,г-жа Тимофеева Алла Дмитриевна,1983-04-07
1155,Виноградова Евгения Ждановна,1991-03-07
1156,Петров Дементий Демидович,1961-09-30
1157,Галкин Агафон Измаилович,1995-12-29
1158,Белоусова Таисия Романовна,1993-03-09
1159,Jennifer Ford,1976-09-02
1160,Daniel Hamilton,1996-12-05
1161,Мамонтов Иларион Венедиктович,1967-09-25
1162,Иларион Александрович Нестеров,1983-04-06
1163,Ashley Stevens,1993-04-13
1164,Jonathan Castillo,1989-12-29
1165,Наумов Емельян Адамович,1999-06-07
1166,Alexander Wolfe,1995-04-13
1167,Регина Петровна Шестакова,1982-04-26
1168,Алексей Анатольевич Копылов,1978-02-08
1169,Brandi Burton,2000-10-09
1170,Jennifer Contreras,1987-11-24
1171,Гурий Евсеевич Гущин,1995-02-19
1172,Агата Даниловна Сафонова,1961-04-11
1173,Julie Ortiz,1961-07-14
1174,Sarah Hensley,1966-06-22
1175,Jerry Smith,1962-01-31
1176,Lawrence Matthews,1994-03-15
1177,Tony Dixon,1983-07-23
1178,тов. Симонов Азарий Даниилович,1964-06-28
1179,г-н Крылов Феоктист Чеславович,2000-03-30
1180,Титов Андроник Юльевич,1978-11-01
1181,Cynthia Watson,1965-01-15
1182,Jay Cook,1980-10-31
1183,Paul Murphy,1998-05-28
1184,Brittney Dixon,1979-10-03
1185,Игнатова Людмила Захаровна,1987-01-22
1186,Frederick Boyd,1960-01-12
1187,Василиса Никифоровна Игнатова,1981-01-22
1188,Steven Hawkins,1971-07-10
1189,Ксения Рубеновна Гурьева,1989-06-11
1190,Vicki Maldonado,2002-12-03
1191,Krystal Hodges,1992-02-18
1192,Семенова Кира Богдановна,1982-02-08
1193,Michael Collier,1998-03-20
1194,Brandon Ramirez,1965-08-23
1195,Романов Владилен Фомич,1965-10-27
1196,Sarah Schmitt,1966-05-25
1197,Никанор Ермилович Алексеев,1963-09-08
1198,Justin Richardson,1992-03-04
1199,Феофан Марсович Третьяков,1999-10-14
1200,Daniel Lee,1971-03-16
1201,Муравьева Ангелина Геннадьевна,1968-04-12
1202,Terry Hoover,1973-07-04
1203,Быкова Евпраксия Ждановна,2003-09-09
1204,Родионова Алина Филипповна,1986-07-02
1205,Suzanne Garrett,1985-11-21
1206,David Haynes,1971-12-19
1207,Michael Gaines,1965-11-27
1208,Анжелика Феликсовна Некрасова,1976-10-23
1209,Charles Smith,1985-12-27
1210,David Taylor,1998-02-28
1211,Горшков Исай Теймуразович,2000-08-22
1212,James Delgado,1988-05-05
1213,Марфа Богдановна Белоусова,1968-11-16
1214,Felicia Long,1960-08-22
1215,Рогов Архип Демидович,1961-07-12
1216,Emily Diaz,1970-09-01
1217,Виноградова Тамара Игоревна,1974-06-20
1218,Акулина Вениаминовна Кулагина,1981-07-26
1219,Горшкова Агафья Богдановна,1975-06-05
1220,Алевтина Борисовна Зимина,1999-01-02
1221,Patricia Mueller,1985-11-21
1222,Ермаков Лонгин Гурьевич,1969-08-20
1223,Мартынова Вера Игоревна,1971-10-15
1224,Jenny Palmer,1965-04-14
1225,Shannon King,1989-05-27
1226,Dr. Justin Ortiz,2001-06-10
1227,Никандр Иосипович Родионов,2000-01-14
1228,Никифорова Алла Алексеевна,1975-04-18
1229,Randy Delacruz,1981-11-10
1230,Katherine Howard,1980-06-20
1231,Brooke Rivera DVM,1989-12-18
1232,Robert Vaughn,1994-03-28
1233,Paul Rollins,1962-10-31
1234,Lori George,1979-02-18
1235,Mike Bray,2003-04-11
1236,Tyrone Washington,1964-03-29
1237,Авксентий Еремеевич Исаков,1980-07-08
1238,David Parks,1965-05-24
1239,Leslie Martin,1973-04-06
1240,Терентьев Ладимир Валерианович,1975-08-05
1241,Калинин Нифонт Антонович,1979-07-26
1242,Michael White,2002-02-22
1243,Прохоров Тарас Васильевич,1998-11-21
1244,Todd Fox,1968-03-10
1245,Лапин Мстислав Измаилович,2002-03-22
1246,Michael Garner,1982-12-01
1247,Юлия Васильевна Суворова,1997-09-05
1248,Stephen Gill,1994-10-21
1249,Кудряшов Флорентин Гертрудович,1992-11-24
1250,Jeremy Evans,1983-07-30
1251,Timothy Lyons,1966-10-22
1252,Samuel Richmond,1983-10-19
1253,Kathryn Brown,1995-11-24
1254,Amy Burton,1984-03-13
1255,Дементьева Анжелика Ивановна,2002-06-27
1256,Kathleen Barnes,1967-06-25
1257,Мефодий Германович Чернов,1964-06-28
1258,Jeremiah Todd,1988-06-24
1259,James Johnson,1987-09-24
1260,Бобров Святополк Елизарович,2001-09-29
1261,Deborah Gregory,1966-10-27
1262,Katie Gordon,2002-11-04
1263,Courtney Brown DDS,1998-07-02
1264,Гремислав Федосьевич Андреев,1962-03-12
1265,Monica Thompson,2002-07-25
1266,Клавдия Юльевна Осипова,1977-06-26
1267,Barbara Mcguire,2003-08-08
1268,Оксана Матвеевна Мишина,1981-05-17
1269,Анжела Георгиевна Куликова,1966-02-08
1270,Kimberly Leblanc,1973-06-16
1271,г-н Сафонов Серафим Устинович,1971-04-10
1272,Lisa Zimmerman,1989-12-20
1273,Лариса Вениаминовна Елисеева,2001-05-28
1274,Kim Martinez,1986-08-23
1275,Amanda Thomas,1962-08-28
1276,Courtney Rodriguez,1966-04-17
1277,Лариса Александровна Козлова,1996-11-21
1278,Анисимова Ксения Анатольевна,2003-08-09
1279,Victor Roth,2002-08-27
1280,Samantha Mosley,1977-07-20
1281,Chris Curtis,1988-12-24
1282,г-жа Ершова Марфа Оскаровна,1986-07-12
1283,Борислав Зиновьевич Ефремов,1997-06-04
1284,Константинова Дарья Александровна,1970-02-24
1285,Michael Johnson,1972-05-22
1286,Осипов Твердислав Валерьевич,1978-01-03
1287,Радислав Елизарович Ершов,1993-03-06
1288,Tracy Warren,1990-02-27
1289,г-н Носков Сигизмунд Августович,1979-11-21
1290,Эмилия Геннадиевна Захарова,1972-05-10
1291,Michelle Byrd,1960-06-25
1292,Mallory Carter,1983-05-09
1293,Творимир Еремеевич Артемьев,1964-08-08
1294,Michael English,1986-11-04
1295,Куликова Лукия Рубеновна,1989-08-16
1296,Хохлова Эмилия Вячеславовна,1996-11-18
1297,Фокина Анжела Дмитриевна,1993-04-28
1298,Jonathan Webb,1966-11-22
1299,Митофан Григорьевич Блинов,2003-11-30
1300,Robin Cooper,1992-04-18
1301,Сила Игнатьевич Суворов,1972-03-16
1302,Kelly Parks,1961-11-02
1303,Климент Феликсович Харитонов,1999-12-22
1304,Вера Георгиевна Виноградова,1988-02-14
1305,Копылова Марина Романовна,1986-03-29
1306,Меркушев Олимпий Фёдорович,1991-11-02
1307,Andrew Bush,1995-08-21
1308,Арефий Исидорович Рогов,1973-01-21
1309,Зоя Степановна Суворова,1964-08-15
1310,Белов Лавр Денисович,1992-10-28
1311,James Walker,1986-11-14
1312,William Snyder,1970-10-28
1313,Mark Murray,1989-10-28
1314,Блохин Вышеслав Трофимович,1991-06-21
1315,Julie Smith,1978-11-30
1316,Попова Ольга Тимуровна,1964-09-19
1317,Corey Lang,1972-07-26
1318,Justin Walker,1992-11-08
1319,Носкова Глафира Тарасовна,1971-04-16
1320,Kelly Eaton,1974-10-01
1321,Маргарита Дмитриевна Моисеева,1997-07-06
1322,Селиверст Фёдорович Бирюков,1975-12-31
1323,Нонна Семеновна Белякова,1964-07-14
1324,Brooke Jackson,1981-10-12
1325,Мария Никифоровна Гусева,1982-03-15
1326,Воробьев Аполлон Арсенович,1979-06-16
1327,Brittany Miranda,1964-08-30
1328,Michael Diaz DVM,1997-01-23
1329,Tiffany Duncan,1985-02-24
1330,Becky Summers,1985-05-16
1331,Мокей Аксёнович Кириллов,1983-04-12
1332,Terry Rhodes,1989-12-11
1333,Антонина Вениаминовна Вишнякова,1986-12-27
1334,Пантелеймон Трофимович Муравьев,1997-08-07
1335,Eric Green,2002-10-18
1336,Наина Геннадьевна Карпова,1964-04-04
1337,Авдеева Алла Наумовна,1994-04-09
1338,Никодим Адамович Устинов,1986-01-08
1339,Jesse Erickson,2000-07-16
1340,Ronald Hill,1996-07-27
1341,Валентина Макаровна Давыдова,1993-05-21
1342,Милица Дмитриевна Киселева,1989-01-09
1343,Brenda Jackson,1998-03-24
1344,Юрий Ануфриевич Логинов,1998-09-24
1345,Joe Colon,2002-03-05
1346,Максимов Евлампий Яковлевич,1996-02-13
1347,Brittney Hart,1994-11-18
1348,Станимир Ильич Савельев,2000-09-25
1349,Корнилов Силантий Демидович,1985-06-06
1350,Максимильян Филиппович Якушев,1988-04-13
1351,Megan Bridges,1964-06-06
1352,Максимильян Богданович Константинов,1978-06-27
1353,Alejandro Powers,1992-09-13
1354,Блинов Семен Филимонович,1999-12-19
1355,Всеволод Ермилович Белозеров,1996-09-16
1356,John Moreno,1975-10-22
1357,Scott Johnson,1971-02-26
1358,Емельян Анисимович Юдин,1995-02-26
1359,Журавлева Анна Михайловна,1980-07-21
1360,Brandon Mccormick,1988-06-22
1361,Аггей Ермолаевич Попов,1995-08-08
1362,Олимпиада Архиповна Третьякова,1985-01-19
1363,Tracy Robertson,1984-07-19
1364,Samantha Hicks,1993-03-23
1365,Екатерина Тимуровна Блинова,1975-08-20
1366,Melody Ortiz,1967-09-19
1367,Donald Rodriguez,1998-06-05
1368,Руслан Ильич Кондратьев,1975-10-12
1369,Ian Wallace,1993-03-09
1370,Carrie Alexander,2003-04-30
1371,Арефий Александрович Гордеев,1997-03-04
1372,Радован Арсеньевич Одинцов,2001-01-02
1373,Heidi Abbott,1988-09-06
1374,Елисеева Татьяна Анатольевна,1987-11-22
1375,Никифоров Эдуард Валерианович,1968-05-08
1376,Richard Romero,1969-01-25
1377,Герасимов Пахом Владленович,1991-09-24
1378,Колесников Любим Демидович,1975-02-12
1379,Stephanie Johnson,2000-03-07
1380,Сазонов Прокофий Андреевич,1967-02-21
1381,Robert Wilson,1974-06-24
1382,Андреева Кира Николаевна,1968-07-06
1383,John Pearson,2000-10-07
1384,David Curry,1988-10-23
1385,Dan Conner,1993-12-11
1386,Craig Carson,1967-12-24
1387,Агафья Мироновна Сорокина,1991-03-16
1388,Попов Борислав Федосеевич,1964-03-09
1389,Федотова Тамара Михайловна,1986-10-28
1390,Paul Swanson,1989-09-30
1391,Евстафий Егорович Бобров,1971-10-25
1392,Нина Матвеевна Баранова,1975-04-05
1393,Melvin Lin,1977-10-18
1394,Сергеева Анна Михайловна,1977-04-12
1395,г-н Сысоев Казимир Анатольевич,2002-11-20
1396,Ashley Hall,1999-04-25
1397,George Williamson,1973-03-08
1398,Stacey Harper,2003-07-18
1399,Сила Терентьевич Макаров,1970-01-31
1400,Денис Гертрудович Ефимов,1961-10-30
1401,Александра Григорьевна Блинова,1966-12-14
1402,Danielle King,1972-04-12
1403,Климент Глебович Константинов,1970-01-25
1404,Denise Garza,1969-10-27
1405,Наина Владимировна Шестакова,1970-02-17
1406,Кудряшова Нонна Руслановна,1996-05-27
1407,Соболев Ян Богданович,1960-07-22
1408,Тихонова Екатерина Наумовна,2003-04-08
1409,Остромир Григорьевич Веселов,1987-06-18
1410,Маслова Евпраксия Михайловна,1979-09-09
1411,Давыд Игнатович Гордеев,1984-09-22
1412,Faith White,1968-08-15
1413,Родионов Прокофий Валерианович,1998-01-13
1414,Terri Weeks,1977-12-04
1415,Jacob Walter,1999-11-10
1416,Christopher Howell,1977-05-13
1417,Jon Porter,1991-09-14
1418,Angel Meyers,1976-04-29
1419,Gary Olson,1971-10-28
1420,Алексеева Василиса Тимуровна,1976-05-08
1421,Samantha Mcdaniel,2002-01-10
1422,Адриан Феликсович Королев,1984-03-28
1423,г-н Никифоров Исидор Тарасович,2002-12-23
1424,Kristen Lynch,1974-06-06
1425,Julie Bass,1991-07-05
1426,Мельников Демид Евсеевич,1984-02-23
1427,Curtis Kent,1964-05-02
1428,Sara Richard,1995-03-06
1429,Michael Bell,1991-10-10
1430,Игнатов Валерий Власович,1974-01-23
1431,Игнатова Нонна Леоновна,1997-01-23
1432,Jacqueline Jones,1992-04-20
1433,Костин Стоян Давыдович,1991-06-30
1434,Cynthia Bell,1984-11-07
1435,Daniel Anderson,1970-01-17
1436,Осипов Каллистрат Аксёнович,1985-10-04
1437,Samantha Clark,1980-08-23
1438,John Myers,1982-04-20
1439,William Todd,1962-11-25
1440,Heather Rosario,1967-09-08
1441,Беляева Зинаида Вадимовна,1980-02-12
1442,Amanda Williams,1962-07-31
1443,Stacy Whitehead,1981-05-19
1444,Sarah Lopez,1966-08-19
1445,Комиссарова Ангелина Алексеевна,1975-11-24
1446,Мельников Фока Витальевич,1992-03-30
1447,Константинов Виталий Харламович,1971-04-21
1448,Carmen Benson,1992-08-23
1449,Виноградов Фадей Валерьянович,1986-10-24
1450,Лучезар Артемьевич Горбунов,1991-08-03
1451,Colin Martin,1965-12-24
1452,Paul Jones,1969-08-26
1453,Andre Collins,1973-11-24
1454,Andrea Davis,1990-04-06
1455,Агата Феликсовна Громова,1970-06-07
1456,Scott Terry,1999-04-17
1457,Tanya White,1978-04-06
1458,Тетерин Аникей Васильевич,1984-03-16
1459,Katherine Raymond PhD,1986-04-29
1460,Голубева Оксана Рубеновна,1960-04-21
1461,Christopher Williams,1962-05-17
1462,Sara Martinez,1976-01-28
1463,Kyle Watts,1994-09-30
1464,Matthew Andrews,1987-07-15
1465,Леонид Харлампьевич Ермаков,1978-07-23
1466,Crystal Flowers,1992-11-10
1467,Лыткин Артем Алексеевич,2003-12-13
1468,Jennifer Poole,1994-01-14
1469,Jennifer Smith,1997-06-27
1470,Веселов Борислав Ааронович,1989-02-16
1471,Miguel Elliott,1992-09-07
1472,Ермакова Прасковья Ильинична,1963-12-30
1473,Капустин Соломон Авдеевич,1978-02-06
1474,Renee Irwin,2002-07-27
1475,John Bell,1996-02-08
1476,Всеслав Тимурович Федотов,1991-03-29
1477,Шашкова Анжелика Ильинична,1998-01-02
1478,Ефремова Лидия Юльевна,1964-04-19
1479,Крылов Архип Филимонович,1967-12-16
1480,Dawn Christensen,1999-06-07
1481,Емельян Богданович Шестаков,1964-01-26
1482,Миронов Агап Чеславович,1978-01-02
1483,Богдан Вячеславович Куликов,1975-10-03
1484,Tracy Jacobs,1988-05-24
1485,Рюрик Харлампович Кузьмин,1980-04-06
1486,Joseph Anderson,1983-07-02
1487,Анжелика Борисовна Лебедева,1999-06-11
1488,Joseph Hernandez,1984-12-27
1489,Елисей Ефстафьевич Герасимов,1976-09-26
1490,Виноградов Милован Августович,1960-01-29
1491,Edward Schultz,1983-09-26
1492,Валерия Матвеевна Кириллова,1974-08-30
1493,Беляков Мариан Анисимович,1961-03-29
1494,Jamie Baldwin,1985-06-25
1495,Christine Castillo,1998-07-19
1496,Рябова Марина Архиповна,1967-09-25
1497,Никонова Евдокия Георгиевна,1987-11-07
1498,Вероника Олеговна Баранова,1984-01-03
1499,Ольга Ждановна Аксенова,1975-06-27
1500,Воронова Ульяна Максимовна,1990-08-24
1501,William Nelson,1986-11-25
1502,Нонна Петровна Кабанова,1967-12-08
1503,David Jordan,1991-09-08
1504,Sierra David,1994-08-18
1505,Блохина Жанна Владимировна,1966-09-04
1506,Gary Lawson,1979-12-19
1507,Иванова Надежда Тарасовна,1961-09-27
1508,Mercedes Johnson,1999-11-04
1509,Sandra Ortiz,2002-03-13
1510,Яковлева Нинель Геннадиевна,2001-11-27
1511,Харитонова Раиса Григорьевна,1973-01-26
1512,Агата Степановна Якушева,1990-08-21
1513,Нестерова Надежда Вениаминовна,1983-04-04
1514,Тихон Андреевич Соловьев,1964-06-21
1515,Олимпиада Вячеславовна Стрелкова,1987-01-26
1516,Вера Даниловна Громова,1987-07-04
1517,Richard Montgomery,2002-01-25
1518,Яков Вилорович Юдин,1989-07-15
1519,Lorraine Hodge,1977-06-10
1520,Rebecca Roberts,2002-05-06
1521,Белова Ольга Афанасьевна,1984-11-14
1522,Капитон Демьянович Костин,1971-01-17
1523,Лукин Юлий Арсенович,1970-09-28
1524,Cynthia Clark,1982-01-05
1525,Иннокентий Еремеевич Фролов,1978-02-18
1526,Васильев Варфоломей Якубович,1962-08-18
1527,Lori Cruz,2001-04-26
1528,Шубина Полина Афанасьевна,1997-11-03
1529,Renee Davis,1991-09-28
1530,Tammy Shaw,1986-07-08
1531,Эмилия Захаровна Филиппова,1983-04-27
1532,Мир Иосифович Калинин,1989-05-16
1533,Конон Демьянович Громов,1983-08-27
1534,Michael Crawford,1991-07-01
1535,Sharon Harris,1977-09-06
1536,Christopher Rhodes,1988-11-07
1537,Тихонова Феврония Харитоновна,1974-05-15
1538,Григорьев Алексей Адрианович,1994-04-01
1539,Быкова Жанна Петровна,2002-05-10
1540,Pamela Rodriguez,1978-02-18
1541,Игнатьева Зинаида Рубеновна,1963-09-11
1542,Тамара Ефимовна Тетерина,1982-01-13
1543,Савельева Фёкла Рудольфовна,1985-03-05
1544,Синклитикия Ивановна Никитина,1977-06-10
1545,Евгений Феодосьевич Ефимов,1995-04-10
1546,Joseph Gonzalez,1994-07-30
1547,Kathleen Herman,1962-06-22
1548,John Hardy,1961-11-13
1549,Светлана Ильинична Родионова,1964-01-01
1550,Дмитриева Евфросиния Кирилловна,1986-05-09
1551,Luke Ochoa,1985-08-16
1552,David Santiago,1988-10-01
1553,Кир Эдгардович Копылов,1962-02-24
1554,Andrew Brown,1962-02-12
1555,Kathleen Bender,1977-04-07
1556,Екатерина Геннадьевна Федотова,2003-04-02
1557,Brad Mitchell,1996-12-13
1558,Kayla Conrad,1999-03-11
1559,Агафонов Добромысл Данилович,1982-10-21
1560,Grace Carr,1967-12-31
1561,Stephen Lloyd,1990-07-21
1562,Jordan Davis,2000-11-06
1563,Милица Владиславовна Стрелкова,1980-07-05
1564,Kimberly Martinez,2000-01-11
1565,Власова Валерия Константиновна,1974-05-14
1566,Богданова Ксения Александровна,1969-02-17
1567,Эраст Демидович Кузнецов,1985-08-14
1568,Laurie Booth,1960-09-12
1569,Евдокимов Карп Александрович,1977-02-10
1570,Симонов Милен Фадеевич,1990-12-03
1571,Пестова Екатерина Мироновна,1973-01-10
1572,Авдей Жоресович Сафонов,1970-10-13
1573,Christopher Saunders,2001-01-20
1574,Barbara Hanna,1967-12-10
1575,Jocelyn Anderson,1997-01-28
1576,Богданова Агата Валентиновна,2001-02-27
1577,Mark Whitney,1962-01-03
1578,Нина Харитоновна Федотова,1986-11-09
1579,Радован Владленович Ширяев,1989-12-27
1580,Никитин Радим Эдгарович,2001-05-13
1581,Иванова Екатерина Ефимовна,1985-08-04
1582,Barbara Watts,2000-06-18
1583,Danielle Allen,1969-03-10
1584,Amanda Armstrong,1989-04-22
1585,Cynthia Perkins,1972-03-24
1586,Вишнякова Лукия Кузьминична,1960-06-16
1587,Глафира Тарасовна Трофимова,1978-07-22
1588,Пестов Онуфрий Германович,1997-10-18
1589,Jennifer Davis,1996-08-20
1590,Paul Martinez,1971-05-15
1591,Margaret Nelson,1988-02-08
1592,Jennifer Jones,1961-11-15
1593,Erica Mathews,1980-02-23
1594,Вера Филипповна Лаврентьева,1990-12-05
1595,Тамара Никифоровна Григорьева,1988-08-07
1596,Надежда Константиновна Симонова,1967-02-16
1597,Glenn Melton,1981-11-30
1598,Мефодий Герасимович Некрасов,1984-02-01
1599,Колобова Евдокия Кузьминична,2002-04-28
1600,Bryan Evans,2002-11-07
1601,Laura Franklin,2001-09-29
1602,James Mcguire,1972-10-10
1603,Nicole Holt DVM,1972-10-08
1604,Ricky Fernandez,1971-09-24
1605,Макарова Таисия Вениаминовна,1965-05-10
1606,Сидор Яковлевич Харитонов,1999-09-22
1607,Allen Zamora,2002-08-16
1608,Пахомов Гаврила Виленович,1997-12-20
1609,Симонова Лидия Кузьминична,1965-09-13
1610,Shannon Delacruz,1961-08-07
1611,София Анатольевна Герасимова,1964-11-26
1612,Киселев Панфил Федосеевич,1961-09-15
1613,Andrea Carson,1968-04-10
1614,Морозов Изот Алексеевич,1991-02-11
1615,Alicia Owens,1970-11-04
1616,Баранова Алевтина Филипповна,1976-08-20
1617,Сигизмунд Фокич Пахомов,1966-05-27
1618,Лазарева Нонна Тимофеевна,1994-07-02
1619,Мясникова Надежда Ивановна,2001-11-17
1620,Michelle Lewis,2003-09-18
1621,Рыбакова Нонна Олеговна,1969-06-09
1622,Katherine Campbell,1961-12-17
1623,David Mullins,2002-07-20
1624,Иларион Аверьянович Гурьев,1998-07-21
1625,Danielle Martin,2001-05-08
1626,Федотова Регина Ниловна,1980-09-21
1627,Карпов Демьян Ермилович,1988-11-22
1628,Феврония Станиславовна Уварова,1977-01-17
1629,Павел Ермилович Анисимов,1973-02-01
1630,Emma West,1970-02-07
1631,Демьян Иларионович Попов,1968-09-19
1632,Соболева Кира Ждановна,1992-05-07
1633,Веселова Ангелина Георгиевна,1999-01-31
1634,Пахом Аверьянович Попов,1997-10-31
1635,Ульяна Яковлевна Русакова,1983-09-16
1636,Андрей Харлампьевич Брагин,1967-03-24
1637,Буров Мартын Харлампович,2003-04-02
1638,Агафья Геннадиевна Сергеева,1964-12-29
1639,Joy Gardner,1978-05-22
1640,Nathan Brown,1960-10-13
1641,Steven Fields,1967-08-15
1642,Eric Wood,1974-06-06
1643,Якуб Матвеевич Артемьев,1966-06-08
1644,Andrew Anderson,1990-09-11
1645,Валентина Львовна Соловьева,1977-02-05
1646,Лихачева Елена Святославовна,1962-08-15
1647,Kristen Torres,1994-06-25
1648,Jennifer Morrison,1998-06-11
1649,Фадей Всеволодович Калашников,1988-03-07
1650,Никандр Глебович Александров,1984-06-21
1651,Элеонора Антоновна Кулакова,1989-02-07
1652,Alex Francis,1981-05-15
1653,Mr. David Kirk,1988-12-03
1654,Вера Григорьевна Егорова,1990-10-03
1655,Brady Conley,1980-03-03
1656,Robert Bryant,1970-08-29
1657,Anne Lopez,1987-06-24
1658,Родионова Мария Петровна,2003-12-19
1659,Nicole Blake,1980-05-29
1660,Селезнева Эмилия Евгеньевна,2000-04-22
1661,Марина Ильинична Зыкова,1984-01-24
1662,Eric Nelson,1970-01-15
1663,Князева Регина Юрьевна,1988-07-30
1664,Rodney Garcia,2003-03-14
1665,Mrs. Hannah Salazar DDS,1971-07-16
1666,Yvonne Lopez,1976-07-05
1667,Franklin Nguyen,1979-05-14
1668,Amanda Reynolds,1966-06-17
1669,Цветков Прокофий Владиславович,1978-05-29
1670,John Mcdaniel,1984-04-15
1671,Ryan Gutierrez,1978-01-16
1672,Маслов Савелий Антонович,1988-02-07
1673,Агафья Эльдаровна Соловьева,2002-04-01
1674,Аким Ерофеевич Титов,1999-08-21
1675,Агафья Никифоровна Третьякова,1992-11-24
1676,Шилов Болеслав Александрович,2002-09-20
1677,Остромир Юльевич Ефремов,1976-04-22
1678,Дарья Аркадьевна Селиверстова,1989-11-05
1679,Мстислав Гавриилович Жуков,1992-06-11
1680,Christopher Newman,1971-01-13
1681,Варвара Васильевна Владимирова,1968-07-25
1682,Tina Edwards,2002-07-11
1683,Erin Martin,1989-07-29
1684,Michael Williams,1976-04-20
1685,Emily Quinn,1984-08-03
1686,Hannah Morgan,1995-07-13
1687,Брагин Матвей Иосипович,1988-11-20
1688,Никифоров Владислав Терентьевич,1977-08-15
1689,Екатерина Аскольдовна Сорокина,1964-11-15
1690,Kelly Daniel,1980-04-15
1691,Куликова Алевтина Кузьминична,1997-05-12
1692,Eric Garza,1999-01-11
1693,Marc Grant,1962-04-13
1694,Лора Артемовна Шашкова,1975-02-23
1695,Courtney Kim,1967-01-11
1696,Misty Smith,2002-01-13
1697,Kenneth Espinoza,1968-02-02
1698,Brendan Lawson,1961-01-25
1699,Ricky Avila,1977-04-24
1700,Vincent Morgan,1967-09-24
1701,Кулакова Таисия Артемовна,1993-06-18
1702,Jonathan Pierce,1994-07-04
1703,Нифонт Федосеевич Симонов,1978-01-10
1704,Jeffrey Hawkins,1995-12-03
1705,Федосий Харламович Исаев,1978-06-13
1706,Никифор Фомич Иванов,1971-01-08
1707,Jamie Short,1965-11-09
1708,Keith Sexton,1981-10-30
1709,Андреева Елена Натановна,2001-11-07
1710,Jill Smith,1983-10-20
1711,Mr. James Cordova,1999-04-17
1712,Самсонов Мефодий Игоревич,1964-05-09
1713,Kelly Miller,1963-11-05
1714,Елизавета Владиславовна Орехова,2001-04-11
1715,Katherine Rose,1962-05-14
1716,Прасковья Кузьминична Савельева,1964-01-13
1717,Дарья Тимофеевна Прохорова,2000-06-14
1718,Станислав Зиновьевич Лаврентьев,1993-05-09
1719,Ковалева Ульяна Васильевна,1969-07-21
1720,Венедикт Витальевич Афанасьев,1962-12-17
1721,Наталья Семеновна Логинова,2000-10-14
1722,Владлен Филатович Королев,2000-07-28
1723,Michael Chandler,1981-04-23
1724,Карл Игнатович Горбачев,1967-11-10
1725,Зиновьев Архип Витальевич,1964-07-20
1726,Gary Olson,1967-03-03
1727,Patricia Woodward,1966-10-26
1728,Чеслав Архипович Сидоров,1965-04-24
1729,Jacob Jones,1987-09-26
1730,Радован Эдгардович Мухин,1985-03-12
1731,Charles Barrett,1981-01-23
1732,Ashley Mendoza,1972-08-12
1733,Lauren Allen,2000-07-14
1734,Суворов Август Эдгарович,1965-01-31
1735,Sean Baker,1966-07-30
1736,Mr. Mark Thomas DDS,1964-05-09
1737,Cathy Hester,1966-01-30
1738,Mrs. Dawn Frye,1981-03-17
1739,Кудрявцева Ирина Семеновна,1967-08-24
1740,Jared Simon,1986-04-17
1741,Cynthia Fisher,1996-09-09
1742,Молчанов Аскольд Антипович,1979-10-12
1743,Kim Mason,1968-02-27
1744,Акулина Феликсовна Маслова,1960-11-21
1745,Mrs. Hannah Le,2002-06-18
1746,Terry Strickland,1975-06-04
1747,Leslie Jones,1963-10-24
1748,Sabrina Benton,1963-02-02
1749,Силантий Демидович Щукин,1987-12-29
1750,Пахомов Дорофей Алексеевич,1977-08-28
1751,Rebecca Perkins,1964-12-23
1752,Brianna Ruiz,1995-06-25
1753,Barbara Mcdonald,1968-11-03
1754,Shelley Williams,1974-05-21
1755,Голубев Тит Арсенович,1995-07-24
1756,Mr. Christopher Lambert DDS,1963-09-23
1757,г-н Ефремов Карл Виленович,1995-11-09
1758,Филимон Федотович Громов,1987-11-23
1759,Tammy Craig,1978-09-27
1760,Rickey Kelley,1976-05-19
1761,Jennifer Davis,1968-08-12
1762,Jessica Cuevas,1983-05-06
1763,Ryan Wilson,1961-01-19
1764,Олимпиада Юльевна Борисова,2000-08-18
1765,Алла Юрьевна Панфилова,1989-02-16
1766,Романова Иванна Геннадьевна,1973-10-02
1767,Терентьева Агафья Болеславовна,1979-06-03
1768,Никита Тихонович Агафонов,1972-03-28
1769,Betty Mitchell,1994-01-29
1770,Morgan Ray,1989-07-30
1771,Майя Юльевна Носкова,1984-09-23
1772,Галина Леоновна Муравьева,1999-02-12
1773,David Mcfarland,1987-12-31
1774,Мечислав Ефремович Емельянов,1985-09-24
1775,Фаина Святославовна Колесникова,1977-01-27
1776,Белоусов Максимильян Юлианович,1981-02-01
1777,Кудряшова Синклитикия Никифоровна,1961-08-12
1778,John Jackson,1972-02-15
1779,Donald Graham,1975-01-21
1780,тов. Уварова Феврония Семеновна,1982-12-29
1781,Elizabeth Sims,1995-03-05
1782,Станимир Феодосьевич Журавлев,1991-09-23
1783,Аксенова Милица Юльевна,2002-04-18
1784,Лазарев Игорь Бориславович,1971-09-25
1785,Katherine Foley,1981-12-04
1786,Назарова Полина Викторовна,1963-09-26
1787,Shelley Bartlett,2001-03-19
1788,Rachel Kelly,1996-02-17
1789,Tina Farley,1974-04-17
1790,Anna Young,2000-03-08
1791,Остромир Тарасович Кулагин,1996-05-14
1792,Харитонов Бронислав Денисович,1994-03-08
1793,Харитонова Маргарита Болеславовна,1963-05-04
1794,Майя Юльевна Виноградова,1962-11-30
1795,Панова Олимпиада Натановна,1995-12-14
1796,Копылов Касьян Демьянович,1963-12-02
1797,Laura Hill,1960-06-07
1798,Vincent Hardy,1993-01-13
1799,Zachary Walsh,1999-01-12
1800,Megan Moore,1963-02-27
1801,Александра Игоревна Суворова,1988-02-01
1802,Tiffany Yates,2003-06-21
1803,Владлен Гавриилович Лаврентьев,1999-03-06
1804,Михайлов Симон Валентинович,1989-10-29
1805,Евгений Власович Иванов,1965-06-21
1806,Антип Валентинович Фокин,1966-03-22
1807,Суханов Дементий Елисеевич,1993-06-19
1808,Donna Moon,1968-04-28
1809,Творимир Гертрудович Мельников,2002-09-04
1810,Фома Федосеевич Овчинников,1979-06-03
1811,Frank Cook,1970-06-15
1812,Гуляев Арсений Трифонович,1992-02-28
1813,Куликов Мокей Андреевич,1974-05-16
1814,Michael Yu,1968-08-22
1815,Боян Арсеньевич Воронцов,1968-11-06
1816,Lauren Green,1982-03-21
1817,Jason Cox,1968-05-06
1818,Фортунат Харламович Беляев,1992-10-24
1819,Brandy Rojas,1998-10-20
1820,Spencer Clark,1979-11-07
1821,Панова Анна Рудольфовна,1960-04-13
1822,Романов Варфоломей Юлианович,2003-09-13
1823,Кононова Вера Эльдаровна,1966-06-15
1824,Mr. Maurice Tyler,1985-10-23
1825,Rachel Scott,1991-05-26
1826,Виктория Геннадьевна Семенова,1994-03-02
1827,Кирилл Исидорович Виноградов,1968-05-22
1828,Connie Browning,1993-12-03
1829,Gregory Weiss,1967-04-15
1830,Белоусов Исидор Даниилович,1997-07-02
1831,Melvin Salazar,1986-12-25
1832,Зиновьева Василиса Степановна,1988-09-25
1833,Кира Макаровна Комарова,1979-02-18
1834,Горбачева Елизавета Викторовна,1975-06-19
1835,James Hickman,1983-10-19
1836,Одинцова Зинаида Богдановна,1999-12-12
1837,William Maxwell,1971-04-16
1838,Авдеев Фока Венедиктович,1967-03-27
1839,Семенова Зинаида Владиславовна,1962-10-25
1840,Фотий Викентьевич Галкин,2000-06-28
1841,Katherine Pugh,1987-10-21
1842,Yesenia Porter,1979-04-17
1843,Олимпиада Вадимовна Ершова,1994-04-16
1844,Bobby Taylor,1980-01-02
1845,Октябрина Львовна Панфилова,1993-05-21
1846,Ryan Morgan,1974-04-13
1847,Carol Perez,2001-02-07
1848,Alejandra Prince,1991-04-25
1849,Michael Moore,1990-06-03
1850,Zachary Blake,1985-07-13
1851,Моисеева Клавдия Васильевна,1997-09-01
1852,Устинов Ян Бориславович,1976-01-24
1853,Michaela Torres,1981-07-20
1854,Рожков Леонтий Августович,1973-06-20
1855,Angie Carr,1974-01-22
1856,Tina Lowe,1993-06-01
1857,Калашников Лонгин Ефимьевич,1986-05-05
1858,Татьяна Леонидовна Владимирова,1990-12-28
1859,Жданова Евфросиния Егоровна,1980-11-08
1860,Kim Allen,1974-07-20
1861,Aimee Fowler,1997-12-20
1862,Laurie Diaz,1978-02-01
1863,Архип Федотович Туров,2000-04-30
1864,Данила Якубович Овчинников,1966-11-06
1865,Семенов Пахом Бориславович,1993-09-01
1866,Кузнецов Тимур Харитонович,2002-08-06
1867,Исаков Евлампий Ермилович,1966-04-03
1868,Gregory Brooks,1977-02-09
1869,Jennifer Ferguson,1988-05-10
1870,Варфоломей Жоресович Сидоров,1976-05-27
1871,Борисов Любосмысл Жоресович,1995-07-01
1872,Casey Ortiz,2000-08-11
1873,Коновалова Майя Андреевна,1986-08-06
1874,Debbie Ward,1969-09-25
1875,Ратмир Авдеевич Карпов,1977-07-20
1876,Евгения Робертовна Блохина,1972-02-25
1877,Спиридон Харлампович Лобанов,1960-12-21
1878,Евстигней Васильевич Игнатьев,1967-02-06
1879,Анатолий Харлампович Денисов,2002-11-05
1880,Angela Sanchez,1972-06-15
1881,Гусева Эмилия Мироновна,1981-10-28
1882,Lori Mccarthy,1982-05-22
1883,Кудряшова Ольга Владимировна,2002-06-30
1884,Gene Fischer,1981-11-10
1885,Theresa Robertson,1962-09-06
1886,Флорентин Эдгарович Егоров,1964-10-02
1887,Клавдия Наумовна Шилова,1974-07-02
1888,Alexander Bailey,1987-04-07
1889,Абрамова Надежда Георгиевна,1970-07-19
1890,Dalton Tucker,1982-03-03
1891,Amanda Kennedy,1978-09-04
1892,Антонин Еремеевич Артемьев,2002-12-03
1893,Олимпиада Харитоновна Боброва,1967-02-11
1894,Воробьев Вениамин Евсеевич,1973-12-07
1895,Luke Ross,1979-03-30
1896,Adrian Griffith,1986-11-15
1897,Кириллова Октябрина Валериевна,1972-08-23
1898,Щербаков Мир Бориславович,1976-09-30
1899,Jessica Brown,1998-10-05
1900,Эмиль Абрамович Ситников,1985-05-11
1901,Robert Johnson,1962-10-31
1902,Андреева Кира Сергеевна,1976-08-06
1903,Оксана Захаровна Большакова,1969-05-24
1904,Alyssa Sandoval,1990-11-15
1905,Селезнев Гостомысл Авдеевич,1999-02-09
1906,Larry Rodriguez,1988-06-07
1907,Jessica Smith,2003-08-16
1908,Мартьян Артурович Селиверстов,1972-08-01
1909,Kristopher Miller,1985-11-22
1910,Gary Phillips,1991-04-29
1911,Галина Тимуровна Сергеева,1965-09-13
1912,Kathryn Austin,1995-01-22
1913,Michael Phelps,2003-07-25
1914,Melissa Martin,1991-10-06
1915,Jamie Long,1970-08-19
1916,Lauren Newton,1971-03-05
1917,Никонова Любовь Васильевна,1981-01-26
1918,Matthew Brown,1974-01-22
1919,Angel Mcdonald,1964-04-15
1920,Ершова Ульяна Евгеньевна,1966-08-27
1921,Amanda Harding,1963-08-25
1922,Ryan Ruiz,1980-10-02
1923,Morgan Knight,1999-12-18
1924,Katherine Jimenez,1992-08-24
1925,Модест Гаврилович Лукин,1980-02-29
1926,Осип Федотович Куликов,1968-08-31
1927,Jennifer Hicks,1972-05-22
1928,Shannon Valencia,1976-04-26
1929,Chad Miller,1962-08-25
1930,Некрасова Вероника Богдановна,1970-01-07
1931,Gary Morton,1974-09-05
1932,Каллистрат Борисович Мишин,1987-11-03
1933,Нинель Кузьминична Константинова,1966-07-22
1934,Pamela Myers,2002-11-30
1935,Тарасова Нина Анатольевна,1974-02-03
1936,Andrew Armstrong,1984-01-21
1937,Калинина Фаина Васильевна,1996-05-13
1938,Stephen Sims,2002-12-17
1939,Dana Wagner,1987-02-21
1940,Юдина Юлия Святославовна,1992-11-24
1941,Агафья Сергеевна Калашникова,1999-09-09
1942,Герасимова Евгения Ефимовна,1995-11-01
1943,Timothy Herrera,1971-02-18
1944,Stacey Morrison,1978-12-22
1945,Scott Pearson,1998-04-01
1946,Любовь Степановна Ершова,1971-09-16
1947,Анжела Дмитриевна Моисеева,1973-04-13
1948,Колесников Измаил Архипович,1989-03-25
1949,Jake Thomas,1978-11-26
1950,Лора Афанасьевна Юдина,1980-11-08
1951,Karina Carrillo,1966-08-15
1952,Харлампий Эдгарович Александров,1977-02-19
1953,Amy Brady,1986-08-21
1954,Соболева Василиса Кирилловна,1974-02-02
1955,Жанна Эльдаровна Миронова,1972-04-08
1956,Орехов Ладимир Андреевич,1968-11-14
1957,Stanley Jones,1980-05-02
1958,Виктор Адамович Кудрявцев,1986-04-22
1959,Прокл Вячеславович Гуляев,2002-11-20
1960,Аскольд Вилорович Александров,1962-05-08
1961,Catherine Martinez,1984-10-14
1962,Большакова Надежда Евгеньевна,1966-05-11
1963,Валерия Артемовна Князева,1992-04-26
1964,Андрон Измаилович Матвеев,1961-02-21
1965,Courtney Osborne,1988-12-28
1966,Александра Болеславовна Евсеева,1967-12-26
1967,Кузьма Аверьянович Алексеев,1997-07-03
1968,Steven Smith,1988-11-14
1969,Варвара Васильевна Гришина,1985-05-16
1970,Jeffrey Colon,1961-10-07
1971,James George,1962-07-04
1972,Patricia Lynch,1992-01-05
1973,Вацлав Игнатьевич Савин,1962-11-12
1974,Angel Vaughn,1966-04-11
1975,Конон Абрамович Герасимов,1983-06-14
1976,Лазарь Филимонович Силин,1992-01-08
1977,Филатов Мечислав Анисимович,1993-11-07
1978,Митофан Харламович Колобов,1976-01-07
1979,Волкова Алина Ефимовна,1978-07-05
1980,Соболева Майя Евгеньевна,1963-02-13
1981,Валерия Филипповна Крылова,1984-06-14
1982,Андреев Евдоким Бориславович,1978-09-04
1983,Michelle Farmer,1977-10-05
1984,Jared Garcia,1984-08-02
1985,Ann Ruiz,1996-07-12
1986,Воронова Анжела Тимофеевна,1967-02-19
1987,Ульян Ануфриевич Новиков,2000-11-18
1988,Eric Warren,1970-03-14
1989,Вишняков Никандр Эдуардович,1988-12-02
1990,Rachel Simon,1961-01-31
1991,Олимпий Ильич Агафонов,1997-10-22
1992,Christopher Miller,1981-06-21
1993,Тамара Петровна Мишина,1969-10-28
1994,Doris Robles,2002-08-12
1995,Терентьев Куприян Ануфриевич,1999-01-17
1996,Парфен Власович Колесников,1974-05-01
1997,Горшкова Ксения Ниловна,1993-11-28
1998,Jimmy Hayes,1977-10-02
1999,Сила Абрамович Хохлов,1994-05-04
2000,Никон Жанович Дьячков,1961-01-20
2001,Sandra Smith,1991-04-09
2002,Пахомов Вышеслав Захарьевич,1963-01-18
2003,Фирс Егорович Елисеев,1986-06-14
2004,Валерия Владимировна Симонова,1970-04-18
2005,Sierra Nelson,1960-04-27
2006,Авдеев Владлен Федосьевич,1963-08-13
2007,Ariel Smith,1976-07-06
2008,Stephanie Church,1997-03-09
2009,Клавдия Дмитриевна Кулакова,1969-07-18
2010,Алла Макаровна Зиновьева,1960-04-30
2011,Cheryl Wilson,1993-05-20
2012,Jimmy Gordon,1971-12-01
2013,Nicole Cruz,1982-12-01
2014,Князев Борис Еремеевич,1997-06-12
2015,Нестеров Демид Адамович,1987-04-04
2016,Ирина Юльевна Евсеева,1968-10-12
2017,Васильев Сигизмунд Германович,1971-09-05
2018,Яков Валерьевич Лихачев,1989-03-06
2019,Евпраксия Александровна Артемьева,1961-04-17
2020,Меркушев Варлаам Валерьянович,2003-05-30
2021,Craig Morales,1982-12-16
2022,Michelle Wilson,1969-03-06
2023,Рябова Дарья Алексеевна,1961-11-13
2024,Зоя Ильинична Гурьева,1964-10-14
2025,Anthony Perez,1999-03-20
2026,Вероника Артемовна Владимирова,1994-01-29
2027,Ariel Hansen,1993-07-09
2028,Лонгин Архипович Кузьмин,1990-12-09
2029,Nicholas Harrison,1999-10-09
2030,Victoria Hayes,1973-08-10
2031,Горбунова Прасковья Тимофеевна,1962-06-09
2032,Carlos Wheeler,1970-04-23
2033,Terry Terry,1999-09-02
2034,Sandra Vega,1969-09-22
2035,Anita Flowers,1973-11-25
2036,Алексей Васильевич Федотов,1997-03-18
2037,Евдокия Вадимовна Романова,1974-12-24
2038,Ефим Валентинович Ситников,2002-06-21
2039,Jamie Brown,1992-04-17
2040,Кузнецов Никита Федосьевич,1977-07-12
2041,Joseph Archer,1967-05-31
2042,Kenneth Jenkins,1981-07-16
2043,Sarah Cook,1972-10-19
2044,Regina Myers,1989-12-02
2045,Courtney Davis,1971-02-23
2046,Блинов Авдей Иосипович,1964-10-23
2047,Michael Miller,1998-04-01
2048,Кудряшов Ладимир Филиппович,1962-03-30
2049,Brittany Anderson,2002-06-21
2050,Юлия Максимовна Михайлова,1960-01-01
2051,Ия Ивановна Быкова,1977-02-09
2052,Vanessa Gomez,2003-02-12
2053,Эрнест Фадеевич Поляков,1962-05-27
2054,Муравьева Милица Рудольфовна,1988-12-19
2055,Ефимова Лора Филипповна,1978-12-25
2056,Maxwell White,1976-09-21
2057,Валерьян Евсеевич Журавлев,1978-09-23
2058,Kendra Schultz,1973-05-05
2059,Brenda Mueller,2000-04-21
2060,Флорентин Гертрудович Калинин,1966-05-12
2061,Раиса Рудольфовна Бурова,2001-09-21
2062,Timothy Castro,1995-11-29
2063,Katherine Perez,1965-05-25
2064,Mark Lutz,1993-05-20
2065,Michael Weaver,1995-07-24
2066,Буров Феофан Феодосьевич,2001-10-06
2067,Michael Munoz,1967-10-31
2068,Борислав Антипович Дмитриев,1963-11-11
2069,Renee Williams,1980-06-02
2070,Benjamin Moore,1986-01-03
2071,Lee Diaz PhD,1972-04-02
2072,Титова Кира Юльевна,1991-07-12
2073,Jessica Gray,1962-11-02
2074,Darrell Mccall,1966-11-16
2075,Нестеров Самуил Эдгарович,1977-10-31
2076,Tina Cox,1961-05-04
2077,Трифон Гертрудович Веселов,1979-05-26
2078,Heather Morgan,1978-07-02
2079,Наталья Матвеевна Жданова,1960-08-05
2080,Lindsay Morales,1961-12-22
2081,Rhonda Montes,2003-01-14
2082,Cindy Richardson,1972-08-06
2083,Wendy Pacheco,1992-03-30
2084,Костина Анастасия Егоровна,1995-12-22
2085,Василиса Афанасьевна Белозерова,1990-02-09
2086,Суханов Любосмысл Афанасьевич,1999-02-11
2087,Лучезар Ефимович Громов,1990-12-08
2088,Гуляев Изяслав Эдгардович,1960-02-01
2089,Barbara Villa,1961-12-23
2090,Sarah Perez,1997-06-22
2091,Mr. Anthony Ballard MD,1985-01-26
2092,Maria Blake,1981-11-30
2093,David Russell,1992-02-05
2094,Brittany Ward,1962-02-13
2095,Шилова Наталья Макаровна,1963-12-19
2096,Ashley Smith,1980-06-19
2097,Andrew Flores,1984-06-05
2098,Наумов Лазарь Ануфриевич,1989-07-17
2099,Angela Ponce,1992-07-29
2100,Chad Jensen,1966-07-15
2101,Феврония Мироновна Савина,1988-09-04
2102,Ольга Петровна Наумова,1967-10-21
2103,Shannon Cruz,1976-09-09
2104,Киселева Алина Валериевна,1975-08-02
2105,William Hughes,1966-08-15
2106,Kimberly Mason,1993-09-19
2107,Jacob Le,1990-04-23
2108,Thomas Fletcher,1976-02-29
2109,Richard Myers,1963-11-17
2110,Janice Dudley,1999-09-09
2111,Овчинникова Зинаида Максимовна,2001-06-24
2112,Родионов Виссарион Ермилович,1980-12-05
2113,Харитонова Лукия Валентиновна,1984-03-09
2114,Edward Hobbs,1967-05-15
2115,David Turner,1975-05-29
2116,Alexandria Burton,1998-07-25
2117,Samantha Sanchez,1966-07-04
2118,Alan Edwards,1984-03-25
2119,Matthew Colon,1993-05-29
2120,Козлов Андрон Ермолаевич,1995-10-30
2121,Michael Phillips,2003-11-01
2122,Michelle Green,1969-03-26
2123,Christopher Hernandez,1977-10-11
2124,Аристарх Игнатович Белозеров,1978-10-17
2125,Cindy Bennett,1982-06-28
2126,Patricia Richardson,1983-04-22
2127,Гедеон Зиновьевич Кузнецов,1960-03-07
2128,Валерия Тимуровна Комарова,1984-09-09
2129,Alec Hernandez,1967-05-22
2130,Adam Davila,1990-09-06
2131,Shawn Cross,1975-01-08
2132,Лихачева Анжелика Руслановна,1974-08-07
2133,Connor Huber,1995-09-30
2134,Иванов Евгений Эдгардович,2002-01-10
2135,Тимофеева Фаина Тимуровна,1989-06-19
2136,Scott Berg,1969-10-29
2137,Jason Jennings,1993-08-20
2138,Рябова Лариса Евгеньевна,1993-09-17
2139,Jon Rivers,1970-02-16
2140,David Clark,1980-05-07
2141,Кулагин Бронислав Игнатьевич,1991-02-16
2142,Ms. April Perez,1968-06-12
2143,Adam Vance,2000-01-24
2144,Zachary Ruiz,1982-08-18
2145,Matthew Phelps,1982-03-19
2146,Фома Измаилович Ильин,1963-03-29
2147,Danielle Bautista,1973-10-01
2148,Рябов Радим Бориславович,1978-03-20
2149,Андрей Теймуразович Горшков,1969-05-21
2150,Kelly Osborn,1964-05-01
2151,Lydia Vargas,1968-07-26
2152,Кабанова Жанна Юльевна,1961-05-24
2153,Платон Фролович Морозов,1969-04-15
2154,Хохлов Касьян Евсеевич,1994-10-24
2155,George Harrison,1963-01-03
2156,Морозов Лаврентий Геннадиевич,2002-08-29
2157,Викторин Германович Рыбаков,2002-05-20
2158,Боброва Эмилия Юрьевна,1978-01-28
2159,Олимпий Захарьевич Жуков,1986-10-21
2160,Евфросиния Анатольевна Мишина,1977-05-23
2161,Полина Александровна Доронина,1973-08-17
2162,Сила Аксёнович Миронов,1986-06-14
2163,Michael Whitney,1988-06-29
2164,Daniel Norman,1961-11-17
2165,Brian Copeland,2003-10-29
2166,Фаина Мироновна Большакова,1974-05-03
2167,Михайлова Антонина Ниловна,1971-06-22
2168,Michael Daniel,1998-08-18
2169,Amanda Hamilton,1993-10-09
2170,Tammy Perkins,1964-05-24
2171,Гордеев Ратмир Матвеевич,1986-05-03
2172,Peter Monroe,1975-09-30
2173,Robert Martin,1990-09-20
2174,Дорофеев Прокофий Чеславович,1961-03-23
2175,Шилов Федор Филатович,2003-03-09
2176,Воронцов Ростислав Аксёнович,2000-08-19
2177,Мартын Чеславович Фомин,1971-04-24
2178,Kristy Stewart,1963-09-21
2179,Прохорова Людмила Вадимовна,1997-04-05
2180,Paula Cunningham,2001-05-16
2181,Феврония Вадимовна Гаврилова,1977-01-14
2182,Dakota Edwards,1970-10-29
2183,Jeffrey Garcia,1981-01-18
2184,Васильева Ираида Михайловна,1973-11-23
2185,Selena Young,1991-07-31
2186,Ashlee Orr,1969-09-18
2187,Jason Hickman,1964-04-04
2188,Маслова Лидия Романовна,1965-10-04
2189,Ronald Nelson,1990-04-16
2190,Tyler Hall,2001-12-18
2191,Stephanie Gray,1963-02-06
2192,Molly Roy,1980-10-10
2193,Прасковья Сергеевна Тарасова,1985-05-06
2194,Стоян Гаврилович Буров,2001-06-28
2195,Daniel Johnson,1992-06-28
2196,Сергей Ааронович Якушев,1986-04-09
2197,Мария Кузьминична Громова,1983-03-07
2198,Тит Валерианович Колобов,2000-06-21
2199,Поляков Трофим Викторович,1998-04-15
2200,Уварова Ангелина Романовна,1973-01-08
2201,Emily Hansen,1979-02-21
2202,Максим Аксёнович Яковлев,1966-12-11
2203,Ronald Duncan,1963-06-12
2204,Сила Елизарович Журавлев,1981-10-23
2205,Мария Валентиновна Фомина,1977-05-16
2206,Elizabeth Perez,1996-03-10
2207,Janet Mitchell,1967-12-03
2208,Ashley Boone,1961-12-19
2209,Ладимир Авдеевич Панфилов,1970-01-08
2210,Михеев Боян Бориславович,1990-08-21
2211,Kristi Baker,1982-02-17
2212,Блинов Любомир Анисимович,1979-12-12
2213,Joshua Reid,2002-07-11
2214,Marissa Hurst,1964-07-21
2215,Белоусова Екатерина Кирилловна,1965-12-02
2216,Lisa Lee,2002-06-19
2217,Michael Wood,1961-01-22
2218,Осипова Екатерина Владимировна,1976-06-12
2219,Karen Glass,1979-04-15
2220,Таисия Святославовна Евдокимова,1983-07-23
2221,Douglas Jacobs,1976-07-09
2222,Kimberly Potts,1964-10-08
2223,Эдуард Игнатьевич Игнатов,1961-07-03
2224,Владимирова Людмила Степановна,1984-12-30
2225,Joseph Robinson DDS,1963-01-01
2226,Петрова Наталья Петровна,1971-10-15
2227,Jennifer Morton,1989-10-25
2228,Казакова Татьяна Вениаминовна,1978-01-01
2229,Cathy Cooper,1970-11-29
2230,Joseph Webb,1999-04-10
2231,Терентьева Синклитикия Михайловна,1961-01-30
2232,Лора Станиславовна Капустина,1985-08-02
2233,Панов Нестор Чеславович,1968-10-24
2234,Спиридон Исидорович Самсонов,1984-06-27
2235,Автоном Валерьянович Данилов,1971-10-19
2236,Петухова Фёкла Семеновна,2003-07-20
2237,Ryan Hammond,1968-04-27
2238,Michael Arias,1965-03-13
2239,Eric Hull,1970-06-02
2240,Блохина Октябрина Степановна,1973-06-21
2241,Денис Фролович Анисимов,1991-06-19
2242,Ия Ниловна Воронцова,1976-09-05
2243,Козлов Тихон Измаилович,1995-05-09
2244,Роман Анисимович Зайцев,1983-07-13
2245,Darren Martin,1986-04-08
2246,Jeffrey Wu,1973-08-09
2247,Angela Flowers,1966-02-23
2248,Семен Гертрудович Блинов,1970-12-06
2249,Rebecca Bolton,1995-12-10
2250,Фортунат Гертрудович Симонов,1989-10-14
2251,Федоров Демьян Филатович,1981-06-22
2252,Галкина Евфросиния Юрьевна,1967-09-25
2253,Евфросиния Захаровна Давыдова,1988-05-30
2254,Tony Thomas,1998-07-08
2255,Michelle Dunn,1966-07-21
2256,John Berry,1998-06-24
2257,Kelly White,1998-08-18
2258,Bruce Jenkins,1981-06-05
2259,Carlos Best,1963-04-04
2260,Amanda Johnson,1971-01-30
2261,Steven Martin,1978-07-19
2262,Kelly Yoder,1976-03-23
2263,Christy Robinson,1997-02-20
2264,Вероника Дмитриевна Бобылева,1962-09-04
2265,Mary Chung,1961-12-04
2266,Robert Henson,1995-01-06
2267,Давыдов Касьян Андреевич,1968-08-21
2268,Dana Nguyen,2001-10-01
2269,тов. Шестакова Лукия Николаевна,1980-03-05
2270,Michael Hughes,1998-11-20
2271,Лукин Флорентин Адамович,2000-09-15
2272,Прохоров Алексей Валерьевич,1987-08-01
2273,Jocelyn Sims,1982-11-09
2274,Jacqueline Floyd,1988-12-23
2275,Patrick Morrison,1988-07-01
2276,Корнил Федосьевич Никитин,1986-11-13
2277,Kathryn Vasquez,1982-04-20
2278,Lisa Vargas,1979-05-31
2279,Rodney Green,1978-09-20
2280,Денисов Сидор Аверьянович,1963-10-22
2281,Martha Santos,1994-11-09
2282,Марфа Харитоновна Зиновьева,1988-10-08
2283,Ираида Анатольевна Михеева,1972-06-10
2284,Кондрат Бориславович Фадеев,1980-11-01
2285,Nicole Graves,2001-02-19
2286,Александра Олеговна Лазарева,1997-07-07
2287,Dr. Sue Jones DDS,1974-09-03
2288,Linda Simpson,1998-05-15
2289,Kristy Hubbard,1982-12-10
2290,Эмилия Тимофеевна Осипова,1993-12-22
2291,Daniel Reynolds,1990-11-18
2292,Denise Melendez,1985-02-16
2293,Adam Davis,1987-02-23
2294,Lauren Greene,1995-04-01
2295,Elizabeth Taylor,1981-01-19
2296,Туров Панкратий Гордеевич,1991-01-06
2297,г-жа Уварова Вероника Афанасьевна,1975-05-12
2298,Steven Mendez,1987-08-25
2299,Carolyn Lewis,1971-04-15
2300,Gina Gardner,2001-11-26
2301,Спартак Эдгардович Шубин,1972-12-17
2302,Amanda Miller,1970-03-21
2303,Панкрат Гертрудович Филатов,2000-08-18
2304,Яковлева Лора Тимуровна,1970-09-27
2305,Samantha Lopez,1975-08-20
2306,Mr. Steven Hill,1968-08-09
2307,Joel Rowland,1983-03-22
2308,Raymond Stanley,1972-06-29
2309,Лобанов Амвросий Вилорович,1979-01-05
2310,Kenneth Snyder,1968-06-12
2311,Matthew Murray,1999-12-12
2312,Alison Davis,1995-12-26
2313,Mr. Joel Delgado,1973-03-26
2314,Моисей Васильевич Фролов,1990-10-09
2315,Дмитриев Велимир Евсеевич,1984-05-06
2316,Carlos Vaughan,1969-03-03
2317,Sharon Key MD,1986-02-04
2318,Sabrina Brown,1965-04-04
2319,Tracy Obrien MD,1999-04-20
2320,Ермил Всеволодович Логинов,1971-01-30
2321,Белов Гурий Авдеевич,1995-06-08
2322,Becky Olson,1975-02-18
2323,Евдокия Макаровна Максимова,1989-01-16
2324,Ian Edwards,1976-10-26
2325,Максимильян Даниилович Гаврилов,1981-09-22
2326,Colin Walker,2001-10-29
2327,Kyle Morgan,1984-02-08
2328,Гордей Ерофеевич Ермаков,1971-06-05
2329,Bobby Allen,1971-04-30
2330,Клавдий Ааронович Шашков,1976-11-21
2331,Nathan French,1977-08-19
2332,Варвара Альбертовна Богданова,1968-06-22
2333,Jordan Schmidt,1971-06-06
2334,Diane Tucker,1980-05-25
2335,Rodney Ward,1984-09-12
2336,Tina Charles,1972-06-05
2337,Joseph Jackson,1978-11-11
2338,Егор Анисимович Устинов,1962-04-15
2339,Jordan Wise,1988-03-04
2340,Brittany Taylor,1986-09-13
2341,Карл Феликсович Евсеев,1979-08-11
2342,Борисова Марфа Ждановна,1965-05-10
2343,Ия Алексеевна Селезнева,1965-07-06
2344,Юлия Архиповна Колобова,1995-12-11
2345,Andrea Walker,1961-11-03
2346,Wayne Alexander,1972-06-10
2347,Фаина Львовна Лазарева,1984-01-04
2348,Фомин Авдей Яковлевич,1995-02-28
2349,Пахомова Ксения Геннадьевна,1993-04-30
2350,John Gonzales,1969-03-10
2351,Логинова Прасковья Валентиновна,1989-08-14
2352,Dawn Knight,1960-06-10
2353,Милица Кузьминична Соловьева,2003-10-26
2354,Jody Medina,1972-06-07
2355,Сорокина Агафья Эдуардовна,1970-10-18
2356,Гущин Осип Данилович,1987-09-26
2357,Gabriel Johnson,1993-09-20
2358,Пелагея Архиповна Шарапова,1984-10-15
2359,Олимпиада Ивановна Кулакова,1970-08-08
2360,Ковалева Галина Антоновна,1984-11-01
2361,Michael Arnold,1994-03-13
2362,Воронцова Зинаида Артемовна,1996-02-21
2363,Heather Henson,1977-03-11
2364,Любовь Ильинична Аксенова,1987-08-24
2365,Владлен Иларионович Рожков,1967-03-12
2366,Колесникова Евпраксия Леоновна,1993-03-19
2367,Brett Harris,2003-09-11
2368,Полина Антоновна Баранова,1981-10-23
2369,Василиса Валериевна Красильникова,1971-01-16
2370,Eric Smith,1969-11-29
2371,Ипатий Ермолаевич Большаков,1987-05-06
2372,Ульяна Кузьминична Евсеева,1967-10-14
2373,Katherine Burnett,1972-07-14
2374,Елена Эдуардовна Лобанова,1970-09-17
2375,Adam Newton,1979-07-10
2376,Valerie Burke,1986-11-25
2377,Matthew Young,1980-01-05
2378,Вишняков Фирс Елисеевич,1964-07-02
2379,Richard Guzman,1978-04-29
2380,Kayla Mitchell,1979-11-07
2381,Яковлев Мокей Григорьевич,1999-11-02
2382,Ермолай Валерьянович Виноградов,1987-08-04
2383,John Ryan,1961-01-12
2384,Christopher Lewis,1972-03-09
2385,Гусева Тамара Кузьминична,1990-03-15
2386,Екатерина Андреевна Козлова,1995-06-02
2387,Sara Nichols,1975-05-10
2388,Кириллова Валерия Романовна,1982-05-21
2389,Austin Scott,1977-05-26
2390,Stephanie Hogan,1987-03-17
2391,Никифор Устинович Воробьев,1966-06-25
2392,Anthony Peters,1986-12-16
2393,Brandon Price,1990-08-25
2394,Бирюков Варлаам Харлампьевич,1995-05-08
2395,Александра Викторовна Полякова,1969-10-10
2396,Носков Лаврентий Фролович,1978-03-04
2397,Дмитрий Гавриилович Ефимов,1992-01-26
2398,Ираида Леоновна Копылова,1970-05-10
2399,Савин Лука Афанасьевич,1999-05-16
2400,Эрнст Филиппович Вишняков,1961-02-01
2401,Charles Fowler,1985-04-08
2402,Филиппов Радим Валентинович,1991-04-17
2403,Мокей Эдгарович Белоусов,1991-12-26
2404,Emily Patterson,1977-06-11
2405,Christopher Payne,1976-02-16
2406,София Викторовна Костина,1982-01-08
2407,Ковалев Галактион Федосьевич,1979-12-23
2408,Aaron Johnson,1964-01-05
2409,г-жа Аксенова Кира Артемовна,1975-08-15
2410,Ладимир Григорьевич Селезнев,1976-06-11
2411,Brad Lee,1971-08-28
2412,Юлия Рудольфовна Беляева,1967-07-24
2413,Виноградова Жанна Викторовна,1986-04-06
2414,Abigail Mcmillan,1986-11-15
2415,Peter Howell,1968-10-11
2416,John Ford,2003-12-03
2417,Ангелина Анатольевна Шарапова,1962-02-25
2418,Jennifer Evans,1964-01-14
2419,Todd Riddle,1967-02-14
2420,Воронова Алина Эльдаровна,1991-03-11
2421,David Hopkins,1971-03-26
2422,Силина Вероника Эдуардовна,2001-10-22
2423,Нестор Марсович Беспалов,1966-09-07
2424,Петрова Антонина Аркадьевна,1998-07-05
2425,Моисеева Прасковья Вениаминовна,1999-01-26
2426,Miss Lisa Riley,1970-04-11
2427,Савельева Элеонора Тарасовна,1967-06-23
2428,Kimberly Collins,1970-05-26
2429,Rachel Berry,1987-11-08
2430,Спартак Ермилович Ширяев,1989-05-13
2431,David Black,1999-02-09
2432,Angela Mills,2002-03-26
2433,Samantha Wilson,1972-12-05
2434,Craig Davis,2002-04-03
2435,Афиноген Яковлевич Емельянов,1967-07-14
2436,Олимпиада Дмитриевна Орлова,1996-03-25
2437,Maurice Hansen,1987-01-12
2438,Stephanie Marquez,1963-01-08
2439,Joshua Nash,1972-01-26
2440,Danielle Doyle,1968-01-07
2441,Alicia Adams,1994-12-12
2442,Павлов Тихон Юльевич,1994-02-16
2443,София Анатольевна Васильева,1968-01-10
2444,Валерия Романовна Рожкова,2001-10-24
2445,Романов Егор Всеволодович,1995-04-19
2446,Шарапова Глафира Васильевна,1998-05-15
2447,Попова Ирина Владимировна,1972-03-19
2448,Jennifer Chandler,1960-12-05
2449,Mary Roberts,2000-02-21
2450,Ладислав Евсеевич Якушев,1966-01-20
2451,Антип Артемьевич Ефимов,1981-01-15
2452,Козлова Глафира Вениаминовна,1965-12-07
2453,Ермакова Маргарита Константиновна,1987-04-26
2454,Wanda Moss,1985-09-28
2455,Robert Moore,1980-09-28
2456,Матвеев Ростислав Валентинович,1967-11-09
2457,Julia Chen,1992-01-01
2458,Тихонова Мария Кузьминична,1988-09-17
2459,Diane Dixon,1961-11-23
2460,Ермолай Аверьянович Андреев,1976-12-05
2461,Нинель Афанасьевна Филиппова,1972-11-18
2462,Евпраксия Болеславовна Мухина,1995-11-01
2463,Белов Мечислав Фокич,1993-10-31
2464,Фёкла Васильевна Русакова,1984-04-15
2465,Andrew Adams,1999-11-13
2466,Kathy Williams,2003-02-27
2467,Jennifer Gonzalez,1983-04-24
2468,Модест Демьянович Капустин,1987-02-28
2469,Melissa Murphy,1997-07-28
2470,William Clark,1993-09-18
2471,Ладимир Фокич Исаков,2002-01-09
2472,Юлия Вячеславовна Степанова,1982-07-27
2473,Sarah Mora,1965-08-30
2474,Donna Sutton,1969-04-12
2475,Силина Анастасия Георгиевна,1976-06-26
2476,Ronald Cook,1965-03-07
2477,Brianna Davis,1978-07-01
2478,София Ильинична Селезнева,1973-06-08
2479,Дарья Рудольфовна Медведева,1974-02-09
2480,г-жа Кононова Кира Руслановна,1993-08-28
2481,Мартынов Флорентин Даниилович,1979-07-15
2482,David Johnson,1993-08-28
2483,Орлов Сократ Филимонович,1998-10-23
2484,Edward Hernandez,1994-01-13
2485,Elizabeth Barber,1989-02-11
2486,Christopher Morales,1977-10-11
2487,Анна Эдуардовна Михеева,1960-09-25
2488,Calvin Turner,2000-07-14
2489,Аполлинарий Бориславович Дорофеев,1981-11-01
2490,Дроздов Иосиф Юльевич,1991-12-23
2491,Будимир Аксёнович Давыдов,1999-07-31
2492,Андреев Евдоким Елизарович,1965-11-06
2493,Емельянов Ярополк Августович,1962-04-21
2494,Мариан Викентьевич Буров,1966-07-12
2495,Matthew Hamilton,2001-05-23
2496,Кулагин Глеб Гавриилович,1976-10-11
2497,Самуил Борисович Евдокимов,1980-11-11
2498,Paul Smith,1999-10-16
2499,Lisa Davis,1979-06-10
2500,Мартынов Бронислав Феоктистович,1973-03-09
2501,Ираида Афанасьевна Павлова,1982-12-28
2502,Ashley Collins,1961-10-25
2503,Tabitha Jones,1998-12-18
2504,Joseph Hamilton,1963-01-15
2505,Элеонора Дмитриевна Юдина,1968-09-04
2506,Никонова Ксения Тарасовна,1982-09-24
2507,Степанов Епифан Германович,1964-07-17
2508,Валентина Григорьевна Сазонова,1991-11-24
2509,Krystal Smith,1962-09-08
2510,Савельева Агата Оскаровна,1969-10-23
2511,Sharon Harrison,1976-08-26
2512,Алла Семеновна Бобылева,1978-02-04
2513,Силин Платон Анатольевич,1987-06-30
2514,Ираида Феликсовна Русакова,1987-11-22
2515,Иванна Борисовна Гаврилова,1976-07-03
2516,Лукина Евфросиния Харитоновна,1983-03-11
2517,Joshua Bell,1999-08-19
2518,Зайцев Давыд Афанасьевич,1981-11-13
2519,Лебедев Богдан Артемьевич,1983-01-20
2520,Анжела Артемовна Дорофеева,1994-12-16
2521,Jamie Williams,1993-08-05
2522,Jamie Ray,1963-01-07
2523,Justin Wright,1966-11-17
2524,Alexandria Parker,1976-12-13
2525,Устинов Илья Венедиктович,1992-01-15
2526,Ладислав Фролович Королев,1992-05-30
2527,Joseph Yates,1966-06-16
2528,Григорьева Наина Мироновна,2001-01-16
2529,Станимир Бенедиктович Блохин,1987-09-02
2530,Лора Петровна Князева,1977-09-09
2531,Кудряшов Эммануил Александрович,1961-12-22
2532,Архип Эдуардович Соловьев,2002-10-10
2533,Павлова Раиса Петровна,1978-10-07
2534,Thomas Sweeney,1978-09-24
2535,Joseph Reynolds,1999-08-13
2536,Прокофий Гаврилович Самсонов,1984-07-15
2537,Eric Dixon,2001-02-02
2538,Киселев Андрей Даниилович,1962-12-21
2539,Хохлов Всемил Игнатович,1961-09-05
2540,Дмитриев Олег Якубович,1981-08-25
2541,Krista Hill,1969-10-29
2542,Терентьева Агата Георгиевна,1967-06-06
2543,David Bryant,1982-02-19
2544,Бурова Александра Леонидовна,1990-01-10
2545,Антонина Григорьевна Щербакова,2000-05-05
2546,Гаврила Данилович Терентьев,1992-08-26
2547,Michael Solomon,1998-02-26
2548,Русакова Марфа Валентиновна,2002-11-27
2549,Оксана Даниловна Симонова,1985-01-20
2550,Andrew Cooper,2000-06-06
2551,Dr. Sara Morris DDS,1974-10-30
2552,Samantha Rivas,1974-08-24
2553,Clayton Rogers,1989-12-14
2554,Brian Daniel,1992-02-22
2555,Amanda Farley,1990-08-14
2556,Пестов Венедикт Германович,1986-08-21
2557,Paul Cole,1971-01-01
2558,Медведева Анжелика Анатольевна,1960-12-30
2559,Лидия Владиславовна Мишина,1972-03-17
2560,Октябрина Анатольевна Субботина,1982-10-28
2561,Святополк Гавриилович Семенов,2003-08-20
2562,Amber Vasquez,1978-02-25
2563,Максимова Ксения Вячеславовна,1986-07-17
2564,Федор Архипович Капустин,1998-09-19
2565,Тихонова Мария Макаровна,1996-12-18
2566,Осип Анисимович Фадеев,1970-01-11
2567,Wendy Brown,1969-10-27
2568,Katherine Mason,1971-02-27
2569,Суханова Элеонора Владиславовна,1966-11-15
2570,Lori Rojas,1991-04-13
2571,Pamela Stanley,1976-04-13
2572,Князев Вацлав Ефремович,1977-12-08
2573,Милица Васильевна Антонова,1974-11-09
2574,Панов Евдоким Фадеевич,1970-11-17
2575,Васильева Акулина Кузьминична,1981-08-01
2576,Michelle Watkins,1989-09-25
2577,Богданова Галина Николаевна,1974-01-30
2578,Lisa Cain,1962-07-21
2579,Лапин Фока Артурович,1996-07-23
2580,Ширяев Павел Ануфриевич,1978-07-31
2581,Козлов Всеслав Даниилович,1961-05-16
2582,Рюрик Авдеевич Ефимов,1976-08-12
2583,Лаврентий Валерьевич Сергеев,1970-07-28
2584,Трофимова Пелагея Константиновна,1982-01-23
2585,Daniel Scott,1977-10-11
2586,Carlos Castro,1978-03-07
2587,Воронцова Алина Тарасовна,1970-07-19
2588,Шилова Евфросиния Эльдаровна,1987-05-22
2589,Kristy Waller,1975-01-28
2590,Голубев Устин Викторович,1974-09-03
2591,Cathy Rowe,1998-04-09
2592,Нинель Михайловна Горбачева,1963-09-07
2593,Леонтий Ефимьевич Харитонов,1993-01-29
2594,Ян Богданович Александров,1984-03-28
2595,Третьякова Пелагея Ивановна,2000-03-20
2596,Юлия Игоревна Новикова,2003-07-07
2597,Kathy Smith,1991-04-13
2598,Terry Fisher,1962-04-21
2599,Глафира Егоровна Зуева,1967-12-19
2600,Мина Демьянович Калашников,1973-01-26
2601,Julia Castaneda,1976-06-14
2602,Bryan White,2001-03-07
2603,Anthony Brady,1976-01-10
2604,Erin Mills,1963-12-04
2605,Дарья Валериевна Колобова,2000-01-19
2606,Доброслав Харлампьевич Макаров,1964-06-25
2607,Горбунов Любомир Григорьевич,1986-02-22
2608,Федотов Всеслав Аксёнович,1961-10-09
2609,Renee Walton,1996-11-05
2610,Carl Nguyen,1995-06-01
2611,Вишнякова Синклитикия Аскольдовна,1977-07-13
2612,James Chen,1981-12-30
2613,Евгения Захаровна Терентьева,1986-08-13
2614,Александрова Нонна Матвеевна,1997-07-15
2615,Justin Hickman,1997-04-24
2616,William Hernandez,1966-03-21
2617,Тит Эдгардович Жуков,1987-03-11
2618,Terri Hall,1967-01-22
2619,Mark Hernandez,1991-05-25
2620,Daniel Lane,1982-04-08
2621,Matthew Kelley,1990-11-28
2622,Мухин Андроник Ерофеевич,1977-08-24
2623,Peter Lee,1989-10-30
2624,Борислав Игнатович Веселов,1981-03-15
2625,Emma Wilson,1976-02-03
2626,David Brown,1973-09-29
2627,Аполлинарий Ефимович Ермаков,1991-08-27
2628,Robert Huber,1978-10-01
2629,James Wilcox,1970-07-19
2630,Craig Robinson,1997-12-31
2631,Варвара Олеговна Шилова,1974-08-26
2632,Лавр Бориславович Крюков,1980-09-09
2633,Элеонора Борисовна Смирнова,1966-12-18
2634,Молчанов Зиновий Матвеевич,1962-08-20
2635,Kristen Peterson,1965-04-12
2636,Фаина Юрьевна Лапина,1980-02-20
2637,Андреев Марк Валерьевич,1992-06-02
2638,Ульяна Натановна Ситникова,1994-07-22
2639,Олимпиада Евгеньевна Шарова,1974-05-09
2640,Craig Pearson,1992-03-27
2641,Глеб Зиновьевич Беляев,1978-05-21
2642,Семен Андреевич Моисеев,1988-11-25
2643,Lisa Johnson,1990-02-16
2644,Angelica Patterson,1986-05-12
2645,Соловьева Иванна Константиновна,1991-10-23
2646,Модест Феоктистович Соловьев,1981-03-24
2647,Randy Lowery,1976-05-03
2648,Гришина Ирина Олеговна,1968-08-03
2649,Зайцева Акулина Анатольевна,1962-03-12
2650,Никифоров Валерий Герасимович,1998-04-07
2651,John Hernandez,1977-06-22
2652,Рюрик Вячеславович Суворов,1982-04-27
2653,Евгения Даниловна Мухина,2003-05-10
2654,Ираида Альбертовна Ефремова,1991-10-23
2655,Michael Obrien,1980-03-02
2656,Эрнест Давидович Степанов,1974-08-31
2657,Peter Garcia,1991-09-24
2658,Комаров Ким Ярославович,1974-02-13
2659,Isabel Castillo,1993-09-16
2660,Jodi Campbell,1991-05-24
2661,Кузьмин Антип Демидович,1998-12-27
2662,Abigail Colon,2002-10-22
2663,Михеев Вячеслав Дорофеевич,1964-03-07
2664,София Романовна Агафонова,1975-01-03
2665,Гордеева Евгения Константиновна,1999-08-31
2666,Эмилия Артемовна Гордеева,1983-01-01
2667,Nicholas Watts,2002-12-06
2668,Фирс Артёмович Шилов,1969-01-26
2669,Steven Landry,1978-09-29
2670,Потап Виленович Семенов,1960-05-31
2671,Samantha Estrada,1991-11-29
2672,Милица Валериевна Хохлова,1987-08-01
2673,Пимен Александрович Костин,1960-02-14
2674,Королева Наталья Алексеевна,1994-08-11
2675,Abigail Wilkerson,1982-06-23
2676,Виктория Алексеевна Сафонова,1966-08-18
2677,Агафон Игнатьевич Мясников,1989-07-18
2678,Amy Schneider,1993-05-17
2679,Melissa Jordan,1983-10-24
2680,Федоров Софрон Фадеевич,1983-09-19
2681,Andrea Cortez,1987-06-22
2682,Martha Joseph,1968-10-27
2683,Симонова Жанна Богдановна,2002-08-09
2684,Jennifer Medina,1961-10-07
2685,Журавлева Надежда Болеславовна,1992-04-03
2686,Katrina Walker,1973-01-06
2687,Stephanie Romero,1993-11-25
2688,Титова Ульяна Феликсовна,1972-10-05
2689,Аполлон Феоктистович Муравьев,1978-04-09
2690,Michael Dunn,2003-04-16
2691,Angela Brandt,1981-04-14
2692,Taylor Bass,1978-09-19
2693,Roy Taylor,2001-01-01
2694,Ryan Peterson,1985-08-26
2695,Сазонова Нинель Никифоровна,1974-02-19
2696,Kent Rich,1969-12-30
2697,Радислав Валерьянович Богданов,1973-06-20
2698,Timothy Medina,1998-03-23
2699,Евфросиния Кузьминична Кошелева,1970-04-17
2700,Jasmine Williams,1985-12-30
2701,Станислав Арсеньевич Шилов,1971-11-26
2702,Ипат Игоревич Фадеев,1970-04-13
2703,Самуил Егорович Большаков,2002-09-14
2704,Charlotte Hill,1970-09-20
2705,Зинаида Рудольфовна Ильина,1979-04-16
2706,Максимильян Викторович Гущин,1963-05-31
2707,Melissa Diaz,1972-04-10
2708,Angela Young,2000-05-07
2709,Emily Edwards,1978-09-11
2710,Феврония Макаровна Фадеева,1998-12-17
2711,Todd Anderson,1995-08-24
2712,Kelsey Leonard,1995-05-07
2713,Симон Тимурович Комиссаров,1986-12-04
2714,Spencer Berry,1982-04-11
2715,Marie Spencer,1969-07-28
2716,Sheila Edwards,1984-10-10
2717,Колесников Пантелеймон Вячеславович,1965-03-13
2718,Vincent Rogers,2001-07-09
2719,Brian Walsh,1985-02-25
2720,Linda Rivera,1967-12-13
2721,Nichole Patel,1968-12-25
2722,Русакова Нинель Григорьевна,1979-04-07
2723,Ангелина Вячеславовна Романова,1989-01-05
2724,Логинов Спиридон Эдуардович,1981-07-11
2725,Харитон Адамович Антонов,1965-10-28
2726,Eric Johnson,1992-10-15
2727,Муравьев Николай Захарьевич,1989-06-28
2728,тов. Пономарева Пелагея Геннадиевна,1971-07-14
2729,Радован Арсенович Журавлев,2000-08-21
2730,Ширяева Нинель Романовна,1992-09-15
2731,Третьякова Антонина Феликсовна,1964-05-18
2732,Sherry Simpson,1972-12-14
2733,Крюкова Клавдия Николаевна,1984-04-29
2734,Gary Wheeler,1988-08-30
2735,Смирнов Федосий Арсеньевич,1966-12-23
2736,James Wallace,1998-04-07
2737,David Medina,2002-10-10
2738,Нонна Сергеевна Фадеева,1994-12-05
2739,Nicole Mcdonald,1994-01-08
2740,Kayla Lambert,2003-04-17
2741,Абрамова Наталья Васильевна,1994-04-24
2742,Мельников Платон Трофимович,1965-06-12
2743,Breanna Watts,1997-06-18
2744,Carol Robinson,1980-11-14
2745,Isabella Elliott,1981-08-02
2746,Edgar Rogers,1972-06-25
2747,Elizabeth Smith,1975-12-24
2748,Christina Wells,1975-11-05
2749,Парфен Ерофеевич Цветков,1996-03-07
2750,Кузнецова Людмила Кирилловна,2002-05-21
2751,Елисеева Надежда Валериевна,1960-10-25
2752,Derek Brown,1987-10-29
2753,Jason Eaton,1995-08-02
2754,Brett Martin,1962-11-05
2755,Оксана Ивановна Исакова,1975-05-06
2756,Осипов Пахом Афанасьевич,1996-07-26
2757,Shane Anderson,1968-09-16
2758,Карпова Глафира Владиславовна,2001-06-24
2759,Leah Escobar,1975-10-06
2760,Полина Оскаровна Богданова,1998-04-14
2761,Елена Архиповна Жукова,1993-12-11
2762,Ираклий Иларионович Мельников,1996-03-18
2763,Katie Stein,1996-05-31
2764,Виссарион Харламович Данилов,1967-07-07
2765,Шубина Феврония Оскаровна,1988-08-05
2766,Никодим Герасимович Брагин,1986-04-20
2767,April Bailey,1963-01-01
2768,Maria Kelly,1993-05-27
2769,Анжела Никифоровна Артемьева,1989-06-21
2770,Trevor Pollard,1995-01-09
2771,Ларионов Сократ Эдгарович,1994-07-30
2772,Алексей Фролович Колесников,1974-06-15
2773,Michael Morrow,1968-12-06
2774,Richard Brown,1961-08-19
2775,Данилов Амвросий Всеволодович,1960-03-01
2776,William Lowe,1960-10-07
2777,Brandon Benjamin,2001-11-22
2778,Ермаков Мефодий Артурович,1975-03-12
2779,Красильникова Вероника Святославовна,1997-07-26
2780,Филатова Галина Андреевна,1974-02-19
2781,April Howe,1963-10-28
2782,Майя Андреевна Смирнова,1964-04-21
2783,Dorothy Giles,1985-03-08
2784,Michael Williams,1986-08-05
2785,Пахомов Эмиль Евстигнеевич,1982-03-05
2786,Jason Barnes,1984-09-28
2787,John Brown,1975-04-14
2788,Анна Матвеевна Суханова,1996-05-15
2789,Борис Ефремович Маслов,1997-06-19
2790,Micheal Schaefer,1971-01-14
2791,Кира Захаровна Захарова,1996-11-17
2792,Артемьева Ангелина Альбертовна,1961-09-29
2793,Mitchell Jensen,1962-06-18
2794,Mary Owen,1989-10-27
2795,Matthew Flores,1966-02-21
2796,Nathan Ayala,1996-08-03
2797,Станимир Валерьевич Денисов,1966-11-12
2798,Моисеева Лариса Васильевна,1998-02-12
2799,Галина Константиновна Гаврилова,1963-05-03
2800,Brian Coleman,1976-04-26
2801,Эраст Марсович Селезнев,1973-10-31
2802,Corey Pugh,1978-04-02
2803,Лихачева Ульяна Сергеевна,1972-10-15
2804,Осипов Варлаам Теймуразович,1991-12-06
2805,Степан Валентинович Крюков,1966-03-01
2806,Robert Edwards,1987-01-17
2807,Karen Mendoza,1964-06-28
2808,Елизавета Никифоровна Егорова,1964-04-08
2809,Troy Gordon,1994-06-13
2810,Богданов Ладимир Ааронович,1999-11-07
2811,Мельникова Варвара Федоровна,1985-11-08
2812,Сысоев Спиридон Викентьевич,1995-11-26
2813,Карл Антонович Блинов,1962-03-15
2814,Марфа Мироновна Новикова,1997-09-29
2815,Julie Evans DVM,1993-11-10
2816,Timothy Watts,1998-07-17
2817,Аркадий Демьянович Панов,1991-12-22
2818,Lori White,1985-11-24
2819,Sandra Palmer,1984-06-29
2820,Тимофеев Ладислав Матвеевич,1984-10-10
2821,Randall Richards,1964-07-03
2822,Debra Freeman,1993-09-29
2823,Melissa Thompson,1973-12-28
2824,Renee Mann,1978-11-06
2825,Попова Майя Эльдаровна,1974-12-13
2826,Клавдия Александровна Уварова,1962-05-02
2827,Стоян Марсович Шарапов,1964-03-25
2828,Lisa Peck,1986-05-22
2829,Кириллов Михей Ярославович,1999-12-26
2830,Герман Трифонович Кононов,1981-01-17
2831,Gregory Lucero,1978-03-18
2832,Ashley Sellers,1971-11-09
2833,Валентина Рубеновна Пестова,2002-02-24
2834,Candace Moore,1995-08-15
2835,Игнатова Галина Павловна,1974-12-26
2836,Алина Леонидовна Петрова,1989-02-01
2837,Melanie Strong,1991-06-07
2838,Mckenzie Pratt,1988-04-18
2839,Marc Johnson,1981-02-04
2840,Терентьев Феофан Харитонович,1991-10-07
2841,Лазарь Григорьевич Попов,1993-02-05
2842,Gregory Lee,1998-09-30
2843,Ashley Guerrero,1970-09-14
2844,Jose Gallagher,1960-03-27
2845,Matthew Garcia,1999-04-03
2846,Соколова Пелагея Дмитриевна,1995-08-24
2847,Danielle Jackson,1997-10-05
2848,Зуева Валерия Харитоновна,1984-07-24
2849,Белоусов Прокофий Анисимович,1979-04-11
2850,Агафья Матвеевна Стрелкова,1989-11-30
2851,Соловьева Анастасия Геннадьевна,1997-01-03
2852,James Tran,1975-06-11
2853,Корнилова Евгения Геннадиевна,2003-09-05
2854,Daniel Vance,2000-11-07
2855,Alexander Watson,1972-01-31
2856,Горбунов Елизар Феодосьевич,1998-05-27
2857,Erin Butler,1991-09-16
2858,Шубин Архип Гурьевич,1989-01-30
2859,Joseph Hill,1960-01-24
2860,Mark Jensen,1978-03-11
2861,Michael Mason,1993-07-01
2862,Майя Никифоровна Мишина,1965-10-01
2863,Heidi Colon,1996-07-13
2864,Norma Allen,1965-05-19
2865,James Fox,1971-02-28
2866,Киселев Севастьян Тимурович,1961-10-20
2867,Лукина Наталья Леонидовна,1971-03-19
2868,Andrew Hutchinson,1992-10-19
2869,Константинов Филипп Вячеславович,1977-09-15
2870,Лебедева София Алексеевна,1969-10-13
2871,Гремислав Эдгарович Лукин,1965-01-19
2872,Shannon Austin,1989-03-28
2873,Вера Петровна Евдокимова,1964-12-19
2874,Michelle Oliver,1960-08-13
2875,Федосеева Глафира Георгиевна,1975-04-24
2876,Ладимир Ефремович Овчинников,1966-06-23
2877,Олимпиада Романовна Исаева,1989-01-24
2878,Natalie Ramirez,1998-12-21
2879,Анисимова Жанна Семеновна,2003-11-02
2880,Измаил Игнатович Филатов,1989-08-01
2881,Jordan Hernandez,1972-05-03
2882,Цветков Арефий Елисеевич,1969-01-15
2883,Mrs. Christine Carr MD,1966-07-18
2884,Якушев Радим Всеволодович,1975-11-04
2885,тов. Архипов Спартак Арсеньевич,1989-11-13
2886,Michael Daniels,1989-09-16
2887,Гусев Михаил Аксёнович,1981-12-06
2888,Jeffrey Freeman,1979-08-16
2889,Ульяна Рудольфовна Медведева,1960-02-20
2890,Наумова Тамара Руслановна,1967-02-11
2891,Игнатова Лукия Захаровна,1999-11-16
2892,Rita Rivera,1993-07-26
2893,Анна Оскаровна Данилова,1972-12-19
2894,Лонгин Феодосьевич Михеев,1964-12-14
2895,Angela Hickman,1966-04-24
2896,Лариса Никифоровна Григорьева,1967-12-10
2897,Тамара Сергеевна Виноградова,1960-08-13
2898,Борислав Фёдорович Гуляев,1994-03-17
2899,Brandi Martin,1986-04-22
2900,Белозеров Порфирий Владиславович,1973-08-07
2901,Cynthia George,1980-02-27
2902,Александров Валерий Ермилович,1998-10-01
2903,г-н Маслов Эммануил Жанович,1981-05-22
2904,Pamela Thomas,1972-02-04
2905,Кондратьев Юрий Иларионович,1969-11-22
2906,Василиса Игоревна Лаврентьева,1965-12-27
2907,Анисим Игнатович Тарасов,1970-07-07
2908,Michelle Schwartz,1977-04-01
2909,София Афанасьевна Гурьева,2002-07-19
2910,Russell Taylor,1988-10-16
2911,Holly Turner,1964-12-04
2912,Данилова Екатерина Владимировна,1976-08-19
2913,Chelsea Duran,1990-12-12
2914,Осипова Нина Валентиновна,1998-09-01
2915,Joshua Miller,1995-11-11
2916,Лидия Викторовна Елисеева,1978-02-09
2917,Мефодий Яковлевич Крылов,1985-06-10
2918,Kristine Estrada,1964-10-21
2919,Александров Мечислав Анатольевич,1972-09-07
2920,Амос Федосеевич Князев,1970-12-16
2921,Melanie Jones,1989-12-25
2922,Donna Mitchell,1998-05-23
2923,John Knight,1995-11-03
2924,Erin Green,2001-05-08
2925,Жданова Ираида Макаровна,1982-04-18
2926,Audrey Collins,1960-02-25
2927,Прохорова Евфросиния Кирилловна,1960-11-16
2928,Дорофеев Кир Иосипович,1990-12-08
2929,Kathleen Mcdonald,1978-10-29
2930,Norman Williams,1960-01-24
2931,Феврония Альбертовна Чернова,1968-05-27
2932,Милица Степановна Дмитриева,1973-09-28
2933,Alan Guerra,1979-01-21
2934,Лора Кирилловна Фокина,1996-02-03
2935,Орехова Светлана Никифоровна,1968-12-12
2936,Kristin Meyer,1990-01-17
2937,Anthony Tucker,1986-12-26
2938,Lisa Turner,1976-01-04
2939,Громов Трифон Иларионович,1981-03-01
2940,Leah Williams,1999-12-07
2941,Власов Савелий Алексеевич,1962-01-20
2942,Michael Pearson,1976-01-04
2943,Новикова Элеонора Викторовна,1970-10-26
2944,Shannon Lyons,1982-02-13
2945,Владимирова Лариса Тимофеевна,2002-12-13
2946,Tina Trujillo,1990-12-09
2947,Елена Игоревна Павлова,1985-05-08
2948,Erik Hamilton,1970-05-17
2949,Раиса Рудольфовна Медведева,1961-12-19
2950,Копылова Людмила Николаевна,1978-07-01
2951,Erin Mcdowell,1993-02-17
2952,Лукия Никифоровна Карпова,1990-07-18
2953,Eric Flynn,1984-08-09
2954,Лукин Арсений Всеволодович,1966-02-01
2955,Субботина Зинаида Ефимовна,1969-08-15
2956,Кира Валентиновна Стрелкова,1964-05-05
2957,Олимпиада Ильинична Журавлева,1960-07-10
2958,Martin Banks,1978-05-09
2959,Волкова Регина Болеславовна,1972-07-30
2960,Jeffrey Jones,1999-11-30
2961,Харитонов Милован Денисович,1969-05-18
2962,Демид Зиновьевич Рожков,2001-06-05
2963,Ларионов Иосиф Бориславович,1965-04-30
2964,г-жа Киселева Евпраксия Валентиновна,1971-03-25
2965,Joseph Travis,1984-01-31
2966,Christine Robertson,2002-02-01
2967,Melissa Gilbert,1961-12-24
2968,Надежда Вениаминовна Михеева,1972-06-05
2969,Crystal Munoz,1989-06-26
2970,David Bowman,1992-09-07
2971,Казаков Милен Игнатьевич,1997-10-09
2972,Михаил Дорофеевич Ермаков,1969-09-14
2973,Edward Rivera,1999-10-23
2974,Зыкова Пелагея Рудольфовна,1963-12-24
2975,Brian Drake,1970-04-15
2976,Alan Bowen DVM,1972-06-15
2977,Варлаам Викторович Комаров,1991-03-28
2978,Шаров Аскольд Игоревич,1976-01-04
2979,Cory Gomez,1984-12-14
2980,Michael Williams,1961-03-16
2981,Benjamin Henderson,2003-12-28
2982,Jennifer Wong,1960-12-15
2983,Tony Mills,1968-08-20
2984,Никонова Галина Леонидовна,1967-01-15
2985,Ираида Святославовна Костина,1962-01-10
2986,Richard Hanson,1968-10-13
2987,Amber Palmer,1968-11-12
2988,Гордеев Спиридон Гертрудович,1980-09-02
2989,Анатолий Антипович Котов,1980-02-29
2990,Субботин Нестор Ааронович,1966-01-12
2991,Макарова Эмилия Павловна,1992-07-21
2992,Allen Davis,1969-02-27
2993,Русаков Леонид Ярославович,1993-12-08
2994,Mary Wallace,1973-06-09
2995,Brittany Cooper,1979-05-15
2996,Мария Васильевна Третьякова,1962-11-02
2997,Carol Sanchez,1967-02-19
2998,Аникита Димитриевич Лихачев,1960-05-04
2999,г-н Селезнев Всеслав Гертрудович,1961-07-29
3000,Paul Long,1990-09-13
3001,Jonathan Brown,1978-11-09
3002,Русакова Марина Константиновна,1994-04-16
3003,Андреев Евгений Ааронович,1963-04-14
3004,Пантелеймон Артурович Исаков,1964-11-11
3005,Панкратий Эдгардович Тихонов,1991-05-21
3006,Denise Green,1971-12-09
3007,Emily Pierce,1992-01-06
3008,Jason Moore,1990-05-17
3009,Devin Dorsey,2000-05-30
3010,Taylor Perez,2000-04-28
3011,Elizabeth Huynh,1986-04-08
3012,Ann Galvan,1999-10-05
3013,Нестерова Елизавета Вениаминовна,1997-03-05
3014,Nathaniel Gonzalez,1983-11-26
3015,Ashley Perez,1969-09-02
3016,Barry Johnson,1979-01-22
3017,Емельянов Ипатий Викентьевич,1997-07-13
3018,Joseph Brown,1972-07-10
3019,Зиновий Антонович Киселев,1987-03-13
3020,Ксения Валериевна Елисеева,1992-11-24
3021,Jessica Barry,1997-06-25
3022,Цветков Юлиан Валерианович,1978-03-15
3023,тов. Ситникова Зинаида Георгиевна,1994-08-27
3024,Lauren Peterson,2001-08-05
3025,Дьячков Лонгин Глебович,1986-01-29
3026,Милица Болеславовна Шилова,1991-02-25
3027,Владимир Егорович Козлов,1962-05-31
3028,Орлов Афанасий Захарьевич,1991-05-31
3029,Jamie Curry,1998-06-13
3030,Шестакова Ксения Константиновна,1981-07-02
3031,Субботина Лукия Леонидовна,1989-02-20
3032,Rachel Reese PhD,1993-02-01
3033,Erica King,1962-05-15
3034,Angela Campbell,1984-03-06
3035,Keith Rice,1995-11-02
3036,Власова Ульяна Петровна,2000-09-23
3037,Лихачева Регина Богдановна,1998-07-02
3038,Megan Fisher,1999-09-03
3039,Евгения Максимовна Сазонова,1984-03-06
3040,Stacie Beck,1975-03-19
3041,Terry Bell,1964-03-12
3042,Кудрявцева Светлана Кирилловна,1974-11-23
3043,Melinda Park,1997-02-22
3044,Авксентий Ермолаевич Шилов,1979-03-09
3045,Еремей Ануфриевич Иванов,1997-08-02
3046,Куликова Жанна Федоровна,1996-01-06
3047,Ann Willis,1991-05-06
3048,Ashley Parker,1983-03-27
3049,Тарас Вячеславович Павлов,1979-11-04
3050,Мирон Артемьевич Фомин,1992-05-03
3051,Jessica Lopez,1963-08-06
3052,Mary Maldonado MD,1974-06-09
3053,Анжела Львовна Бурова,1990-07-25
3054,Сорокина Ольга Аскольдовна,1998-01-01
3055,Агафон Антипович Горбунов,1961-06-26
3056,Keith Carter,1994-12-28
3057,Алина Даниловна Крюкова,1989-10-28
3058,Roberto Thompson,1998-09-15
3059,Leonard Wood,1961-05-12
3060,тов. Сазонова Марфа Игоревна,1967-05-26
3061,Aimee Cook,1996-03-29
3062,Luis Ibarra,1963-08-21
3063,г-н Антонов Юлиан Филимонович,1968-07-16
3064,Зиновий Игоревич Терентьев,1996-02-16
3065,Гордеев Болеслав Димитриевич,1995-02-25
3066,Justin Garner,1989-01-17
3067,Мухина Клавдия Афанасьевна,1995-04-28
3068,Bill Simmons,2003-06-14
3069,Michael Sanders,1992-04-05
3070,Остромир Александрович Коновалов,1975-11-07
3071,Бобров Эраст Арсенович,1990-02-24
3072,Кондратий Авдеевич Кузнецов,2001-01-04
3073,Stephanie Mooney,1973-01-01
3074,Eduardo Parker,1971-09-13
3075,Светлана Вячеславовна Крюкова,1984-06-24
3076,Brooke Lewis,1986-12-06
3077,David Cook,1984-03-22
3078,Субботин Александр Артурович,1982-01-11
3079,Jennifer Guzman,1994-06-13
3080,Денисов Станислав Феофанович,1967-11-19
3081,Melissa Chavez,1972-12-17
3082,Daniel Gilbert,1995-05-12
3083,Христофор Теймуразович Бобылев,1977-01-07
3084,Прохоров Любосмысл Васильевич,1982-10-01
3085,Самсонова Оксана Руслановна,1961-03-06
3086,Богдан Артурович Горбачев,1962-03-11
3087,Ия Игоревна Федотова,1971-09-20
3088,Jerry Long,1976-12-13
3089,Зуев Лаврентий Венедиктович,1975-04-26
3090,Маслов Изот Алексеевич,1992-06-21
3091,Richard Morris,1983-10-11
3092,Коновалов Светозар Димитриевич,1976-12-10
3093,Jessica Hart,1970-07-30
3094,Кира Эльдаровна Ершова,1995-10-13
3095,Носков Владимир Филиппович,1970-03-22
3096,Jason Smith,1976-07-29
3097,David Harrell,1976-06-04
3098,Лыткин Изот Владиславович,1967-08-21
3099,Monica Wilson,1976-11-01
3100,Ms. Carrie Ramos,1984-10-13
3101,Catherine Fuller,1988-01-14
3102,Федот Матвеевич Фокин,1978-03-30
3103,Наина Харитоновна Самойлова,1978-05-26
3104,Sara Butler,1987-07-21
3105,Christopher Martinez,1987-09-22
3106,Анжела Ефимовна Ильина,1960-10-05
3107,Danielle White,1994-12-04
3108,Zachary Thornton,2002-02-06
3109,Lori Casey,1983-08-03
3110,Филиппов Олег Исидорович,1962-11-23
3111,Варфоломей Власович Крюков,1995-12-22
3112,Иларион Тарасович Михайлов,1965-06-28
3113,Jordan Smith,1971-05-05
3114,Walter Wells,1965-07-28
3115,David Peterson,2001-01-20
3116,Daniel Smith,1960-03-22
3117,Акулина Павловна Турова,1992-11-22
3118,Клавдия Ефимовна Власова,1998-06-10
3119,Mary Yang,1984-07-22
3120,Donna Bailey,1982-05-11
3121,Stacey Barnes,1971-03-03
3122,Jason Hickman,1976-12-16
3123,Megan Riley,1968-06-02
3124,Kaitlyn Moore,1962-11-17
3125,Герасимов Евстигней Вячеславович,1970-11-12
3126,Симонова Василиса Ждановна,1962-12-09
3127,Агафья Никифоровна Панова,1977-12-11
3128,Dylan Wilson,1973-03-28
3129,John Mueller,1983-05-27
3130,Karen Martinez,1990-01-12
3131,Mark Ward,1973-10-17
3132,Валерия Яковлевна Субботина,1967-02-11
3133,Максим Филиппович Гурьев,1999-06-13
3134,Кондрат Власович Михеев,1992-02-29
3135,Горбунов Рубен Давыдович,1992-05-25
3136,Linda Davis,1983-09-13
3137,Федотов Спартак Витальевич,1964-09-01
3138,Куликова Василиса Романовна,1994-11-29
3139,Владимиров Онуфрий Филиппович,1980-09-20
3140,Jonathan Lopez,1996-11-15
3141,Михайлова Валентина Михайловна,2002-05-30
3142,Emma Rodriguez,1977-06-27
3143,Блохин Милан Ануфриевич,2002-06-10
3144,Kelly Avery,1993-12-26
3145,Зиновьев Рюрик Ефимьевич,1999-03-07
3146,Некрасов Демьян Викторович,1978-02-02
3147,William Conner,1992-05-06
3148,Denise Scott,1975-04-01
3149,Bryan Ingram,1968-05-21
3150,Игнатий Авдеевич Ершов,2003-01-10
3151,Jeffrey Ayers,1992-09-16
3152,Нестерова Алевтина Валентиновна,1963-10-18
3153,Шарова Алевтина Степановна,1973-10-20
3154,Горшкова Вера Тимуровна,1972-07-20
3155,James Reyes Jr.,1983-01-04
3156,Carmen Clark,1996-07-18
3157,Amanda Harding,2001-02-06
3158,Brittany Anderson,1994-08-19
3159,Роман Ефремович Савин,1964-11-20
3160,Зиновий Герасимович Белоусов,1984-12-10
3161,William Jones,1983-04-09
3162,Ольга Филипповна Гущина,1972-05-09
3163,Сидоров Тит Викентьевич,2003-08-16
3164,Евдокия Владимировна Селиверстова,1987-05-14
3165,Vanessa Dean,1962-10-05
3166,Joshua Anderson,1975-04-01
3167,Маркова Зоя Рудольфовна,1990-10-22
3168,Erik Curtis,1998-04-05
3169,Кира Семеновна Смирнова,1969-03-06
3170,Paige Ruiz,1969-05-16
3171,Michelle Lopez MD,1996-12-16
3172,Соловьев Порфирий Ильясович,1997-03-01
3173,Dawn Hernandez,1986-05-03
3174,Нинель Сергеевна Щукина,1991-10-19
3175,София Феликсовна Матвеева,1992-09-03
3176,Кулакова Анжелика Харитоновна,1966-05-05
3177,David Scott,1964-01-15
3178,Оксана Олеговна Ситникова,1986-11-28
3179,Милица Дмитриевна Евдокимова,1980-12-03
3180,Gregory Shaw,1995-04-27
3181,Терентьев Ермолай Всеволодович,1962-03-02
3182,Maria Vincent,1968-11-28
3183,Артемьева Анжела Сергеевна,1964-02-06
3184,David Stone,1968-11-17
3185,Леонид Геннадиевич Лыткин,1966-01-16
3186,Медведев Венедикт Артурович,1974-06-28
3187,Melissa Jimenez,1961-10-04
3188,Karen Gutierrez,1998-05-06
3189,Маслова Анна Николаевна,1963-06-12
3190,Frank Stout,2001-03-08
3191,Katrina Peters,1994-02-25
3192,Christopher Cline,1994-01-07
3193,Courtney Hogan,1977-06-18
3194,Варвара Яковлевна Кудрявцева,2003-02-04
3195,Samantha Patrick,1978-04-07
3196,Linda Gomez,1992-04-23
3197,Chad Murphy,2000-01-02
3198,Константинова Вера Валентиновна,2000-11-20
3199,Еремей Валерьянович Никифоров,1996-10-18
3200,Феврония Васильевна Рыбакова,1996-05-13
3201,Александра Ильинична Агафонова,1964-10-14
3202,Елизавета Эльдаровна Мамонтова,1978-08-13
3203,Семен Ефстафьевич Веселов,1965-09-26
3204,Christopher Whitehead,1983-07-02
3205,Alex Reed,1970-12-18
3206,Douglas Farley,1974-12-22
3207,Борис Ермилович Савельев,1991-07-12
3208,Гаврила Гордеевич Костин,1992-09-17
3209,Ерофей Валентинович Голубев,2003-11-30
3210,Joanna Morales,2003-01-29
3211,Diane Collins,1978-08-21
3212,Darin Torres,1999-07-30
3213,Amber Bush,1969-08-02
3214,Князев Харлампий Валерьянович,1987-05-09
3215,Paul Gonzales,1966-01-03
3216,Adam Small,1963-06-03
3217,Ефимов Зиновий Юльевич,1963-03-07
3218,Chris Brown,1999-01-23
3219,Anne Perez,1994-08-16
3220,Jesse Johnson,1964-11-18
3221,Loretta Boyd,1970-02-17
3222,Бобылев Авдей Валерианович,1983-10-08
3223,Никифоров Влас Жоресович,1997-08-04
3224,Тимофеев Любим Вилорович,1966-04-01
3225,Thomas Campbell,1978-04-08
3226,Александрова Светлана Сергеевна,1996-07-22
3227,Meghan Owens,2002-03-28
3228,Зуева Элеонора Васильевна,1987-01-01
3229,Larry Stone,1963-04-19
3230,Савельев Федот Игнатович,1972-05-02
3231,Журавлев Емельян Вилорович,1978-10-05
3232,Сократ Измаилович Козлов,1971-06-12
3233,Andrea Clark,1991-03-12
3234,Laura Taylor,1992-10-11
3235,Феофан Бориславович Сафонов,1983-04-24
3236,Kevin Garrison,2002-03-12
3237,Lindsey Dean,1997-03-18
3238,Соловьев Христофор Харламович,1960-12-14
3239,John Campbell,1975-02-20
3240,Леонид Викторович Елисеев,2001-12-19
3241,Митофан Игнатович Корнилов,1979-07-13
3242,Becky Olson,1993-05-12
3243,Фролова Фаина Робертовна,1991-02-12
3244,Самсонова Ульяна Макаровна,1993-06-24
3245,Иванова Марфа Леонидовна,1995-01-01
3246,Denise Oneal,2002-02-11
3247,г-н Назаров Евграф Филатович,1968-08-27
3248,Antonio Downs,1962-06-26
3249,Lindsey Allen,1969-02-10
3250,Елена Львовна Доронина,1977-11-05
3251,Mikayla Ochoa DDS,1963-12-19
3252,Jillian Fuller,1994-03-19
3253,Яковлев Евлампий Гаврилович,1966-11-28
3254,William Parker,1963-04-05
3255,Ксения Львовна Медведева,1993-06-04
3256,Суханова Пелагея Матвеевна,2002-09-27
3257,Пелагея Павловна Федосеева,1969-10-21
3258,Белозеров Амвросий Гаврилович,1975-04-11
3259,Сазонов Кирилл Викторович,1996-08-31
3260,Селезнева Елена Петровна,1984-09-06
3261,Иларион Феоктистович Соболев,1985-08-29
3262,Логинова Ксения Дмитриевна,1988-02-05
3263,Jessica Villegas,1979-01-15
3264,Cassandra Tran,1988-11-22
3265,Lori Robinson,1987-11-12
3266,Варвара Оскаровна Аксенова,1983-07-12
3267,Karen Kaufman,1973-01-09
3268,Robert Stafford,1961-10-22
3269,Рожкова Синклитикия Григорьевна,1973-08-20
3270,Johnny Baker,1960-03-22
3271,Tanner Arnold,1980-01-26
3272,Beth Edwards,1975-05-15
3273,Сазонов Ананий Всеволодович,1981-05-23
3274,Kathy Scott,2000-12-10
3275,Manuel Lewis,2000-02-02
3276,Tanya Bell,1978-04-11
3277,Варлаам Андреевич Соболев,1970-06-26
3278,Kathryn Cervantes,1987-07-26
3279,Brian Andersen,1962-05-24
3280,Мирослав Бенедиктович Цветков,1976-08-15
3281,Журавлева Лариса Львовна,1991-02-16
3282,Евграф Исидорович Шарапов,1996-11-18
3283,Леонид Владленович Жданов,1976-07-08
3284,Kyle Manning,1986-01-20
3285,Christine Bolton,1996-01-13
3286,Кононов Николай Бенедиктович,1985-10-01
3287,Фёкла Ивановна Дементьева,1960-09-15
3288,Jessica Maynard,1980-04-28
3289,David Fox,1986-02-23
3290,Taylor Merritt,1978-01-26
3291,Curtis Wiley,1991-09-04
3292,Jennifer Williams,2002-04-13
3293,Jonathan Beck,1994-05-22
3294,Daniel Alvarado,1996-03-31
3295,Фомичева Алина Борисовна,1995-01-05
3296,Aimee Smith,1997-03-30
3297,Jordan Roman,1987-02-14
3298,Mason Barajas,1993-06-18
3299,Casey Miller,1990-06-04
3300,Amy Williams,1998-04-26
3301,Гришина Евдокия Геннадьевна,1999-11-19
3302,Matthew Thomas,1966-07-06
3303,Dana Mcdaniel,1976-06-04
3304,John Smith,1988-07-24
3305,Cody Collins,1971-02-18
3306,Терентий Ерофеевич Гаврилов,1985-05-11
3307,Максимильян Харлампьевич Павлов,1960-12-14
3308,Thomas Yates,1999-10-21
3309,Евдокимова Елена Робертовна,1987-10-04
3310,Antonio Brooks,1998-06-08
3311,Бирюков Рубен Ефимович,1967-11-09
3312,Emily Hayes,1964-11-10
3313,Крылов Фотий Евстигнеевич,1995-01-02
3314,David Sheppard,1970-01-02
3315,Блохин Аркадий Елизарович,1966-05-03
3316,Bradley Clark,1979-04-14
3317,Януарий Викторович Голубев,1985-02-10
3318,Lisa Rodriguez,1962-06-16
3319,Панфилова Анжелика Алексеевна,1991-05-21
3320,Белоусов Артем Евстигнеевич,1985-01-09
3321,Белозерова Вера Феликсовна,1977-11-07
3322,Megan Delgado,1980-07-04
3323,Timothy Hardy,2003-08-13
3324,Courtney Lozano,1988-10-17
3325,Галина Валериевна Гусева,1993-08-11
3326,Ипполит Ильясович Архипов,1985-03-12
3327,Angela Tapia,1992-06-29
3328,Амос Андреевич Виноградов,1987-03-20
3329,Оксана Владимировна Морозова,1990-01-22
3330,Alex Cruz,2000-09-21
3331,Турова Евгения Эдуардовна,1970-12-11
3332,Jeffrey Dodson,1983-05-03
3333,Анатолий Изотович Шубин,2000-03-28
3334,Larry Phillips,1960-10-13
3335,Timothy Gonzalez,1972-10-08
3336,Shawn Hebert,2000-03-31
3337,тов. Гуляев Евстафий Гаврилович,1978-04-12
3338,Antonio Chaney,1965-04-14
3339,Darius Howard,2000-06-21
3340,Andrew Rojas,1987-05-13
3341,Глафира Андреевна Шестакова,1961-05-05
3342,Brett Rojas,1998-01-30
3343,Nancy Harvey,1978-03-22
3344,Sarah Noble,1976-02-03
3345,Ryan Ortiz,1966-07-30
3346,Гуляева Эмилия Валериевна,1971-12-07
3347,Жданова Ульяна Антоновна,1984-09-12
3348,Зиновий Дмитриевич Федотов,1976-12-20
3349,Маргарита Артемовна Данилова,1988-04-10
3350,Ладимир Вилорович Костин,1997-03-12
3351,Меркушева Виктория Афанасьевна,1985-03-14
3352,Евлампий Фокич Гурьев,1979-02-08
3353,Вышеслав Алексеевич Субботин,1997-04-04
3354,Carolyn Collins,1966-07-15
3355,Patrick Mahoney,1996-03-17
3356,Katelyn Castillo,1985-08-20
3357,Соколов Селиван Эдгардович,2001-06-09
3358,Karen Mitchell,1971-04-20
3359,Kelly Simmons,1994-11-11
3360,Орлов Георгий Тихонович,1984-04-15
3361,Осипова Глафира Альбертовна,1986-05-11
3362,Stephen Miller,1973-12-09
3363,Caroline Rivas,1972-03-12
3364,Kayla Walker,1961-10-26
3365,Carla Fisher,1997-05-06
3366,Wesley Walton,1981-06-17
3367,Benjamin Pratt,1960-01-17
3368,Пономарева Мария Борисовна,1998-03-24
3369,Anna Harvey,1986-12-06
3370,Лукин Болеслав Игнатович,1999-09-16
3371,Мир Георгиевич Борисов,1962-06-22
3372,Гаврила Арсенович Блинов,2003-12-11
3373,Marie Acosta,1982-08-08
3374,Яков Елисеевич Казаков,1963-08-23
3375,Bonnie Stewart,1996-07-11
3376,Christian Baker DVM,1996-12-10
3377,Kristen Beasley,1998-04-30
3378,Агап Авдеевич Копылов,2002-05-28
3379,Денисова Варвара Тимуровна,1983-09-04
3380,Субботин Рубен Владленович,1989-01-29
3381,Бобров Амвросий Гордеевич,1973-02-22
3382,Ashley Davis,1963-04-13
3383,Victoria Pollard,1974-06-01
3384,Милован Бориславович Филатов,1978-04-17
3385,Michael Miller,1998-09-15
3386,John David,1968-10-14
3387,Joseph Ortega,2002-08-03
3388,Михаил Адрианович Кабанов,1978-06-11
3389,Jeremy Hoffman,1962-04-04
3390,Laura Smith,1969-11-21
3391,Kevin Gregory,1972-02-12
3392,Рогова Людмила Филипповна,1982-03-20
3393,Гордеев Евстигней Арсеньевич,1986-11-11
3394,Онуфрий Зиновьевич Козлов,1967-04-13
3395,Никифоров Антонин Артёмович,2002-04-18
3396,Агафья Харитоновна Казакова,1966-04-08
3397,Luis Hines,1994-03-23
3398,James Armstrong,1990-02-12
3399,Емельянова Марфа Эдуардовна,1966-02-25
3400,Зиновьев Лев Анатольевич,1984-11-30
3401,Kristina Wood,1993-06-16
3402,Eric Dixon,1992-07-09
3403,Daniel Edwards,1981-04-08
3404,Joseph Hogan,2001-05-28
3405,Геннадий Антипович Колесников,1967-03-22
3406,Cheryl Kelley,2001-10-29
3407,James Nunez,1994-07-02
3408,Rachel Hill,1961-01-07
3409,Евпраксия Святославовна Максимова,1983-07-03
3410,Shannon Wagner,1971-10-15
3411,Ираклий Федосьевич Князев,1968-10-04
3412,Александра Семеновна Данилова,1980-05-11
3413,Раиса Руслановна Зайцева,2002-01-15
3414,Одинцова Ангелина Ниловна,2001-10-11
3415,Кошелев Остап Иосифович,1992-01-26
3416,Heidi Lewis,1969-02-01
3417,Лариса Олеговна Одинцова,2003-02-09
3418,Афанасьева Зоя Кузьминична,1980-12-15
3419,Leslie Hill,1963-07-20
3420,Марфа Григорьевна Лыткина,1969-03-11
3421,Daniel Greene,2000-05-01
3422,Christy Prince,1990-05-31
3423,Федоров Елисей Георгиевич,1987-01-17
3424,Глафира Ниловна Быкова,1977-01-14
3425,Лукин Флорентин Тимурович,1993-08-28
3426,Эмилия Вадимовна Козлова,1997-01-05
3427,Mrs. Holly Wiley MD,1990-01-14
3428,Кудряшова Алевтина Эдуардовна,1980-12-24
3429,Князев Аристарх Изотович,1985-09-21
3430,Kayla Lee,1976-11-12
3431,Эмилия Владимировна Кошелева,1969-10-15
3432,Вышеслав Дорофеевич Егоров,1999-12-26
3433,Katrina Anderson,1973-04-23
3434,Наумов Рубен Феликсович,1986-07-31
3435,Оксана Геннадьевна Фокина,2003-02-12
3436,Лебедева Людмила Георгиевна,1985-12-18
3437,Горшкова Марфа Рубеновна,1966-04-26
3438,Kenneth Horn,1973-03-10
3439,Michelle Soto,2003-08-25
3440,Keith Wright,1979-05-05
3441,Горбачев Селиверст Жоресович,1962-05-16
3442,Сазонова Лидия Ефимовна,1969-03-10
3443,Mrs. Christina Frazier,1997-04-27
3444,Лавр Терентьевич Константинов,1981-02-06
3445,Antonio Madden,2001-08-12
3446,Константинова Анна Дмитриевна,1980-10-11
3447,Cheryl Franco,1982-05-31
3448,Colleen Stout,1967-08-22
3449,Mrs. Kari Horton,1963-05-16
3450,Елена Степановна Пестова,1967-03-30
3451,Regina Smith,1999-05-24
3452,Ершов Радислав Иосипович,1996-10-23
3453,William Wells,1997-02-09
3454,Николаев Ян Тихонович,1988-03-07
3455,Клавдия Валентиновна Романова,1983-04-20
3456,Andrea Davis,1978-11-01
3457,Гришин Аверьян Глебович,1984-06-30
3458,Лариса Феликсовна Стрелкова,1997-03-21
3459,Сорокин Варлаам Трофимович,1992-10-19
3460,Robert Dougherty,1979-08-24
3461,Маргарита Михайловна Голубева,1979-02-09
3462,Alexander Miller,1970-05-23
3463,Colton Jones,1984-03-11
3464,Самсонов Потап Ануфриевич,1965-02-26
3465,Deborah Larson,1967-12-13
3466,Aaron Barker,1974-04-14
3467,Петухова Варвара Архиповна,1975-03-08
3468,Захаров Нестор Валентинович,1993-08-27
3469,Одинцов Аверкий Владиславович,1993-02-20
3470,Семенова Анастасия Кузьминична,1995-03-29
3471,Todd Armstrong,1984-06-05
3472,Travis Carter,1979-03-25
3473,Святополк Филимонович Панфилов,2001-08-02
3474,David Potter,1980-05-06
3475,Данила Гавриилович Копылов,1962-09-27
3476,Татьяна Георгиевна Лукина,2002-01-31
3477,Агафья Семеновна Устинова,2000-05-20
3478,Зыкова Олимпиада Кузьминична,1994-12-25
3479,Angela Figueroa,1998-07-31
3480,Jacob Meyers,1976-05-17
3481,Robin Fowler,1976-11-14
3482,William Hernandez,1963-10-14
3483,Mark Perkins,1967-09-01
3484,Пахомова Олимпиада Никифоровна,1988-03-22
3485,Алина Львовна Вишнякова,1990-03-24
3486,Елизавета Аркадьевна Колобова,1977-08-23
3487,Robin Savage,1989-08-02
3488,Любосмысл Авдеевич Рыбаков,1994-11-13
3489,Турова Алина Романовна,1980-01-24
3490,Teresa Wright,1990-10-21
3491,Андрей Владленович Петров,1985-07-17
3492,Вера Геннадиевна Нестерова,1963-04-08
3493,Thomas Johnston,1994-07-18
3494,Mrs. Debra Todd DVM,1963-04-06
3495,Alicia Hughes,1966-03-23
3496,г-н Филатов Максимильян Феодосьевич,1977-11-06
3497,Lisa Weber,1993-11-12
3498,Jeanne Rodriguez,1961-10-08
3499,Jennifer Robinson,1983-12-19
3500,Christopher Navarro,1972-01-17
3501,Лукина Октябрина Сергеевна,1987-12-19
3502,Matthew Williams,1972-12-14
3503,Alexandra Mays,1998-12-09
3504,Исакова Марфа Геннадьевна,1967-02-07
3505,Евпраксия Кузьминична Копылова,2001-03-16
3506,Козлова Зинаида Кузьминична,1974-11-04
3507,Robert Ward,2002-09-04
3508,Corey Nichols,1992-09-23
3509,Белоусов Будимир Владиленович,1997-10-04
3510,David Choi,2003-09-26
3511,Dennis Drake,1992-02-25
3512,Shannon Guzman,1982-10-04
3513,Scott Boyd,1989-01-30
3514,Мухина Виктория Наумовна,1999-08-02
3515,Destiny Bray,1997-12-15
3516,Kathy Scott,1982-12-22
3517,David Merritt,1962-12-17
3518,Aaron Reeves,1972-09-19
3519,Абрамова Регина Григорьевна,1988-01-31
3520,Carol Leblanc,1980-07-15
3521,Carolyn Patel,1993-09-11
3522,Lauren Smith,1991-03-10
3523,Daniel Bowers,1964-02-10
3524,Колобов Никон Фомич,1968-01-12
3525,Орехова Агата Георгиевна,1984-05-26
3526,Воронцов Игорь Валерианович,1977-07-07
3527,Пелагея Даниловна Крылова,1984-03-10
3528,Thomas Blanchard,1989-06-16
3529,Богданов Всеволод Ермолаевич,2001-11-22
3530,Samantha Arellano,1972-04-30
3531,Николаев Евгений Харитонович,1963-07-01
3532,Jaclyn Branch,1962-11-06
3533,Donald Farmer,1989-10-08
3534,Dr. Jeffrey Perez,1982-03-14
3535,Anthony Phillips,1982-02-02
3536,Павлова Зинаида Захаровна,1966-09-22
3537,Randall Lin,1985-10-10
3538,Emily Rodriguez,1982-09-09
3539,Дорофеев Спартак Антипович,1997-12-04
3540,Фаина Алексеевна Гаврилова,1997-05-31
3541,Колобова Нонна Никифоровна,1983-02-25
3542,Mark Delgado,1982-02-26
3543,Vincent Wilson,1961-09-17
3544,Dominique Mendoza,1983-11-14
3545,Алла Геннадиевна Мамонтова,1983-07-10
3546,Беляев Адам Всеволодович,1988-11-12
3547,Быкова Анжелика Львовна,1988-01-17
3548,Kenneth Goodman,1976-07-15
3549,Галактион Архипович Гришин,1972-01-30
3550,Rachel Boyd,1989-10-06
3551,Jasmine Oliver,1976-03-01
3552,Nicholas Riley,1977-07-02
3553,Галина Ниловна Медведева,1987-10-16
3554,Аркадий Изотович Евдокимов,1980-06-25
3555,Kirk Lynch,1961-05-16
3556,Tyler Glover,1967-07-14
3557,Суворов Терентий Харламович,1984-04-20
3558,Коновалов Вячеслав Григорьевич,1993-06-26
3559,Герасим Тихонович Субботин,1976-10-19
3560,Никонов Севастьян Борисович,1968-03-09
3561,Crystal Norton,1977-08-20
3562,Аскольд Изотович Буров,1977-09-04
3563,Парамон Филатович Ситников,1975-11-01
3564,Robert Allison,1987-06-04
3565,Ефим Харламович Стрелков,1988-08-18
3566,Венедикт Измаилович Павлов,2002-09-08
3567,Доброслав Давыдович Кулаков,1983-11-23
3568,Rachel Ruiz,1997-12-25
3569,Горбачева Алина Натановна,1977-07-22
3570,Kirsten Dawson,1969-12-19
3571,Michael Barnett,1968-09-22
3572,Jeffrey Roman,2000-06-09
3573,Rachel Johnson,2001-12-02
3574,Миронов Ярополк Гертрудович,1978-02-28
3575,Раиса Мироновна Мамонтова,1963-07-28
3576,Patricia Holland,2001-02-01
3577,Виктория Сергеевна Голубева,1983-11-29
3578,Kimberly Willis,1992-05-28
3579,Julie Hamilton,1981-09-05
3580,Иннокентий Эдгардович Самойлов,2002-05-23
3581,Тетерин Сильвестр Давыдович,1967-07-10
3582,Kelly Cox,1967-09-16
3583,Елизавета Вениаминовна Шашкова,1986-06-05
3584,Геннадий Вилорович Захаров,1991-02-27
3585,Клавдий Гордеевич Сазонов,1983-10-06
3586,Stacey Sweeney,1990-10-16
3587,тов. Панфилов Тит Адрианович,1970-01-10
3588,Bradley Wilson,2002-02-23
3589,Ashley Hubbard,1985-02-11
3590,Mr. Darren Newman,1976-07-24
3591,Николаев Филарет Даниилович,2002-09-08
3592,Cynthia Chan,1983-04-12
3593,Эмилия Аркадьевна Селезнева,1977-04-29
3594,Anthony Johnson,1985-01-22
3595,Евпраксия Аскольдовна Исаева,1987-05-11
3596,г-н Панфилов Наум Игнатович,1981-11-17
3597,Sarah Hurley,1972-11-20
3598,Shelly Casey,1970-01-21
3599,г-жа Рябова Зоя Станиславовна,1973-10-02
3600,Jason Osborne,1965-05-19
3601,Kenneth White,2000-02-05
3602,William Anderson,1985-11-17
3603,Афанасий Денисович Мельников,1997-05-03
3604,Одинцов Герман Филимонович,1981-08-02
3605,Yvonne Jones,1967-05-24
3606,Татьяна Ждановна Сергеева,1983-05-24
3607,Sonia Martin,1974-12-18
3608,Lisa Adams,1972-01-27
3609,Jordan Murphy,1963-11-10
3610,Krystal Baker,1969-06-05
3611,Некрасова Александра Львовна,1963-12-16
3612,Логинов Нифонт Тарасович,1980-05-08
3613,Прохор Гурьевич Лебедев,1997-02-14
3614,Агафья Ефимовна Костина,1964-10-22
3615,Кошелева Вера Аркадьевна,1967-10-13
3616,Дмитрий Ефстафьевич Симонов,1999-09-30
3617,Антонов Ладимир Феоктистович,1978-10-25
3618,Евстигней Харлампович Соболев,1997-12-10
3619,Vanessa Valenzuela,1964-05-14
3620,Дементий Фомич Беляков,1979-02-13
3621,Ермил Артемьевич Колобов,1974-03-26
3622,Дмитрий Владиленович Муравьев,2003-01-20
3623,Doris Sims,2002-09-26
3624,Nicole Cruz,1991-04-09
3625,Tasha Warren,1995-12-29
3626,Афанасьев Конон Геннадиевич,2002-08-19
3627,Katherine Perez,1963-11-28
3628,Бирюков Софрон Ефстафьевич,1975-11-15
3629,Борис Фокич Лобанов,1977-03-05
3630,Alexis Kelly,2002-07-10
3631,Mark Wilson,1991-03-23
3632,John Brock,1981-03-18
3633,Andrew Dougherty,1987-02-21
3634,Selena Mitchell,1965-11-26
3635,Megan Silva,1960-04-20
3636,Кулагин Авксентий Чеславович,1965-10-27
3637,Твердислав Игоревич Морозов,1983-01-25
3638,Amy Johnson,1998-06-02
3639,Cindy Mitchell,1978-01-15
3640,Татьяна Васильевна Симонова,1966-02-20
3641,Vincent Hall,1985-01-01
3642,Kevin Johnson,1996-04-22
3643,Heather Watts,1978-08-31
3644,Евгений Якубович Большаков,1974-07-21
3645,Eric Conley,1986-03-06
3646,Brandon Miller,1995-07-16
3647,Sean Oliver,1984-03-04
3648,Тарасова Ульяна Станиславовна,1973-05-25
3649,Jordan Thompson,1966-03-14
3650,Журавлев Емельян Викентьевич,1975-02-26
3651,Julie Nelson,1993-03-25
3652,Claire Perez,1972-07-17
3653,Terry Chambers,1975-03-25
3654,Charles Collins,1978-12-05
3655,Jeremy Lopez,1995-09-25
3656,Nichole Scott,1995-05-01
3657,Victoria Lee,1987-07-12
3658,Гремислав Харламович Логинов,1982-07-09
3659,Самсон Филиппович Беляков,2002-12-21
3660,Jenny Smith,1965-04-28
3661,Lee Hawkins DVM,1996-06-10
3662,Adrian Larson,1974-11-27
3663,Цветков Агафон Юлианович,2001-10-31
3664,Carl Lang,1999-08-02
3665,Кудряшова Феврония Максимовна,1966-12-29
3666,Bobby Butler,1976-09-16
3667,Jessica Gonzalez,1986-04-20
3668,David Shaw,1970-05-30
3669,Адриан Ермолаевич Тетерин,1970-08-09
3670,Харитон Артурович Самсонов,1999-05-10
3671,Ana Phelps,1997-02-05
3672,Мамонтов Галактион Чеславович,1974-08-15
3673,Mariah Riley,1963-02-08
3674,Полина Тарасовна Фокина,1974-07-14
3675,Влас Всеволодович Белоусов,1961-07-07
3676,Jonathan Hayes,1988-05-30
3677,Alexandra Taylor,1984-12-02
3678,Terry Bennett,1990-08-04
3679,Варфоломей Юльевич Панфилов,1973-08-08
3680,Кулаков Софон Харлампович,1983-04-26
3681,Jeremiah Sanchez,1977-03-08
3682,Орест Иосипович Зуев,1987-10-23
3683,Michael Collins,1982-01-03
3684,Рыбаков Соломон Жанович,2003-03-15
3685,Cynthia Scott,2002-01-06
3686,Щукин Святослав Арсенович,1980-02-21
3687,Cheryl Fields,1995-05-21
3688,Воробьева Варвара Дмитриевна,2002-08-03
3689,Русаков Викентий Гурьевич,1978-07-16
3690,Лукия Захаровна Сысоева,1960-04-14
3691,Русакова Евдокия Тимофеевна,1997-12-12
3692,John Miller,1993-02-19
3693,Gary Hill,2001-03-26
3694,Чернова Алина Кузьминична,1969-05-19
3695,Darrell Thompson,1963-02-14
3696,Teresa Williams,1996-02-16
3697,Rebecca Bennett DDS,1991-09-27
3698,Courtney Ferguson,1996-08-14
3699,Бобылева Раиса Леонидовна,1965-12-30
3700,Бурова Жанна Петровна,1962-10-27
3701,Сафонов Ферапонт Захарьевич,1987-03-18
3702,Гордеев Клавдий Чеславович,1997-09-24
3703,Benjamin Weaver,1988-02-14
3704,Мухин Дмитрий Терентьевич,1964-02-26
3705,Евсеев Сергей Валерианович,1993-02-12
3706,Валентина Степановна Фадеева,1964-01-12
3707,Tara Rodriguez,1978-08-19
3708,Зимина Октябрина Павловна,1967-03-08
3709,Изот Арсенович Кузнецов,1984-10-17
3710,Веселова Варвара Антоновна,1961-01-31
3711,Robert Black,1994-05-27
3712,Евсеев Самуил Анисимович,1983-04-08
3713,Megan Christian,1989-11-01
3714,Емельянов Милий Дмитриевич,1995-04-19
3715,Рогова Пелагея Артемовна,1975-09-14
3716,Антонова Наталья Харитоновна,1974-05-23
3717,Трофимова Лариса Анатольевна,2003-08-29
3718,Шарапов Ладимир Захарьевич,1988-02-27
3719,Игнатий Игнатович Копылов,1966-01-31
3720,Авдеева Тамара Ниловна,1998-09-13
3721,Amber Wood DDS,1961-06-19
3722,Медведев Андрон Елизарович,1987-10-01
3723,Филиппов Бронислав Богданович,1996-08-19
3724,Jeremy Randolph,1990-01-16
3725,Caitlin Wilson,1977-02-25
3726,Daniel Johnson,1984-11-03
3727,Рожкова Милица Архиповна,1964-08-02
3728,Куприян Елисеевич Тимофеев,1984-08-22
3729,Jennifer Garcia,1992-03-21
3730,Нина Семеновна Шарова,1965-06-04
3731,Angel Gibson,1967-11-16
3732,Петр Трифонович Лихачев,1990-11-02
3733,Мариан Трофимович Морозов,1979-11-13
3734,Andrea Bailey,1992-09-01
3735,Клавдия Рудольфовна Веселова,1985-04-27
3736,Jeffrey Thomas,2003-05-12
3737,Александра Архиповна Егорова,1997-08-01
3738,Andrew Powell,1974-08-13
3739,тов. Лихачева Надежда Рубеновна,1966-12-17
3740,Valerie Roberts,1985-06-05
3741,Donald Chen,1969-08-08
3742,Alice Garcia,1999-07-18
3743,Лариса Андреевна Елисеева,1964-07-09
3744,Stephanie White,1995-11-10
3745,Вероника Валентиновна Егорова,1998-04-20
3746,Bruce Gray,1988-09-21
3747,Сократ Адамович Прохоров,1984-10-23
3748,Rebecca Macdonald,1970-08-10
3749,Debra Boyd,1974-08-01
3750,Sarah Williams,1991-07-06
3751,David Pineda,1995-05-29
3752,Walter Caldwell,2000-02-15
3753,Michael Curtis,1974-05-13
3754,Andrew Morgan,1973-10-26
3755,Горшкова Маргарита Станиславовна,1965-06-24
3756,Петухов Кирилл Арсеньевич,1988-11-30
3757,Харлампий Ефимьевич Прохоров,1993-05-11
3758,Christina Ball,1969-10-25
3759,Сазонова Наталья Игоревна,1977-08-19
3760,Самсонов Ладимир Фёдорович,2002-04-02
3761,Любим Фокич Крюков,1974-12-02
3762,Изот Даниилович Голубев,1971-05-22
3763,Ms. Gail Richardson MD,2002-10-02
3764,Valerie Mcmahon,1987-06-02
3765,Rebecca Stafford,1965-03-23
3766,Олег Ильич Петухов,1980-01-16
3767,Michelle Berry,1998-01-13
3768,Tanya Montoya,1979-09-07
3769,Павел Арсеньевич Федоров,1985-08-12
3770,Лидия Рубеновна Абрамова,1963-02-18
3771,Кондрат Филиппович Гуляев,1974-11-07
3772,Комаров Назар Трифонович,2000-06-02
3773,Tammy Williams,1994-01-29
3774,Kelly Curtis,1982-04-29
3775,Veronica Richardson,1969-08-11
3776,Галина Наумовна Назарова,2000-02-29
3777,Kimberly Morris,1966-03-15
3778,Barbara Joyce,1985-01-16
3779,Michael Hodges,1983-04-12
3780,Лукия Григорьевна Самсонова,1966-09-11
3781,Мокей Изотович Комиссаров,1990-04-15
3782,Taylor Fuentes,1964-06-02
3783,Агата Сергеевна Суворова,1976-05-04
3784,Ковалев Вацлав Ярославович,1995-06-18
3785,Jonathan Rodriguez,1962-06-08
3786,Carla Jenkins,1967-10-09
3787,Максимова Иванна Ждановна,1961-12-29
3788,Аверьян Исидорович Некрасов,1984-11-10
3789,Ратмир Зиновьевич Якушев,1996-05-15
3790,Breanna Moreno,1999-09-09
3791,Сорокин Ермолай Глебович,1982-08-01
3792,Frances Walls,1985-07-09
3793,Акулина Валентиновна Муравьева,1990-08-31
3794,Григорий Васильевич Цветков,1993-03-11
3795,Erin Ramsey,1999-05-29
3796,Захар Трофимович Беспалов,1983-01-26
3797,Прасковья Григорьевна Бирюкова,1970-08-15
3798,Jessica Mcbride,1977-09-08
3799,Abigail Baker,1995-10-29
3800,Carrie Swanson,1993-09-01
3801,Shawn Guerra,1996-06-30
3802,Anna Jensen,1969-01-22
3803,Велимир Эдгардович Воробьев,2003-11-14
3804,Олимпий Алексеевич Нестеров,2001-05-19
3805,Субботина Лукия Вадимовна,1963-09-05
3806,Stacy Webb,1998-05-12
3807,Susan Snow,1974-05-21
3808,Лукин Ростислав Демьянович,1962-12-24
3809,Ия Михайловна Дементьева,1999-02-08
3810,Синклитикия Михайловна Нестерова,1969-06-03
3811,Martha Holden,1985-08-04
3812,Barbara Ortega,1998-12-01
3813,Никандр Власович Лапин,1994-12-10
3814,Всемил Трофимович Гусев,1985-11-21
3815,Соболева Ксения Аскольдовна,2001-07-29
3816,Andrew Scott,1986-04-29
3817,Laura Wright,1989-10-14
3818,Виноградова Анжелика Матвеевна,1973-07-31
3819,Баранова Тамара Ждановна,1972-06-07
3820,James Carter,1992-12-18
3821,John Blake,1962-07-17
3822,Bailey Maldonado,1968-10-21
3823,James Adkins,1985-11-11
3824,Анисимов Епифан Якубович,1981-02-01
3825,Давыдов Прокл Якубович,1990-10-22
3826,Adam Hartman,1964-03-02
3827,David Hart,1965-03-01
3828,Жуков Феликс Бориславович,1962-03-04
3829,Zachary Garza,1992-10-28
3830,Белов Емельян Бориславович,1969-04-18
3831,тов. Рябов Максимильян Алексеевич,1998-11-17
3832,George Jackson,1991-06-02
3833,David Reed,1978-05-25
3834,Гаврилов Куприян Григорьевич,1989-08-12
3835,Денисов Авксентий Владленович,1965-03-01
3836,Cassandra Robertson,1993-06-18
3837,Tamara Hernandez,1965-03-14
3838,Наум Вячеславович Калашников,1978-01-23
3839,Агафья Вениаминовна Осипова,2000-12-19
3840,Савва Еремеевич Дорофеев,1965-06-04
3841,Allison Camacho,1961-06-06
3842,Щукина Анжелика Геннадиевна,1992-06-06
3843,Лаврентьева Элеонора Валериевна,1993-04-23
3844,Annette Bryan,1994-02-02
3845,Афанасьев Михей Ермилович,1971-02-26
3846,Михайлова Элеонора Мироновна,1987-12-11
3847,Lisa Murray,1969-08-08
3848,Нинель Николаевна Матвеева,1985-08-26
3849,Сафонова Татьяна Вадимовна,1977-01-21
3850,Емельянов Доброслав Венедиктович,1984-01-19
3851,Фортунат Феоктистович Куликов,1968-01-09
3852,Костин Будимир Фадеевич,1999-05-02
3853,Eric Rios,1973-07-10
3854,Dustin Moyer,1964-08-24
3855,Элеонора Никифоровна Красильникова,1995-03-19
3856,г-н Уваров Карп Феоктистович,1964-07-03
3857,Трифон Димитриевич Кудрявцев,1961-01-07
3858,Brian Cook,1990-08-21
3859,Иннокентий Иларионович Шестаков,1983-07-17
3860,Елисеева Агафья Робертовна,1975-02-14
3861,Patrick Wright,1985-11-09
3862,Raymond Butler,1966-01-14
3863,Эмилия Мироновна Кириллова,1972-11-10
3864,Ульяна Эльдаровна Алексеева,1960-10-07
3865,John Wilson,1986-07-12
3866,Нестор Владленович Тетерин,1997-12-27
3867,Данилов Григорий Федосеевич,2003-05-29
3868,Александрова Таисия Александровна,1977-01-25
3869,Christopher Townsend,1962-12-17
3870,Brianna Harrison,1993-01-05
3871,James Schultz,1996-02-16
3872,Dr. Evan Rodriguez DDS,1992-02-07
3873,Michael Larson,1986-09-29
3874,Емельянов Аполлон Филиппович,1994-12-14
3875,Michelle Decker,1982-04-10
3876,Greg Russell,1994-10-28
3877,Лучезар Изотович Баранов,2003-06-18
3878,Козлов Авксентий Гордеевич,1966-05-13
3879,Фёкла Алексеевна Копылова,1979-01-05
3880,Leah Underwood,1984-08-28
3881,Оксана Федоровна Кудряшова,1976-06-12
3882,Гордеев Нестор Даниилович,1994-03-16
3883,Billy Gregory,1969-07-05
3884,Shawn Phillips,1971-08-20
3885,Thomas Gonzalez,1999-11-02
3886,Jordan Collier,1967-01-02
3887,Фома Гурьевич Мясников,1981-08-12
3888,Debbie Clark,1978-12-13
3889,Харитонова Анжела Сергеевна,1987-07-21
3890,Ситников Януарий Ермолаевич,1970-05-09
3891,Marcus Munoz,1972-06-19
3892,Маркова Олимпиада Павловна,1986-11-15
3893,Robert Berg,1979-11-16
3894,Helen Wright,2003-03-30
3895,Лобанова Полина Романовна,1979-02-12
3896,April Newman,1961-01-01
3897,Журавлев Михаил Феоктистович,1965-10-30
3898,Иванна Ниловна Игнатова,1972-08-15
3899,Mary Alvarez,2002-05-25
3900,Ronald Reilly,1975-05-11
3901,тов. Романова Валентина Борисовна,2002-09-29
3902,Courtney Allen,1997-02-17
3903,Susan Hardin,1988-05-03
3904,Donald Huffman,1969-12-13
3905,Andrew Jenkins,1998-11-12
3906,Елена Львовна Назарова,1971-03-15
3907,Прокл Бенедиктович Сысоев,1960-10-03
3908,Tracey Tran,2000-09-23
3909,Sarah Mitchell,2002-11-28
3910,Ираида Львовна Шарапова,2001-01-03
3911,Luis Harper,1980-04-01
3912,Никифор Арсенович Филиппов,2000-01-22
3913,Stephanie Rodriguez,1987-12-10
3914,Таисия Викторовна Максимова,1979-11-12
3915,Scott Grimes,1994-11-30
3916,Matthew Marshall,1976-09-07
3917,Дементьева Оксана Кирилловна,1997-11-01
3918,Зуева Татьяна Федоровна,1971-01-15
3919,Святослав Фёдорович Силин,1997-10-01
3920,Алевтина Тарасовна Кузьмина,1997-07-14
3921,Brittany Sanchez,1980-09-17
3922,Ангелина Аскольдовна Блинова,1964-12-16
3923,Матвей Августович Федоров,1962-08-31
3924,Christopher Friedman,1995-10-06
3925,Bruce Bowen,1965-07-02
3926,Николай Филатович Дорофеев,1961-03-12
3927,Julie Walker,1993-01-16
3928,James Harris,1984-11-04
3929,Терентьев Наркис Дорофеевич,1980-02-26
3930,Смирнов Серафим Ильич,1994-03-31
3931,Amanda Levy,1981-12-07
3932,Михайлова Галина Максимовна,1983-02-27
3933,Орехова Вера Евгеньевна,1960-08-03
3934,Christopher Martin,1996-06-09
3935,Bryan Jackson,1976-06-05
3936,Панфилова Ангелина Афанасьевна,1966-08-23
3937,Christine Hughes,1998-12-15
3938,Victoria Logan,2003-09-13
3939,Елизавета Игоревна Хохлова,1962-09-23
3940,Горбунов Леонид Данилович,1968-10-07
3941,Julie Clark,1978-04-30
3942,Котов Аггей Владиславович,1971-01-21
3943,Пестова Светлана Дмитриевна,1991-12-19
3944,Кононов Агап Гаврилович,1963-07-29
3945,Dawn Young,1996-06-20
3946,Karen Cannon,1976-03-13
3947,Christy Webb,2002-10-15
3948,Анжела Максимовна Гуляева,1973-06-20
3949,Шарапова Эмилия Павловна,1977-12-20
3950,Суханова Элеонора Никифоровна,1991-08-01
3951,Молчанов Модест Ильич,1960-10-12
3952,Scott Walters,1968-02-25
3953,Татьяна Михайловна Никифорова,1998-07-20
3954,Rebecca Duffy,1975-12-09
3955,Миронов Василий Гертрудович,1991-07-21
3956,София Антоновна Морозова,1971-05-20
3957,Ильина Наталья Альбертовна,1969-03-05
3958,Князев Автоном Фокич,1960-03-30
3959,Михей Валерьянович Молчанов,1990-02-06
3960,Sabrina Wilson,1994-11-08
3961,Веселов Лука Валерьевич,1978-01-21
3962,Калинина Светлана Эдуардовна,1996-04-29
3963,Kathleen Mitchell,1979-09-18
3964,Brian Walton,1997-08-09
3965,г-жа Крылова Наина Архиповна,1977-08-28
3966,Яковлев Ярополк Устинович,1966-09-05
3967,Феврония Тимуровна Воробьева,1986-04-01
3968,Иванна Натановна Воробьева,1970-10-16
3969,Mr. Rodney Peterson,1991-05-18
3970,Mark Powell,1960-11-06
3971,Мухин Харитон Арсенович,2003-12-14
3972,Ульяна Григорьевна Савельева,1978-08-10
3973,Александра Даниловна Носова,1973-12-06
3974,Daniel Morrow,1988-02-13
3975,Valerie Miller,1993-11-14
3976,Виноградов Святослав Елизарович,1965-03-23
3977,Беляков Онуфрий Дорофеевич,1986-05-26
3978,Абрамова Лариса Альбертовна,1980-12-18
3979,Данилов Наркис Еремеевич,1971-04-26
3980,Ковалева Тамара Оскаровна,1993-08-06
3981,Jaclyn Tyler,1986-04-07
3982,Назар Георгиевич Исаев,1994-06-18
3983,Shawna Cochran,1963-01-18
3984,Tammy Stevens,1985-04-01
3985,Kendra Jackson,1998-06-26
3986,Mr. Isaiah Heath,1991-03-29
3987,Виссарион Феодосьевич Максимов,1960-02-19
3988,Наина Робертовна Журавлева,1989-12-13
3989,Paul Kramer,1962-12-13
3990,Суворов Фирс Егорович,1967-09-21
3991,Илья Марсович Копылов,1987-05-22
3992,Richard Scott,1961-09-12
3993,Kyle Smith,1973-05-08
3994,Cameron Williams,1986-10-27
3995,Jennifer Sanders,2001-09-07
3996,Kevin Robles,1995-02-20
3997,Ashley Martinez,1982-02-08
3998,Julian Davis,1989-01-25
3999,Богдан Евсеевич Филиппов,1980-10-11
4000,Kimberly Pratt,1990-09-25
4001,Кононова Анна Анатольевна,1978-08-06
4002,Дьячкова Акулина Константиновна,1984-12-18
4003,Karen Snyder,1964-07-30
4004,Элеонора Рубеновна Ларионова,1977-02-18
4005,Michael Miller,1966-08-29
4006,Всеволод Матвеевич Назаров,1972-11-09
4007,Pamela Blackburn,1981-10-03
4008,Тамара Ильинична Мартынова,1971-12-09
4009,Панкратий Федотович Зыков,1997-04-09
4010,Емельянова Евпраксия Артемовна,1974-06-16
4011,Кондратьев Федот Ефстафьевич,1969-06-17
4012,Leah Rhodes,2003-05-18
4013,Pamela Sutton MD,1986-07-05
4014,Don Hogan,1986-02-22
4015,Amy Johnson,1965-02-09
4016,Jason Flynn,1980-01-04
4017,Dustin Chen,1963-01-02
4018,Amber Morales,2000-11-12
4019,Елисеева Любовь Алексеевна,1999-08-18
4020,Никифоров Устин Тихонович,2002-11-15
4021,Christopher Rice,1961-03-07
4022,Ермолай Игоревич Иванов,1962-04-15
4023,Ashley Rogers,1996-10-09
4024,Christopher Cooke,1997-11-14
4025,Орлов Евграф Тарасович,1963-12-29
4026,Харлампий Федосеевич Русаков,1997-09-22
4027,Глафира Матвеевна Ларионова,1989-11-05
4028,Keith Baker,1988-04-18
4029,Jennifer Pham,1988-02-28
4030,Владимирова Наталья Натановна,1998-02-10
4031,Christina Mitchell,2002-01-03
4032,Carmen Cherry,2003-08-28
4033,Bryce Anderson,1970-07-20
4034,Светлана Даниловна Сидорова,1991-06-25
4035,Jessica Elliott,1985-08-21
4036,Robin Young,1982-08-18
4037,Glenn Curry,1994-12-28
4038,Mark Craig,2000-05-29
4039,Мокей Ефремович Щербаков,1965-01-08
4040,Мартын Данилович Туров,1979-12-08
4041,Brittany May,1992-10-14
4042,Douglas Robinson,1982-08-04
4043,Eugene Johnson,2003-04-08
4044,Захарова Алевтина Рубеновна,1989-09-02
4045,Stephanie Anderson,1996-07-28
4046,Timothy Richardson,1963-03-02
4047,Kelly Stevens MD,2001-08-18
4048,тов. Орехов Добромысл Августович,1971-08-31
4049,Андреев Влас Харлампович,1966-03-14
4050,Медведев Панкратий Алексеевич,1965-05-24
4051,Овчинников Алексей Борисович,1999-06-25
4052,Darin Jackson,1983-05-31
4053,Bobby Gomez,2001-08-02
4054,Нинель Владимировна Калашникова,1979-10-02
4055,Robin Glover,1976-10-07
4056,Ермолай Устинович Суханов,1960-07-07
4057,Mary Fischer,1962-10-08
4058,Julia Herring,1971-08-22
4059,Gerald Brown,1978-10-14
4060,Евлампий Ефстафьевич Кириллов,1981-03-25
4061,Tony Hunter,1997-03-06
4062,Mary Johnson,1997-10-10
4063,Григорьев Мартын Евсеевич,1985-04-10
4064,Фролов Викентий Дорофеевич,1986-09-20
4065,Русаков Борислав Иосипович,1994-04-19
4066,Douglas Williams,1963-10-08
4067,Chad Vargas,1982-12-01
4068,James Mcdonald,1990-04-01
4069,Julia Whitney,1972-02-17
4070,Brandon Becker DDS,1986-11-28
4071,Jill Jones,1985-02-07
4072,Alyssa Johnson,1966-09-30
4073,Святослав Демидович Журавлев,1993-09-27
4074,Щербакова Вера Васильевна,2002-04-24
4075,Gina Pittman,2001-09-22
4076,Anthony Wright,1989-10-23
4077,Thomas Orr,1971-12-25
4078,Акулина Павловна Журавлева,1975-11-28
4079,Харитонова Александра Кузьминична,1965-04-15
4080,Цветкова Феврония Натановна,1995-06-17
4081,Громов Дорофей Харламович,1986-01-22
4082,Аристарх Жанович Пестов,1975-11-27
4083,Бирюков Станимир Вилорович,1982-03-05
4084,Becky Valenzuela,1988-10-23
4085,Василиса Тимофеевна Крылова,1981-11-13
4086,Спиридон Исидорович Корнилов,2000-02-03
4087,Robert Clark,1984-10-24
4088,Tina Simon,1974-12-13
4089,Michael Mcgrath,1975-11-18
4090,Анжела Тимуровна Рыбакова,2001-10-05
4091,Баранова Элеонора Алексеевна,1995-10-16
4092,Joshua Jones,1989-07-18
4093,Jeffrey Martinez,1977-11-10
4094,Елена Михайловна Терентьева,1988-09-15
4095,Сидорова Надежда Ильинична,1987-02-16
4096,Bryan Gonzalez,1991-06-28
4097,Rebecca Phillips,1997-06-17
4098,Lori Parker,1977-03-19
4099,Joseph Peterson,1992-04-24
4100,Потапова Акулина Захаровна,1987-06-11
4101,Зоя Александровна Лазарева,1971-12-01
4102,Дементьева Зоя Мироновна,1974-01-05
4103,Лучезар Ермолаевич Мясников,1979-11-30
4104,Лидия Захаровна Ширяева,1985-02-26
4105,Анастасия Григорьевна Крылова,1977-04-24
4106,Марина Захаровна Блинова,2001-11-14
4107,Элеонора Александровна Логинова,1994-02-03
4108,Елисеева Полина Юльевна,1988-04-10
4109,Сигизмунд Власович Прохоров,1984-05-04
4110,Matthew Andrade,1960-01-06
4111,Janice Klein,1985-09-28
4112,Michelle Barnes,1994-12-05
4113,Медведев Касьян Глебович,1983-12-25
4114,Макарова Елена Александровна,1991-04-02
4115,Alexandria Kramer,1987-07-19
4116,Колесникова Василиса Павловна,1979-07-21
4117,Кулагина Тамара Михайловна,1971-08-06
4118,Валерий Ефстафьевич Евдокимов,1966-10-15
4119,Courtney Williams,1993-10-09
4120,Tyler Wyatt,1987-01-01
4121,Frank Rogers,1979-01-22
4122,Соболев Автоном Артурович,1997-05-14
4123,Людмила Алексеевна Макарова,1973-06-14
4124,Казаков Болеслав Игнатьевич,1997-03-20
4125,Шубина Зинаида Кирилловна,2000-03-12
4126,Claudia Jones,1992-07-05
4127,Киселева Майя Даниловна,1989-08-28
4128,Jennifer Richardson,1986-11-25
4129,Scott Lyons,1967-04-28
4130,Karen Espinoza,1999-03-02
4131,Селиверстова Мария Георгиевна,1978-04-10
4132,Евграф Всеволодович Ширяев,1969-07-27
4133,Меркушева Полина Олеговна,1978-04-14
4134,Steven Hodges,1975-04-30
4135,Вера Богдановна Жданова,1971-02-25
4136,Сысоев Аркадий Васильевич,1971-06-01
4137,Лазарь Марсович Казаков,1982-12-03
4138,Максим Вячеславович Кириллов,1974-11-29
4139,Lauren Ford,1991-06-01
4140,Влас Иосифович Агафонов,1967-06-05
4141,Григорьев Лазарь Феоктистович,2002-11-21
4142,Фаина Львовна Горшкова,1973-07-20
4143,Вишнякова Наталья Антоновна,1971-10-05
4144,Мария Захаровна Блинова,1964-05-14
4145,Юдина Маргарита Матвеевна,1989-03-03
4146,Рябова Кира Андреевна,1968-09-01
4147,Sandra Malone,1972-04-09
4148,Лыткина Елизавета Кузьминична,1985-06-11
4149,Ольга Макаровна Гусева,1997-11-28
4150,Федот Вилорович Власов,1993-11-22
4151,Ronald Stewart,2000-03-20
4152,Mary Green,1993-07-13
4153,Александра Евгеньевна Кондратьева,1983-02-19
4154,Логинова Агафья Романовна,1971-08-09
4155,Melissa Carey,1985-09-17
4156,Brittany Obrien,1988-04-12
4157,Синклитикия Наумовна Филиппова,1984-04-08
4158,Maria Williams,1992-09-20
4159,Эмилия Кирилловна Титова,1977-12-22
4160,Никитина Зинаида Болеславовна,1984-09-21
4161,Арсений Евстигнеевич Дьячков,1972-03-06
4162,Вишняков Вениамин Власович,1972-02-24
4163,Русаков Тимур Трофимович,1998-01-11
4164,David Tran,1995-04-25
4165,Доронин Арефий Адамович,1974-08-23
4166,James Burke,2001-03-24
4167,Светлана Валентиновна Тимофеева,1976-11-21
4168,Tracey Harrington,1984-06-27
4169,Карп Зиновьевич Кудрявцев,1989-09-30
4170,Daniel Lewis,1996-02-06
4171,Natalie Bennett,1991-05-08
4172,Jaime Miller,1977-10-03
4173,Jamie Lopez,1984-08-25
4174,Ильин Любим Иосифович,2001-09-24
4175,David Lopez,1985-06-11
4176,Кулакова Маргарита Святославовна,2000-01-14
4177,Jason Young,1974-09-06
4178,Голубева Валентина Эдуардовна,1971-09-19
4179,Noah Clay,1996-01-17
4180,Kevin Rogers,1964-12-17
4181,Горшкова Синклитикия Оскаровна,1966-01-17
4182,Casey Cruz,1990-06-25
4183,Блохин Антонин Матвеевич,1997-11-23
4184,Carlos Johnson MD,1981-06-06
4185,Robert Benson,1971-01-19
4186,Fernando Ramirez MD,1977-02-10
4187,Maria Campos,1961-12-29
4188,Василий Арсенович Филатов,1963-02-27
4189,Беляева Галина Робертовна,1978-12-13
4190,Rebecca Young,1962-10-10
4191,Исаева Синклитикия Степановна,1986-09-25
4192,Thomas Johnston,1994-08-06
4193,Stephanie Atkins,1977-09-17
4194,Щукин Никита Ефимьевич,1974-02-06
4195,Филатова Лора Георгиевна,2003-10-10
4196,Jennifer Smith,1965-08-22
4197,Евдокия Натановна Мельникова,1985-12-25
4198,Кир Дмитриевич Пестов,1976-09-14
4199,Douglas Gomez,1976-12-31
4200,Доронин Светозар Юлианович,1962-03-16
4201,Харитонова Дарья Владиславовна,1989-06-05
4202,Marcus Turner,1973-07-04
4203,Mackenzie Long,1973-05-26
4204,Karen Sparks,1986-01-12
4205,Ефимова Кира Егоровна,1962-02-08
4206,Герасимов Валерьян Харламович,1976-11-17
4207,Jennifer Miller,1990-08-11
4208,Kathleen Castro,1995-03-27
4209,Kendra Harrington,1998-08-24
4210,Danielle Marks,1979-07-05
4211,Киселев Гостомысл Власович,1978-05-30
4212,Князева Октябрина Степановна,1995-05-26
4213,Екатерина Львовна Киселева,1967-04-05
4214,Пелагея Ждановна Королева,1995-06-17
4215,Susan Simon,1974-02-12
4216,Ангелина Егоровна Трофимова,1976-05-02
4217,Воронцова Евфросиния Леонидовна,1979-11-16
4218,Соколов Архип Александрович,2000-01-13
4219,Самойлова Марина Дмитриевна,1980-03-18
4220,Timothy Rivera,1973-11-02
4221,Brady Kim,2003-04-11
4222,Васильева Фаина Борисовна,1995-01-17
4223,Robert Mcbride,1987-04-20
4224,Хохлов Вышеслав Харламович,1965-11-13
4225,Григорьева Василиса Леоновна,1995-02-02
4226,Белова Евпраксия Ефимовна,1995-11-02
4227,Титов Милен Терентьевич,1977-02-06
4228,Brandon Powell,1998-04-27
4229,Sarah Andrews,1994-07-23
4230,Антонов Ювеналий Жанович,1991-06-05
4231,Ульяна Петровна Самойлова,1964-11-11
4232,Екатерина Олеговна Лихачева,1974-12-25
4233,Tracy Benitez,1975-07-26
4234,Клавдия Ильинична Потапова,1962-05-29
4235,Никифор Гаврилович Савин,2001-10-20
4236,Jimmy Garrett,1967-03-10
4237,Timothy Hernandez,1965-04-24
4238,Елизавета Федоровна Стрелкова,1973-03-11
4239,Януарий Гурьевич Беспалов,1994-03-08
4240,Donna Garcia,1979-03-17
4241,Mr. Antonio Adams,1981-06-16
4242,Adam Lopez,1981-04-05
4243,Ермил Матвеевич Мартынов,1966-01-09
4244,Michael Thompson,1987-07-05
4245,Шестаков Гостомысл Демьянович,1961-03-30
4246,Дьячков Остромир Анатольевич,1967-12-07
4247,Елена Робертовна Журавлева,1964-06-25
4248,Князева Полина Артемовна,2000-11-07
4249,John Shannon,1982-07-31
4250,Victoria Frazier MD,1971-04-08
4251,Jeremy Hernandez DDS,1983-03-12
4252,Sierra Armstrong,1962-09-09
4253,Антонова Дарья Андреевна,2000-07-27
4254,Nicholas Duncan,1960-09-02
4255,Жуков Харлампий Харламович,1986-05-31
4256,Nicole Spencer,1977-10-07
4257,Меркушева Василиса Васильевна,1982-03-08
4258,Charlotte Miller,1965-09-25
4259,Гущина Антонина Игоревна,1963-07-20
4260,Алексеева Агата Натановна,1986-09-18
4261,Amanda Riley,1976-01-28
4262,Иванна Владиславовна Лазарева,1995-03-29
4263,Kelly Wells,2001-10-05
4264,Corey Cruz,1980-01-05
4265,Таисия Геннадьевна Соколова,1992-03-21
4266,Панов Агап Исидорович,1971-10-20
4267,William Sanders,1988-08-23
4268,Jessica Evans,1963-06-01
4269,Лобанова Мария Григорьевна,1964-12-22
4270,Brandon Wong,1962-05-26
4271,Ферапонт Харлампович Рожков,1971-04-09
4272,Рубен Данилович Пестов,1994-01-29
4273,Benjamin Krause,1975-05-07
4274,Модест Архипович Пестов,1975-07-05
4275,Paula Clark,1992-09-21
4276,тов. Мамонтова Алевтина Мироновна,1993-10-03
4277,Alicia Rice,1980-09-08
4278,Courtney Perez,2003-09-05
4279,Emily Marshall,1967-07-28
4280,Будимир Анатольевич Зимин,1971-11-16
4281,Zachary Cooper,1967-11-04
4282,Фомичев Игнатий Ааронович,1965-07-14
4283,Nicole Ali,1991-03-01
4284,Virginia Webster,1982-08-01
4285,Карпов Георгий Филиппович,1971-05-11
4286,Рыбаков Аскольд Трифонович,1993-10-01
4287,Ashley Carter,1972-01-14
4288,Агафонов Карп Валерьянович,1990-04-25
4289,Andrew Jones,1971-06-01
4290,Горбачева Ираида Рудольфовна,1976-06-24
4291,Лора Валентиновна Журавлева,1980-12-15
4292,Тихонова Василиса Кузьминична,1966-07-14
4293,Susan Hampton,1997-12-04
4294,Erin Anderson,1964-12-30
4295,Шубина Галина Захаровна,1968-09-06
4296,Рогова Надежда Станиславовна,1991-12-24
4297,Greg Williams,1972-10-21
4298,Steven Anderson,1987-07-30
4299,Sydney Molina,1992-10-15
4300,Jason Perez,1990-08-07
4301,Elaine Smith,1992-11-24
4302,Nicholas Morgan,1963-10-22
4303,Элеонора Захаровна Евдокимова,2000-06-03
4304,Mr. James Phillips,1994-04-11
4305,Рябов Ратмир Александрович,1989-10-22
4306,Веселова Октябрина Петровна,1988-10-10
4307,Steven Martinez,1967-06-18
4308,Дорофей Фомич Новиков,1961-05-18
4309,Олег Елизарович Горбачев,1997-05-07
4310,Jamie Collins,1977-01-08
4311,Timothy Solis,1996-10-07
4312,Виталий Витальевич Бобылев,1981-04-18
4313,Анна Тимуровна Морозова,1960-07-25
4314,Tracy Rojas,1962-09-22
4315,Rachel Roberson,1963-01-07
4316,Sarah Ho,1977-05-12
4317,Yolanda Reed,1997-01-30
4318,Фокина Наина Ниловна,1974-10-03
4319,James Scott,1968-09-19
4320,Александра Валериевна Тихонова,1987-04-24
4321,Gregg Beasley,2003-11-28
4322,Анжелика Семеновна Козлова,1992-04-05
4323,Karl Freeman,1997-03-21
4324,Аверкий Федотович Лукин,1987-12-30
4325,Ryan Osborne,1974-11-06
4326,Laura Sparks,1999-07-10
4327,Казимир Тарасович Родионов,1961-08-08
4328,Philip Alexander,1998-09-21
4329,Troy Aguirre,1988-06-15
4330,Paul Forbes,1983-02-01
4331,Сергеев Поликарп Гордеевич,1999-02-21
4332,Стрелков Эдуард Венедиктович,1981-04-08
4333,Adrian Snyder,1983-01-24
4334,Krista Brady,1997-10-17
4335,Ларионов Болеслав Иосипович,1967-09-23
4336,Александр Аксёнович Ширяев,1971-05-30
4337,Michael Becker,2002-11-11
4338,Захаров Станимир Изотович,1971-09-30
4339,Самойлов Светозар Федосьевич,1997-01-16
4340,Allison Hines,1996-10-03
4341,Andrew Payne,1976-03-21
4342,Natasha Aguilar,1981-04-24
4343,Amanda Lee,1969-10-02
4344,Демид Арсеньевич Сидоров,1995-03-07
4345,Jasmine Weeks,1960-09-12
4346,Scott Evans,1989-03-13
4347,Nicholas Smith,1995-11-27
4348,Danielle Ruiz,1974-05-18
4349,Ярополк Фёдорович Евсеев,1986-09-21
4350,Афанасьева Любовь Игоревна,1984-01-27
4351,Молчанова Лариса Валериевна,1982-07-14
4352,Kelli Vasquez,1971-06-17
4353,Barbara Thompson,1992-12-25
4354,Гурьева Кира Валентиновна,1987-11-27
4355,Wendy Barrera,1979-02-02
4356,Ronnie Robinson,1983-09-02
4357,Christopher Rice,1966-12-14
4358,Brian Garcia,1994-04-14
4359,Luis Wallace,1962-09-25
4360,Соболев Аристарх Федотович,1974-02-08
4361,Потап Евстигнеевич Осипов,1991-07-16
4362,Пономарев Платон Чеславович,1981-07-02
4363,Колесникова Валентина Владиславовна,1997-09-01
4364,Гришин Александр Зиновьевич,1966-03-03
4365,Ирина Евгеньевна Пахомова,1970-06-07
4366,Фёкла Артемовна Михеева,1964-01-07
4367,Barbara Peters,1986-11-01
4368,Cathy Evans,2003-03-22
4369,Мина Арсеньевич Тетерин,1971-05-02
4370,Степанова Варвара Юльевна,1965-12-05
4371,Carol Pearson,1997-04-21
4372,Mary Williams,1970-02-26
4373,Sabrina Aguilar,1967-04-20
4374,Joshua Quinn,1970-09-08
4375,Andrea Bullock,1964-08-17
4376,Евфросиния Рудольфовна Дмитриева,1965-01-20
4377,Nicholas Castillo,1989-08-01
4378,Sara Dixon,1961-05-07
4379,Ипполит Германович Медведев,1996-08-23
4380,Агафья Владимировна Потапова,1999-07-18
4381,Tracy Watson,1967-09-25
4382,Benjamin Maxwell,1983-02-01
4383,Christopher Guerrero Jr.,1991-12-04
4384,Drew Roberts,2001-06-14
4385,Макаров Петр Ануфриевич,1966-07-15
4386,Зимина Любовь Геннадиевна,1996-08-11
4387,Акулина Вениаминовна Кабанова,1968-04-20
4388,Филиппова Эмилия Леонидовна,1999-11-16
4389,Ермолай Денисович Баранов,1962-10-29
4390,Luis Jensen,1977-04-24
4391,Изяслав Иосифович Игнатьев,1977-01-07
4392,Исакова Майя Даниловна,2000-10-27
4393,Лукия Константиновна Лихачева,1997-09-26
4394,Jeremy Mcclure,1990-02-13
4395,Lindsey Harmon,2001-03-31
4396,Jill Massey,1981-07-27
4397,Christine Adams,1965-06-16
4398,Беляева Елена Игоревна,1963-10-01
4399,Francisco Marshall,1968-06-29
4400,Бирюков Демид Фомич,1995-09-29
4401,Жанна Рудольфовна Орехова,1962-10-08
4402,Marcus Perez,1970-07-21
4403,Brooke Burke,1972-12-23
4404,Tyler Campbell,1989-02-24
4405,Юрий Игоревич Нестеров,2002-04-26
4406,Колобова Глафира Ниловна,1982-11-22
4407,Amanda Miller,1995-04-07
4408,Максимов Герасим Власович,1978-11-21
4409,Francisco Payne,1994-05-19
4410,Jose Hoffman,1988-10-10
4411,Регина Мироновна Некрасова,1974-02-14
4412,Сысоев Владислав Филимонович,1998-11-11
4413,Angela Ferguson,1974-03-11
4414,James Jones,1995-06-11
4415,Ксения Даниловна Цветкова,1960-02-29
4416,Пелагея Сергеевна Андреева,1994-09-05
4417,Amy Mitchell,1980-07-02
4418,Michael Washington,1978-02-18
4419,Michael Maxwell,1960-02-27
4420,Изот Эдуардович Молчанов,1996-08-01
4421,Мефодий Марсович Денисов,1974-10-11
4422,Howard Jones,1986-05-23
4423,Регина Афанасьевна Баранова,1997-05-31
4424,Мир Игоревич Поляков,1960-11-16
4425,Jennifer Martinez,1962-01-24
4426,Поляков Ермолай Фролович,2003-08-15
4427,Emily Ramos,1977-06-28
4428,Воробьев Станислав Елисеевич,1964-02-16
4429,Лукьян Эдуардович Буров,2000-08-05
4430,Erin Walker,2001-02-04
4431,Носов Давыд Гавриилович,1998-11-30
4432,Клавдия Ефимовна Дмитриева,1964-01-19
4433,Sarah Peck,2000-01-02
4434,Felicia Armstrong,1970-01-31
4435,Jay Bell,1960-01-26
4436,Lee Flores,1984-04-18
4437,Селезнева Тамара Рудольфовна,1977-11-21
4438,Julie Mccullough,2001-05-17
4439,Jason Wilson,1972-01-23
4440,Brian Mata,1981-01-21
4441,Элеонора Кузьминична Гусева,1987-08-06
4442,Коновалова Лора Вениаминовна,1994-09-03
4443,Kimberly Chambers,1968-09-24
4444,Емельянова Анастасия Евгеньевна,1984-08-04
4445,Октябрина Леоновна Кудряшова,1984-11-06
4446,Гордеев Никодим Еремеевич,1983-12-19
4447,Cynthia Schmitt,1985-04-29
4448,Brittany Nelson,1967-02-23
4449,Вероника Анатольевна Шашкова,1980-08-05
4450,Kenneth Garcia,1983-09-07
4451,Алла Тарасовна Кузьмина,1979-06-11
4452,Ariel Lewis,1983-04-30
4453,Michael Mcmahon,1985-05-18
4454,Рюрик Фомич Наумов,1983-09-26
4455,Brett Dickson,1989-08-16
4456,Sean Mitchell,1995-01-22
4457,Jacob Mcguire,1976-05-01
4458,Феврония Болеславовна Турова,1996-01-05
4459,Kenneth Diaz,1968-02-07
4460,Архипов Лучезар Федосьевич,1997-11-08
4461,Милица Львовна Максимова,1980-05-21
4462,Kenneth Dawson,1961-01-17
4463,Lisa Hampton,1970-08-14
4464,Филипп Богданович Мухин,2002-04-24
4465,Гусева Лариса Юрьевна,1979-05-12
4466,Catherine Taylor,1994-04-09
4467,Matthew Garcia,1980-05-22
4468,Andrew Houston,1988-04-22
4469,Daniel Mcconnell,1985-01-28
4470,Christopher Hernandez,1968-05-18
4471,Пантелеймон Авдеевич Стрелков,1973-07-30
4472,Justin Rodriguez,1984-10-26
4473,Teresa Mahoney,1994-02-20
4474,Alexandra Leonard,2000-04-01
4475,Joseph Weaver,2001-12-02
4476,Лора Альбертовна Шашкова,1963-04-08
4477,Arthur Patterson,1976-03-15
4478,Копылов Виктор Захарьевич,1974-02-06
4479,Ivan Bond,1965-04-13
4480,Смирнов Нифонт Даниилович,1980-06-30
4481,Велимир Харитонович Аксенов,1964-01-18
4482,Derek Garcia,1966-03-10
4483,Жданова Анна Константиновна,1977-04-10
4484,Jacqueline Ramsey,1995-03-04
4485,Маргарита Никифоровна Королева,1984-04-21
4486,Susan Davis,1997-06-12
4487,Nicholas Jimenez,1966-06-28
4488,Нинель Рубеновна Тарасова,1987-04-19
4489,Shane Jones,1978-01-25
4490,Robert Thompson,1979-07-19
4491,Фотий Еремеевич Самойлов,1967-04-19
4492,Силина Вероника Альбертовна,2002-04-20
4493,Быков Аверьян Гавриилович,1982-12-23
4494,Caitlin Henson,1980-02-25
4495,Нестор Матвеевич Рыбаков,1991-09-20
4496,Brandon Casey,2000-12-21
4497,Cheryl Price,1992-05-04
4498,William Kelley,1971-12-13
4499,Jason Jensen,1964-09-20
4500,Victoria Cooper,1975-07-19
4501,Alan Foster,1976-09-21
4502,Екатерина Степановна Андреева,1997-06-15
4503,Авдей Эдгардович Зуев,1979-07-08
4504,Heather Dickerson,1965-09-02
4505,Евпраксия Степановна Одинцова,1985-12-04
4506,Гусев Милий Глебович,1997-11-19
4507,Christopher Green,1982-04-16
4508,Melinda Mcdonald,1991-11-11
4509,Jessica Thornton,2002-01-29
4510,Kenneth Rogers,1962-11-04
4511,Rebecca Blackwell,1969-11-06
4512,Ryan Pierce,2000-04-20
4513,Прасковья Игоревна Боброва,1972-05-04
4514,William Williams,1980-08-09
4515,Смирнова Надежда Петровна,1997-02-09
4516,Кудряшова Ангелина Оскаровна,1998-01-08
4517,Daniel Howard,1967-12-20
4518,Alex Wilson,2001-03-31
4519,Melinda Martin,1974-09-19
4520,Joshua Larson,1999-09-20
4521,Dustin Martin,1960-03-23
4522,Тарасов Феофан Феликсович,1981-10-11
4523,Debbie Gray,2002-05-28
4524,Richard Franklin,1983-03-06
4525,Нифонт Артемьевич Богданов,1990-11-25
4526,Гаврилов Герман Артёмович,1980-04-20
4527,Панов Карп Вячеславович,1966-02-10
4528,Cole Mcknight,1963-04-02
4529,Болеслав Феоктистович Белозеров,2001-11-23
4530,Tricia Sims,2001-10-09
4531,Brian Hernandez,1976-09-26
4532,Беспалов Богдан Феликсович,1962-12-15
4533,Кузьмина Галина Сергеевна,1975-10-06
4534,Timothy Scott,1988-10-10
4535,Chad Campbell,2002-07-23
4536,Самойлова Вероника Натановна,1965-03-18
4537,Justin Anthony,2003-09-21
4538,Раиса Харитоновна Жданова,1967-12-26
4539,Jeanette Delgado,1999-09-27
4540,Tonya Lin,1996-08-12
4541,Angela Roberts,1974-02-16
4542,Сысоев Сигизмунд Андреевич,1963-08-17
4543,Brittany Williams,1961-12-15
4544,Jamie Walls,1970-03-14
4545,Rachel Anderson,1998-09-04
4546,Jennifer Hobbs,1962-05-22
4547,Lisa Cameron,1966-02-08
4548,Валентин Игоревич Устинов,1961-06-21
4549,Прохорова Лукия Альбертовна,1996-04-26
4550,Носов Любим Борисович,1974-01-30
4551,Amanda Wilson,1960-03-16
4552,Meghan Fox,1971-07-03
4553,Elizabeth Castillo,1997-03-25
4554,Dawn Hawkins,1963-11-20
4555,Dr. Billy Wallace,1985-09-30
4556,Helen Chavez,1985-03-14
4557,Miss Erin Williams,1991-05-12
4558,Борисов Милан Ефимьевич,1996-05-13
4559,Donald Ballard,1995-10-09
4560,Joseph Carlson,1981-01-03
4561,Марина Семеновна Щербакова,1984-11-28
4562,Andrea Ward,1998-10-23
4563,Michele Edwards,1975-06-17
4564,Анжела Станиславовна Лапина,1971-07-14
4565,Беспалов Трофим Бориславович,1981-03-07
4566,Christopher Silva,1978-07-18
4567,Joseph Crawford,1963-12-14
4568,Anna Woods,1995-07-29
4569,Michael Williams,2001-07-10
4570,Валентин Ануфриевич Мамонтов,1981-04-08
4571,Лихачева Фёкла Романовна,1973-12-11
4572,Robert Davis,1963-09-16
4573,Исакова Зинаида Борисовна,1994-07-25
4574,Chelsea Turner,1963-03-04
4575,Кузнецова Иванна Григорьевна,1974-11-27
4576,Феоктист Георгиевич Федотов,1975-10-12
4577,William Robinson,1989-10-13
4578,Melissa Brown,1969-12-12
4579,Sharon Butler,1963-01-30
4580,Филатов Рюрик Валерианович,1973-04-24
4581,Анжела Анатольевна Никифорова,1999-07-19
4582,Debra Carter,1992-09-02
4583,Сигизмунд Данилович Мясников,1971-06-26
4584,Tiffany Morales,1999-07-14
4585,Douglas Smith,1975-02-18
4586,Jeremy Chase,1966-10-16
4587,Лучезар Теймуразович Михеев,1962-09-17
4588,Алевтина Егоровна Яковлева,1972-03-30
4589,Justin Bailey,1979-07-13
4590,Зайцева Галина Романовна,1979-04-04
4591,Тимофеева Виктория Юрьевна,1986-05-22
4592,Christopher Lewis,1992-03-12
4593,Antonio Valdez DVM,1999-12-20
4594,Коновалова Ольга Мироновна,1984-04-23
4595,Tracy Craig,1984-07-17
4596,Пелагея Ждановна Коновалова,1967-12-07
4597,Дорофеев Любим Бориславович,1970-03-22
4598,Рубен Артемьевич Симонов,1995-10-15
4599,Nicole Phillips,2003-06-20
4600,Aaron Hall,1978-03-17
4601,Jessica Barr,1984-03-25
4602,Тихонова Ангелина Макаровна,1974-12-25
4603,Назаров Фортунат Игоревич,1996-08-13
4604,Ситникова Акулина Леоновна,1972-05-30
4605,Timothy Mckinney,1977-08-25
4606,Панфил Арсеньевич Веселов,1987-10-22
4607,Жданова Евфросиния Геннадьевна,1963-08-04
4608,Фотий Александрович Яковлев,1977-10-23
4609,Устинов Валерьян Валерианович,1985-04-28
4610,Коновалов Давыд Иосипович,1996-12-28
4611,Данилова Фёкла Рубеновна,1961-07-11
4612,Adam Mason,1974-12-13
4613,Nancy Mcfarland,1974-07-23
4614,Суворов Сила Филиппович,1982-02-17
4615,Andrew Reed,1973-11-18
4616,Heidi Ortega,1989-11-17
4617,Susan Sanchez,1964-07-24
4618,Vickie Martin,1964-06-21
4619,Arthur Armstrong,1964-06-28
4620,Данила Даниилович Рогов,1982-10-07
4621,Alex Price,1964-04-01
4622,Meghan Hood,1990-10-20
4623,Аникита Елизарович Бобров,1974-09-26
4624,Evelyn Crawford,1991-08-02
4625,Sarah Allison,1990-08-04
4626,Щукина Алевтина Олеговна,1990-10-21
4627,Mary Hammond,1967-07-18
4628,Elizabeth Garcia,1978-03-20
4629,Jeffrey Young,1976-08-21
4630,Terry Martin,1974-02-19
4631,Danielle Berger,2001-10-24
4632,Жуков Кондрат Феофанович,2002-03-10
4633,Бирюкова Феврония Эдуардовна,1967-12-12
4634,Dr. Shelby Anthony,2000-01-21
4635,Тимофей Харламович Лазарев,1966-01-24
4636,Лора Степановна Зайцева,2000-06-02
4637,Алла Вениаминовна Ковалева,1995-08-12
4638,Mr. Ian Jones Jr.,1976-01-11
4639,Miguel Davis,1962-09-02
4640,Терентий Ярославович Федотов,1998-07-29
4641,Татьяна Натановна Носкова,1996-06-11
4642,Ann Johnson,1962-04-11
4643,Шарова Ксения Максимовна,1964-12-23
4644,Игорь Ануфриевич Пахомов,1998-09-14
4645,Steven Graham,1968-03-18
4646,Kyle Ross,1975-07-26
4647,Robert Stone,1989-05-14
4648,Brandy Wallace,1986-05-21
4649,Любовь Львовна Киселева,1988-06-04
4650,Frank Grant,1975-03-30
4651,Кудрявцева Фёкла Тарасовна,1972-09-02
4652,Попова Эмилия Филипповна,1997-06-11
4653,Морозова Жанна Эдуардовна,1994-04-25
4654,Вишнякова Евдокия Архиповна,1968-07-30
4655,Kimberly Haley,1980-10-19
4656,Grant Olsen,1962-03-22
4657,David Anderson,1991-10-09
4658,Rebecca Perry,1990-03-27
4659,Фотий Гордеевич Игнатьев,1961-04-04
4660,Jennifer Lopez,1989-11-22
4661,Matthew Allen,1962-12-13
4662,Рябов Лучезар Денисович,1977-08-12
4663,Хохлов Андроник Харлампович,1990-05-23
4664,Matthew Fisher,2003-07-03
4665,Зинаида Львовна Медведева,1992-05-10
4666,Игнатов Эмиль Феодосьевич,1990-12-14
4667,Jason Wheeler,1965-04-25
4668,Белоусов Вадим Афанасьевич,1975-08-15
4669,Карпов Исидор Фокич,1961-05-29
4670,Christina Estrada,1979-03-21
4671,Антонов Лонгин Валерьевич,1987-06-08
4672,Sara David,1994-02-08
4673,Доронина Октябрина Владиславовна,1963-03-25
4674,Mark Osborn,1988-02-13
4675,Megan Smith,1964-03-16
4676,Jonathan Green,1989-05-02
4677,Олимпий Аверьянович Козлов,1987-08-09
4678,Kelly Diaz,1967-10-26
4679,Laura Liu,1976-02-10
4680,Воронцов Евгений Ерофеевич,1993-08-23
4681,Козлов Геннадий Чеславович,1976-10-07
4682,Jesse Thompson,1975-04-10
4683,Милан Борисович Журавлев,1976-03-17
4684,Глафира Эдуардовна Сорокина,1961-06-28
4685,Зосима Аверьянович Казаков,2003-03-26
4686,Яковлева Нонна Оскаровна,2002-03-11
4687,Alexander Waters,1988-11-22
4688,Силин Изот Ааронович,1985-08-15
4689,Тит Вячеславович Романов,2000-12-31
4690,Zachary Brown,1984-07-23
4691,Дементий Ерофеевич Никонов,1984-07-10
4692,Лариса Богдановна Суворова,1979-09-14
4693,Людмила Петровна Симонова,1961-12-23
4694,Lisa Robinson,2000-03-01
4695,Анна Болеславовна Семенова,1981-06-26
4696,Jonathan Carter,1991-02-23
4697,Dylan Jones,1992-02-23
4698,Mrs. Jennifer Brown,1969-10-08
4699,Sherry Graham,1985-07-31
4700,Joann Snyder,1973-10-04
4701,Paul Wheeler,2003-03-16
4702,Sabrina Harris,1998-08-30
4703,Кирилл Дмитриевич Белоусов,1960-02-15
4704,Филатов Демид Ануфриевич,1980-07-25
4705,Игнатова Лукия Андреевна,1998-01-15
4706,Deborah Martinez,1974-12-28
4707,Нинель Егоровна Богданова,1969-10-11
4708,Нонна Филипповна Васильева,1975-08-10
4709,Terry Rogers,1963-04-09
4710,Наум Харлампович Соболев,1977-01-08
4711,Алла Святославовна Ковалева,1965-10-31
4712,Curtis Carter,1968-03-27
4713,Горбачев Рубен Андреевич,1980-08-09
4714,Jonathan Chang,1968-03-29
4715,Elizabeth Scott,1988-02-27
4716,Виталий Игнатович Меркушев,2002-06-25
4717,Jeanette Cochran,1994-12-12
4718,Ларионова Эмилия Алексеевна,1995-05-28
4719,Матвеева Татьяна Святославовна,1974-11-06
4720,Miranda Sosa,1963-02-16
4721,Наталья Ефимовна Кошелева,1995-04-28
4722,Валерий Брониславович Мухин,1961-10-14
4723,Peter Williams,2000-01-11
4724,Лариса Максимовна Елисеева,1990-05-11
4725,Мартынов Парамон Аксёнович,1970-12-16
4726,Ратмир Харлампович Романов,1994-04-14
4727,Danielle Gregory,1984-12-05
4728,Debra Cox,1982-11-23
4729,Веселов Боян Васильевич,1960-08-16
4730,Нестеров Куприян Жанович,2000-07-01
4731,Надежда Олеговна Сергеева,1977-03-23
4732,Яков Бориславович Белов,1969-11-12
4733,Brittany Levy,1987-08-23
4734,Ryan Reed,1972-08-18
4735,Anna Smith,1975-01-02
4736,Shaun Byrd,2001-06-05
4737,Zachary Santos,1974-12-26
4738,Michael Novak,1985-03-27
4739,Andrea Butler,1984-05-11
4740,Фаина Владиславовна Мясникова,1998-06-14
4741,Kathleen Barnes,1968-05-06
4742,Аким Иларионович Денисов,1986-08-14
4743,Christina Simmons,1994-08-03
4744,Шаров Ярослав Анисимович,1967-07-07
4745,Наркис Елисеевич Семенов,1970-05-11
4746,Danny Santos,1970-10-11
4747,Власова Валентина Робертовна,1996-01-26
4748,Isabel Savage,1995-10-07
4749,Спартак Жанович Ермаков,1991-02-21
4750,г-жа Медведева Прасковья Тимофеевна,1976-08-06
4751,Нестерова Мария Владиславовна,1968-05-14
4752,Никандр Афанасьевич Власов,1980-09-20
4753,Connor Mathews,1999-12-02
4754,Исаева Татьяна Макаровна,1986-09-23
4755,Сигизмунд Аксёнович Якушев,2000-09-12
4756,Ян Фролович Исаев,1964-01-28
4757,Daniel Calderon,1997-10-05
4758,Ираида Рубеновна Копылова,1992-01-06
4759,Brooke Brown,1960-04-10
4760,Агафья Ниловна Блохина,1979-05-09
4761,Kenneth Erickson,1967-07-19
4762,Екатерина Леонидовна Аксенова,1995-09-03
4763,Wendy Boyd,1989-08-13
4764,Максимова Марина Ниловна,1975-10-25
4765,Dennis Hancock,1983-07-11
4766,Kevin Johnson,1983-06-05
4767,Christine Conrad,1981-12-05
4768,Melissa Smith,1990-10-15
4769,Тит Артёмович Соколов,1964-03-27
4770,Мишина Анжела Станиславовна,1994-08-31
4771,Петухова Валентина Михайловна,1979-08-01
4772,Савельев Орест Чеславович,1976-08-29
4773,Ангелина Федоровна Гришина,1984-09-12
4774,Алина Владиславовна Ковалева,1986-05-26
4775,Erik Morris,1985-07-10
4776,Michael Baird,1990-12-18
4777,Mike Salazar,1967-07-06
4778,Cody Douglas,1964-03-23
4779,Евсей Измаилович Блинов,1983-03-07
4780,Арефий Аверьянович Васильев,1962-04-04
4781,Melissa Burke,1994-09-05
4782,Марина Андреевна Стрелкова,1970-08-08
4783,Колесников Давыд Давидович,1994-05-05
4784,Scott Valdez,1987-02-01
4785,Natalie Kent,1963-01-05
4786,Laura Simon,1976-11-03
4787,Caitlin Parsons,1966-12-07
4788,Andrew Hill,1986-02-06
4789,Софрон Ааронович Дорофеев,1967-09-25
4790,Aaron Brock,1972-05-20
4791,Изот Афанасьевич Фролов,1999-07-26
4792,Анжелика Святославовна Артемьева,1962-05-25
4793,Michael Kennedy,1983-01-19
4794,Андрей Эдгарович Пономарев,1992-05-27
4795,Joseph King,1967-04-16
4796,Лора Альбертовна Воробьева,1967-12-20
4797,Jennifer Terry,1987-08-03
4798,Ситникова Галина Рудольфовна,1965-09-19
4799,Jonathan Fernandez,1997-08-14
4800,Sarah Cole,1966-01-25
4801,Hannah Tucker,1966-12-22
4802,Пономарева Варвара Андреевна,1963-12-23
4803,Петухов Зиновий Анатольевич,1981-11-09
4804,John Steele,1989-05-16
4805,Евдокия Вениаминовна Фомина,1965-11-27
4806,Thomas Parker,1998-08-03
4807,Jacob Douglas,1964-12-02
4808,Кузьмин Чеслав Эдуардович,2003-09-09
4809,Jerry Garza,1976-02-22
4810,Brian Barr,1991-11-15
4811,Стрелков Эраст Феоктистович,1960-06-16
4812,Eric Collier,1993-01-01
4813,Christopher Mccoy IV,1960-08-01
4814,Маргарита Аркадьевна Исаева,1988-06-10
4815,Афанасьева Лидия Григорьевна,1962-04-10
4816,София Аркадьевна Антонова,1992-01-17
4817,Tracy Simpson,1969-10-28
4818,Robert Brown,1965-11-09
4819,Todd Jones,1982-05-04
4820,Матвей Адамович Беляев,2001-09-25
4821,Шестаков Максим Григорьевич,1999-04-15
4822,Журавлева Глафира Владиславовна,1976-09-23
4823,Jamie Lopez,1961-11-09
4824,David Farmer,1994-01-22
4825,Наумов Нестор Теймуразович,1964-03-12
4826,Дементий Юльевич Брагин,1999-10-04
4827,Гаврила Игоревич Горшков,1971-05-15
4828,Никитин Юлиан Изотович,1960-02-17
4829,Darren Summers,1996-12-31
4830,Максим Харлампович Одинцов,1992-01-31
4831,Sarah Mitchell,1970-05-09
4832,Kimberly Douglas,1979-09-26
4833,Карпов Клавдий Ануфриевич,1975-12-18
4834,Жданов Венедикт Феликсович,1986-03-22
4835,Тетерин Ипатий Давидович,1984-02-06
4836,Евгения Игоревна Савельева,1994-06-12
4837,Орехова Елена Богдановна,1961-01-10
4838,Emily Lopez,1986-11-01
4839,Анна Григорьевна Филатова,1990-08-15
4840,Donna Li,1990-10-05
4841,Kaitlyn Wagner,1963-04-27
4842,Шарапова Пелагея Андреевна,1976-12-17
4843,Amanda Chaney,1961-10-31
4844,Dylan Tucker,1967-02-20
4845,Brenda Mullins,2002-11-15
4846,Joseph Nelson,1965-05-09
4847,Robert Harrington,1961-04-22
4848,Панова Галина Альбертовна,1997-10-10
4849,Susan Matthews,1984-04-11
4850,Nathan Robbins,1962-12-31
4851,William Cox,1977-07-30
4852,Давыдов Олег Иосифович,1985-06-15
4853,Горбачев Климент Владленович,1998-12-18
4854,Юлий Елизарович Денисов,1965-04-25
4855,Князев Агафон Гаврилович,1960-08-17
4856,Victoria Turner,1976-06-16
4857,Дмитриев Прохор Иосифович,1999-09-09
4858,Остромир Владленович Жуков,1997-09-25
4859,Носова Ольга Геннадиевна,2003-07-01
4860,Bruce Johnson,1980-08-27
4861,Lauren Colon,1999-05-04
4862,Kevin Smith,1977-03-09
4863,г-н Ершов Вацлав Арсеньевич,1977-09-03
4864,Miss Kristi Sanchez,1963-10-10
4865,Kristen Black,1996-01-27
4866,Иванна Ильинична Терентьева,1976-03-22
4867,Чернова Алла Михайловна,1986-01-26
4868,Арсений Жоресович Михайлов,1994-03-25
4869,Nicholas Charles,1973-06-24
4870,Rita Roth,1979-10-12
4871,Brandon Smith,1977-07-24
4872,Ashley Contreras,1990-09-20
4873,Архипов Всеслав Всеволодович,1994-07-20
4874,Азарий Гертрудович Иванов,1970-01-29
4875,Steven Byrd,1975-06-03
4876,Творимир Устинович Корнилов,1989-01-12
4877,Phyllis Torres,1967-07-03
4878,Валерия Вячеславовна Савина,1965-10-22
4879,Crystal Murphy,1977-04-14
4880,Зыков Мирослав Эдгардович,1999-07-26
4881,Sarah Richardson,1963-12-20
4882,Марина Кузьминична Боброва,1966-08-03
4883,Емельянова Надежда Антоновна,1995-04-02
4884,г-н Куликов Трофим Иларионович,1966-03-01
4885,Autumn Fernandez,1993-02-21
4886,Дорофей Ануфриевич Комиссаров,1989-05-12
4887,Joy Byrd,1974-05-19
4888,Устинов Христофор Владленович,1966-10-14
4889,Марина Афанасьевна Гурьева,1983-02-01
4890,Kevin Smith,1988-07-16
4891,Amy Boyle,1961-10-05
4892,April Thomas,1982-02-11
4893,Michael Myers,1986-08-26
4894,Danielle Young,1987-09-16
4895,Мельникова Евфросиния Александровна,1987-12-08
4896,Christopher Gonzalez,1966-08-13
4897,Robert Taylor,1992-06-28
4898,Адам Ефремович Соколов,1996-10-23
4899,Chelsea Sims,1989-07-07
4900,Ian Valenzuela,1990-08-16
4901,Сорокин Василий Глебович,1969-11-23
4902,Гордей Юльевич Наумов,1975-03-14
4903,Brian Delacruz,1999-10-21
4904,Евсеева Надежда Альбертовна,2003-04-26
4905,Jonathan Hale,1972-08-20
4906,Rebekah Curtis,2003-09-11
4907,Mark Conley,1999-11-16
4908,Максимов Еремей Андреевич,1962-08-01
4909,Боян Тарасович Казаков,1970-07-31
4910,Тамара Эльдаровна Медведева,1971-09-11
4911,Kevin Sanchez,2002-08-02
4912,Natalie Dixon,1996-04-14
4913,Chelsea Briggs,1963-06-24
4914,Ермакова Синклитикия Владиславовна,1997-06-06
4915,Мартьян Фёдорович Стрелков,1989-12-26
4916,Donald Rodriguez,1978-03-13
4917,Кира Матвеевна Назарова,2003-12-19
4918,Rachel Perez,1976-08-02
4919,John Russell,1994-11-30
4920,Shannon Brown,2001-02-03
4921,Larry Gonzalez,1990-04-14
4922,Григорьев Стоян Ефимович,1974-11-03
4923,Cindy Smith,1978-01-02
4924,Kimberly Anderson,2000-02-22
4925,Amy Freeman,1972-01-13
4926,Anthony Harris MD,2002-04-15
4927,Mrs. Sheri Cooper,1988-07-07
4928,Наталья Антоновна Королева,1968-12-10
4929,Стрелков Роман Афанасьевич,1970-10-05
4930,Щербаков Святослав Жанович,1985-04-24
4931,Михеев Всеволод Филатович,1998-06-15
4932,Лукия Игоревна Комиссарова,1977-05-06
4933,Mark Garcia,1986-09-03
4934,Gregory Smith,1977-02-23
4935,Suzanne Torres,1962-11-07
4936,Евсей Венедиктович Харитонов,2000-08-20
4937,Элеонора Тимуровна Захарова,1963-07-19
4938,Евсеев Юлиан Адрианович,1972-10-22
4939,Корнилова Кира Станиславовна,1984-01-08
4940,Jessica Oconnor,1960-05-09
4941,Deanna Lang,2001-07-04
4942,Kevin Arellano,1987-09-26
4943,Blake Miller,1973-09-28
4944,Bruce Dillon,1996-07-19
4945,Демид Власович Горшков,1994-02-09
4946,Кузнецова Анжелика Станиславовна,1966-05-25
4947,Аггей Августович Комиссаров,2002-03-01
4948,Тетерина Виктория Мироновна,1977-02-07
4949,Сидорова Людмила Владиславовна,1997-11-14
4950,Нина Максимовна Мельникова,1965-01-22
4951,Natalie Coleman,1970-09-29
4952,Алевтина Кузьминична Александрова,1999-01-11
4953,David Cook,1966-02-17
4954,Щербакова Виктория Вениаминовна,1994-11-07
4955,Suzanne Chase,1965-04-28
4956,Агата Александровна Куликова,1977-04-05
4957,Кира Александровна Мухина,1996-06-30
4958,Прокофий Евстигнеевич Брагин,1989-12-13
4959,Brittany Graves,1989-03-09
4960,Joanna Burns,1968-10-06
4961,Лазарь Иосипович Гурьев,2000-03-31
4962,Пантелеймон Германович Щербаков,1978-08-20
4963,Chad Marshall,1973-07-02
4964,James Ross,1999-10-01
4965,Кира Альбертовна Нестерова,1992-03-23
4966,Charles Martinez,1980-04-23
4967,Daniel Wolf,1969-11-13
4968,Melissa Jackson,1980-07-16
4969,Раиса Ждановна Семенова,2003-02-09
4970,Amber Salas DDS,2000-07-14
4971,Сила Витальевич Дроздов,1983-12-17
4972,Kenneth Miller,1992-10-13
4973,Нина Геннадьевна Гуляева,2002-03-04
4974,Mary Moreno,1975-12-25
4975,Brandy Hall PhD,1966-05-16
4976,Sean Lewis,1963-07-24
4977,Степанов Мечислав Трифонович,1984-08-16
4978,Никита Алексеевич Ситников,2001-02-04
4979,Steven Nelson,1972-08-06
4980,Мечислав Исидорович Фомин,1969-05-19
4981,Анна Игоревна Блинова,2003-06-27
4982,James Edwards,1993-02-25
4983,Christopher Nichols,1979-06-03
4984,Dawn Bradley,1982-09-03
4985,Edwin Andrews,1971-08-26
4986,Евсеева Ульяна Максимовна,1990-07-07
4987,Matthew Perez,1990-06-12
4988,Анатолий Игнатович Лапин,1965-01-16
4989,Кузьмин Милован Авдеевич,1988-10-31
4990,James Mcmahon,1999-01-05
4991,Michelle Cooper,1996-08-06
4992,Kayla Fritz,1991-01-07
4993,Miranda Collins,1995-09-26
4994,Кудрявцев Гордей Игнатович,1993-04-13
4995,Jennifer Lopez,1969-12-25
4996,Jimmy Everett,1980-10-04
4997,Веселова Варвара Кузьминична,1985-11-23
4998,Осипов Прокофий Антипович,1990-08-04
4999,Самсонова Лидия Викторовна,1968-06-12
5000,Сергеева Анастасия Ждановна,1960-02-25
5001,Белякова София Артемовна,2000-11-12
5002,Мишина Любовь Ефимовна,1997-02-11
5003,Творимир Харитонович Савин,1994-03-27
5004,Joseph Jennings,1976-01-07
5005,Christine Benton,1996-07-01
5006,Екатерина Мироновна Белоусова,1984-02-02
5007,Назаров Филипп Егорович,2001-08-10
5008,Cody Cruz,1974-08-07
5009,Carmen Christensen,1989-07-12
5010,Jacob Reyes,1961-08-18
5011,Лапин Вацлав Даниилович,1966-10-26
5012,Николаев Авксентий Демидович,1990-08-11
5013,Акулина Анатольевна Сидорова,1965-09-28
5014,Аксенова Евпраксия Архиповна,1968-05-10
5015,Крюков Самуил Валерьевич,1989-09-20
5016,Jennifer Shannon,1968-09-27
5017,Щербакова Маргарита Петровна,1961-03-09
5018,Mr. Bobby Campbell II,1970-03-03
5019,Todd Griffin,1991-01-20
5020,Andrew Hamilton,1994-07-04
5021,David Watson,1994-03-25
5022,Орлова Анна Тарасовна,1996-02-28
5023,Michael Bennett,1963-11-23
5024,Вишнякова Раиса Вениаминовна,1967-05-18
5025,Theodore Lawrence,1968-11-25
5026,Константин Викторович Агафонов,1976-12-16
5027,Logan Obrien,1975-09-30
5028,Brent Gilbert,1983-03-29
5029,Mckenzie Knight,1967-11-23
5030,Stanley Davidson,1961-03-14
5031,Katherine Cunningham,1968-05-13
5032,Adam Pearson,1988-04-24
5033,Michael Bishop,1995-03-04
5034,Изот Елизарович Котов,1965-09-25
5035,Keith Sparks,2003-05-07
5036,James Harrison,1997-02-08
5037,Ronald Rodriguez MD,1989-07-28
5038,Michelle Mcclain,2000-10-18
5039,Данилова Тамара Федоровна,1967-07-31
5040,Григорьева Людмила Феликсовна,1991-02-04
5041,Susan Wade,1979-11-10
5042,Юрий Фадеевич Воронцов,1987-08-18
5043,Евгения Рудольфовна Субботина,1983-06-04
5044,Mrs. Michele Edwards MD,1967-10-26
5045,Ильин Ярослав Ермолаевич,1976-04-23
5046,Tracy Reed,1991-01-02
5047,Albert Ross,2000-02-13
5048,James Scott,1969-12-17
5049,Marcus Thomas,1970-02-11
5050,Парамон Ануфриевич Волков,1978-12-26
5051,Денисова Ирина Оскаровна,1982-10-03
5052,Еремей Трифонович Крюков,1961-07-23
5053,София Матвеевна Бобылева,1964-02-10
5054,Pamela Castillo,1984-09-22
5055,Danielle Berry,1962-01-16
5056,Cynthia James,1977-06-14
5057,Jonathan Carpenter,1995-05-06
5058,Kimberly Thomas,1994-04-17
5059,Barbara Lucas,1967-02-08
5060,Jonathon Nguyen,1968-12-19
5061,Болеслав Викторович Сазонов,1964-06-04
5062,Корнилов Орест Артемьевич,1965-08-04
5063,Стрелкова Антонина Даниловна,1964-06-22
5064,Евстигней Зиновьевич Алексеев,1997-12-01
5065,Kaitlyn Smith,2003-12-25
5066,Mrs. Donna Green,2000-01-21
5067,Bryan Dixon,1990-05-27
5068,Joshua Perez,2003-02-23
5069,Аникей Архипович Брагин,1964-01-08
5070,Jennifer Phillips,1982-02-11
5071,Marissa Long,1997-10-05
5072,Shawn Watkins,2001-05-28
5073,Lori Green,1971-10-04
5074,Christopher Taylor,1971-08-02
5075,Kelly Day,1981-06-18
5076,Борислав Иосифович Воробьев,1979-11-08
5077,Maxwell Griffin,1965-11-16
5078,Суханова Людмила Ильинична,2003-12-12
5079,Michael Thompson,1969-09-20
5080,Ashley Acevedo,1966-11-07
5081,Галина Федоровна Муравьева,1967-03-29
5082,Jordan Willis,1982-10-20
5083,Евфросиния Георгиевна Фролова,1964-10-04
5084,Cheryl Vazquez,1973-02-05
5085,Сергеева Тамара Александровна,1966-11-27
5086,Андреева Лидия Геннадиевна,1990-01-26
5087,Brianna Owens,1985-05-23
5088,тов. Ситникова Оксана Александровна,1996-08-03
5089,Krystal Randolph,1990-09-28
5090,Natasha Orr,1968-04-04
5091,Кондратьева Галина Матвеевна,2002-12-27
5092,Фёкла Никифоровна Соловьева,1962-07-25
5093,Измаил Фадеевич Шилов,1996-10-30
5094,Christopher Soto,1975-02-21
5095,Евгения Болеславовна Денисова,1989-06-06
5096,Воробьев Измаил Иосифович,1977-06-23
5097,Елизавета Григорьевна Тимофеева,2000-03-28
5098,Crystal Cross,1992-05-22
5099,Русакова Тамара Вениаминовна,1995-10-30
5100,Костин Андрон Евстигнеевич,1998-05-10
5101,Christopher Dennis,1983-11-05
5102,Носкова Екатерина Анатольевна,1977-10-19
5103,Timothy Woods,1982-01-22
5104,Чернов Конон Глебович,1997-02-15
5105,Брагина Ирина Кузьминична,1981-10-12
5106,Victor Scott,1970-04-11
5107,Stephanie Carson,2002-08-09
5108,Сорокин Аверьян Фадеевич,1965-06-22
5109,Elizabeth Burton,1974-07-13
5110,Герасим Яковлевич Орлов,1999-11-08
5111,John Nguyen,1969-11-09
5112,Phillip Davis,1967-10-30
5113,г-н Попов Евстигней Ильич,1962-07-28
5114,Kim Nguyen,1972-11-12
5115,Paul Burns,1970-04-13
5116,Janet Hansen,1992-04-20
5117,Ульяна Ниловна Горшкова,1976-05-22
5118,Никифорова Ирина Романовна,1974-01-28
5119,Erica Taylor,1995-06-21
5120,Борислав Зиновьевич Семенов,1976-03-20
5121,Пелагея Святославовна Орлова,1985-07-05
5122,Анисим Ерофеевич Блохин,1967-10-26
5123,Jonathan Rogers,1989-08-04
5124,Нина Харитоновна Кулагина,1963-11-17
5125,Каллистрат Тимурович Журавлев,1992-04-24
5126,Лыткин Вадим Афанасьевич,1963-06-23
5127,Danielle Robinson,2001-03-11
5128,Casey Nelson,1974-10-19
5129,Юлиан Жанович Емельянов,1960-10-04
5130,James Pope,1990-01-28
5131,Лазарев Христофор Ермилович,1992-05-03
5132,Константин Давыдович Яковлев,1969-06-27
5133,Alexander Davis,1980-03-22
5134,Tammy Barry,1976-01-18
5135,Mr. Daniel White,1962-09-13
5136,Полина Макаровна Ефремова,1960-01-09
5137,Antonio Huynh,1960-10-24
5138,Селезнева Мария Георгиевна,1979-06-30
5139,Steven Russell,1989-11-26
5140,Блинова Тамара Николаевна,1987-12-08
5141,Sharon Curtis,1982-04-03
5142,Тихон Изотович Антонов,1992-09-12
5143,Joel Taylor,1966-09-18
5144,Орлова Алевтина Тарасовна,2002-03-15
5145,Тамара Тимуровна Рожкова,1970-12-05
5146,Austin Freeman,1979-04-16
5147,Christy Garcia DDS,1987-10-29
5148,Екатерина Ждановна Нестерова,1983-11-11
5149,Kevin Sloan,1980-05-11
5150,Кондратий Бенедиктович Кондратьев,1985-05-28
5151,Howard Freeman,1981-04-15
5152,Зыкова Зинаида Николаевна,1967-05-26
5153,Синклитикия Болеславовна Гришина,2000-01-25
5154,Светлана Викторовна Устинова,1963-08-02
5155,Eric Li,1994-07-24
5156,Лапина Анжелика Васильевна,1979-08-22
5157,Ann Miller,1990-04-11
5158,Kimberly Weber,1980-08-25
5159,Kathryn Ellis,1991-03-13
5160,Jeremy White,1983-10-17
5161,Brian Jimenez,1981-04-24
5162,Johnny Shaw,1978-11-09
5163,Никонова Ульяна Александровна,1997-09-16
5164,Jennifer Burgess,1969-04-30
5165,Sarah Holland,1990-09-22
5166,Kimberly Reese,2001-01-30
5167,John Nelson,1973-11-06
5168,Степанова Фёкла Аркадьевна,1987-01-12
5169,Миронов Емельян Гордеевич,1994-07-16
5170,Надежда Эльдаровна Наумова,1973-11-06
5171,Вероника Тимуровна Кондратьева,2002-10-14
5172,Jennifer Ross,1992-07-10
5173,Mr. John Ford,1988-07-27
5174,Кузнецова Анжелика Ильинична,1970-06-17
5175,Капустин Варфоломей Фёдорович,1962-01-18
5176,Варвара Антоновна Терентьева,1986-04-16
5177,тов. Филатова Надежда Викторовна,1997-10-11
5178,Виноградов Силантий Ильясович,1975-08-29
5179,Наина Степановна Назарова,1976-12-17
5180,Евфросиния Яковлевна Тетерина,1972-09-07
5181,Jeffrey Watson,1980-06-16
5182,William Mcdaniel,1972-09-28
5183,Всемил Чеславович Суворов,1991-11-22
5184,Варвара Викторовна Моисеева,1966-04-17
5185,Ефимова Зоя Тимофеевна,1985-03-05
5186,Варвара Яковлевна Кулакова,1973-09-25
5187,Красильников Радислав Вилорович,1989-11-05
5188,Andres Delgado,1982-04-08
5189,Шаров Кир Вячеславович,1985-09-04
5190,Селиван Артурович Ильин,1980-03-11
5191,Nicole Hawkins,1999-09-09
5192,Carlos Burton,1978-10-30
5193,Melissa Lawrence,1977-04-19
5194,Ashley King,1979-02-19
5195,Kayla Larsen,1961-07-07
5196,Кулагина Мария Рубеновна,1974-10-30
5197,Эмилия Ефимовна Пахомова,1978-03-30
5198,Сергеев Василий Ефремович,1974-02-12
5199,John Austin,1981-02-03
5200,Попова Ольга Максимовна,1986-05-31
5201,Kimberly Ellis,2003-09-27
5202,Пахомова Ираида Ефимовна,1979-02-19
5203,Kevin Bauer,2003-03-11
5204,Всеслав Елизарович Медведев,1963-07-19
5205,Жданов Капитон Арсенович,1988-06-25
5206,Regina Moran,1976-01-24
5207,Белоусов Корнил Игоревич,1991-03-21
5208,Владислав Власович Меркушев,1974-05-27
5209,Абрамова Валерия Архиповна,1991-03-01
5210,Чернов Лев Афанасьевич,1980-11-25
5211,William Harrison,1968-01-15
5212,Калинин Серафим Гертрудович,1964-12-09
5213,Николаев Лавр Дмитриевич,1967-03-24
5214,Чеслав Трофимович Котов,1990-04-02
5215,Синклитикия Леонидовна Брагина,1973-06-11
5216,Маркова Светлана Вячеславовна,1963-07-07
5217,Jared Gutierrez,1987-07-19
5218,Смирнова Синклитикия Мироновна,1983-07-12
5219,Zachary Martinez,1985-02-06
5220,Diana Barber,1994-03-31
5221,Парфен Федосьевич Калинин,1977-08-25
5222,Оксана Николаевна Колобова,1972-08-20
5223,Баранов Алексей Артурович,1979-06-30
5224,Чернов Парфен Дорофеевич,2003-08-14
5225,Влас Федотович Фомичев,1971-09-28
5226,Travis Gilbert,2002-04-05
5227,Mr. Scott Taylor,1993-06-07
5228,Никитина Алевтина Афанасьевна,1991-10-21
5229,Зуева Акулина Олеговна,1963-04-10
5230,Cynthia Edwards,1973-09-11
5231,Kimberly Gordon,1977-09-28
5232,Paula Williams,1987-01-26
5233,Thomas Smith,1993-10-10
5234,Megan Sawyer,1997-05-26
5235,Sandy Herman,1998-06-22
5236,Феликс Феофанович Рожков,1985-12-10
5237,Ефремов Ипат Артемьевич,1970-02-26
5238,Andrew Bullock,1972-02-04
5239,Andrew Adams,1971-11-01
5240,Григорьев Александр Ильич,1994-01-18
5241,Christina Castillo,1989-06-27
5242,Deborah Conley,1967-09-08
5243,Ангелина Кузьминична Давыдова,1962-02-21
5244,Felicia Braun,1982-06-14
5245,Оксана Игоревна Александрова,1987-02-27
5246,Jeremiah Wilson DDS,1992-06-15
5247,John Hamilton,1985-10-26
5248,Kim Pearson,1983-12-01
5249,Jordan Wise,1999-07-31
5250,Thomas Johnson,1998-06-29
5251,Timothy Golden,1964-06-22
5252,Аникита Абрамович Фомичев,1964-08-24
5253,John Nicholson,2000-02-10
5254,Angela Fowler,1979-12-26
5255,Муравьева Екатерина Ждановна,1991-01-03
5256,Светозар Устинович Власов,1998-08-06
5257,Назаров Моисей Демидович,1961-12-11
5258,Тарасов Зиновий Эдуардович,1973-07-08
5259,Danielle Rodriguez,1983-04-06
5260,Доронина Майя Геннадиевна,1972-11-16
5261,James Colon,1995-03-09
5262,Андрон Артемьевич Евдокимов,1975-02-07
5263,Медведев Пахом Александрович,1986-04-08
5264,Аркадий Артемьевич Архипов,1994-11-20
5265,Третьякова Таисия Леоновна,1970-12-18
5266,Афанасий Валерианович Кабанов,1973-07-15
5267,Лучезар Геннадиевич Андреев,1979-06-01
5268,Thomas Campos,1977-02-10
5269,John Hart,1966-08-28
5270,Lisa Gallegos,1970-01-08
5271,Michael Hicks,1996-11-30
5272,Елена Максимовна Суворова,2000-03-31
5273,Veronica Valentine,1975-12-16
5274,Терентьев Егор Тимурович,1994-12-07
5275,Ковалева Ия Вениаминовна,1992-12-01
5276,Donald Serrano,1974-12-14
5277,Amy Morgan,1998-10-09
5278,Борисов Каллистрат Юлианович,1991-09-18
5279,Cory Evans MD,1968-07-15
5280,Елизавета Макаровна Громова,1975-02-18
5281,Kurt Griffin,1997-08-29
5282,Анастасия Яковлевна Носова,1960-02-07
5283,Dominique Young,1979-04-20
5284,Timothy Reyes,1963-07-16
5285,Mrs. Tracy Bell,1987-05-04
5286,Леонид Феоктистович Силин,1963-01-31
5287,Новиков Яков Валерьянович,1976-03-03
5288,William Moore,1968-06-26
5289,Сильвестр Фёдорович Русаков,1974-09-05
5290,Евдоким Ермолаевич Савин,1969-12-04
5291,Миронова Зинаида Эльдаровна,1969-12-29
5292,Michael Hubbard,1984-09-14
5293,Елисеев Марк Иосипович,1999-09-13
5294,Быкова Акулина Тимофеевна,1999-12-07
5295,Федотова Анжела Ильинична,1997-03-06
5296,Шашкова Акулина Валериевна,2001-11-03
5297,Sonya Walton,1966-02-01
5298,Копылова Антонина Руслановна,1971-02-26
5299,Воронова Вероника Вадимовна,1980-07-09
5300,Тихон Трифонович Горбачев,1971-11-22
5301,Изяслав Власович Евсеев,1989-06-05
5302,Зинаида Георгиевна Бобылева,1973-07-06
5303,Анжела Павловна Виноградова,1980-03-21
5304,Jennifer Scott,1978-08-24
5305,Denise Johnson,1991-02-03
5306,Michael Barnes,1989-07-08
5307,Виноградова Евгения Матвеевна,1996-11-07
5308,Sara Day,1961-04-04
5309,Милий Денисович Орехов,1995-07-03
5310,Michael Munoz,2002-08-05
5311,Allen Clark,1991-11-19
5312,Billy Carlson,1966-04-26
5313,Tracy Wright,1972-08-02
5314,Ефим Измаилович Исаев,1986-02-17
5315,Kathleen Shaffer,1966-11-11
5316,Karen Kelley,1989-04-30
5317,Лариса Архиповна Абрамова,1989-09-22
5318,James Anderson,1979-08-27
5319,Alexander Jenkins,1962-11-21
5320,Харитонов Афиноген Власович,1968-06-12
5321,Joseph Decker,1973-07-20
5322,Пахомов Капитон Антипович,1974-04-15
5323,Лариса Тимофеевна Дьячкова,1970-03-30
5324,Monica Wilkins,1995-07-01
5325,Sarah Young,2002-06-28
5326,Юлия Геннадьевна Соболева,1967-04-07
5327,James Payne,1987-05-05
5328,Rebecca Wilson,1978-12-08
5329,Ратмир Архипович Громов,1968-02-16
5330,Ульяна Рудольфовна Копылова,1975-02-08
5331,Priscilla Black,1993-10-25
5332,Melissa Russell,1967-02-25
5333,Зайцева Наина Егоровна,1965-12-26
5334,Tanya Jones,1966-11-16
5335,Jessica Ashley,1970-06-27
5336,Яковлев Мартьян Игоревич,1960-09-23
5337,Шестаков Панкрат Геннадиевич,1977-12-31
5338,Sarah Fuller,1964-11-01
5339,Трифон Иосипович Гусев,1999-05-18
5340,Миронов Изот Валентинович,1960-12-25
5341,Веселов Серафим Елизарович,1971-05-18
5342,Лихачева Людмила Аркадьевна,1979-10-12
5343,Трофим Ефимович Емельянов,1991-01-19
5344,Красильникова Элеонора Эльдаровна,2000-05-30
5345,Нестор Тихонович Колобов,1980-06-19
5346,Марфа Мироновна Щербакова,1996-08-04
5347,Наумов Якуб Александрович,1998-05-24
5348,Фрол Иосифович Исаков,1994-10-21
5349,Татьяна Юрьевна Маркова,1987-05-12
5350,Осипов Федосий Елизарович,1996-07-03
5351,Анжела Николаевна Нестерова,2000-04-23
5352,Christopher Woods,1967-10-14
5353,Фролов Софрон Демидович,1976-08-09
5354,Арсений Алексеевич Калинин,1963-07-05
5355,Anne Miller,1967-10-06
5356,William Jones,1992-12-15
5357,Deborah Garcia,1994-07-09
5358,Белоусова Екатерина Рудольфовна,1981-11-15
5359,Наталья Евгеньевна Сафонова,1961-04-20
5360,Евгений Евсеевич Беляков,1992-02-25
5361,Matthew Tucker,1995-07-18
5362,Лазарев Демьян Феофанович,1965-09-12
5363,Steven Rodriguez,1980-07-25
5364,Фокин Иннокентий Августович,2003-08-11
5365,Tara Gilbert,1996-04-23
5366,Kayla Taylor,2001-02-22
5367,Melissa Sanchez,1964-01-28
5368,Всеволод Терентьевич Шестаков,1967-04-25
5369,Richard Cook,1989-09-09
5370,Curtis Clarke,1973-02-16
5371,Ефремов Гедеон Даниилович,1976-09-29
5372,Лариса Ниловна Савина,1996-07-11
5373,Michelle Hart,1978-07-21
5374,Brianna Baker,1971-08-13
5375,John Parker,1984-07-06
5376,Борисова Олимпиада Кирилловна,1994-10-26
5377,Jacqueline Smith,1997-04-22
5378,Thomas Bowen,1988-10-21
5379,Marie Wheeler,1982-03-19
5380,Панова Надежда Матвеевна,1971-09-07
5381,Галина Анатольевна Крылова,1987-11-30
5382,Jennifer Wilson,1986-12-12
5383,Michael Mccarthy,1968-03-15
5384,Rachel Hancock,1962-03-30
5385,Андреева Татьяна Харитоновна,1988-09-12
5386,Hayley Rodriguez,1984-01-30
5387,Jonathan Zavala,1979-10-08
5388,тов. Виноградов Сергей Харитонович,1990-05-25
5389,Лукия Валериевна Прохорова,1966-08-27
5390,Доронина Галина Геннадиевна,1999-02-15
5391,Christopher Rasmussen,1968-01-26
5392,Быков Ермил Владиславович,1986-11-10
5393,Давыдова Вероника Оскаровна,2002-11-15
5394,Jill Holt,1990-11-12
5395,Ярополк Васильевич Медведев,1977-09-06
5396,Joseph Dean,1972-08-21
5397,Elizabeth Montgomery,2001-01-14
5398,Ashley Baker,1993-03-03
5399,Зайцев Авдей Валерианович,1971-02-05
5400,Воробьев Устин Дорофеевич,1988-02-19
5401,Соболев Всеслав Анатольевич,1985-09-20
5402,Dawn Mckee,1963-06-04
5403,Monique Garrison,1964-06-21
5404,Евстигней Фёдорович Носов,1963-11-09
5405,Jessica Lam,1965-05-07
5406,Gail Ford,2003-05-02
5407,Dan White,1970-07-28
5408,Robert Campbell,1990-11-17
5409,Jennifer Young,1996-03-19
5410,Paul Brewer,1987-07-20
5411,Нина Станиславовна Волкова,2001-02-07
5412,Jacob Warren,2000-04-26
5413,Борис Феофанович Молчанов,1998-05-10
5414,Евгения Валериевна Блинова,1996-12-23
5415,Остап Ефстафьевич Воронцов,1991-02-10
5416,Эмиль Владиленович Овчинников,1988-03-24
5417,Matthew Weaver,1986-11-01
5418,Демьян Евстигнеевич Макаров,1964-08-23
5419,William Dudley,1987-10-14
5420,Kathryn Stevens,1991-02-24
5421,Акулина Кузьминична Гурьева,1986-10-31
5422,Константин Жанович Большаков,1999-09-25
5423,Nancy Wood,1964-11-27
5424,Вероника Альбертовна Федорова,1967-09-29
5425,Светлана Викторовна Егорова,2000-08-10
5426,Прасковья Ильинична Лазарева,1977-05-24
5427,Rachel Harris,1971-03-16
5428,Василиса Кирилловна Миронова,1980-05-19
5429,Филатова Евфросиния Егоровна,1960-12-17
5430,Вишняков Изот Трифонович,1972-12-22
5431,Арсений Игнатович Соколов,1965-01-25
5432,Агап Ефремович Тимофеев,1976-11-26
5433,Austin Perry,1990-09-24
5434,Edward Gonzalez,1986-07-07
5435,Crystal Hammond,1977-02-26
5436,Brian Preston,1968-08-17
5437,Cynthia Young,1993-03-12
5438,Laura Holloway,1991-01-21
5439,Paul Rangel,1968-10-08
5440,Аксенова Дарья Викторовна,1973-01-01
5441,г-н Орехов Нифонт Артёмович,1979-11-12
5442,April Potts,1997-05-22
5443,Майя Ивановна Герасимова,1982-07-12
5444,Kimberly Russell MD,1982-05-22
5445,Donna Bush,1986-01-08
5446,Jose Lee,1960-07-11
5447,Фома Игоревич Андреев,1960-12-06
5448,John Anderson,1960-06-18
5449,Paula Watson,1987-07-15
5450,Christopher Rivera,1994-05-11
5451,William Schultz,1975-09-02
5452,Никонов Остромир Ефремович,1994-05-13
5453,Rebecca Lee,1968-07-01
5454,Randall Mann,1980-02-08
5455,Бобылева Людмила Сергеевна,1987-12-27
5456,Michael Green,1968-02-24
5457,Святополк Ярославович Филатов,1988-06-20
5458,Jennifer Ray,1967-03-05
5459,Timothy Carlson,1986-10-24
5460,Cathy Scott,1978-07-29
5461,Терентьева Лариса Артемовна,1968-04-18
5462,Адриан Германович Дорофеев,1982-05-04
5463,Лазарева Ольга Васильевна,1995-08-26
5464,Полина Ждановна Быкова,2000-11-29
5465,Никифорова Алла Петровна,1966-11-21
5466,Майя Юрьевна Артемьева,1963-08-12
5467,Christine Delgado,1975-09-01
5468,Jacob Anderson,1966-05-11
5469,David Martinez,1966-01-01
5470,Иванова Раиса Владиславовна,1976-07-18
5471,George Mclaughlin,2001-08-08
5472,Щукин Павел Геннадиевич,1986-07-30
5473,Вероника Руслановна Турова,1963-03-14
5474,Шубин Лавр Георгиевич,1998-10-15
5475,Judith Potts,1994-06-23
5476,Софон Харламович Третьяков,1961-11-19
5477,Элеонора Макаровна Устинова,1974-04-02
5478,г-жа Тихонова Ираида Альбертовна,1989-10-27
5479,Anna Morris MD,1978-01-16
5480,Любовь Филипповна Ермакова,1970-12-17
5481,Вышеслав Харлампович Кабанов,1992-04-21
5482,David Jones,1988-12-19
5483,Лаврентьева Галина Николаевна,1997-01-30
5484,James Sims,1973-04-22
5485,Monica Jordan,2002-10-16
5486,Будимир Артемьевич Горшков,1979-05-10
5487,Афанасий Витальевич Козлов,1975-01-14
5488,Laura Smith,1987-12-20
5489,Maurice West MD,1988-12-28
5490,Dr. Justin Rios MD,1975-03-27
5491,Назаров Филимон Андреевич,1969-03-08
5492,Catherine Peterson,1970-01-02
5493,Kelly Aguirre,1994-02-07
5494,Erica Howard,1961-12-15
5495,Силина Агафья Владимировна,1983-12-22
5496,Paul Lee,1970-01-25
5497,Carla Brooks,1967-01-16
5498,Петухова Екатерина Алексеевна,1988-10-24
5499,Панфилова Жанна Даниловна,1998-02-24
5500,Фомин Архип Власович,2002-08-08
5501,Terrance Carroll,1995-01-31
5502,Наина Алексеевна Кудряшова,1993-08-09
5503,Филипп Венедиктович Самойлов,1989-09-23
5504,David Bell,1965-01-19
5505,David Hunt,1984-02-23
5506,Афанасьева Лукия Михайловна,1979-07-14
5507,Dr. Nicole Livingston MD,1984-01-13
5508,Филатова Клавдия Андреевна,1978-01-03
5509,Феоктист Елизарович Кудрявцев,1960-05-18
5510,Евдокия Альбертовна Копылова,1986-02-22
5511,Аристарх Егорович Блохин,1974-08-27
5512,Андроник Вячеславович Поляков,1984-02-06
5513,Шилова Анастасия Кузьминична,1973-11-15
5514,David Rivas,1993-08-24
5515,Софон Арсеньевич Щукин,1997-07-15
5516,Yvonne Ramirez,1961-11-28
5517,Amanda Walker,1967-12-20
5518,Noah Ortiz,1982-07-16
5519,Jack Bell,1982-05-01
5520,Онуфрий Дорофеевич Воронцов,1983-07-11
5521,Влас Герасимович Буров,1997-04-25
5522,Александр Иосифович Корнилов,1974-09-06
5523,Carol Andrews,2003-01-19
5524,Анжелика Архиповна Ситникова,1978-01-07
5525,Гришин Семен Жанович,1999-01-13
5526,Кошелева Валентина Петровна,1973-12-10
5527,Jennifer Vazquez,1965-04-29
5528,Melinda Medina,1992-06-26
5529,Полина Святославовна Коновалова,1973-04-14
5530,Holly Williams,1965-01-05
5531,Ann Clark,1992-01-25
5532,Michael Brooks,1996-04-10
5533,Полина Владимировна Громова,1963-05-15
5534,Смирнов Давыд Алексеевич,1960-10-07
5535,Ладислав Бориславович Филатов,1962-11-13
5536,Октябрина Валентиновна Власова,1967-04-26
5537,Karen Allen,1983-11-10
5538,Шарапов Автоном Адрианович,2003-08-17
5539,Кузнецов Каллистрат Ильясович,1992-11-13
5540,Алина Филипповна Смирнова,1982-12-04
5541,Chelsea Roberts,1985-06-29
5542,Lori Wright,1991-05-27
5543,Shannon Wilson,1964-01-15
5544,Никанор Антонович Беспалов,1987-08-03
5545,Наина Руслановна Игнатова,1997-01-09
5546,Rebecca Montoya,1986-05-19
5547,Sarah Thomas,2003-10-25
5548,John Bailey,1985-10-22
5549,April Jordan,1964-04-30
5550,Kyle Riggs,1983-01-16
5551,Mike Robertson Jr.,1964-12-21
5552,Nicole Knight,1960-11-22
5553,Маргарита Леонидовна Жданова,1999-04-05
5554,Сергеева Клавдия Ефимовна,1978-05-20
5555,Марфа Руслановна Цветкова,1990-11-14
5556,Rodney Valdez,1991-09-05
5557,Нонна Валентиновна Логинова,1960-03-29
5558,Кузнецова Кира Алексеевна,1968-10-27
5559,Tonya Landry,1984-03-09
5560,Фомичева Василиса Геннадиевна,1984-05-26
5561,Нестор Федосеевич Князев,1999-02-27
5562,Ираида Геннадьевна Борисова,1974-06-07
5563,Rebecca Harris,1974-08-26
5564,Cynthia Miller,1972-02-13
5565,Никанор Феофанович Муравьев,1983-10-01
5566,Brandon Miller,1984-08-30
5567,Jessica Mcgrath,2001-12-15
5568,Тетерин Силантий Филатович,1990-11-29
5569,Полина Андреевна Данилова,1978-09-30
5570,Zachary Foster,1987-08-18
5571,Горбачев Творимир Дорофеевич,1994-11-30
5572,Joseph Tran,1987-06-06
5573,Щукина Мария Эльдаровна,1980-03-26
5574,Молчанов Амвросий Ааронович,1991-04-15
5575,Евсей Фомич Ковалев,1996-11-25
5576,Михеев Филимон Авдеевич,1979-07-25
5577,Adam Christian,1998-06-24
5578,Гаврилова Анастасия Эдуардовна,1997-11-07
5579,Sherry Simmons,1999-11-26
5580,Авдей Аверьянович Тихонов,1999-02-13
5581,Victoria Hardy,2000-01-21
5582,Алла Архиповна Владимирова,1995-06-02
5583,Dale Mendez DDS,1969-02-21
5584,Агата Ниловна Дроздова,1981-09-11
5585,Павлов Каллистрат Ааронович,1993-07-04
5586,Фомин Владислав Эдуардович,1975-01-30
5587,Christina Barrett,1999-08-15
5588,Brian Zuniga,1984-04-29
5589,Paul Velasquez,1993-08-23
5590,Nathan Choi,1978-01-20
5591,Серафим Харламович Гаврилов,1980-05-27
5592,Мухин Исидор Давыдович,1979-06-21
5593,Corey Scott,2003-04-17
5594,Hailey Dougherty,1960-01-14
5595,Chad Brown,1968-07-07
5596,Силина Лукия Ниловна,1982-09-09
5597,Christina Frost,1969-01-08
5598,Alexander Adams,1992-02-27
5599,Morgan Smith,1964-06-12
5600,Dawn Hood,1998-02-02
5601,Amanda Gonzalez,2003-07-19
5602,Радислав Борисович Исаков,2000-04-08
5603,Нестерова Глафира Ивановна,1993-01-24
5604,Michelle Church,1998-05-27
5605,Куликов Андроник Яковлевич,1981-05-23
5606,Фомичев Аркадий Анатольевич,2002-01-26
5607,Christopher White,2002-03-17
5608,Victoria Jones,1978-03-19
5609,Raymond Guzman,1981-08-19
5610,Юлия Кузьминична Боброва,1964-04-05
5611,Amanda Ayala,1978-12-14
5612,Linda Bradford,1992-06-12
5613,Мамонтов Казимир Дмитриевич,1986-02-08
5614,тов. Гуляев Андроник Федосеевич,1988-06-22
5615,David Williams,1984-02-22
5616,Christopher Bruce,1998-05-30
5617,Jonathan Arias,1971-12-13
5618,Воронцов Герман Елисеевич,1963-05-14
5619,Zachary Fernandez,1980-12-13
5620,Jenna Chandler,2002-11-27
5621,Исакова Марина Руслановна,1980-08-30
5622,Richard Gonzalez,1991-03-02
5623,Филимон Харитонович Красильников,2003-07-05
5624,Hannah Buck,1985-12-30
5625,Tyler Leonard,1988-11-08
5626,Антонов Аполлинарий Игоревич,1991-01-28
5627,Евфросиния Харитоновна Хохлова,1989-08-21
5628,Глафира Макаровна Гуляева,1992-12-10
5629,Allison Fields,1992-02-16
5630,Frank Mitchell,1966-10-04
5631,Sharon Lopez,1976-11-26
5632,Шубина Виктория Степановна,2002-10-06
5633,Jasmine Beard,1983-12-12
5634,Зуева Агафья Ждановна,1967-08-30
5635,Charles Griffith,1975-11-16
5636,Joseph Martinez,1964-03-23
5637,Абрамова Анжела Кузьминична,1980-02-08
5638,Коновалов Серафим Алексеевич,1987-08-31
5639,Samantha Jimenez,1985-05-14
5640,Christopher Lewis,1967-04-16
5641,Комиссарова Феврония Александровна,1970-01-10
5642,Diane Kelly,1990-02-08
5643,Дьячков Ярослав Теймуразович,1988-07-19
5644,Будимир Даниилович Дьячков,1979-12-07
5645,Allison Mckay,1999-10-08
5646,Олимпиада Павловна Алексеева,1998-08-26
5647,Nicole Miller,1979-12-18
5648,Сафонов Исидор Зиновьевич,1981-04-25
5649,Сазонов Мартын Жанович,1987-09-10
5650,Милан Александрович Лазарев,1986-06-23
5651,Randy Oliver,1973-08-29
5652,Белозеров Мина Александрович,1979-08-23
5653,Sonia French,1977-10-11
5654,Демид Денисович Павлов,1985-03-24
5655,Зоя Федоровна Брагина,1995-01-26
5656,Jose Wright,1973-10-08
5657,Ronald Cunningham,1982-05-04
5658,Максимова Глафира Афанасьевна,1975-10-15
5659,Mr. James Santos,1998-02-26
5660,Maria Cummings,1978-03-12
5661,Александрова Лукия Олеговна,2002-10-10
5662,Jessica Hall,1996-01-03
5663,Joseph Smith,1982-08-11
5664,Jeffrey Gray,1965-01-17
5665,Лукин Харитон Адамович,1970-11-17
5666,Тетерин Марк Власович,1980-07-23
5667,Morgan Williams,1988-04-03
5668,Кабанова Дарья Валериевна,1977-11-18
5669,Theresa Chapman,1984-01-23
5670,Kristine Cisneros,1964-10-16
5671,Sandra Phillips,1973-02-20
5672,Norma Buckley,1983-12-10
5673,Орехова Пелагея Кузьминична,1973-01-03
5674,Калинина Наталья Богдановна,1995-07-17
5675,Zachary Thomas,1989-09-25
5676,Brittany Holland,1996-02-29
5677,Всеволод Владленович Ильин,1960-06-11
5678,Макар Феодосьевич Лыткин,1967-09-01
5679,Ермакова Октябрина Романовна,1999-10-25
5680,Daniel Shah,1967-05-11
5681,Стоян Ануфриевич Суворов,2003-02-11
5682,Никодим Феоктистович Николаев,1977-10-17
5683,Шарапова Екатерина Рудольфовна,1984-10-19
5684,Elizabeth Saunders,1962-09-29
5685,Гордеев Панфил Антонович,1984-06-01
5686,Карп Феодосьевич Беспалов,1983-12-25
5687,Lauren Doyle,1976-01-31
5688,Kyle Young,1994-07-19
5689,Вадим Федосьевич Игнатьев,1984-12-14
5690,Craig Garner,1985-09-16
5691,Jennifer Harper,1999-03-31
5692,Martin Stevenson,1961-11-05
5693,Александра Ефимовна Мухина,1973-09-08
5694,Carlos Dyer,1984-04-05
5695,Jennifer Johnson,1987-10-05
5696,Deborah Leon,1981-04-01
5697,Соколов Святослав Гурьевич,1998-05-02
5698,Michelle Warren,1964-10-02
5699,Becky Vargas,1978-08-29
5700,Sharon Baker,1970-08-11
5701,Наина Тимуровна Савина,2001-07-06
5702,Judith Garcia,1995-05-12
5703,Юдина Вера Афанасьевна,1960-07-27
5704,Нонна Архиповна Пономарева,1969-07-19
5705,Фёкла Павловна Лобанова,1975-06-22
5706,William Lyons,1994-01-30
5707,Michael Lynch,1964-07-26
5708,Dillon Wright,1998-12-31
5709,Courtney Moss,1975-12-18
5710,Rachel Boyle,1960-10-10
5711,Justin Garcia,2002-08-17
5712,Медведев Святополк Иосипович,1973-02-17
5713,Натан Фокич Игнатьев,1971-09-17
5714,Janice Castro,1968-08-04
5715,Jennifer Smith,2003-11-26
5716,Ashley Martinez,1997-11-21
5717,Nathaniel Morales,1973-03-13
5718,Давыдова Зинаида Петровна,1985-07-18
5719,Ширяев Эмиль Васильевич,1994-02-22
5720,Остап Филатович Евдокимов,1992-05-05
5721,Matthew Barrera,1989-04-27
5722,Ангелина Наумовна Субботина,1981-03-05
5723,Фомичева Фёкла Тимофеевна,1999-05-24
5724,Mitchell Frazier,1961-07-26
5725,Гущина Наина Харитоновна,1988-04-21
5726,Timothy Brooks,1979-03-09
5727,Михайлов Евстафий Теймуразович,1990-11-10
5728,Денисов Викентий Валерианович,1970-05-11
5729,Терентьев Василий Архипович,1973-04-05
5730,Гремислав Харлампович Мишин,2003-06-18
5731,Константинов Эмиль Харламович,1986-12-24
5732,Yvonne Poole,1961-12-09
5733,Мамонтов Михей Иларионович,1972-04-20
5734,Melissa Garza,2002-10-28
5735,Кирилл Адрианович Фомичев,2000-06-23
5736,Debbie Soto MD,1996-09-18
5737,Justin Tanner,1967-05-24
5738,Лидия Викторовна Гущина,1961-09-24
5739,Епифан Федосьевич Павлов,1995-04-27
5740,Vincent White,1965-03-29
5741,Герасимов Станислав Валерьянович,1975-06-10
5742,Allison Wright,1979-07-26
5743,Nicolas Williams,1966-02-21
5744,Русакова Майя Петровна,1979-01-31
5745,Steven Holt,1968-04-06
5746,Shawn Meadows,1968-02-10
5747,Рябова Фаина Игоревна,1960-05-09
5748,Аким Фролович Максимов,1969-08-31
5749,Manuel Mcintosh,1989-01-16
5750,Shannon Johnson,1979-09-20
5751,Deanna Chavez,1971-08-08
5752,Давыдов Моисей Владиленович,1981-07-19
5753,Christopher Bowman,1973-08-13
5754,Ariel Ward,1990-09-18
5755,Connor Adams,1976-09-13
5756,Elizabeth Simmons,1986-12-13
5757,г-н Романов Бажен Гавриилович,1967-08-29
5758,Антонина Геннадиевна Ширяева,1996-12-18
5759,Matthew Wilson,1983-12-21
5760,Анастасия Степановна Селезнева,1960-04-10
5761,Суворова Дарья Аскольдовна,1963-09-02
5762,Patricia Schroeder,1972-11-22
5763,Степанов Соломон Феоктистович,1975-08-06
5764,Абрамова Жанна Кузьминична,1967-06-16
5765,Mary Hudson,1998-08-29
5766,Jeffery Allen,1962-07-12
5767,Цветкова Полина Юрьевна,1971-03-05
5768,г-жа Федосеева Октябрина Григорьевна,1989-07-14
5769,Владимир Ефимьевич Владимиров,1964-02-06
5770,John Parker,1963-01-18
5771,Lori Hayes,1994-12-13
5772,Клавдия Федоровна Максимова,2001-05-29
5773,Jennifer Long,1966-06-03
5774,Kaitlyn Young,1980-10-12
5775,Ким Адрианович Анисимов,1979-02-03
5776,Edwin Gomez,1984-01-17
5777,David Palmer,1992-10-24
5778,Исидор Глебович Корнилов,1975-07-18
5779,Kyle Gaines,1991-12-15
5780,David Williams,1984-11-09
5781,Ермолай Евстигнеевич Терентьев,1968-02-12
5782,Jason Harper,1973-09-10
5783,Кондратьев Фома Арсеньевич,1997-10-03
5784,Тимур Алексеевич Котов,1991-12-22
5785,Terri Morales,1964-07-19
5786,Маргарита Владимировна Гордеева,2003-11-06
5787,Jill Russell,1981-12-11
5788,Изот Анисимович Матвеев,1963-10-08
5789,Авдей Владиславович Гурьев,1962-06-15
5790,Нина Васильевна Лапина,1962-05-05
5791,Amber Castro,1988-07-24
5792,Полина Богдановна Колобова,1973-11-02
5793,Robert Ruiz,1971-08-03
5794,Ирина Рубеновна Корнилова,1973-10-13
5795,Максим Гаврилович Карпов,1970-05-01
5796,Stephen Williams,1988-08-24
5797,Симонова Феврония Олеговна,1994-08-24
5798,тов. Рябова Наина Сергеевна,1979-08-31
5799,Douglas Baker,1992-10-28
5800,Gregory Miller,1992-11-05
5801,Агафья Захаровна Кудряшова,1997-05-18
5802,Steven Ware,1980-09-09
5803,Лазарь Вилорович Коновалов,1986-01-16
5804,Зоя Болеславовна Королева,1996-02-22
5805,Carla Tucker,1980-08-10
5806,Фаина Семеновна Копылова,1972-12-24
5807,Kyle Jones,1987-01-19
5808,Оксана Леоновна Чернова,1974-12-14
5809,Сильвестр Иосифович Корнилов,1982-11-25
5810,Tiffany Haley,1969-12-20
5811,Егорова Акулина Борисовна,1983-10-08
5812,Варвара Дмитриевна Зимина,1963-09-24
5813,Frances Sanchez,1963-01-29
5814,Timothy Malone,1970-10-01
5815,Mark Becker,1983-05-18
5816,Jeff Baker MD,2003-12-23
5817,Никитин Евграф Иларионович,2001-12-31
5818,Фомичев Сильвестр Демьянович,1981-04-13
5819,Daniel Campbell,1999-11-27
5820,Кулагина Лидия Архиповна,2000-12-24
5821,Jennifer Berry,1975-10-26
5822,Craig Parker,1981-07-11
5823,Jeanette Holt,1968-10-21
5824,Тихонова Лукия Антоновна,1997-02-08
5825,Laurie Smith,1968-04-01
5826,Корнил Елизарович Гущин,1962-10-22
5827,Регина Владиславовна Королева,1965-06-25
5828,Агата Рудольфовна Дьячкова,1973-09-18
5829,Буров Аникита Тихонович,1997-04-23
5830,Cory Miller,2001-07-25
5831,Венедикт Вячеславович Сергеев,1970-02-26
5832,Калашников Ипатий Авдеевич,1996-02-22
5833,Tommy Perkins,1962-03-30
5834,Зоя Матвеевна Стрелкова,1985-04-28
5835,Mark Kelly,1975-12-24
5836,Лапина Анжела Даниловна,1981-06-16
5837,Феврония Геннадиевна Устинова,1972-07-10
5838,Laura Carroll,1982-04-10
5839,Гурьев Антонин Ефимьевич,1981-06-30
5840,Пестова Глафира Андреевна,1976-12-29
5841,Dawn Smith,1986-07-30
5842,Adam Keller,1986-05-31
5843,Jeffrey Barajas,1973-12-03
5844,Ольга Захаровна Пестова,1996-06-30
5845,Куликов Геннадий Григорьевич,1986-05-12
5846,Ariel Alvarado,1971-07-11
5847,Mark Henry,1988-03-21
5848,Kimberly Fuller,1971-10-02
5849,Michael Stewart,1975-04-26
5850,Соловьева Ираида Ивановна,1986-05-10
5851,Renee Yoder,1995-06-14
5852,Коновалова Жанна Станиславовна,1961-08-28
5853,Сократ Авдеевич Горбунов,1983-11-16
5854,Andrea Shields,1975-04-07
5855,Вероника Валериевна Гуляева,1985-11-25
5856,тов. Калинина Агафья Никифоровна,2000-08-20
5857,Творимир Германович Калинин,2001-10-07
5858,Elizabeth Cole,1975-04-08
5859,Миронов Ермил Артёмович,1991-08-04
5860,Владилен Валерьянович Брагин,1986-08-31
5861,Муравьев Игнатий Глебович,1983-06-02
5862,Игнатов Павел Викентьевич,1972-11-23
5863,Ситников Влас Фокич,1973-03-23
5864,Антонов Тимофей Бориславович,1993-01-07
5865,Michelle Carter,1994-10-30
5866,Juan Nicholson,1987-10-11
5867,Leslie Wilkerson,2000-05-31
5868,Terry Walker,1987-08-04
5869,Kayla Jacobson,1986-02-22
5870,Елена Матвеевна Абрамова,1967-08-28
5871,Elizabeth Melton,1999-05-02
5872,Афанасьева Милица Кирилловна,1994-10-08
5873,Amy Gibson,1974-09-27
5874,Becky Powers,1985-08-12
5875,Титова Лариса Валериевна,1983-04-28
5876,Веселова Полина Кирилловна,1983-04-02
5877,Courtney Glass,1997-10-17
5878,Dr. David Bates,1968-01-14
5879,Громова Ксения Вячеславовна,1979-10-15
5880,Keith Martin,1980-10-03
5881,Karl Scott,1987-04-30
5882,Elizabeth Brady,1989-09-20
5883,Rachael Reese,1997-08-13
5884,Иванов Натан Егорович,1966-03-05
5885,Быкова Дарья Геннадьевна,1984-03-29
5886,Евстигней Матвеевич Максимов,1987-04-17
5887,Mr. Richard Reese,1980-04-08
5888,Derrick Sanders,1980-09-23
5889,Фёкла Дмитриевна Маслова,1974-09-20
5890,Lauren Jones,1983-09-26
5891,Суханов Ладислав Дорофеевич,2003-04-23
5892,Иванна Вениаминовна Рожкова,1974-09-29
5893,Heather Scott,1995-06-07
5894,Кузьмин Аггей Валерианович,2001-07-15
5895,Гришин Никифор Филимонович,1982-04-07
5896,Kaitlin Johnson,1967-03-04
5897,Donald Haynes Jr.,1977-07-19
5898,Michael Mclaughlin,1964-09-13
5899,Нифонт Феликсович Панов,1992-07-27
5900,Анжела Архиповна Сазонова,1961-05-01
5901,Беляков Вениамин Германович,1982-07-21
5902,Семен Викентьевич Харитонов,1979-06-27
5903,Allen Palmer,1965-02-12
5904,Brandy Robinson,1985-12-06
5905,Петухова Екатерина Владимировна,1982-01-20
5906,Gina Salas,1963-07-31
5907,Ефим Бориславович Фролов,2001-02-08
5908,Марфа Ниловна Анисимова,1960-07-05
5909,Juan Patel,1961-01-06
5910,Patricia Medina,1987-09-08
5911,Eddie King,1998-11-13
5912,Matthew Burnett,1992-04-20
5913,Ariel Bowen,1997-12-11
5914,Григорий Демидович Рожков,1964-09-22
5915,Максимильян Егорович Дементьев,1985-11-20
5916,Моисеева Наина Эльдаровна,1974-02-27
5917,Симонов Евграф Геннадиевич,1998-08-22
5918,Уваров Рубен Филатович,1978-12-21
5919,Alexander White DDS,1969-11-30
5920,Mark Cooper,1976-10-05
5921,Поляков Сергей Ерофеевич,1997-03-10
5922,Shelby Massey,1993-05-25
5923,Kristie Alvarado,1993-09-06
5924,Клавдия Васильевна Веселова,1992-05-19
5925,Миронова Майя Робертовна,1993-08-06
5926,Сократ Вячеславович Никифоров,1997-07-04
5927,Joshua Ellis,1968-10-02
5928,Лариса Кузьминична Панова,1977-09-12
5929,Полина Натановна Лазарева,1993-05-23
5930,Таисия Кузьминична Григорьева,1985-10-27
5931,Королева Тамара Ивановна,1986-03-21
5932,Феврония Тарасовна Фокина,1971-02-25
5933,Mindy Bender,1983-11-22
5934,Костин Александр Денисович,1985-09-22
5935,Christopher Lopez,1973-10-15
5936,Тимофеева Регина Владимировна,1998-11-07
5937,Анна Андреевна Волкова,1965-06-09
5938,Борисова Юлия Альбертовна,1979-02-19
5939,Эмиль Геннадиевич Родионов,1962-08-25
5940,Edward Rodriguez,1974-09-19
5941,Daniel Conley,1995-10-11
5942,Максимова Вероника Максимовна,1982-07-13
5943,Gary Brown,1961-11-30
5944,Эрнест Ефстафьевич Лапин,1962-09-26
5945,Cynthia Clark,1973-06-05
5946,Жанна Мироновна Федотова,1980-09-05
5947,Соловьев Герасим Аверьянович,1963-02-15
5948,Andres Turner,2001-11-01
5949,Linda Castro,1995-04-21
5950,Tommy Taylor,1969-03-23
5951,Дроздова Мария Семеновна,1978-01-13
5952,Изяслав Феоктистович Ершов,1979-09-24
5953,Савельева Жанна Харитоновна,1990-12-17
5954,Тарас Фёдорович Рожков,1992-04-28
5955,Joseph Montoya,1985-06-29
5956,Маргарита Владимировна Максимова,1975-11-05
5957,Белоусова Зоя Алексеевна,1987-10-02
5958,Волкова Марина Сергеевна,1960-04-26
5959,Sandra Rowe,1984-06-04
5960,Варвара Георгиевна Киселева,1999-03-13
5961,Heidi Hahn,1997-10-01
5962,Derek Little,1964-01-20
5963,Артемьева Лидия Леоновна,2002-11-12
5964,Никифоров Аполлон Антипович,1989-11-10
5965,Нестеров Феоктист Артемьевич,1989-03-09
5966,Епифан Иосифович Рогов,1977-04-22
5967,Beverly Edwards,1970-09-27
5968,Denise Richardson,1985-06-25
5969,Константин Жанович Белозеров,1975-07-21
5970,Kathryn Sutton,1965-03-10
5971,Тит Тимурович Фомичев,1973-01-06
5972,Шубина Лора Юрьевна,2002-11-27
5973,Logan Davis,1961-11-28
5974,Mrs. Kristen Brown,1997-08-09
5975,Joyce Byrd,1970-10-06
5976,Степанова Виктория Степановна,1968-02-25
5977,Анна Аскольдовна Кошелева,1998-05-13
5978,Некрасова Эмилия Аскольдовна,1986-09-01
5979,Софрон Эдгарович Фомин,1994-05-07
5980,Caitlin Garcia,1978-05-21
5981,Шестаков Варлаам Харлампьевич,2001-01-01
5982,Дарья Владиславовна Брагина,1967-12-11
5983,Brandy Howard,1976-12-10
5984,Cathy Harrison,1971-07-03
5985,Лукина Евпраксия Ефимовна,1991-08-13
5986,Ashley Chen,1963-06-08
5987,Марфа Антоновна Волкова,1964-09-13
5988,Christian Hunter,1991-03-31
5989,Константинова Нинель Николаевна,2002-07-23
5990,Ситникова Валентина Геннадьевна,1999-12-30
5991,Королев Филимон Ерофеевич,1984-01-07
5992,Kyle Allen,1988-06-22
5993,Karen Jones,1978-05-16
5994,Mrs. Nicole Bennett,1961-12-03
5995,Jose Lin,2003-03-19
5996,Маслова Анжела Эльдаровна,1968-06-22
5997,Kelly Watson,1984-07-12
5998,Куликова Тамара Святославовна,1981-12-30
5999,Michael Lewis,1960-05-15
6000,Агафонов Геннадий Яковлевич,1981-10-29
6001,Агафья Робертовна Костина,1978-12-09
6002,Цветкова Олимпиада Харитоновна,1998-06-14
6003,Lynn Thomas,1964-08-05
6004,Олимпиада Харитоновна Кудрявцева,1971-08-17
6005,Michele Cruz,1980-05-01
6006,Ершов Мир Харламович,1993-11-12
6007,Isaiah Medina,1986-07-21
6008,Доронина Феврония Геннадьевна,1969-06-25
6009,Devin Ballard,1985-10-22
6010,Виноградова Милица Натановна,1995-10-06
6011,Белозеров Геннадий Августович,1982-03-20
6012,Васильева Елизавета Юльевна,1991-03-08
6013,Robert Garcia,2001-02-25
6014,Amanda Phelps,1987-03-22
6015,Donald Jones,1991-01-16
6016,Anna Simmons,1985-07-21
6017,Светлана Валериевна Одинцова,1982-09-06
6018,Robert Allison,1998-06-30
6019,Фомичева Антонина Даниловна,1987-07-12
6020,Larry Grant,1994-04-30
6021,Шилов Добромысл Данилович,1974-05-08
6022,Nathan Pruitt,1975-09-23
6023,Кира Вениаминовна Большакова,1991-09-17
6024,Григорий Юльевич Максимов,1997-04-18
6025,Alyssa Miller,1984-02-12
6026,Amanda Murphy,1980-05-08
6027,Данилова Дарья Николаевна,1982-01-08
6028,Вишняков Ананий Давыдович,1971-12-05
6029,Laura Forbes,1960-12-14
6030,Kathleen Brewer,1979-01-21
6031,Michael Sparks,2003-01-21
6032,Melissa Williams,1965-05-17
6033,Dr. Mary Vazquez,1993-12-24
6034,Глеб Демьянович Селиверстов,1997-04-29
6035,Matthew Davis,1994-10-17
6036,Courtney Griffin,1997-03-09
6037,Бобылева Ангелина Святославовна,1973-09-07
6038,Marc Potter,1986-06-30
6039,Todd Park,1983-06-13
6040,Adam Ellis,1982-10-02
6041,Коновалова Пелагея Натановна,1984-08-06
6042,Крюков Иван Филатович,1989-03-29
6043,David Reid,2003-02-22
6044,Amanda Campos,1992-11-05
6045,Фадеев Филимон Иосифович,1978-02-25
6046,Зимин Сила Исидорович,1981-04-20
6047,Мефодий Ярославович Якушев,1997-03-15
6048,Кондрат Антонович Туров,1970-06-07
6049,Donna Hutchinson,1987-02-21
6050,Панфилова Евпраксия Кузьминична,2000-12-16
6051,Самойлова Александра Валентиновна,2002-09-06
6052,Мамонтова Майя Рудольфовна,1982-12-30
6053,Sylvia Kemp,1999-03-05
6054,Филиппова Таисия Ждановна,1961-01-14
6055,Назаров Варлаам Григорьевич,1965-09-23
6056,Лобанов Болеслав Дорофеевич,1975-08-22
6057,Лора Кузьминична Бобылева,1967-06-26
6058,Ryan Powers,2001-06-10
6059,Артем Давидович Суханов,1989-05-22
6060,Jerry Davis,1998-09-06
6061,Michelle Hernandez,2000-02-14
6062,Михаил Арсенович Тарасов,1961-07-24
6063,Christine Lawson,1975-12-22
6064,Сергеева Агафья Святославовна,1966-01-03
6065,г-жа Ситникова Эмилия Аркадьевна,1993-12-31
6066,Максимильян Тарасович Беляков,1960-11-18
6067,Аким Арсеньевич Русаков,1990-12-16
6068,Новиков Климент Ефимович,1986-07-15
6069,Jonathan Johnson,1972-03-16
6070,Светлана Кирилловна Коновалова,1969-08-25
6071,Осип Харитонович Гурьев,1976-08-26
6072,Amanda Webster MD,1970-10-10
6073,Jesse Vazquez,1988-11-07
6074,Степанов Арефий Антонович,1987-11-15
6075,Леонтий Гавриилович Евсеев,1987-08-21
6076,Дмитрий Тимурович Жуков,2002-10-29
6077,Lauren Tucker,1966-06-24
6078,Тетерина Виктория Альбертовна,1972-06-05
6079,Debbie Fitzgerald,1980-11-19
6080,Русаков Милен Борисович,1992-10-02
6081,Steven Fuentes,1981-04-16
6082,Бирюкова Глафира Макаровна,1977-06-26
6083,Nancy Park,1998-10-29
6084,Sherri Perry,1978-04-02
6085,Феликс Аксёнович Дорофеев,1967-12-17
6086,Валентина Кузьминична Бобылева,1982-04-01
6087,Caleb Hernandez,1995-08-04
6088,Пестова Агафья Викторовна,1972-12-28
6089,Синклитикия Натановна Хохлова,1997-05-03
6090,Matthew Wells,1988-12-17
6091,Samantha Young,1967-09-25
6092,Светлана Вениаминовна Кудрявцева,1964-11-02
6093,Bradley Moore,1987-11-23
6094,Михеева Иванна Мироновна,1968-08-18
6095,Всеслав Захарьевич Мясников,1983-08-03
6096,Рябов Аскольд Гурьевич,1990-11-03
6097,Быкова Элеонора Ефимовна,1962-04-03
6098,Юлия Вадимовна Никитина,1966-09-12
6099,Tracy Hill,1980-02-15
6100,Jonathan Burton Jr.,1967-08-14
6101,Ильина Анастасия Захаровна,2001-09-18
6102,тов. Гурьев Христофор Артёмович,1961-07-29
6103,Ратмир Герасимович Воробьев,1975-01-14
6104,Alyssa Garcia,1970-08-09
6105,Копылов Владилен Ануфриевич,1996-01-01
6106,Копылов Силантий Ааронович,1966-01-29
6107,Давыдов Ипполит Ануфриевич,1976-03-01
6108,Александрова Наина Тимуровна,2002-12-29
6109,Scott Ross,1961-05-25
6110,Гордеева Людмила Натановна,1980-11-07
6111,Капустина Ия Степановна,1974-01-15
6112,Степанов Аверьян Гаврилович,1964-04-18
6113,Светлана Владимировна Рябова,1966-02-15
6114,Бурова Клавдия Вадимовна,1995-10-17
6115,Jessica Proctor,1960-07-20
6116,Ксения Филипповна Коновалова,1980-09-11
6117,Лора Ниловна Тетерина,1980-09-12
6118,Серафим Гурьевич Дорофеев,1993-10-05
6119,William Goodman,1989-05-08
6120,Семенова Евгения Ефимовна,1967-03-10
6121,Пимен Анисимович Комаров,1969-02-27
6122,Alicia Young,1977-01-27
6123,Steven Reyes,1993-05-04
6124,Mr. Jonathon Edwards DDS,1999-09-06
6125,Владислав Гаврилович Гусев,1977-06-27
6126,Сазонов Никодим Эдгардович,1968-04-29
6127,Герман Вилорович Власов,1996-01-29
6128,Brandy Herrera,1974-03-08
6129,Denise Richardson,1991-11-05
6130,Samuel Castaneda,1993-05-08
6131,Леонид Терентьевич Быков,1965-01-06
6132,Melinda Chavez,1964-12-22
6133,Peter Mendoza,1984-07-17
6134,Elizabeth Snyder,2003-04-05
6135,Семен Тимурович Гурьев,1997-06-03
6136,Юрий Денисович Белов,1971-07-09
6137,Дорофеева Евпраксия Юрьевна,1978-04-05
6138,Владимирова Валерия Максимовна,2003-11-20
6139,Афанасий Гертрудович Князев,1970-02-12
6140,Danielle Hernandez,1973-02-23
6141,Jennifer Gates,2001-09-30
6142,Lindsay Navarro,1968-03-28
6143,Милий Всеволодович Бобылев,1964-03-01
6144,James Mejia,1960-09-09
6145,Адам Ермилович Авдеев,1968-02-14
6146,Алла Антоновна Петухова,1986-05-13
6147,Пономарев Ювеналий Филиппович,1963-09-10
6148,Эраст Викентьевич Хохлов,1992-11-10
6149,Timothy Martinez,1989-10-19
6150,Sandy Jenkins,1986-03-02
6151,Парамон Викентьевич Жуков,1993-04-12
6152,Lori Mccarthy,1995-10-15
6153,Scott Yu,1999-08-16
6154,Мамонтова Лариса Эдуардовна,1987-09-05
6155,Анисимов Софон Филиппович,1990-04-02
6156,Сысоев Добромысл Бориславович,1988-10-11
6157,Pamela Riley,1974-03-02
6158,Зинаида Ефимовна Голубева,2001-05-26
6159,Ильин Ипполит Демидович,1978-05-06
6160,Куликов Антонин Эдуардович,1980-11-19
6161,Jasmine Nash,1973-06-17
6162,Marcus Byrd,1961-01-29
6163,James Ross,1990-05-17
6164,Алексеев Онуфрий Давыдович,2002-07-11
6165,Соловьева Пелагея Львовна,1991-01-16
6166,Майя Артемовна Уварова,1984-03-23
6167,Молчанова Наталья Вадимовна,1977-02-23
6168,Воронов Савелий Владиленович,1964-09-28
6169,Белоусова Лариса Валериевна,1989-12-08
6170,Устинова Лора Семеновна,2002-11-04
6171,Craig Roberts,1986-01-30
6172,Tiffany Arellano,1964-01-29
6173,Зайцев Лавр Антипович,1979-04-13
6174,Lisa Allen,1978-02-24
6175,Jennifer Bryant,1991-07-16
6176,Чеслав Марсович Рогов,1987-03-19
6177,Latasha Perez,1999-09-11
6178,Алина Никифоровна Артемьева,1981-06-26
6179,Robert Hudson,1995-06-28
6180,Kenneth Clark,2003-12-28
6181,Cynthia Smith,1978-11-24
6182,Владимирова Нина Эдуардовна,1980-10-17
6183,Емельян Иосифович Семенов,1962-08-21
6184,Justin Morton,1982-06-09
6185,Tony Howard,1973-12-29
6186,Владимиров Гаврила Адрианович,1961-01-22
6187,Brianna Bond,1970-05-08
6188,Василий Валерьянович Жуков,1989-06-27
6189,Travis Ramirez,1963-12-22
6190,Amber Snyder,1964-11-29
6191,Jessica Howell,1982-01-04
6192,Овчинников Макар Елизарович,1997-12-18
6193,Karen Williams,1963-11-05
6194,Владимиров Аполлинарий Марсович,1961-12-15
6195,Лаврентий Захарьевич Пестов,1985-08-16
6196,Micheal Bates,1994-04-10
6197,Lori Petersen DDS,1996-12-15
6198,Mark Espinoza,2002-04-10
6199,Lydia Young,1977-08-18
6200,Tara Holland,1992-10-05
6201,Manuel Baker,1997-05-23
6202,Савельева Галина Яковлевна,1974-08-16
6203,Ian Boyd,1972-06-30
6204,Shannon Olson,1982-11-14
6205,Наталья Борисовна Сидорова,1980-02-22
6206,William Williams,1961-10-02
6207,Lisa Smith,1965-04-05
6208,Игнатий Гордеевич Зуев,2003-04-23
6209,Erin Peters,1974-04-16
6210,Иосиф Дорофеевич Васильев,1968-05-29
6211,Ершов Ян Ильич,1998-05-20
6212,Фомичева Лукия Артемовна,1962-12-16
6213,Sarah Ross,1968-12-09
6214,Debbie Foster,1982-01-20
6215,Jasmine Aguirre,1993-04-22
6216,Гущин Вацлав Эдуардович,1960-08-26
6217,Исакова Дарья Харитоновна,1974-10-01
6218,Федосий Геннадиевич Фадеев,1969-05-03
6219,Danielle Shelton,1960-02-02
6220,Ангелина Артемовна Щукина,1960-10-24
6221,Michael Morse,1976-11-27
6222,Копылов Евсей Александрович,1973-01-31
6223,Ashley Miller,1978-02-02
6224,Дроздова Зинаида Геннадьевна,1986-08-19
6225,Ираида Богдановна Ковалева,1960-03-20
6226,Людмила Тимуровна Баранова,1983-05-17
6227,Christopher Hill,1994-11-27
6228,Thomas Molina,1964-01-14
6229,Агата Андреевна Кулакова,1965-05-05
6230,Панов Герасим Владленович,1960-02-13
6231,Григорьева Агафья Матвеевна,2002-11-01
6232,Michelle Lee,1964-02-21
6233,Русаков Юлий Еремеевич,1993-10-10
6234,Donna Boyd,1966-10-30
6235,Lisa Douglas,1966-03-25
6236,Joy Price,1969-01-15
6237,Jennifer Neal MD,1993-04-16
6238,Melinda Wells,1990-03-14
6239,Steven Miller,1994-09-09
6240,Matthew Allen,1980-08-16
6241,James Hopkins,1987-09-17
6242,Авдей Фомич Егоров,1960-05-25
6243,David Bell,1992-11-18
6244,Елена Степановна Мишина,1984-05-15
6245,Christopher Holloway,2002-08-28
6246,Юдина Галина Анатольевна,1998-05-02
6247,Jennifer Ortiz,1984-07-25
6248,Никита Аксёнович Шестаков,1971-07-29
6249,тов. Беспалов Ермил Викентьевич,1961-10-27
6250,тов. Тимофеева Евфросиния Рубеновна,2001-04-30
6251,John Hall,1997-09-24
6252,William Waller,1983-02-07
6253,Беспалова Ираида Семеновна,1969-10-30
6254,Калашников Кирилл Жанович,1965-04-29
6255,Mr. Scott Mccoy,1992-06-06
6256,Roy Rivera,2002-10-02
6257,Прохорова Татьяна Викторовна,2001-09-12
6258,Алексей Андреевич Воробьев,1999-07-31
6259,Калашников Олимпий Ефимьевич,1964-02-23
6260,David Peters,1984-11-27
6261,Kenneth Alexander,1991-02-22
6262,Трофимова Юлия Евгеньевна,1982-06-26
6263,Евпраксия Эльдаровна Блохина,1985-09-19
6264,Donald Roberts,1973-11-11
6265,Муравьев Мартын Теймуразович,1960-10-24
6266,Владимирова Фёкла Кузьминична,1971-08-27
6267,Maria Alexander,1989-10-25
6268,Воронцова Милица Сергеевна,1976-04-13
6269,Ковалев Викторин Артёмович,1994-03-18
6270,Василиса Робертовна Калинина,1978-07-09
6271,Лукьян Феофанович Осипов,1980-01-11
6272,Федот Бориславович Беляев,2002-04-27
6273,Courtney Hernandez,1986-10-16
6274,Лука Теймуразович Семенов,1986-02-08
6275,James Richards,1972-04-05
6276,Danny Johnson,1979-05-17
6277,Степан Чеславович Евдокимов,1992-02-14
6278,Фирс Артёмович Овчинников,1962-08-17
6279,Daniel Gates,1971-12-23
6280,Jessica Trujillo,1992-05-05
6281,Ефимова Евфросиния Даниловна,1966-03-31
6282,Daniel Peters,1984-03-07
6283,William Jackson,1990-11-22
6284,Steven Harrison,2001-04-18
6285,Октябрина Викторовна Зимина,1969-12-24
6286,Michael Young,1986-10-03
6287,Samuel Rowland,1972-12-17
6288,Ronald Miller,1966-09-11
6289,Edward Brooks,1977-07-17
6290,Лазарева Феврония Станиславовна,1983-10-24
6291,Таисия Натановна Степанова,1999-10-19
6292,Остромир Глебович Громов,1971-10-03
6293,Angelica Cline,2000-08-02
6294,Борис Зиновьевич Третьяков,1970-03-14
6295,Abigail Moreno,1976-01-30
6296,Kelly Clark,1968-08-22
6297,Ульян Тихонович Носков,1967-03-02
6298,Matthew Bell,1969-12-20
6299,Игнатьева Элеонора Харитоновна,1980-05-20
6300,Некрасов Михей Харламович,1973-03-20
6301,Павлова Антонина Антоновна,1987-10-20
6302,Лучезар Викентьевич Ефимов,1994-08-11
6303,Kim Dixon,1966-04-04
6304,Eugene Anderson,1974-11-22
6305,Лаврентьева Евгения Семеновна,1965-03-18
6306,Matthew Williams,2002-02-01
6307,Попов Карл Аверьянович,1967-12-04
6308,Phillip Mason,2003-09-19
6309,Фролова Фаина Натановна,1985-04-27
6310,Воробьев Януарий Тихонович,1989-11-08
6311,Derrick Robertson,1977-10-31
6312,Твердислав Бориславович Матвеев,1961-06-03
6313,Емельян Филимонович Федосеев,1986-12-26
6314,Милий Григорьевич Артемьев,1962-06-26
6315,Кабанов Митофан Юльевич,1978-04-27
6316,Эрнест Юльевич Федотов,1963-10-28
6317,Ефрем Абрамович Бобылев,1970-11-13
6318,Jason White,1980-07-22
6319,Панова Светлана Львовна,1964-01-10
6320,Lorraine Andrade,1993-06-12
6321,Maurice Welch,1968-12-29
6322,Brenda Wolf,1965-09-14
6323,Wesley Blevins,2001-07-02
6324,Tasha Hartman,1963-01-29
6325,Гремислав Фролович Александров,1965-08-11
6326,Парфен Даниилович Родионов,2000-07-27
6327,Рыбакова Ксения Евгеньевна,1983-11-18
6328,Jason Carpenter,1960-07-07
6329,Марина Дмитриевна Михайлова,1979-04-06
6330,Большаков Моисей Всеволодович,1974-08-01
6331,София Мироновна Устинова,1996-07-21
6332,Ryan Rivers,1992-10-07
6333,Aaron Morales,1993-10-26
6334,Молчанов Орест Данилович,1977-02-15
6335,Shannon Holloway,2003-07-17
6336,Anthony Shaw,1989-05-21
6337,Боян Тимурович Белозеров,1966-06-22
6338,Ana Welch,1978-10-17
6339,Todd Brown,1998-03-23
6340,Andrew Meza,1977-03-04
6341,Jennifer Frazier,1961-02-16
6342,Зинаида Ждановна Смирнова,1963-12-14
6343,Доронин Ермил Фролович,1960-04-22
6344,Горшков Леон Владиславович,1992-04-05
6345,Kristen Knight,1988-01-29
6346,Patricia Young,2003-03-30
6347,Elizabeth Anderson,1982-01-22
6348,Allison Randall,1971-08-22
6349,Зыкова Варвара Семеновна,1985-01-16
6350,Hannah Brown,1963-09-23
6351,Марина Наумовна Мишина,1978-05-20
6352,Dwayne Long,1967-04-27
6353,Stephanie Morgan,1993-12-13
6354,Гаврилов Анисим Еремеевич,1990-06-23
6355,Тетерина Вероника Анатольевна,1980-07-31
6356,Sara George,1968-03-21
6357,Мартынова Агата Натановна,1960-03-03
6358,Stuart Stanley,1998-01-03
6359,Шубина Лариса Тимофеевна,1996-04-19
6360,Аскольд Феликсович Панфилов,1975-10-01
6361,Erin Tapia,1995-02-17
6362,Белоусов Ермил Демьянович,1966-11-05
6363,Travis Hale,1972-05-19
6364,Sierra Davis,2002-11-25
6365,Whitney Morrow,1999-06-11
6366,Октябрина Юльевна Наумова,1978-05-03
6367,Latoya Flores,1979-10-29
6368,Ian Johnson,1997-11-15
6369,Антонина Александровна Стрелкова,1987-12-21
6370,Костин Сократ Адамович,1980-12-13
6371,Tamara Lamb,1989-09-17
6372,Архип Бенедиктович Кондратьев,1962-09-11
6373,Kristy Carter,1976-03-21
6374,Евгения Святославовна Кудряшова,1978-07-08
6375,Russell Jacobs,1964-11-18
6376,James Poole,1973-08-09
6377,Brian Johnson,1981-09-06
6378,Mark Olson,2003-09-02
6379,Колобова Вера Аскольдовна,1970-07-22
6380,Козлова Синклитикия Ждановна,1972-03-12
6381,Alex Mcknight,1973-10-18
6382,Кондратьева Ангелина Анатольевна,1992-07-26
6383,Анисим Алексеевич Лапин,1993-02-22
6384,Rebecca Anderson,1984-07-26
6385,Глафира Мироновна Лобанова,1964-12-14
6386,Рожков Мокей Викторович,1975-01-31
6387,Melissa Cain,1979-06-01
6388,Robert Torres,1987-02-13
6389,Victor Bryant,1975-12-25
6390,Лазарева Синклитикия Петровна,1971-07-09
6391,Maria Johnston,1967-09-20
6392,Белозеров Анисим Тихонович,1977-12-05
6393,Jennifer Gonzalez,1972-05-25
6394,Edward Miller,1988-10-31
6395,Phillip Ramirez,1994-05-18
6396,тов. Суворов Лучезар Борисович,1990-01-29
6397,Benjamin Ibarra,1982-02-12
6398,Dr. Mary Moore,1984-07-10
6399,Tracy Walker,1983-10-30
6400,Нонна Рубеновна Савельева,1971-03-04
6401,Антонина Кирилловна Осипова,1989-12-29
6402,Лукия Тимуровна Орехова,1973-10-04
6403,Белякова Агата Святославовна,1990-05-17
6404,Blake Jones,1972-11-23
6405,Jennifer Hunt,1998-10-03
6406,Adam Ramirez,1968-01-07
6407,Teresa Williams,1983-09-11
6408,Johnny Matthews,1986-04-26
6409,Daniel Stanley,1984-01-30
6410,Беляев Аверкий Августович,1978-03-05
6411,Никитин Юрий Всеволодович,1998-11-08
6412,Daniel Morgan,1975-07-31
6413,Cheryl Proctor,1996-08-17
6414,Крылова Антонина Ниловна,1961-12-17
6415,Автоном Федотович Ефремов,1967-03-22
6416,Andrew Lang,1976-08-23
6417,Носков Мирон Ефимович,1989-06-13
6418,Jessica Moore,1963-09-09
6419,Patrick Robinson,1968-05-13
6420,Егор Давидович Максимов,1961-04-25
6421,Лариса Рудольфовна Максимова,1978-01-03
6422,Артемьева Ирина Вениаминовна,1987-06-03
6423,Rebekah Farley,1983-09-05
6424,Антонин Бенедиктович Трофимов,1996-12-14
6425,Samantha Harris,1982-04-12
6426,Громова Варвара Егоровна,1992-01-03
6427,Tiffany Weber MD,1999-02-16
6428,Larry Mills,1962-05-16
6429,Angela Weber,1969-02-01
6430,Веселов Изот Ефремович,1991-05-08
6431,Капустина Октябрина Львовна,1986-09-04
6432,Симон Феодосьевич Горбунов,1997-02-22
6433,Stacey Morrow,1987-02-10
6434,Kathy Farmer,1962-03-21
6435,Самсонов Эрнст Эдгардович,1996-03-23
6436,Силантий Эдгардович Харитонов,2002-02-03
6437,Шарапова Александра Ивановна,1973-05-11
6438,Wendy Jones,1981-04-19
6439,Elizabeth King,1970-10-18
6440,Дарья Валентиновна Назарова,1990-12-11
6441,Маслова Дарья Вениаминовна,1964-06-08
6442,Jeanette Decker,1980-12-06
6443,Ashley Kennedy,1984-11-19
6444,Тетерин Порфирий Аксёнович,1995-01-07
6445,April Perry,1999-09-06
6446,Travis Vaughan,1977-05-27
6447,Sherry Johnson,1966-12-24
6448,Donald Collins MD,2002-02-28
6449,Белякова Марина Петровна,1992-02-01
6450,Richard Mcintyre,1993-09-12
6451,Jon Perry,1992-05-17
6452,Travis Mckay,1964-06-02
6453,Courtney Wang,1972-10-11
6454,Mitchell Dominguez,1988-07-14
6455,Панфилова Алина Никифоровна,1983-07-02
6456,Флорентин Терентьевич Корнилов,1976-05-10
6457,Cynthia Powell,1988-03-14
6458,Фёкла Михайловна Трофимова,1969-03-29
6459,Larry Charles,1975-04-14
6460,Кулакова Антонина Харитоновна,1983-10-12
6461,Симонов Ферапонт Аверьянович,1965-05-09
6462,Степанова Зоя Наумовна,2001-05-21
6463,Капитон Димитриевич Медведев,1983-09-15
6464,Stephen Rodriguez,1997-07-20
6465,Глеб Даниилович Беляев,1993-05-27
6466,Полякова Лидия Аркадьевна,1966-03-04
6467,Nicole Espinoza,1986-11-09
6468,Krystal Lewis,1992-01-28
6469,Эмилия Захаровна Кулагина,1965-01-08
6470,Nathan Cross,1964-09-29
6471,Ситников Милован Геннадиевич,1984-10-13
6472,William Chavez,1964-12-24
6473,Kelly Watson,1981-01-30
6474,Laura Cain,1966-12-08
6475,Юлия Олеговна Ширяева,1969-02-04
6476,Donna Burch,1999-06-08
6477,Elizabeth Bradley,1988-06-05
6478,Robert Sutton,1971-04-10
6479,Ия Кузьминична Александрова,1994-10-04
6480,Полина Афанасьевна Селиверстова,1968-11-17
6481,Быков Ефим Владленович,1997-07-26
6482,Комиссарова Нонна Архиповна,1980-01-26
6483,Mrs. Rebecca Larson,1985-02-07
6484,Hannah Whitaker,2000-05-10
6485,Dawn Nelson,1968-03-01
6486,Christine Wyatt,1984-07-15
6487,Гуляев Роман Вячеславович,1992-06-03
6488,Marissa Faulkner,1976-06-07
6489,Brandon Holland,1980-11-18
6490,Susan Kennedy,1982-06-14
6491,Вячеслав Тихонович Орлов,1967-08-12
6492,Brian Alexander,1990-01-06
6493,Toni Mathis,1968-09-16
6494,Becky Smith,1966-01-20
6495,Гордей Феодосьевич Владимиров,1977-09-23
6496,Jeffrey Morris,1967-04-12
6497,Stephanie Rojas,1965-06-14
6498,Лебедев Парфен Устинович,1961-09-15
6499,Mary Taylor,1977-03-30
6500,Ashley Perkins,1994-03-30
6501,Клавдия Харитоновна Дьячкова,1975-10-22
6502,Teresa Richards,1971-08-23
6503,Васильев Родион Валерианович,1981-03-06
6504,Алевтина Яковлевна Яковлева,1995-12-04
6505,Уваров Эмиль Елисеевич,1990-08-15
6506,Панов Филимон Тимурович,1979-08-07
6507,Robert Golden,1965-04-23
6508,Людмила Ниловна Калинина,1998-02-11
6509,Heidi Owens,2001-10-13
6510,Лыткина Иванна Святославовна,1993-07-30
6511,Terry Wilson,2002-04-25
6512,Валерия Вениаминовна Лихачева,1974-06-09
6513,Голубева Надежда Романовна,1965-03-06
6514,Shawn Kim,2000-02-17
6515,Аполлон Владиленович Сысоев,1966-07-06
6516,Нина Геннадьевна Михеева,1960-03-13
6517,Вацлав Харитонович Марков,1960-06-07
6518,Фадей Вилорович Симонов,1976-04-29
6519,Святослав Захарьевич Некрасов,2002-03-18
6520,Kristi Kelly,1989-02-06
6521,Mary Sullivan,1971-07-29
6522,Monica Prince,1967-01-08
6523,Матвеева Зинаида Павловна,1969-07-03
6524,Amanda Patel,1991-03-03
6525,Поляков Исай Игнатович,1984-02-21
6526,Tina Fleming PhD,1985-12-03
6527,Василий Денисович Назаров,1984-04-21
6528,Shannon Hernandez,1982-07-31
6529,Никифорова Александра Игоревна,1961-01-21
6530,Станислав Елизарович Гурьев,2000-12-12
6531,Кир Анатольевич Сафонов,1979-01-25
6532,Jerry Benton,1996-04-23
6533,Сазонов Артемий Эдгарович,1960-09-10
6534,Яковлева Анастасия Ефимовна,1970-04-03
6535,Терентий Виленович Попов,1964-07-11
6536,Тамара Аркадьевна Бирюкова,1963-03-13
6537,Кира Константиновна Авдеева,1992-04-13
6538,Федотова Ия Кирилловна,1996-03-22
6539,Mason Beck,1977-05-30
6540,Wayne May,1978-02-18
6541,Ronald Davis,1970-12-29
6542,Власов Фока Васильевич,1998-12-03
6543,Robin Hunter,1998-09-09
6544,Бурова Зинаида Аркадьевна,1973-11-24
6545,Michelle Huber,1964-03-11
6546,Светлана Кузьминична Лихачева,1960-10-06
6547,Laura Norman,1999-06-30
6548,Amber Williams,2000-11-29
6549,Иванна Оскаровна Григорьева,1971-08-23
6550,Deanna Saunders,1966-12-22
6551,Бобылев Мстислав Фомич,1996-10-17
6552,Brian Little,1995-04-25
6553,Русакова Октябрина Владиславовна,2003-01-09
6554,Кулагина Мария Святославовна,1981-03-11
6555,Тарас Валентинович Кондратьев,1975-02-11
6556,Копылова Майя Ильинична,1994-04-24
6557,Stephanie Montgomery,1964-12-26
6558,Алевтина Тимуровна Быкова,1994-07-23
6559,Ермаков Трофим Ерофеевич,1980-02-22
6560,Tracy Doyle,1974-10-12
6561,Eric Pugh,1966-01-04
6562,Андреева Элеонора Петровна,1976-09-09
6563,Marissa Monroe,1982-04-30
6564,Christopher Fitzpatrick,1975-04-24
6565,Горбачев Герасим Феоктистович,1966-12-10
6566,Романова Алина Викторовна,2002-02-11
6567,George Thomas,1994-03-14
6568,Brandon Kidd,1986-11-06
6569,Михаил Тимурович Тихонов,1970-03-09
6570,Tiffany David,1960-11-05
6571,Нестеров Никон Анисимович,1995-04-17
6572,Елена Архиповна Крылова,1994-01-07
6573,Tammy Jackson,1976-08-02
6574,Jason Doyle,1978-12-19
6575,Juan Cisneros,1981-01-06
6576,Дарья Андреевна Федотова,1976-01-24
6577,Прохоров Ладислав Гертрудович,1964-07-25
6578,Брагин Спиридон Игнатьевич,1969-02-17
6579,Евфросиния Богдановна Силина,1982-06-06
6580,Наркис Ильич Ковалев,1976-03-22
6581,Чернов Фирс Изотович,1971-10-28
6582,Amy Leonard,1981-07-24
6583,Deanna Brown,1988-10-05
6584,Matthew Grant,1981-08-01
6585,Emily Bridges,1962-09-29
6586,Савелий Гаврилович Новиков,1981-10-30
6587,Корнил Аксёнович Григорьев,2003-11-26
6588,Щукина Анжела Владиславовна,1960-09-18
6589,David Tucker,1999-11-11
6590,Николай Игоревич Моисеев,1996-11-03
6591,Алина Макаровна Щукина,1973-07-14
6592,Emily Chavez,1974-07-19
6593,Steven Bush,1990-02-17
6594,Евстафий Ефремович Большаков,1962-03-27
6595,Карпов Митофан Харитонович,1967-10-01
6596,Ираида Васильевна Павлова,1994-07-26
6597,Crystal Davis,1990-09-27
6598,Laura Allison,1966-08-13
6599,Steven Palmer,1968-05-04
6600,Jennifer Gonzalez,1997-05-28
6601,Нифонт Егорович Рыбаков,1962-01-18
6602,Коновалов Самуил Виленович,1979-03-24
6603,тов. Федосеев Тимур Виленович,1960-06-17
6604,Юлиан Евсеевич Марков,2000-01-11
6605,Кононова Антонина Вячеславовна,1969-04-12
6606,Мария Валериевна Ефимова,2002-06-01
6607,Ипат Власович Денисов,1997-06-12
6608,Marie Hart,2002-04-21
6609,Суханова Елена Тимуровна,1992-08-05
6610,Kimberly Davis,2001-04-22
6611,Савва Теймуразович Королев,1978-09-24
6612,Gabrielle Yang MD,1976-01-24
6613,Maria Brock,1969-10-09
6614,Susan Hess,1979-05-06
6615,Anthony Martinez Jr.,1997-06-30
6616,Медведева Анжелика Егоровна,1962-05-03
6617,Марфа Федоровна Бирюкова,1990-02-19
6618,Natalie Blake,1995-10-07
6619,Феврония Максимовна Харитонова,2001-03-15
6620,John Fisher,1977-08-24
6621,Jennifer Bradley,1970-06-26
6622,Громов Фома Ильич,1991-02-16
6623,Лихачев Демид Харитонович,1976-08-14
6624,Brianna Bean,1971-08-26
6625,Горбунов Кир Аксёнович,1995-05-10
6626,Тихон Денисович Евсеев,1983-07-17
6627,Angela Mcdowell,1987-02-03
6628,Terri Graham,1981-04-10
6629,Устинов Николай Харламович,1978-10-03
6630,Mrs. Mia Sosa,2002-12-05
6631,Sheila Downs,1986-09-28
6632,William Le,1979-03-31
6633,Erica Olson,1994-10-31
6634,Лапина Наталья Руслановна,1968-08-09
6635,Elizabeth Brown,1993-02-05
6636,Карл Фокич Яковлев,1980-03-12
6637,Селезнева Олимпиада Яковлевна,1981-03-31
6638,Kari King,1999-07-22
6639,Беспалова Лора Артемовна,1991-11-17
6640,Савина Евфросиния Матвеевна,1971-06-04
6641,Костин Георгий Фадеевич,1998-02-25
6642,Егор Филиппович Лапин,1991-08-07
6643,Anne Jackson,1970-10-27
6644,Willie Williamson,1983-08-21
6645,Виктор Федосьевич Никитин,1997-11-27
6646,Октябрина Семеновна Маслова,1969-06-03
6647,Rachel Thomas,1993-08-16
6648,John Moon,1980-06-05
6649,Bryan Martin,1968-02-01
6650,Уваров Викторин Бенедиктович,1967-11-24
6651,Белоусов Капитон Герасимович,1988-11-11
6652,Селезнева Галина Макаровна,1964-08-19
6653,Медведев Макар Глебович,1963-05-13
6654,Madison Perez,1997-03-27
6655,Наталья Ильинична Логинова,1999-10-15
6656,Леонтий Артурович Меркушев,1987-03-20
6657,Твердислав Андреевич Дьячков,1982-01-22
6658,Евдокия Афанасьевна Шарапова,1967-05-17
6659,Евпраксия Павловна Горбунова,1973-03-18
6660,Евгения Феликсовна Тихонова,1999-08-11
6661,Margaret Hess,1965-02-11
6662,Юлия Максимовна Громова,1997-07-20
6663,Scott Thomas,1985-11-20
6664,Christopher Brady,1961-06-14
6665,Мир Герасимович Силин,2002-03-01
6666,Смирнова Евдокия Васильевна,1979-01-21
6667,Joanna Hernandez,1960-05-08
6668,Кириллова Эмилия Валериевна,1998-06-02
6669,James Sanchez,1968-05-24
6670,Сидор Валерианович Брагин,1968-01-31
6671,Alexandra Coleman,2003-02-10
6672,Lori Gonzalez,1995-08-25
6673,Johnny Tran,1964-04-16
6674,Alexander Hicks,1999-12-11
6675,Элеонора Андреевна Лаврентьева,1990-06-10
6676,Брагина Алевтина Андреевна,1982-03-23
6677,Patricia Harris,1962-09-19
6678,Комиссарова Любовь Петровна,1961-02-18
6679,Frederick Jones,1980-03-18
6680,Денисова Виктория Александровна,1999-10-16
6681,Edward Rice,2001-05-04
6682,Анастасия Федоровна Козлова,1963-08-10
6683,Поликарп Якубович Петров,1968-09-13
6684,Фролов Светозар Борисович,1994-12-03
6685,Пелагея Болеславовна Артемьева,1975-05-12
6686,Tony Kelly,2002-03-24
6687,Аркадий Вилорович Горшков,1986-03-01
6688,тов. Турова Фёкла Никифоровна,1968-04-14
6689,Комиссаров Онуфрий Трифонович,1980-07-31
6690,Сорокина Екатерина Эльдаровна,2001-02-15
6691,Суханова Дарья Юрьевна,1985-11-27
6692,Андрон Вилорович Дементьев,1965-01-27
6693,Timothy Myers,1979-10-06
6694,Мишин Любомир Фадеевич,1972-07-01
6695,Lisa Kelly,1979-06-08
6696,Gabrielle Durham,2001-01-30
6697,Thomas Rivera,1984-03-21
6698,Мухина Агафья Ниловна,1985-03-31
6699,Рябов Демьян Арсенович,1977-11-02
6700,Wendy Mason,1974-08-01
6701,Субботина Александра Аскольдовна,1967-01-04
6702,Caitlin Harrison,1987-08-15
6703,Carrie Sheppard,1996-09-03
6704,Jamie Howard,1974-07-31
6705,Иванна Вячеславовна Беляева,1987-01-28
6706,Жданова Алевтина Станиславовна,1987-02-15
6707,Гордеев Ладислав Ааронович,1980-09-21
6708,Miguel Ortiz,1994-01-02
6709,Фёкла Архиповна Сергеева,1984-04-06
6710,Kelsey Norman,1967-03-07
6711,Eric White,1965-04-15
6712,Roger Hood,1969-12-19
6713,Елисеева Ираида Олеговна,1962-02-21
6714,Беляев Трофим Даниилович,1994-08-25
6715,John Bonilla,1979-04-03
6716,Емельянова Оксана Филипповна,1997-04-02
6717,Костин Иван Александрович,1978-10-30
6718,Михеева Акулина Дмитриевна,1988-12-21
6719,Кузьмин Исай Всеволодович,1967-09-13
6720,Пелагея Вениаминовна Блинова,1967-06-16
6721,Jennifer Huffman,1973-08-16
6722,Фомичева Валентина Евгеньевна,1969-03-19
6723,Christine Jackson,1971-11-17
6724,Amber Coleman,1988-02-09
6725,Carrie Marsh,1961-01-18
6726,Бронислав Абрамович Фролов,1960-01-10
6727,Robin Barnes,1984-06-30
6728,Колесников Аскольд Давыдович,1996-08-09
6729,Третьякова Ираида Ниловна,1993-07-24
6730,Олимпиада Оскаровна Жданова,1976-04-19
6731,Carlos Powell,1997-12-20
6732,Angela Bray,1967-08-11
6733,Елизар Ерофеевич Блохин,1960-06-16
6734,Brian Floyd,2001-05-17
6735,Казаков Милан Юльевич,2003-01-20
6736,Victor Lee,1967-09-15
6737,Jay Johnson,1967-06-11
6738,Дарья Филипповна Потапова,1963-06-27
6739,Jason Mann,1994-11-02
6740,Diana Olson,1973-06-04
6741,Kristen Williams,1970-09-07
6742,Lacey Gill,1972-07-15
6743,Лора Богдановна Шубина,1985-09-04
6744,Nicole Olsen,1986-03-26
6745,Петр Игоревич Кудрявцев,2000-04-25
6746,Олимпий Ермилович Поляков,2002-12-07
6747,Лариса Романовна Гурьева,1969-04-02
6748,Брагин Филимон Елизарович,2002-12-12
6749,Регина Степановна Волкова,1976-01-14
6750,Кулаков Константин Ефимович,1966-11-27
6751,Roberto Camacho,2000-08-19
6752,Joshua Deleon,1974-11-12
6753,Азарий Валентинович Суворов,2003-08-31
6754,Раиса Ефимовна Абрамова,1987-09-24
6755,Scott Moore,1970-02-23
6756,Kayla Warren,1972-09-21
6757,Евфросиния Геннадьевна Полякова,1992-03-15
6758,Catherine Pierce,1961-07-01
6759,Виталий Адрианович Калашников,1978-02-27
6760,Gary Young,1996-06-22
6761,Jeff Smith,1985-02-17
6762,Раиса Эдуардовна Жукова,1995-02-20
6763,Агафонов Любим Вилорович,1968-09-07
6764,Christopher Chapman,1971-01-06
6765,Кира Геннадьевна Костина,1967-04-11
6766,Иванна Вениаминовна Сысоева,1971-01-18
6767,Лора Петровна Мясникова,1967-04-28
6768,Kim Keller,1965-12-06
6769,Элеонора Тимуровна Белоусова,1984-02-08
6770,Капустина Кира Валентиновна,1985-04-24
6771,John Bell,1984-02-24
6772,Tracy Johnson,1970-05-04
6773,Радован Феофанович Никонов,1997-04-21
6774,Anthony Mcintosh,1972-02-01
6775,Meghan Allen,1964-01-22
6776,Лора Геннадьевна Зайцева,1986-01-03
6777,Никонов Феофан Марсович,1994-12-28
6778,Большаков Игнатий Зиновьевич,1986-11-04
6779,Захаров Сила Фадеевич,2000-09-18
6780,Kevin Chan,1986-12-19
6781,Alejandra Lewis,2002-09-04
6782,Петр Феофанович Гришин,1966-05-26
6783,Варлаам Феофанович Вишняков,1982-04-08
6784,Анна Сергеевна Дьячкова,1963-05-17
6785,Макар Фадеевич Соболев,1973-11-10
6786,Lauren Salazar,1972-06-18
6787,Сократ Марсович Лаврентьев,2000-08-28
6788,Елисеева Нинель Александровна,1968-03-05
6789,Ashley Drake,1998-11-21
6790,Ларионова Ираида Борисовна,1964-03-02
6791,Alexander Cunningham,2000-06-12
6792,Горшкова Надежда Альбертовна,1987-11-28
6793,Mario York,1964-05-21
6794,Melissa Jones,1968-02-10
6795,Ратмир Федосеевич Пономарев,1963-05-30
6796,Cassie Butler,1964-06-24
6797,Наина Ивановна Гуляева,1970-05-31
6798,Lindsay Morales,1965-09-29
6799,Ashley Edwards,1998-05-08
6800,Christine Martin,1981-03-28
6801,Лора Ивановна Князева,1989-12-14
6802,Tammy Lopez,1988-03-28
6803,Amanda Williams,1971-04-19
6804,Орлова Майя Николаевна,2000-04-01
6805,Jason Mccoy,1991-06-15
6806,Логинов Рубен Артемьевич,1987-11-06
6807,Костина Полина Руслановна,1980-02-14
6808,Tammy Munoz,1970-04-02
6809,Регина Аскольдовна Капустина,1985-08-13
6810,Jay Baker,1989-08-06
6811,Leslie Chapman,1983-11-29
6812,Richard Stephens,1974-02-23
6813,Lauren Lawrence,1972-02-18
6814,Бобылев Исай Афанасьевич,1967-06-16
6815,Breanna Gregory,1962-10-25
6816,Маргарита Феликсовна Мартынова,1970-04-30
6817,Jessica Jordan,1975-11-28
6818,Артем Богданович Пахомов,1964-03-21
6819,Кононова Эмилия Львовна,1992-04-15
6820,Glenn Collins,1964-07-02
6821,Ryan Thompson,1964-09-17
6822,Карпов Ипполит Феофанович,1989-11-18
6823,Jonathan Davis,1983-03-18
6824,Jennifer Davidson,1981-10-05
6825,Allison Ward,1980-09-04
6826,Randall Mills,1971-09-15
6827,Любовь Александровна Смирнова,2003-09-07
6828,Дарья Викторовна Силина,1991-01-22
6829,Brian Ross,1998-07-29
6830,Анна Харитоновна Лаврентьева,2003-07-18
6831,Родионов Самсон Фадеевич,1984-06-16
6832,Измаил Вячеславович Орехов,1996-09-20
6833,Дьячков Савва Борисович,1995-10-16
6834,Matthew Stevens,1991-06-02
6835,Vincent Smith,1995-06-29
6836,Нинель Аркадьевна Дроздова,1968-02-02
6837,Edward Zamora,2003-06-22
6838,Виноградов Мефодий Тарасович,1994-08-12
6839,Danielle Jackson,1982-02-05
6840,Мария Леонидовна Пахомова,1982-02-06
6841,Brandi Long,1997-03-17
6842,Nicole Rivera,2003-02-19
6843,Федотов Яков Архипович,1970-07-08
6844,Emily Jones,1986-06-01
6845,Julia Davis,1985-01-14
6846,Ангелина Степановна Волкова,1964-04-09
6847,тов. Рогова Антонина Наумовна,1987-09-13
6848,John Harris,1967-06-11
6849,Лора Юльевна Суворова,1992-02-19
6850,Elizabeth Stone,1972-12-31
6851,Jonathan Smith,1972-05-01
6852,Денисова Эмилия Ефимовна,1983-04-25
6853,Савватий Ефимьевич Давыдов,1982-08-01
6854,Eric Ferguson,1976-02-12
6855,Tracy Estrada,1983-10-17
6856,Морозов Измаил Богданович,1993-02-20
6857,Shelley Mccullough,2003-08-19
6858,Steve Rhodes,1991-05-18
6859,Мокей Ефстафьевич Щербаков,1995-08-09
6860,Бирюков Сидор Власович,1978-02-22
6861,Karen Gibson,1960-10-21
6862,Melanie Watts,1971-12-09
6863,Борисов Константин Игнатьевич,1965-08-15
6864,Kendra Stephenson,1994-12-09
6865,Муравьева Юлия Кирилловна,1973-09-08
6866,Samantha Aguilar,1998-09-05
6867,Andrea Pitts,1999-03-31
6868,Ия Харитоновна Фомичева,1976-09-28
6869,Поликарп Феодосьевич Давыдов,1986-04-08
6870,Влас Артёмович Борисов,1984-11-30
6871,Кириллов Трифон Валерианович,1968-03-26
6872,Henry Torres,1960-05-21
6873,Julia Bradley,1983-12-03
6874,Елизавета Юрьевна Исаева,1992-09-18
6875,Dustin King,2001-11-20
6876,Alexandria Alvarez,1967-07-15
6877,Paul Shaffer,1973-06-14
6878,Кузнецов Мирон Федотович,1984-10-12
6879,Щукина Жанна Эдуардовна,1986-06-02
6880,Jonathan Kaiser,1999-07-06
6881,Стоян Антипович Носков,1960-07-27
6882,Терентьева Фаина Николаевна,2002-06-04
6883,Синклитикия Евгеньевна Фомичева,1967-04-16
6884,Оксана Феликсовна Смирнова,1972-04-08
6885,Шарапова Феврония Николаевна,1985-07-22
6886,Hannah Brennan,1986-08-24
6887,Устинова Антонина Феликсовна,1960-08-08
6888,Richard Hall,1989-05-21
6889,Терентий Гаврилович Зайцев,1967-08-21
6890,Charles West,1979-11-21
6891,Носов Лаврентий Валентинович,1978-05-21
6892,Ермакова Регина Вениаминовна,1971-10-07
6893,Stacie Moore,2000-01-03
6894,Алевтина Валентиновна Лазарева,1997-08-22
6895,Кошелев Якуб Терентьевич,1986-01-18
6896,Евфросиния Ефимовна Петухова,1968-09-16
6897,Лонгин Дмитриевич Никитин,1981-05-28
6898,Shannon Morris,1989-01-08
6899,Филарет Владиславович Дмитриев,1992-03-03
6900,Хохлов Всеслав Фёдорович,1963-05-11
6901,Харитонов Всеслав Викторович,1994-02-07
6902,Агата Ивановна Лихачева,1969-11-07
6903,Наум Богданович Красильников,1994-03-24
6904,Смирнов Аристарх Георгиевич,1987-10-10
6905,Наумов Кондрат Захарьевич,1967-03-11
6906,Воробьев Руслан Анисимович,1980-10-18
6907,Арсений Исидорович Федосеев,2002-08-06
6908,Maureen Becker,1977-02-23
6909,Jesus Walker,1991-03-03
6910,Щукин Ипат Харламович,2003-04-17
6911,Лебедев Юлиан Матвеевич,1983-09-22
6912,Соболева Иванна Антоновна,1981-10-17
6913,Felicia Savage,1974-05-15
6914,Савватий Гертрудович Блинов,1977-12-14
6915,Раиса Тимуровна Калинина,1990-09-24
6916,James Lewis,1997-04-10
6917,Kevin Anderson,1981-04-06
6918,Sarah Morgan,1999-01-15
6919,Прохорова Нина Ефимовна,1972-08-15
6920,Милован Вилорович Воробьев,1983-08-01
6921,Susan Marshall,1975-11-17
6922,Лебедев Устин Аксёнович,1985-09-04
6923,Марфа Болеславовна Кузьмина,1980-10-08
6924,Прасковья Тарасовна Назарова,1972-03-04
6925,Надежда Ивановна Одинцова,1979-12-12
6926,Catherine Hall,1989-07-24
6927,Виталий Адрианович Осипов,1969-12-31
6928,Kathleen Miller,1969-03-22
6929,Mark Barrett,1999-09-30
6930,Белова Жанна Николаевна,1978-05-29
6931,Савина Иванна Даниловна,1988-11-02
6932,Roberta Gross,1987-09-08
6933,Андреева Синклитикия Леоновна,1991-12-18
6934,Рыбакова Октябрина Львовна,1979-07-11
6935,Князева Галина Тимуровна,2002-02-08
6936,Петров Рубен Гаврилович,1964-06-12
6937,Гуляев Мстислав Яковлевич,1972-05-19
6938,Amanda Mills,1972-11-26
6939,Валерьян Эдгарович Ефимов,1993-08-04
6940,Анжелика Ниловна Вишнякова,1968-01-06
6941,София Афанасьевна Громова,1989-07-15
6942,Michael Ortiz,1983-06-23
6943,Козлова Евпраксия Евгеньевна,2002-08-29
6944,Анисимова Синклитикия Антоновна,2001-03-16
6945,Tina Clark,1978-12-05
6946,Andrew Ortiz,1969-05-07
6947,Billy Robinson,1987-02-10
6948,г-н Егоров Мартын Гурьевич,1987-12-23
6949,Margaret Brown,1996-09-23
6950,Оксана Наумовна Константинова,1979-03-23
6951,Emma Wallace,1981-03-26
6952,Терентьев Сильвестр Денисович,1975-04-05
6953,Щербакова Вероника Тарасовна,1984-09-10
6954,Авдеева Ия Альбертовна,1963-11-18
6955,Brandon Williams,1982-03-06
6956,Thomas Ramirez,1985-04-29
6957,Наталья Тимофеевна Третьякова,1973-06-12
6958,Amanda Gardner,1961-11-05
6959,Jennifer Meyer,1972-11-15
6960,Laura Johnson,1979-12-22
6961,Романов Ярополк Артурович,1994-08-10
6962,Кудрявцева Алина Вениаминовна,1994-06-23
6963,Наркис Ильясович Елисеев,1969-10-28
6964,Дорофеев Савва Бенедиктович,1979-03-20
6965,Michael Adkins,1995-09-17
6966,Макар Харлампьевич Мамонтов,1996-12-16
6967,Людмила Львовна Зыкова,1971-06-18
6968,Гуляев Милен Тимурович,1994-02-16
6969,Amanda Olsen,1967-06-04
6970,Данилов Ульян Антонович,1973-02-28
6971,Deborah Snyder,1976-08-01
6972,Brian Holder,1976-12-23
6973,Scott Jordan,1966-02-19
6974,Фаина Захаровна Шестакова,1985-06-21
6975,Лукина Алла Валентиновна,1990-11-14
6976,Ким Артурович Крюков,1968-11-15
6977,Jennifer Gonzalez,1992-12-02
6978,Alyssa Valdez,1962-11-01
6979,Tracy Norman,2003-12-05
6980,Yvette Kirk,1986-09-19
6981,Изяслав Викторович Третьяков,1982-06-20
6982,Joel Henderson,1988-01-27
6983,Benjamin Gross,1981-08-10
6984,Nicholas Frey,1972-01-07
6985,Филимон Гордеевич Герасимов,1977-07-13
6986,Darrell Rodriguez MD,1970-07-08
6987,тов. Тихонова София Игоревна,1986-06-19
6988,Richard Vang,1997-06-19
6989,Michael Lozano,1986-02-01
6990,Timothy Merritt,1981-05-24
6991,Kathryn Smith,1971-09-30
6992,Tiffany Hall,1962-03-28
6993,Игнатов Севастьян Валентинович,1997-12-19
6994,Anna Le,1978-06-01
6995,Kendra Harris,1973-03-03
6996,Ильин Демид Виленович,1982-08-30
6997,Brian Griffin,1983-06-10
6998,Овчинникова Элеонора Федоровна,1969-07-09
6999,Ковалев Авдей Эдуардович,1977-10-09
7000,William Nielsen,1963-09-11
7001,Vanessa Hanson,1980-03-31
7002,Mrs. Pamela Cordova,2003-03-14
7003,Zachary Gross,1999-05-28
7004,Клавдий Евстигнеевич Гусев,2000-03-12
7005,Гордеева Евпраксия Артемовна,1980-12-18
7006,Николаев Андроник Федотович,1999-05-02
7007,Кононова Василиса Владимировна,1970-06-28
7008,Лазарь Измаилович Константинов,2001-06-22
7009,Leonard Edwards,2003-04-10
7010,Fernando Miller,1976-06-30
7011,Heather Tucker,1999-07-30
7012,Renee Hernandez,1983-04-20
7013,Новиков Онуфрий Давидович,1983-03-20
7014,Shelley Hopkins,1985-08-16
7015,Мамонтов Никон Адамович,1962-09-06
7016,Сидор Фомич Щербаков,1981-04-28
7017,Jenny Watkins,1967-06-28
7018,Michael Williams,1964-12-07
7019,Абрамова Ольга Тимуровна,1983-03-11
7020,Поликарп Григорьевич Голубев,1961-11-02
7021,Matthew Morgan,1989-02-23
7022,Jessica Howard,1985-03-19
7023,Мухин Руслан Жоресович,1973-01-04
7024,Taylor Garcia,1976-04-18
7025,Буров Велимир Филиппович,1999-07-30
7026,Яковлева Валерия Вячеславовна,1975-02-19
7027,Cynthia Jordan,1970-03-22
7028,Caleb Best,1979-12-04
7029,Моисеев Родион Феликсович,1979-01-21
7030,Michael Byrd,1971-01-07
7031,Амвросий Валерьевич Филатов,1977-10-11
7032,Изяслав Фадеевич Беспалов,1979-09-27
7033,Dr. Lonnie Glenn Jr.,1960-12-30
7034,Matthew Solis,1981-02-15
7035,Gloria Barry,1999-10-26
7036,Natalie Herrera,1984-07-31
7037,Regina Gomez,1968-03-17
7038,Vanessa Scott,1978-11-13
7039,Щукина Марфа Анатольевна,1998-06-21
7040,Жуков Мефодий Иосипович,1985-10-10
7041,Tina Burns,1994-10-24
7042,Христофор Ярославович Филатов,1960-09-21
7043,Michelle Kim,1980-04-12
7044,Jeffrey Carter,1982-09-29
7045,Петр Анисимович Гущин,1969-10-12
7046,Katherine Miller,1974-10-12
7047,Monique Sanders,1996-04-04
7048,Sherri Singleton,1977-05-15
7049,Новиков Юлий Антонович,1969-03-16
7050,Audrey Mendoza,1969-03-02
7051,Ульяна Владимировна Лыткина,1996-06-23
7052,Новикова Зинаида Константиновна,1983-02-07
7053,Katie Murray,1998-12-15
7054,Jennifer Woods,1993-11-28
7055,Тамара Ильинична Корнилова,1977-12-07
7056,Евгения Алексеевна Родионова,1997-11-07
7057,Зинаида Николаевна Гущина,1988-08-08
7058,Казакова Эмилия Вячеславовна,1960-12-24
7059,Rachel Carter,1988-07-25
7060,Брагин Боян Иларионович,1966-03-11
7061,Носкова Анастасия Ниловна,1965-04-16
7062,Adriana George,1962-08-19
7063,Самсонова Элеонора Макаровна,1998-06-02
7064,Thomas Mason,1994-04-25
7065,Evan Harris,1963-06-27
7066,Andrew Horne,1978-01-03
7067,Eric Martinez,1979-11-11
7068,Авдеева Кира Ждановна,1977-07-12
7069,Акулина Филипповна Владимирова,1997-08-19
7070,Щербаков Виталий Тарасович,1963-02-16
7071,Агата Алексеевна Никифорова,1967-04-22
7072,Eric Spears,2003-02-27
7073,Randy Edwards,1999-06-17
7074,Александра Андреевна Виноградова,1968-08-06
7075,Christina Jennings,1986-01-10
7076,Walter Bush,1994-05-24
7077,Diane Lee,1997-08-25
7078,Douglas Reid,1990-03-08
7079,Matthew Kelly,1996-08-14
7080,Jason Velasquez,1967-03-02
7081,Шестаков Селиван Ильич,1985-03-15
7082,Виктор Исидорович Сидоров,1991-07-05
7083,Олег Филимонович Веселов,1999-08-20
7084,Samuel Moore,1994-08-28
7085,Ms. Nicole Jones,1980-10-18
7086,Антонова Феврония Кузьминична,1993-01-30
7087,Ms. April Bennett,1960-04-09
7088,Patricia Moreno,1996-11-20
7089,Alexander Goodwin,1987-05-25
7090,Куликова Олимпиада Станиславовна,1978-03-06
7091,Deborah Burton,1967-01-28
7092,Шилова Нонна Ивановна,1992-03-16
7093,Donna Monroe,1984-01-09
7094,Laura Lucas,1989-10-28
7095,Трофимов Касьян Трофимович,1999-08-31
7096,Фокина Кира Вадимовна,1994-08-03
7097,Данила Трофимович Калинин,1974-08-29
7098,Зинаида Тимофеевна Баранова,1988-09-11
7099,Phillip Martinez,1960-11-11
7100,Моисеева Марфа Харитоновна,1976-02-04
7101,Christopher Wilson,1987-05-21
7102,Tracy Floyd,1980-03-02
7103,Евфросиния Яковлевна Евдокимова,1977-01-23
7104,Kristin Johnson,1962-11-06
7105,Stephanie Schneider,1996-10-05
7106,Jamie Thomas,1968-07-07
7107,Кудряшова Мария Антоновна,1971-08-05
7108,Amy Daniels,1983-10-18
7109,Мария Тарасовна Белова,1972-03-07
7110,Суворов Филарет Давидович,2000-12-05
7111,Erika Hansen,1994-10-19
7112,Олимпий Димитриевич Ефимов,1995-04-10
7113,Горбачева Кира Григорьевна,1962-06-08
7114,Karen Robertson,1995-02-11
7115,Victoria Thompson,1990-06-05
7116,Anthony Dean,1963-05-19
7117,Иосиф Жанович Селиверстов,1984-03-02
7118,Спиридон Димитриевич Андреев,1981-02-23
7119,Dr. Benjamin Gould,2001-08-07
7120,Шашкова Валерия Робертовна,1988-06-09
7121,Синклитикия Федоровна Журавлева,1988-09-30
7122,Фаина Владимировна Пахомова,1969-12-12
7123,Charles Mitchell,1975-06-02
7124,Cynthia Kaiser,1983-09-02
7125,Jimmy Lane,1993-11-22
7126,Michael Holt,2001-04-26
7127,Орлова Вера Святославовна,1977-01-10
7128,Julie Burnett,1971-05-01
7129,Ryan Delgado,1986-01-21
7130,Tiffany Lynch,1989-07-10
7131,Рябова Милица Станиславовна,1998-02-15
7132,James Alvarez,1964-03-06
7133,Агафья Кузьминична Носкова,1968-12-16
7134,Kenneth Castillo,1994-10-01
7135,Мария Львовна Крюкова,1981-05-08
7136,Шарова Ираида Ивановна,1986-11-15
7137,Charles Roberts,1978-06-29
7138,Laura Butler,1961-11-27
7139,Горбунов Ипат Александрович,1962-02-24
7140,Самсонов Матвей Ануфриевич,1983-01-07
7141,Faith Lowe,1961-05-30
7142,Christy Green,2000-04-16
7143,Michelle Watson,1998-07-13
7144,Воронова Марфа Аскольдовна,1967-02-23
7145,Эмилия Альбертовна Романова,1983-09-19
7146,Савельев Измаил Брониславович,2002-06-06
7147,Шубина Екатерина Тимуровна,1967-10-19
7148,Mr. Nicholas Garza,1994-07-23
7149,Макаров Николай Венедиктович,1973-06-02
7150,Kimberly Rice,1974-08-20
7151,Colleen George,1961-05-09
7152,Sharon Mclaughlin,1960-11-11
7153,Щербаков Исидор Елисеевич,1983-02-28
7154,Sandra Gonzales,1985-12-28
7155,Troy Hardin,2002-09-04
7156,Willie Medina,1988-10-11
7157,Amy Ellis,1988-04-26
7158,Творимир Ефстафьевич Федосеев,1963-05-18
7159,Алевтина Егоровна Юдина,1960-02-05
7160,Оксана Валентиновна Владимирова,1986-07-27
7161,Natasha Campbell,1992-04-05
7162,Riley Chen,2000-02-12
7163,Синклитикия Кузьминична Савина,1964-12-10
7164,Никодим Венедиктович Терентьев,1981-03-08
7165,Орлова Ия Леоновна,1965-12-09
7166,Ирина Валериевна Фомичева,1961-06-26
7167,Brittany Scott,1997-09-16
7168,Щербакова Алевтина Викторовна,1988-01-12
7169,Андрей Иосифович Волков,1962-07-19
7170,Evan Craig,1996-02-01
7171,Спартак Германович Соколов,2001-05-24
7172,Лучезар Ермилович Корнилов,1990-03-02
7173,Rebecca Norman,1971-11-13
7174,Кузьмин Феофан Витальевич,1969-10-17
7175,Вышеслав Яковлевич Матвеев,1986-09-07
7176,Нонна Натановна Васильева,1989-03-14
7177,г-н Лыткин Феоктист Трифонович,1971-05-09
7178,Кабанова Синклитикия Артемовна,1983-05-31
7179,Melinda Holloway,1999-04-02
7180,Копылова Алла Филипповна,1960-04-06
7181,Исаков Рубен Глебович,1960-06-28
7182,Gail Cooper,1973-03-30
7183,Casey Baker,2001-09-26
7184,Eileen Price,1973-05-18
7185,Денисов Август Жанович,1999-05-03
7186,Зиновьев Кир Евстигнеевич,1978-04-17
7187,David Hart,1986-04-07
7188,Лора Эдуардовна Семенова,2001-07-16
7189,Всемил Владиленович Молчанов,1969-12-29
7190,Конон Аверьянович Николаев,1971-02-25
7191,Филипп Фёдорович Евдокимов,1984-09-23
7192,Victoria Woodard,1985-07-24
7193,Турова Ксения Кузьминична,1996-11-29
7194,Rachel Pugh,1991-08-03
7195,Ия Анатольевна Шилова,1987-05-13
7196,Елена Владиславовна Ситникова,1994-02-19
7197,Громов Руслан Димитриевич,1965-11-30
7198,Dr. Lisa Kelly PhD,1973-03-04
7199,Василиса Васильевна Уварова,1974-04-11
7200,Соловьев Исай Арсенович,1994-04-23
7201,Daniel Thornton,1973-10-30
7202,Белов Кузьма Антипович,1975-12-02
7203,Тамара Петровна Маркова,1994-04-10
7204,Тимофеева Акулина Юльевна,1982-06-26
7205,Brandon Cantrell,1991-05-25
7206,Amy Harris,1979-09-20
7207,Michelle Campbell,1994-12-09
7208,Robert Coleman,1990-06-27
7209,Петров Модест Иосипович,1970-11-26
7210,Jorge Brown,1997-02-05
7211,Patrick Barajas,1997-09-12
7212,Cheryl Williams,1982-11-17
7213,Christopher Thompson,1965-05-01
7214,Мирослав Филиппович Абрамов,1992-02-26
7215,Teresa Howard,1982-05-10
7216,Олимпий Марсович Савельев,1976-07-27
7217,Калинина Вероника Антоновна,1991-12-14
7218,Пестова Кира Робертовна,1966-10-30
7219,Julia Collins,2003-02-04
7220,Мариан Арсенович Николаев,1979-03-12
7221,Соболев Леонид Ефимович,1978-02-01
7222,Patricia Bailey,1987-02-09
7223,Amy Smith,2003-07-09
7224,Karen Ramsey,1972-09-22
7225,James Garrison,1965-10-20
7226,Ирина Матвеевна Дмитриева,1973-12-03
7227,Patrick Anthony,1981-09-26
7228,Amber Harrison,1998-05-14
7229,Megan Bartlett,2000-08-06
7230,Беляев Артемий Евстигнеевич,1993-07-29
7231,Илья Якубович Доронин,1971-07-05
7232,Фаина Матвеевна Нестерова,1983-07-11
7233,Тит Данилович Белов,1967-06-09
7234,James Hayden,1985-04-14
7235,Aaron Gomez,1960-06-30
7236,Борис Глебович Никонов,1977-11-10
7237,Зимина Екатерина Алексеевна,1980-05-08
7238,Beth Brock,1985-07-13
7239,Sean Lee,1967-12-08
7240,Сергеев Ипат Виленович,1975-06-19
7241,Никита Алексеевич Беляев,1986-06-19
7242,Joseph Martinez,2002-07-10
7243,Tracy Arroyo,1996-10-31
7244,Парфен Ефремович Колобов,2001-01-13
7245,Christian Cox,1995-06-27
7246,Jennifer Ramos,1984-08-03
7247,Ковалева Варвара Захаровна,1974-05-19
7248,Eric Hoffman,1992-12-17
7249,Онуфрий Харламович Федоров,2003-08-17
7250,Юлия Робертовна Прохорова,1983-02-02
7251,Феврония Афанасьевна Колесникова,1982-03-23
7252,Демьян Викторович Абрамов,1968-05-26
7253,Надежда Аркадьевна Самсонова,1995-01-12
7254,Лукин Никодим Димитриевич,1973-07-04
7255,Август Ефремович Горбачев,1971-06-06
7256,Michael Park,1962-03-11
7257,Brent Bennett,1998-11-20
7258,Melissa Lee,2000-02-27
7259,John Dorsey,1971-01-30
7260,Аксенов Викентий Алексеевич,1968-12-23
7261,Thomas Bailey,1993-06-19
7262,Егоров Селиван Дмитриевич,1994-04-16
7263,Kristen Fischer,1966-12-10
7264,Heather Sanchez,1978-01-19
7265,Евдоким Эдуардович Владимиров,1960-03-13
7266,Heather Cameron,1972-12-27
7267,Чеслав Фокич Блинов,1989-04-06
7268,Justin Wilson,1991-04-30
7269,Волков Феоктист Вячеславович,1977-11-22
7270,Овчинникова Жанна Матвеевна,1987-09-03
7271,Jodi Miller,2002-05-04
7272,Елизавета Федоровна Тетерина,1995-07-18
7273,Анжелика Григорьевна Полякова,1989-04-01
7274,Anthony Curtis,1998-04-05
7275,Миронова Феврония Робертовна,1972-10-01
7276,Albert Adkins,1985-04-19
7277,Лев Яковлевич Гришин,1973-06-24
7278,Хохлова Вера Романовна,1969-02-26
7279,Matthew Harris,1985-10-15
7280,Зуев Силантий Зиновьевич,1966-10-31
7281,Samantha Brennan,1997-11-03
7282,Gregory Ferguson,1965-12-09
7283,Бобылев Устин Федосеевич,1987-06-29
7284,Brooke Koch,1988-11-27
7285,Юлия Андреевна Меркушева,1990-02-11
7286,Ковалева Акулина Натановна,1967-03-02
7287,Matthew Hernandez,1989-12-04
7288,Alexis Reynolds,1966-01-27
7289,Фролова Агата Кузьминична,1960-07-05
7290,Голубева Надежда Михайловна,2003-06-30
7291,Amanda Williams,1966-10-15
7292,Тихонов Станислав Валерианович,1968-03-11
7293,Ананий Адрианович Лобанов,1997-04-21
7294,Екатерина Кузьминична Игнатьева,1985-07-30
7295,Shannon Williams,1979-02-19
7296,Евсеев Демид Германович,2002-04-10
7297,David Green,1987-12-02
7298,Craig Leblanc,1985-01-22
7299,Nicole Saunders,1977-12-21
7300,Орест Германович Киселев,2002-01-23
7301,Kevin Mitchell,2003-10-25
7302,Emily Sherman,1984-06-15
7303,Michele Irwin,2003-11-30
7304,Stephanie Bell,1989-02-10
7305,Michael Spence,1976-08-06
7306,Анастасия Анатольевна Шестакова,1965-11-27
7307,Ivan Rice,1963-10-27
7308,Любовь Оскаровна Носкова,1976-05-07
7309,Кулагин Борислав Игнатович,2001-12-14
7310,Трифон Власович Беляков,1987-08-14
7311,Ульян Вилорович Денисов,1964-07-04
7312,Jose Nicholson,1979-04-26
7313,Alexa Herring,2003-11-17
7314,Сорокина Прасковья Романовна,1993-12-27
7315,Brittany Hall,2001-01-22
7316,Kristina Rice,2003-03-23
7317,Timothy Hopkins,1998-02-09
7318,Craig Garcia,1973-11-20
7319,Агафонов Захар Якубович,2002-02-19
7320,Полякова Анжела Харитоновна,1971-07-22
7321,Рогова Любовь Юльевна,1967-04-30
7322,Костина Пелагея Станиславовна,2003-04-05
7323,Карп Георгиевич Уваров,1968-09-16
7324,Максим Ильясович Белозеров,1987-10-02
7325,Субботин Леонтий Анисимович,1978-02-25
7326,Романов Ростислав Всеволодович,1962-04-29
7327,Алина Робертовна Суворова,1982-03-30
7328,Нинель Болеславовна Крылова,1967-08-10
7329,Колесников Назар Яковлевич,2003-07-17
7330,Миронов Лука Феоктистович,1970-02-15
7331,Самойлов Христофор Гурьевич,1993-12-25
7332,Jacqueline Brown,1989-10-01
7333,Глафира Яковлевна Селезнева,1962-01-07
7334,Дарья Валериевна Тетерина,1974-12-17
7335,Heather David,1993-05-20
7336,Brian Roberts,1986-10-22
7337,Michael Torres,1986-07-02
7338,Софон Валерьевич Горшков,1981-09-21
7339,Дроздов Андрон Бориславович,1980-08-13
7340,Новикова Раиса Яковлевна,1973-05-18
7341,Theresa Cooper,1996-05-08
7342,Жанна Эдуардовна Кириллова,1973-12-05
7343,Зинаида Даниловна Крюкова,1980-02-14
7344,Громова Антонина Эдуардовна,1987-04-25
7345,Тамара Васильевна Белякова,1972-02-25
7346,Русакова Феврония Оскаровна,1961-02-24
7347,Брагина Ксения Эльдаровна,2003-01-03
7348,Brian Wade,1998-11-05
7349,Евгения Захаровна Корнилова,1970-02-11
7350,Хохлов Венедикт Германович,1962-12-12
7351,Diana Booth,1999-09-10
7352,Смирнова Наина Ивановна,1997-07-17
7353,Артем Игнатьевич Никонов,1974-06-01
7354,Марфа Филипповна Якушева,1993-12-16
7355,Joshua Valdez,1995-04-11
7356,Зуева Раиса Ильинична,1961-07-12
7357,Ryan Sutton,1990-11-12
7358,Stephanie Butler,1995-01-16
7359,Julie Allen,1964-01-11
7360,Богданов Мечислав Евсеевич,1970-09-19
7361,Rachel Marquez,1967-06-20
7362,Michael Parker,1986-08-09
7363,Потап Феодосьевич Агафонов,1972-01-08
7364,Эрнест Давидович Белозеров,1968-08-21
7365,Michael Rollins,1961-08-29
7366,Joshua Green,1963-04-17
7367,Barbara Acevedo,1975-11-18
7368,Patricia Leonard,1975-06-12
7369,Валерия Юрьевна Зыкова,1993-04-13
7370,Оксана Святославовна Щукина,1993-01-15
7371,Nathan Lopez,1974-05-25
7372,Beth Martinez,1980-04-08
7373,Тихон Трофимович Куликов,1992-03-21
7374,Tiffany Richardson,1977-08-08
7375,Jose Miller,1971-03-01
7376,Jimmy Fuentes,1965-03-31
7377,Ricky Green,1962-02-07
7378,Alan Evans,1996-11-02
7379,Дьячков Макар Елизарович,1962-04-08
7380,Зыкова Феврония Кузьминична,1986-05-15
7381,г-н Веселов Ефрем Дорофеевич,1997-03-07
7382,Kristi Henderson,1992-02-26
7383,Пелагея Макаровна Агафонова,2000-01-18
7384,Гущин Рюрик Анисимович,1984-03-15
7385,Иванна Олеговна Беляева,1960-10-28
7386,Anthony Williams,1971-02-25
7387,Mr. Steven Brown PhD,1995-05-15
7388,Stephanie Shepherd,1966-09-17
7389,Надежда Анатольевна Кулагина,1996-01-29
7390,Eric Brooks,1990-07-19
7391,Селиверстов Милан Ермолаевич,1977-02-28
7392,Якушева Анастасия Алексеевна,1967-03-11
7393,Leah Walsh,1993-02-14
7394,Derek Hicks,1970-09-13
7395,Crystal Johns,2001-01-21
7396,Wanda Dixon,1984-11-17
7397,Максимова Маргарита Геннадиевна,2002-07-19
7398,Евпраксия Григорьевна Королева,2003-08-09
7399,David Holt,1960-12-10
7400,Allen Williams,1983-12-17
7401,Aaron Pearson,1966-10-19
7402,Еремей Ануфриевич Никонов,1967-01-23
7403,Paul Lopez,1975-02-27
7404,Фока Федосьевич Осипов,2000-06-05
7405,Данилова Евдокия Богдановна,1991-01-16
7406,Любовь Егоровна Шилова,1986-12-05
7407,Регина Кирилловна Блинова,1969-02-19
7408,Melissa Smith,1975-05-14
7409,Kathleen Williams,1965-12-05
7410,Хохлова Эмилия Федоровна,2001-10-30
7411,Акулина Кирилловна Богданова,1981-01-04
7412,Селезнева Кира Владимировна,1998-02-16
7413,Валентин Яковлевич Силин,2000-09-21
7414,Cheryl Baker,1962-05-25
7415,Tracy Wagner,1997-09-12
7416,Онуфрий Арсенович Константинов,1961-11-28
7417,Troy Stewart,2003-04-14
7418,Gabrielle Murphy,1981-08-30
7419,Kayla Myers,1961-11-28
7420,Shelly Gamble,1961-11-03
7421,Shaun Buckley,1992-02-07
7422,Веселова Алевтина Романовна,1991-05-15
7423,Holly Perkins,1984-04-05
7424,Lori Sullivan,1996-11-19
7425,James Walker,1999-09-24
7426,Jeremy Cisneros,1998-10-30
7427,Жанна Робертовна Фролова,1964-02-14
7428,Попов Ратмир Харлампович,1998-05-28
7429,Angela Lewis,1996-05-14
7430,Пелагея Львовна Носкова,1964-06-30
7431,Аркадий Федосеевич Дементьев,1984-02-04
7432,Осип Даниилович Блохин,1975-03-09
7433,Wesley Parker,1975-05-20
7434,Ольга Евгеньевна Копылова,1977-11-29
7435,Моисеев Никанор Брониславович,1989-07-09
7436,Ситникова Анна Рубеновна,1986-08-24
7437,Joseph Holder,1961-06-13
7438,Владимирова Галина Евгеньевна,1980-05-26
7439,Jeffrey Francis,1990-02-25
7440,Erica Willis,1966-08-01
7441,Раиса Егоровна Киселева,1970-02-17
7442,Angela Hopkins,1981-02-05
7443,Mitchell Rodriguez,1981-05-09
7444,Акулина Владиславовна Носкова,1972-03-24
7445,Матвеева Эмилия Макаровна,1972-06-29
7446,Нинель Филипповна Уварова,1992-08-01
7447,Steven Stephens,1995-06-08
7448,Дроздова Милица Матвеевна,1983-11-09
7449,Jill Davis,1990-06-15
7450,Robert Vega,2001-03-15
7451,Andrew Erickson,1968-10-27
7452,Рогова Мария Ниловна,1993-09-03
7453,Маслова Зинаида Петровна,1977-07-06
7454,Steven Hernandez,1996-11-28
7455,Michael Mccann,1975-03-16
7456,Lisa Todd,1985-11-11
7457,Рогов Аггей Тарасович,1999-04-24
7458,Melissa Fuller,1996-01-23
7459,Варвара Владиславовна Маслова,1978-04-23
7460,Зинаида Феликсовна Сысоева,1978-04-11
7461,Галкин Панкратий Богданович,1974-08-27
7462,Larry Lowe Jr.,1985-11-05
7463,Мефодий Богданович Никитин,1960-02-15
7464,Власов Леонтий Филимонович,2003-10-16
7465,Емельянова Валерия Борисовна,1993-08-07
7466,Панфил Феодосьевич Некрасов,1993-03-09
7467,Michelle Casey,1960-09-26
7468,Орехов Добромысл Елизарович,1981-10-22
7469,Brenda Maxwell,2000-09-10
7470,Ильин Никифор Давыдович,1969-09-10
7471,Cynthia Franklin,1983-03-10
7472,Доронин Епифан Борисович,1974-10-31
7473,Harold Nguyen,1962-04-29
7474,Николай Всеволодович Воронов,1961-11-11
7475,София Александровна Мартынова,1970-09-15
7476,Наина Григорьевна Родионова,1960-05-17
7477,Пелагея Афанасьевна Суворова,1965-10-18
7478,Melissa Duncan,1999-10-17
7479,Joseph Roberts,1989-01-08
7480,John Salazar,1971-12-06
7481,Teresa Alvarez,1987-12-26
7482,Janice Gordon,1965-05-31
7483,Гаврила Вячеславович Самсонов,1969-09-14
7484,Alexandria Ryan MD,1986-07-28
7485,Веселов Ферапонт Валерьянович,1967-05-25
7486,Куликов Милий Марсович,1993-03-24
7487,Любовь Константиновна Беляева,1961-04-17
7488,Суханова Ирина Леоновна,1966-01-25
7489,Дементьева Синклитикия Тарасовна,1971-10-07
7490,Виноградова Василиса Феликсовна,1990-11-20
7491,Евдокия Николаевна Мясникова,2002-04-16
7492,Шубина Людмила Романовна,1976-08-22
7493,Mark Tyler,1991-03-24
7494,Brenda Deleon,1970-05-17
7495,Meghan Jones,1985-10-08
7496,Janice Garcia,1968-05-16
7497,Kenneth Fuentes,1961-11-13
7498,Фока Юлианович Соболев,1992-02-22
7499,Penny Mcdonald,1961-12-05
7500,Носкова Виктория Николаевна,2003-05-18
7501,Радован Геннадиевич Горбачев,2001-02-21
7502,Sara Hawkins,1982-02-11
7503,James Morgan,1989-09-04
7504,Зиновьева Елизавета Яковлевна,1996-05-23
7505,г-н Шарапов Евграф Филимонович,1988-04-07
7506,Tyler Alvarez,1966-02-23
7507,Терентий Германович Красильников,1972-10-27
7508,Kathleen Irwin,2003-03-07
7509,Kaitlyn Beltran,1991-02-09
7510,Лебедев Михей Жанович,1974-10-10
7511,Анна Тарасовна Власова,1964-01-23
7512,Соболева Таисия Геннадьевна,1960-09-23
7513,April Ross,1965-06-01
7514,Lauren Thomas,1986-09-13
7515,Виноградов Амос Архипович,1988-03-23
7516,г-жа Воронцова Ксения Ниловна,1969-06-24
7517,Харлампий Тихонович Наумов,1997-08-19
7518,Anthony Rodriguez,1994-03-09
7519,Пров Феодосьевич Смирнов,2003-12-23
7520,Кирилл Феодосьевич Стрелков,1998-11-21
7521,Людмила Геннадьевна Нестерова,1995-08-17
7522,Stefanie Kennedy,1966-09-13
7523,Епифан Виленович Исаков,1987-08-28
7524,Моисей Ефимович Самойлов,1974-02-15
7525,Jessica Harris,1977-01-15
7526,Пестова Анжела Вадимовна,2003-06-28
7527,Mike Cabrera,1964-08-07
7528,Rachel Schmidt,1997-09-11
7529,Субботина Алевтина Львовна,1984-04-20
7530,Чернова Милица Григорьевна,1980-01-30
7531,Мария Федоровна Русакова,1980-02-19
7532,Laura Palmer,1966-12-02
7533,Matthew Morgan,2000-06-14
7534,Christopher Cruz,1960-09-19
7535,Марина Геннадьевна Соколова,1975-11-06
7536,Roger Meyers,1962-10-27
7537,Журавлев Якуб Вилорович,1976-05-18
7538,Молчанова Зоя Ивановна,1976-10-18
7539,Kurt Diaz,1990-07-17
7540,Раиса Вячеславовна Исаева,1979-10-16
7541,Маслова Людмила Леоновна,1992-07-23
7542,Cindy Blackburn,1964-01-17
7543,Соколова Валерия Викторовна,1996-04-15
7544,Афанасий Августович Дьячков,1978-12-26
7545,Тетерина Маргарита Вячеславовна,1983-08-15
7546,Людмила Юрьевна Воронова,1962-10-10
7547,Фрол Феофанович Корнилов,1968-01-15
7548,Элеонора Юрьевна Титова,1963-05-14
7549,Милица Федоровна Котова,1986-07-01
7550,Абрамова Иванна Ивановна,1979-11-04
7551,Zoe Alvarado,1962-07-16
7552,Michael Scott,2003-06-14
7553,Елена Тимофеевна Савина,1993-06-07
7554,Исаева Алевтина Львовна,1964-05-09
7555,Margaret Smith,1974-05-07
7556,Ashley Mckinney,2001-03-04
7557,Оксана Феликсовна Данилова,1962-06-10
7558,Элеонора Игоревна Кузнецова,1980-08-23
7559,Виноградов Авксентий Гордеевич,2001-11-16
7560,Morgan Kim,1994-01-08
7561,Daniel Roman,1983-07-15
7562,Sean Brooks,1983-11-04
7563,Элеонора Натановна Маслова,2003-04-06
7564,Cameron Morgan,1973-06-21
7565,Kyle Rocha,1978-02-24
7566,Robert Hunter,1979-04-10
7567,Архипов Фирс Феликсович,1999-09-15
7568,Ипполит Юлианович Комиссаров,1970-07-18
7569,Ульян Эдуардович Михайлов,1974-06-16
7570,Eric Hill,1982-03-14
7571,Исаева Синклитикия Эдуардовна,1990-01-29
7572,David Thompson,1977-10-05
7573,Stephen Carrillo,1960-04-23
7574,Чеслав Исидорович Дорофеев,1981-01-09
7575,Фадеева Александра Эдуардовна,1968-05-01
7576,Nicole Raymond,1993-06-19
7577,Mary Brown,1998-01-07
7578,Богданов Сергей Гертрудович,1992-10-16
7579,Максимова Полина Ильинична,1971-11-26
7580,Родионов Ефим Филиппович,1960-04-07
7581,Amanda Eaton,1964-06-30
7582,Brian Hammond,1967-05-10
7583,Игнатьев Руслан Арсеньевич,1976-02-22
7584,Власов Гурий Игнатович,1970-11-07
7585,Трофим Дорофеевич Орлов,1998-02-21
7586,Amy Bennett,1990-12-17
7587,Kristen Johnson,1991-05-03
7588,Данилов Гремислав Фокич,1995-04-07
7589,Jordan Sherman,1969-06-08
7590,Henry Henderson,1998-08-09
7591,Лебедева Вероника Валентиновна,1971-08-15
7592,Фокин Фома Абрамович,1998-12-17
7593,Christine Campbell,1965-12-25
7594,Самсонова Ия Матвеевна,1994-03-25
7595,Боян Демьянович Мельников,1977-09-16
7596,Kyle Martin,2000-03-07
7597,Christopher Hardin,1976-11-13
7598,Teresa Yoder,1986-08-19
7599,Linda Miller,1971-08-02
7600,Потапова Нина Аркадьевна,1981-03-27
7601,Kristi Mcclain,1987-11-25
7602,Curtis Johnston,1967-02-25
7603,Нестеров Богдан Якубович,1983-12-30
7604,Natasha Goodman,1989-03-26
7605,Эмилия Натановна Лазарева,1966-02-17
7606,Беляков Филарет Изотович,1968-03-06
7607,Роман Евсеевич Лихачев,1964-03-18
7608,Шестаков Кондратий Демидович,1960-01-03
7609,Рогова Полина Егоровна,1987-09-02
7610,Шарова Анжела Антоновна,1994-02-21
7611,Veronica White,1983-02-27
7612,Егоров Мартын Эдуардович,1966-03-15
7613,Арефий Афанасьевич Харитонов,1973-04-26
7614,Ферапонт Матвеевич Лапин,1963-03-02
7615,Andrea Taylor,1983-07-25
7616,Шарапов Боян Измаилович,1987-04-12
7617,Селиверстов Тимур Демидович,1990-03-04
7618,Александра Аскольдовна Пономарева,1996-10-10
7619,Фёкла Григорьевна Константинова,1963-10-09
7620,Василиса Викторовна Наумова,1972-01-20
7621,Mckenzie Wolf,1965-09-09
7622,Gary Jones,1962-08-01
7623,Taylor Morales,1979-11-07
7624,Кириллова Надежда Евгеньевна,1985-06-30
7625,Kaitlyn West,1987-12-01
7626,Евстафий Арсеньевич Михеев,1984-09-20
7627,Heather Scott,1965-07-29
7628,Кудряшова Евгения Мироновна,1992-02-23
7629,Brittany Sutton,1995-05-17
7630,Фока Филиппович Антонов,1971-01-11
7631,Клавдия Петровна Степанова,1966-12-10
7632,Тарас Викторович Казаков,1994-01-07
7633,Игнатов Парфен Егорович,1988-01-20
7634,Carlos Flynn,1966-10-02
7635,Mr. Timothy House,1982-02-07
7636,Макарова Алина Эдуардовна,1980-12-10
7637,Милен Денисович Горшков,2002-02-17
7638,Гордеева Василиса Никифоровна,1999-10-10
7639,Jill Bernard,1991-05-24
7640,John Davis,2002-11-01
7641,Савелий Исидорович Хохлов,2001-08-26
7642,Октябрина Максимовна Воронцова,1981-06-12
7643,Вера Александровна Иванова,1996-01-02
7644,Полина Валентиновна Артемьева,1969-04-19
7645,Deborah Rodgers,1962-05-07
7646,Семенов Ратмир Давидович,1995-10-11
7647,Екатерина Феликсовна Бурова,1987-07-23
7648,Агата Эльдаровна Быкова,1987-12-27
7649,Thomas Ponce,1973-08-24
7650,Юдин Гремислав Ермилович,1972-11-26
7651,Сергей Феликсович Силин,1996-12-18
7652,Филимон Елизарович Никифоров,1981-03-19
7653,Laurie Lloyd,1973-05-06
7654,Joseph Hood,1965-12-07
7655,Kathryn Coleman,1972-02-14
7656,Блохин Андрон Якубович,1989-01-24
7657,Misty Lang,1981-03-24
7658,Danny Collins DVM,1976-06-15
7659,Suzanne Gross,1979-03-14
7660,Елизавета Степановна Доронина,1966-03-06
7661,Панфилова Александра Антоновна,2001-07-15
7662,Полина Рудольфовна Петухова,2001-07-14
7663,Воробьев Святослав Ярославович,1967-03-04
7664,Соломон Иосифович Зайцев,1961-10-17
7665,Зоя Богдановна Боброва,1978-02-27
7666,Сидор Викентьевич Воробьев,1982-10-20
7667,Blake Harris,1976-01-03
7668,Ethan Jackson,1995-08-11
7669,Jack Morgan,1978-02-06
7670,Andrea Lynch,1995-09-06
7671,Харитонова Ульяна Артемовна,1978-06-19
7672,Alan Evans,1972-09-06
7673,Amanda Anderson,1971-12-27
7674,Синклитикия Матвеевна Антонова,1981-10-14
7675,Dr. Carolyn Garcia,1969-05-15
7676,Вацлав Филимонович Шилов,2001-07-04
7677,Нина Ждановна Родионова,1986-05-02
7678,Ashley Pratt,1985-08-07
7679,Brandon Williams DDS,1993-07-30
7680,Rhonda Navarro,1984-04-18
7681,Christopher Hughes,1997-10-10
7682,Gregory Freeman,1995-06-02
7683,тов. Новикова Регина Кирилловна,1986-11-09
7684,Mandy Steele,1982-09-13
7685,Мария Филипповна Белоусова,1986-06-07
7686,Raymond Pennington,1999-11-13
7687,Демьян Денисович Воробьев,1974-01-24
7688,Творимир Ефимьевич Виноградов,1972-08-26
7689,Alicia Fernandez,1995-11-27
7690,Theresa Hill,1966-05-30
7691,Melissa Richards,1994-10-07
7692,Paul Brooks,1973-04-21
7693,Корнилова Наталья Юрьевна,1965-11-29
7694,Brandi Chen,2003-10-02
7695,Elizabeth Torres,2000-01-24
7696,Ананий Гурьевич Богданов,1965-11-12
7697,Дроздова Акулина Тарасовна,1992-03-26
7698,Jason Craig,1991-07-29
7699,Rebecca Ferguson,1983-12-09
7700,Amy Nelson,1963-05-07
7701,Sheila Smith,2000-10-30
7702,г-жа Гусева Василиса Геннадьевна,1987-08-18
7703,Лучезар Иосифович Вишняков,2001-11-03
7704,Афиноген Ефимьевич Корнилов,1971-04-13
7705,Василиса Ивановна Иванова,1991-05-23
7706,Жанна Игоревна Калашникова,1990-09-23
7707,Казимир Бориславович Силин,1993-04-02
7708,Rachel Johnson,2001-03-26
7709,Jason Lucero,1966-03-02
7710,Terry Montes,1996-08-18
7711,Gary Schaefer,1983-10-27
7712,Amy Smith,1973-08-23
7713,Lisa Dunn,1973-06-19
7714,Жукова Ольга Тимуровна,1999-11-25
7715,Patricia Hodges,1967-04-01
7716,Милован Вячеславович Александров,1992-01-29
7717,Данилов Велимир Фадеевич,1982-08-10
7718,Kristen Davis,1962-11-18
7719,David Mathews,1994-09-25
7720,Kimberly Gregory,1966-05-04
7721,Jonathan Crawford,1965-10-10
7722,Нинель Захаровна Рыбакова,1983-08-03
7723,Rodney Riley,1989-02-09
7724,Ия Станиславовна Хохлова,1974-10-17
7725,Daniel Lee,2003-08-16
7726,Danielle Hill,1963-01-09
7727,Колобова Елизавета Леоновна,1962-03-21
7728,Шилова Вероника Ивановна,1963-06-16
7729,Carly Rose,1968-12-19
7730,Jesus Hernandez,1971-06-16
7731,Mr. Matthew Jones,1976-08-07
7732,Элеонора Леонидовна Красильникова,1980-12-21
7733,Megan Travis,1985-10-16
7734,Jennifer Price,2003-08-15
7735,Richard Carroll,1972-02-27
7736,Трифон Евстигнеевич Князев,1993-10-11
7737,James Carson,1983-02-11
7738,Фомичев Симон Евсеевич,1979-11-28
7739,Mike Ruiz,1985-06-13
7740,Rebecca Greene,1977-05-08
7741,Поляков Конон Юльевич,1990-06-04
7742,Keith Kelley,2003-07-23
7743,Ларионов Януарий Бориславович,1987-11-07
7744,Jonathan Todd,1979-12-14
7745,Тамара Валериевна Мясникова,1977-09-19
7746,Maria Prince,1962-04-10
7747,Eric Harvey,1962-08-30
7748,Russell Andersen,1966-04-24
7749,Давыдова Ольга Кузьминична,1977-03-26
7750,Гущина Майя Владимировна,1960-05-01
7751,Белова Милица Филипповна,1974-06-22
7752,Алевтина Натановна Дьячкова,1974-04-17
7753,Megan Miranda,1990-09-12
7754,Brian Rios,2002-08-30
7755,Блохина Таисия Егоровна,1982-05-24
7756,Michael Rodriguez,1983-06-13
7757,Debbie Santiago,1974-06-19
7758,Поляков Касьян Аксёнович,1994-01-11
7759,Щукина Мария Афанасьевна,1982-02-20
7760,Анжелика Борисовна Князева,2003-05-02
7761,Нонна Юрьевна Дорофеева,1981-02-03
7762,Марфа Викторовна Пахомова,1960-04-03
7763,Вероника Станиславовна Доронина,1977-05-02
7764,Susan Wright,1975-02-21
7765,Samantha White,1996-04-20
7766,Самуил Измаилович Суворов,1983-10-26
7767,Jason Ruiz,1973-01-22
7768,Amy Hanson,1976-01-12
7769,Миронова Агата Михайловна,1977-02-28
7770,Воробьева Ия Валериевна,1974-08-01
7771,Хохлова Александра Анатольевна,1967-11-09
7772,Trevor Taylor,1998-08-25
7773,Гордеев Мирослав Иосифович,1963-01-30
7774,Carol Collins,1986-05-29
7775,David Moore,2001-11-06
7776,Кондратьев Марк Ермолаевич,1966-06-12
7777,Dave Collier,1997-05-16
7778,Никонова Антонина Антоновна,1983-09-28
7779,Петров Мартьян Матвеевич,1983-12-21
7780,Sophia Villanueva,1960-10-05
7781,Riley Wilkinson,1970-06-20
7782,Lisa Wheeler,1996-10-22
7783,Панкрат Ильич Шаров,1961-11-17
7784,Julie Reynolds,1980-04-20
7785,Таисия Владиславовна Смирнова,1970-12-30
7786,Кира Аскольдовна Овчинникова,1962-01-16
7787,Bridget Gomez PhD,1973-05-19
7788,Gabriel Rodriguez,1972-01-05
7789,Лукина Евдокия Альбертовна,1969-07-08
7790,Gene Ellis,1978-06-12
7791,Геннадий Филатович Комаров,1962-01-10
7792,Christina Diaz,1974-12-05
7793,Ebony Phillips,1984-03-31
7794,Abigail King,1983-12-26
7795,Овчинников Сила Фадеевич,1987-04-22
7796,Thomas Caldwell,1972-06-20
7797,Grace Castillo,1969-07-15
7798,Ираклий Фролович Буров,1985-12-11
7799,Ковалев Кондратий Вилорович,1994-07-19
7800,Анжелика Болеславовна Орехова,1962-12-20
7801,Jennifer Pope,1981-05-02
7802,Ronald Martin,1998-12-08
7803,Louis Dodson,1996-11-02
7804,Matthew Cox,1999-05-15
7805,Потап Валерианович Селиверстов,1997-09-17
7806,Лора Кирилловна Тимофеева,1966-11-09
7807,Mary Barton,1964-11-29
7808,Яковлев Иннокентий Васильевич,1977-06-17
7809,Ross Herrera,1983-08-16
7810,Марфа Болеславовна Александрова,1974-04-03
7811,Nichole Sullivan,1980-10-24
7812,Кудряшов Эммануил Артемьевич,1993-10-19
7813,Maria Washington,1993-09-21
7814,Maureen Ford,1973-06-02
7815,Kimberly Price,2003-09-04
7816,Olivia Dillon,1985-09-14
7817,Глафира Дмитриевна Михайлова,1988-09-19
7818,Matthew Holmes,1969-12-28
7819,Michael Castro,1990-05-12
7820,Алина Степановна Лапина,1975-02-08
7821,Oscar Campbell,1988-03-02
7822,Nathan Williams,1962-01-09
7823,Чернов Гостомысл Евсеевич,1979-05-22
7824,Мстислав Харлампович Русаков,1992-03-04
7825,Jeffrey Bell,1972-02-15
7826,Владлен Венедиктович Комиссаров,1999-02-10
7827,Jason Ramirez,1961-12-26
7828,Elizabeth Ward,2003-06-27
7829,Надежда Николаевна Евсеева,2000-11-17
7830,Michelle Ferrell,2003-09-25
7831,Brian Johnson,1974-11-24
7832,Joe Simpson,1987-05-21
7833,Ronnie Owens,1960-10-14
7834,Анатолий Арсеньевич Самойлов,1997-11-16
7835,Кириллова Екатерина Кузьминична,1961-10-31
7836,тов. Блинов Викентий Григорьевич,1985-04-11
7837,Rebecca Alvarez,1989-10-30
7838,Карпов Евстафий Матвеевич,1972-10-24
7839,Donna Smith,1980-08-24
7840,Доронина Анжела Владиславовна,1976-05-21
7841,Anthony Hernandez,1965-02-05
7842,Wendy Morgan,1962-12-28
7843,Donna Smith,1979-01-30
7844,Sara Taylor,2000-10-10
7845,Michael Green,1992-05-15
7846,Авдеева Ираида Георгиевна,1960-03-01
7847,Tina Smith,1993-11-06
7848,Johnny Atkins,1997-08-21
7849,Gregory Gonzalez,1995-04-16
7850,Patricia Obrien,1999-03-13
7851,Варвара Мироновна Гришина,1983-01-26
7852,Kevin Wilcox,1972-05-26
7853,Артемьев Петр Елизарович,1978-11-07
7854,Наум Федотович Шилов,1989-01-03
7855,Eric Webb,1967-07-20
7856,Edward Gallagher,1979-04-05
7857,Фролов Стоян Афанасьевич,1988-11-01
7858,Любомир Фокич Карпов,1984-08-10
7859,Князева Варвара Архиповна,1987-12-07
7860,Denise Williams,1967-06-08
7861,Анисимов Изяслав Аксёнович,1997-08-14
7862,Виктор Георгиевич Беспалов,2001-08-18
7863,Tammie Riley,1964-06-04
7864,Kimberly Frazier,1979-11-22
7865,Людмила Степановна Сазонова,1960-02-10
7866,Терентьев Никанор Бенедиктович,1968-02-26
7867,Jerry Roberts,1969-08-01
7868,Brandon Ayers,1988-10-22
7869,Sabrina Gonzales,1963-11-17
7870,Кира Святославовна Ширяева,1996-06-03
7871,Sarah Gray,2000-01-30
7872,Dave Young Jr.,1964-01-19
7873,Ирина Львовна Миронова,1982-06-16
7874,Белоусов Артемий Харитонович,1994-12-10
7875,Зинаида Максимовна Никитина,1977-02-10
7876,Sara York,1996-11-09
7877,Соболев Вацлав Харлампович,1974-01-05
7878,Ларионов Мирослав Бориславович,1984-08-12
7879,Rachel Reed,1961-01-18
7880,Marilyn Davis,2001-08-14
7881,Князев Мина Данилович,1965-12-27
7882,Агафья Геннадьевна Симонова,1966-06-24
7883,Карл Ермолаевич Копылов,1981-04-02
7884,Веселова Полина Семеновна,1988-01-08
7885,Kimberly Smith,1985-12-25
7886,Святополк Артёмович Антонов,1966-10-18
7887,Julie Alvarado,1970-03-24
7888,Блинов Станимир Филиппович,1997-02-13
7889,Thomas Miller,1961-08-11
7890,Sarah Jordan,1995-09-25
7891,Mary Stark,1979-03-21
7892,Белозеров Феоктист Игоревич,1972-03-26
7893,Caitlin Mckee,1992-01-18
7894,Kristina Anderson,1988-08-10
7895,Герасимова Виктория Аркадьевна,1990-02-07
7896,Mark Willis,1972-08-01
7897,Craig Newton,1980-01-13
7898,Samuel Ramos,1991-07-19
7899,г-н Гусев Юлий Феликсович,1988-02-17
7900,Kelly Morales,1978-11-15
7901,Христофор Устинович Игнатьев,1974-01-29
7902,Рябов Иннокентий Марсович,1983-07-17
7903,Наумова Евдокия Захаровна,1996-09-19
7904,Stephanie Allen,1984-06-06
7905,Jermaine Morgan,1990-10-01
7906,Маргарита Оскаровна Хохлова,1980-04-17
7907,Christopher Scott,1980-10-04
7908,Kelsey Carter,1975-10-28
7909,William Mack,1974-05-16
7910,Пономарева Таисия Тимуровна,1962-08-09
7911,Michael Murray,1973-07-27
7912,Архипова Галина Богдановна,1987-04-19
7913,Amanda Wilcox,1988-02-18
7914,Еремей Георгиевич Мишин,1978-03-02
7915,Erika Moran,1969-06-04
7916,Craig Holmes,1984-09-10
7917,Lori Kelly,1978-06-09
7918,Полякова Кира Станиславовна,1961-01-09
7919,Elizabeth Sampson,2003-01-15
7920,Моисеева Галина Вячеславовна,1981-06-26
7921,Киселева Агафья Владимировна,1966-10-08
7922,Маркова Ульяна Никифоровна,1977-11-26
7923,Jason Gonzalez,1968-02-03
7924,Романов Петр Гордеевич,1988-05-01
7925,Cheryl Maxwell,1987-01-12
7926,Мечислав Игнатьевич Поляков,1998-02-11
7927,Александра Леонидовна Мамонтова,1963-12-16
7928,Cristian Olson,1996-03-18
7929,Mitchell Delacruz MD,1966-12-09
7930,Jessica Bishop,1989-01-09
7931,Daniel Carter,1983-06-17
7932,Jessica Mendoza,1998-01-03
7933,Abigail Mercer,1994-03-14
7934,Фомичев Автоном Владиленович,1994-05-28
7935,Михей Брониславович Сорокин,1996-04-06
7936,Петрова Ольга Максимовна,1997-02-13
7937,Валентина Александровна Никонова,2001-01-23
7938,Дарья Максимовна Рябова,1992-01-31
7939,Michelle Reynolds,2003-04-27
7940,Jason Gill,1999-03-01
7941,Нестор Игоревич Шашков,1980-05-24
7942,Thomas Green,1969-11-04
7943,Мирослав Юльевич Афанасьев,1966-08-01
7944,Katherine Morris,1966-06-16
7945,Никитина Екатерина Робертовна,1987-03-20
7946,Mrs. Morgan Bell,1970-01-16
7947,Ипат Юльевич Журавлев,1991-09-09
7948,Alexander Ward,2001-09-14
7949,Kelly Howe,1989-08-31
7950,Лобанов Поликарп Терентьевич,2000-06-19
7951,Авдей Владленович Сергеев,1962-01-27
7952,Кудряшова Татьяна Рубеновна,1974-03-08
7953,Евдоким Эдгардович Одинцов,1982-01-06
7954,Фролова Раиса Афанасьевна,1982-12-03
7955,Wayne Atkins,1998-09-05
7956,Karen Stein,1992-09-22
7957,Jacob Bishop,2003-09-16
7958,Марина Георгиевна Муравьева,1975-11-23
7959,Jenny Johnson,1960-08-05
7960,Megan Carr,1979-11-02
7961,Леонид Тарасович Кошелев,1964-07-21
7962,Philip Buckley,1997-09-03
7963,April Walker,2000-04-25
7964,Roger Perez,1964-06-28
7965,Наина Оскаровна Давыдова,1975-04-06
7966,Kimberly King,1990-07-25
7967,Anne Hall,1974-04-11
7968,Савин Севастьян Герасимович,2000-08-06
7969,Екатерина Тимуровна Кузьмина,1965-09-11
7970,Richard Johnson,1983-07-17
7971,Горшков Стоян Ефимович,1987-01-26
7972,David Richardson,1993-02-26
7973,Горбачева Татьяна Евгеньевна,1972-04-13
7974,Victoria Spence,1972-07-26
7975,Исидор Феликсович Титов,1973-12-16
7976,Корнил Харитонович Михайлов,1982-11-02
7977,James Bentley,1964-09-10
7978,Phillip Jackson,1973-12-19
7979,Регина Ниловна Костина,1999-10-28
7980,Антонина Руслановна Зыкова,1962-04-22
7981,John King,1991-06-21
7982,Шарапова Зинаида Мироновна,1966-11-01
7983,Phillip Ferguson,2003-11-10
7984,Megan Mitchell,1974-06-23
7985,Sean Young,1968-11-25
7986,Лукия Валентиновна Калашникова,1979-11-30
7987,Муравьева Полина Егоровна,1988-02-28
7988,Teresa Juarez,1996-09-28
7989,Kyle Berg,1983-12-12
7990,Connor Kelley,1993-05-11
7991,Порфирий Анатольевич Кузьмин,1988-08-28
7992,Синклитикия Романовна Калинина,1999-02-23
7993,Жанна Рубеновна Комиссарова,1980-01-09
7994,Abigail Martinez,1999-03-11
7995,Sarah Mcfarland,1970-05-31
7996,Ronnie Molina,1973-07-28
7997,Michael Roberts,1988-02-24
7998,Ирина Геннадьевна Николаева,1979-02-15
7999,Kevin Williams,1971-10-25
8000,Панкратий Харитонович Трофимов,1981-03-21
8001,George Guerra,1973-02-28
8002,Симон Бориславович Карпов,1994-02-23
8003,Mr. Stephen Richardson MD,1996-10-03
8004,Michelle Benson,1992-07-19
8005,Marc Johnson,2002-10-13
8006,Любовь Федоровна Ефремова,1960-12-20
8007,Копылов Илья Игнатович,1969-10-10
8008,Marcia Barry,1987-07-03
8009,Чеслав Венедиктович Фадеев,1969-10-22
8010,Danielle Rodriguez,1982-09-12
8011,Kevin David,1998-12-18
8012,г-н Баранов Никодим Тимурович,1986-02-13
8013,Colleen Acosta,1976-06-02
8014,Лукин Анисим Игнатьевич,2001-02-18
8015,Никита Гурьевич Захаров,2000-10-26
8016,Ana Morales,1966-08-10
8017,Denise Campbell,1970-06-23
8018,Жанна Львовна Орехова,1977-08-26
8019,Paul Johnson,1994-09-20
8020,Juan Stewart,1991-11-17
8021,Глафира Рудольфовна Степанова,1985-05-04
8022,Jonathan Burnett,1974-11-13
8023,Mark Evans,2001-05-07
8024,Patrick Jimenez,1973-08-25
8025,Jennifer Ward,1996-11-08
8026,Мясникова Таисия Эльдаровна,1967-11-08
8027,Клавдия Вадимовна Дементьева,1976-11-10
8028,Thomas Weber,1993-01-11
8029,Юлий Бориславович Кудряшов,1984-09-02
8030,Валентин Эдгардович Шестаков,1993-02-21
8031,Дорофеев Натан Фролович,1971-02-06
8032,Brittany Brown,1995-10-03
8033,Волкова Лукия Эльдаровна,2002-06-20
8034,Лихачева Ираида Тимуровна,1969-04-19
8035,Януарий Бориславович Прохоров,1995-08-25
8036,Полина Архиповна Потапова,1981-02-14
8037,Linda Collins,1977-06-09
8038,Доронин Лазарь Адрианович,1965-06-27
8039,Сысоев Валерий Витальевич,1988-05-10
8040,Alexander Hoffman,1984-06-08
8041,Потап Евстигнеевич Емельянов,1963-09-10
8042,Deborah Weeks,1981-11-05
8043,Севастьян Валерьевич Ершов,2001-10-20
8044,Sandra Frederick,1987-05-09
8045,Брагина Раиса Максимовна,1962-11-08
8046,Александра Натановна Мясникова,1975-02-07
8047,Мамонтова Тамара Артемовна,1967-04-01
8048,Kristy Whitehead,1963-06-14
8049,Gregory Hogan,1964-03-20
8050,Кондратий Жоресович Власов,1984-10-01
8051,Белоусова Виктория Альбертовна,1997-06-01
8052,Jocelyn Thompson,1999-12-24
8053,Dr. Zachary Johnson,1970-03-23
8054,James Bennett PhD,1973-06-13
8055,Aaron Ortiz,1989-12-12
8056,Порфирий Демьянович Жуков,1991-05-11
8057,Diane Robbins,1991-08-20
8058,Allison Reese,1996-08-29
8059,Lance Robbins,1991-02-17
8060,Януарий Аксёнович Казаков,1980-03-04
8061,Аскольд Демидович Наумов,1993-01-04
8062,Amanda Day,1986-07-13
8063,Janice Davis,1998-07-20
8064,Иларион Евсеевич Медведев,1978-03-03
8065,Ольга Богдановна Кононова,1988-07-27
8066,John Barton,2003-07-24
8067,Лора Николаевна Самойлова,2001-11-27
8068,Давыдова Агата Леонидовна,1966-10-19
8069,Дементьев Серафим Федосеевич,1998-04-02
8070,Anthony Kennedy,2003-06-24
8071,David Bautista,1961-04-29
8072,Roberta Downs,1988-12-19
8073,Jack Gomez,1991-09-19
8074,Chelsey Gallegos,1965-03-24
8075,Angela Daniel,1968-06-17
8076,Доброслав Данилович Лукин,1980-04-17
8077,Логинова Глафира Рудольфовна,1986-11-26
8078,James Martin,1978-08-21
8079,Викторин Фадеевич Лыткин,2002-09-23
8080,Кулагин Нифонт Георгиевич,1966-04-05
8081,Cheryl Wilson,1993-06-28
8082,Пахомова Лидия Владиславовна,1970-10-15
8083,Белозеров Болеслав Демьянович,1996-05-23
8084,Kimberly Moran,1961-06-09
8085,Гурьева Наина Оскаровна,1998-01-31
8086,Cheryl Carson,1965-12-29
8087,Mr. Marcus Greer MD,2003-11-28
8088,Силин Селиван Ефстафьевич,1987-07-13
8089,Linda Anderson,1961-10-11
8090,Наина Викторовна Прохорова,1969-05-13
8091,Adam Hutchinson,2003-08-07
8092,Горшков Богдан Дорофеевич,1969-11-25
8093,Robert Dyer,1981-11-25
8094,Белякова Регина Дмитриевна,1993-03-18
8095,Гремислав Валентинович Мамонтов,1981-04-11
8096,Brianna Carter,1987-07-22
8097,Нинель Филипповна Доронина,1966-09-19
8098,David Scott,1972-05-20
8099,Ana Mccullough,1965-05-24
8100,Жукова Милица Матвеевна,1961-03-16
8101,Kelsey Robles,1969-06-23
8102,Евфросиния Кузьминична Бобылева,1998-07-03
8103,Александра Васильевна Симонова,1980-07-16
8104,Елена Вячеславовна Калинина,1977-09-27
8105,Michael Hayes MD,1979-06-25
8106,Jason Davis,1966-04-14
8107,Jeffery Hunt,1976-11-27
8108,Anthony Fleming,1964-12-07
8109,Brandon Jordan,1971-01-18
8110,Агафонова Нонна Вениаминовна,1965-10-02
8111,Екатерина Николаевна Емельянова,1962-12-25
8112,Caleb Waters,1995-02-03
8113,Alexis Martin,1992-12-21
8114,Benjamin Stewart,1977-02-08
8115,Jessica Baker,1988-06-04
8116,Филатова Антонина Матвеевна,1986-02-19
8117,Katelyn Beasley,1988-09-05
8118,Кузьмина Октябрина Руслановна,1990-09-28
8119,Нестерова Регина Филипповна,1998-03-01
8120,Lisa Miller,1996-06-02
8121,Андрей Харлампович Кириллов,1987-04-08
8122,Чернова Мария Васильевна,1969-09-14
8123,Suzanne Brown,2003-06-15
8124,Pamela Boyer,1996-07-12
8125,Vickie Estrada,1960-02-10
8126,Adam Payne,1993-04-29
8127,Jeffrey Baker,1975-05-26
8128,Агафонов Борислав Егорович,1992-05-21
8129,Madison Strong,1997-04-23
8130,Jasmine Singh,2003-06-12
8131,Герасим Фролович Субботин,1972-12-10
8132,Vincent Morton DDS,1971-06-23
8133,Benjamin Murphy,1977-11-29
8134,Михайлова Клавдия Григорьевна,1968-02-06
8135,Jonathon Miller II,1984-01-15
8136,Сафонова Наина Даниловна,1960-01-14
8137,Сергеев Виссарион Богданович,1993-11-13
8138,Иван Терентьевич Никифоров,1970-06-21
8139,Владислав Ефстафьевич Тимофеев,2001-07-01
8140,Гущина Варвара Кирилловна,1976-12-14
8141,Haley Reed,1991-03-18
8142,Ия Вячеславовна Никифорова,1990-10-19
8143,Рогова Дарья Архиповна,1986-01-10
8144,Jessica Mcdonald,1966-09-04
8145,Воробьева Виктория Анатольевна,1965-02-18
8146,Зыков Валерьян Иларионович,1995-01-23
8147,Dennis Kelley,1983-08-05
8148,Gregory Oconnell,1986-06-13
8149,Pamela Harper,1969-08-01
8150,Василиса Игоревна Ситникова,1999-03-30
8151,Ronnie Harris,1972-12-26
8152,Пахомова Нонна Кузьминична,1974-06-15
8153,Светлана Рудольфовна Фадеева,1979-10-10
8154,Веселова Анжела Петровна,1979-07-14
8155,Фомичева Иванна Тарасовна,1983-01-18
8156,Лидия Наумовна Гришина,1991-04-30
8157,Phillip Day,1976-10-10
8158,Joseph Roberson,1962-09-06
8159,Влас Арсенович Мишин,1991-04-02
8160,James Wallace,2003-04-16
8161,Ильин Евлампий Архипович,1973-12-30
8162,Панфилов Аполлон Якубович,1963-10-13
8163,Ильин Радим Дорофеевич,2002-02-02
8164,Ираида Львовна Сидорова,1970-04-07
8165,Лаврентий Демьянович Виноградов,1983-12-29
8166,Андреев Феофан Арсеньевич,1988-04-26
8167,Мамонтова Зоя Рудольфовна,1995-11-23
8168,Пимен Устинович Марков,1995-10-25
8169,Edwin Marks,1984-08-13
8170,Фёкла Петровна Белова,1962-01-12
8171,Carol Johnson,1978-03-08
8172,Robert Riley,1974-05-11
8173,Пахомов Всеслав Афанасьевич,1965-10-12
8174,Логинова Нинель Оскаровна,1980-05-15
8175,Jacob Padilla,1978-03-27
8176,Pamela Mccormick,1989-03-26
8177,Erin Edwards,1966-05-28
8178,Sarah Turner,1996-11-14
8179,Edward Baker,1968-11-16
8180,Тамара Борисовна Потапова,1996-04-09
8181,Kevin Adams,1976-09-12
8182,Randall Whitaker,1968-01-15
8183,Matthew Nelson,1968-10-19
8184,Сорокин Вячеслав Егорович,1961-06-28
8185,Юлия Николаевна Лапина,1968-10-03
8186,Валентина Эдуардовна Агафонова,2003-01-06
8187,Martin Smith,1999-03-21
8188,Элеонора Игоревна Филиппова,1989-01-08
8189,Frederick Price,1975-01-12
8190,Sharon Miller,1960-11-05
8191,Angela Doyle,2001-01-24
8192,Deborah Johnson,1967-07-18
8193,Зиновьев Трофим Андреевич,1964-04-14
8194,Иван Алексеевич Лыткин,1995-05-11
8195,Исидор Феодосьевич Русаков,1978-02-09
8196,Горшкова Анжела Богдановна,1961-08-23
8197,Адам Ефимьевич Кулагин,1963-05-20
8198,Матвеев Христофор Викторович,1993-02-16
8199,Bruce Carr,1966-05-10
8200,Василиса Максимовна Сазонова,1998-07-28
8201,Прокл Юлианович Денисов,2000-01-19
8202,Рогова Майя Вячеславовна,1998-01-27
8203,Sandra Bridges,1966-04-23
8204,Белякова Анжелика Рудольфовна,1998-04-04
8205,Зимин Харлампий Харлампович,1961-09-04
8206,Лучезар Тарасович Зуев,1974-05-01
8207,Одинцова Олимпиада Владиславовна,2003-11-03
8208,Charles Davis,1968-04-05
8209,Mr. Ralph Williams Jr.,1962-02-12
8210,Герман Гордеевич Дмитриев,1966-04-10
8211,Christina Allen,1964-04-15
8212,Rebecca Smith,1993-02-26
8213,Elizabeth Daniels,1962-01-29
8214,Maria Farley,1965-02-08
8215,Martin Sullivan,1971-06-26
8216,Shannon West,1969-05-18
8217,Епифан Арсенович Дементьев,1964-07-13
8218,Турова Ольга Леонидовна,1988-10-14
8219,Алла Геннадиевна Исакова,1968-02-22
8220,Dennis Frye,2002-11-08
8221,Jacqueline Butler,1995-09-25
8222,Гордеева Людмила Ильинична,1970-11-29
8223,John Cook,1971-05-27
8224,Олимпиада Вячеславовна Блинова,1998-07-28
8225,Афиноген Владиславович Лукин,1972-09-15
8226,Кузьмина Ангелина Святославовна,1969-09-18
8227,Гришина Евфросиния Викторовна,1982-06-15
8228,Рожков Захар Димитриевич,1994-08-26
8229,Rachel Gilbert,1987-05-03
8230,Измаил Вилорович Колесников,1995-07-29
8231,Громова Надежда Даниловна,1971-10-30
8232,Christina Martin,1979-04-16
8233,Осипова Лидия Юльевна,1972-01-02
8234,Шестакова Анжела Васильевна,1962-06-12
8235,Larry Williams,1986-03-02
8236,Amanda Becker,1971-02-07
8237,Артемьева Агафья Богдановна,1980-05-10
8238,Diane Phillips,1981-03-29
8239,Sarah Davis,1998-11-21
8240,Amy Herring,1972-05-30
8241,Scott Decker,1984-09-04
8242,Kathryn Jackson,1976-03-03
8243,София Захаровна Субботина,1981-03-02
8244,Jessica Garza,1975-12-24
8245,Силин Капитон Бенедиктович,1994-09-26
8246,Коновалова Марина Юрьевна,1990-11-17
8247,Анастасия Макаровна Дроздова,1977-03-17
8248,Jonathan Weeks,1978-02-18
8249,Екатерина Владимировна Турова,1974-11-30
8250,Philip Fuller,1962-12-22
8251,Владимиров Амос Ануфриевич,1994-04-09
8252,Vanessa Mcneil,2003-01-30
8253,тов. Петров Рубен Абрамович,1995-04-29
8254,Трофим Эдуардович Дементьев,1988-09-08
8255,Stephanie Johnson,1987-10-17
8256,Jeffrey Carr,1978-09-06
8257,Евсей Федосьевич Ширяев,1971-12-16
8258,Измаил Ефимьевич Архипов,1976-07-28
8259,Рюрик Адрианович Антонов,1978-02-19
8260,Ashley Mercado,1991-04-23
8261,Кузьмина Нонна Леоновна,1972-12-10
8262,Kevin Perez,1994-11-15
8263,Brandon Diaz,1972-02-23
8264,Carolyn Herrera,1977-08-31
8265,Лыткина Людмила Вадимовна,1974-04-03
8266,Megan Sheppard,1975-03-01
8267,Фадеева Эмилия Ниловна,1986-01-15
8268,Beverly Anderson,1991-05-22
8269,Roy Flores,1965-09-16
8270,Hannah Tucker,1999-07-04
8271,Nathaniel Lozano,1984-09-25
8272,Mrs. Joan Peters,1993-07-20
8273,Лебедева Таисия Альбертовна,1972-12-28
8274,Мельникова Акулина Юльевна,2000-11-08
8275,Benjamin Jenkins,1977-06-01
8276,Громова Елена Федоровна,1986-07-28
8277,Дьячков Эраст Феодосьевич,1964-08-18
8278,Авдеев Валерий Абрамович,1963-09-02
8279,Харитон Феликсович Кузнецов,1980-07-12
8280,Ronald Yates,1991-04-21
8281,Michael Yu,2002-08-27
8282,Полина Викторовна Сысоева,1988-01-18
8283,Bradley Manning,1970-01-27
8284,Пономарев Симон Эдуардович,1969-07-13
8285,Yvonne Watts,1972-11-08
8286,Ираида Степановна Аксенова,1974-09-26
8287,Stephanie Green,1979-04-02
8288,Субботин Адам Алексеевич,1985-11-30
8289,Рыбакова Тамара Захаровна,1995-03-16
8290,Ефимов Парфен Юлианович,1992-10-11
8291,Erica Krause,1973-04-12
8292,Keith Odonnell,1986-06-23
8293,Brandon Evans,1987-08-18
8294,Alfred Cannon,1999-11-24
8295,Vanessa Johnson,1995-04-26
8296,Jennifer Peters,1978-08-17
8297,Елисеев Фотий Эдгардович,1998-08-06
8298,Гремислав Бориславович Новиков,2002-06-13
8299,Thomas Yates,1964-07-21
8300,Лихачев Ярослав Абрамович,1995-01-22
8301,Chad Houston,1968-10-28
8302,Jessica Lee,1963-12-19
8303,Аникей Ефремович Дорофеев,1961-01-13
8304,Ольга Болеславовна Ситникова,1969-05-04
8305,Эраст Игоревич Федосеев,1977-01-09
8306,Евфросиния Матвеевна Рогова,1991-01-01
8307,Мирослав Якубович Данилов,1997-03-27
8308,Jennifer Moore,2002-04-19
8309,Акулина Кузьминична Корнилова,1984-01-21
8310,Stephanie Jones,1996-07-15
8311,Бурова Акулина Тимуровна,1984-11-04
8312,Samuel Nichols,1960-11-08
8313,Mark Barber,1966-04-11
8314,Евсей Измаилович Соболев,1972-05-04
8315,Jody Clark,1965-04-14
8316,Богданова Эмилия Эдуардовна,1965-06-29
8317,Melissa Zimmerman,1977-11-11
8318,James Powell,1986-07-24
8319,Angela Long,1995-02-14
8320,Patrick Harrison,1977-10-20
8321,Филарет Валерьевич Зыков,1988-10-25
8322,Лукьян Димитриевич Герасимов,1966-06-19
8323,Barry Smith,1997-04-16
8324,Terrence Johnson,1977-06-06
8325,Diana Taylor,1973-04-20
8326,г-жа Григорьева Зоя Дмитриевна,1978-03-10
8327,Константинова Иванна Макаровна,1996-08-07
8328,Карпова Полина Наумовна,1964-11-18
8329,Фома Трифонович Ларионов,1993-07-22
8330,Theresa Hernandez,1998-08-08
8331,Jeremy Norris,1988-04-14
8332,Jonathan Hancock,1960-07-04
8333,Комарова Алина Святославовна,1996-10-23
8334,Dr. Jeffrey Farmer,1982-09-06
8335,Jessica Kennedy,1963-08-02
8336,Kristina Wagner,1964-12-04
8337,Лора Макаровна Меркушева,1978-07-21
8338,Samuel Roberts,1977-03-11
8339,Amanda Jordan,1985-06-10
8340,Агата Евгеньевна Авдеева,1987-10-30
8341,Эмиль Богданович Самсонов,1990-02-25
8342,Воронова Светлана Архиповна,1990-08-03
8343,Robert Vazquez,1970-01-21
8344,Князев Владилен Феоктистович,1969-11-24
8345,Patricia Aguirre,1961-06-22
8346,Федосий Архипович Чернов,1977-06-23
8347,Моисей Гавриилович Денисов,1975-09-11
8348,Julie Ross,1985-08-15
8349,Терентий Адрианович Филиппов,1978-01-01
8350,Casey Hamilton,1971-01-28
8351,Susan Harris,1972-03-16
8352,Jennifer Cooper,1961-07-09
8353,Tyler Joseph,1963-08-25
8354,Егор Иосипович Тихонов,1970-05-22
8355,Кира Тимуровна Рыбакова,1972-03-12
8356,Елена Ждановна Никонова,2001-02-28
8357,Daniel Reed,1997-05-17
8358,Леон Арсенович Елисеев,1995-11-21
8359,Фёкла Аскольдовна Голубева,1990-10-03
8360,Моисеева Варвара Робертовна,1995-08-23
8361,Денисова Фаина Ефимовна,1962-01-16
8362,Mrs. Jessica Mayer,1984-06-20
8363,Jeremiah Price,1971-11-25
8364,Соколов Всеволод Филатович,1962-10-14
8365,Mark Pittman,1998-10-19
8366,Всемил Артурович Калашников,1986-12-08
8367,Дьячков Наркис Яковлевич,1963-04-25
8368,Corey Kelly,2000-10-05
8369,Megan Anderson,1964-08-26
8370,Октябрина Алексеевна Алексеева,2003-10-01
8371,Антонин Егорович Шубин,1989-05-10
8372,Elizabeth James,1989-09-26
8373,Nancy Davis,1994-08-12
8374,Изяслав Августович Колесников,1998-01-21
8375,Панова Лора Григорьевна,2000-04-28
8376,Jonathan Spence,2000-02-01
8377,Brandon Higgins,1966-10-02
8378,Lisa Andrews,1997-04-07
8379,Joseph Hanna,1998-04-10
8380,Иванов Никон Борисович,1965-05-04
8381,Авдеев Герман Исидорович,1984-05-31
8382,Christian Smith,1993-07-21
8383,Christine Griffith,1999-04-21
8384,Heather Harvey,1961-10-10
8385,Савина Марина Геннадиевна,1966-06-23
8386,Зуева Лукия Федоровна,1997-12-06
8387,Christina Acosta,1971-07-26
8388,Cheryl Casey,1993-04-25
8389,Donna Saunders,1973-07-24
8390,Robert Reid,1999-11-03
8391,Селиверстова Октябрина Петровна,1962-09-08
8392,Майя Вячеславовна Рябова,1968-11-09
8393,Лапина Василиса Юрьевна,1962-10-02
8394,Richard Brown,1985-05-13
8395,Ashley Hill,1964-04-24
8396,Щукина Ия Феликсовна,2002-02-17
8397,Victoria Gates,1964-06-21
8398,Голубев Парамон Артёмович,1984-05-19
8399,Крюкова Алевтина Макаровна,1963-08-01
8400,Людмила Эльдаровна Быкова,1981-07-22
8401,Екатерина Павловна Артемьева,1991-06-26
8402,John Peterson,1995-06-21
8403,Овчинникова Анна Максимовна,1969-02-12
8404,Bonnie Coleman,1995-02-09
8405,Kaitlin Anderson,1986-02-24
8406,Mr. Kenneth Espinoza DDS,2001-07-19
8407,Charles Miller,1960-09-22
8408,John Williams,1973-08-11
8409,Chris Rice,1990-01-04
8410,Emily Sosa,1967-04-01
8411,Michael Santiago,1983-05-12
8412,Debra Reilly,1989-05-22
8413,Семенов Антонин Виленович,1964-02-16
8414,Данилова Вероника Федоровна,1997-09-11
8415,Matthew Soto,1998-03-06
8416,Colton Morgan,1974-03-23
8417,Клавдия Матвеевна Игнатьева,1981-09-26
8418,Amy Smith,1963-05-15
8419,Shane Baldwin,1987-04-03
8420,Субботина Элеонора Викторовна,1979-07-25
8421,Александра Аркадьевна Боброва,1982-11-18
8422,Феоктист Валерианович Захаров,1977-01-26
8423,Регина Кирилловна Павлова,1979-03-25
8424,Вера Эдуардовна Громова,1963-03-21
8425,Михей Борисович Соловьев,1995-05-17
8426,Benjamin Johnson,1961-09-06
8427,Christina Ali,1982-05-25
8428,Милован Артёмович Павлов,2003-07-16
8429,Алла Алексеевна Фомина,1976-12-30
8430,Елена Александровна Лазарева,1985-11-28
8431,Mary Elliott,1967-08-06
8432,Евпраксия Вадимовна Воробьева,1966-10-22
8433,Пестов Афанасий Харлампович,1972-09-26
8434,Brittany Stanton,1963-06-01
8435,Donna Davis,1963-09-12
8436,Johnathan Wood,1969-10-08
8437,Юлия Леонидовна Тихонова,1978-06-08
8438,Matthew Powell,1979-06-09
8439,Jennifer Booth,1968-04-27
8440,Раиса Тимуровна Большакова,1978-03-27
8441,Andrew Lamb,1996-07-09
8442,Рюрик Исидорович Рогов,1967-07-02
8443,Tracey Jordan,1967-11-15
8444,Kelly Parker,1982-04-15
8445,Lisa Castillo,2000-01-28
8446,Валерий Федотович Пестов,1966-03-26
8447,Theresa Reynolds,1972-09-10
8448,Селезнев Варлаам Ефремович,1996-04-11
8449,Елена Архиповна Муравьева,1991-09-28
8450,Всеслав Зиновьевич Некрасов,1984-05-07
8451,Christopher Taylor,1987-07-10
8452,Власова Наталья Феликсовна,1983-08-01
8453,Brett Hayes,1976-02-06
8454,Андреев Феофан Филимонович,1987-02-12
8455,Назаров Александр Даниилович,1985-07-30
8456,Charlotte Berry,1986-10-26
8457,Вероника Антоновна Савельева,1962-08-14
8458,Хохлов Автоном Ефимьевич,1964-10-02
8459,Derek Whitehead,1988-03-14
8460,Sandra Franklin,1975-04-14
8461,Волков Мирон Зиновьевич,1975-08-09
8462,Joel Ortiz MD,2001-02-18
8463,Рожков Давыд Яковлевич,1976-05-26
8464,Молчанова Мария Ниловна,1982-08-24
8465,Макаров Боян Жанович,1966-07-14
8466,Julian Brewer,1968-04-06
8467,Куликов Август Исидорович,1992-06-29
8468,Петухова Вероника Владимировна,1966-12-31
8469,Зыков Селиверст Ерофеевич,1965-12-23
8470,Ryan Robinson,1976-03-21
8471,Якушев Аристарх Августович,1961-02-28
8472,Панкрат Ярославович Красильников,1999-03-16
8473,Наина Альбертовна Капустина,1961-01-04
8474,Tracy Williams,1963-09-21
8475,Колесников Соломон Адамович,1989-05-01
8476,Heather Dunn,1964-12-27
8477,Mr. Bryan Washington Jr.,1960-03-24
8478,Jake Davis,1976-12-16
8479,Robert White,2002-11-14
8480,Derek Johnson,1998-08-18
8481,Фролов Сила Дмитриевич,1961-10-25
8482,Lori Miller,1982-12-18
8483,Зинаида Андреевна Павлова,1996-03-30
8484,Максим Валентинович Якушев,1960-03-25
8485,Ольга Архиповна Михайлова,1988-08-16
8486,Nancy Yates,1978-06-22
8487,Ананий Борисович Зуев,1986-11-22
8488,Регина Петровна Архипова,1972-03-13
8489,Nicholas Wagner,1996-01-28
8490,Ronald Wiley,1981-10-17
8491,Владлен Валерианович Игнатов,1966-04-24
8492,Ираклий Ермилович Трофимов,1978-04-14
8493,Ксения Яковлевна Васильева,1982-06-30
8494,Betty Chaney,1965-06-17
8495,Костин Никодим Димитриевич,1995-07-24
8496,Duane Jenkins,1966-04-12
8497,Мартынова Полина Богдановна,1984-10-08
8498,Силин Дорофей Гаврилович,1967-11-07
8499,Julie Aguirre,1972-09-25
8500,Григорьева Эмилия Артемовна,1972-06-16
8501,Рубен Демьянович Сидоров,1998-11-10
8502,Макаров Евдоким Гаврилович,1968-08-21
8503,Кузьма Витальевич Осипов,1987-03-08
8504,Tara Pace,1973-04-30
8505,Ольга Анатольевна Белоусова,1972-03-29
8506,Лука Всеволодович Никифоров,1992-07-30
8507,Timothy Thomas,1972-01-08
8508,Татьяна Яковлевна Евсеева,1995-12-31
8509,Беляев Капитон Елисеевич,1976-09-24
8510,Miss Kelsey Rogers PhD,1964-07-25
8511,Charles Estrada,2001-12-26
8512,Мамонтов Силантий Бенедиктович,1989-12-02
8513,Вероника Юрьевна Щербакова,1998-04-06
8514,Tricia Cruz,1974-02-07
8515,тов. Тетерин Ким Арсенович,2003-05-21
8516,Eileen Carlson,1979-11-15
8517,Erin Williams,1967-05-22
8518,Kenneth Harris,1983-10-20
8519,Sandra Taylor,2001-06-05
8520,Katrina Kelly,1995-07-04
8521,Julia Flores,1972-12-22
8522,Щербакова Вера Ниловна,1991-05-30
8523,Christina Harvey,1976-02-14
8524,Lisa Callahan,1984-12-18
8525,Victoria Aguilar,1986-11-10
8526,Miranda Goodwin,1983-07-07
8527,Кулагина Наталья Дмитриевна,1965-09-22
8528,Michael Brown,1960-10-08
8529,Zachary Hunt,1961-01-23
8530,Mark Wood,1964-08-03
8531,Barry Villegas,2000-10-26
8532,Kimberly Garcia,2002-04-23
8533,Ростислав Бенедиктович Яковлев,1973-07-07
8534,Стоян Арсенович Сергеев,1974-12-07
8535,Ashley Lynch,1965-08-30
8536,Shaun Pope,1982-11-25
8537,Robert Mata,1964-04-15
8538,Christopher Keller,1971-10-13
8539,Аристарх Федосеевич Титов,1984-12-04
8540,Савельева Жанна Рудольфовна,1980-05-15
8541,Логинов Арсений Харламович,1999-08-23
8542,Ashley Johnson,1984-09-12
8543,Наум Аверьянович Кудрявцев,1963-10-24
8544,Jeremiah Stephens,1990-03-29
8545,Alexis Price,1987-05-17
8546,Романова Милица Матвеевна,1977-04-17
8547,Гаврилова Акулина Анатольевна,1975-06-12
8548,Дроздова Фаина Юльевна,2000-12-10
8549,Samantha King,1991-11-12
8550,Kayla Moreno,1990-03-21
8551,David Herrera,1980-11-03
8552,Kendra Mcgee,1994-09-05
8553,Юрий Филатович Кабанов,1966-07-18
8554,Миронов Кузьма Артемьевич,1996-12-15
8555,Jennifer Moore MD,1992-07-15
8556,Jonathan Day,1979-12-11
8557,Ширяев Ярослав Юльевич,2001-03-01
8558,Jeremy Day,1996-11-14
8559,Chase Short,1986-09-30
8560,Jason Garcia,1974-04-22
8561,Erica Anderson,1984-10-13
8562,Варвара Кузьминична Дмитриева,1975-06-14
8563,Lisa Le,1995-03-07
8564,Анастасия Рудольфовна Медведева,1985-08-31
8565,Лазарь Ярославович Галкин,1994-06-16
8566,Марфа Рудольфовна Шестакова,1994-01-26
8567,Гаврилова Октябрина Натановна,1985-10-31
8568,Sandra Santana,1960-01-11
8569,Carrie Lamb,1987-01-14
8570,Christine Garcia,1985-05-29
8571,John Carlson,1990-12-05
8572,Ильина Элеонора Георгиевна,2000-02-05
8573,Королев Аполлинарий Марсович,1987-04-06
8574,Alexa Freeman,1979-04-02
8575,Молчанов Будимир Валерьянович,1962-12-28
8576,Willie Fisher,1977-06-05
8577,Быков Никанор Витальевич,1980-08-14
8578,Вера Никифоровна Лазарева,1980-04-16
8579,Anne Rodriguez,1976-08-26
8580,Владимир Арсеньевич Колобов,1961-12-09
8581,Алла Феликсовна Молчанова,1974-04-12
8582,Зинаида Алексеевна Кудрявцева,1978-08-03
8583,Аверьян Яковлевич Куликов,1969-12-27
8584,Яковлев Христофор Феликсович,1985-02-15
8585,Климент Алексеевич Ефремов,1986-05-13
8586,John Curtis,1962-08-17
8587,Жанна Юльевна Калинина,1969-11-12
8588,Benjamin Winters,1982-12-20
8589,Брагин Галактион Ильясович,1981-06-25
8590,John Mckinney,1987-08-18
8591,Dale West,1988-09-18
8592,Erik Freeman,1977-11-04
8593,Кудряшова Иванна Ивановна,1973-07-07
8594,Людмила Ефимовна Вишнякова,1997-07-24
8595,Котова Евфросиния Михайловна,2000-10-16
8596,Пимен Данилович Фокин,1996-01-03
8597,Amy Marquez,1960-05-29
8598,Jeffrey Jones,1990-04-17
8599,Дьячкова Маргарита Архиповна,1993-05-15
8600,Муравьева Олимпиада Эльдаровна,1971-03-28
8601,Харитонов Силантий Федотович,1973-07-10
8602,Gary Lamb,1994-05-25
8603,Денис Трофимович Беляков,1963-08-03
8604,Симонов Ефим Егорович,1965-08-26
8605,Клавдия Мироновна Шарова,1992-04-20
8606,Милица Григорьевна Ефремова,1971-01-23
8607,Jason Bradley,1977-11-13
8608,Tyler Morales,1974-09-11
8609,Christopher Hernandez,1974-02-22
8610,Горбунов Никодим Эдгардович,1997-12-10
8611,Steven Hayes,2001-08-20
8612,Мечислав Андреевич Семенов,1967-10-23
8613,Joanna Mcclure,1985-04-04
8614,Erin Scott,1960-09-01
8615,Копылов Самуил Еремеевич,1967-05-19
8616,Феврония Константиновна Сергеева,1962-10-03
8617,Блинова Агата Львовна,1994-03-22
8618,Ираида Руслановна Вишнякова,1989-06-23
8619,Прохор Афанасьевич Котов,1995-08-27
8620,Гордеева Елизавета Рубеновна,1986-11-26
8621,Мамонтов Евграф Ермилович,1968-02-18
8622,Sandra Myers,1998-01-19
8623,Григорьев Остап Аверьянович,1988-09-16
8624,Jared Jackson,1996-05-09
8625,Кондратьев Валерьян Фёдорович,1977-05-09
8626,Коновалова Светлана Семеновна,1972-07-15
8627,Лавр Харитонович Максимов,1997-02-23
8628,Крюкова Лукия Борисовна,1979-07-08
8629,Мечислав Ермилович Соболев,2000-08-02
8630,Jeffrey Jones,1987-09-08
8631,David Roberts MD,1979-11-08
8632,Геннадий Бориславович Зыков,1981-10-09
8633,Антонина Максимовна Стрелкова,1967-01-15
8634,Ashley Johnson,1997-03-12
8635,Платон Матвеевич Карпов,1973-07-19
8636,Королева Регина Кузьминична,1980-10-24
8637,Edward Jackson,1994-07-01
8638,Силин Арефий Адамович,1965-05-07
8639,Ширяев Эрнст Валерианович,1970-10-19
8640,Eugene Mckinney,2000-05-13
8641,Рябов Марк Гаврилович,1987-02-05
8642,Амвросий Ерофеевич Кулаков,1998-07-04
8643,Christine Lowe,1960-03-22
8644,Нифонт Августович Медведев,1965-08-29
8645,Paul Fuller,1993-09-16
8646,Журавлева Алла Матвеевна,1969-08-30
8647,Радим Венедиктович Новиков,1970-05-06
8648,Natasha Woods,1982-06-07
8649,Нинель Тарасовна Нестерова,1983-11-06
8650,Barbara Ellis,1996-11-03
8651,Ангелина Геннадьевна Костина,1968-04-18
8652,Акулина Ефимовна Рогова,1978-10-01
8653,Фортунат Феодосьевич Гущин,1986-03-30
8654,Денис Германович Сергеев,1985-11-09
8655,Севастьян Владиславович Никифоров,1970-12-03
8656,Дарья Антоновна Ковалева,1987-10-07
8657,Шашков Моисей Даниилович,1987-02-07
8658,тов. Владимиров Казимир Эдуардович,1987-01-30
8659,Архипов Кирилл Федотович,1962-08-10
8660,Michael Cox,1968-03-30
8661,Adam Brown,1989-01-25
8662,Трофимов Валерьян Ерофеевич,1964-06-17
8663,Фомина Регина Захаровна,1968-04-06
8664,Stephen Patel,1976-11-21
8665,Patrick Bridges,1990-05-15
8666,Валерия Дмитриевна Тарасова,1982-01-29
8667,Ершов Август Федосеевич,1993-03-11
8668,Эмилия Григорьевна Титова,2003-07-03
8669,Laura Jackson,1960-02-10
8670,Angela Jones,1985-12-27
8671,Lynn Rodriguez,1996-06-02
8672,Timothy Baker,1970-03-06
8673,Любим Брониславович Козлов,1995-08-12
8674,Sarah Williams,1992-08-10
8675,Crystal King,1969-09-28
8676,Харитонов Наркис Владиславович,1970-07-06
8677,Аверкий Бориславович Исаков,1977-04-09
8678,Karen Wheeler,1981-01-09
8679,Иванна Рубеновна Макарова,1995-01-26
8680,Patrick Thornton,1963-05-21
8681,Бобылева Полина Тарасовна,1976-11-26
8682,Евдоким Тихонович Коновалов,1992-12-02
8683,Прасковья Дмитриевна Силина,1970-12-29
8684,Маркова Василиса Болеславовна,1995-02-04
8685,Sean Williams,1987-08-02
8686,Селиван Валерианович Калашников,1993-12-14
8687,Данилов Гремислав Герасимович,1990-05-26
8688,Christopher Crawford,2000-12-05
8689,Адам Жоресович Тетерин,1963-08-08
8690,Diana Kennedy,2003-09-10
8691,Киселева Мария Валентиновна,2003-06-23
8692,Фадеев Евграф Тарасович,1979-03-14
8693,Васильева Синклитикия Афанасьевна,1975-06-16
8694,Молчанова Клавдия Кузьминична,1981-02-14
8695,Laura Graham MD,1994-01-28
8696,Аполлинарий Елизарович Аксенов,1965-08-10
8697,Муравьев Стоян Владиславович,1985-10-24
8698,Ковалев Савватий Эдуардович,1963-11-18
8699,Tyler Murphy,1989-01-24
8700,Горбачев Денис Демьянович,1984-07-22
8701,Самойлов Аполлон Ааронович,1989-09-14
8702,Куликов Лукьян Филиппович,1992-05-10
8703,Jamie Williams,1966-12-28
8704,Дмитриев Яков Теймуразович,1963-02-08
8705,Travis Casey,1977-07-12
8706,Сила Филиппович Панов,1984-07-16
8707,Bridget Braun,1979-10-26
8708,Зоя Григорьевна Соловьева,1988-03-22
8709,Kristi Parsons,1988-05-17
8710,Игнатий Чеславович Попов,1975-01-15
8711,Кузьмин Януарий Фокич,1966-10-12
8712,Анжелика Ждановна Гусева,1981-10-24
8713,Матвеев Виталий Викентьевич,1975-12-16
8714,Jeffrey Sweeney,1963-03-19
8715,Connie Logan,1976-12-24
8716,Jillian Weaver,1983-03-08
8717,Glenn Thomas,1989-01-10
8718,Sheri Bridges,1978-07-29
8719,Симон Федосеевич Юдин,1982-05-03
8720,Агафья Львовна Никитина,1972-10-30
8721,Mrs. Katherine Werner,1987-03-13
8722,Людмила Макаровна Лаврентьева,1960-12-19
8723,Петухов Творимир Ярославович,2002-02-12
8724,Brandon Nelson,1980-05-06
8725,Erica Davis,1994-09-02
8726,Phyllis Pruitt,1985-07-23
8727,Whitney Young,1985-04-29
8728,John Cox,1966-08-30
8729,Aaron Humphrey,1991-07-15
8730,Terry Ward,1969-04-17
8731,Денис Давидович Мухин,1979-08-14
8732,Терентьева Акулина Мироновна,1989-07-19
8733,Fred Dixon,1998-03-12
8734,Денис Ефимьевич Новиков,1987-06-24
8735,Мартынова Дарья Тимуровна,2003-07-21
8736,Шашков Дорофей Артурович,2003-04-06
8737,Cody Smith,1971-07-26
8738,Сократ Антонович Веселов,1989-07-25
8739,Tyler Brown,1995-12-13
8740,Justin Murray,1978-07-07
8741,Ираида Вениаминовна Маслова,1963-03-18
8742,Thomas Howard,1975-04-16
8743,Mary Franklin,2001-03-28
8744,Brittany Obrien,1961-11-06
8745,Савин Моисей Викторович,1994-12-10
8746,Никанор Владленович Гусев,1999-01-23
8747,Лучезар Филимонович Гусев,1977-05-25
8748,Joshua Barnes,1967-05-05
8749,Cesar Mayo,1977-08-16
8750,Ярополк Григорьевич Захаров,1979-05-03
8751,Голубев Максимильян Эдуардович,1995-07-28
8752,Ryan Mendoza,1999-02-03
8753,Ryan Callahan,1962-11-08
8754,Sarah Henderson,1981-11-18
8755,Колесникова Маргарита Юрьевна,1972-07-17
8756,Каллистрат Бенедиктович Артемьев,1975-06-30
8757,Синклитикия Эдуардовна Романова,1996-03-26
8758,Rachel Clark,1981-12-07
8759,Dana Serrano,1976-05-23
8760,Victoria Williams,1974-01-31
8761,Dr. Debra Miller,1977-04-23
8762,Brianna Garcia,2003-11-05
8763,Рогова Марфа Вадимовна,1983-09-23
8764,Анисимова Алевтина Павловна,1973-03-01
8765,Dana Sandoval,1967-03-02
8766,Маслов Филипп Захарьевич,1996-07-08
8767,Christopher Torres,1972-12-01
8768,Paula Henderson,1997-04-02
8769,Морозов Родион Ильич,1973-10-06
8770,Валентина Леоновна Ширяева,1966-03-12
8771,Регина Антоновна Овчинникова,2002-12-31
8772,Аполлинарий Викторович Белоусов,1965-10-24
8773,William Willis,1978-10-14
8774,Евдокимов Мирон Ермолаевич,1983-12-12
8775,Kevin Young,1998-07-09
8776,Ипполит Ефремович Марков,1996-09-17
8777,Chad Martinez,1998-11-11
8778,Калинин Силантий Иосипович,1965-09-01
8779,Sara Brown,1999-04-15
8780,Пелагея Вадимовна Голубева,1982-01-29
8781,Измаил Эдгарович Бобылев,2002-05-17
8782,Лора Рудольфовна Никитина,1974-05-02
8783,Mitchell Brown,1987-07-15
8784,Никон Ерофеевич Галкин,1994-11-18
8785,г-жа Ширяева Евпраксия Станиславовна,1990-09-20
8786,Danielle Parker,1998-11-13
8787,Степанова Анжелика Альбертовна,1965-11-16
8788,Lance Carter,1973-07-05
8789,Куприян Якубович Зимин,1995-02-07
8790,John Roberts,2000-06-01
8791,Акулина Рудольфовна Громова,1966-08-11
8792,Rachel Foster,1973-02-16
8793,Lauren Miller,1980-09-12
8794,Brenda Edwards,1998-06-11
8795,Justin Rodriguez,1998-05-02
8796,Manuel Johnson,1992-09-28
8797,Teresa Hernandez,1972-11-13
8798,Daniel Brown,2003-08-15
8799,Светлана Кузьминична Герасимова,1985-06-11
8800,Юдин Парфен Гавриилович,1999-05-08
8801,Марков Еремей Тихонович,1965-03-19
8802,Glenn Alexander,1973-01-24
8803,Alexis Schultz,1962-04-30
8804,Лебедев Евстафий Артемьевич,1969-02-17
8805,Алевтина Григорьевна Орехова,1987-05-29
8806,William Conley,1964-03-13
8807,Самсонова Кира Петровна,1984-12-01
8808,Kristin Beck,2002-06-21
8809,Paul Hawkins,2002-07-02
8810,Мстислав Григорьевич Исаев,1970-11-25
8811,Софрон Даниилович Гурьев,1988-12-08
8812,Casey Robertson,1966-12-31
8813,Paula Hayden,2001-07-23
8814,Shelby Norris,1991-07-17
8815,Мирослав Трофимович Белоусов,1962-11-15
8816,Derek Lopez,1977-09-14
8817,г-жа Горбунова Татьяна Георгиевна,1994-05-11
8818,Todd Patel,1960-07-11
8819,Ангелина Рубеновна Игнатьева,1978-04-04
8820,Alison Michael,1990-02-04
8821,Громова Агафья Кирилловна,1998-09-15
8822,Amanda Tate,1996-03-30
8823,Mary Fowler,1968-12-28
8824,Венедикт Жоресович Лукин,1963-01-08
8825,Ryan Miller,1999-08-15
8826,Cynthia Lawrence,1966-10-18
8827,Фокина Лидия Тимуровна,2002-07-29
8828,Sharon Maxwell,1999-12-25
8829,Jennifer Hurley,1990-04-26
8830,John Morgan,1982-07-31
8831,Brian Cook,1965-09-03
8832,Горшкова Ираида Вадимовна,1971-05-10
8833,Lisa Baker,1999-01-04
8834,Vincent Rivera,1969-03-06
8835,Melissa Smith,1969-07-13
8836,г-н Молчанов Григорий Матвеевич,1980-03-31
8837,Emily Ingram,1977-02-02
8838,Попова Маргарита Алексеевна,1995-06-09
8839,Christine Barnes,2002-02-05
8840,Linda Baird,1984-03-26
8841,Emily Webb,1982-05-16
8842,Shannon Bowman,1988-08-16
8843,Ия Павловна Антонова,1969-04-11
8844,Синклитикия Кузьминична Евсеева,1998-03-18
8845,Сергеев Юрий Демьянович,1990-05-17
8846,Светлана Валентиновна Воронцова,2001-02-23
8847,Гущина Любовь Станиславовна,1979-07-04
8848,Matthew Butler,1986-11-20
8849,Милица Святославовна Носкова,1985-03-22
8850,Maria Gonzalez,2001-02-21
8851,Вадим Ильич Ковалев,1985-06-28
8852,Valerie Briggs,1962-05-01
8853,Ершова Иванна Матвеевна,1968-06-03
8854,София Мироновна Филатова,1987-11-19
8855,Чернов Мокей Валентинович,1998-11-24
8856,Нонна Афанасьевна Иванова,1985-04-18
8857,Justin King,1976-10-13
8858,Бурова Галина Аркадьевна,1989-04-18
8859,Christopher Young,1999-03-26
8860,Шилова Ольга Федоровна,1964-11-09
8861,Darryl Erickson,1973-02-01
8862,Леонтий Иосипович Дмитриев,1981-04-25
8863,Медведева Феврония Геннадиевна,2000-05-09
8864,Kyle Reynolds,1990-12-29
8865,Eric Smith,1988-10-23
8866,Феофан Ефремович Федотов,1999-05-17
8867,Чеслав Яковлевич Федосеев,2002-09-08
8868,Kylie Harris,1982-11-09
8869,Erin Nguyen,1993-12-21
8870,Michael Crane,1961-08-08
8871,Соболева Пелагея Викторовна,1988-08-14
8872,Сорокин Роман Димитриевич,1972-08-22
8873,Волков Ростислав Бориславович,1970-11-08
8874,Елизавета Наумовна Архипова,1978-03-13
8875,Родионов Корнил Исидорович,1982-10-30
8876,тов. Лихачева Зинаида Васильевна,1990-10-27
8877,Елизавета Артемовна Фомина,1974-10-23
8878,Миронов Сильвестр Игоревич,1988-06-14
8879,Bethany Ware,1972-04-23
8880,Jeremy Mendez,1969-09-29
8881,Белозеров Адам Ануфриевич,1980-07-19
8882,Галкин Прокофий Феоктистович,1982-09-07
8883,Рюрик Валентинович Ситников,1961-11-20
8884,Casey Robinson,1960-07-15
8885,Мирон Вячеславович Кабанов,1978-02-02
8886,April Kim,1974-04-03
8887,Богданова Валерия Эдуардовна,1980-01-25
8888,Жукова Людмила Евгеньевна,1997-09-18
8889,Tim Jones,1984-08-15
8890,Пимен Аксёнович Смирнов,1964-02-03
8891,Sandra Anderson,1987-04-13
8892,Лонгин Фролович Терентьев,1999-11-10
8893,Брагин Бажен Артурович,2000-11-26
8894,Shannon Rodriguez,1978-02-27
8895,Thomas Flores,1983-08-24
8896,Tracey Taylor,1988-12-20
8897,Luke Fuentes,1981-09-12
8898,Brooke West,1979-07-22
8899,Леон Егорович Шарапов,1976-05-29
8900,Kelsey Vega,1977-06-17
8901,Федорова Евдокия Максимовна,1995-11-01
8902,Dennis Gonzalez,1978-12-12
8903,Семенова Кира Никифоровна,1985-07-06
8904,Matthew French,1997-01-29
8905,Lisa Ramirez,1979-09-03
8906,Мельникова Раиса Рубеновна,1993-01-03
8907,Wanda Maxwell,1969-01-21
8908,Dylan Smith,1967-03-03
8909,Белоусова Лидия Аскольдовна,1981-05-16
8910,Corey Smith,1992-04-08
8911,Копылов Всеслав Устинович,1961-04-05
8912,Веселова Виктория Ниловна,2003-12-01
8913,Joseph Evans,1976-10-25
8914,тов. Васильева Марина Вениаминовна,1975-12-29
8915,Melissa Simon,1963-01-02
8916,Thomas Wyatt,1978-12-05
8917,Панов Харитон Данилович,1991-08-26
8918,Любим Ерофеевич Гришин,1976-07-30
8919,Терентий Зиновьевич Красильников,2002-09-12
8920,Борис Вилорович Романов,1971-02-06
8921,Makayla Parker,1986-08-12
8922,Brianna Fox,1982-11-03
8923,Афанасьева Татьяна Антоновна,1967-02-21
8924,Лыткина Лидия Станиславовна,1989-07-31
8925,Самсонова Алевтина Кирилловна,1980-12-30
8926,Patrick Hunt,1991-06-02
8927,Бобылев Карп Евсеевич,1985-02-05
8928,Екатерина Захаровна Тарасова,1990-07-24
8929,Фадеева Ирина Филипповна,1996-07-12
8930,Ульяна Леонидовна Фомичева,1979-01-29
8931,Сысоев Исидор Данилович,1981-10-01
8932,Robert Bush,1969-05-01
8933,Трофимова Синклитикия Григорьевна,1999-04-01
8934,Kristin Rios,1960-04-15
8935,Севастьян Яковлевич Моисеев,1983-02-13
8936,Вероника Евгеньевна Воронова,1967-01-25
8937,Debra Carey,1980-09-21
8938,Савина Антонина Архиповна,1993-10-26
8939,Дмитриева Юлия Владимировна,1986-07-30
8940,Jessica Ware,1989-01-14
8941,Анастасия Григорьевна Ефимова,1974-03-16
8942,Алла Андреевна Кулакова,1976-08-22
8943,John Booth,1991-11-08
8944,Яков Эдуардович Мухин,1974-05-08
8945,Варфоломей Иосипович Зыков,1983-03-25
8946,Агафонова София Леонидовна,1973-06-13
8947,Матвеев Афиноген Валерьянович,2003-06-08
8948,Изяслав Юлианович Харитонов,1996-01-21
8949,Joseph Zimmerman,1996-09-13
8950,Селиверст Бориславович Мухин,2001-01-20
8951,Бобылев Артемий Ефимович,2001-02-03
8952,Alex Jones,1981-03-02
8953,Марфа Наумовна Соловьева,1992-05-22
8954,Joshua Jones,1988-08-28
8955,Ладислав Ефстафьевич Сазонов,1997-03-03
8956,Илья Ефстафьевич Лаврентьев,1998-10-20
8957,Megan Tate,1967-06-27
8958,Amber Marks,1995-08-03
8959,Доронин Михаил Абрамович,1980-06-13
8960,Jacob Clark,2002-08-14
8961,Tiffany Franklin,1965-06-03
8962,Jennifer Gonzalez,1982-06-26
8963,тов. Максимова Нина Никифоровна,1974-04-24
8964,Мясникова Майя Станиславовна,1992-11-09
8965,Герман Арсеньевич Соловьев,1982-08-09
8966,Joseph Webb,1968-11-24
8967,Никитина Евфросиния Даниловна,1987-01-11
8968,Молчанова Вера Львовна,1979-11-08
8969,Emily Flynn,1966-07-27
8970,Максимова Нина Леоновна,1997-02-09
8971,Зинаида Максимовна Красильникова,1998-06-20
8972,Соловьева Татьяна Егоровна,1968-09-04
8973,Ермолай Ермилович Нестеров,1973-01-07
8974,Голубев Олег Феодосьевич,1999-11-08
8975,Jean Douglas,1962-04-29
8976,Олимпиада Эльдаровна Самсонова,1989-07-18
8977,Матвей Арсеньевич Зуев,1996-11-08
8978,Jessica Scott,1980-01-20
8979,Maria Clark,1964-03-19
8980,Kristy Reilly,1997-06-02
8981,Kevin Taylor,1991-12-06
8982,Mckenzie Brown,2001-12-04
8983,Творимир Иосифович Калинин,1985-12-31
8984,Katrina Williams,1981-04-18
8985,Орлова Ксения Филипповна,1976-05-12
8986,Dennis Warren,1979-06-28
8987,Амос Харитонович Терентьев,1977-11-20
8988,Лука Артурович Гусев,1980-06-02
8989,Прасковья Никифоровна Крюкова,1961-10-28
8990,William King,1992-06-13
8991,Jeremy Brown,1983-07-04
8992,Abigail Myers,1968-09-26
8993,Лидия Юльевна Ершова,1971-12-07
8994,Любосмысл Бориславович Самсонов,1987-08-03
8995,Laurie Lozano,1966-10-31
8996,Вероника Тимофеевна Блинова,1996-12-19
8997,Antonio Morgan,2002-05-22
8998,Николаева Алина Тарасовна,1990-04-03
8999,Евгения Эдуардовна Филатова,1991-12-19
9000,Феофан Гордеевич Бобылев,1995-01-01
9001,Викторин Трофимович Казаков,1968-12-25
9002,John Simon,1968-03-05
9003,Елена Константиновна Капустина,1963-12-16
9004,Cynthia Trevino,1994-02-06
9005,Валентина Тимофеевна Полякова,1987-12-24
9006,Katherine Chapman,1980-07-28
9007,Коновалова Марфа Геннадиевна,1991-02-05
9008,Шестаков Гурий Изотович,1990-02-18
9009,Акулина Богдановна Максимова,1962-03-31
9010,Sandra Wilson,1975-01-03
9011,Панова Евдокия Геннадьевна,1988-09-24
9012,Carol Huffman,1963-09-15
9013,Deborah Shaw,1974-09-30
9014,Вениамин Трофимович Петухов,1991-06-30
9015,Мишин Севастьян Дорофеевич,1963-02-08
9016,Комиссаров Галактион Даниилович,1997-03-06
9017,Andrea Fisher,1978-10-18
9018,Селиверстова Ксения Семеновна,1982-08-09
9019,Пономарева Юлия Мироновна,1978-01-01
9020,Рюрик Давыдович Савельев,1985-08-25
9021,Kelly Harrison,1990-01-10
9022,Быкова Валентина Мироновна,1981-01-09
9023,Philip Hill,1986-10-26
9024,Бобылев Селиван Аксёнович,1984-12-14
9025,David Gordon,1969-02-12
9026,Надежда Антоновна Гущина,1972-12-18
9027,Meghan Burns,1992-01-06
9028,Глафира Станиславовна Костина,1982-01-25
9029,James Mckinney,1986-12-02
9030,Радим Тарасович Фомичев,1972-09-21
9031,Antonio Sandoval,1981-03-04
9032,Christine Garcia,1996-09-13
9033,Белозерова Таисия Валериевна,1970-11-16
9034,Jason Shaw,1991-11-21
9035,Robert Fuller,1978-07-14
9036,Penny Sanders,1977-05-17
9037,Bruce Murray,1990-06-13
9038,Steven Suarez,1996-06-08
9039,Емельянова Акулина Рудольфовна,1999-04-28
9040,Радим Григорьевич Терентьев,2002-04-10
9041,David Adams,1982-03-13
9042,Bobby Brooks,1996-08-29
9043,Joshua Armstrong,1978-12-27
9044,Лев Бенедиктович Гордеев,1994-12-05
9045,Vanessa Salazar,1973-12-03
9046,Белоусова Анжелика Аркадьевна,1974-12-10
9047,Яковлев Леон Валерьянович,1999-11-16
9048,Adam Watkins,1967-06-20
9049,Belinda Martinez,1982-05-05
9050,Bradley Norton,1973-01-04
9051,Элеонора Архиповна Панова,1996-05-15
9052,Мясников Михаил Феодосьевич,1999-07-02
9053,Tyler Pineda,1989-07-04
9054,Белякова Марфа Леонидовна,1984-06-30
9055,Ульяна Георгиевна Субботина,1962-03-24
9056,Калинина Кира Ждановна,1989-11-24
9057,Lonnie Nguyen,1995-06-07
9058,Брагина Валентина Егоровна,1963-11-10
9059,Samantha Mckinney,1985-02-04
9060,Laura Garza,1972-07-20
9061,Захар Евстигнеевич Родионов,1966-06-04
9062,Архипов Изот Харитонович,1965-02-19
9063,Октябрина Мироновна Орлова,1989-03-26
9064,Константинов Демьян Измаилович,1962-07-23
9065,Brandon Baird,1991-03-23
9066,Wesley Harris,1970-07-08
9067,Ермакова Ксения Захаровна,1978-11-16
9068,Jerry Pena,2000-10-19
9069,Дмитрий Елизарович Авдеев,1986-11-02
9070,Antonio Jacobson,1997-05-07
9071,Charles Turner,1996-05-31
9072,Лапин Самуил Елизарович,2000-09-08
9073,Тит Аксёнович Капустин,1992-05-27
9074,Тихон Юльевич Кулагин,1962-05-08
9075,Michael Olsen,1986-09-12
9076,Wendy Ramsey,1962-12-16
9077,Regina Powell,1983-05-16
9078,Валерьян Феоктистович Молчанов,1960-02-28
9079,Holly Davis,1973-11-22
9080,Jerry Long,1983-11-07
9081,Kathy Miller DDS,1967-10-13
9082,Eileen Davis,2002-07-16
9083,Вероника Федоровна Наумова,1991-05-10
9084,Marcus Edwards Jr.,1962-11-22
9085,Мишин Панкратий Тарасович,1999-07-05
9086,Sara Dixon,1993-11-29
9087,Серафим Дмитриевич Бобров,1990-08-20
9088,Лора Геннадьевна Никифорова,1993-03-05
9089,Бирюкова Кира Болеславовна,2001-06-04
9090,Третьякова Наина Артемовна,1969-11-23
9091,Martin Hensley,1978-09-17
9092,Носков Агафон Марсович,1970-11-16
9093,Angela Martinez,1977-09-01
9094,Геннадий Захарьевич Кудрявцев,2001-02-04
9095,Leslie Jacobs,1982-12-17
9096,Krystal Bell,1963-09-11
9097,Наталья Александровна Миронова,1966-02-24
9098,Robin Lopez,1979-04-01
9099,John Wilcox,1975-08-24
9100,Henry Macias,1998-10-23
9101,April Moore,1973-08-05
9102,Charles Perez,2000-02-09
9103,Maria Mason,1971-07-03
9104,Christina Curry,1997-12-26
9105,Зимин Всеволод Феоктистович,1975-08-03
9106,Becky Cole,1969-11-18
9107,Варфоломей Валентинович Казаков,1997-02-24
9108,Melissa Sims,1963-12-17
9109,Фадеев Борис Фокич,1975-08-25
9110,Melissa Simpson,2002-06-22
9111,Авдеева Анастасия Кузьминична,1994-12-23
9112,Clinton Richardson,1960-05-17
9113,Jose Jones,1979-05-29
9114,Власов Григорий Дмитриевич,1969-02-04
9115,Elizabeth Patterson,1987-10-03
9116,Seth Jackson,2003-11-26
9117,Голубева Екатерина Аскольдовна,1985-01-06
9118,Michelle Ruiz,1965-08-06
9119,John Tran,1966-04-11
9120,Daniel Green,1987-03-15
9121,Самсонов Олимпий Евсеевич,1978-04-23
9122,Anthony Henry,1975-12-20
9123,Amanda Brooks,1993-12-23
9124,Patricia Miller,1978-03-11
9125,Wanda Brown,1979-02-28
9126,Творимир Федосьевич Копылов,1998-11-18
9127,Евгения Валериевна Кошелева,1982-03-20
9128,Павлов Владлен Евсеевич,1999-01-05
9129,Kelly Howe,1989-07-10
9130,Dakota Diaz,1996-05-10
9131,Laura Barnes,1978-05-09
9132,Tiffany Avila,1979-05-26
9133,Jocelyn Phillips,2000-08-22
9134,Thomas Jordan,1976-01-14
9135,Наталья Георгиевна Ильина,1992-09-08
9136,Brittany Cobb,1999-06-08
9137,Ms. Elizabeth Hill,1988-09-13
9138,Симонов Захар Абрамович,2001-06-18
9139,Ладимир Игнатович Зиновьев,1986-07-24
9140,Христофор Устинович Шарапов,1979-01-26
9141,Мельникова Тамара Игоревна,1979-11-29
9142,David Mack,1991-01-01
9143,Nicholas Mcdaniel,1985-07-24
9144,Melissa Ryan,1968-09-25
9145,Федосеев Сильвестр Викентьевич,1977-10-23
9146,Никифор Фролович Красильников,1977-09-22
9147,Richard Moreno,1974-07-28
9148,Красильников Всеволод Васильевич,1984-09-07
9149,Paige Williams,1987-01-05
9150,Brett Oneill PhD,1992-01-13
9151,Sherry Gallagher,1987-04-30
9152,Прохоров Арефий Вилорович,1973-01-26
9153,Tim Moore,1970-11-06
9154,Henry Vance,1985-05-15
9155,David Harris,1966-01-30
9156,Емельянов Владимир Федотович,1987-12-03
9157,Кира Аркадьевна Федосеева,1980-11-07
9158,Панов Трифон Архипович,1974-06-23
9159,Brandon Parks,1997-07-01
9160,Ладимир Чеславович Субботин,1973-04-17
9161,Ульяна Михайловна Зайцева,1997-08-13
9162,Милица Васильевна Цветкова,1984-12-26
9163,Евпраксия Антоновна Филатова,1993-04-14
9164,Joseph Thornton,1974-03-23
9165,Александра Тарасовна Ермакова,1963-04-01
9166,Jessica Sanchez,2002-03-21
9167,Scott Cantrell,1965-08-06
9168,Maureen Brooks,1964-11-26
9169,Rachel Sanders,1995-01-08
9170,Мухин Моисей Богданович,1981-08-28
9171,Christopher Jackson,1968-06-14
9172,Melissa Coleman,2002-10-07
9173,Melissa Taylor,1986-06-23
9174,Julia Smith,1998-09-16
9175,Сергеева Елена Харитоновна,1977-10-13
9176,Эрнест Гавриилович Захаров,1964-02-29
9177,Amanda Simpson,1979-10-19
9178,Сазонов Спиридон Зиновьевич,1965-02-13
9179,Daniel Robinson,1973-10-31
9180,Rebecca Joyce,1961-10-07
9181,Потап Викторович Григорьев,1989-03-22
9182,Мирон Антонович Васильев,1961-12-15
9183,Цветков Остап Данилович,1987-01-26
9184,Марфа Альбертовна Блинова,1972-02-06
9185,Jennifer Smith,1988-08-23
9186,Фотий Богданович Попов,2002-07-09
9187,Радован Фокич Ширяев,1997-06-20
9188,Katherine Rivas,1975-09-06
9189,Bobby Taylor,1962-03-26
9190,Leslie Myers,1988-10-27
9191,Акулина Евгеньевна Самсонова,1966-05-03
9192,Andrew Brown,1960-10-22
9193,Юлиан Фокич Рябов,1992-10-17
9194,Zachary Hogan,1975-03-31
9195,Kyle Andrews,1962-11-11
9196,Janet Salinas,1977-07-23
9197,Angela Olson,1961-08-14
9198,Полина Никифоровна Ершова,1967-09-01
9199,Karen Austin,2003-06-20
9200,Агафья Егоровна Коновалова,1989-09-04
9201,Ashley Ross,1975-06-17
9202,Карпова Лидия Филипповна,1968-02-16
9203,Мамонтова Эмилия Леонидовна,1998-03-04
9204,Кирилл Игнатович Куликов,1987-02-15
9205,Лавр Венедиктович Жданов,1965-05-04
9206,Danielle Hale,1960-09-13
9207,Василий Харлампьевич Архипов,1999-10-06
9208,Вероника Сергеевна Гордеева,1995-02-05
9209,Wesley Brown,1988-08-29
9210,Миронова Анжелика Аскольдовна,2002-03-08
9211,Эмилия Валентиновна Бирюкова,1971-09-27
9212,Travis Edwards,2000-07-31
9213,Михаил Гурьевич Орехов,1991-11-16
9214,Коновалов Галактион Ермилович,1971-08-23
9215,Ashley Davis,1985-10-03
9216,Агата Анатольевна Анисимова,1970-09-24
9217,Валерия Ниловна Селезнева,1995-07-22
9218,Nicole Smith,1972-12-06
9219,Peter Leonard,1991-04-12
9220,Derrick Taylor,1982-03-13
9221,Heather Klein,1990-12-20
9222,Синклитикия Васильевна Дементьева,1988-10-18
9223,Christopher Young,1973-09-07
9224,Людмила Захаровна Юдина,1989-10-03
9225,Steven Robinson,1976-06-25
9226,Paula Wilson,1990-06-05
9227,Brian Wood,1982-04-02
9228,Шашкова Акулина Георгиевна,1992-04-24
9229,Федорова Евпраксия Руслановна,2000-07-07
9230,Богданов Климент Яковлевич,1969-05-05
9231,Гришин Наркис Ерофеевич,1973-08-19
9232,Зыков Сергей Феодосьевич,1976-09-18
9233,Тит Харитонович Шаров,1974-10-25
9234,Kenneth Rodgers,1972-08-03
9235,Титова Тамара Макаровна,1979-04-01
9236,Timothy Berg,2003-09-29
9237,Amanda Jackson,1996-11-26
9238,Евдокимова Светлана Степановна,2001-08-08
9239,Steven Snow,1968-11-28
9240,Michelle Henry,1999-02-21
9241,Муравьева Алевтина Олеговна,1968-11-22
9242,Darlene Matthews,1985-03-10
9243,Gina Parks,1970-04-04
9244,Matthew Thompson,2001-07-29
9245,Брагина Валерия Федоровна,1984-07-15
9246,Megan Clarke,1988-04-04
9247,Новиков Елисей Аверьянович,1978-09-06
9248,Ivan Smith,1969-09-06
9249,Автоном Жанович Дмитриев,1977-07-26
9250,Elizabeth Thomas,1983-03-21
9251,Баранов Модест Артёмович,1966-12-02
9252,Орлов Симон Иосифович,1989-09-27
9253,Hector Whitehead,1981-03-16
9254,Голубева Анжела Мироновна,1981-02-15
9255,Елизавета Федоровна Кулакова,1982-10-13
9256,Julia Jones,1973-01-15
9257,Герман Афанасьевич Исаков,1994-09-06
9258,Ethan Boyle,1978-04-29
9259,Theresa Riley,1987-05-14
9260,Jennifer Decker,1989-06-19
9261,Kelly Lopez,1971-04-18
9262,Нина Вениаминовна Степанова,1999-01-30
9263,Donald Bryant,1979-04-26
9264,Jared Clark,1990-12-22
9265,Елисеева Анна Валентиновна,1984-01-09
9266,Майя Тимофеевна Юдина,1961-01-24
9267,Eric Haynes,1995-06-16
9268,Громова Нина Львовна,1995-11-15
9269,Владислав Демьянович Субботин,1992-04-30
9270,Филипп Ермилович Лапин,1967-11-05
9271,Clayton Allen,1977-12-25
9272,Дорофеев Силантий Викторович,1992-11-14
9273,Joan Parks,1962-04-17
9274,Виктория Даниловна Суворова,1972-07-29
9275,Ларионов Стоян Яковлевич,1994-01-03
9276,Matthew Soto,1968-10-18
9277,Alexis Harrison,1991-04-06
9278,Юдина Агата Юрьевна,1970-03-12
9279,Thomas Wolf,1981-12-24
9280,Nicole Gould,1997-11-18
9281,Daniel Ferguson,1974-02-12
9282,Ювеналий Елизарович Орехов,1995-05-15
9283,Cynthia Patterson,1989-12-01
9284,Stephanie Macias,1990-10-03
9285,Глафира Никифоровна Никонова,1985-03-21
9286,Danielle French,1962-11-05
9287,Воронцова Людмила Романовна,1975-01-11
9288,Phillip Palmer,1975-10-02
9289,Ирина Матвеевна Назарова,1961-09-21
9290,Martha Dickerson,1990-11-29
9291,Heather Nash,1960-03-20
9292,Станимир Феликсович Аксенов,1975-05-29
9293,Брагин Андрей Витальевич,1968-04-18
9294,Ashley Jimenez,1964-03-23
9295,Зыков Богдан Федосьевич,1975-05-28
9296,Гедеон Еремеевич Ильин,1962-11-26
9297,Гордеева Эмилия Артемовна,1980-10-24
9298,Mary Conley,1994-08-14
9299,Dominique Baldwin,1990-02-27
9300,Brian Weaver,1996-12-23
9301,Оксана Рубеновна Герасимова,1982-01-17
9302,Christian Gardner,1997-05-04
9303,Paul Herrera,1968-06-08
9304,Самсон Яковлевич Брагин,1992-05-13
9305,Amy Rowland,1964-07-05
9306,Ирина Дмитриевна Жданова,1970-09-20
9307,Megan Landry,1985-11-03
9308,Кабанова Мария Ивановна,1998-12-23
9309,Светозар Ефимович Медведев,1976-01-21
9310,Иванов Гостомысл Августович,1980-08-31
9311,Brandon Harris,1966-09-07
9312,Jonathan Hughes DVM,1997-09-13
9313,Tracey Harris,2000-08-23
9314,Соболев Константин Ефимьевич,1989-12-15
9315,Тарасова Зинаида Алексеевна,1991-01-14
9316,Твердислав Ерофеевич Терентьев,1976-04-21
9317,Зинаида Архиповна Кабанова,1983-09-16
9318,Любим Даниилович Титов,1992-01-26
9319,Sarah Mann,1975-08-20
9320,Анна Оскаровна Соколова,2002-10-26
9321,Абрамов Федор Игнатьевич,1988-05-06
9322,Tracy Evans,2003-10-25
9323,Феврония Кузьминична Сергеева,1987-01-28
9324,James Evans,1988-01-27
9325,Сазонов Никодим Филимонович,1970-05-31
9326,Полина Петровна Щербакова,1963-07-08
9327,Лукия Вениаминовна Моисеева,2000-06-15
9328,Daniel Williams,1975-06-07
9329,Deborah Sanchez,1974-01-09
9330,David Lamb,1969-11-12
9331,Lori Brown,1991-05-02
9332,Матвеев Мирон Изотович,1994-04-23
9333,Регина Робертовна Савина,1981-04-04
9334,Самойлов Ипатий Федосьевич,1997-11-29
9335,Денисова Виктория Валериевна,1980-06-09
9336,Родионов Ратибор Яковлевич,1979-11-03
9337,Андроник Геннадиевич Исаев,1964-04-13
9338,Bonnie Bryant,1966-04-19
9339,Michael Davis,1989-12-15
9340,Рубен Герасимович Крылов,1981-05-02
9341,Шилова Лора Павловна,1978-12-25
9342,Jody Walker,1994-03-15
9343,Paula Blanchard,1967-06-25
9344,Elizabeth Thompson,1971-07-18
9345,Michael Martin II,1967-10-18
9346,Brandi Morrow,1961-04-15
9347,Brandi Jones,1983-08-01
9348,Наина Юльевна Мухина,2003-10-07
9349,William Gregory,1979-10-30
9350,Ширяева Фёкла Болеславовна,1960-08-19
9351,David Stone,2001-11-05
9352,Николаев Федор Бориславович,1985-08-12
9353,Нонна Викторовна Большакова,1987-01-26
9354,Gary Franklin,1970-10-15
9355,София Егоровна Захарова,1997-11-11
9356,Харитон Александрович Фадеев,1987-09-28
9357,Melissa Harris,2002-08-09
9358,Марина Кузьминична Анисимова,1993-05-28
9359,Кулагин Аполлинарий Эдгарович,1962-08-29
9360,Лариса Романовна Беляева,1961-06-16
9361,Jeremy Kelley,1992-05-06
9362,Brandi Hunt,1986-06-22
9363,Stephanie Nelson,2001-03-01
9364,Amber Gonzalez,2001-01-06
9365,Johnny Mcdowell,1992-06-16
9366,Елисеева Зоя Ивановна,1970-03-17
9367,Matthew Choi,1964-06-25
9368,David Lynn,2002-09-18
9369,Michael Martin,1972-07-30
9370,Christian Mcdonald,1997-02-17
9371,Samuel Mendez,2001-04-04
9372,Gina Sanders,2002-12-09
9373,Аскольд Терентьевич Романов,1982-07-10
9374,Самсонов Владилен Елисеевич,2001-12-22
9375,Ипполит Фадеевич Жуков,1973-02-01
9376,Kyle Smith,1962-07-25
9377,Романова София Вениаминовна,1987-04-07
9378,Michael Wright,1977-12-22
9379,Белов Севастьян Елисеевич,1962-01-26
9380,Shelia Davies,1966-06-29
9381,Danielle Sanchez,1995-03-26
9382,Tammy Leonard,1964-10-20
9383,Беспалова Дарья Оскаровна,1965-12-11
9384,Евгения Эдуардовна Иванова,1994-05-30
9385,Пелагея Васильевна Гаврилова,1976-12-24
9386,Кирилл Валерианович Фомичев,1987-03-14
9387,Christopher Williams,1964-12-10
9388,Barbara Thompson,1973-02-18
9389,Becky Perez,1993-07-29
9390,Марков Агафон Афанасьевич,1971-08-10
9391,Анжела Николаевна Шубина,1963-10-25
9392,Danielle Nguyen,1991-09-22
9393,Быкова Анжелика Владимировна,1973-06-02
9394,Белозеров Радислав Исидорович,1999-08-09
9395,Evan Calderon,1970-02-03
9396,Frank Long,1963-10-17
9397,Miss Natalie Adams,1990-10-04
9398,Lindsey Martinez,1967-01-12
9399,David Molina,1986-04-02
9400,Маркова Наталья Егоровна,1965-04-28
9401,Pamela Bass PhD,1964-10-22
9402,Якушев Осип Геннадиевич,1978-04-20
9403,Жукова София Натановна,1986-03-22
9404,Галкина Ия Юльевна,1990-03-12
9405,Raymond Nelson,1987-02-19
9406,Терентьев Спартак Ефимович,2000-07-07
9407,Jennifer Baird,1975-03-29
9408,Amanda Peterson DDS,2000-10-21
9409,Яков Арсенович Кабанов,1998-06-14
9410,Ильина Марина Петровна,1965-01-01
9411,Wesley Browning,1966-05-03
9412,Mr. Dylan Frederick,1963-09-28
9413,Robyn Smith,1992-10-18
9414,Krista Peterson,1970-04-03
9415,Alicia Smith,1966-12-24
9416,Эмилия Харитоновна Фролова,1986-08-19
9417,Colleen Nguyen,1977-10-23
9418,Jennifer Miller,1963-05-22
9419,Angela Parks,1979-11-09
9420,Иванна Константиновна Антонова,1980-08-27
9421,г-жа Бурова Елена Афанасьевна,1981-09-17
9422,Измаил Богданович Хохлов,1961-03-16
9423,Галина Георгиевна Суворова,1985-05-03
9424,Michelle Moore,1980-03-28
9425,Евфросиния Леоновна Самсонова,1979-10-30
9426,Carlos Carter,1975-07-14
9427,Nina Ward,1993-03-20
9428,Susan Ford,1992-09-12
9429,Дементьева Елизавета Ждановна,1998-09-23
9430,Иванов Сидор Иосипович,1971-05-29
9431,Ефимов Устин Архипович,1962-04-17
9432,Морозова Василиса Егоровна,1967-12-19
9433,Фортунат Аверьянович Лобанов,1994-10-24
9434,Deborah Harrison MD,1993-04-20
9435,Jorge Williams,1970-12-12
9436,Melissa Cherry,1984-11-22
9437,Kathryn Garcia,1999-10-16
9438,Маслов Евгений Зиновьевич,2002-03-04
9439,Комаров Павел Филимонович,1975-07-13
9440,Melissa Wheeler,1967-08-18
9441,Jordan Cantrell,1982-07-25
9442,Самойлов Аверьян Викентьевич,1994-02-23
9443,Фёкла Филипповна Сафонова,1970-08-31
9444,Joshua Jones,1962-02-17
9445,Васильева Евдокия Михайловна,1987-02-13
9446,Lauren Martinez,1995-05-18
9447,Ширяев Богдан Ефимович,1978-04-22
9448,Jake Trujillo,1980-08-07
9449,Ryan Garrison,1973-05-07
9450,Phillip May,1984-01-24
9451,Kirsten Adams,1966-07-23
9452,Сократ Ааронович Жуков,1979-01-07
9453,Joshua Bradley,1964-04-26
9454,Олимпий Филимонович Соколов,1999-11-11
9455,Медведева Наина Михайловна,1984-08-24
9456,Jamie Rose,1980-01-09
9457,Милица Богдановна Авдеева,1962-03-05
9458,Amanda Johnson,1974-01-24
9459,Герасимова Раиса Оскаровна,1970-12-20
9460,Хохлов Лев Теймуразович,1962-09-11
9461,Леон Антипович Фомин,1973-12-05
9462,Воронцов Гордей Валерьевич,1960-02-17
9463,Раиса Викторовна Муравьева,1984-01-07
9464,Elizabeth Wilson,1967-08-01
9465,Михайлов Ярополк Ефстафьевич,1970-08-03
9466,тов. Аксенов Василий Евсеевич,1994-08-01
9467,Donna Williams PhD,1968-11-01
9468,Donald Barnes,1963-06-12
9469,Brian Patterson,1990-02-23
9470,Кириллов Зосима Викторович,1965-06-14
9471,Billy West,1988-07-31
9472,Абрамов Сильвестр Валерьянович,1978-08-18
9473,Andrew Martinez,1970-08-28
9474,Jason Jensen,1990-05-10
9475,David Long,1963-11-09
9476,Todd Kelley,1991-06-18
9477,Трофимов Роман Якубович,1971-01-05
9478,Mark Mason,1986-12-04
9479,Лариса Филипповна Ширяева,1993-08-08
9480,Kathy Simpson,1991-09-09
9481,Горбунова Лидия Аркадьевна,1981-10-21
9482,Белозеров Доброслав Анисимович,1968-04-05
9483,Виноградова Алла Анатольевна,1961-01-14
9484,Эдуард Федосеевич Логинов,1963-08-16
9485,Леон Филимонович Дьячков,1992-03-04
9486,Фролова Василиса Евгеньевна,1962-04-05
9487,Michael Robbins,2000-12-19
9488,Филимон Игнатьевич Мишин,1965-02-13
9489,Агафья Антоновна Кузьмина,1972-01-25
9490,Jenny Jenkins,1999-02-01
9491,Julian Russo,1995-08-21
9492,Jodi Morgan,1983-11-30
9493,Timothy Hughes,1974-05-20
9494,Иванна Константиновна Козлова,1969-09-20
9495,Лукин Артемий Викентьевич,1983-09-25
9496,Белова Ираида Яковлевна,1994-04-21
9497,Пахомов Андроник Артурович,1995-01-14
9498,Stephen Wolfe,1963-08-11
9499,Jeremiah Gilmore,1995-10-27
9500,Patricia Wright,1976-03-24
9501,Данила Адрианович Белов,1976-04-19
9502,Дарья Тарасовна Елисеева,1981-03-14
9503,Шубин Радим Чеславович,1977-09-26
9504,Вышеслав Демьянович Кононов,1977-06-21
9505,Gabriella Jensen,1986-12-01
9506,Сергеева Элеонора Руслановна,1979-03-10
9507,Синклитикия Дмитриевна Силина,1970-08-07
9508,Венедикт Глебович Ефимов,1992-12-09
9509,Ashley Ellis,1965-03-20
9510,Michelle Martinez,1990-04-24
9511,Theodore Duncan,1978-08-17
9512,Kayla Wilson,1997-12-20
9513,Соколова Елена Ниловна,1986-03-23
9514,Илья Васильевич Хохлов,1964-10-11
9515,Афиноген Филиппович Гусев,1978-01-07
9516,Emily Weaver,1977-02-13
9517,Kathryn Fernandez,1979-10-07
9518,Amanda Lewis,2002-03-01
9519,Копылова Виктория Кирилловна,1976-04-20
9520,г-жа Трофимова Светлана Ниловна,1980-07-30
9521,Иванов Ермил Жоресович,1984-06-03
9522,Amanda Smith,1983-07-16
9523,Олег Устинович Дементьев,1972-11-06
9524,Wendy Owen,1962-02-01
9525,Вероника Эдуардовна Князева,1966-04-09
9526,Елизавета Филипповна Елисеева,1989-05-24
9527,Daniel Little,1994-02-26
9528,Eric Frye,1989-12-05
9529,Лукия Филипповна Муравьева,1963-02-01
9530,Мельников Гордей Егорович,1995-04-28
9531,Степанова Алина Ильинична,1977-02-06
9532,Тетерин Адам Чеславович,1979-01-12
9533,Орлова Ирина Рубеновна,1969-10-18
9534,Копылова Кира Вадимовна,2002-09-05
9535,Stacy Walls,1963-03-19
9536,Ashley Allen,1978-08-31
9537,Logan Anderson,1990-09-09
9538,Будимир Ефремович Зайцев,1988-02-02
9539,Kathy Thompson,1976-10-20
9540,Ефимов Ратибор Матвеевич,1982-12-09
9541,Волков Мечислав Ефимьевич,1986-12-16
9542,Соломон Брониславович Соловьев,1983-11-10
9543,Dale Roberts,1969-04-17
9544,Vanessa Fisher,1978-08-24
9545,Маргарита Харитоновна Яковлева,1961-03-21
9546,Joseph Black,1977-06-01
9547,Ангелина Даниловна Денисова,1984-02-29
9548,Brian Wright,1977-05-19
9549,Anthony Estrada,2000-06-23
9550,Константин Вилорович Яковлев,1960-12-23
9551,Пахомова Ирина Дмитриевна,1984-09-21
9552,Tara Cook,2003-02-13
9553,Радислав Артемьевич Родионов,1961-04-08
9554,Анна Дмитриевна Овчинникова,1969-11-11
9555,Силин Андроник Тимурович,1987-01-24
9556,Kelly Parrish,1970-03-21
9557,Овчинников Любосмысл Харламович,1970-03-08
9558,Scott Guzman,1963-07-14
9559,Larry Adams,1985-11-12
9560,Vincent Shepherd,1993-07-01
9561,Amber Mccoy,1994-12-18
9562,Hannah Dawson,2002-07-11
9563,Theresa Carey,1989-08-31
9564,Stephanie Lee,1981-08-24
9565,Matthew Mcmahon,1977-03-12
9566,Евпраксия Натановна Рябова,1970-01-02
9567,Август Якубович Туров,1961-12-16
9568,Justin Kelly,1962-03-28
9569,Юлия Аскольдовна Уварова,2002-01-05
9570,Jennifer Nguyen,1985-12-21
9571,Степан Феофанович Антонов,1984-05-14
9572,Лазарева Нинель Матвеевна,1965-10-02
9573,Mr. Jordan Olsen Jr.,1972-08-05
9574,Горшков Варфоломей Григорьевич,1983-04-06
9575,Анжелика Дмитриевна Никифорова,1963-12-04
9576,David Conley,1980-01-08
9577,Tanner Smith,1994-08-29
9578,Johnathan Jackson,1977-12-18
9579,Daniel Rodriguez,1998-01-14
9580,Patricia Hall DVM,1975-01-05
9581,Brenda Lucero,1983-08-03
9582,Michele Marquez,1995-06-10
9583,Madison Bennett,1983-05-10
9584,Cynthia Beasley,1997-05-07
9585,Edward Weiss,2000-02-13
9586,Нестор Ануфриевич Яковлев,1987-07-22
9587,Гаврила Афанасьевич Михеев,1986-12-04
9588,Родионов Ираклий Ярославович,1967-03-26
9589,John Smith,1966-01-17
9590,Радован Устинович Самсонов,1965-07-28
9591,Харитонова Фаина Кузьминична,1984-07-03
9592,Richard Smith,1995-06-18
9593,Виноградова Лариса Руслановна,1978-09-23
9594,Таисия Дмитриевна Крылова,1993-02-03
9595,Евдокия Михайловна Киселева,1987-10-20
9596,Amanda Hart,1964-07-29
9597,Megan Garcia,1999-12-26
9598,Felicia Warner,1979-05-29
9599,Иванна Григорьевна Орехова,1969-06-23
9600,Michael Nelson,1990-09-18
9601,David Watson,1998-10-24
9602,Alexis Abbott,1978-03-25
9603,Anthony Downs,1964-03-31
9604,Amy Munoz,1968-12-22
9605,Julie Allen,1967-07-18
9606,Timothy Flynn,2002-11-04
9607,Иосиф Филиппович Муравьев,1975-10-22
9608,г-жа Соловьева Майя Святославовна,1967-12-26
9609,Kelly Allison,1993-10-15
9610,Муравьев Гордей Теймуразович,1978-10-10
9611,Nancy Johnson,1987-04-23
9612,Мартьян Ануфриевич Котов,1981-11-21
9613,Matthew Ryan,1982-09-30
9614,Нинель Александровна Романова,1985-09-29
9615,Michael Hayes Jr.,1969-06-23
9616,Brandon Jones,1990-12-09
9617,Kylie Conner,1989-01-29
9618,Robert Spencer,1986-04-02
9619,Наумова Елизавета Вадимовна,1983-10-17
9620,Katie Brown,1967-06-24
9621,Chris Bailey,1965-02-07
9622,Angel Warren,1988-11-03
9623,James Austin,1982-05-30
9624,Клавдия Антоновна Кононова,1982-02-23
9625,Ия Натановна Рыбакова,1995-09-04
9626,Luis Mueller,1967-09-14
9627,г-жа Горбунова Светлана Захаровна,1969-12-13
9628,Sonya Johnson,1990-12-31
9629,Глеб Гертрудович Нестеров,2001-04-23
9630,Алина Егоровна Савина,1997-07-27
9631,Потапова Алина Валериевна,1981-02-02
9632,Patricia Garcia,1983-08-20
9633,Тамара Болеславовна Большакова,1985-12-11
9634,Рожков Леон Бориславович,1998-01-12
9635,Гурий Ильич Тимофеев,1990-12-01
9636,Elizabeth Keith,1962-07-11
9637,Владимир Филиппович Блинов,1990-03-03
9638,Михеева Ульяна Тимофеевна,1976-01-10
9639,John Bowman,1976-08-31
9640,Brian Price,1974-12-07
9641,Joan Stevens,1975-05-01
9642,John Shields,2000-07-16
9643,Mark Robertson,1998-12-01
9644,Татьяна Станиславовна Гусева,1986-10-23
9645,Beth Gilbert,1984-08-03
9646,Veronica Berry,1965-07-19
9647,Галина Максимовна Афанасьева,1998-02-26
9648,Данилова Прасковья Вадимовна,1992-11-09
9649,Сорокин Пимен Адамович,1988-05-09
9650,Константин Викентьевич Гусев,2000-11-08
9651,Анастасия Юрьевна Карпова,2003-02-10
9652,Stacy Cox,1964-09-30
9653,Соломон Филиппович Харитонов,1972-03-19
9654,Аким Фадеевич Щербаков,1986-12-03
9655,Christopher Bond,1968-04-06
9656,Всеволод Антипович Михеев,1999-07-02
9657,Linda Lara,1988-03-25
9658,Christine Gonzalez,2000-07-07
9659,Alyssa Ramirez,1971-05-25
9660,Jenna Orr,1998-12-02
9661,Любовь Михайловна Рожкова,1968-01-19
9662,Megan Lowe,1964-10-07
9663,Grace Turner,1968-03-04
9664,Mark Rodriguez,1978-03-15
9665,Jeffrey Mitchell,1965-06-13
9666,Natasha Foster,1977-09-22
9667,Рюрик Алексеевич Кулаков,1986-11-01
9668,Логинова Вероника Леоновна,1971-08-01
9669,Виктория Наумовна Фомина,1969-04-29
9670,Juan Jones,1984-11-20
9671,Фортунат Демьянович Емельянов,1970-06-26
9672,Бобылев Кир Тихонович,1977-06-23
9673,Буров Николай Владиленович,1962-05-13
9674,Sarah Williams,1960-05-22
9675,Francisco Snyder,1995-12-06
9676,Ширяева Анна Юрьевна,1977-12-09
9677,Samuel Wallace,1993-01-20
9678,Воронцов Кондратий Иосипович,2002-12-20
9679,Elizabeth Hill,1989-03-08
9680,Colton Gonzalez,1991-03-18
9681,Katherine Collins,1976-04-02
9682,Marissa Cobb,1985-12-26
9683,Richard Wall,1966-01-30
9684,Crystal Moore,2001-01-10
9685,Michael Summers,1985-03-24
9686,Marissa Campbell,1987-06-03
9687,Vincent Cunningham,1967-11-20
9688,Kelsey Mitchell,1980-09-03
9689,Юдина Галина Романовна,1994-10-29
9690,Ashley Vargas,1974-09-28
9691,David Jordan,1994-02-09
9692,Sandra Calhoun,1978-10-10
9693,Ян Артурович Белоусов,1962-11-20
9694,Маргарита Игоревна Фадеева,1969-04-01
9695,тов. Гурьев Наум Демидович,1987-11-20
9696,Никитин Тит Валерианович,2001-11-28
9697,Данилова София Тимуровна,1961-04-16
9698,Ксения Филипповна Воробьева,1966-02-07
9699,Антонина Олеговна Наумова,1989-06-19
9700,Мясников Орест Дорофеевич,1973-03-05
9701,Dr. David Ortiz,1991-09-07
9702,Alexa Robertson,1973-09-16
9703,Нинель Феликсовна Миронова,1967-09-13
9704,Tracy Morales,1992-12-19
9705,Jacob Johnson,1972-02-16
9706,Ксения Романовна Волкова,1987-08-31
9707,Thomas Vasquez,1995-07-10
9708,Erica Anderson,1970-04-18
9709,Joseph Knight,1962-10-01
9710,Ситников Василий Валерьевич,2000-12-04
9711,Филатов Виктор Эдуардович,1992-11-25
9712,Лазарев Зиновий Федосьевич,1974-01-09
9713,Белова Лукия Натановна,1960-08-24
9714,Радим Фёдорович Мишин,1984-05-31
9715,Копылова Фаина Григорьевна,1995-06-24
9716,Куликова Милица Павловна,1972-01-16
9717,Мишина Оксана Вадимовна,1994-02-15
9718,John Maldonado,1999-02-21
9719,Tammy Holmes,1966-12-19
9720,Jocelyn Taylor,1989-12-21
9721,Климент Фокич Романов,1991-02-03
9722,Коновалов Каллистрат Георгиевич,1996-04-07
9723,James King,1976-07-01
9724,Молчанов Богдан Виленович,1986-12-15
9725,Нинель Матвеевна Дорофеева,1978-06-14
9726,Комаров Константин Ермолаевич,2000-02-14
9727,James Reed,1965-04-17
9728,Richard Robinson,1983-02-02
9729,Галкина Пелагея Максимовна,1962-12-03
9730,Michael Henderson,1978-09-07
9731,Cassandra Campbell,1960-05-12
9732,Brenda Mcpherson,1985-11-01
9733,Белозеров Авксентий Терентьевич,1973-11-09
9734,Мухин Исай Фёдорович,1968-08-18
9735,Cheryl Jenkins,1987-10-24
9736,Natalie Orozco,2000-03-31
9737,Колобова Олимпиада Антоновна,1961-09-29
9738,Агата Леоновна Сазонова,1997-04-08
9739,Dennis Branch,1973-06-17
9740,Shelly Perez,1964-03-09
9741,Judy Lewis,1987-12-21
9742,Федотов Евстафий Дмитриевич,2000-10-14
9743,Juan Blankenship,1977-04-17
9744,Elizabeth Mathis,1989-12-08
9745,Lawrence Carroll,1994-12-25
9746,Тетерина Нина Макаровна,1988-11-03
9747,Селиван Антипович Соболев,1977-03-12
9748,Фокин Ратмир Гордеевич,1971-12-26
9749,Милий Елисеевич Абрамов,1985-12-03
9750,Crystal Werner,1967-11-14
9751,Филарет Германович Гущин,2002-12-02
9752,Терентьев Никанор Венедиктович,1981-07-17
9753,Алевтина Рубеновна Пономарева,1977-02-12
9754,Милован Августович Горшков,1989-10-13
9755,Katie Lowery,1978-12-29
9756,Laura Armstrong,1994-10-12
9757,Веселова Ирина Андреевна,1975-07-25
9758,Евсеев Леон Якубович,1984-02-06
9759,Рыбаков Лука Антипович,1985-07-05
9760,Андреева Элеонора Павловна,1997-06-11
9761,Ермаков Виталий Аксёнович,1996-11-26
9762,Natalie Wood,1993-11-04
9763,Ксения Вадимовна Никитина,1990-05-11
9764,Гаврилов Филипп Иосипович,1987-11-11
9765,Valerie Diaz,1995-02-21
9766,Sheri Johnson,1965-09-08
9767,Вера Натановна Третьякова,1988-04-20
9768,Louis Brown,1973-03-10
9769,Лариса Андреевна Мухина,1979-01-18
9770,Christine Johnson,1982-12-25
9771,Kevin Wilson,1972-02-13
9772,Носков Руслан Аверьянович,1969-01-15
9773,Mr. Timothy Collins,1990-04-04
9774,Michael Owens,1987-02-12
9775,тов. Баранов Мартын Эдгарович,1970-09-06
9776,Лука Исидорович Поляков,1981-03-14
9777,Иванна Кирилловна Аксенова,2002-02-14
9778,William Koch,1983-08-19
9779,Маргарита Наумовна Давыдова,2000-06-26
9780,Brian Peterson,1992-10-26
9781,Коновалова Нонна Афанасьевна,1979-07-01
9782,Danielle Davis,1976-03-27
9783,Sharon Larson,1967-11-19
9784,Филарет Вячеславович Смирнов,1992-08-18
9785,Shannon Massey,1977-03-18
9786,Stephen Perry,2002-05-18
9787,Всеслав Ефимьевич Самойлов,1974-10-16
9788,Шарапова Лариса Аркадьевна,1980-03-04
9789,Ирина Вадимовна Емельянова,1975-04-02
9790,Eric Mcclure,1960-12-21
9791,Nicole Thomas,1975-08-01
9792,Элеонора Львовна Зайцева,1994-01-19
9793,James Murray,1988-06-02
9794,Michael King,1983-06-18
9795,Christopher Taylor,1976-09-27
9796,Austin Alexander,1999-06-08
9797,Abigail Kennedy,1981-07-06
9798,Dana Carey,1998-10-30
9799,Архипов Никон Валентинович,1985-07-15
9800,Самойлова Нинель Павловна,2000-07-25
9801,Joshua Adams,2003-01-26
9802,Дроздов Кондратий Евсеевич,1974-08-28
9803,Аксенов Дорофей Феоктистович,1986-12-15
9804,Ковалева Элеонора Георгиевна,1998-08-30
9805,Нина Станиславовна Петрова,1974-09-20
9806,Ершов Исидор Егорович,1980-07-16
9807,Зайцева Валентина Натановна,1984-08-24
9808,Angela Coleman,1960-03-15
9809,Аверкий Харламович Степанов,1986-07-20
9810,Hayley Atkins,1975-04-06
9811,Полина Кирилловна Владимирова,1984-09-10
9812,Brenda Long,1980-06-04
9813,Некрасов Лука Ааронович,1972-04-28
9814,Megan Nunez,1993-03-05
9815,Michael Yang,1988-12-07
9816,Зайцев Влас Арсеньевич,1976-12-03
9817,Tony Johnson,1979-06-14
9818,Гущин Савелий Тимурович,1986-06-03
9819,Katie Meyer,1985-12-27
9820,Изяслав Тарасович Горбачев,1960-09-25
9821,тов. Павлов Никанор Гертрудович,1964-10-10
9822,Кулагин Тимофей Архипович,1998-04-12
9823,Amanda Ellis,1960-12-30
9824,Sarah Calderon,1998-11-14
9825,Thomas Walters,1986-03-17
9826,Емельянова Оксана Афанасьевна,1997-12-17
9827,Людмила Вячеславовна Бобылева,1979-10-02
9828,Jacqueline Reed,1963-08-16
9829,Иларион Фомич Устинов,1994-01-12
9830,Киселева Ульяна Валентиновна,1983-06-27
9831,Вера Руслановна Зуева,2002-09-04
9832,Kimberly Mueller,2001-10-27
9833,Amanda Coleman,1964-08-08
9834,Гришин Парамон Марсович,1981-07-20
9835,Kyle Rich,1978-10-15
9836,Давыд Чеславович Лебедев,1974-08-12
9837,Панова Анна Артемовна,1975-03-12
9838,Аверьян Артёмович Виноградов,1992-08-27
9839,Jacob Johnson,2002-05-01
9840,Николай Бенедиктович Кузнецов,1964-04-20
9841,Октябрина Борисовна Исакова,1989-09-14
9842,Никита Эдгарович Фомичев,1985-04-02
9843,Valerie Atkinson,1990-08-22
9844,Гордеева Вера Богдановна,1972-09-28
9845,Jacob Smith,2003-06-30
9846,Calvin Jones,1987-05-24
9847,David Pugh,1979-07-06
9848,Nicholas Elliott,1974-09-12
9849,Турова Нонна Николаевна,2003-10-19
9850,Mary Wolfe MD,1972-06-24
9851,Нинель Валентиновна Филатова,2000-10-15
9852,Зайцев Милован Бенедиктович,1975-01-12
9853,Eric Stark,1978-04-29
9854,Daniel Pierce,1985-11-12
9855,Michael Patel,1970-04-15
9856,Виктория Архиповна Боброва,1973-12-11
9857,Медведева Ольга Олеговна,1996-12-30
9858,Nicole Edwards,2000-06-04
9859,Панова Лора Рудольфовна,1967-12-25
9860,Linda Smith,1979-07-01
9861,Харлампий Дмитриевич Устинов,1997-04-18
9862,Christopher Todd,1986-05-14
9863,Комиссарова Анжела Святославовна,1974-11-08
9864,Kathryn Torres,1965-07-30
9865,Ершов Андроник Эдгарович,1961-06-29
9866,Willie Andrews PhD,1974-10-27
9867,Панова Елена Валентиновна,1998-09-04
9868,Lindsey Armstrong,1970-10-18
9869,Amy Odom,1999-01-31
9870,Stephanie Stanley,1982-01-01
9871,Олимпиада Святославовна Веселова,1967-09-26
9872,Michael Moody,1999-03-25
9873,Joseph Garcia,1983-01-24
9874,Mr. Tony Shelton,1963-03-14
9875,Gerald Mccarthy,1994-02-12
9876,Stacey Riggs,1983-03-16
9877,Vincent Campbell,1985-09-13
9878,Русакова Агафья Павловна,1993-07-31
9879,Куликова Лукия Семеновна,1985-02-01
9880,Christopher Johnson,1990-02-08
9881,Лидия Тимуровна Власова,1974-06-29
9882,Jacqueline Flynn,1969-11-25
9883,Соколов Нифонт Игнатьевич,1997-09-03
9884,Комиссаров Ярослав Юльевич,1994-07-13
9885,Волкова Евдокия Анатольевна,1994-04-11
9886,Валентина Петровна Вишнякова,1984-08-21
9887,Timothy Johnson,1986-12-18
9888,Савельев Герман Харлампьевич,2003-05-15
9889,Aaron Vaughn,1989-02-02
9890,Майя Мироновна Владимирова,1994-01-18
9891,Глафира Оскаровна Тихонова,2001-04-19
9892,Stephanie Moore,1976-07-18
9893,Самойлов Ким Арсенович,1998-12-12
9894,Mason Davis,1981-12-19
9895,Громова Анжелика Егоровна,1983-07-07
9896,Олимпиада Максимовна Карпова,1981-04-19
9897,Ерофей Егорович Селезнев,1969-09-12
9898,Людмила Сергеевна Мясникова,1978-08-12
9899,Вацлав Алексеевич Кудрявцев,2002-05-28
9900,Федот Венедиктович Смирнов,1978-12-13
9901,Изяслав Тихонович Ершов,1973-08-21
9902,Benjamin Perez,1969-06-23
9903,Jennifer Butler,1971-07-31
9904,Филарет Матвеевич Яковлев,1995-01-10
9905,Cole Vazquez,1993-07-08
9906,Ashlee Hines,1970-12-21
9907,Козлова Милица Тимофеевна,1984-02-05
9908,Сергеев Филимон Устинович,2003-03-13
9909,Константинов Геннадий Теймуразович,1969-12-21
9910,Меркушева Лидия Рубеновна,1990-06-27
9911,София Ефимовна Емельянова,1981-05-21
9912,Cynthia Robertson,1993-04-26
9913,Cynthia Fox,1980-02-13
9914,Timothy Reed,1997-08-07
9915,Ефимов Остромир Эдгардович,1980-01-11
9916,Вадим Гертрудович Никонов,1998-11-11
9917,Фадеева Ия Матвеевна,1980-09-14
9918,Rachel Sutton,1967-10-06
9919,Angela Harris,1999-12-06
9920,Маргарита Константиновна Одинцова,1970-12-28
9921,Jennifer Jimenez,1979-12-09
9922,Jennifer Chavez,1991-04-01
9923,Нестор Давыдович Корнилов,1987-07-21
9924,Lori Rogers,1984-11-11
9925,Kimberly Jackson,1987-02-27
9926,Казимир Феодосьевич Савельев,1982-03-30
9927,Назар Евсеевич Гаврилов,1982-03-29
9928,Jennifer Jones,1998-07-08
9929,Давыдова Евдокия Никифоровна,1972-03-24
9930,Mr. Jay Morton,1989-02-27
9931,Эдуард Аверьянович Шарапов,1972-10-17
9932,Melinda Hall,1991-12-23
9933,Прокл Фокич Красильников,1986-05-08
9934,Уварова Регина Эльдаровна,1968-07-14
9935,Ростислав Ильич Данилов,1980-08-14
9936,Travis Garcia,1999-05-24
9937,Lisa Gilbert,1961-03-26
9938,Jesus Jackson,1995-03-03
9939,Аникита Витальевич Попов,1977-06-18
9940,Шашков Пимен Еремеевич,1985-01-04
9941,Клавдия Эдуардовна Молчанова,1961-02-13
9942,Гришина Алла Владимировна,1966-09-28
9943,Щукина Елизавета Владимировна,1998-11-14
9944,Светлана Тарасовна Бурова,1980-12-16
9945,Эмиль Еремеевич Кузнецов,1973-10-27
9946,Harry Carson,1975-09-25
9947,Турова Марфа Петровна,1963-12-17
9948,Боброва Зинаида Валентиновна,1993-11-02
9949,Ульян Адамович Поляков,1969-04-25
9950,Albert Jones,1969-04-30
9951,Козлова Октябрина Руслановна,1986-05-23
9952,Людмила Владимировна Котова,1961-06-13
9953,Joe Tate,1962-02-01
9954,Natalie Jones,1972-06-16
9955,Debra Taylor,1995-09-20
9956,Харитон Фёдорович Селезнев,1977-11-14
9957,Вацлав Ильич Попов,1982-09-16
9958,Глафира Аркадьевна Дмитриева,1993-05-30
9959,Семенова Майя Васильевна,1971-10-25
9960,Быков Эраст Всеволодович,1983-07-26
9961,Scott Anderson,1995-11-28
9962,Елизар Арсенович Семенов,1989-06-24
9963,Кононова Анастасия Эдуардовна,1971-01-13
9964,Котова Ия Леонидовна,1968-02-01
9965,Norman Valentine,1998-10-18
9966,Russell Sanford,2002-03-26
9967,Панкратий Бориславович Сидоров,1961-06-06
9968,Angie Franklin DVM,2001-01-23
9969,Erica Green,1994-03-18
9970,Велимир Витальевич Самойлов,2002-12-21
9971,Петухова Марфа Олеговна,1980-12-02
9972,Юлий Харлампович Тарасов,1985-08-06
9973,Debbie Holmes,1963-02-23
9974,Королева Синклитикия Викторовна,1971-01-05
9975,Julie Fernandez,1986-03-28
9976,Colin Smith,1989-11-10
9977,Зыкова Валерия Ждановна,1978-11-26
9978,Игнатов Азарий Даниилович,1986-11-30
9979,Devin Martin,1986-10-26
9980,Alyssa Adams,1986-07-15
9981,Omar Chavez,1997-05-22
9982,Денисов Макар Тимурович,1963-08-09
9983,Герасимов Азарий Феоктистович,1964-07-25
9984,Rebecca Johnson,1974-04-11
9985,Wendy Carrillo,1993-08-04
9986,James Woods,1995-04-30
9987,Whitney King,1978-01-08
9988,Веселова Ия Федоровна,1973-12-29
9989,Michael English,1981-02-05
9990,Андрей Ярославович Мухин,2001-06-01
9991,Ефремов Милий Ермилович,1988-11-01
9992,Lawrence Lewis,1978-04-26
9993,Wayne Mitchell,1990-01-02
9994,Кира Вадимовна Абрамова,1992-04-27
9995,Эраст Анисимович Сазонов,1986-03-05
9996,Аполлинарий Федосеевич Журавлев,1990-02-09
9997,Jasmin Sloan,1995-01-28
9998,Casey Tran,1984-07-24
9999,Vickie King,1991-10-07
10000,Mackenzie Ramirez,1993-03-18
10001,Шашкова Александра Михайловна,1965-12-21
10002,тов. Макарова Мария Кирилловна,1975-05-23
10003,Andrew Henderson,1986-04-17
10004,Аристарх Игнатович Антонов,1983-08-18
10005,Kelly Murphy,1963-01-15
10006,Ким Арсенович Воронцов,1967-05-12
10007,Kelly Leonard,1991-01-10
10008,Шубина Лора Петровна,1992-09-29
10009,Фёкла Оскаровна Некрасова,1991-08-06
10010,Павлов Глеб Брониславович,1978-12-19
