username,language
user_11_debrawiley,fr
user_12_petersanthony,ru
user_13_khunter,en
user_14_reynoldsmelissa,ru
user_15_ebutler,es
user_16_lsexton,ja
user_17_mossgregory,zh
user_18_shannon41,ru
user_19_vrodriguez,en
user_20_thutchinson,ru
user_21_garciaerica,ru
user_22_shanethomas,de
user_23_nchurch,ru
user_24_geraldthompson,ru
user_25_rogersdeborah,fr
user_26_gardnerrachael,de
user_27_colleencombs,ru
user_28_aaron18,fr
user_29_anne46,no
user_30_tschmidt,ru
user_31_wolfmichael,no
user_32_lowejoanna,ja
user_33_hdunn,en
user_34_christophersmith,ru
user_35_davidwoods,pt
user_36_hawkinselizabeth,en
user_37_huertawilliam,ru
user_38_richardflynn,ru
user_39_williamyu,it
user_40_georgelarsen,fr
user_41_kurt17,no
user_42_ryan76,es
user_43_robertsantos,de
user_44_aaron88,pt
user_45_ngentry,en
user_46_wendymullins,de
user_47_hruiz,no
user_48_floresmary,fr
user_49_carlos43,it
user_50_millscatherine,de
user_51_crystalglenn,ja
user_52_joanntaylor,ru
user_53_gatesgregory,ru
user_54_blakerobert,en
user_55_ahurst,ru
user_56_bennettemma,ru
user_57_jsnyder,ru
user_58_jimmycarter,en
user_59_jperez,fr
user_60_jonesjoan,en
user_61_nicholasryan,en
user_62_glassjennifer,ru
user_63_fclark,en
user_64_christopherballard,pt
user_65_joseph67,fr
user_66_jared96,fr
user_67_monica98,ru
user_68_sean34,es
user_69_andrewprice,ru
user_70_meghansparks,en
user_71_rileyashley,pt
user_72_michael42,fr
user_73_brownjoseph,de
user_74_tracy06,ja
user_75_ratkinson,it
user_76_fschwartz,es
user_77_yholt,ru
user_78_abishop,ru
user_79_yuhannah,en
user_80_xlogan,en
user_81_morrisondorothy,ru
user_82_emily49,pt
user_83_ruth04,it
user_84_bryantkelly,en
user_85_deckerchristine,fr
user_86_david54,en
user_87_michellechan,zh
user_88_qtaylor,en
user_89_peter79,en
user_90_john39,ru
user_91_justin95,de
user_92_butlermatthew,en
user_93_guerreromichael,fr
user_94_kentadam,zh
user_95_hmclaughlin,en
user_96_vrodriguez,ru
user_97_kim05,pt
user_98_nicholasmason,de
user_99_rjones,ru
user_100_cmatthews,ru
user_101_basskimberly,ru
user_102_emilybutler,fr
user_103_vtyler,no
user_104_greenchristopher,en
user_105_gonzalezantonio,ru
user_106_fyoung,en
user_107_oneillhector,pt
user_108_qparker,de
user_109_michellesmith,pt
user_110_alexanderson,it
user_111_miguel86,ru
user_112_tjackson,es
user_113_gramirez,ja
user_114_lovejames,de
user_115_whall,en
user_116_tarmstrong,fr
user_117_williskristina,ru
user_118_ashley87,en
user_119_odavis,en
user_120_williamsjacob,pt
user_121_njohnson,it
user_122_snydermelissa,en
user_123_angela34,de
user_124_michaelmoreno,ru
user_125_joshuawoods,zh
user_126_nguyenkristina,it
user_127_valerieparrish,en
user_128_danielrandall,fr
user_129_gluna,fr
user_130_nicholeelliott,ru
user_131_michelemelton,es
user_132_robertssonya,de
user_133_mary64,es
user_134_andrew51,de
user_135_jessica67,ru
user_136_jacob37,en
user_137_nprice,ru
user_138_cperry,zh
user_139_alexandra48,it
user_140_cartercassandra,it
user_141_bmiles,en
user_142_mckenzie35,ru
user_143_ocastillo,it
user_144_austinjohnston,pt
user_145_matthewsshelly,ru
user_146_hhall,en
user_147_jennagonzales,ru
user_148_williamayala,es
user_149_christopherhurst,es
user_150_tracy97,ru
user_151_michelle53,en
user_152_evansjessica,de
user_153_perezandrew,en
user_154_brandonwilliams,it
user_155_claudiashelton,en
user_156_cjackson,ru
user_157_lambertlogan,de
user_158_kellymatthew,es
user_159_kathryn37,ru
user_160_qferguson,en
user_161_opittman,pt
user_162_jlee,fr
user_163_jeffreydavis,en
user_164_matthew75,de
user_165_emily57,ru
user_166_johnsonkristin,ru
user_167_crobinson,en
user_168_tjohnson,fr
user_169_websternicholas,ru
user_170_brownjason,ru
user_171_goodmanbridget,ru
user_172_amberjackson,fr
user_173_johnsonmichael,ru
user_174_antonio10,zh
user_175_sullivanjames,it
user_176_joshua13,ru
user_177_lowewillie,ru
user_178_ysilva,ja
user_179_jill41,ru
user_180_ggregory,ru
user_181_jonesheather,pt
user_182_michellemckinney,de
user_183_matthewavila,en
user_184_ibrown,es
user_185_jamesday,no
user_186_kjohnson,ru
user_187_urocha,ru
user_188_ycruz,en
user_189_cross,en
user_190_jennifer18,en
user_191_rickycrawford,es
user_192_michelle02,ja
user_193_hendersonmarcia,pt
user_194_nholmes,ru
user_195_dgarcia,en
user_196_ashley22,en
user_197_josborne,it
user_198_harrisdaniel,ru
user_199_derek41,ru
user_200_baldwincatherine,en
user_201_larrypowell,en
user_202_kristina36,en
user_203_dodsonkristin,ru
user_204_hayeschristopher,zh
user_205_nathanbass,en
user_206_thompsonvictor,it
user_207_stephaniemathis,de
user_208_lisa59,ru
user_209_seth24,pt
user_210_johnsonseth,it
user_211_vmason,pt
user_212_qbailey,zh
user_213_sweeneymegan,it
user_214_gjordan,ru
user_215_wliu,en
user_216_michael23,ru
user_217_georgefields,en
user_218_harmonerin,ru
user_219_wpittman,en
user_220_luis90,pt
user_221_tiffany13,en
user_222_james65,es
user_223_bshelton,en
user_224_johnsonvincent,en
user_225_wmoody,pt
user_226_wmoore,pt
user_227_dustin47,de
user_228_samanthamann,es
user_229_meganbrown,ru
user_230_nathanjohnston,en
user_231_nford,pt
user_232_mariopeters,de
user_233_alyssa77,de
user_234_dominic43,es
user_235_espinozachristian,ru
user_236_proctordana,fr
user_237_cmedina,de
user_238_kelly93,it
user_239_eluna,ru
user_240_james48,pt
user_241_teresaevans,ru
user_242_dustin51,ru
user_243_vwood,fr
user_244_richard67,ja
user_245_spearson,ru
user_246_nicolewatson,ru
user_247_figueroakelsey,zh
user_248_pbrown,ru
user_249_jaclyn43,fr
user_250_victorgriffin,fr
user_251_dunnjames,en
user_252_lclark,fr
user_253_greenbrian,de
user_254_obrooks,pt
user_255_nmoore,ru
user_256_mark03,es
user_257_aliciahorton,ru
user_258_oscar81,en
user_259_nealjodi,ja
user_260_wbowers,en
user_261_debrabrewer,en
user_262_davidklein,es
user_263_william04,ru
user_264_sarahjohnson,en
user_265_oscarperry,pt
user_266_dclarke,pt
user_267_gailking,ru
user_268_bryan88,ru
user_269_teresayoung,en
user_270_robert03,pt
user_271_patricia30,zh
user_272_vduffy,it
user_273_mikebarton,en
user_274_sanderskelly,ru
user_275_mary06,it
user_276_djones,ja
user_277_otrevino,fr
user_278_jonathan24,pt
user_279_samanthasingleton,fr
user_280_rgilbert,ru
user_281_roberthouston,no
user_282_qellis,en
user_283_kristin13,ja
user_284_olutz,pt
user_285_lisa46,ru
user_286_hendersonangelica,ru
user_287_paulroberts,ru
user_288_perezkatherine,de
user_289_darlenewillis,en
user_290_uhuff,fr
user_291_nathanpeters,es
user_292_grahamjohn,ru
user_293_cclements,fr
user_294_rachel88,en
user_295_megan59,en
user_296_samanthareese,zh
user_297_lunacheryl,it
user_298_robinsonmegan,ru
user_299_nathanburnett,en
user_300_grossandrew,en
user_301_shelia26,ru
user_302_ramirezbarbara,es
user_303_jamesperry,fr
user_304_jdudley,en
user_305_adrianreese,es
user_306_alex19,de
user_307_kevin89,en
user_308_yweber,ru
user_309_james66,ru
user_310_jgrant,zh
user_311_evelyn15,zh
user_312_emilyclarke,de
user_313_hallzachary,it
user_314_andersonerin,fr
user_315_dwalker,ru
user_316_sergio00,ru
user_317_kdouglas,en
user_318_travis89,zh
user_319_ediaz,no
user_320_stricklandvicki,it
user_321_fullerjason,zh
user_322_emily11,ru
user_323_sanchezbonnie,ru
user_324_ashley78,ru
user_325_vrodriguez,es
user_326_carrilloelizabeth,zh
user_327_kimberlythomas,en
user_328_hessevan,fr
user_329_stephaniemendez,ru
user_330_steven84,zh
user_331_christopherhinton,it
user_332_schmidtlori,pt
user_333_sarah04,no
user_334_russellwarren,zh
user_335_dixonmark,ru
user_336_matthewjensen,es
user_337_stevenfleming,en
user_338_smorgan,pt
user_339_urussell,no
user_340_samuelgonzalez,it
user_341_luis58,no
user_342_debra64,en
user_343_deborah94,es
user_344_sierrabird,ru
user_345_foxkevin,it
user_346_matthew80,it
user_347_ehebert,ru
user_348_michael99,no
user_349_hendersondaniel,en
user_350_kimberlydurham,en
user_351_catherine23,no
user_352_lyonsdavid,ru
user_353_ythompson,ru
user_354_ronniesimmons,ru
user_355_justin64,en
user_356_ogarcia,it
user_357_roberteverett,pt
user_358_hnewton,en
user_359_xchapman,fr
user_360_ghill,en
user_361_nelsonjennifer,pt
user_362_bruceblair,de
user_363_lowematthew,pt
user_364_andreaavila,ru
user_365_eringonzales,pt
user_366_stevenharper,ru
user_367_christopherjohnson,pt
user_368_suzanne16,en
user_369_robinsonraymond,ru
user_370_patriciakelly,en
user_371_jacobjackson,es
user_372_vhernandez,en
user_373_crystalvaughan,fr
user_374_jason71,de
user_375_fgolden,en
user_376_jacksonmelissa,de
user_377_kyle07,en
user_378_tracymiller,ja
user_379_sanderslaura,ru
user_380_matthew39,zh
user_381_mhodge,de
user_382_christopher29,es
user_383_bjames,es
user_384_xnelson,ja
user_385_caitlinhebert,en
user_386_crystalhayden,ru
user_387_ibenitez,ja
user_388_dorseymatthew,en
user_389_randy09,en
user_390_ashleyjohnson,it
user_391_evanssandra,es
user_392_watkinswilliam,en
user_393_lkaufman,en
user_394_derek99,en
user_395_bgood,en
user_396_leslie63,en
user_397_jmoore,ru
user_398_megan75,en
user_399_tinasanders,pt
user_400_cookpatricia,ja
user_401_ballardannette,zh
user_402_tiffany11,fr
user_403_thomasrogers,en
user_404_reedsamantha,de
user_405_richardsonsusan,ru
user_406_barneseric,en
user_407_ylowe,en
user_408_joshua65,de
user_409_kimberly87,fr
user_410_xdaniels,en
user_411_birdvictoria,en
user_412_kellyphillips,ru
user_413_smithdebra,en
user_414_gutierrezcarolyn,zh
user_415_katiemartin,no
user_416_ksantana,ru
user_417_mullenconnie,ru
user_418_jaime20,de
user_419_pdiaz,fr
user_420_nrogers,en
user_421_aguirrejerry,no
user_422_john41,es
user_423_nathan50,ja
user_424_christina74,ru
user_425_darellano,ru
user_426_rhondabrown,ru
user_427_pharris,ru
user_428_brownjennifer,en
user_429_davidjohnson,it
user_430_smoore,ru
user_431_ronald36,en
user_432_vvalenzuela,fr
user_433_ucampbell,ru
user_434_gmercado,ja
user_435_chandlerrobert,en
user_436_thomasgonzalez,ru
user_437_cindyrodriguez,fr
user_438_dale92,ru
user_439_russellanthony,es
user_440_bgood,es
user_441_thomas22,ru
user_442_joshuabarnes,en
user_443_greggomez,ru
user_444_paulbeck,pt
user_445_eparker,de
user_446_zoeweaver,ru
user_447_david96,ru
user_448_jessetaylor,it
user_449_kimberly81,en
user_450_taylorbrianna,no
user_451_julie29,ja
user_452_ibentley,pt
user_453_kevintaylor,fr
user_454_delgadoethan,pt
user_455_barronjames,zh
user_456_taylorthompson,fr
user_457_margarethartman,es
user_458_donna15,de
user_459_uevans,it
user_460_csawyer,de
user_461_baileykimberly,zh
user_462_oshah,es
user_463_ncortez,en
user_464_keith05,en
user_465_wendymaxwell,ru
user_466_veronicahawkins,fr
user_467_mikestewart,es
user_468_clarkmelissa,de
user_469_ellisallen,fr
user_470_heather00,en
user_471_andrewbrooks,ru
user_472_allisonrowe,en
user_473_daniellefletcher,en
user_474_shannon07,en
user_475_jessica84,de
user_476_frankholt,ru
user_477_ebrooks,ru
user_478_walterselizabeth,ja
user_479_mwilkinson,ja
user_480_nicole18,ru
user_481_davispaul,en
user_482_richard63,de
user_483_vanessa20,en
user_484_keithbailey,ru
user_485_bbarnes,en
user_486_brownnorman,zh
user_487_alexandra01,fr
user_488_megan13,ja
user_489_brandystewart,it
user_490_gjordan,es
user_491_alecwhite,en
user_492_whitakerjon,ru
user_493_dwayneanderson,en
user_494_ublack,es
user_495_larrymorris,it
user_496_jjoyce,pt
user_497_michelehines,en
user_498_margaret72,es
user_499_luishorne,de
user_500_davissara,fr
user_501_jonathan82,ru
user_502_shane84,ru
user_503_jonathan91,en
user_504_scott71,ru
user_505_mandrade,en
user_506_stevenpeterson,ja
user_507_mitchell93,en
user_508_kathleenmurphy,ru
user_509_zsavage,en
user_510_kevin60,ru
user_511_areid,fr
user_512_karen48,ru
user_513_antonio73,en
user_514_mark68,de
user_515_gregorynicole,ru
user_516_jill08,fr
user_517_lreynolds,ru
user_518_navarromark,en
user_519_hughesrandall,ru
user_520_riley40,en
user_521_brettwilliams,ru
user_522_kimberlyrose,en
user_523_thompsonmark,es
user_524_zwest,en
user_525_brianjennings,es
user_526_jonathanwalker,it
user_527_regina72,en
user_528_kingrobin,ru
user_529_sophiamiddleton,ru
user_530_maxwellmelissa,de
user_531_catherineanderson,pt
user_532_kelleyrobert,en
user_533_twilliams,fr
user_534_annawilliams,es
user_535_rebecca88,fr
user_536_wjones,es
user_537_hilljacob,pt
user_538_csantos,ru
user_539_emilyblake,ru
user_540_justin13,ru
user_541_nicholas31,ru
user_542_barnesjustin,ja
user_543_carpenterjennifer,de
user_544_thomas82,ru
user_545_mendozaelizabeth,ja
user_546_awood,es
user_547_nhernandez,ru
user_548_michellebecker,fr
user_549_jjames,es
user_550_michael13,ru
user_551_christopher39,no
user_552_davidduncan,pt
user_553_nturner,ru
user_554_christopherlang,ru
user_555_petersonphillip,en
user_556_robertjones,ja
user_557_valenciaamber,pt
user_558_xpace,en
user_559_gwatson,es
user_560_nholland,ru
user_561_lcarpenter,ja
user_562_pbridges,fr
user_563_gary50,ru
user_564_ngoodman,es
user_565_felicia58,it
user_566_lgraham,fr
user_567_gravesdominique,ru
user_568_ysoto,pt
user_569_plloyd,es
user_570_amanda03,en
user_571_wwright,en
user_572_ualexander,en
user_573_millerbrenda,de
user_574_hamiltoncraig,en
user_575_gary34,it
user_576_tmiles,no
user_577_mcneilteresa,ru
user_578_slee,pt
user_579_ebond,fr
user_580_christophersuarez,no
user_581_larashane,ja
user_582_alexandracordova,en
user_583_martincrystal,es
user_584_lawrence98,pt
user_585_grahamkelly,en
user_586_bryanberg,no
user_587_smueller,de
user_588_ryanpatricia,en
user_589_joshuasmith,en
user_590_sfrye,es
user_591_thomasmarshall,en
user_592_michaelfuller,it
user_593_xnichols,it
user_594_kirbyjill,ru
user_595_benjaminbrown,zh
user_596_davidevans,ru
user_597_jimmy12,en
user_598_ujennings,fr
user_599_andrewli,en
user_600_johnsonjeffrey,ru
user_601_mallen,it
user_602_codyprice,ru
user_603_smithnatalie,ru
user_604_susanblankenship,no
user_605_patriciajacobs,en
user_606_colemontgomery,zh
user_607_julia92,ja
user_608_ltanner,en
user_609_bryantjessica,ru
user_610_mark34,pt
user_611_currymario,ru
user_612_jameshodges,es
user_613_kellyapril,en
user_614_xjimenez,es
user_615_dfoster,ja
user_616_krystal59,fr
user_617_codysilva,en
user_618_melissa51,no
user_619_deanwelch,ru
user_620_mitchellrichard,ru
user_621_gregthomas,ja
user_622_curtisprice,en
user_623_jensendennis,fr
user_624_gina18,en
user_625_lisa87,de
user_626_josephgreen,en
user_627_joshua83,es
user_628_davisstephanie,en
user_629_emilyjones,ja
user_630_uavery,en
user_631_henrypope,en
user_632_scott55,ru
user_633_gordonthomas,ru
user_634_xflores,ru
user_635_kayla68,de
user_636_leeandrew,es
user_637_stevensamber,ru
user_638_cynthiahall,ru
user_639_linda35,en
user_640_patrick41,es
user_641_sharonsmith,pt
user_642_xgarcia,de
user_643_lisa63,en
user_644_judith90,ru
user_645_ryan01,ru
user_646_rogershaw,ru
user_647_mccallashley,ru
user_648_makaylaenglish,ru
user_649_robert79,de
user_650_vgomez,en
user_651_eporter,pt
user_652_porterjean,de
user_653_cfreeman,ja
user_654_mryan,ru
user_655_kennethkennedy,it
user_656_tgraham,en
user_657_jonesthomas,it
user_658_smitherin,de
user_659_christopher20,en
user_660_ofletcher,en
user_661_williamsmichele,ru
user_662_sarahperez,ru
user_663_petergibson,pt
user_664_patriciagilbert,en
user_665_dean37,no
user_666_karen18,en
user_667_nicholas08,ru
user_668_opeterson,fr
user_669_whitedavid,ru
user_670_cheryl59,ru
user_671_debrasmith,de
user_672_hsharp,en
user_673_debrarodriguez,pt
user_674_kellyhernandez,ru
user_675_sanchezdouglas,es
user_676_patricia89,fr
user_677_danielmendoza,no
user_678_wongrobert,ru
user_679_aprilfields,de
user_680_angela13,en
user_681_charlesrogers,en
user_682_holtcraig,it
user_683_smithbarbara,pt
user_684_michael14,en
user_685_jonesjeanette,fr
user_686_morganjermaine,fr
user_687_theresascott,es
user_688_julieturner,pt
user_689_helenbryant,ru
user_690_john19,ru
user_691_alexanderjones,ja
user_692_fernando35,ru
user_693_zacharyjohnson,ru
user_694_npayne,ru
user_695_jefferybrown,ru
user_696_nataliesmith,en
user_697_mcdanielsteven,fr
user_698_adam54,en
user_699_mason50,ru
user_700_david46,ja
user_701_paulareid,ja
user_702_jeffrey49,en
user_703_jonathan22,ja
user_704_yduran,zh
user_705_yangphillip,es
user_706_hruiz,fr
user_707_kimberlywright,ja
user_708_moorejames,pt
user_709_samantha77,en
user_710_nancy12,de
user_711_jeremygarrett,fr
user_712_kelly13,zh
user_713_joshua59,no
user_714_scottgonzalez,ru
user_715_dale70,ru
user_716_aliciacarter,en
user_717_tracy80,es
user_718_gonzaleznicole,de
user_719_lisa30,en
user_720_welchjessica,ru
user_721_erikwright,ja
user_722_tvasquez,ja
user_723_thomas54,pt
user_724_patriciaboone,de
user_725_barbarataylor,en
user_726_nicole04,ru
user_727_brianfrancis,ru
user_728_donald19,en
user_729_kathleengarza,en
user_730_evanpowell,en
user_731_wardrhonda,ru
user_732_lamwendy,pt
user_733_ashley82,it
user_734_leontim,de
user_735_nweiss,pt
user_736_david11,pt
user_737_martinbentley,ja
user_738_michelledurham,en
user_739_matthewbarnes,ru
user_740_espinozamichael,es
user_741_vincent38,en
user_742_yward,fr
user_743_briansnyder,zh
user_744_bhernandez,ru
user_745_leadam,fr
user_746_wnelson,fr
user_747_jeffrey06,en
user_748_brownshelley,ru
user_749_jessica64,en
user_750_jason95,en
user_751_hernandezcrystal,ja
user_752_martinezjoseph,it
user_753_gonzalezwilliam,en
user_754_bstewart,ja
user_755_sballard,en
user_756_wendycobb,pt
user_757_lesliehansen,no
user_758_rskinner,de
user_759_gonzaleslaurie,en
user_760_hudsonneil,en
user_761_harrismarc,en
user_762_yrichardson,pt
user_763_elizabeth34,en
user_764_bcurry,de
user_765_rodriguezcurtis,pt
user_766_williamskimberly,fr
user_767_cwilson,de
user_768_thompsondavid,en
user_769_hmccoy,ru
user_770_mbarnes,en
user_771_shelley18,es
user_772_danielfuentes,fr
user_773_combskayla,es
user_774_jacob08,ru
user_775_xrodriguez,de
user_776_james17,zh
user_777_millerpaula,en
user_778_smullen,ja
user_779_jacob54,ru
user_780_amanda98,pt
user_781_michael67,fr
user_782_laurawallace,ru
user_783_james54,ru
user_784_madison63,de
user_785_theresa25,de
user_786_destinydawson,ru
user_787_laura48,pt
user_788_heather45,zh
user_789_jeffreyreid,en
user_790_halllisa,ru
user_791_rturner,it
user_792_derrick05,en
user_793_fbriggs,es
user_794_jacksonjeffery,de
user_795_ericalevy,en
user_796_rogersamy,it
user_797_laura59,pt
user_798_zachary49,ru
user_799_michaelbrown,de
user_800_latoya49,en
user_801_aaron77,zh
user_802_leenorman,de
user_803_starklauren,it
user_804_victoria55,it
user_805_krystal85,en
user_806_michaelmorris,no
user_807_richardsonmarvin,en
user_808_simonann,pt
user_809_deanna68,de
user_810_garciakelly,no
user_811_agordon,en
user_812_smithamy,en
user_813_lambertalexandria,fr
user_814_adrianajordan,pt
user_815_alvarezmegan,en
user_816_alyssaramirez,ru
user_817_prich,de
user_818_annagrant,en
user_819_robertrose,de
user_820_ginawaters,de
user_821_kanderson,en
user_822_vhodges,en
user_823_plong,ru
user_824_seanclarke,ja
user_825_crobinson,de
user_826_fernandezlindsey,ru
user_827_jillnavarro,es
user_828_daniel54,ru
user_829_mcooper,es
user_830_matthewgriffin,ja
user_831_newmankelly,no
user_832_warrenwilliam,en
user_833_williamsthomas,ja
user_834_xmoon,no
user_835_tonya59,pt
user_836_jimenezjessica,en
user_837_ashleyhodge,ru
user_838_zalvarez,de
user_839_halljohn,fr
user_840_edwardperez,it
user_841_paulmullen,it
user_842_wendy27,en
user_843_gina91,de
user_844_scarter,en
user_845_taylorochoa,es
user_846_quinnmonica,en
user_847_brownashley,fr
user_848_debrapeters,ru
user_849_davidmiller,en
user_850_danny38,pt
user_851_rayashley,en
user_852_laurie40,ja
user_853_eharris,fr
user_854_jeffreywest,it
user_855_erik40,it
user_856_abrown,it
user_857_dcook,en
user_858_mark97,en
user_859_michaelwebster,es
user_860_heather61,es
user_861_sarah65,it
user_862_zzimmerman,ru
user_863_khanwanda,ru
user_864_frazierkathleen,fr
user_865_ricedanielle,zh
user_866_nscott,pt
user_867_joseph39,es
user_868_bowenthomas,en
user_869_brentphillips,ru
user_870_jasonbird,fr
user_871_glennjoshua,it
user_872_paulnguyen,en
user_873_shirleyallen,ja
user_874_laurawright,zh
user_875_joshuavelasquez,ru
user_876_vlewis,no
user_877_qwhite,en
user_878_dawncarlson,en
user_879_kruegertammy,ru
user_880_pthompson,de
user_881_smoreno,de
user_882_bjuarez,no
user_883_omcdonald,ru
user_884_nicholas18,ru
user_885_richardrobertson,it
user_886_erika69,fr
user_887_gparker,ru
user_888_lawrencecatherine,zh
user_889_umiller,ru
user_890_boonejessica,en
user_891_murphyariel,en
user_892_joseph03,en
user_893_destiny89,ru
user_894_danielrussell,no
user_895_carla67,zh
user_896_matthewsstephanie,ja
user_897_aaronhayes,ru
user_898_williamsbrian,en
user_899_laura12,en
user_900_stacylawson,fr
user_901_cmoss,fr
user_902_howardstephen,en
user_903_ocrawford,en
user_904_marthamitchell,it
user_905_padams,ru
user_906_leslieaguilar,en
user_907_adamsjennifer,en
user_908_brianalexander,ru
user_909_rbaxter,de
user_910_tcastro,de
user_911_kwilliams,pt
user_912_mholder,en
user_913_amandaclark,pt
user_914_cruiz,fr
user_915_rthomas,en
user_916_martin83,de
user_917_marymason,ja
user_918_cwatts,es
user_919_williamsrodney,ru
user_920_susanbarker,fr
user_921_jennifer27,en
user_922_allisongriffin,zh
user_923_rosejones,en
user_924_alyssaperry,no
user_925_jane08,fr
user_926_grichardson,en
user_927_carol96,fr
user_928_richardsonjoshua,fr
user_929_tyler57,ja
user_930_lewisjeffery,es
user_931_ricky19,fr
user_932_fosterashley,it
user_933_danielbryant,fr
user_934_weaveralexandria,zh
user_935_mmoore,fr
user_936_gregoryhunt,en
user_937_alisongordon,en
user_938_zacharyflowers,de
user_939_stevensonnicholas,es
user_940_david88,ru
user_941_ycollins,en
user_942_deanna64,es
user_943_mhowell,ru
user_944_janicescott,ru
user_945_taylorstewart,de
user_946_jill20,pt
user_947_eric28,de
user_948_rickmartin,zh
user_949_lrobles,it
user_950_zvaughn,en
user_951_claudia03,no
user_952_fwashington,en
user_953_amanda69,no
user_954_cynthiadougherty,es
user_955_wbell,en
user_956_alyssahunter,ru
user_957_david48,pt
user_958_steven67,ru
user_959_tina21,pt
user_960_grangel,it
user_961_kayla94,es
user_962_smithscott,pt
user_963_parksjennifer,pt
user_964_ble,no
user_965_ukelley,en
user_966_grahamluis,no
user_967_jeffreybell,ru
user_968_brianperkins,de
user_969_wnichols,en
user_970_jmanning,ja
user_971_tbecker,ja
user_972_michaelmoore,fr
user_973_salinasandrew,no
user_974_craigsmith,pt
user_975_williamgraham,ru
user_976_fitzpatrickmelissa,ru
user_977_hardybenjamin,ru
user_978_andrew65,zh
user_979_vmiller,de
user_980_fmorrison,zh
user_981_wmueller,ru
user_982_jennifer64,ru
user_983_thomaspatricia,no
user_984_levinedonald,zh
user_985_vazquezvanessa,en
user_986_whahn,en
user_987_william02,ru
user_988_sandersjason,pt
user_989_larsenjacob,en
user_990_tinadonaldson,en
user_991_scottjames,ru
user_992_spearscraig,zh
user_993_ebailey,ru
user_994_justin22,en
user_995_anthonybenson,ja
user_996_torresemily,es
user_997_oreese,pt
user_998_pstafford,en
user_999_aarnold,es
user_1000_zachary94,ru
user_1001_rodriguezkaren,en
user_1002_owensrandy,ru
user_1003_frederick54,en
user_1004_luke33,en
user_1005_benjamin21,pt
user_1006_harristhomas,ru
user_1007_michael87,en
user_1008_cynthia34,en
user_1009_josephmoreno,pt
user_1010_tkramer,it
user_1011_xmiller,ru
user_1012_porteralexander,ja
user_1013_williamskimberly,de
user_1014_zdunlap,pt
user_1015_chelseastone,en
user_1016_whaley,en
user_1017_gregory33,ru
user_1018_cindy92,ru
user_1019_brettterry,it
user_1020_lorettaromero,en
user_1021_moorerichard,ja
user_1022_robertgraham,fr
user_1023_bhall,fr
user_1024_chadyoung,ru
user_1025_paul87,es
user_1026_williammartin,ru
user_1027_cruzjeffrey,ru
user_1028_rebeccaobrien,de
user_1029_lori09,ru
user_1030_fhernandez,es
user_1031_brendapeterson,ru
user_1032_shelleycline,ru
user_1033_floreskyle,it
user_1034_timothyjohnson,en
user_1035_brownanthony,ru
user_1036_xrivas,zh
user_1037_duffytammy,ru
user_1038_david95,it
user_1039_abest,ru
user_1040_jacquelinegibson,ru
user_1041_richardsonpeggy,en
user_1042_jamesgarcia,ru
user_1043_stoutchristina,ja
user_1044_smithkatelyn,ru
user_1045_allison13,ru
user_1046_sherri44,es
user_1047_adrian73,ru
user_1048_joannaprice,en
user_1049_matthew14,ru
user_1050_iquinn,ru
user_1051_joseph69,es
user_1052_ross83,de
user_1053_alicia54,es
user_1054_robertharrell,en
user_1055_hjones,es
user_1056_davisamy,de
user_1057_ericshaw,ru
user_1058_gregwood,de
user_1059_wwallace,pt
user_1060_heatherhicks,ru
user_1061_willienelson,es
user_1062_jennifer47,it
user_1063_savagerobyn,de
user_1064_danielpatel,en
user_1065_steve96,pt
user_1066_doriswells,ru
user_1067_erojas,en
user_1068_hallconnie,en
user_1069_uevans,ja
user_1070_dortiz,en
user_1071_garycombs,zh
user_1072_hwalker,ru
user_1073_tracy40,ru
user_1074_careysusan,fr
user_1075_ldoyle,ru
user_1076_npeterson,en
user_1077_lauren51,fr
user_1078_brennanpeter,de
user_1079_john27,en
user_1080_jonathancunningham,pt
user_1081_smithricardo,de
user_1082_shellybarr,en
user_1083_wwagner,fr
user_1084_larsenjay,ru
user_1085_victoria27,ja
user_1086_alvaradosara,it
user_1087_lynnmallory,fr
user_1088_kenneth09,es
user_1089_qhenderson,es
user_1090_amypowell,ru
user_1091_qcurry,en
user_1092_david03,ru
user_1093_angelawelch,en
user_1094_cynthia42,en
user_1095_susanpatel,en
user_1096_gfowler,ru
user_1097_scarroll,en
user_1098_thammond,ja
user_1099_msutton,en
user_1100_sonya68,ru
user_1101_thomas06,zh
user_1102_crawfordamanda,ru
user_1103_chanjoshua,it
user_1104_allisonkaren,ru
user_1105_richardturner,ru
user_1106_qsanchez,es
user_1107_judybailey,no
user_1108_andrew69,de
user_1109_jenniferortiz,fr
user_1110_sawyermatthew,de
user_1111_mariamartin,en
user_1112_benjamin07,ru
user_1113_amiller,en
user_1114_pamela72,ja
user_1115_pgilbert,es
user_1116_billybrooks,it
user_1117_alicehammond,es
user_1118_martinsharon,pt
user_1119_kathycarlson,fr
user_1120_kristinramos,en
user_1121_henry60,de
user_1122_lopezjesse,ru
user_1123_morgan64,fr
user_1124_robin86,ru
user_1125_russellmichael,ru
user_1126_elijah33,it
user_1127_lauradaniels,en
user_1128_jill01,es
user_1129_dbriggs,de
user_1130_fmays,no
user_1131_sheila99,it
user_1132_nicolewest,pt
user_1133_susan61,no
user_1134_rosecarolyn,fr
user_1135_youngchristopher,fr
user_1136_vasquezshannon,ru
user_1137_alexiswoods,zh
user_1138_scottdeborah,no
user_1139_martineztyler,en
user_1140_armstrongchristina,ru
user_1141_amy82,ja
user_1142_vjohnson,en
user_1143_trevorlewis,en
user_1144_colediane,ru
user_1145_jeffery72,it
user_1146_marqueznicole,de
user_1147_oibarra,en
user_1148_michael04,ru
user_1149_cindy72,fr
user_1150_richardkennedy,ru
user_1151_cassie42,es
user_1152_bradfordnancy,ru
user_1153_michaellee,en
user_1154_timothywood,en
user_1155_valeriebarrera,en
user_1156_wharris,es
user_1157_petersdouglas,es
user_1158_keith97,de
user_1159_campbelltimothy,ru
user_1160_wintershannah,ru
user_1161_toddjones,ru
user_1162_kathyjones,fr
user_1163_johnanderson,ja
user_1164_danielmorris,en
user_1165_fischerross,ja
user_1166_lsmith,en
user_1167_darinchapman,en
user_1168_scott34,en
user_1169_yalvarado,es
user_1170_richardbautista,ru
user_1171_dsmith,en
user_1172_garciaphilip,en
user_1173_williamskimberly,ja
user_1174_awang,en
user_1175_steven99,ja
user_1176_kylie54,ru
user_1177_hpowell,en
user_1178_padillaabigail,fr
user_1179_susan94,ru
user_1180_gomezpaul,en
user_1181_qjoyce,ru
user_1182_rhodescharles,ru
user_1183_stephanie60,en
user_1184_kylie59,en
user_1185_tonyakennedy,ru
user_1186_andres97,es
user_1187_jason75,ru
user_1188_lgordon,en
user_1189_kimberly64,ja
user_1190_ysantiago,de
user_1191_ojacobs,it
user_1192_john01,no
user_1193_peggywallace,ru
user_1194_tinawilliams,it
user_1195_phillipslori,ru
user_1196_biancagoodman,ru
user_1197_gibsonsteven,zh
user_1198_wilsonshaun,it
user_1199_john59,de
user_1200_gilljames,de
user_1201_vtorres,ja
user_1202_james50,en
user_1203_rchapman,ru
user_1204_lisa38,ru
user_1205_glassmary,en
user_1206_williamsdavid,no
user_1207_sponce,fr
user_1208_jennifer83,it
user_1209_timstevenson,zh
user_1210_davissabrina,ru
user_1211_rodriguezjoseph,it
user_1212_umccarthy,ru
user_1213_melissa57,fr
user_1214_maxwellalbert,de
user_1215_mpeters,en
user_1216_xmcneil,en
user_1217_lesliediaz,en
user_1218_hillmaureen,en
user_1219_ericjackson,ru
user_1220_tammy23,de
user_1221_millererica,ru
user_1222_josephconley,de
user_1223_moyerjames,zh
user_1224_ianholmes,en
user_1225_amyramos,es
user_1226_grayjeffrey,no
user_1227_sloansheena,no
user_1228_jdavis,ru
user_1229_espinozarebecca,ru
user_1230_jonesheather,ru
user_1231_ihumphrey,fr
user_1232_mezajanice,es
user_1233_keyeileen,fr
user_1234_markjohnson,ru
user_1235_michael44,es
user_1236_alexisnorman,en
user_1237_gilmorejennifer,es
user_1238_randalllaura,es
user_1239_smithdanielle,en
user_1240_patrickgraves,zh
user_1241_hernandezjuan,de
user_1242_adamslaura,fr
user_1243_sarahdawson,fr
user_1244_briannarobinson,it
user_1245_fischershannon,fr
user_1246_schwartzchristine,ru
user_1247_fmaldonado,ru
user_1248_sthomas,en
user_1249_laurenmoore,en
user_1250_iduran,en
user_1251_gonzalezpatricia,ru
user_1252_gweaver,de
user_1253_snelson,en
user_1254_michaelcarpenter,en
user_1255_salinaskelly,ru
user_1256_larmstrong,it
user_1257_nbenjamin,ru
user_1258_connerheather,it
user_1259_melanie19,it
user_1260_william68,fr
user_1261_laurie20,de
user_1262_phyllis73,en
user_1263_james25,de
user_1264_heather10,no
user_1265_christophersmith,zh
user_1266_qmoore,en
user_1267_smithnicole,no
user_1268_dawn32,fr
user_1269_guerrabrenda,en
user_1270_nvaldez,en
user_1271_gregorymoore,ru
user_1272_fkirby,ru
user_1273_lisadean,ru
user_1274_dayshawn,zh
user_1275_kwilson,en
user_1276_belljonathan,es
user_1277_jeffreynunez,de
user_1278_tdominguez,ru
user_1279_normansavage,ru
user_1280_zpowell,en
user_1281_daniel38,en
user_1282_blackzachary,de
user_1283_daniel78,ru
user_1284_robert87,en
user_1285_ydennis,en
user_1286_ashley52,en
user_1287_pfranklin,en
user_1288_gwhite,fr
user_1289_kingethan,es
user_1290_davidmichelle,fr
user_1291_oliverrebecca,ru
user_1292_bradleykyle,ru
user_1293_mitchell74,ja
user_1294_frenchlaura,en
user_1295_julia63,es
user_1296_robertfernandez,fr
user_1297_xhill,zh
user_1298_imckenzie,it
user_1299_fernandeztimothy,en
user_1300_donaldbaker,fr
user_1301_terri12,ru
user_1302_williamfrey,en
user_1303_michaelgonzales,pt
user_1304_benjamin10,ja
user_1305_salazarmartin,en
user_1306_rodriguezdavid,fr
user_1307_thompsonamanda,pt
user_1308_john51,en
user_1309_michellejames,en
user_1310_mphillips,no
user_1311_ramosamber,no
user_1312_abarry,ja
user_1313_hayscynthia,no
user_1314_amorris,es
user_1315_davidmolly,ja
user_1316_david74,de
user_1317_nicolelewis,fr
user_1318_clineamanda,en
user_1319_robertconley,en
user_1320_ywilliams,en
user_1321_qjohnston,ru
user_1322_sharon06,ru
user_1323_cindy43,pt
user_1324_scraig,en
user_1325_bergmichael,ru
user_1326_asnyder,ru
user_1327_rlewis,ru
user_1328_zfreeman,it
user_1329_christopherwebb,ru
user_1330_meghan70,es
user_1331_robertwilliams,it
user_1332_guzmanandrew,zh
user_1333_joshuaadams,ru
user_1334_hannahwiggins,en
user_1335_courtney79,es
user_1336_matthew47,ru
user_1337_megan89,en
user_1338_ofernandez,ru
user_1339_boydcarla,it
user_1340_holmesmelissa,es
user_1341_wileyjacob,no
user_1342_khill,ru
user_1343_perezchristina,en
user_1344_khood,en
user_1345_fowlerfrank,ja
user_1346_twilliams,ru
user_1347_freemantonya,en
user_1348_robert54,en
user_1349_williamsandrew,es
user_1350_smithrebecca,en
user_1351_smithmark,de
user_1352_tdominguez,en
user_1353_lgraves,no
user_1354_lrobertson,en
user_1355_rodgerschelsea,it
user_1356_michael75,en
user_1357_david32,pt
user_1358_zdelgado,pt
user_1359_nancysims,en
user_1360_shannonmitchell,en
user_1361_vanessadavis,en
user_1362_bentonlisa,de
user_1363_ahill,pt
user_1364_johnsonjessica,no
user_1365_stephensmith,no
user_1366_olee,ru
user_1367_courtney80,en
user_1368_ingramgloria,fr
user_1369_dfigueroa,it
user_1370_dennis35,de
user_1371_smithtammy,ru
user_1372_tnguyen,it
user_1373_weaververonica,it
user_1374_munozdebra,en
user_1375_carmen78,es
user_1376_elizabeth79,en
user_1377_todd12,zh
user_1378_richardmichael,ru
user_1379_shelleygreen,en
user_1380_gboyle,pt
user_1381_muellernatalie,ru
user_1382_nrose,en
user_1383_hmoreno,en
user_1384_melissa19,ru
user_1385_candicevaughn,ru
user_1386_scott25,de
user_1387_raymond68,ru
user_1388_fromero,pt
user_1389_wellsjennifer,en
user_1390_gary63,ru
user_1391_juan31,pt
user_1392_tylerstuart,it
user_1393_debbie27,fr
user_1394_glassrenee,no
user_1395_bellmaureen,ru
user_1396_dennis03,en
user_1397_samuelhoward,no
user_1398_jensenleonard,ja
user_1399_cheryllyons,ru
user_1400_brandonnunez,ja
user_1401_karenhouston,en
user_1402_anne56,ru
user_1403_scottreyes,ru
user_1404_dwilkins,en
user_1405_williamstara,it
user_1406_tibarra,de
user_1407_amber22,es
user_1408_zholden,de
user_1409_matthewflores,ru
user_1410_tiffany13,en
user_1411_michael38,en
user_1412_waltersbryan,ru
user_1413_xwillis,en
user_1414_ashleydaniel,no
user_1415_rjordan,en
user_1416_hernandezalicia,ru
user_1417_adamsmonica,zh
user_1418_ndaniels,fr
user_1419_margaret61,ru
user_1420_ehoffman,de
user_1421_sarahgregory,ru
user_1422_anthony57,ru
user_1423_qjohnson,en
user_1424_laurencoleman,fr
user_1425_wrightstacy,ru
user_1426_carol29,en
user_1427_pnash,ja
user_1428_lindsey54,ru
user_1429_lisa41,pt
user_1430_brooke92,ru
user_1431_mariapetersen,de
user_1432_thomaswhite,de
user_1433_bolsen,pt
user_1434_zgonzalez,de
user_1435_dmartin,en
user_1436_raymond80,en
user_1437_bradleyewing,fr
user_1438_jfleming,pt
user_1439_ray26,en
user_1440_pricestephanie,ru
user_1441_mwilliams,es
user_1442_istanley,en
user_1443_rmoore,es
user_1444_olee,fr
user_1445_ugill,es
user_1446_jenniferpeterson,es
user_1447_jasmineholmes,en
user_1448_rdunn,ru
user_1449_michael23,de
user_1450_delacruzalison,no
user_1451_wattsvanessa,ru
user_1452_veronica18,es
user_1453_daltonbryant,en
user_1454_wilkinsonpatrick,ja
user_1455_hsnyder,fr
user_1456_amartin,no
user_1457_damon73,ru
user_1458_gonzalezmelissa,es
user_1459_carneybradley,en
user_1460_stephanie30,en
user_1461_flin,ru
user_1462_ashleysimpson,ru
user_1463_batesjonathan,ru
user_1464_alyssamcdonald,pt
user_1465_joycegary,de
user_1466_whiteeric,pt
user_1467_ryan76,de
user_1468_alyssa28,en
user_1469_aparker,es
user_1470_kenneth11,ru
user_1471_michelleaustin,en
user_1472_dixoncheryl,es
user_1473_craigcontreras,it
user_1474_tsmith,en
user_1475_tonyrios,ru
user_1476_hhoffman,en
user_1477_anitashaffer,zh
user_1478_williamsheather,es
user_1479_ejohnson,zh
user_1480_robertfranklin,en
user_1481_annayoung,pt
user_1482_martinwilliam,en
user_1483_mark99,en
user_1484_cherrydeborah,zh
user_1485_davidsolis,de
user_1486_kevin94,no
user_1487_youngjose,es
user_1488_joseph67,ru
user_1489_bridget88,fr
user_1490_kimberlywright,no
user_1491_angelagibbs,de
user_1492_fcarter,en
user_1493_michael53,ru
user_1494_martinmichael,ja
user_1495_tammiemorales,en
user_1496_christinegeorge,fr
user_1497_stephaniewilliams,en
user_1498_umaynard,ja
user_1499_jmoore,en
user_1500_stephaniedavis,ru
user_1501_mendozastephanie,it
user_1502_greid,en
user_1503_uleach,pt
user_1504_qdawson,en
user_1505_debbiepreston,pt
user_1506_popemichael,pt
user_1507_garretteric,ru
user_1508_ruizjackson,fr
user_1509_juliekennedy,en
user_1510_wkelley,no
user_1511_veronicachandler,ja
user_1512_agallegos,pt
user_1513_sarah11,ru
user_1514_gavin62,fr
user_1515_garciakelly,es
user_1516_garciagabriel,ru
user_1517_thomas78,ru
user_1518_mackbenjamin,es
user_1519_kimberly09,en
user_1520_bryantmonica,en
user_1521_debbiemullen,de
user_1522_zimmermantara,fr
user_1523_wudavid,ja
user_1524_byrdpatricia,pt
user_1525_caldwelljason,en
user_1526_karagordon,es
user_1527_davidalisha,de
user_1528_elizabethwhite,de
user_1529_nlewis,en
user_1530_kimberlyedwards,fr
user_1531_turnernicole,ru
user_1532_pwatson,ru
user_1533_tyler32,es
user_1534_natasha89,en
user_1535_josemartinez,en
user_1536_carterbenjamin,de
user_1537_andreanguyen,en
user_1538_mbrown,en
user_1539_robbinstimothy,en
user_1540_hendricksthomas,pt
user_1541_meganrivera,en
user_1542_roysalinas,zh
user_1543_jay25,en
user_1544_marilyn51,ru
user_1545_jeffrey41,it
user_1546_kathleen50,en
user_1547_gordon79,zh
user_1548_csnow,en
user_1549_tonyfleming,ru
user_1550_ericwilliams,ja
user_1551_sotohannah,it
user_1552_ozamora,en
user_1553_christophermathews,en
user_1554_sherri69,ru
user_1555_rolson,de
user_1556_hshields,zh
user_1557_eric56,it
user_1558_janice94,es
user_1559_nicholashernandez,zh
user_1560_ishepard,fr
user_1561_lopezmichael,no
user_1562_anthonycastaneda,de
user_1563_zsimpson,ru
user_1564_sjones,ru
user_1565_francescox,ru
user_1566_hillsusan,no
user_1567_cheryl47,ru
user_1568_zoconnor,de
user_1569_nicholasreynolds,en
user_1570_wbennett,no
user_1571_pmccoy,de
user_1572_jamesbowman,fr
user_1573_andrew69,ru
user_1574_carolynhernandez,en
user_1575_michelle08,pt
user_1576_jacksonangela,es
user_1577_martinezsandra,de
user_1578_collinsashley,es
user_1579_mhurst,no
user_1580_davisbradley,ru
user_1581_barnesjustin,pt
user_1582_blakemark,fr
user_1583_ljohnson,en
user_1584_denisewallace,ja
user_1585_elizabeth21,en
user_1586_bellcharles,it
user_1587_michael61,es
user_1588_bradley83,fr
user_1589_olsonariel,ru
user_1590_alexandermorrow,pt
user_1591_ojohnston,en
user_1592_smithtracy,zh
user_1593_erin42,ru
user_1594_julieharper,ru
user_1595_ellishayden,ru
user_1596_latoya60,ru
user_1597_kristina94,en
user_1598_mitchellangela,ja
user_1599_westamanda,en
user_1600_gonzalezalex,pt
user_1601_msteele,zh
user_1602_joanne87,it
user_1603_romerokevin,en
user_1604_randyflores,fr
user_1605_lmorales,de
user_1606_melissa00,ru
user_1607_kirktroy,en
user_1608_jacqueline20,de
user_1609_fmcguire,de
user_1610_ijackson,ru
user_1611_dustin53,pt
user_1612_jessicapeterson,ru
user_1613_juliamiller,fr
user_1614_millerrebecca,es
user_1615_bassandrew,fr
user_1616_lopezkarina,it
user_1617_victoria27,de
user_1618_kennedyandrew,no
user_1619_victoriamckinney,ru
user_1620_deannamosley,ru
user_1621_richardmitchell,fr
user_1622_holtsarah,de
user_1623_ruthgriffin,fr
user_1624_williammathews,es
user_1625_daniel09,en
user_1626_dennisbrian,fr
user_1627_tina24,en
user_1628_sheena52,fr
user_1629_walter95,en
user_1630_lewisemily,pt
user_1631_antonio13,en
user_1632_zrodriguez,no
user_1633_nrivera,ja
user_1634_pnorris,en
user_1635_laurensmith,ru
user_1636_guzmanjudy,ru
user_1637_ambercraig,en
user_1638_christina96,en
user_1639_melindajackson,ru
user_1640_carrieforbes,fr
user_1641_qtran,en
user_1642_roberttorres,es
user_1643_samuel66,es
user_1644_donnamcintosh,it
user_1645_tanya91,pt
user_1646_melissa82,ru
user_1647_maldonadobrittany,en
user_1648_diazanthony,de
user_1649_ggonzalez,en
user_1650_nicoleblair,en
user_1651_patrick26,en
user_1652_jreeves,ru
user_1653_reginaldglass,ru
user_1654_rodriguezjohn,en
user_1655_froberson,en
user_1656_tjensen,fr
user_1657_melissa41,ru
user_1658_johnsonkaren,it
user_1659_angelaford,ru
user_1660_joseph61,en
user_1661_hamptongary,de
user_1662_brandymoore,en
user_1663_turnerjoseph,es
user_1664_timothy95,en
user_1665_cjohnson,de
user_1666_kalexander,en
user_1667_wareeddie,en
user_1668_smithandrew,ru
user_1669_sbennett,pt
user_1670_emily94,de
user_1671_hillmichael,pt
user_1672_lrobertson,ru
user_1673_wagnermatthew,en
user_1674_leejennifer,ru
user_1675_oholder,en
user_1676_saundersdanielle,zh
user_1677_mcbrideemma,fr
user_1678_cowens,en
user_1679_charlesrodriguez,de
user_1680_perryashley,it
user_1681_wbeck,en
user_1682_davismatthew,zh
user_1683_emilymills,es
user_1684_wilsonkatie,es
user_1685_sandra90,en
user_1686_iwood,en
user_1687_jennifer80,de
user_1688_gstark,ru
user_1689_mikayla06,de
user_1690_hatfieldmartin,ru
user_1691_qlarson,de
user_1692_douglas95,es
user_1693_bridget29,en
user_1694_sarahbest,pt
user_1695_wrightzachary,ja
user_1696_walshlauren,ru
user_1697_oscarpittman,pt
user_1698_crystal34,en
user_1699_mdominguez,no
user_1700_fwest,en
user_1701_davidrush,pt
user_1702_nsnyder,es
user_1703_hoffmanrachel,ru
user_1704_wsanchez,de
user_1705_johnsonmichael,de
user_1706_nsteele,ru
user_1707_annewilson,ru
user_1708_mwashington,en
user_1709_beckandrea,en
user_1710_bbrown,en
user_1711_rwillis,fr
user_1712_joshuamiller,de
user_1713_usmith,en
user_1714_estradaashley,fr
user_1715_lisa90,ru
user_1716_penamisty,pt
user_1717_andrea52,es
user_1718_cbriggs,en
user_1719_burnsnicholas,en
user_1720_jwheeler,no
user_1721_jeannemccullough,de
user_1722_tristan34,ja
user_1723_robert72,en
user_1724_bdaugherty,no
user_1725_donald36,en
user_1726_christinechang,ja
user_1727_ortegaelizabeth,pt
user_1728_angelajohnson,fr
user_1729_beckermichael,no
user_1730_deleonjulie,es
user_1731_kimberly15,ja
user_1732_jeffery21,ru
user_1733_stephaniefuller,en
user_1734_ewood,pt
user_1735_yhunt,es
user_1736_hughesalexis,es
user_1737_qtorres,de
user_1738_teresa68,es
user_1739_williamslauren,fr
user_1740_qstark,ru
user_1741_amystephenson,fr
user_1742_larryowen,fr
user_1743_davidsonamanda,it
user_1744_dennismichael,ru
user_1745_priscillaruiz,ja
user_1746_stephen64,ru
user_1747_ramosstephanie,pt
user_1748_williamscarl,ru
user_1749_shane70,ru
user_1750_lanceellis,en
user_1751_bward,ru
user_1752_morgansara,ja
user_1753_brandonvaughn,en
user_1754_fstanley,es
user_1755_alvaradojoyce,zh
user_1756_yrodriguez,it
user_1757_dunndebbie,es
user_1758_hughesnicholas,ru
user_1759_sullivanjason,ru
user_1760_owensnicole,ru
user_1761_meganrodriguez,en
user_1762_teresa72,ja
user_1763_wolfejerry,de
user_1764_simpsonjessica,en
user_1765_craig34,ru
user_1766_jean45,zh
user_1767_imooney,en
user_1768_allisonraymond,en
user_1769_wilsonjames,es
user_1770_parkjose,es
user_1771_lesliehenderson,fr
user_1772_lauren89,ja
user_1773_williamparsons,fr
user_1774_markramos,ru
user_1775_chelsea29,ru
user_1776_jamiehowell,de
user_1777_tsanchez,ru
user_1778_rodriguezmegan,pt
user_1779_beckrhonda,en
user_1780_aprilgreen,en
user_1781_thancock,ru
user_1782_browndebra,ja
user_1783_ericksonhenry,en
user_1784_ngonzalez,en
user_1785_kristenharris,pt
user_1786_jasminejohnson,no
user_1787_florescarlos,en
user_1788_lisamcclain,ru
user_1789_fsmall,ja
user_1790_michelleshepherd,en
user_1791_james80,pt
user_1792_stephensalex,no
user_1793_gabrielbrown,pt
user_1794_williamsheather,no
user_1795_kellyfoster,en
user_1796_jdawson,en
user_1797_evansashley,es
user_1798_laura44,en
user_1799_mhaynes,en
user_1800_oroberts,en
user_1801_bellcarl,en
user_1802_psmith,ru
user_1803_carolinehill,de
user_1804_jamiejohnston,pt
user_1805_jenna09,ja
user_1806_bowenmichelle,ru
user_1807_powellmelinda,fr
user_1808_paulcohen,fr
user_1809_carlossanchez,ru
user_1810_smithronald,ja
user_1811_rwarren,de
user_1812_courtney48,fr
user_1813_joshua96,ru
user_1814_taylorrachel,en
user_1815_abigail00,es
user_1816_william99,ru
user_1817_tblair,es
user_1818_jbrown,ru
user_1819_jlynch,de
user_1820_romanmartin,zh
user_1821_xalvarado,en
user_1822_roger63,pt
user_1823_vfleming,it
user_1824_eweaver,en
user_1825_lsmith,ru
user_1826_steven22,pt
user_1827_richardallen,en
user_1828_lreed,fr
user_1829_ywu,zh
user_1830_jeremydawson,ru
user_1831_stevendaniels,de
user_1832_tsmith,de
user_1833_xhodge,es
user_1834_austinjenkins,pt
user_1835_audreymoore,zh
user_1836_catherine55,ru
user_1837_wmorgan,zh
user_1838_ldunn,ru
user_1839_qshort,zh
user_1840_ujones,pt
user_1841_davisamanda,en
user_1842_ujohnson,en
user_1843_desiree73,pt
user_1844_underwoodjake,pt
user_1845_smithkaren,zh
user_1846_hillnathan,it
user_1847_ahunter,ru
user_1848_vsolis,de
user_1849_slewis,ru
user_1850_hstanley,pt
user_1851_sonyaruiz,en
user_1852_anthony81,pt
user_1853_gonzalesdiana,de
user_1854_sabrina79,en
user_1855_kevin54,pt
user_1856_robertdorsey,it
user_1857_lawsonrobert,en
user_1858_aliciatorres,ru
user_1859_clifford35,ru
user_1860_dflynn,ru
user_1861_elizabethcompton,en
user_1862_tinapetty,en
user_1863_catherinehall,ru
user_1864_victorgordon,es
user_1865_martinezmichael,no
user_1866_aaron42,de
user_1867_pedrosmith,es
user_1868_megan12,ru
user_1869_nharvey,it
user_1870_tgarcia,zh
user_1871_tgibson,no
user_1872_sydneykirby,de
user_1873_brianvelasquez,ru
user_1874_samantha06,ja
user_1875_michaeltaylor,ru
user_1876_cooleythomas,ru
user_1877_claudiabarnes,en
user_1878_alanbrown,ru
user_1879_dvincent,en
user_1880_ian89,ru
user_1881_brownmark,es
user_1882_heidivillanueva,pt
user_1883_rachel63,en
user_1884_olivia41,es
user_1885_michellemiles,ru
user_1886_jpennington,fr
user_1887_jacob39,ja
user_1888_masondouglas,ru
user_1889_melaniemarquez,ru
user_1890_kaylavasquez,en
user_1891_michael67,en
user_1892_eadams,de
user_1893_orozcokatherine,zh
user_1894_christina24,ja
user_1895_jessicastone,en
user_1896_lisacarson,ru
user_1897_dmclaughlin,zh
user_1898_qstanley,en
user_1899_reneestephenson,fr
user_1900_glawson,ru
user_1901_kstevens,ru
user_1902_nancy00,ru
user_1903_schmittanthony,es
user_1904_walterwilson,fr
user_1905_gary97,en
user_1906_nmcintosh,de
user_1907_bhernandez,en
user_1908_peter63,de
user_1909_jacksonrobin,ja
user_1910_normarodriguez,ru
user_1911_iholmes,ru
user_1912_michele01,es
user_1913_oward,it
user_1914_leonardbarbara,ru
user_1915_yhayes,en
user_1916_levi38,ja
user_1917_ninacrosby,ru
user_1918_xchen,de
user_1919_lharrison,ru
user_1920_tyler75,de
user_1921_ashley13,de
user_1922_jsanchez,de
user_1923_henryherrera,ru
user_1924_hardyamanda,en
user_1925_jacobrichmond,de
user_1926_sandrapark,ru
user_1927_hudsonerin,ru
user_1928_gilllawrence,fr
user_1929_michellejohnston,ru
user_1930_matthewperez,de
user_1931_lisarodriguez,no
user_1932_brandonterrell,en
user_1933_twilliams,de
user_1934_tanyabarnett,en
user_1935_tjackson,ru
user_1936_walkergail,en
user_1937_thompsonveronica,no
user_1938_ballardjennifer,es
user_1939_robertball,en
user_1940_hcohen,no
user_1941_davisadam,es
user_1942_nancy06,de
user_1943_sarajohnson,ru
user_1944_michael41,en
user_1945_ghill,ru
user_1946_michael18,pt
user_1947_nelsonadam,pt
user_1948_gloria48,ru
user_1949_chandlerdanielle,pt
user_1950_ellisadrienne,ru
user_1951_michellejohnston,en
user_1952_schneidercharles,es
user_1953_williamfleming,es
user_1954_david62,pt
user_1955_dmorris,fr
user_1956_oreynolds,en
user_1957_eric53,pt
user_1958_huntglenn,en
user_1959_baxterlawrence,it
user_1960_ugarcia,zh
user_1961_jcharles,en
user_1962_sthompson,ja
user_1963_tburch,ja
user_1964_yfigueroa,de
user_1965_marybass,fr
user_1966_travisrivera,en
user_1967_annedavila,ru
user_1968_elizabeth89,de
user_1969_michael61,de
user_1970_gperez,es
user_1971_daniellemendoza,ru
user_1972_vbell,ru
user_1973_john98,ru
user_1974_patrickrice,en
user_1975_njohnson,ja
user_1976_lisa91,de
user_1977_eric82,de
user_1978_sharmon,no
user_1979_daniellewright,ru
user_1980_jimenezchristopher,en
user_1981_chaneytravis,en
user_1982_huntdavid,pt
user_1983_danielsoto,es
user_1984_zdiaz,ru
user_1985_phamtara,no
user_1986_qbrown,en
user_1987_angela90,es
user_1988_stuartjoseph,zh
user_1989_brandoncook,ru
user_1990_moralesscott,ru
user_1991_wendy27,ru
user_1992_eandrade,ru
user_1993_kellie69,fr
user_1994_jclark,ja
user_1995_bgarcia,ru
user_1996_rachelwilliamson,es
user_1997_qsoto,en
user_1998_terri04,ru
user_1999_angela82,ru
user_2000_kinglori,it
user_2001_mmitchell,ru
user_2002_jonessarah,de
user_2003_graymelissa,en
user_2004_david65,no
user_2005_joe41,es
user_2006_freemanrichard,en
user_2007_leejoseph,fr
user_2008_dawn40,ja
user_2009_lsingleton,en
user_2010_sylviabradley,en
user_2011_robert94,ru
user_2012_cameronjohn,ja
user_2013_ijohnson,ru
user_2014_jeremiah87,en
user_2015_steventhomas,ru
user_2016_carsonchelsea,pt
user_2017_lgarcia,it
user_2018_robert14,zh
user_2019_tcase,fr
user_2020_daniellebeard,en
user_2021_larrydavis,en
user_2022_hallmeredith,pt
user_2023_matthew58,pt
user_2024_yhill,ja
user_2025_blackwelljesse,es
user_2026_sdavis,en
user_2027_glennbrooks,en
user_2028_medinabobby,ru
user_2029_brian63,en
user_2030_feliciaturner,es
user_2031_morriskayla,en
user_2032_uhendrix,it
user_2033_xbuchanan,en
user_2034_davenportmarie,ja
user_2035_rosariocalvin,no
user_2036_alexander11,zh
user_2037_davidlee,de
user_2038_pwilson,pt
user_2039_yjacobson,de
user_2040_thomas75,ru
user_2041_mossgabriel,ru
user_2042_daniel79,ru
user_2043_davidcooke,fr
user_2044_cory75,zh
user_2045_jamie87,it
user_2046_lawrencejoshua,ru
user_2047_matthewstanton,es
user_2048_emily15,ru
user_2049_ptaylor,en
user_2050_joshua25,ja
user_2051_ilee,fr
user_2052_kristinavaughn,it
user_2053_victor61,ru
user_2054_gerald28,es
user_2055_graceelliott,es
user_2056_jonathanruiz,de
user_2057_bateskatherine,en
user_2058_wpena,it
user_2059_morganbriggs,en
user_2060_vtaylor,pt
user_2061_lisa92,ru
user_2062_robertcross,pt
user_2063_katrinaanderson,pt
user_2064_timothy02,ru
user_2065_johnny57,pt
user_2066_cuevaswilliam,en
user_2067_ashleyrice,ru
user_2068_harry41,fr
user_2069_justinmorales,ru
user_2070_rossjustin,zh
user_2071_cruzpeggy,de
user_2072_rjohnson,es
user_2073_ashley72,en
user_2074_lcook,de
user_2075_mscott,en
user_2076_sharon62,en
user_2077_ngriffin,de
user_2078_csmith,en
user_2079_theresawilson,ru
user_2080_spencepatricia,pt
user_2081_jacobbenitez,en
user_2082_vhill,it
user_2083_scott08,zh
user_2084_diana64,en
user_2085_piercekevin,en
user_2086_ibrown,de
user_2087_david70,ru
user_2088_calebflores,ru
user_2089_emcclain,en
user_2090_smithangela,pt
user_2091_cannontracey,de
user_2092_cwebb,en
user_2093_matthew27,ru
user_2094_williamsonbrooke,en
user_2095_scross,en
user_2096_scott78,it
user_2097_ericmartin,en
user_2098_padams,fr
user_2099_katie23,ja
user_2100_ricejoseph,en
user_2101_elizabethdeleon,no
user_2102_nicholsstephen,pt
user_2103_cwhite,fr
user_2104_janicepace,en
user_2105_rogersalicia,ru
user_2106_elliottsteven,no
user_2107_dunncorey,ru
user_2108_gmiller,es
user_2109_wdavis,en
user_2110_wrightjennifer,zh
user_2111_samantha38,de
user_2112_farleydawn,fr
user_2113_hillpatricia,ru
user_2114_jnelson,ru
user_2115_cory31,it
user_2116_jmedina,pt
user_2117_stacy36,ja
user_2118_vcruz,es
user_2119_nguyenrachel,en
user_2120_cowanlaura,it
user_2121_simpsoneric,ru
user_2122_perezconnie,ja
user_2123_buckleyronald,ru
user_2124_douglasbrock,de
user_2125_mjones,en
user_2126_vlewis,fr
user_2127_ntaylor,ja
user_2128_christopherpowers,fr
user_2129_ssmith,en
user_2130_esteele,en
user_2131_nelsonmichael,ru
user_2132_howardderek,de
user_2133_rossjennifer,ru
user_2134_peterhardin,de
user_2135_joseph88,en
user_2136_lindaduran,pt
user_2137_jimthompson,ru
user_2138_troyfletcher,no
user_2139_rickyperry,ja
user_2140_clarkeangela,no
user_2141_debrashelton,zh
user_2142_daviscarol,ru
user_2143_hbrown,ru
user_2144_ericedwards,ru
user_2145_samuel81,ru
user_2146_joshuaperry,de
user_2147_elizabeth44,no
user_2148_edwardodonnell,en
user_2149_fgraves,en
user_2150_ericbrown,en
user_2151_njohnson,en
user_2152_newtonnathan,de
user_2153_dawnhernandez,pt
user_2154_benjamin85,ru
user_2155_jessica32,ja
user_2156_saracantrell,it
user_2157_tarastanley,fr
user_2158_johnnymelton,it
user_2159_ashley02,es
user_2160_nicoleelliott,ru
user_2161_yvette02,en
user_2162_ibaker,de
user_2163_ifarrell,ru
user_2164_angela86,ru
user_2165_karlhill,ru
user_2166_penningtonkevin,en
user_2167_robertdelgado,en
user_2168_sarah11,es
user_2169_lauriebeck,de
user_2170_codypalmer,it
user_2171_matthewlara,ru
user_2172_danabell,de
user_2173_annaestrada,ru
user_2174_aperez,ru
user_2175_kyle35,it
user_2176_shaherica,zh
user_2177_halljohn,en
user_2178_lauren34,ru
user_2179_wolfmolly,ru
user_2180_kelleylance,zh
user_2181_monica33,zh
user_2182_martinjoshua,de
user_2183_taylordavis,ru
user_2184_gloria76,zh
user_2185_mjohnson,en
user_2186_anthony08,pt
user_2187_emma80,fr
user_2188_john70,es
user_2189_kayla71,es
user_2190_travisgonzalez,en
user_2191_david56,ru
user_2192_nicolejackson,ru
user_2193_lorismith,ru
user_2194_daniel16,it
user_2195_jsmith,en
user_2196_joerodriguez,zh
user_2197_bensonkristen,en
user_2198_calebsmith,es
user_2199_tkelley,ru
user_2200_atkinsonpeter,pt
user_2201_nichole45,es
user_2202_alecwilson,de
user_2203_amejia,pt
user_2204_frederickwhite,ru
user_2205_kristenpollard,en
user_2206_crystalshort,it
user_2207_gthompson,en
user_2208_greenchristine,es
user_2209_andre09,pt
user_2210_stephanie14,en
user_2211_tina61,es
user_2212_elliottethan,ru
user_2213_sharon30,en
user_2214_larrytucker,pt
user_2215_lisa17,en
user_2216_floydedgar,en
user_2217_hernandezstacy,pt
user_2218_jasondavidson,en
user_2219_gutierrezjulie,ja
user_2220_lmoyer,ja
user_2221_rachelross,ru
user_2222_alexanderkenneth,fr
user_2223_saramoore,no
user_2224_alan13,es
user_2225_tjohnson,ru
user_2226_hintonsamantha,ru
user_2227_gbrown,es
user_2228_ebrown,fr
user_2229_savagesteven,es
user_2230_jerryjohnson,en
user_2231_erica85,ru
user_2232_belldaniel,ru
user_2233_catherine40,en
user_2234_rebeccachavez,en
user_2235_tkim,en
user_2236_savannahsmith,ru
user_2237_mitchellwhite,ru
user_2238_kimberly72,en
user_2239_dawn35,de
user_2240_longsarah,en
user_2241_andersonsamantha,ru
user_2242_jeffrey95,en
user_2243_hsmith,ru
user_2244_donna21,fr
user_2245_taramorris,en
user_2246_jose82,en
user_2247_qmathews,en
user_2248_scottkevin,en
user_2249_vincentwashington,ru
user_2250_andersontimothy,zh
user_2251_qlowe,zh
user_2252_chenkyle,pt
user_2253_paul00,de
user_2254_benjaminwoods,ru
user_2255_nicholas87,en
user_2256_morrisrebecca,ru
user_2257_nicholas00,en
user_2258_faith40,en
user_2259_gabrielyoung,ru
user_2260_foxamy,en
user_2261_ddillon,en
user_2262_millerpatrick,en
user_2263_toddbrooks,ru
user_2264_orichardson,en
user_2265_jordan13,ru
user_2266_cfinley,fr
user_2267_ronaldochoa,fr
user_2268_stephanieaguilar,ru
user_2269_michael28,ru
user_2270_lawsoncory,en
user_2271_chad05,pt
user_2272_paula75,en
user_2273_parksjeffrey,fr
user_2274_james99,no
user_2275_aaron18,en
user_2276_edward50,en
user_2277_murphyzachary,no
user_2278_steven50,it
user_2279_osexton,pt
user_2280_larmstrong,ru
user_2281_rickeylewis,en
user_2282_hartgavin,pt
user_2283_adamsalexis,ru
user_2284_samantha03,en
user_2285_woodthomas,pt
user_2286_apreston,pt
user_2287_matthewburnett,en
user_2288_millersabrina,ja
user_2289_lrichardson,en
user_2290_sanchezdavid,de
user_2291_zmartinez,ru
user_2292_pjordan,en
user_2293_christopherpayne,no
user_2294_deborah46,en
user_2295_jeffery18,ru
user_2296_cantrelljohn,de
user_2297_tjones,fr
user_2298_dyermichael,de
user_2299_davidthomas,ja
user_2300_lauren21,de
user_2301_stouttheodore,pt
user_2302_carly17,en
user_2303_linda67,ja
user_2304_kristin00,en
user_2305_ytownsend,en
user_2306_qhammond,ja
user_2307_uwiggins,no
user_2308_hammondmichael,no
user_2309_freemanjacob,en
user_2310_garciameagan,en
user_2311_pamela50,fr
user_2312_ericwalker,ru
user_2313_ocharles,fr
user_2314_heather62,es
user_2315_vscott,es
user_2316_katrina66,ru
user_2317_pamelanguyen,pt
user_2318_karen49,en
user_2319_maddensandra,en
user_2320_jstewart,de
user_2321_brittanypowell,zh
user_2322_lee99,ja
user_2323_bradfordmichael,de
user_2324_smithjessica,no
user_2325_amberstrickland,en
user_2326_ericcarroll,zh
user_2327_tcarr,de
user_2328_ronald55,fr
user_2329_debbie28,ru
user_2330_reyesraymond,es
user_2331_nealaaron,fr
user_2332_laurabell,en
user_2333_cory40,fr
user_2334_sylviarogers,ru
user_2335_peter52,pt
user_2336_ramirezcalvin,ja
user_2337_christinemontes,en
user_2338_qthomas,es
user_2339_stephanieali,pt
user_2340_nicolemiles,en
user_2341_davidmay,ru
user_2342_johnbell,en
user_2343_cassandra67,de
user_2344_franklinmatthew,de
user_2345_brenda54,fr
user_2346_davidhanna,de
user_2347_matthewsjoseph,en
user_2348_pattonelizabeth,en
user_2349_samanthaallen,es
user_2350_ubarker,fr
user_2351_brownmakayla,de
user_2352_williamrosales,en
user_2353_ghoward,ru
user_2354_bradshawchristian,ru
user_2355_victoria45,en
user_2356_millershawn,pt
user_2357_lopezthomas,ru
user_2358_ashleyfoster,pt
user_2359_jasonnorris,ru
user_2360_greenemark,en
user_2361_wujeffrey,en
user_2362_fskinner,ru
user_2363_bprice,en
user_2364_nelsonallen,en
user_2365_nolanamy,en
user_2366_blanchardnicholas,ja
user_2367_corey77,en
user_2368_karen98,en
user_2369_maldonadojoseph,no
user_2370_mariehernandez,ru
user_2371_monica50,it
user_2372_rachael54,fr
user_2373_james89,ja
user_2374_joseph92,ru
user_2375_macknicholas,pt
user_2376_drobertson,ru
user_2377_gibsonkristen,ru
user_2378_costasierra,ru
user_2379_steven54,de
user_2380_kimberlymullins,pt
user_2381_sandra52,ru
user_2382_boothpaul,en
user_2383_brian48,ru
user_2384_vsanchez,fr
user_2385_brandy86,en
user_2386_shannonhanna,ru
user_2387_smithjessica,fr
user_2388_elizabethwilliams,ru
user_2389_gmercado,fr
user_2390_andreanolan,en
user_2391_kimphilip,ja
user_2392_leebelinda,ru
user_2393_smithbrittany,es
user_2394_richardsonjesse,no
user_2395_mary54,ru
user_2396_tclay,ru
user_2397_vmunoz,it
user_2398_pachecoamanda,ru
user_2399_kristi33,en
user_2400_megan50,en
user_2401_garciaerica,en
user_2402_bradley00,it
user_2403_andreadominguez,de
user_2404_aramos,fr
user_2405_lunachristopher,fr
user_2406_robertsandrew,fr
user_2407_gsanders,fr
user_2408_reyesdavid,en
user_2409_ashleygarcia,it
user_2410_melissa09,fr
user_2411_nolanconnie,no
user_2412_loweryalicia,ja
user_2413_brittany58,en
user_2414_cshaw,fr
user_2415_davidjoyce,ru
user_2416_jonathan76,ru
user_2417_katherine49,ru
user_2418_diane14,en
user_2419_plewis,ru
user_2420_todd88,ja
user_2421_michaelbowers,de
user_2422_cynthiajenkins,en
user_2423_steven08,ru
user_2424_hartalyssa,en
user_2425_lori08,ru
user_2426_hawkinscourtney,fr
user_2427_bautistataylor,ja
user_2428_perezlori,fr
user_2429_prussell,pt
user_2430_hilltheresa,de
user_2431_erika38,en
user_2432_jeffreyvasquez,ru
user_2433_paul73,en
user_2434_yvette61,en
user_2435_janderson,ru
user_2436_melissarivera,en
user_2437_dennis44,ru
user_2438_ojohnson,ru
user_2439_lwilliams,no
user_2440_brownronald,pt
user_2441_lawsonphyllis,de
user_2442_jenniferwright,en
user_2443_guerralauren,ja
user_2444_melanie00,en
user_2445_blackburnchristina,it
user_2446_stephanie00,en
user_2447_ywilson,ru
user_2448_pmyers,ru
user_2449_bflores,es
user_2450_carrie75,en
user_2451_corey53,en
user_2452_lhatfield,de
user_2453_williamsjustin,ru
user_2454_richardsonfrank,en
user_2455_pgonzalez,es
user_2456_michellethomas,es
user_2457_hpark,de
user_2458_brooke05,ru
user_2459_kellersteven,ru
user_2460_bryanmelvin,es
user_2461_elizabethmiller,no
user_2462_bergerthomas,en
user_2463_derrick48,no
user_2464_david77,ru
user_2465_randerson,es
user_2466_hmorris,de
user_2467_djones,pt
user_2468_richardgoodman,ru
user_2469_charlestaylor,it
user_2470_mark33,es
user_2471_bushleslie,en
user_2472_whitecynthia,pt
user_2473_lgonzalez,en
user_2474_catherine79,en
user_2475_barrettchristopher,no
user_2476_ashleybeasley,en
user_2477_david41,pt
user_2478_joseph14,es
user_2479_pwhite,ru
user_2480_jallen,no
user_2481_joseph76,fr
user_2482_brentjordan,en
user_2483_ppena,es
user_2484_ireyes,fr
user_2485_dwarren,ru
user_2486_mckenzieperez,ru
user_2487_steven88,ru
user_2488_csanchez,ru
user_2489_douglas37,ru
user_2490_qhoward,en
user_2491_smithrodney,en
user_2492_mariarichardson,de
user_2493_pattersonlisa,en
user_2494_roselisa,ja
user_2495_maryharris,en
user_2496_gonzalezjessica,en
user_2497_eric23,it
user_2498_ebrown,pt
user_2499_lhernandez,ja
user_2500_davidfranklin,ru
user_2501_lisa52,pt
user_2502_christina26,es
user_2503_omorrison,zh
user_2504_karnold,pt
user_2505_daniel52,it
user_2506_taylordouglas,ru
user_2507_pdalton,it
user_2508_hendersonmary,ru
user_2509_derekmorales,es
user_2510_willisjessica,no
user_2511_mary76,es
user_2512_jeffrey15,ja
user_2513_heather39,en
user_2514_stephanie76,de
user_2515_perezmelissa,en
user_2516_rogerschwartz,en
user_2517_alexandragraham,en
user_2518_tamara15,fr
user_2519_xowens,zh
user_2520_dustin59,ru
user_2521_greendoris,de
user_2522_brandon32,en
user_2523_hardincourtney,pt
user_2524_owiggins,en
user_2525_dennis79,pt
user_2526_fhowell,en
user_2527_dustin07,ru
user_2528_barbara78,es
user_2529_cthomas,es
user_2530_llynch,es
user_2531_christina43,en
user_2532_kelly05,ja
user_2533_jocelyn39,en
user_2534_jessicawhite,ru
user_2535_jordanjessica,de
user_2536_christopherwilliams,ru
user_2537_ldavis,en
user_2538_dana69,ru
user_2539_julia71,en
user_2540_williamsdaniel,no
user_2541_ingramrobert,en
user_2542_smiththomas,de
user_2543_randyandrews,de
user_2544_hughesjason,en
user_2545_mariojohnson,en
user_2546_jacksonjustin,ja
user_2547_csilva,ru
user_2548_jessicagardner,ru
user_2549_williamjackson,es
user_2550_ygreen,en
user_2551_zyoung,ru
user_2552_johnsonmegan,it
user_2553_sharonlewis,en
user_2554_willierosales,ru
user_2555_masonrebekah,pt
user_2556_tracy14,ru
user_2557_chris67,ja
user_2558_gcurtis,ru
user_2559_bishopryan,fr
user_2560_michelle98,ru
user_2561_charles49,pt
user_2562_zball,en
user_2563_kevinsims,fr
user_2564_jason53,en
user_2565_hharris,en
user_2566_tzhang,zh
user_2567_nflores,ru
user_2568_tracysmith,en
user_2569_pbennett,en
user_2570_parkercaitlyn,ja
user_2571_victoria34,ru
user_2572_geoffreyreeves,fr
user_2573_mary04,ja
user_2574_wbrooks,ru
user_2575_ashleygardner,en
user_2576_jennifer27,ru
user_2577_andrewsangela,ru
user_2578_briancarson,ja
user_2579_erin26,ru
user_2580_steventhompson,ja
user_2581_martindana,no
user_2582_kristylopez,pt
user_2583_hugheslori,en
user_2584_taylorapril,ru
user_2585_molly90,ru
user_2586_anthonylucas,en
user_2587_brockrhonda,es
user_2588_rreeves,ru
user_2589_deborahcherry,en
user_2590_mauricewalker,zh
user_2591_josewatts,ru
user_2592_deannamartinez,es
user_2593_jonesashley,es
user_2594_syoung,ru
user_2595_robert34,pt
user_2596_cthompson,ru
user_2597_karen22,de
user_2598_marthaandrews,ru
user_2599_michaelbaker,fr
user_2600_vickie08,en
user_2601_jessicasmith,es
user_2602_kristin21,fr
user_2603_christopher55,ru
user_2604_andersonchristine,en
user_2605_crystal59,ja
user_2606_danielevans,it
user_2607_ibennett,ru
user_2608_fordphillip,ru
user_2609_smithmatthew,es
user_2610_harveyamy,fr
user_2611_mwyatt,en
user_2612_williamcampbell,pt
user_2613_jacksonelizabeth,en
user_2614_lisa38,ru
user_2615_woodsmatthew,en
user_2616_jeffrey78,ru
user_2617_landrymary,de
user_2618_kmcintyre,fr
user_2619_thomasstark,fr
user_2620_michael86,es
user_2621_nicholas27,ja
user_2622_ykline,it
user_2623_roberthernandez,fr
user_2624_reesephillip,en
user_2625_tanyajones,de
user_2626_williamsjordan,de
user_2627_ysullivan,es
user_2628_jack27,en
user_2629_derrickramirez,ru
user_2630_robert19,zh
user_2631_scott61,pt
user_2632_patelallen,en
user_2633_gregory31,ru
user_2634_melissa74,en
user_2635_ann04,fr
user_2636_walshkimberly,de
user_2637_laurenjohnson,pt
user_2638_sarah23,pt
user_2639_karenlynch,pt
user_2640_znoble,ru
user_2641_esmith,it
user_2642_ysutton,de
user_2643_jenkinsclaire,en
user_2644_fjensen,ja
user_2645_andrewbarnes,es
user_2646_fosterkelsey,pt
user_2647_kimberly17,es
user_2648_qcollins,ru
user_2649_dmoreno,ru
user_2650_wcarroll,en
user_2651_pmack,ru
user_2652_xtyler,ru
user_2653_danielle38,es
user_2654_kingdarren,de
user_2655_bpierce,fr
user_2656_williamsjacob,de
user_2657_jacqueline29,en
user_2658_wgarcia,ja
user_2659_qtorres,ru
user_2660_bethsharp,de
user_2661_williamskathy,fr
user_2662_shelleyestrada,en
user_2663_dawn46,en
user_2664_melissa68,de
user_2665_josephduke,ru
user_2666_omoore,no
user_2667_michelejohnson,de
user_2668_brian80,en
user_2669_jacobchandler,fr
user_2670_kelleyhannah,it
user_2671_jamesmiller,ja
user_2672_toddevans,ru
user_2673_scottwhite,ja
user_2674_sward,es
user_2675_danielle76,it
user_2676_julie92,ru
user_2677_stacysantana,ru
user_2678_ggonzalez,en
user_2679_douglas78,en
user_2680_ericaporter,fr
user_2681_patrick48,en
user_2682_alexisrogers,es
user_2683_wattsheather,es
user_2684_marthacamacho,ru
user_2685_ramoskevin,ja
user_2686_linda45,ja
user_2687_glopez,ru
user_2688_hodgemeghan,pt
user_2689_jirwin,de
user_2690_bethmullen,es
user_2691_matthewbutler,es
user_2692_warrentara,ru
user_2693_tommy67,ru
user_2694_danielhiggins,es
user_2695_shogan,en
user_2696_ofarmer,zh
user_2697_fmarquez,es
user_2698_salazarmonica,ru
user_2699_tfuller,no
user_2700_reneemacias,en
user_2701_erowland,ru
user_2702_stewarttammy,es
user_2703_elizabethdixon,de
user_2704_christopher14,ru
user_2705_ssmith,en
user_2706_ywilliams,en
user_2707_qwise,en
user_2708_douglasjudith,de
user_2709_vparker,en
user_2710_kennetharellano,en
user_2711_cgarcia,ru
user_2712_jeffreymoses,de
user_2713_oliviagarcia,es
user_2714_brookswilliam,ru
user_2715_zmoss,de
user_2716_nicholasherrera,ru
user_2717_xbailey,it
user_2718_griffinhaley,ru
user_2719_smithnancy,en
user_2720_tonythompson,en
user_2721_laurachapman,ru
user_2722_scottbruce,pt
user_2723_mitchellknox,it
user_2724_myerssheila,de
user_2725_michele94,zh
user_2726_nburch,es
user_2727_johnwilliams,en
user_2728_garyyoung,en
user_2729_ymullins,en
user_2730_josephvalenzuela,es
user_2731_lisa84,en
user_2732_garciaelizabeth,ru
user_2733_samuelsantos,en
user_2734_joneslindsay,de
user_2735_joshuastone,zh
user_2736_dustinkrause,ru
user_2737_joneslarry,no
user_2738_rwilson,pt
user_2739_lloyddavid,pt
user_2740_dyoung,ru
user_2741_sarahruiz,en
user_2742_jill56,en
user_2743_ivan68,it
user_2744_moorebrian,en
user_2745_douglas89,de
user_2746_bdavis,ru
user_2747_znelson,ru
user_2748_snowleslie,de
user_2749_ruben59,en
user_2750_leesandra,fr
user_2751_ricky82,en
user_2752_jeffreyjohnson,fr
user_2753_stephanie95,en
user_2754_kristenle,es
user_2755_amber09,ru
user_2756_yblack,zh
user_2757_lesliebeasley,es
user_2758_darrellwillis,ru
user_2759_terri48,ru
user_2760_alexandra34,en
user_2761_jwalter,ru
user_2762_martinwatson,en
user_2763_ryan25,it
user_2764_pdelgado,it
user_2765_khopkins,pt
user_2766_scottdaniel,ru
user_2767_qpatel,fr
user_2768_malikmays,it
user_2769_ocowan,es
user_2770_melaniegriffith,ru
user_2771_zamorajoseph,de
user_2772_linda90,ru
user_2773_cooksteven,en
user_2774_olarson,ru
user_2775_fordholly,pt
user_2776_averyallison,es
user_2777_moralessusan,ru
user_2778_molly84,zh
user_2779_robertgomez,zh
user_2780_tinareynolds,de
user_2781_griffinraymond,ja
user_2782_thompsoncynthia,en
user_2783_freemanchristopher,pt
user_2784_solismichael,ru
user_2785_carterlauren,ru
user_2786_pamela24,ru
user_2787_aprilrodriguez,no
user_2788_markmiller,ru
user_2789_jasminestanton,de
user_2790_rbuck,en
user_2791_riversdennis,pt
user_2792_krodriguez,ru
user_2793_clynch,en
user_2794_ashley54,en
user_2795_vlawrence,no
user_2796_jeffrey49,ja
user_2797_janemiles,es
user_2798_lisasmith,en
user_2799_lunasharon,en
user_2800_pbrown,ru
user_2801_smithmichelle,ru
user_2802_tamarablair,es
user_2803_uwillis,fr
user_2804_youngmichael,ru
user_2805_davidtaylor,ru
user_2806_nguyenfrederick,en
user_2807_keith98,en
user_2808_kaitlynallen,de
user_2809_joseph11,pt
user_2810_ichung,ru
user_2811_carmen08,en
user_2812_shannonsmith,en
user_2813_matthewyoung,ru
user_2814_qsmith,ru
user_2815_billyclark,ja
user_2816_briggs,no
user_2817_llopez,ja
user_2818_justinowens,ru
user_2819_vrosales,it
user_2820_lisalewis,en
user_2821_randallsheryl,ru
user_2822_sabrina47,ru
user_2823_ycoleman,en
user_2824_nicholas96,de
user_2825_careyjennifer,ja
user_2826_brandi82,en
user_2827_pottslarry,pt
user_2828_markfrey,ru
user_2829_nanderson,en
user_2830_jessica10,en
user_2831_mitchellgallegos,es
user_2832_timothycochran,ru
user_2833_susan73,en
user_2834_csmith,no
user_2835_christopherbender,ru
user_2836_jhahn,ru
user_2837_howardhernandez,it
user_2838_rhondaschmidt,pt
user_2839_johnswanson,ru
user_2840_kaitlin06,no
user_2841_smithblake,en
user_2842_michael13,fr
user_2843_hughestracy,fr
user_2844_jacobsdavid,fr
user_2845_christopher35,en
user_2846_rosejay,no
user_2847_gbauer,ru
user_2848_kelleyjames,ru
user_2849_kempmichelle,zh
user_2850_bpacheco,en
user_2851_uspencer,ru
user_2852_tbell,zh
user_2853_schmittmark,no
user_2854_xhall,en
user_2855_mezakevin,ru
user_2856_erica90,en
user_2857_tracyjohnson,ru
user_2858_cynthia32,de
user_2859_jmartin,no
user_2860_cobbsamantha,en
user_2861_priceamanda,ru
user_2862_alexis37,ja
user_2863_johnsonemma,ru
user_2864_andersonrachel,ru
user_2865_brettwilcox,ru
user_2866_toddwheeler,en
user_2867_mlove,zh
user_2868_toddlarsen,ru
user_2869_chenjustin,fr
user_2870_austin13,ru
user_2871_daniel61,en
user_2872_richardvincent,en
user_2873_brownjames,de
user_2874_padillastacey,ru
user_2875_miguel88,en
user_2876_brandon44,ru
user_2877_branchbrittany,ru
user_2878_cdixon,zh
user_2879_gallowaybridget,de
user_2880_kylemora,fr
user_2881_paul39,no
user_2882_xpatterson,no
user_2883_calvin63,pt
user_2884_vazquezbrian,es
user_2885_mbray,en
user_2886_qkelley,de
user_2887_wilsonmarisa,en
user_2888_andersonelizabeth,zh
user_2889_samantha78,de
user_2890_lcampbell,en
user_2891_julie53,ru
user_2892_oford,en
user_2893_franklinmelody,ru
user_2894_kennethhaynes,zh
user_2895_jimenezlinda,es
user_2896_ghansen,ru
user_2897_larry56,pt
user_2898_sferguson,de
user_2899_dustinbrown,es
user_2900_shawlori,pt
user_2901_justintorres,pt
user_2902_kristinereynolds,ru
user_2903_fullerdustin,fr
user_2904_hubbardmichelle,en
user_2905_dustinharper,no
user_2906_perkinsevelyn,zh
user_2907_lowejeremy,ru
user_2908_stevenchavez,pt
user_2909_hardingpatrick,ru
user_2910_jacquelineshepard,it
user_2911_lauren04,no
user_2912_christopher80,en
user_2913_davidfoster,it
user_2914_eroman,it
user_2915_lisa63,ru
user_2916_welchsteven,fr
user_2917_luislam,no
user_2918_michelle68,ja
user_2919_theresa53,zh
user_2920_jamesallen,ru
user_2921_franklinheather,ja
user_2922_jwalsh,pt
user_2923_philip07,de
user_2924_brittanyyang,de
user_2925_kenneth46,ru
user_2926_xvazquez,pt
user_2927_patriciarodriguez,zh
user_2928_nrodriguez,en
user_2929_marycalderon,en
user_2930_miguelwells,en
user_2931_antonio12,ru
user_2932_danielbauer,ru
user_2933_roy49,ru
user_2934_averywilliam,de
user_2935_danathomas,ru
user_2936_smithroger,zh
user_2937_dunlapjason,ru
user_2938_ericwalker,ru
user_2939_johnsontravis,es
user_2940_alexandersherry,zh
user_2941_nathanbooth,it
user_2942_awhite,en
user_2943_delgadotracy,ru
user_2944_smorris,fr
user_2945_jessicadavis,zh
user_2946_mendozakevin,es
user_2947_jennifermoyer,it
user_2948_gibsonrobert,it
user_2949_vvillarreal,pt
user_2950_roachsusan,en
user_2951_greerjanet,pt
user_2952_alexander76,en
user_2953_wcox,ru
user_2954_johnsontyler,en
user_2955_jessica53,ru
user_2956_michaellewis,ru
user_2957_uharper,pt
user_2958_loweryscott,no
user_2959_johnsonamanda,pt
user_2960_bondbrianna,fr
user_2961_cheryl42,ru
user_2962_james36,pt
user_2963_elizabeth66,ja
user_2964_kimberlypotter,zh
user_2965_walkermichelle,es
user_2966_thomasrose,ru
user_2967_mdiaz,fr
user_2968_caseyjoseph,ru
user_2969_elizabethgutierrez,en
user_2970_cynthiawhitaker,ja
user_2971_david14,ru
user_2972_djackson,es
user_2973_gjohnson,pt
user_2974_annadavis,pt
user_2975_davidbrown,en
user_2976_tyler39,pt
user_2977_patricia89,pt
user_2978_donald49,ru
user_2979_elopez,fr
user_2980_david43,zh
user_2981_sarahprince,pt
user_2982_david30,ru
user_2983_ebony37,de
user_2984_roymyers,pt
user_2985_larsenkyle,ru
user_2986_greg93,es
user_2987_mendozamark,ru
user_2988_mckenziekimberly,pt
user_2989_markharris,ru
user_2990_amber73,zh
user_2991_jamieray,ru
user_2992_carloscarter,ja
user_2993_kristinclay,fr
user_2994_nmiller,zh
user_2995_martinthomas,en
user_2996_bbrown,en
user_2997_rebeccabyrd,ru
user_2998_virginia16,ru
user_2999_adeleon,en
user_3000_christopherjones,ru
user_3001_bradley04,ru
user_3002_hillsteven,en
user_3003_emily48,es
user_3004_lschneider,pt
user_3005_kimberlysilva,zh
user_3006_rushstephanie,en
user_3007_dsimpson,en
user_3008_justintorres,de
user_3009_manuelmoore,ru
user_3010_cooperchad,en
user_3011_xjordan,it
user_3012_ifuller,fr
user_3013_gregorysanchez,ja
user_3014_whiteamanda,ru
user_3015_elizabeth59,ru
user_3016_carriekaufman,it
user_3017_xellison,en
user_3018_clayton90,en
user_3019_dana45,pt
user_3020_sarahking,ru
user_3021_chad83,ru
user_3022_barryrobert,en
user_3023_donnajackson,es
user_3024_alexandriaolsen,de
user_3025_tyler17,zh
user_3026_lgordon,ru
user_3027_forbeskristy,fr
user_3028_leachstephanie,fr
user_3029_scottmike,en
user_3030_cfleming,ru
user_3031_ryanhenson,pt
user_3032_zwarren,ru
user_3033_elizabeth19,zh
user_3034_amber10,ru
user_3035_ktaylor,ru
user_3036_zgrimes,ru
user_3037_rebecca20,ru
user_3038_olong,ja
user_3039_michaelshannon,es
user_3040_michaeljohnson,es
user_3041_patrick42,en
user_3042_robertsjames,en
user_3043_johnsonmelissa,ru
user_3044_graygary,ru
user_3045_thompsonjohn,de
user_3046_stephen44,it
user_3047_victor21,ru
user_3048_zharper,en
user_3049_marthastephens,en
user_3050_michael64,en
user_3051_tony03,ja
user_3052_charles12,fr
user_3053_landerson,ru
user_3054_vasquezstephanie,ru
user_3055_travis60,ru
user_3056_smithjoshua,en
user_3057_mjames,ru
user_3058_matthewdavid,it
user_3059_emyers,en
user_3060_jamesdominguez,en
user_3061_lleon,en
user_3062_wallaceandrea,ja
user_3063_joseph68,ru
user_3064_katherinewilson,de
user_3065_blakeann,ru
user_3066_meganbuck,zh
user_3067_hosborne,en
user_3068_warrenpeter,en
user_3069_jamescunningham,en
user_3070_cranedavid,en
user_3071_oedwards,ru
user_3072_robert44,en
user_3073_barbara30,ru
user_3074_millerlee,es
user_3075_lewisjoseph,ja
user_3076_andersonvictoria,ru
user_3077_danieljones,en
user_3078_melissaadams,de
user_3079_powellamy,pt
user_3080_williamsonalexander,fr
user_3081_mmorgan,de
user_3082_andersonjeffrey,it
user_3083_shepardkelly,no
user_3084_brownvictoria,en
user_3085_jason59,de
user_3086_gcollins,it
user_3087_lori20,en
user_3088_joshuanelson,zh
user_3089_maria89,en
user_3090_pottermeagan,ru
user_3091_harmonroger,zh
user_3092_martineztamara,es
user_3093_jamesfarrell,de
user_3094_masonwillis,zh
user_3095_vincent44,no
user_3096_tinajackson,ja
user_3097_tonyrice,fr
user_3098_agraham,ru
user_3099_ashleymartinez,es
user_3100_carsontheresa,ru
user_3101_dianamedina,pt
user_3102_tmiller,pt
user_3103_emilypena,no
user_3104_billbenjamin,ru
user_3105_karenpetersen,en
user_3106_zmartin,pt
user_3107_redwards,en
user_3108_matthew49,pt
user_3109_tammy22,fr
user_3110_millerbonnie,it
user_3111_danielburnett,en
user_3112_lisa24,zh
user_3113_pcontreras,zh
user_3114_csilva,ru
user_3115_tonibarton,en
user_3116_rjohnson,en
user_3117_aperez,en
user_3118_nbird,en
user_3119_emilyle,en
user_3120_mjohnson,it
user_3121_jeffreyperez,es
user_3122_youngpaul,fr
user_3123_fgilmore,de
user_3124_debra45,en
user_3125_kelsey53,en
user_3126_qalvarez,ru
user_3127_taylorkristi,fr
user_3128_richardbrown,es
user_3129_nancyklein,pt
user_3130_loveamanda,zh
user_3131_jay51,de
user_3132_williamsmith,ru
user_3133_brentwang,en
user_3134_jaime71,de
user_3135_sbond,en
user_3136_stephanie19,en
user_3137_patricia81,en
user_3138_danagibson,en
user_3139_westmichael,fr
user_3140_margaretwillis,ru
user_3141_joshua63,en
user_3142_troy97,ru
user_3143_ashley47,fr
user_3144_vdixon,ja
user_3145_robertrobinson,ru
user_3146_christopher51,zh
user_3147_lisa33,en
user_3148_salinasvictoria,ru
user_3149_monicakirby,es
user_3150_ashleyespinoza,zh
user_3151_dunnsara,zh
user_3152_yhernandez,ru
user_3153_fgalloway,no
user_3154_michaelmedina,en
user_3155_devin40,en
user_3156_james75,en
user_3157_wileykevin,ja
user_3158_mbernard,ru
user_3159_obrienclaire,it
user_3160_carrollandrea,ru
user_3161_lauraedwards,pt
user_3162_brad97,en
user_3163_frank36,no
user_3164_alexanderkathleen,en
user_3165_timothygardner,en
user_3166_wcopeland,fr
user_3167_allenrobert,ru
user_3168_usharp,ru
user_3169_nlloyd,no
user_3170_veronicacooper,es
user_3171_erica16,es
user_3172_troyjohnston,it
user_3173_hancocksara,no
user_3174_patriciafrye,de
user_3175_williamsonkim,ru
user_3176_fjohnson,en
user_3177_randymoore,de
user_3178_dustinreyes,ru
user_3179_phillipflynn,it
user_3180_nataliehunt,it
user_3181_ronald05,ru
user_3182_williamsashley,ru
user_3183_nicolemata,it
user_3184_william09,it
user_3185_deborahevans,ru
user_3186_cbowen,en
user_3187_lopezvincent,zh
user_3188_juliaharper,ja
user_3189_bmoon,en
user_3190_carrcody,no
user_3191_ucollins,de
user_3192_nicholas26,fr
user_3193_daniellebradley,ru
user_3194_jpearson,ru
user_3195_jbush,en
user_3196_kenneth41,fr
user_3197_audreyrose,ru
user_3198_owerner,it
user_3199_hrivers,fr
user_3200_josephlin,en
user_3201_williamcurtis,ru
user_3202_alicia54,zh
user_3203_mathew59,es
user_3204_thernandez,ja
user_3205_lopezjennifer,en
user_3206_kevin08,en
user_3207_nestrada,ru
user_3208_daniellehunt,de
user_3209_nancystark,pt
user_3210_chelsey47,it
user_3211_gonzalezmichelle,fr
user_3212_jenniferwilliams,ja
user_3213_marygonzalez,en
user_3214_dbaker,en
user_3215_jessica59,ru
user_3216_khandebra,es
user_3217_marcus67,es
user_3218_tylermoore,ru
user_3219_andrewhorton,zh
user_3220_hjackson,fr
user_3221_stevefranklin,fr
user_3222_tanyagordon,ru
user_3223_victor78,en
user_3224_kgibbs,no
user_3225_grantmichael,en
user_3226_jeffrey74,pt
user_3227_daniellejones,fr
user_3228_toddlewis,en
user_3229_peterstyler,en
user_3230_amanda73,en
user_3231_michelle70,en
user_3232_murphychristopher,en
user_3233_josephpena,ja
user_3234_travis21,no
user_3235_nancy34,en
user_3236_andrew26,ru
user_3237_thunter,de
user_3238_xhill,ja
user_3239_kerrimendoza,it
user_3240_paulmunoz,en
user_3241_yrubio,fr
user_3242_orobinson,fr
user_3243_jennifershelton,en
user_3244_hmartinez,ru
user_3245_clane,ru
user_3246_elizabeth44,pt
user_3247_cortezmelissa,fr
user_3248_claudiayoung,it
user_3249_victoria34,en
user_3250_josephwilcox,es
user_3251_jennifer01,zh
user_3252_zgarcia,en
user_3253_jcarroll,ru
user_3254_bmurphy,es
user_3255_davidleon,zh
user_3256_tmatthews,no
user_3257_fswanson,no
user_3258_brooksbrenda,fr
user_3259_moyerapril,ja
user_3260_leahpark,ja
user_3261_christopher53,es
user_3262_gibsonjohn,fr
user_3263_crystalrodriguez,pt
user_3264_davisroy,en
user_3265_ijimenez,en
user_3266_kevinjackson,en
user_3267_margaret41,ru
user_3268_brandi89,ja
user_3269_westchad,de
user_3270_hilljustin,ru
user_3271_frogers,es
user_3272_richardpace,ru
user_3273_christinahale,de
user_3274_medinaduane,es
user_3275_twilson,zh
user_3276_ronaldcole,ja
user_3277_fernandezrobert,de
user_3278_michael84,it
user_3279_pdiaz,it
user_3280_joshua46,it
user_3281_leachbrendan,ru
user_3282_aaron13,ru
user_3283_psingleton,ru
user_3284_wjordan,en
user_3285_hernandezmelissa,no
user_3286_calexander,es
user_3287_lisa39,ru
user_3288_holmescarolyn,ja
user_3289_smithcatherine,en
user_3290_greenjudy,ru
user_3291_lduarte,en
user_3292_rachelanderson,es
user_3293_derrick27,en
user_3294_martha60,es
user_3295_william76,en
user_3296_thomaswright,en
user_3297_rogersvanessa,en
user_3298_tracy80,it
user_3299_zgomez,en
user_3300_changvictoria,it
user_3301_rita71,fr
user_3302_timothyhill,pt
user_3303_renee86,ru
user_3304_josejones,zh
user_3305_wparker,de
user_3306_gregoryrojas,it
user_3307_williampena,en
user_3308_eric18,en
user_3309_ebates,ru
user_3310_ymccoy,it
user_3311_stacy25,ru
user_3312_walkerryan,ru
user_3313_qlopez,en
user_3314_sflores,de
user_3315_hbrown,zh
user_3316_wilsonalexandra,en
user_3317_morrowjeanne,en
user_3318_nicholas13,es
user_3319_bblevins,es
user_3320_iobrien,en
user_3321_thomasfinley,fr
user_3322_manueldaniel,ru
user_3323_anthonybest,fr
user_3324_williamsjoseph,ru
user_3325_amy92,en
user_3326_matthew61,es
user_3327_robertbrown,ru
user_3328_davidlambert,es
user_3329_jasonrichardson,en
user_3330_moralessally,es
user_3331_javier96,ru
user_3332_lsmith,fr
user_3333_williamsdanielle,fr
user_3334_powerskeith,en
user_3335_sara88,pt
user_3336_derricklee,en
user_3337_christophergonzalez,ru
user_3338_emilyfoster,ru
user_3339_zhernandez,en
user_3340_lcampbell,ru
user_3341_nelsonroger,en
user_3342_kevin16,it
user_3343_rogersbeth,ru
user_3344_cholder,ja
user_3345_pcampbell,fr
user_3346_carriemoody,ru
user_3347_jeffrey63,ja
user_3348_jeremysmith,en
user_3349_heather18,ru
user_3350_amcpherson,en
user_3351_richardsutton,fr
user_3352_maryvalencia,ru
user_3353_stoutkelly,no
user_3354_pgrimes,en
user_3355_james67,en
user_3356_smithlindsay,es
user_3357_perezbrandon,fr
user_3358_brittany11,en
user_3359_rbyrd,zh
user_3360_bsantiago,pt
user_3361_dmartinez,en
user_3362_lauranunez,zh
user_3363_danielle57,en
user_3364_alexissoto,ru
user_3365_victoriajohnson,pt
user_3366_hshaw,zh
user_3367_nancyvance,en
user_3368_npreston,ru
user_3369_mooremichael,es
user_3370_sshort,ru
user_3371_jose07,es
user_3372_jennifer08,fr
user_3373_lindsay34,ru
user_3374_stevenstanton,en
user_3375_tiffany80,fr
user_3376_oanderson,ru
user_3377_jneal,it
user_3378_reginaldlamb,en
user_3379_ysmith,de
user_3380_kellyevan,ru
user_3381_uchan,pt
user_3382_jessica83,ja
user_3383_john94,fr
user_3384_jbauer,ru
user_3385_kanderson,ja
user_3386_thomasjesse,en
user_3387_lowelinda,en
user_3388_daniel97,de
user_3389_melissa19,en
user_3390_gjohnson,ru
user_3391_cohenmark,ja
user_3392_toddwright,fr
user_3393_clarencevargas,en
user_3394_justin60,ja
user_3395_zmiller,ja
user_3396_zmitchell,en
user_3397_heather17,fr
user_3398_tammymcguire,ru
user_3399_emily04,it
user_3400_lorikelly,ru
user_3401_gramirez,es
user_3402_stevenpeters,ru
user_3403_danielleking,ru
user_3404_christopher15,ru
user_3405_xcox,ru
user_3406_davidthomas,ru
user_3407_uhernandez,en
user_3408_sonya56,de
user_3409_zachary00,ru
user_3410_gonzalezwendy,ja
user_3411_alishawhite,en
user_3412_jcarr,ru
user_3413_cynthia91,en
user_3414_rachelsexton,ru
user_3415_bethany63,pt
user_3416_greerscott,en
user_3417_shernandez,ru
user_3418_plandry,ja
user_3419_frankcollins,zh
user_3420_sotojose,it
user_3421_hoffmanmary,ja
user_3422_anarodriguez,ru
user_3423_xsampson,ru
user_3424_jsmith,de
user_3425_natalielewis,es
user_3426_taylorpaul,ru
user_3427_marcuschristian,en
user_3428_ajenkins,ru
user_3429_harperlauren,pt
user_3430_jenniferpalmer,en
user_3431_morenojennifer,en
user_3432_alexandernancy,ru
user_3433_rhonda22,ru
user_3434_jonesabigail,ru
user_3435_kevinferguson,en
user_3436_matthew44,no
user_3437_melissaroy,en
user_3438_bryan23,es
user_3439_christineward,ru
user_3440_uphillips,es
user_3441_imarshall,ru
user_3442_martingene,it
user_3443_pgardner,ja
user_3444_mary38,ru
user_3445_danielgomez,en
user_3446_anthony33,en
user_3447_harrisbrittany,fr
user_3448_hguerra,it
user_3449_whitney22,ru
user_3450_brian08,no
user_3451_jordandanielle,ru
user_3452_amandarice,en
user_3453_jmiller,pt
user_3454_banksdennis,en
user_3455_alan41,en
user_3456_nicolespencer,it
user_3457_ortizchristina,no
user_3458_upope,fr
user_3459_anthonyray,no
user_3460_sara41,ru
user_3461_stephen52,ja
user_3462_mortonbrittany,ru
user_3463_qhorton,pt
user_3464_fhampton,ru
user_3465_timothylang,en
user_3466_christinesimon,fr
user_3467_qkey,no
user_3468_alexapena,ja
user_3469_jonathanfisher,ru
user_3470_iwashington,en
user_3471_adamgreen,en
user_3472_moorejose,ru
user_3473_meghanlopez,ja
user_3474_francis55,it
user_3475_martinezthomas,pt
user_3476_murrayjames,ru
user_3477_smithsamantha,zh
user_3478_syoung,ru
user_3479_gatesbrian,en
user_3480_mendezpeter,ru
user_3481_franklinandrea,en
user_3482_shirleyzavala,en
user_3483_msingh,ja
user_3484_nancyhenderson,ja
user_3485_marktaylor,es
user_3486_qmccoy,de
user_3487_gayjerry,de
user_3488_speters,pt
user_3489_ericmullen,ja
user_3490_kray,en
user_3491_jasmine32,de
user_3492_eclark,ja
user_3493_rfowler,ru
user_3494_matthew28,ja
user_3495_monica36,ru
user_3496_caseleslie,en
user_3497_carlosfigueroa,ja
user_3498_hayley41,en
user_3499_zdaniels,it
user_3500_kspears,de
user_3501_pbryan,pt
user_3502_troyhenderson,ru
user_3503_karenbeck,fr
user_3504_william38,ru
user_3505_jason82,it
user_3506_aarongreene,it
user_3507_kwilliams,it
user_3508_julia81,ru
user_3509_melvinoconnor,en
user_3510_tforbes,ru
user_3511_teresa06,pt
user_3512_gschroeder,ru
user_3513_russellchristina,ru
user_3514_msmith,fr
user_3515_christinathompson,en
user_3516_baileyamber,ru
user_3517_ufuller,en
user_3518_dcastro,no
user_3519_parrishalexis,en
user_3520_rachel32,it
user_3521_llong,en
user_3522_bailey62,ru
user_3523_rlopez,en
user_3524_robert30,fr
user_3525_fergusonjustin,ru
user_3526_amanda94,en
user_3527_arellanopaul,de
user_3528_ronald14,ru
user_3529_clewis,ru
user_3530_garciajessica,fr
user_3531_gjackson,fr
user_3532_asolis,en
user_3533_barrerabrenda,de
user_3534_pharrison,ru
user_3535_carmenlowe,ja
user_3536_amanda83,pt
user_3537_bradytiffany,en
user_3538_ulopez,ru
user_3539_taylorapril,ru
user_3540_brendasampson,en
user_3541_qjames,de
user_3542_karen47,fr
user_3543_zjohnson,en
user_3544_torresdaniel,fr
user_3545_katherine05,es
user_3546_gonzalezbrett,ru
user_3547_michellebenson,es
user_3548_bhicks,ru
user_3549_nhicks,en
user_3550_richard18,no
user_3551_gpage,pt
user_3552_susanwilliams,en
user_3553_ginabennett,de
user_3554_marilyn34,ja
user_3555_ryoung,ru
user_3556_ctaylor,ru
user_3557_jenkinsjeremy,ru
user_3558_bmolina,es
user_3559_chelsea16,es
user_3560_ycarter,ru
user_3561_lopezgabriel,fr
user_3562_avilachristopher,ru
user_3563_freemanrobert,pt
user_3564_lisaromero,en
user_3565_mwhite,en
user_3566_egonzalez,es
user_3567_ograham,es
user_3568_johntravis,ru
user_3569_lwilson,en
user_3570_smithjoel,zh
user_3571_dbell,it
user_3572_travis15,fr
user_3573_debra52,es
user_3574_vshort,en
user_3575_kimjohn,fr
user_3576_lisa97,pt
user_3577_earlgarcia,ru
user_3578_chris00,en
user_3579_denisejenkins,de
user_3580_sawyerandrew,ru
user_3581_lowederrick,pt
user_3582_johnmartinez,it
user_3583_zsingleton,en
user_3584_jeff31,de
user_3585_carrillomatthew,zh
user_3586_dwhite,ru
user_3587_stephaniemartin,de
user_3588_reynoldsnicholas,es
user_3589_tylerkennedy,ru
user_3590_uburch,en
user_3591_stephen09,fr
user_3592_smckinney,zh
user_3593_mharris,de
user_3594_curtiswolfe,en
user_3595_williamslisa,pt
user_3596_vanessa38,zh
user_3597_joanna08,es
user_3598_leonard28,en
user_3599_ccook,pt
user_3600_csmith,pt
user_3601_williamscarmen,en
user_3602_ashley80,ru
user_3603_jeffreyobrien,en
user_3604_kirkmurphy,ja
user_3605_bsolis,es
user_3606_lozanojohn,en
user_3607_arose,ja
user_3608_isaachartman,it
user_3609_vgarcia,es
user_3610_anthonylee,pt
user_3611_brianmoss,fr
user_3612_amy71,ru
user_3613_russochristopher,fr
user_3614_stevenlee,en
user_3615_mitchellgarcia,en
user_3616_emily78,ja
user_3617_popemichael,pt
user_3618_andrewkeller,fr
user_3619_kelly36,pt
user_3620_diazkimberly,de
user_3621_hjones,ja
user_3622_acostadavid,en
user_3623_vvincent,ru
user_3624_murphymichelle,en
user_3625_manningadam,en
user_3626_woodarddwayne,de
user_3627_amy29,ja
user_3628_patriciaerickson,en
user_3629_nhoward,es
user_3630_charles20,it
user_3631_vanessakim,en
user_3632_kcasey,it
user_3633_valeriewilson,no
user_3634_ericsanford,de
user_3635_donaldjohnson,ru
user_3636_laura07,ru
user_3637_emily12,ja
user_3638_bcarter,ru
user_3639_wbrown,es
user_3640_pyoder,ru
user_3641_jamespena,en
user_3642_elizabethmayer,en
user_3643_heidi31,it
user_3644_brianna55,ja
user_3645_owensjoseph,en
user_3646_lindsaymiller,es
user_3647_sharon87,ru
user_3648_xturner,no
user_3649_stephen84,ru
user_3650_parrishbrandon,it
user_3651_montgomeryamy,es
user_3652_boylejacqueline,it
user_3653_brennantiffany,es
user_3654_tiffanygarza,de
user_3655_vsimpson,ru
user_3656_randerson,es
user_3657_michael04,no
user_3658_bmorales,en
user_3659_pbutler,ja
user_3660_susancollins,zh
user_3661_juanhenderson,en
user_3662_jamesfitzgerald,pt
user_3663_michael89,pt
user_3664_eugenekelly,en
user_3665_bwilliams,de
user_3666_smithkerri,ru
user_3667_michelle66,en
user_3668_ykeller,fr
user_3669_emilyprice,es
user_3670_rickyellis,it
user_3671_udominguez,no
user_3672_alvaradoelizabeth,zh
user_3673_jennifer31,ja
user_3674_nathan82,fr
user_3675_moorejoshua,es
user_3676_rhicks,de
user_3677_thompsonscott,fr
user_3678_daniel76,es
user_3679_sydney83,pt
user_3680_catherinewheeler,en
user_3681_kimberly42,ru
user_3682_harrisoncarol,ja
user_3683_parksapril,ru
user_3684_travis71,ru
user_3685_fwallace,de
user_3686_amandatorres,en
user_3687_ericblackburn,en
user_3688_olivercynthia,de
user_3689_jennifer47,ru
user_3690_molinawilliam,fr
user_3691_xmartinez,en
user_3692_slindsey,en
user_3693_mooresonia,ja
user_3694_vromero,ru
user_3695_briansmith,ru
user_3696_powellmatthew,en
user_3697_spencerkathleen,ru
user_3698_johnnysmith,pt
user_3699_jamesshields,fr
user_3700_fwright,ja
user_3701_helen77,en
user_3702_stacy74,de
user_3703_laura51,en
user_3704_elizabethnguyen,es
user_3705_mcole,en
user_3706_kingmartha,ru
user_3707_reneejones,ru
user_3708_theresa36,ru
user_3709_walterstuart,de
user_3710_alandry,en
user_3711_corteztravis,de
user_3712_kurtmartinez,ru
user_3713_nicholas06,ru
user_3714_monica46,ru
user_3715_mendezmelinda,en
user_3716_lduffy,en
user_3717_jsullivan,ru
user_3718_lindseytorres,es
user_3719_zsmith,de
user_3720_odickerson,pt
user_3721_bryan18,no
user_3722_dawn61,pt
user_3723_thill,ru
user_3724_harringtonnicole,ja
user_3725_adamskaren,en
user_3726_zblack,zh
user_3727_shawn20,fr
user_3728_bradley62,fr
user_3729_mgreen,pt
user_3730_rayanthony,ja
user_3731_anthony88,en
user_3732_marissadavis,zh
user_3733_ijones,pt
user_3734_nicole40,en
user_3735_andrew74,de
user_3736_james07,en
user_3737_daltonrobert,zh
user_3738_rramirez,no
user_3739_usherman,en
user_3740_maryshelton,no
user_3741_feliciaschroeder,en
user_3742_abigail80,ru
user_3743_garywilliams,zh
user_3744_andrew91,ru
user_3745_gilbertrachel,de
user_3746_cameron47,pt
user_3747_burnslori,ru
user_3748_danielstracy,pt
user_3749_jessicaortiz,de
user_3750_wilsonwilliam,ru
user_3751_antoniomurphy,ru
user_3752_ctaylor,ja
user_3753_tracygriffin,es
user_3754_mario56,it
user_3755_garybrennan,en
user_3756_xnelson,ru
user_3757_millerhenry,de
user_3758_kim69,ja
user_3759_thomasjacob,pt
user_3760_christopher65,es
user_3761_mitchellmichelle,fr
user_3762_johnchang,pt
user_3763_mgonzales,es
user_3764_wendyrodriguez,ru
user_3765_amandafrancis,en
user_3766_epittman,en
user_3767_zedwards,ru
user_3768_xmurphy,ru
user_3769_audreyramirez,no
user_3770_ophillips,de
user_3771_sharonbell,de
user_3772_qrusso,ru
user_3773_laura88,en
user_3774_kristenburton,en
user_3775_tjohnson,fr
user_3776_amberadams,en
user_3777_pfuller,ru
user_3778_julia56,ja
user_3779_downsjames,de
user_3780_austinlopez,fr
user_3781_obrooks,fr
user_3782_richardsoncaleb,es
user_3783_jessicaburgess,fr
user_3784_vcampbell,ja
user_3785_edwinstevens,ru
user_3786_jonesgregg,zh
user_3787_whitealex,ru
user_3788_jonesjoseph,es
user_3789_pware,en
user_3790_rlucas,ru
user_3791_susan42,es
user_3792_chapmansara,en
user_3793_kaylee34,en
user_3794_dunnleslie,ja
user_3795_bailey71,en
user_3796_richard24,de
user_3797_diazrobert,ru
user_3798_robertsondiana,en
user_3799_mhughes,no
user_3800_serickson,de
user_3801_floresmelanie,pt
user_3802_bakerholly,ru
user_3803_alicia91,ja
user_3804_smithmichele,zh
user_3805_cwoodard,no
user_3806_youngjames,es
user_3807_williamssophia,en
user_3808_millerchad,pt
user_3809_silvazachary,de
user_3810_sgraves,de
user_3811_nicole93,ru
user_3812_wthomas,ru
user_3813_megan24,fr
user_3814_wesleyrichards,de
user_3815_leslieshepherd,pt
user_3816_travisbartlett,en
user_3817_iromero,es
user_3818_zsanchez,zh
user_3819_james71,en
user_3820_brittneymorgan,en
user_3821_erin50,fr
user_3822_aaronsilva,de
user_3823_dillonjohnston,ru
user_3824_mcohen,ru
user_3825_jenniferjordan,it
user_3826_rodneywoodard,ru
user_3827_timothy67,ru
user_3828_jessicawright,no
user_3829_pcampbell,it
user_3830_richard40,it
user_3831_markmayer,pt
user_3832_betty27,pt
user_3833_joshua75,en
user_3834_ambermartinez,de
user_3835_fowlerbrittany,en
user_3836_walter80,ru
user_3837_qvalencia,ru
user_3838_mariajackson,es
user_3839_michael55,en
user_3840_ashleyfisher,en
user_3841_martinconnor,ru
user_3842_peckgabriel,fr
user_3843_ndeleon,ru
user_3844_dcervantes,fr
user_3845_sandersjoseph,zh
user_3846_annasandoval,en
user_3847_benjaminfrye,en
user_3848_smithbrian,fr
user_3849_washingtonjames,en
user_3850_hoffmantanya,fr
user_3851_fcarney,de
user_3852_elizabethgonzalez,en
user_3853_scott40,en
user_3854_sarah64,en
user_3855_weaverjessica,ru
user_3856_hthomas,ru
user_3857_nelsonalexa,ru
user_3858_matthewreynolds,es
user_3859_sallen,en
user_3860_kathryn71,it
user_3861_lbarber,ru
user_3862_william25,es
user_3863_holtamy,it
user_3864_medinakelly,en
user_3865_jennifer76,en
user_3866_nicolesmith,en
user_3867_randysimmons,de
user_3868_juliesmith,ru
user_3869_danadavidson,fr
user_3870_kaitlyn85,it
user_3871_stephanie64,it
user_3872_barbara11,ru
user_3873_tmason,de
user_3874_kaustin,en
user_3875_robertvelasquez,zh
user_3876_davidjones,ru
user_3877_bjordan,ru
user_3878_blackkaren,ru
user_3879_medwards,de
user_3880_samantha31,ru
user_3881_bensondenise,fr
user_3882_boonemelanie,en
user_3883_angela73,fr
user_3884_silvasteven,zh
user_3885_stephen77,de
user_3886_rpetersen,de
user_3887_michaelmorales,pt
user_3888_joe57,en
user_3889_wlynch,es
user_3890_edward80,en
user_3891_christopheraguilar,ru
user_3892_perkinsgina,es
user_3893_penamatthew,es
user_3894_bennetttimothy,en
user_3895_maxwellcaldwell,en
user_3896_wendy38,de
user_3897_sanchezleonard,en
user_3898_robert04,de
user_3899_drivas,ja
user_3900_john94,it
user_3901_lzamora,no
user_3902_bryan93,fr
user_3903_alan95,ru
user_3904_abigailtanner,de
user_3905_mackrachel,en
user_3906_vbush,ru
user_3907_hicksjason,pt
user_3908_greggbeck,fr
user_3909_larry93,pt
user_3910_thomasromero,es
user_3911_derekmurphy,en
user_3912_melissapeters,en
user_3913_mcdonalddawn,ru
user_3914_jcraig,en
user_3915_calderonyolanda,ru
user_3916_christopher33,en
user_3917_milleramy,ru
user_3918_boothlee,ru
user_3919_baileyleah,zh
user_3920_glennnicole,en
user_3921_wandajackson,en
user_3922_sherryrollins,en
user_3923_curtis22,ru
user_3924_gescobar,pt
user_3925_croberts,en
user_3926_ybender,ja
user_3927_rushamber,de
user_3928_nicholsoncory,no
user_3929_ccarlson,it
user_3930_jessicataylor,en
user_3931_manderson,de
user_3932_kylebraun,ru
user_3933_matthewallen,fr
user_3934_nhanson,en
user_3935_tiffany01,fr
user_3936_michelle88,it
user_3937_susancontreras,de
user_3938_josephmurillo,en
user_3939_dylanthomas,zh
user_3940_donnabooth,de
user_3941_ibird,en
user_3942_sarahsullivan,it
user_3943_mariahernandez,en
user_3944_kelly37,en
user_3945_diazchad,fr
user_3946_washingtonjessica,de
user_3947_debrahartman,ru
user_3948_tina98,ru
user_3949_ajordan,ru
user_3950_tnorris,fr
user_3951_karen19,ru
user_3952_larry69,ru
user_3953_lisa63,en
user_3954_jamespaul,es
user_3955_sallyfoster,ru
user_3956_maria71,ru
user_3957_hooperolivia,no
user_3958_christineallen,es
user_3959_mollyjoseph,en
user_3960_luis81,en
user_3961_andersonmeghan,ru
user_3962_cody68,ru
user_3963_williamsbeth,it
user_3964_hscott,ru
user_3965_martinezvanessa,ru
user_3966_lindsey10,de
user_3967_julie18,ru
user_3968_nparks,fr
user_3969_mmarks,ru
user_3970_robertmiller,de
user_3971_pauljoseph,ru
user_3972_patricia78,en
user_3973_christopherrussell,ru
user_3974_gwhite,pt
user_3975_jonesrobert,fr
user_3976_villalouis,de
user_3977_simschloe,ru
user_3978_dmartin,es
user_3979_katherine57,ja
user_3980_gwiley,en
user_3981_bradshawdeborah,ru
user_3982_hmeyer,en
user_3983_katherine50,pt
user_3984_dunncynthia,it
user_3985_lcarrillo,ru
user_3986_utaylor,it
user_3987_pricetimothy,fr
user_3988_laurarodriguez,no
user_3989_john13,no
user_3990_jacksonmichelle,ru
user_3991_johnsonelizabeth,fr
user_3992_shafferangela,en
user_3993_davidchris,es
user_3994_xgonzalez,en
user_3995_thamilton,en
user_3996_reneewhite,fr
user_3997_annette89,ru
user_3998_todd14,en
user_3999_mcgeedaniel,ru
user_4000_harrellrachael,ru
user_4001_kburke,it
user_4002_dicksonkari,de
user_4003_swright,en
user_4004_brendazimmerman,ru
user_4005_alexis50,ru
user_4006_joshua63,en
user_4007_thomas59,fr
user_4008_travishall,ru
user_4009_lphillips,es
user_4010_wilsoncurtis,de
user_4011_meganjones,ru
user_4012_peter17,en
user_4013_williamfernandez,ru
user_4014_qmyers,fr
user_4015_korozco,no
user_4016_melissa40,zh
user_4017_watsondavid,es
user_4018_tylerthornton,fr
user_4019_ksoto,de
user_4020_raymond47,en
user_4021_fhamilton,ru
user_4022_michaelmcgee,de
user_4023_eric63,ru
user_4024_victoria21,no
user_4025_milleraaron,es
user_4026_kalvarado,en
user_4027_danielcarter,fr
user_4028_andrew83,es
user_4029_steve80,es
user_4030_thorntonlisa,ja
user_4031_brittany00,ru
user_4032_karmstrong,ru
user_4033_deborah97,en
user_4034_hvaughn,ru
user_4035_dperez,it
user_4036_david21,en
user_4037_ksmith,it
user_4038_wcastro,en
user_4039_brentking,ru
user_4040_matthewlevy,ja
user_4041_laura99,es
user_4042_kevincochran,de
user_4043_annagomez,ru
user_4044_srogers,ru
user_4045_michaelcurtis,fr
user_4046_pearsonthomas,ja
user_4047_sharon61,en
user_4048_josealexander,en
user_4049_david22,ru
user_4050_valerielewis,fr
user_4051_graymarissa,en
user_4052_opatterson,it
user_4053_lhickman,en
user_4054_joanne86,en
user_4055_veronicahess,en
user_4056_tburns,ja
user_4057_weaversusan,es
user_4058_cervantesnicole,en
user_4059_danieljohnson,es
user_4060_fholden,en
user_4061_yware,en
user_4062_ayalatimothy,de
user_4063_christopher41,en
user_4064_warren66,en
user_4065_henrywilliams,en
user_4066_jonessamuel,ja
user_4067_eric10,es
user_4068_harmonchristina,it
user_4069_allenrodney,fr
user_4070_zsmith,es
user_4071_wesleydalton,en
user_4072_karensanchez,ja
user_4073_tguerrero,ru
user_4074_sarahsmith,ru
user_4075_carterjohn,en
user_4076_lbrewer,en
user_4077_gweaver,de
user_4078_stanleyamanda,ja
user_4079_wilsonholly,ja
user_4080_nicholasbrown,ru
user_4081_jhaas,pt
user_4082_michaeljohnson,ru
user_4083_jillian75,ru
user_4084_emily40,ru
user_4085_kristakoch,zh
user_4086_yeseniawalton,en
user_4087_jose53,ru
user_4088_richard63,ru
user_4089_vjensen,ru
user_4090_david64,ru
user_4091_johnathan81,en
user_4092_gregory93,pt
user_4093_brian90,fr
user_4094_charles19,de
user_4095_adougherty,es
user_4096_osampson,fr
user_4097_laurieholland,pt
user_4098_sandracherry,no
user_4099_kramsey,fr
user_4100_kellychen,en
user_4101_jwilliams,ru
user_4102_fcarter,fr
user_4103_pparks,no
user_4104_brenda13,en
user_4105_sanchezjames,ru
user_4106_ujohnson,fr
user_4107_ocline,de
user_4108_berryscott,ru
user_4109_paulacruz,ru
user_4110_kennethhoward,ru
user_4111_camposstephanie,ru
user_4112_elizabethpierce,ru
user_4113_zstafford,ru
user_4114_julie96,pt
user_4115_anthony00,es
user_4116_chrisreynolds,en
user_4117_nclark,en
user_4118_transeth,fr
user_4119_patrickbrian,de
user_4120_kristin33,es
user_4121_belindabrown,ru
user_4122_rossjoseph,ru
user_4123_lindacrawford,en
user_4124_sarahwheeler,no
user_4125_ginabenson,zh
user_4126_david65,en
user_4127_louis60,pt
user_4128_jenningslouis,en
user_4129_dakota05,fr
user_4130_longlindsay,ru
user_4131_vberg,zh
user_4132_richard14,de
user_4133_debraking,en
user_4134_nvega,en
user_4135_bellmarissa,ru
user_4136_jrhodes,ru
user_4137_perezshawn,en
user_4138_briancarr,pt
user_4139_richard48,no
user_4140_urandolph,pt
user_4141_darrellpeterson,it
user_4142_justin20,no
user_4143_toddwalter,de
user_4144_michael91,ja
user_4145_mwilliams,pt
user_4146_zachary34,de
user_4147_audreyellis,es
user_4148_vmason,es
user_4149_jessica54,pt
user_4150_srobertson,en
user_4151_jbutler,en
user_4152_karen56,fr
user_4153_anthonysean,ru
user_4154_rhutchinson,ru
user_4155_smithleslie,ru
user_4156_smorgan,fr
user_4157_liuariel,pt
user_4158_alvarezbrenda,ja
user_4159_cprince,ru
user_4160_david11,en
user_4161_poolealexis,pt
user_4162_lisawilson,de
user_4163_alicia84,ru
user_4164_stewartmelissa,it
user_4165_williamgarcia,ru
user_4166_hannahtaylor,ru
user_4167_thomasturner,ja
user_4168_brittany50,no
user_4169_joanneadams,ru
user_4170_jeanetteconway,pt
user_4171_ahayden,en
user_4172_tanya43,en
user_4173_tfleming,zh
user_4174_kristinajordan,en
user_4175_poolenicholas,pt
user_4176_timothy95,ja
user_4177_fhuff,zh
user_4178_lauren93,en
user_4179_ccastillo,ru
user_4180_coxvictoria,es
user_4181_markburns,it
user_4182_jenniferzamora,ru
user_4183_milesdavid,ru
user_4184_melissawalker,ru
user_4185_huntersmith,fr
user_4186_qhayes,ru
user_4187_tannerpriscilla,ru
user_4188_kurtmcintyre,zh
user_4189_joel41,ja
user_4190_sean74,ja
user_4191_singhnathaniel,fr
user_4192_wyatterin,es
user_4193_qhickman,de
user_4194_debra13,ru
user_4195_millssusan,en
user_4196_allison36,fr
user_4197_ramseydavid,en
user_4198_broberts,pt
user_4199_sharon75,zh
user_4200_rogersjustin,it
user_4201_kanemelissa,en
user_4202_nortonsheila,pt
user_4203_amanda29,zh
user_4204_gregorytucker,en
user_4205_dennis45,ru
user_4206_linda12,de
user_4207_amandazhang,ru
user_4208_sbrown,no
user_4209_ericalexander,en
user_4210_larsonmelissa,de
user_4211_powellchloe,de
user_4212_omckinney,en
user_4213_elizabethsmall,ja
user_4214_bryantpaul,ru
user_4215_melissarodriguez,pt
user_4216_drobinson,ja
user_4217_joyce35,en
user_4218_jennifervelez,ja
user_4219_vberry,ru
user_4220_reyesemily,ru
user_4221_tina19,fr
user_4222_mrice,en
user_4223_danderson,fr
user_4224_matthewnelson,en
user_4225_johnsondavid,de
user_4226_tinacarter,ru
user_4227_kellymendoza,en
user_4228_scottalexis,fr
user_4229_dgonzales,en
user_4230_zhernandez,en
user_4231_andersonronald,ru
user_4232_david34,ja
user_4233_tpotter,en
user_4234_elizabeth41,it
user_4235_millermike,en
user_4236_wandacarter,ru
user_4237_dalewilliamson,ru
user_4238_lmartinez,de
user_4239_fullerkim,ru
user_4240_jenniferbrooks,ru
user_4241_maryroberts,en
user_4242_anna83,ru
user_4243_udavis,en
user_4244_lindamarshall,en
user_4245_justincarlson,ru
user_4246_mcdonaldmary,pt
user_4247_wellsmark,ru
user_4248_jrichards,no
user_4249_mosesamanda,ru
user_4250_danieldavis,en
user_4251_pooleandrew,pt
user_4252_michaelmartinez,it
user_4253_deleonrodney,de
user_4254_tgregory,es
user_4255_rowemariah,es
user_4256_tina98,en
user_4257_jordan25,de
user_4258_april02,de
user_4259_ryan26,en
user_4260_rebecca97,ja
user_4261_drew19,ru
user_4262_carlosbryant,no
user_4263_ppeterson,en
user_4264_ashley74,fr
user_4265_morganmaria,en
user_4266_hamiltonmichael,en
user_4267_edwardhoward,en
user_4268_carolinemartinez,de
user_4269_herreraariel,pt
user_4270_cstevens,en
user_4271_adouglas,ru
user_4272_crossbeth,ru
user_4273_bradley67,it
user_4274_cellison,pt
user_4275_andrewgibson,ru
user_4276_tiffanysmith,de
user_4277_hwebster,fr
user_4278_alyssa02,ru
user_4279_eugeneavery,es
user_4280_brian19,en
user_4281_michaeltucker,ja
user_4282_tiffanygalloway,en
user_4283_stevenjones,es
user_4284_mmurphy,zh
user_4285_stewartwayne,en
user_4286_dwong,en
user_4287_gary40,fr
user_4288_chernandez,ru
user_4289_brittany86,ru
user_4290_millerbrandon,no
user_4291_omcgee,en
user_4292_adamsdylan,fr
user_4293_lawrencealexander,de
user_4294_lweber,it
user_4295_kpatterson,ru
user_4296_lopezstephen,ru
user_4297_clementsjohn,ru
user_4298_cortezcasey,en
user_4299_zgolden,en
user_4300_george24,en
user_4301_hbarnett,fr
user_4302_houstonlinda,en
user_4303_emilyhill,en
user_4304_uconley,it
user_4305_smithkenneth,en
user_4306_fclark,fr
user_4307_deborah09,pt
user_4308_lowekelly,en
user_4309_ashley88,ru
user_4310_kimberly53,ru
user_4311_brownpamela,es
user_4312_johnsonaustin,ja
user_4313_sheri94,pt
user_4314_samantha65,ja
user_4315_david64,ru
user_4316_kpatrick,ru
user_4317_bullockjermaine,ru
user_4318_jmartin,ru
user_4319_steveruiz,it
user_4320_pparsons,de
user_4321_bowmanjennifer,ru
user_4322_thomasveronica,en
user_4323_ymack,es
user_4324_iboyer,ru
user_4325_debratorres,en
user_4326_arthur98,ru
user_4327_christine46,fr
user_4328_weaverjennifer,zh
user_4329_martinkevin,en
user_4330_donnavargas,ru
user_4331_ericaadams,en
user_4332_rhughes,fr
user_4333_barbaraallen,ru
user_4334_hallteresa,it
user_4335_pmorris,ru
user_4336_watersdonna,ja
user_4337_glennmendoza,it
user_4338_jeff66,en
user_4339_qwilliams,en
user_4340_ramirezrobert,pt
user_4341_anovak,de
user_4342_gordonpowell,en
user_4343_williambell,en
user_4344_friedmancarrie,pt
user_4345_yolanda73,ja
user_4346_smitheric,ru
user_4347_susantaylor,fr
user_4348_john64,fr
user_4349_ataylor,fr
user_4350_benderkari,de
user_4351_smithgerald,de
user_4352_andrew11,fr
user_4353_williamsmary,en
user_4354_debrawallace,en
user_4355_mariohamilton,de
user_4356_megan43,no
user_4357_heather52,en
user_4358_edwardsmichael,en
user_4359_elizabethjohnson,en
user_4360_lperez,en
user_4361_perezkathy,ru
user_4362_rsmith,no
user_4363_gsmith,it
user_4364_hayley33,en
user_4365_smithjessica,en
user_4366_obailey,ru
user_4367_christinasmith,zh
user_4368_edward09,pt
user_4369_jessica56,en
user_4370_erin60,ru
user_4371_anaandersen,en
user_4372_erivera,en
user_4373_xrobinson,ru
user_4374_robertsrandall,ru
user_4375_thoward,en
user_4376_lopezalexander,en
user_4377_destiny47,de
user_4378_whiteheadvictoria,en
user_4379_aromero,ru
user_4380_fernandezkara,es
user_4381_revans,en
user_4382_oboyle,en
user_4383_amanda01,en
user_4384_joshuachristian,en
user_4385_oolson,ru
user_4386_petersonanthony,es
user_4387_johnsonamy,zh
user_4388_beardbrenda,no
user_4389_mckeelisa,ja
user_4390_harpererik,en
user_4391_dillonpriscilla,es
user_4392_diazcarolyn,no
user_4393_trevor38,en
user_4394_bakerjennifer,it
user_4395_davidchurch,ru
user_4396_rodney85,en
user_4397_saradeleon,fr
user_4398_cochoa,fr
user_4399_kcarroll,en
user_4400_debra06,fr
user_4401_jboyd,ru
user_4402_rebeccabonilla,ru
user_4403_cynthia08,ru
user_4404_alexanderlouis,de
user_4405_jclark,ru
user_4406_omcdonald,ru
user_4407_sarahtorres,en
user_4408_brent96,es
user_4409_sabrina50,es
user_4410_gfarley,ru
user_4411_heather59,ru
user_4412_kristinbyrd,en
user_4413_bonniereynolds,en
user_4414_kday,en
user_4415_jonathan66,no
user_4416_murphyjohn,pt
user_4417_hermanrachel,en
user_4418_sperry,no
user_4419_carolynschroeder,en
user_4420_moraleslogan,it
user_4421_oberry,pt
user_4422_dayamanda,ru
user_4423_donald83,es
user_4424_kim28,ru
user_4425_gowens,en
user_4426_leemaria,ru
user_4427_rroach,it
user_4428_williamsmegan,no
user_4429_cthomas,no
user_4430_ghunt,ru
user_4431_barrjacob,es
user_4432_johnestrada,ru
user_4433_riverabryan,es
user_4434_elizabeth84,en
user_4435_tony06,es
user_4436_rgarcia,ru
user_4437_lchandler,en
user_4438_efowler,es
user_4439_ariana78,de
user_4440_johnsonkaren,pt
user_4441_heathertyler,en
user_4442_kelsey67,ja
user_4443_williamsvictoria,en
user_4444_taylor81,en
user_4445_micheal36,fr
user_4446_taylorjessica,ru
user_4447_rdavis,pt
user_4448_fordjamie,de
user_4449_wolfebrandon,en
user_4450_nancyjones,fr
user_4451_tiffanygraves,ru
user_4452_normananthony,zh
user_4453_lowegregory,it
user_4454_tapiamelanie,ru
user_4455_zsmith,ru
user_4456_jodigarza,fr
user_4457_kevin90,en
user_4458_tylerschultz,ru
user_4459_andrewsryan,en
user_4460_jacob12,ru
user_4461_agriffin,es
user_4462_ronald30,ru
user_4463_gary11,ru
user_4464_bobbyshaffer,es
user_4465_diana16,en
user_4466_christopher45,fr
user_4467_diazashley,en
user_4468_virginia91,ru
user_4469_zlopez,ru
user_4470_bonillajulia,ru
user_4471_michelle73,fr
user_4472_mercercolin,pt
user_4473_rosecristian,pt
user_4474_owensricardo,fr
user_4475_tiffany36,ru
user_4476_cookthomas,fr
user_4477_michael40,ja
user_4478_tylerjohnson,no
user_4479_fraziergrace,ru
user_4480_patrickhorn,ru
user_4481_geraldstevens,pt
user_4482_allenbruce,es
user_4483_oadams,es
user_4484_seanhall,no
user_4485_hyates,en
user_4486_nicole18,ru
user_4487_rodney65,ja
user_4488_ygould,en
user_4489_raymonddavis,ru
user_4490_ronnie11,zh
user_4491_mperkins,en
user_4492_charlesleonard,en
user_4493_gloverjodi,en
user_4494_mdavis,ja
user_4495_olevy,ru
user_4496_jessica47,ru
user_4497_timothy89,en
user_4498_rperez,es
user_4499_brian13,en
user_4500_wcarney,it
user_4501_oneillamanda,zh
user_4502_samantha90,de
user_4503_boothmichelle,ru
user_4504_qbryant,ru
user_4505_cunninghambrenda,en
user_4506_sydneyparks,en
user_4507_obenitez,en
user_4508_adrian30,ru
user_4509_marycampbell,fr
user_4510_tscott,en
user_4511_andreagray,ru
user_4512_martinezvincent,ru
user_4513_scottorr,it
user_4514_sgutierrez,es
user_4515_rossnatalie,ru
user_4516_wrightdaniel,es
user_4517_crystalaguirre,fr
user_4518_johnny66,de
user_4519_utaylor,en
user_4520_lstewart,de
user_4521_caitlyn26,en
user_4522_harmonkimberly,de
user_4523_jgriffin,fr
user_4524_harrisonheidi,en
user_4525_davidjennings,fr
user_4526_carterchad,ru
user_4527_carlos94,de
user_4528_shannon75,ru
user_4529_cynthia62,it
user_4530_thomasnathan,ru
user_4531_jcooper,it
user_4532_kristireese,ru
user_4533_ttownsend,en
user_4534_richard78,ru
user_4535_michael40,de
user_4536_darryl51,it
user_4537_schmidtmandy,fr
user_4538_stevenrichards,de
user_4539_tylerbecker,ja
user_4540_shawn02,en
user_4541_qhooper,en
user_4542_jmanning,fr
user_4543_wrightdavid,ru
user_4544_bradyebony,pt
user_4545_ccrawford,ru
user_4546_afrye,en
user_4547_donald93,zh
user_4548_john34,ru
user_4549_derrickpugh,no
user_4550_ysloan,ru
user_4551_melissa84,de
user_4552_osbornechristine,pt
user_4553_pamelahall,en
user_4554_sholloway,en
user_4555_kevin22,ja
user_4556_howardkevin,no
user_4557_mckinneychristopher,en
user_4558_juanhenry,ru
user_4559_zcollins,ru
user_4560_carl96,en
user_4561_katherinemccarthy,pt
user_4562_rodney00,pt
user_4563_wrightabigail,ru
user_4564_patrickaustin,es
user_4565_camposcrystal,de
user_4566_uglass,ru
user_4567_christophersmith,de
user_4568_daguirre,ru
user_4569_sherri34,fr
user_4570_mooretyler,ru
user_4571_lukegamble,es
user_4572_ysnow,en
user_4573_charlesmyers,ru
user_4574_aburns,fr
user_4575_nelsonsean,en
user_4576_cynthiasimmons,en
user_4577_stephensrebecca,ja
user_4578_austintodd,zh
user_4579_kberry,ru
user_4580_huntrickey,ru
user_4581_danielleolson,en
user_4582_kduran,en
user_4583_robert48,ru
user_4584_lwhite,pt
user_4585_nathan19,en
user_4586_rcastillo,en
user_4587_cturner,en
user_4588_brittney21,pt
user_4589_douglasdavis,en
user_4590_eringonzalez,en
user_4591_palmertabitha,es
user_4592_johnsonemily,en
user_4593_boonecrystal,es
user_4594_kristopher86,fr
user_4595_john53,de
user_4596_ccooley,ru
user_4597_eknight,es
user_4598_timothy73,zh
user_4599_james67,en
user_4600_sdiaz,pt
user_4601_ibrooks,en
user_4602_cschneider,en
user_4603_teresabrown,es
user_4604_jeromethomas,pt
user_4605_makaylawright,fr
user_4606_rochagordon,de
user_4607_owensjamie,pt
user_4608_daniel05,en
user_4609_wheelerbrady,en
user_4610_brenda50,ru
user_4611_bergermalik,it
user_4612_margaret58,ru
user_4613_jenna42,no
user_4614_oneallisa,ja
user_4615_mhamilton,en
user_4616_ashley11,de
user_4617_davidsingh,de
user_4618_rmiller,zh
user_4619_marykennedy,ru
user_4620_brian37,ru
user_4621_markjackson,en
user_4622_matthewadams,ru
user_4623_edwardevans,en
user_4624_iperkins,fr
user_4625_kyleduran,ru
user_4626_roger60,no
user_4627_qmckee,ru
user_4628_omarks,en
user_4629_heather46,zh
user_4630_lisa34,es
user_4631_meyersalicia,es
user_4632_donald65,no
user_4633_zgarcia,ru
user_4634_kennethmays,no
user_4635_hendersonmariah,ja
user_4636_icollins,de
user_4637_bfoster,zh
user_4638_stephaniegreen,fr
user_4639_ledavid,en
user_4640_paula69,es
user_4641_robert21,de
user_4642_rbenson,ru
user_4643_elizabetharmstrong,ru
user_4644_james74,es
user_4645_nicolechoi,en
user_4646_jamesnichols,no
user_4647_lewissydney,en
user_4648_sellersjennifer,it
user_4649_kristin64,it
user_4650_billycampbell,ru
user_4651_harrisbreanna,fr
user_4652_seanjensen,fr
user_4653_stephen58,ru
user_4654_brownjoshua,es
user_4655_hoffmanronald,en
user_4656_davisthomas,en
user_4657_amber42,ru
user_4658_dmcguire,de
user_4659_oliviaturner,ru
user_4660_ricky63,de
user_4661_jacqueline03,ru
user_4662_ericcummings,ru
user_4663_frank31,es
user_4664_hvaldez,en
user_4665_elizabeth44,en
user_4666_peggy94,fr
user_4667_barrettmary,de
user_4668_gavinponce,ru
user_4669_martindavid,en
user_4670_dodsonemily,en
user_4671_danielle61,ru
user_4672_loretta37,ru
user_4673_deborahmartin,de
user_4674_zthornton,ru
user_4675_robert50,en
user_4676_cassandraaguilar,ru
user_4677_dcook,de
user_4678_michaellee,es
user_4679_riveramark,ru
user_4680_dwilliams,ru
user_4681_lewiselizabeth,de
user_4682_felicia52,en
user_4683_smithmatthew,fr
user_4684_edouglas,ru
user_4685_petersonlinda,fr
user_4686_ryanfisher,es
user_4687_mayscalvin,ru
user_4688_warrenpruitt,ru
user_4689_jane02,es
user_4690_bball,en
user_4691_gonzalezandrea,zh
user_4692_ijones,ru
user_4693_lynn24,ja
user_4694_justinmedina,en
user_4695_shawn40,en
user_4696_jessica04,en
user_4697_prose,fr
user_4698_sean12,ru
user_4699_cynthiawebb,en
user_4700_johnsonchristina,pt
user_4701_hanthony,fr
user_4702_hjacobson,pt
user_4703_timothylucas,en
user_4704_jeffrey98,ru
user_4705_teresa67,ru
user_4706_durhamkendra,no
user_4707_wilcoxallison,ru
user_4708_jennifer30,en
user_4709_watsonjenny,es
user_4710_melissataylor,it
user_4711_bartlettryan,ru
user_4712_kevin00,ru
user_4713_jennifermills,pt
user_4714_mortonwilliam,zh
user_4715_brett38,it
user_4716_jillhinton,no
user_4717_smithnathan,ru
user_4718_morenoellen,ja
user_4719_mfields,ru
user_4720_christopherbrown,en
user_4721_amy08,ru
user_4722_zchandler,ru
user_4723_kayla12,de
user_4724_danapitts,ru
user_4725_zacharyhoward,de
user_4726_adixon,en
user_4727_jameslopez,en
user_4728_hschwartz,es
user_4729_rosalesrandy,ru
user_4730_donnahiggins,ja
user_4731_hsummers,ru
user_4732_samuel20,fr
user_4733_nmason,ja
user_4734_lowerylinda,ru
user_4735_shafferwilliam,ru
user_4736_foxjacqueline,en
user_4737_englishjennifer,es
user_4738_xlong,fr
user_4739_ihudson,ru
user_4740_mary28,fr
user_4741_gregorylisa,ru
user_4742_mejiasarah,en
user_4743_greenscott,en
user_4744_jamesoliver,it
user_4745_mbradshaw,ja
user_4746_whitechelsey,it
user_4747_urodriguez,ru
user_4748_zmarquez,it
user_4749_meltontara,fr
user_4750_teresa15,ru
user_4751_maryshaw,en
user_4752_rebecca36,pt
user_4753_masonkim,ru
user_4754_tricia93,en
user_4755_ywalls,it
user_4756_megan86,de
user_4757_allenlori,ru
user_4758_mackashley,de
user_4759_lopezdominique,en
user_4760_fhuff,zh
user_4761_sjones,ru
user_4762_dwall,ru
user_4763_hughesjames,de
user_4764_andersonjeffrey,en
user_4765_nmatthews,en
user_4766_kirkpatricia,ru
user_4767_uwilliams,en
user_4768_williamssheryl,en
user_4769_emilyharper,fr
user_4770_lewistiffany,ru
user_4771_farmerjustin,pt
user_4772_martin09,de
user_4773_mark60,no
user_4774_pruittcarl,fr
user_4775_andrew14,it
user_4776_fieldssonya,zh
user_4777_mckenziemichael,no
user_4778_anne82,ru
user_4779_scott20,de
user_4780_fray,en
user_4781_thomas59,ru
user_4782_hsharp,zh
user_4783_shannon31,fr
user_4784_michelleberg,ru
user_4785_dianeherman,en
user_4786_willisjason,pt
user_4787_lopeznichole,fr
user_4788_frankjennings,fr
user_4789_chavezmichele,ru
user_4790_alexandermonica,ru
user_4791_julie90,ru
user_4792_zunigajohn,pt
user_4793_bfisher,zh
user_4794_stephenschristine,en
user_4795_joshuakelley,de
user_4796_nicolethomas,ru
user_4797_tinacook,ru
user_4798_hudsonalejandra,de
user_4799_vhensley,no
user_4800_michaeladkins,it
user_4801_ghendrix,en
user_4802_robert41,ja
user_4803_cartersteven,de
user_4804_dsmith,ru
user_4805_olsonmark,pt
user_4806_agarcia,pt
user_4807_pamela47,ru
user_4808_nperry,pt
user_4809_kaylamiranda,zh
user_4810_thomas60,en
user_4811_carolburns,de
user_4812_comptondeborah,pt
user_4813_vjackson,ru
user_4814_scottrowe,en
user_4815_nicholasmyers,it
user_4816_hporter,es
user_4817_fruiz,es
user_4818_hroberts,zh
user_4819_karenpearson,en
user_4820_shane50,en
user_4821_garrett66,en
user_4822_lisajones,pt
user_4823_denise35,zh
user_4824_xthomas,pt
user_4825_marcfigueroa,en
user_4826_johncurry,es
user_4827_richjoshua,ru
user_4828_stacey36,ru
user_4829_nicolechen,es
user_4830_peterward,fr
user_4831_kimberlychavez,en
user_4832_whiteheadkatherine,de
user_4833_shannonmontoya,ru
user_4834_michellecaldwell,ru
user_4835_robertaboyer,ja
user_4836_meyercristina,en
user_4837_espinozadevin,ja
user_4838_clinton26,en
user_4839_richardhoward,de
user_4840_kbrown,fr
user_4841_gilbertchristopher,es
user_4842_brianajones,en
user_4843_patrick95,it
user_4844_hailey82,en
user_4845_qwagner,ru
user_4846_henryjamie,ru
user_4847_juanwalker,ru
user_4848_gmarks,es
user_4849_krista38,ru
user_4850_jeanettelopez,en
user_4851_ferrelldrew,en
user_4852_slee,es
user_4853_josewright,pt
user_4854_donna84,es
user_4855_matthewslisa,ru
user_4856_phillipskari,zh
user_4857_holly96,pt
user_4858_eortega,it
user_4859_ngarcia,en
user_4860_joshuamoody,en
user_4861_cdean,en
user_4862_mary49,ru
user_4863_philip77,en
user_4864_michael16,ru
user_4865_dpatterson,es
user_4866_rodriguezlacey,en
user_4867_allenerin,en
user_4868_haileyandrews,fr
user_4869_james42,es
user_4870_srowland,fr
user_4871_qmorgan,de
user_4872_terri89,it
user_4873_torresnicole,es
user_4874_heatherrogers,de
user_4875_ojames,en
user_4876_gilbertjames,no
user_4877_kristina39,ru
user_4878_lreed,pt
user_4879_collinsbrandon,de
user_4880_leachmary,en
user_4881_jsweeney,es
user_4882_paulobrien,de
user_4883_zamoramathew,de
user_4884_jacqueline83,fr
user_4885_stephenlopez,ru
user_4886_bcampbell,en
user_4887_bobbyhernandez,en
user_4888_ashley18,en
user_4889_mccalljesse,no
user_4890_troy98,en
user_4891_amartin,en
user_4892_julia07,fr
user_4893_rodriguezangela,ru
user_4894_qburnett,de
user_4895_joshua75,ru
user_4896_wcarter,no
user_4897_josemartin,en
user_4898_hernandezdiane,es
user_4899_markbarnes,ru
user_4900_burnsandrea,es
user_4901_lisa39,pt
user_4902_lori13,ja
user_4903_hansensharon,ru
user_4904_jefferyjohnson,en
user_4905_cheyenne31,en
user_4906_florescassandra,ru
user_4907_alexandra70,fr
user_4908_maciasrichard,es
user_4909_olee,ru
user_4910_hansenryan,en
user_4911_zjohnson,en
user_4912_andrewsanchez,ja
user_4913_phillipjohnson,zh
user_4914_william46,no
user_4915_troybarnes,es
user_4916_nwhite,ru
user_4917_katherine01,ru
user_4918_nathan89,en
user_4919_csnyder,en
user_4920_patricia18,de
user_4921_denise29,en
user_4922_palmerbrett,no
user_4923_derek16,de
user_4924_deannanunez,pt
user_4925_gardnererin,en
user_4926_sierraholland,en
user_4927_marknewman,es
user_4928_williamscarlos,zh
user_4929_jacksonwendy,de
user_4930_tlane,fr
user_4931_robinsontimothy,ru
user_4932_rramsey,it
user_4933_ajohnson,ru
user_4934_murillocarlos,es
user_4935_alisonfowler,en
user_4936_hallcindy,en
user_4937_hernandezdavid,es
user_4938_longnicholas,en
user_4939_nmaynard,fr
user_4940_chambersjennifer,ru
user_4941_erinbryan,ru
user_4942_hcordova,ru
user_4943_vmiller,fr
user_4944_sanchezmichelle,en
user_4945_petersonaaron,en
user_4946_dariusrangel,it
user_4947_joneselizabeth,de
user_4948_paulsandoval,ru
user_4949_erinyoung,zh
user_4950_martinezlaura,ru
user_4951_kbrown,fr
user_4952_sean65,en
user_4953_rebeccagonzales,en
user_4954_leslie84,ru
user_4955_lewiswayne,fr
user_4956_schmidtnicole,ru
user_4957_pjones,de
user_4958_robinsonthomas,fr
user_4959_guzmanchristine,de
user_4960_nortonjoshua,no
user_4961_vwilliams,ru
user_4962_michael70,ru
user_4963_williamgarcia,fr
user_4964_uelliott,ru
user_4965_christopherfarrell,it
user_4966_jgonzalez,ja
user_4967_carlossmith,it
user_4968_qmeza,en
user_4969_william81,zh
user_4970_patriciajones,ru
user_4971_roberthayes,en
user_4972_vargasdanielle,ru
user_4973_eileencruz,ja
user_4974_lynnross,fr
user_4975_daniel36,ja
user_4976_matthewweaver,fr
user_4977_emma08,es
user_4978_marissajones,ru
user_4979_pjenkins,en
user_4980_beasleysandra,de
user_4981_eschultz,pt
user_4982_manninggregory,ru
user_4983_ejones,en
user_4984_emoore,en
user_4985_ashleemiller,en
user_4986_michaelramirez,ru
user_4987_kempmegan,en
user_4988_ekeller,de
user_4989_riddlesteven,en
user_4990_sean38,ru
user_4991_fosterlori,ja
user_4992_kristinawilliams,en
user_4993_francischelsea,de
user_4994_erneststevens,de
user_4995_shannon35,ja
user_4996_brenda46,fr
user_4997_tamaramccann,ru
user_4998_eknight,es
user_4999_william47,fr
user_5000_bethanybrown,pt
user_5001_gregorycarter,en
user_5002_jonesmichael,ja
user_5003_rdalton,pt
user_5004_riverasamantha,pt
user_5005_richardholmes,en
user_5006_lisa82,fr
user_5007_pmcdonald,en
user_5008_walkerbeverly,de
user_5009_rodriguezmark,pt
user_5010_stokesdean,en
user_5011_sherrycline,ru
user_5012_nward,de
user_5013_ecalderon,de
user_5014_joanneolson,fr
user_5015_staceyholloway,en
user_5016_richardsonjenny,ru
user_5017_rioslaura,fr
user_5018_smithpaul,ja
user_5019_brandonwalker,pt
user_5020_melinda90,ru
user_5021_qnash,ru
user_5022_joshuahernandez,fr
user_5023_juliebenton,ru
user_5024_austinmartin,it
user_5025_erikmayer,no
user_5026_williamsjustin,pt
user_5027_jerryharrison,en
user_5028_darren25,en
user_5029_charlesjulie,de
user_5030_uburke,fr
user_5031_moorejames,ru
user_5032_cerickson,ru
user_5033_albertlopez,en
user_5034_bauervictoria,no
user_5035_jenningslouis,en
user_5036_icraig,de
user_5037_jacquelinesmith,en
user_5038_ryanturner,ru
user_5039_mnguyen,ja
user_5040_kendracook,en
user_5041_ashley14,es
user_5042_christinethomas,fr
user_5043_clarksamuel,ru
user_5044_randalljones,ru
user_5045_martinezdenise,en
user_5046_rwilliams,en
user_5047_matthewthomas,ja
user_5048_laura31,zh
user_5049_david94,no
user_5050_hubbardanthony,fr
user_5051_millereric,en
user_5052_barberzachary,fr
user_5053_wintersjennifer,zh
user_5054_ywilliams,de
user_5055_imurphy,en
user_5056_kimcharles,es
user_5057_sherylkelly,en
user_5058_crystal09,es
user_5059_johnwilliams,it
user_5060_sharonballard,en
user_5061_nicole54,es
user_5062_destiny74,en
user_5063_bsantos,de
user_5064_angelabrown,ru
user_5065_dana16,ja
user_5066_kristen05,no
user_5067_fjimenez,zh
user_5068_cherylkoch,en
user_5069_bdavis,pt
user_5070_deborahmcdonald,en
user_5071_scampbell,ru
user_5072_tylermartin,pt
user_5073_james03,fr
user_5074_sean23,it
user_5075_kyle43,de
user_5076_melindacrawford,en
user_5077_brian72,fr
user_5078_celliott,it
user_5079_tinaodom,es
user_5080_jrussell,ja
user_5081_ecolon,en
user_5082_randolphpatricia,ru
user_5083_sandovaldouglas,en
user_5084_harmonbruce,en
user_5085_fcummings,ru
user_5086_olee,en
user_5087_joseph24,pt
user_5088_benjamin85,ru
user_5089_maryroach,en
user_5090_pachecojennifer,ru
user_5091_bradshawaaron,es
user_5092_tracy11,es
user_5093_watsonwendy,zh
user_5094_michael58,en
user_5095_angelaallen,ru
user_5096_denise29,en
user_5097_belldana,de
user_5098_millerrachel,ru
user_5099_patriciatapia,zh
user_5100_omosley,es
user_5101_brittanysweeney,de
user_5102_bjuarez,es
user_5103_herrerabrianna,ru
user_5104_morgancarroll,it
user_5105_anna66,no
user_5106_heathersantana,pt
user_5107_zortiz,ja
user_5108_ybecker,ru
user_5109_victoriajackson,es
user_5110_ethanyoung,en
user_5111_david14,es
user_5112_johngarza,de
user_5113_jamierodriguez,ru
user_5114_fosterjordan,pt
user_5115_benjamin83,ja
user_5116_billellis,fr
user_5117_charles34,ru
user_5118_jenniferwest,en
user_5119_orobertson,ru
user_5120_johnsonchristopher,de
user_5121_andrew88,fr
user_5122_sterry,en
user_5123_gpollard,de
user_5124_elizabeth46,en
user_5125_jennifer57,zh
user_5126_lisa70,en
user_5127_aellis,ru
user_5128_brenda13,en
user_5129_william26,en
user_5130_david70,en
user_5131_washingtondanielle,ru
user_5132_donkennedy,ru
user_5133_mspencer,en
user_5134_julie45,ru
user_5135_frederick80,fr
user_5136_johnsontracy,de
user_5137_nathanmcbride,ru
user_5138_maxwelljohn,en
user_5139_tyler85,en
user_5140_keithvincent,ru
user_5141_jeffreynelson,ja
user_5142_sandrahorn,en
user_5143_sanchezdaniel,ru
user_5144_lewisjason,ru
user_5145_millersara,fr
user_5146_williamsonjorge,en
user_5147_wardjeremy,en
user_5148_umendez,ru
user_5149_williamgomez,en
user_5150_benitezcory,ja
user_5151_michealmclaughlin,ru
user_5152_chase43,ru
user_5153_hernandezcatherine,en
user_5154_kirkhorton,ru
user_5155_haasshawna,fr
user_5156_rebecca59,fr
user_5157_sarah10,it
user_5158_kristinamiles,ja
user_5159_oblack,fr
user_5160_frankschroeder,en
user_5161_scott40,no
user_5162_garrettmoore,es
user_5163_jasonhernandez,ja
user_5164_ythompson,de
user_5165_thomas68,pt
user_5166_tiffanysmith,es
user_5167_wbeasley,en
user_5168_davidcollins,ru
user_5169_tclark,no
user_5170_amberfrancis,zh
user_5171_gutierrezjames,en
user_5172_raymondmelissa,en
user_5173_briana98,ja
user_5174_patrickmoore,es
user_5175_lindsay48,en
user_5176_jacqueline01,ru
user_5177_donna22,ru
user_5178_wscott,it
user_5179_dunnfranklin,fr
user_5180_fieldsamanda,zh
user_5181_christine32,en
user_5182_kthompson,ja
user_5183_millerjennifer,ja
user_5184_tiffany34,es
user_5185_robingomez,zh
user_5186_davidpierce,en
user_5187_sandrabrady,ru
user_5188_arthurhenderson,en
user_5189_hayley78,en
user_5190_ashley20,en
user_5191_brucemartinez,ru
user_5192_kdavis,es
user_5193_enash,fr
user_5194_rodneycarpenter,ru
user_5195_timothythomas,ru
user_5196_thomasevelyn,no
user_5197_iparsons,no
user_5198_abigail37,en
user_5199_carrollcathy,fr
user_5200_nicholemaynard,no
user_5201_plarson,de
user_5202_william86,en
user_5203_zgilbert,en
user_5204_dylan50,fr
user_5205_jamessullivan,de
user_5206_francischavez,pt
user_5207_adrienne03,en
user_5208_bergheidi,en
user_5209_jesse19,no
user_5210_watsonpatricia,fr
user_5211_samuel06,es
user_5212_fmann,en
user_5213_shawnahayes,es
user_5214_stanley43,de
user_5215_erikmcdaniel,ru
user_5216_kjohnston,ja
user_5217_rwilson,ru
user_5218_uchavez,pt
user_5219_russell37,de
user_5220_matthewjones,en
user_5221_michael15,fr
user_5222_gregorycarey,en
user_5223_territerrell,de
user_5224_juliawashington,no
user_5225_freemanbrian,ru
user_5226_matthew25,pt
user_5227_christopherjohnson,ru
user_5228_jonathanwheeler,ru
user_5229_asmith,no
user_5230_knelson,es
user_5231_ericbrown,en
user_5232_kathleen33,en
user_5233_perezdavid,ja
user_5234_veronicabradley,ru
user_5235_christopher13,no
user_5236_dquinn,zh
user_5237_jacksonkurt,zh
user_5238_sotoronald,fr
user_5239_conniethomas,ru
user_5240_alejandrojohnson,ru
user_5241_bsaunders,ru
user_5242_jacob39,de
user_5243_kimberlywinters,en
user_5244_dbowen,de
user_5245_rebecca60,ru
user_5246_brownwilliam,ja
user_5247_brownjamie,en
user_5248_andrew00,de
user_5249_sotodouglas,zh
user_5250_ythompson,en
user_5251_leerobert,pt
user_5252_jefferymoore,en
user_5253_ysmith,pt
user_5254_jordanlouis,en
user_5255_barbarachapman,ru
user_5256_amy63,ru
user_5257_joe92,pt
user_5258_mckenzie82,en
user_5259_levymark,ru
user_5260_reedsuzanne,en
user_5261_nicholas19,en
user_5262_andersonlindsey,de
user_5263_brandon92,ru
user_5264_madisonjohnson,ja
user_5265_bhoward,no
user_5266_aortiz,en
user_5267_ncross,it
user_5268_fmccann,it
user_5269_nwolf,ru
user_5270_dweeks,ja
user_5271_mharris,en
user_5272_kathleen78,en
user_5273_walter42,en
user_5274_fkane,en
user_5275_johnsonbrenda,de
user_5276_emurphy,ja
user_5277_avilajames,en
user_5278_edwinbest,ru
user_5279_sschmidt,en
user_5280_olivia12,zh
user_5281_rochabradley,it
user_5282_emily73,ru
user_5283_samuel88,pt
user_5284_charles57,ja
user_5285_wilkinsrobert,ru
user_5286_sonyamorgan,ru
user_5287_karencox,ru
user_5288_erodriguez,es
user_5289_shirleydudley,en
user_5290_smithwilliam,en
user_5291_hjones,pt
user_5292_espinozajessica,ru
user_5293_amber12,fr
user_5294_phillipscynthia,en
user_5295_jordankatherine,en
user_5296_daniel88,es
user_5297_gracemyers,fr
user_5298_vjohnson,en
user_5299_shawn96,ru
user_5300_jenniferhale,de
user_5301_sydney70,de
user_5302_danielrangel,en
user_5303_davidgardner,en
user_5304_xbeltran,ru
user_5305_nhall,fr
user_5306_thomasbauer,de
user_5307_michaelmurphy,it
user_5308_scottcharlotte,ru
user_5309_uwilson,de
user_5310_ashlee99,en
user_5311_tony38,de
user_5312_qweaver,en
user_5313_tracy43,pt
user_5314_myersrichard,de
user_5315_yrodriguez,ja
user_5316_angelabrooks,ru
user_5317_richardscraig,en
user_5318_yolandajones,ja
user_5319_angelawolf,ru
user_5320_alexanderhays,es
user_5321_james72,pt
user_5322_cmoore,pt
user_5323_valerieingram,es
user_5324_kjohnson,en
user_5325_crystal46,ru
user_5326_ruizlisa,zh
user_5327_goodmanmichelle,ru
user_5328_hking,en
user_5329_wbeasley,es
user_5330_johnluna,pt
user_5331_katherinecarey,ru
user_5332_xmeadows,fr
user_5333_michael32,no
user_5334_julie00,en
user_5335_ejimenez,ru
user_5336_robertpage,en
user_5337_jeffrey47,es
user_5338_oliviawilliams,en
user_5339_zrasmussen,de
user_5340_mrodriguez,en
user_5341_sara55,es
user_5342_egross,en
user_5343_feliciahouse,pt
user_5344_christopher17,no
user_5345_michellenelson,en
user_5346_emilymaldonado,ru
user_5347_heatherzimmerman,zh
user_5348_chanchelsey,es
user_5349_gilbert92,es
user_5350_elizabeth07,de
user_5351_aprilcook,ru
user_5352_patricia56,en
user_5353_gibsondeborah,ru
user_5354_kwood,ru
user_5355_wrightjames,pt
user_5356_lallen,no
user_5357_tford,fr
user_5358_idoyle,en
user_5359_connor12,ru
user_5360_pmccullough,de
user_5361_trujillolisa,it
user_5362_jill58,en
user_5363_coopermichael,ru
user_5364_gina75,en
user_5365_lorozco,it
user_5366_chelsea17,ru
user_5367_amydorsey,ru
user_5368_tpham,ru
user_5369_rebekah37,fr
user_5370_swatkins,ru
user_5371_elizabeth54,en
user_5372_ariaslisa,no
user_5373_dylan03,en
user_5374_alexandragregory,ja
user_5375_stevensonelizabeth,en
user_5376_robinperkins,no
user_5377_johnsonjohn,it
user_5378_jimenezsarah,en
user_5379_gregorysmith,ru
user_5380_vballard,ru
user_5381_davisedward,pt
user_5382_hernandezmichael,ru
user_5383_jamesparker,en
user_5384_sandovalmark,pt
user_5385_jessicathomas,es
user_5386_manuel97,ru
user_5387_dillonjasmin,en
user_5388_umontgomery,fr
user_5389_daltonshawn,ru
user_5390_jessicabooker,es
user_5391_morrisondavid,en
user_5392_gary63,fr
user_5393_margaret45,es
user_5394_jessica95,ru
user_5395_kathryncarrillo,ru
user_5396_villanuevaraymond,en
user_5397_michaeldawson,en
user_5398_browndevin,es
user_5399_mendozajesus,es
user_5400_ewright,de
user_5401_rodriguezjames,en
user_5402_ksmith,ja
user_5403_janethaney,en
user_5404_petersonadam,ru
user_5405_bruce50,it
user_5406_yhernandez,ru
user_5407_anthonypatrick,zh
user_5408_ocochran,en
user_5409_gperez,ja
user_5410_dudleykimberly,pt
user_5411_cunninghamphyllis,ja
user_5412_cortezsean,ru
user_5413_cole89,zh
user_5414_ajones,fr
user_5415_haydensanchez,pt
user_5416_cowansydney,en
user_5417_carla96,zh
user_5418_qtucker,it
user_5419_lisa10,en
user_5420_joelesparza,en
user_5421_edward93,ru
user_5422_osbornekenneth,fr
user_5423_matthew98,en
user_5424_carloslopez,es
user_5425_ecox,es
user_5426_dfernandez,es
user_5427_jacksonrussell,fr
user_5428_kristinmathews,ru
user_5429_chelsea36,en
user_5430_emma28,ja
user_5431_austinraymond,ru
user_5432_cruzkeith,de
user_5433_conradkimberly,ja
user_5434_uhurley,it
user_5435_stevensonkenneth,ru
user_5436_bgilmore,ru
user_5437_adam81,ru
user_5438_pjoseph,en
user_5439_kayla74,ru
user_5440_ibradley,en
user_5441_robyncooke,ru
user_5442_rhopkins,ru
user_5443_martinezrobert,ru
user_5444_isaacsmith,pt
user_5445_ddelacruz,fr
user_5446_cmiller,it
user_5447_juliewashington,pt
user_5448_joel99,fr
user_5449_walterpaul,ja
user_5450_aboyer,ru
user_5451_amandajones,it
user_5452_jsanders,ru
user_5453_nguyenstephanie,fr
user_5454_shurley,zh
user_5455_davidturner,de
user_5456_xpeterson,pt
user_5457_ana49,zh
user_5458_nicolejohnson,ja
user_5459_sierragriffin,en
user_5460_zsmith,en
user_5461_kristinekelley,pt
user_5462_ureyes,fr
user_5463_qdurham,zh
user_5464_brandon85,en
user_5465_catherinehill,en
user_5466_lindsaytaylor,zh
user_5467_gonzalesmaria,es
user_5468_christinesanford,en
user_5469_ppowell,ru
user_5470_dday,ru
user_5471_walkermonica,es
user_5472_jenniferrojas,en
user_5473_wcarey,en
user_5474_jeremysutton,ru
user_5475_fmarquez,pt
user_5476_aliciadunn,en
user_5477_tammybrown,en
user_5478_richard79,en
user_5479_suzanne46,zh
user_5480_cory72,fr
user_5481_gregg91,ru
user_5482_olsenjack,en
user_5483_william34,ru
user_5484_katherinecarter,es
user_5485_davidgonzalez,ru
user_5486_fhall,fr
user_5487_harold52,zh
user_5488_brittanyklein,es
user_5489_matthew09,ru
user_5490_melanie07,ru
user_5491_stonejennifer,de
user_5492_nicholas07,en
user_5493_kathleencarroll,en
user_5494_benjamincarter,zh
user_5495_randallchristopher,ru
user_5496_brian45,fr
user_5497_rachelprice,pt
user_5498_dawn82,ja
user_5499_gandrews,en
user_5500_normanwilliam,ja
user_5501_jose19,zh
user_5502_moorealexis,de
user_5503_dawnrodgers,de
user_5504_randysmith,pt
user_5505_lisa19,en
user_5506_tranbonnie,en
user_5507_avilakeith,it
user_5508_aherring,es
user_5509_kimberlynguyen,es
user_5510_ewebb,de
user_5511_florestonya,ru
user_5512_hutchinsonmary,pt
user_5513_christopher10,no
user_5514_clinesarah,en
user_5515_padillatyler,de
user_5516_ericellis,pt
user_5517_melissamurphy,en
user_5518_wblake,ja
user_5519_clintonwashington,en
user_5520_neil66,fr
user_5521_gregorywilson,pt
user_5522_btrujillo,ru
user_5523_aliciaclark,de
user_5524_mike62,pt
user_5525_jeffreybarajas,ru
user_5526_ayersjeffrey,en
user_5527_christopher58,es
user_5528_jonesvanessa,fr
user_5529_wthompson,ru
user_5530_iwilliams,ru
user_5531_ujordan,en
user_5532_scoleman,ru
user_5533_peggy02,ja
user_5534_durhamruth,zh
user_5535_anthony15,fr
user_5536_lmejia,en
user_5537_stephensteele,ru
user_5538_william15,fr
user_5539_rodney70,es
user_5540_jill03,ru
user_5541_umeyer,ru
user_5542_mitchellpatricia,es
user_5543_hollyclark,fr
user_5544_jenniferperry,en
user_5545_zgreen,ru
user_5546_xlong,de
user_5547_chriswells,en
user_5548_lmorales,de
user_5549_ywells,it
user_5550_ssmith,en
user_5551_shawmichelle,pt
user_5552_elizabeth18,ru
user_5553_anthony09,ru
user_5554_wrobinson,es
user_5555_garrettanthony,ru
user_5556_yweeks,ru
user_5557_todd33,no
user_5558_frobinson,ja
user_5559_qorr,en
user_5560_benjamintonya,ja
user_5561_john96,it
user_5562_sherry29,ru
user_5563_huynhmarie,de
user_5564_darrell39,zh
user_5565_caguilar,ru
user_5566_edwardsmichael,ru
user_5567_jamescrawford,fr
user_5568_robertparrish,en
user_5569_smithashley,zh
user_5570_rollinsamy,ru
user_5571_zmendez,ja
user_5572_xwalker,ru
user_5573_loweryyvonne,ru
user_5574_asanchez,ru
user_5575_james30,en
user_5576_ngallagher,no
user_5577_ashleyfernandez,en
user_5578_wardanthony,ru
user_5579_javier76,fr
user_5580_youngjames,no
user_5581_xmarshall,ru
user_5582_anthony96,en
user_5583_isaiah09,no
user_5584_whitesamantha,ru
user_5585_bethanyromero,no
user_5586_christopherlindsey,en
user_5587_jodychase,no
user_5588_dixonalyssa,pt
user_5589_adrian19,ja
user_5590_bauerdarren,en
user_5591_kwilliams,pt
user_5592_wilsonlori,de
user_5593_brittney69,ru
user_5594_nicolecraig,it
user_5595_whitelisa,no
user_5596_johnsonnancy,es
user_5597_justinandrews,fr
user_5598_anthonyrichard,en
user_5599_sbaker,ru
user_5600_bradshawmike,ru
user_5601_ericajuarez,en
user_5602_xscott,ja
user_5603_pwright,de
user_5604_jimmy58,en
user_5605_handerson,zh
user_5606_lsharp,ru
user_5607_rreese,ru
user_5608_emartinez,it
user_5609_mallen,fr
user_5610_penavictor,es
user_5611_jennifergallagher,ru
user_5612_cynthia59,en
user_5613_melissa90,ru
user_5614_james10,ru
user_5615_jennifer27,ru
user_5616_patrick61,fr
user_5617_whitekyle,zh
user_5618_lcurtis,en
user_5619_markross,no
user_5620_dmatthews,es
user_5621_uryan,ja
user_5622_vanessaadams,ru
user_5623_loriblake,fr
user_5624_joseph16,de
user_5625_andrew00,en
user_5626_dhernandez,pt
user_5627_millsrandy,fr
user_5628_kzimmerman,ru
user_5629_nduncan,ru
user_5630_rodriguezkimberly,en
user_5631_karenjackson,pt
user_5632_diana89,fr
user_5633_donaldwalker,es
user_5634_shelly75,en
user_5635_tinathomas,ru
user_5636_psims,ru
user_5637_davidmora,ru
user_5638_mahoneyariana,de
user_5639_lwalters,ru
user_5640_phillipssara,en
user_5641_thomasronald,es
user_5642_icarter,de
user_5643_edward67,ru
user_5644_richard51,es
user_5645_brian67,fr
user_5646_bradleyrenee,en
user_5647_odawson,ru
user_5648_veronica02,no
user_5649_lopezmary,ja
user_5650_castromichael,pt
user_5651_ncastaneda,en
user_5652_jonesjames,ru
user_5653_michaelbarajas,ja
user_5654_chrismarks,ru
user_5655_emily71,fr
user_5656_brandonwilliams,en
user_5657_oneillnicole,en
user_5658_carolsanchez,en
user_5659_ruizcarol,no
user_5660_walkerchristina,es
user_5661_vking,ru
user_5662_oandrews,es
user_5663_simpsoncatherine,zh
user_5664_juanblack,ru
user_5665_jcampbell,es
user_5666_leemiguel,en
user_5667_bwright,ru
user_5668_sheltonstephanie,zh
user_5669_mistyjones,es
user_5670_ucole,fr
user_5671_ldonovan,en
user_5672_dennis52,ru
user_5673_zpeterson,ja
user_5674_barnesalyssa,en
user_5675_deborah05,es
user_5676_michael22,en
user_5677_anne58,ru
user_5678_emilybell,es
user_5679_leemichael,it
user_5680_jennifer53,en
user_5681_fryjerry,ru
user_5682_mary88,en
user_5683_daltondowns,en
user_5684_hmartin,zh
user_5685_tmartinez,ru
user_5686_jamesarias,zh
user_5687_dustin10,en
user_5688_jennifer78,en
user_5689_williammartinez,ru
user_5690_jacobellis,es
user_5691_howellchristopher,fr
user_5692_ywheeler,pt
user_5693_josephkimberly,ru
user_5694_derek28,ru
user_5695_mdouglas,ja
user_5696_perryjeremy,ru
user_5697_floresdouglas,ru
user_5698_danielhaley,it
user_5699_nicholsamy,en
user_5700_davismichael,ru
user_5701_michellealexander,en
user_5702_danny97,zh
user_5703_danielle68,fr
user_5704_stacey73,es
user_5705_kimberly03,fr
user_5706_parkerdebra,fr
user_5707_rodriguezmichael,ru
user_5708_danielwalker,pt
user_5709_steeletina,it
user_5710_matthewhudson,ru
user_5711_tdavis,it
user_5712_campbelledwin,en
user_5713_belldeanna,pt
user_5714_xruiz,fr
user_5715_andrea20,it
user_5716_houstonkatrina,en
user_5717_ortizjeremiah,es
user_5718_brian38,es
user_5719_kelliemay,ru
user_5720_jamesswanson,en
user_5721_cooperrandall,de
user_5722_sophiaanderson,zh
user_5723_alicia16,fr
user_5724_william11,ru
user_5725_timothy13,de
user_5726_curtismills,ru
user_5727_matthewnguyen,pt
user_5728_khines,ru
user_5729_vfoster,en
user_5730_osbornemichael,es
user_5731_tammyfowler,ru
user_5732_lgoodman,de
user_5733_kimberly59,en
user_5734_davidevans,no
user_5735_kimberlypeters,no
user_5736_dawncalderon,en
user_5737_cynthiageorge,ru
user_5738_oscar76,de
user_5739_wcoleman,ru
user_5740_steven58,es
user_5741_ywhite,pt
user_5742_iwells,ru
user_5743_wdouglas,en
user_5744_wilsonandrew,fr
user_5745_qblair,ru
user_5746_vparker,en
user_5747_bobbymcclain,en
user_5748_jo69,ja
user_5749_aandrade,it
user_5750_derrickglass,es
user_5751_sean25,ru
user_5752_acontreras,en
user_5753_leonardbradley,es
user_5754_randalledwards,it
user_5755_eugenerodriguez,en
user_5756_lisasanford,es
user_5757_hrusso,en
user_5758_stephaniejensen,en
user_5759_smithtodd,fr
user_5760_seangallegos,it
user_5761_craigadams,ru
user_5762_erikashaw,zh
user_5763_stephaniewilliams,en
user_5764_asimon,ru
user_5765_guerrapatricia,en
user_5766_qholmes,en
user_5767_richard52,pt
user_5768_matthew47,de
user_5769_mccormickkristina,no
user_5770_joshua20,es
user_5771_adam47,ru
user_5772_matthew28,zh
user_5773_ariel35,es
user_5774_william15,ru
user_5775_jessicareed,pt
user_5776_arthurdavis,ja
user_5777_walshjason,zh
user_5778_diaztom,ru
user_5779_xpetersen,en
user_5780_juliewalters,fr
user_5781_kylie71,en
user_5782_gallaghermichael,ru
user_5783_tammypatterson,de
user_5784_qgarcia,ru
user_5785_emoore,ja
user_5786_janicehood,ru
user_5787_rhurley,pt
user_5788_katiecoleman,ru
user_5789_spencerhenry,ru
user_5790_pamelakelly,en
user_5791_jessicamartin,pt
user_5792_jeremyhall,fr
user_5793_ftaylor,pt
user_5794_erin14,ru
user_5795_jscott,es
user_5796_pamela56,ru
user_5797_nicoleanderson,en
user_5798_carmstrong,en
user_5799_lopezadam,ja
user_5800_thomas15,en
user_5801_paul02,ru
user_5802_candice04,en
user_5803_rachelbrown,en
user_5804_wespinoza,de
user_5805_benjaminmoore,ru
user_5806_nmartinez,ja
user_5807_johnsonjeffrey,ja
user_5808_emily92,de
user_5809_wrightbrenda,en
user_5810_ruiztimothy,fr
user_5811_foxcharles,no
user_5812_benjamin89,pt
user_5813_robert82,no
user_5814_christydavis,pt
user_5815_sarah68,ru
user_5816_john69,zh
user_5817_cserrano,en
user_5818_bailey26,ru
user_5819_amanda12,zh
user_5820_edward92,en
user_5821_rachel42,pt
user_5822_jhobbs,ru
user_5823_james84,en
user_5824_matthewswanson,ja
user_5825_aschmidt,en
user_5826_smithchad,it
user_5827_kenneth25,de
user_5828_sarahstevens,fr
user_5829_danieldavenport,en
user_5830_emcdonald,pt
user_5831_gabrieljones,de
user_5832_fcummings,ru
user_5833_bpage,en
user_5834_williamsstephanie,en
user_5835_robertsjames,fr
user_5836_ronniebrooks,en
user_5837_curtisbanks,ru
user_5838_ericlambert,it
user_5839_shanson,ru
user_5840_rgonzalez,pt
user_5841_alan70,fr
user_5842_stephennelson,en
user_5843_richardsonmichael,en
user_5844_shermanjason,fr
user_5845_anthonydanielle,en
user_5846_cperez,fr
user_5847_marissacarrillo,ja
user_5848_cookaustin,it
user_5849_lesliehayes,en
user_5850_cobbstephanie,en
user_5851_sandrareyes,ru
user_5852_ischultz,es
user_5853_dana67,ru
user_5854_debrastevenson,en
user_5855_erichoward,en
user_5856_melanie62,pt
user_5857_jennifer62,es
user_5858_carlsonjake,ru
user_5859_allison71,en
user_5860_farleymichael,en
user_5861_thompsonmary,ru
user_5862_zbrewer,zh
user_5863_williamskatrina,es
user_5864_timothy82,en
user_5865_kproctor,pt
user_5866_stephen72,it
user_5867_ojones,ja
user_5868_jonesnatalie,ja
user_5869_esparzadavid,ru
user_5870_dmiller,ru
user_5871_marie33,ru
user_5872_jallen,en
user_5873_sharonrivera,ru
user_5874_anthony80,en
user_5875_christine01,ru
user_5876_gbrown,de
user_5877_hullderrick,ru
user_5878_wwolfe,en
user_5879_tinamoore,en
user_5880_amanda55,en
user_5881_zandrews,de
user_5882_rchristian,ru
user_5883_lrodriguez,en
user_5884_uharper,zh
user_5885_samantha91,en
user_5886_wwilson,en
user_5887_goodwinkathryn,ru
user_5888_allenbradley,en
user_5889_nicholas78,en
user_5890_justinchase,ru
user_5891_samuelgreen,es
user_5892_andersonkatherine,pt
user_5893_shelbyperkins,en
user_5894_joshua72,ja
user_5895_michellerich,en
user_5896_dixonhenry,en
user_5897_andrew44,pt
user_5898_jason30,pt
user_5899_ymarshall,de
user_5900_navarrocrystal,ru
user_5901_xgardner,de
user_5902_sergiojohnson,zh
user_5903_antoniohubbard,en
user_5904_shawnyoung,ja
user_5905_lewissandra,es
user_5906_ericabyrd,zh
user_5907_jessicarogers,ru
user_5908_ndavis,de
user_5909_jacquelinewells,en
user_5910_christopher90,en
user_5911_roblesdeanna,it
user_5912_trichardson,en
user_5913_vbrewer,ru
user_5914_cvaughn,ru
user_5915_edwardroberts,fr
user_5916_ningram,fr
user_5917_rmacias,ru
user_5918_alex55,pt
user_5919_wjohnson,en
user_5920_stacieanderson,ru
user_5921_raymond56,de
user_5922_allenprice,en
user_5923_romeromichael,ja
user_5924_jeffreyburton,ru
user_5925_rodriguezdustin,de
user_5926_tamarafrost,ru
user_5927_roberto48,en
user_5928_ksnow,fr
user_5929_gchambers,pt
user_5930_katherine65,zh
user_5931_schneidermichael,en
user_5932_tabitha62,ru
user_5933_lyonsjulia,it
user_5934_heidi02,en
user_5935_scott03,en
user_5936_jason36,en
user_5937_ocruz,en
user_5938_ericsandoval,pt
user_5939_tiffanygarcia,it
user_5940_moorepatricia,ru
user_5941_victorfrancis,es
user_5942_jenniferlane,en
user_5943_williamspatrick,pt
user_5944_hparker,no
user_5945_flowerssarah,en
user_5946_davidburke,no
user_5947_wmcdaniel,pt
user_5948_mcclurejoshua,en
user_5949_fhurst,zh
user_5950_joshuarangel,ru
user_5951_qhernandez,fr
user_5952_riddlejessica,ru
user_5953_davisalexander,ru
user_5954_jamesreyes,en
user_5955_mflynn,it
user_5956_vblair,pt
user_5957_danmeyer,ru
user_5958_jacksonronald,pt
user_5959_laurie64,es
user_5960_christian92,ru
user_5961_wjones,en
user_5962_sharonmitchell,zh
user_5963_tiffany78,en
user_5964_cjones,de
user_5965_peggybowen,es
user_5966_wyattjoseph,es
user_5967_maryblack,ru
user_5968_lrodriguez,ru
user_5969_sheltonkevin,en
user_5970_christinagomez,de
user_5971_anthonycallahan,ru
user_5972_brandihopkins,no
user_5973_ashleybarrett,it
user_5974_kcooper,en
user_5975_mcdonaldcandace,de
user_5976_john34,en
user_5977_rebeccapope,ru
user_5978_mendozaann,ru
user_5979_dolson,en
user_5980_matthew50,pt
user_5981_rflores,it
user_5982_logancaroline,en
user_5983_karen78,fr
user_5984_xmcgee,zh
user_5985_anelson,en
user_5986_cruzryan,en
user_5987_tiffanyfrancis,ja
user_5988_clarkbetty,ru
user_5989_paul83,ru
user_5990_scott70,en
user_5991_lee55,pt
user_5992_jodi46,ru
user_5993_patricialowery,es
user_5994_phuber,fr
user_5995_kathryn89,de
user_5996_iortiz,it
user_5997_grantlisa,fr
user_5998_moorejohn,en
user_5999_poliver,ja
user_6000_christophersmith,ru
user_6001_jason16,de
user_6002_irwinpaul,de
user_6003_lisa48,it
user_6004_robert38,ru
user_6005_michelle27,ru
user_6006_johnlee,en
user_6007_jeremypierce,it
user_6008_vkhan,ru
user_6009_heather49,ru
user_6010_bettywright,en
user_6011_ashleybutler,en
user_6012_vegacraig,zh
user_6013_taramccormick,en
user_6014_hillluis,en
user_6015_leah63,de
user_6016_ryanalexander,pt
user_6017_henry62,de
user_6018_wmccarty,es
user_6019_tgonzalez,ru
user_6020_natalie91,ru
user_6021_sstevenson,es
user_6022_ronald38,de
user_6023_renee44,it
user_6024_richard85,no
user_6025_gwagner,ja
user_6026_jsimmons,en
user_6027_msanchez,ja
user_6028_melissaellis,ja
user_6029_sean19,ru
user_6030_ortizmatthew,fr
user_6031_allenjorge,no
user_6032_rosekevin,ru
user_6033_dwilson,de
user_6034_hectorcunningham,en
user_6035_sandrabarton,en
user_6036_leestacey,en
user_6037_howellamy,zh
user_6038_ulane,ru
user_6039_amber27,ru
user_6040_jaime75,ru
user_6041_peggymoore,ru
user_6042_vfarley,zh
user_6043_carolyn52,fr
user_6044_pjohnson,it
user_6045_zlevine,de
user_6046_fsanchez,de
user_6047_cwood,de
user_6048_richmondrebecca,es
user_6049_cameron85,ru
user_6050_adamssamantha,en
user_6051_christopher24,ru
user_6052_brenda78,no
user_6053_brandon79,zh
user_6054_nicholas70,en
user_6055_christina46,en
user_6056_monicajones,en
user_6057_carlsonaaron,no
user_6058_harrisjason,zh
user_6059_emedina,fr
user_6060_morgandavid,es
user_6061_jermaine58,en
user_6062_ujohnson,ja
user_6063_cassandra03,ru
user_6064_jay68,no
user_6065_christine95,ru
user_6066_dgray,it
user_6067_cmiller,ru
user_6068_michael47,ru
user_6069_alanmcdaniel,ru
user_6070_michaelstanley,ru
user_6071_vromero,ru
user_6072_martintimothy,ja
user_6073_shawnjimenez,es
user_6074_qgonzalez,ru
user_6075_richardburns,es
user_6076_dhowell,es
user_6077_nnixon,ru
user_6078_ymorris,ru
user_6079_parsonsdaniel,no
user_6080_amydouglas,de
user_6081_toni06,ru
user_6082_charles74,ru
user_6083_gerald27,en
user_6084_hfloyd,ru
user_6085_gperez,ja
user_6086_catherineortiz,es
user_6087_anthonymiles,es
user_6088_joshua39,zh
user_6089_ladams,ru
user_6090_msmith,zh
user_6091_angelabennett,ru
user_6092_raymondsmith,en
user_6093_amanda00,ru
user_6094_michael35,it
user_6095_alanwilliams,pt
user_6096_rnewman,pt
user_6097_fordlaura,en
user_6098_eric07,ru
user_6099_dpadilla,de
user_6100_smithsandra,es
user_6101_patrick30,ru
user_6102_robin66,de
user_6103_josephjuan,ru
user_6104_shelly03,de
user_6105_sandovalchristopher,ru
user_6106_louisball,ru
user_6107_leahcox,ru
user_6108_youngshannon,en
user_6109_qmiller,zh
user_6110_patriciabryant,de
user_6111_mark70,pt
user_6112_martinkevin,ru
user_6113_ramseycharles,ru
user_6114_annette74,de
user_6115_brittanyperry,ja
user_6116_hvilla,en
user_6117_ugonzalez,fr
user_6118_rodney66,en
user_6119_morrisbrian,pt
user_6120_steven29,ru
user_6121_williamvargas,en
user_6122_whitegabrielle,en
user_6123_zhill,ru
user_6124_jessica31,ru
user_6125_mark67,ru
user_6126_jthompson,pt
user_6127_pagestephanie,ru
user_6128_nicholas22,ru
user_6129_matthewyoung,ru
user_6130_thomasklein,es
user_6131_icollins,ja
user_6132_laneapril,de
user_6133_joneslaurie,ru
user_6134_steve77,en
user_6135_ygates,ru
user_6136_salazarcarol,en
user_6137_reynoldschad,fr
user_6138_bwilliams,en
user_6139_jeanette74,pt
user_6140_michael53,en
user_6141_mdavis,de
user_6142_taylorkimberly,en
user_6143_johnjohnson,it
user_6144_rhowe,ru
user_6145_adamstanya,ru
user_6146_fsaunders,it
user_6147_charles45,en
user_6148_gjones,ja
user_6149_sanchezalicia,ru
user_6150_stephen20,pt
user_6151_cummingscameron,en
user_6152_johnsonashley,ru
user_6153_amurphy,en
user_6154_bridget63,fr
user_6155_jpotts,ru
user_6156_eileen46,ru
user_6157_edward69,en
user_6158_gregorywaller,fr
user_6159_michellewong,ru
user_6160_krystal02,zh
user_6161_bgreen,pt
user_6162_colemansteven,ru
user_6163_michael61,pt
user_6164_bucktanya,en
user_6165_kellyjoseph,fr
user_6166_jessica75,pt
user_6167_philip36,ru
user_6168_robert18,it
user_6169_davidhanna,es
user_6170_mperez,en
user_6171_jacquelinekennedy,es
user_6172_mariachristian,fr
user_6173_jasmine15,en
user_6174_epope,es
user_6175_blevinsrandall,fr
user_6176_holmesrobert,en
user_6177_shannon14,en
user_6178_ublackburn,fr
user_6179_shannon02,en
user_6180_nashpatricia,en
user_6181_sean22,en
user_6182_fmills,es
user_6183_amcclain,ru
user_6184_sotosteven,en
user_6185_edwardslisa,en
user_6186_mwilliams,fr
user_6187_deanna19,ru
user_6188_jimmy90,ru
user_6189_blakehubbard,ru
user_6190_richardsonfrank,ru
user_6191_turnervictor,ja
user_6192_troy21,pt
user_6193_lisawood,en
user_6194_vsnyder,ja
user_6195_ebeltran,ru
user_6196_williamscheryl,fr
user_6197_joseph59,ru
user_6198_anthonypacheco,ru
user_6199_harperbecky,es
user_6200_hector16,es
user_6201_delgadomelanie,no
user_6202_wwillis,ru
user_6203_michellemcguire,ja
user_6204_wkelley,en
user_6205_phelpscarl,en
user_6206_smallcynthia,en
user_6207_julia77,it
user_6208_dixonkaren,de
user_6209_gonzalezbethany,pt
user_6210_stephanie03,ru
user_6211_valeriehernandez,en
user_6212_qwilliams,zh
user_6213_deckeraustin,en
user_6214_jaclynclark,en
user_6215_woodwardmia,en
user_6216_christopher85,en
user_6217_tbaker,ru
user_6218_lsmith,de
user_6219_lsmith,it
user_6220_charlesmiller,en
user_6221_kevin47,ja
user_6222_xvelasquez,en
user_6223_adam55,ru
user_6224_johnnysingleton,es
user_6225_damonmontgomery,en
user_6226_buchananmichael,ru
user_6227_zingram,ja
user_6228_brich,ja
user_6229_williamfloyd,ja
user_6230_mitchellbrian,de
user_6231_alexandriagrant,en
user_6232_townsendjeanette,it
user_6233_cole34,de
user_6234_atkinsonjessica,en
user_6235_kproctor,en
user_6236_harrisonmichael,pt
user_6237_david08,fr
user_6238_meredithfleming,en
user_6239_sharon34,pt
user_6240_johnny51,en
user_6241_alvaradomichael,ru
user_6242_wallerjuan,ru
user_6243_amanda20,it
user_6244_christopher83,en
user_6245_tonya15,es
user_6246_scottmueller,ru
user_6247_carmen89,zh
user_6248_davidmartin,en
user_6249_krodriguez,ru
user_6250_amy75,en
user_6251_richmondbrenda,en
user_6252_stephanie47,en
user_6253_mannpatricia,ja
user_6254_kevin09,ru
user_6255_kaylataylor,fr
user_6256_williamsdavid,fr
user_6257_mschroeder,zh
user_6258_elizabeth67,ru
user_6259_jamie08,en
user_6260_margaretjordan,en
user_6261_wshepherd,ru
user_6262_smithnicholas,en
user_6263_kevinsalas,en
user_6264_ilopez,it
user_6265_chelsealong,de
user_6266_ashleywilcox,zh
user_6267_dominguezrebecca,en
user_6268_kellywalters,ja
user_6269_rrodriguez,fr
user_6270_jasonmoore,pt
user_6271_mary17,en
user_6272_brianjackson,en
user_6273_laurencohen,de
user_6274_sbell,no
user_6275_onorton,ru
user_6276_michaelfox,ja
user_6277_wpetty,en
user_6278_wlowe,de
user_6279_destiny69,es
user_6280_annahawkins,en
user_6281_rebecca14,fr
user_6282_graykristen,en
user_6283_tiffany05,en
user_6284_mackenzie37,en
user_6285_dawnhopkins,it
user_6286_mgonzalez,es
user_6287_pachecolori,it
user_6288_pgibson,de
user_6289_canderson,en
user_6290_cmartin,ru
user_6291_justinfoster,pt
user_6292_jgreen,en
user_6293_kristen99,ru
user_6294_christy78,es
user_6295_lawsonjudy,ru
user_6296_tallen,it
user_6297_ydavis,ru
user_6298_david75,en
user_6299_dburch,ru
user_6300_qdavis,no
user_6301_winterscesar,en
user_6302_perezmichael,ru
user_6303_daniel47,no
user_6304_patriciajones,fr
user_6305_james98,en
user_6306_eclark,no
user_6307_melissajordan,en
user_6308_franklinmelinda,de
user_6309_wmcdonald,ru
user_6310_travismichael,en
user_6311_aaronwilliams,fr
user_6312_ianjohnson,en
user_6313_vangclayton,es
user_6314_colemanchristopher,ru
user_6315_hendersonronnie,ru
user_6316_gwebb,ja
user_6317_oadams,it
user_6318_kmiller,de
user_6319_marshallrobert,ru
user_6320_campbelldanielle,pt
user_6321_jenniferhowell,es
user_6322_robertlewis,en
user_6323_njohnson,pt
user_6324_fcurry,de
user_6325_lauramcclain,fr
user_6326_murphynicole,es
user_6327_miranda76,en
user_6328_chenangela,de
user_6329_anthonyjones,fr
user_6330_gfitzgerald,de
user_6331_patrickrichardson,en
user_6332_wlynch,ru
user_6333_larry45,ru
user_6334_kclark,ja
user_6335_jonathandavis,en
user_6336_lidaniel,en
user_6337_jordanmichael,en
user_6338_rolson,it
user_6339_oduke,ru
user_6340_jennifergilmore,ru
user_6341_rjohnson,en
user_6342_kennedywilliam,no
user_6343_hfry,fr
user_6344_peterscassidy,en
user_6345_gregorymanning,fr
user_6346_gburnett,en
user_6347_lisamyers,ru
user_6348_smithbrian,ru
user_6349_roberta14,ru
user_6350_drobinson,no
user_6351_tneal,en
user_6352_millsdustin,de
user_6353_megan10,en
user_6354_thernandez,fr
user_6355_meganhowell,ru
user_6356_blackjames,ru
user_6357_fisherdavid,ru
user_6358_whitejennifer,en
user_6359_urose,no
user_6360_xwilkerson,fr
user_6361_samantha80,ru
user_6362_daniel60,it
user_6363_wleblanc,pt
user_6364_laurie41,en
user_6365_james87,ru
user_6366_otucker,it
user_6367_carol36,ru
user_6368_chris10,fr
user_6369_carla25,it
user_6370_jimmy20,zh
user_6371_brandonanderson,en
user_6372_jenkinsbeth,en
user_6373_samantha76,fr
user_6374_jonathanjohns,ru
user_6375_ylamb,pt
user_6376_murphymelissa,es
user_6377_christopher13,ru
user_6378_pughtroy,ru
user_6379_angelajohns,es
user_6380_rosstaylor,pt
user_6381_amy56,de
user_6382_veronicadunn,no
user_6383_elarson,pt
user_6384_floresjanice,pt
user_6385_jennifer75,en
user_6386_jwhite,zh
user_6387_patricia14,ru
user_6388_vcarter,ru
user_6389_ublack,no
user_6390_mark72,en
user_6391_tbrown,fr
user_6392_vasquezkevin,en
user_6393_jennifer92,es
user_6394_lisa34,ru
user_6395_nicholas59,en
user_6396_lmcbride,ru
user_6397_woodsvictor,ru
user_6398_john00,pt
user_6399_gberger,en
user_6400_nrhodes,en
user_6401_summerwoods,fr
user_6402_victoriabarnett,en
user_6403_nmaxwell,en
user_6404_ksantiago,pt
user_6405_thomasflores,en
user_6406_coryfoster,en
user_6407_sfreeman,ja
user_6408_swansonluis,pt
user_6409_haleysarah,it
user_6410_jonathan26,pt
user_6411_jessicalin,en
user_6412_gibbsrobert,es
user_6413_nsims,no
user_6414_brandoncampbell,ru
user_6415_maddoxshelly,pt
user_6416_johnny13,fr
user_6417_simmonsjessica,it
user_6418_kathy52,ja
user_6419_kimberly59,pt
user_6420_summerslatasha,ja
user_6421_ddiaz,es
user_6422_karen45,ru
user_6423_williegarza,de
user_6424_lobrien,en
user_6425_jdavis,pt
user_6426_nicholaspatel,en
user_6427_bscott,no
user_6428_mitchellsteven,ru
user_6429_tyronewhite,it
user_6430_stevenhartman,it
user_6431_ythomas,en
user_6432_swebb,zh
user_6433_steven51,en
user_6434_robert33,pt
user_6435_timothyallen,en
user_6436_cody80,ru
user_6437_mayedward,no
user_6438_xshaw,ru
user_6439_matthewjohnson,ru
user_6440_zacharyreyes,zh
user_6441_nancybridges,zh
user_6442_fgutierrez,fr
user_6443_isaiah67,it
user_6444_bill91,es
user_6445_guerrerotina,en
user_6446_denisenichols,ru
user_6447_qmayo,it
user_6448_alejandra83,no
user_6449_tmorris,pt
user_6450_camachohenry,en
user_6451_justin81,en
user_6452_jhughes,it
user_6453_andrewalvarado,es
user_6454_williamscharles,it
user_6455_paulcopeland,no
user_6456_randolphnatasha,no
user_6457_walterdouglas,ja
user_6458_brenda54,de
user_6459_andrewlynch,en
user_6460_davidmiller,fr
user_6461_aleccruz,no
user_6462_wendymoore,es
user_6463_kenneth80,en
user_6464_cynthiaestrada,ru
user_6465_thomas58,ru
user_6466_jason86,fr
user_6467_gwang,fr
user_6468_carloswest,no
user_6469_underwoodtami,ru
user_6470_carlacruz,en
user_6471_austin50,fr
user_6472_stanleylloyd,en
user_6473_justinmarsh,ru
user_6474_urocha,ru
user_6475_heather95,de
user_6476_conwaymartin,pt
user_6477_kimberlymartin,it
user_6478_smithcarmen,es
user_6479_spencer00,it
user_6480_martinkathryn,ja
user_6481_nclark,no
user_6482_thomas52,en
user_6483_garciamelissa,en
user_6484_sarahstephens,es
user_6485_taylor66,en
user_6486_stoneadam,ja
user_6487_nicholas90,no
user_6488_philip14,no
user_6489_ajackson,ru
user_6490_rachelowens,en
user_6491_sjohnston,ru
user_6492_amandamack,it
user_6493_melissa41,pt
user_6494_fharris,zh
user_6495_richardsonamanda,ru
user_6496_johnperez,pt
user_6497_jnovak,zh
user_6498_taylorjulia,fr
user_6499_brownmatthew,fr
user_6500_tracy38,zh
user_6501_sanchezmarc,pt
user_6502_jonesdevon,ru
user_6503_kevinyoung,ja
user_6504_alicia60,ru
user_6505_juanleach,en
user_6506_larryjohnson,en
user_6507_jhudson,en
user_6508_vargasmartin,ru
user_6509_jeffrey57,en
user_6510_lmontgomery,pt
user_6511_anthonymoss,ru
user_6512_nwilson,es
user_6513_ericfisher,en
user_6514_andrew50,zh
user_6515_hamiltonjulian,en
user_6516_derek17,ja
user_6517_susanthomas,ru
user_6518_corey74,es
user_6519_mprice,ru
user_6520_ramosjorge,it
user_6521_alex43,es
user_6522_jacobsonrobert,en
user_6523_reesebrittany,en
user_6524_fieldsjose,ru
user_6525_elizabethfitzgerald,it
user_6526_englishjohn,fr
user_6527_ubarnes,pt
user_6528_jeffrey57,en
user_6529_mshepard,ja
user_6530_nbarron,en
user_6531_jimmybaker,en
user_6532_andre68,ru
user_6533_robertsdouglas,en
user_6534_grayheather,en
user_6535_osmith,fr
user_6536_qabbott,zh
user_6537_emilywilliams,en
user_6538_davidnorton,ja
user_6539_denisefields,en
user_6540_shanebennett,ru
user_6541_warejessica,ru
user_6542_colonsharon,en
user_6543_alicia61,ja
user_6544_ericvillegas,ja
user_6545_zacharypatton,es
user_6546_harriskimberly,ja
user_6547_jsmith,es
user_6548_phensley,en
user_6549_owensjose,ru
user_6550_kyle66,ru
user_6551_joseph96,en
user_6552_leetodd,ru
user_6553_ewood,zh
user_6554_zhart,pt
user_6555_cynthia10,pt
user_6556_thompsonmatthew,pt
user_6557_meganprice,fr
user_6558_pamelajones,es
user_6559_joeharrison,ru
user_6560_yoderchristine,en
user_6561_johnclayton,fr
user_6562_amy68,en
user_6563_oandrews,en
user_6564_nicolejohnson,en
user_6565_ortizbenjamin,pt
user_6566_ijordan,de
user_6567_mark29,fr
user_6568_parkerann,en
user_6569_hannahrodriguez,de
user_6570_fullerbethany,pt
user_6571_jcarroll,it
user_6572_sherry82,ru
user_6573_ahill,en
user_6574_nicolesoto,de
user_6575_angelacollins,ru
user_6576_sgutierrez,ru
user_6577_sarahthomas,ru
user_6578_gomeznatalie,ru
user_6579_daniel34,it
user_6580_davisstephen,it
user_6581_patrick46,es
user_6582_ijackson,zh
user_6583_monroedebbie,en
user_6584_morancynthia,it
user_6585_clinebelinda,fr
user_6586_owright,es
user_6587_wsmith,en
user_6588_melissa09,en
user_6589_wvasquez,zh
user_6590_ahill,en
user_6591_cookandrew,pt
user_6592_leetammy,es
user_6593_braunsamantha,ru
user_6594_jacksondominic,it
user_6595_mmeyer,fr
user_6596_lisamills,no
user_6597_gibbsstephen,ru
user_6598_jefferynewman,ru
user_6599_carlsonkrista,ru
user_6600_fharvey,ru
user_6601_sierrahernandez,en
user_6602_natasha21,ja
user_6603_kevinbrewer,en
user_6604_gutierrezchristopher,pt
user_6605_zrussell,zh
user_6606_alexayates,ru
user_6607_fcastaneda,en
user_6608_josephherrera,ja
user_6609_jorge38,en
user_6610_jroberson,en
user_6611_matthew47,it
user_6612_martinezjason,it
user_6613_johnsonnicole,ru
user_6614_kwatkins,ru
user_6615_willierobinson,it
user_6616_glewis,ru
user_6617_leon90,ru
user_6618_david73,de
user_6619_heidiwilson,en
user_6620_qjohnson,zh
user_6621_williampayne,fr
user_6622_barnettlindsey,fr
user_6623_bryan25,pt
user_6624_hornjerry,de
user_6625_briggs,de
user_6626_jasonguerrero,en
user_6627_turnerpaul,ru
user_6628_ashley08,es
user_6629_rebecca58,ja
user_6630_ericksonmatthew,zh
user_6631_susan42,ru
user_6632_jamiegentry,ja
user_6633_paulanna,ja
user_6634_iwilson,en
user_6635_sara74,fr
user_6636_bowmanheidi,pt
user_6637_katherinelynn,it
user_6638_vazquezangela,ru
user_6639_potterleslie,ru
user_6640_fbrown,it
user_6641_meredith73,fr
user_6642_zthompson,en
user_6643_bwebb,pt
user_6644_kenneth48,fr
user_6645_pattersonkristine,ru
user_6646_ihernandez,pt
user_6647_wdavis,fr
user_6648_ifarmer,pt
user_6649_nsmith,en
user_6650_katiegoodwin,es
user_6651_qferguson,es
user_6652_jennifer35,pt
user_6653_odavis,de
user_6654_cjohnson,ru
user_6655_claudiawilliams,ru
user_6656_mbarnett,fr
user_6657_breanna94,en
user_6658_hammondjeffrey,ru
user_6659_stephanie41,ru
user_6660_robertmccormick,pt
user_6661_katherine64,en
user_6662_hlewis,en
user_6663_johnellis,ru
user_6664_jjohnson,pt
user_6665_staceyrichards,it
user_6666_nicholas59,ru
user_6667_uabbott,it
user_6668_doylejasmine,ru
user_6669_olsenconnie,es
user_6670_hammondmichelle,en
user_6671_daltonayala,es
user_6672_breannarobinson,fr
user_6673_erikpayne,ru
user_6674_mdillon,en
user_6675_jamiemartinez,en
user_6676_corr,no
user_6677_robertsapril,en
user_6678_pam03,ja
user_6679_johndavis,ru
user_6680_shahmichael,ja
user_6681_blakelaurie,it
user_6682_cmason,de
user_6683_snyderamy,en
user_6684_thomasdavis,zh
user_6685_william25,en
user_6686_gabrielle81,de
user_6687_philliphill,en
user_6688_xgallegos,es
user_6689_andersonjoanne,no
user_6690_moralesaaron,fr
user_6691_james13,en
user_6692_qdavis,en
user_6693_lopezgregory,ru
user_6694_lloydanthony,en
user_6695_wstewart,en
user_6696_ebonysmith,ru
user_6697_joshua12,ja
user_6698_joshuatorres,ru
user_6699_imiller,en
user_6700_steven83,fr
user_6701_lhays,de
user_6702_eelliott,en
user_6703_rebecca39,en
user_6704_dlynch,zh
user_6705_frank93,en
user_6706_samantha86,ru
user_6707_xle,ru
user_6708_kbradford,zh
user_6709_joseph98,it
user_6710_lindsey54,de
user_6711_showard,en
user_6712_lbrown,ru
user_6713_popekiara,ru
user_6714_jessica00,ru
user_6715_fostershawn,ru
user_6716_danielkatie,en
user_6717_christopher74,ru
user_6718_ebeasley,ja
user_6719_stewarttodd,de
user_6720_gday,en
user_6721_mallory53,en
user_6722_douglas19,ru
user_6723_elliottcaitlyn,de
user_6724_brayjoshua,ru
user_6725_milessheena,ja
user_6726_joseowens,ru
user_6727_danielcastro,ru
user_6728_christinegreene,en
user_6729_robert57,ru
user_6730_perezjonathan,it
user_6731_johnray,en
user_6732_wendyhenry,fr
user_6733_thomas77,en
user_6734_paulandrew,ja
user_6735_ashleycastro,fr
user_6736_timothy46,en
user_6737_williamperry,pt
user_6738_zachary01,it
user_6739_annemaynard,ru
user_6740_gabrielawoods,ru
user_6741_lwilson,es
user_6742_underwoodrobert,fr
user_6743_psnow,it
user_6744_bauerbelinda,ru
user_6745_jacob78,de
user_6746_copelandchad,ru
user_6747_albertfitzpatrick,ru
user_6748_tlewis,ru
user_6749_psmith,en
user_6750_danieltate,ja
user_6751_shamilton,it
user_6752_contrerassonia,pt
user_6753_leslie46,fr
user_6754_xtaylor,en
user_6755_evansjames,fr
user_6756_swoods,pt
user_6757_edwardswilliam,en
user_6758_garciamichelle,ja
user_6759_sullivanjamie,ja
user_6760_bterry,en
user_6761_dylanduncan,en
user_6762_tammydavidson,ru
user_6763_lukeryan,ru
user_6764_tinasolomon,ru
user_6765_amberlester,ru
user_6766_sheila74,pt
user_6767_rmarks,it
user_6768_goodwinwilliam,ru
user_6769_samuelwallace,fr
user_6770_sballard,fr
user_6771_mendozajennifer,en
user_6772_rachelcarter,fr
user_6773_obowers,no
user_6774_jeffreyhendricks,ru
user_6775_maria94,en
user_6776_cmeyer,en
user_6777_rodriguezfelicia,en
user_6778_fischersheri,ru
user_6779_tracierivers,ru
user_6780_charles44,ru
user_6781_williamspaula,ja
user_6782_wrightphillip,pt
user_6783_ashleycarl,en
user_6784_brucejacob,it
user_6785_wheelertimothy,fr
user_6786_efloyd,ru
user_6787_ashley00,de
user_6788_michael30,it
user_6789_matthew99,ru
user_6790_chansen,ru
user_6791_leetiffany,fr
user_6792_james65,es
user_6793_martincraig,pt
user_6794_katherinemendoza,it
user_6795_iholmes,es
user_6796_llarson,fr
user_6797_reynoldstaylor,de
user_6798_joshua34,en
user_6799_mariamartin,en
user_6800_sydney49,en
user_6801_ralphjohnson,fr
user_6802_jared47,fr
user_6803_john74,ja
user_6804_cchung,no
user_6805_yrobertson,en
user_6806_oscar78,es
user_6807_schroederryan,de
user_6808_thompsonvictor,en
user_6809_lpetersen,en
user_6810_jameswolfe,ru
user_6811_dawnolson,zh
user_6812_crocha,en
user_6813_barryjeffrey,en
user_6814_ypowell,en
user_6815_karenwilliams,pt
user_6816_shelby44,en
user_6817_greenejennifer,ja
user_6818_natalierodriguez,ru
user_6819_tracysilva,en
user_6820_derek96,ru
user_6821_john09,en
user_6822_morrisamanda,ru
user_6823_andreakerr,ru
user_6824_xschmidt,zh
user_6825_xmorris,en
user_6826_david34,fr
user_6827_kcooke,it
user_6828_williamsmichelle,fr
user_6829_tinadavis,ru
user_6830_nelsonjoseph,en
user_6831_ehall,es
user_6832_mcdonaldnicole,pt
user_6833_careylarry,it
user_6834_moorerachel,ja
user_6835_lawrence91,es
user_6836_jessicabailey,no
user_6837_igentry,no
user_6838_anna83,it
user_6839_tross,fr
user_6840_cthomas,en
user_6841_james77,es
user_6842_susanmorgan,ja
user_6843_odomjoseph,ru
user_6844_hernandezjuan,ru
user_6845_lambertjoseph,fr
user_6846_jonesronald,ru
user_6847_ikelly,en
user_6848_bobby69,pt
user_6849_nortontammy,en
user_6850_emmale,ru
user_6851_morganlove,ru
user_6852_mariejones,ru
user_6853_tbaker,zh
user_6854_keithsmith,en
user_6855_gmarsh,ru
user_6856_charles31,no
user_6857_wsanchez,zh
user_6858_michaelmorris,ru
user_6859_joshuadavenport,ru
user_6860_robbinskerri,en
user_6861_rwhite,fr
user_6862_andrewphillips,ru
user_6863_finleyashley,ru
user_6864_brianna75,en
user_6865_brenda26,en
user_6866_hwalker,en
user_6867_jjohnson,ru
user_6868_leeashley,it
user_6869_kathrynryan,en
user_6870_amiddleton,ru
user_6871_nicholasdominguez,ja
user_6872_michaellang,de
user_6873_hopkinsjessica,ja
user_6874_lesliebrooks,ja
user_6875_michael55,zh
user_6876_robinsonandrew,en
user_6877_monroedaniel,en
user_6878_baileyandrew,it
user_6879_hokevin,ru
user_6880_badams,ru
user_6881_marilyn46,fr
user_6882_matthewhernandez,es
user_6883_carlos43,pt
user_6884_jennifermcdonald,no
user_6885_chapmanjennifer,ru
user_6886_qhood,ru
user_6887_phiggins,fr
user_6888_ryancooper,it
user_6889_reedjustin,zh
user_6890_tsantana,ru
user_6891_mburton,en
user_6892_ubrooks,en
user_6893_gonzalezemily,de
user_6894_ericksoncameron,es
user_6895_darrylmiller,ru
user_6896_smithlaura,fr
user_6897_mcintoshalbert,en
user_6898_mbrown,ru
user_6899_leonardmichael,it
user_6900_hhoward,en
user_6901_amy52,en
user_6902_payneadam,es
user_6903_zachary85,ru
user_6904_underwoodian,no
user_6905_nathanielramos,en
user_6906_austinwilliam,de
user_6907_trichardson,ru
user_6908_mooreandrea,en
user_6909_meghanmorrow,es
user_6910_timothy83,en
user_6911_nlawrence,ja
user_6912_gjenkins,ru
user_6913_chelseaarroyo,es
user_6914_mooredakota,en
user_6915_cathywilliams,ru
user_6916_jack56,no
user_6917_mary25,en
user_6918_david25,en
user_6919_castanedacrystal,en
user_6920_qgriffin,it
user_6921_ghernandez,no
user_6922_tracy66,en
user_6923_marylopez,ru
user_6924_april33,ru
user_6925_jasmine46,ru
user_6926_crystal05,no
user_6927_williamsjohn,pt
user_6928_robertslori,ru
user_6929_patricia78,en
user_6930_hclements,pt
user_6931_kanereginald,ru
user_6932_jefferyjohnson,ru
user_6933_rebecca50,es
user_6934_michaelosborne,ja
user_6935_stephenschristine,fr
user_6936_mitchellchristopher,zh
user_6937_ycarroll,ru
user_6938_stacey50,fr
user_6939_kevin08,es
user_6940_bradley02,ja
user_6941_thomasdavid,de
user_6942_rachaelspencer,en
user_6943_sarawhite,en
user_6944_smithcharles,ja
user_6945_mckinneystefanie,de
user_6946_orichard,en
user_6947_ryan65,es
user_6948_hwright,zh
user_6949_hannah27,ru
user_6950_samantha78,en
user_6951_sarabenson,de
user_6952_juliawallace,zh
user_6953_michaelbuchanan,ja
user_6954_wadams,en
user_6955_colleen55,ru
user_6956_blake45,de
user_6957_stephencruz,es
user_6958_michael86,fr
user_6959_abennett,ja
user_6960_fschneider,zh
user_6961_sheilacarlson,es
user_6962_hrose,en
user_6963_christopher27,ru
user_6964_kimberly13,en
user_6965_matthewmartinez,ru
user_6966_beth92,en
user_6967_frances91,es
user_6968_michaelcruz,es
user_6969_michelle98,ru
user_6970_daniel06,pt
user_6971_kbrooks,en
user_6972_gmorgan,ru
user_6973_tammy78,de
user_6974_pamela91,de
user_6975_zsmith,es
user_6976_fosterchristopher,ru
user_6977_leeanthony,ru
user_6978_gburns,no
user_6979_adkinsjenna,fr
user_6980_phughes,ru
user_6981_kyle85,es
user_6982_westchristian,es
user_6983_reginaldmartinez,pt
user_6984_robert85,ru
user_6985_scottmichelle,ru
user_6986_stacey06,en
user_6987_hdouglas,fr
user_6988_thomasallen,en
user_6989_amandawilliams,ru
user_6990_martingwendolyn,fr
user_6991_michelegarcia,ru
user_6992_cindy50,en
user_6993_shanesmith,es
user_6994_eric49,en
user_6995_blarson,pt
user_6996_javiersmith,no
user_6997_orivera,pt
user_6998_matthewatkins,de
user_6999_mendezaustin,zh
user_7000_stoutlauren,fr
user_7001_parkwilliam,de
user_7002_kwright,fr
user_7003_fbecker,en
user_7004_scott82,en
user_7005_caitlinburke,es
user_7006_kmcdowell,es
user_7007_hernandezjames,ja
user_7008_alexander28,es
user_7009_alejandrobrown,de
user_7010_bryantemily,ru
user_7011_nrivera,en
user_7012_kennethramirez,fr
user_7013_susan83,no
user_7014_hwebb,en
user_7015_rcox,ru
user_7016_alyssa58,es
user_7017_michelegarza,no
user_7018_wwilliams,ru
user_7019_jennifer06,ru
user_7020_dean43,zh
user_7021_bennettcody,en
user_7022_jared02,en
user_7023_jessicaroach,en
user_7024_jenniferthomas,de
user_7025_baileyjohn,fr
user_7026_gregory35,de
user_7027_mhardy,en
user_7028_jonathan12,en
user_7029_debbiecantu,en
user_7030_ushields,en
user_7031_clee,en
user_7032_kwright,pt
user_7033_jackiethompson,en
user_7034_arthur63,pt
user_7035_elizabeth99,no
user_7036_hhernandez,ru
user_7037_millervictoria,ru
user_7038_christopher68,es
user_7039_jessica80,ru
user_7040_stephenhall,ja
user_7041_ayu,it
user_7042_ghill,ru
user_7043_gregoryknapp,ru
user_7044_martincunningham,en
user_7045_mhoover,es
user_7046_jeffery47,pt
user_7047_joshua63,en
user_7048_jacobvasquez,pt
user_7049_jacksonchad,fr
user_7050_ericsnow,en
user_7051_megan52,ru
user_7052_reginaclements,de
user_7053_davidallen,ru
user_7054_jermaine61,ru
user_7055_gjuarez,en
user_7056_tanya42,pt
user_7057_carlostodd,en
user_7058_ymontes,en
user_7059_patriciagrant,no
user_7060_munozkendra,ru
user_7061_matthewking,fr
user_7062_nathan68,ru
user_7063_millerlisa,zh
user_7064_kramerdarin,zh
user_7065_beasleyheather,ru
user_7066_snewton,no
user_7067_ljensen,en
user_7068_hwilson,ru
user_7069_thompsonamber,en
user_7070_elizabethgarcia,it
user_7071_courtney23,en
user_7072_joshuacruz,de
user_7073_qbutler,de
user_7074_zfreeman,zh
user_7075_christopher53,es
user_7076_davidobrien,en
user_7077_kimshane,es
user_7078_danielandrew,fr
user_7079_urobinson,es
user_7080_huffmanmisty,de
user_7081_manueljones,en
user_7082_qgarcia,en
user_7083_elizabeth09,en
user_7084_ashley46,it
user_7085_john50,en
user_7086_jsanders,no
user_7087_deannahamilton,ja
user_7088_victoria90,en
user_7089_sandra12,ru
user_7090_brett54,en
user_7091_william92,de
user_7092_feliciafields,pt
user_7093_michaellynch,zh
user_7094_shirley17,es
user_7095_ahoover,fr
user_7096_nmeza,it
user_7097_morganhorn,ja
user_7098_kevin87,de
user_7099_mcdanielrachel,no
user_7100_jacob63,ja
user_7101_xmaxwell,de
user_7102_welchsonia,ru
user_7103_fmorales,de
user_7104_justintucker,ru
user_7105_aarononeill,fr
user_7106_sanchezkathryn,de
user_7107_dgardner,ru
user_7108_andrevincent,de
user_7109_iburgess,ru
user_7110_christopher83,en
user_7111_rachel51,zh
user_7112_phillip24,ru
user_7113_jessica39,pt
user_7114_edwardsheather,ru
user_7115_vraymond,ru
user_7116_bryan90,es
user_7117_margaretcollins,ru
user_7118_garyhoward,ja
user_7119_whitneymorrison,zh
user_7120_scotthernandez,en
user_7121_brendancline,no
user_7122_csmith,fr
user_7123_leslieharris,en
user_7124_longamy,ru
user_7125_lisa02,it
user_7126_vperez,ru
user_7127_wadesavannah,en
user_7128_samantha21,en
user_7129_halelaura,it
user_7130_tmullen,en
user_7131_christianmccarthy,en
user_7132_dcollins,ru
user_7133_hamiltondebra,ru
user_7134_wilcoxmichelle,ru
user_7135_daniel06,ru
user_7136_johnnysantana,en
user_7137_rachelhaas,ru
user_7138_james92,en
user_7139_heathermoore,en
user_7140_edward35,ru
user_7141_jonathan03,fr
user_7142_shaffersharon,en
user_7143_kharrison,ru
user_7144_lyoung,ru
user_7145_radams,en
user_7146_juliechavez,en
user_7147_dawnmiller,en
user_7148_josephwolf,en
user_7149_meganreeves,en
user_7150_wklein,no
user_7151_vancejesse,ru
user_7152_levymichael,ru
user_7153_sara25,es
user_7154_butlermichele,fr
user_7155_harrisontonya,en
user_7156_davenportjonathan,es
user_7157_megan21,en
user_7158_webbbernard,ru
user_7159_michael44,ru
user_7160_arianabrown,en
user_7161_beckrebecca,en
user_7162_parktiffany,en
user_7163_karenjones,en
user_7164_toddwatson,ru
user_7165_dgraves,zh
user_7166_dshelton,en
user_7167_rgonzales,pt
user_7168_amy57,ja
user_7169_vincentwilkins,ru
user_7170_arthur54,de
user_7171_torreshannah,es
user_7172_amy19,en
user_7173_maryvalentine,en
user_7174_benjaminjimenez,ru
user_7175_maldonadodaniel,fr
user_7176_christian79,ru
user_7177_turnerrachel,pt
user_7178_ppearson,en
user_7179_dianesmith,pt
user_7180_jacob23,es
user_7181_mcdonaldtina,de
user_7182_qrowe,en
user_7183_christina29,zh
user_7184_csanders,en
user_7185_charles94,ru
user_7186_laurabooker,en
user_7187_rosariozachary,no
user_7188_simmonsdanielle,en
user_7189_david06,pt
user_7190_kfigueroa,ru
user_7191_fjohnson,pt
user_7192_carolinelong,en
user_7193_mgreer,fr
user_7194_jacqueline06,it
user_7195_patricia68,en
user_7196_racheloconnor,en
user_7197_jmiles,fr
user_7198_stevenbryant,fr
user_7199_pthomas,de
user_7200_otaylor,ru
user_7201_ypittman,es
user_7202_bruce99,de
user_7203_ocoleman,en
user_7204_millersarah,en
user_7205_oward,ru
user_7206_huntmicheal,ru
user_7207_gfisher,de
user_7208_blake41,en
user_7209_lrobinson,en
user_7210_sarahtucker,fr
user_7211_belltimothy,pt
user_7212_kellyhoward,en
user_7213_jenniferjones,ja
user_7214_carlagalloway,en
user_7215_shawerin,en
user_7216_olsenrodney,es
user_7217_laura05,en
user_7218_dorothy30,ru
user_7219_wilsonmichael,pt
user_7220_abigailmunoz,en
user_7221_fcardenas,en
user_7222_nhicks,fr
user_7223_elliottgeoffrey,ru
user_7224_yanderson,ja
user_7225_david60,fr
user_7226_wongclayton,ru
user_7227_billy51,en
user_7228_rebecca00,zh
user_7229_franklinmackenzie,ja
user_7230_princekaren,en
user_7231_stevenhernandez,zh
user_7232_jeremypatton,ja
user_7233_hickswilliam,es
user_7234_nwilliams,de
user_7235_hillmeghan,es
user_7236_deborahhooper,fr
user_7237_foleytravis,ru
user_7238_davidsanchez,ru
user_7239_levi61,it
user_7240_mikayladuncan,ja
user_7241_andrewmoreno,ja
user_7242_johnwilliams,en
user_7243_richard74,no
user_7244_halldawn,no
user_7245_jenniferbarnes,en
user_7246_michelle97,ru
user_7247_nstewart,es
user_7248_williamsamanda,ja
user_7249_kellervalerie,ru
user_7250_lauramiller,en
user_7251_todd21,pt
user_7252_kellihiggins,en
user_7253_emilyhaynes,ru
user_7254_sarah54,ru
user_7255_villarichard,en
user_7256_mochoa,zh
user_7257_jasminlittle,en
user_7258_patrickfoster,ru
user_7259_valerielawson,fr
user_7260_christopherhuerta,en
user_7261_amoss,es
user_7262_millernicole,ru
user_7263_jodimcguire,en
user_7264_katherine27,en
user_7265_jeffery40,en
user_7266_robin90,zh
user_7267_comptonmary,ja
user_7268_hector12,ru
user_7269_rodriguezscott,ru
user_7270_caldwelljamie,no
user_7271_rachellivingston,en
user_7272_marioreilly,it
user_7273_uyoung,de
user_7274_jmorales,en
user_7275_chaseward,de
user_7276_raymondmcfarland,fr
user_7277_carolyn42,de
user_7278_andrewchen,ja
user_7279_saraallen,de
user_7280_smithmatthew,ru
user_7281_amy08,ru
user_7282_carloslevine,ru
user_7283_dylanlee,en
user_7284_beverlyhaley,de
user_7285_mcbrideronald,ru
user_7286_wesley28,de
user_7287_codymacias,es
user_7288_meganthomas,ru
user_7289_frank41,ja
user_7290_ryan31,pt
user_7291_romeromarilyn,ja
user_7292_tyler83,de
user_7293_thomasmatthew,en
user_7294_melissahorton,de
user_7295_millerjanet,en
user_7296_margaretgarcia,pt
user_7297_kathleen72,fr
user_7298_angelakelly,pt
user_7299_rtorres,ru
user_7300_sandra00,pt
user_7301_robinsonmelissa,en
user_7302_justinscott,pt
user_7303_burtonamanda,en
user_7304_youngrichard,ja
user_7305_haysclarence,en
user_7306_kwebster,en
user_7307_christinawallace,es
user_7308_anthonylinda,zh
user_7309_emily66,ru
user_7310_laura18,en
user_7311_barnettwilliam,en
user_7312_sharon14,en
user_7313_amybates,ru
user_7314_yperez,ru
user_7315_jeffrey02,ru
user_7316_sharon94,de
user_7317_dawn96,ru
user_7318_johnsonlindsey,es
user_7319_mccannchristopher,pt
user_7320_nicole65,en
user_7321_ihernandez,ru
user_7322_lopezbrandi,ru
user_7323_dustin79,ru
user_7324_muellerjames,en
user_7325_kathleenrobles,fr
user_7326_williamcastillo,ru
user_7327_daryl76,en
user_7328_iramirez,no
user_7329_floreswilliam,fr
user_7330_orosario,fr
user_7331_sean14,en
user_7332_yberry,en
user_7333_griffinandrew,ru
user_7334_sharris,ru
user_7335_lnorris,en
user_7336_chris94,ru
user_7337_thompsonjennifer,en
user_7338_nicholascampbell,no
user_7339_holly89,pt
user_7340_longlaura,es
user_7341_sean18,fr
user_7342_coxmelissa,es
user_7343_joshuajohnson,fr
user_7344_frodriguez,de
user_7345_jerrypatrick,ru
user_7346_aanderson,ru
user_7347_carol98,ru
user_7348_wongivan,en
user_7349_gonzalezomar,it
user_7350_benjamin55,ru
user_7351_simpsontanya,ru
user_7352_gregoryharrell,zh
user_7353_amcgrath,en
user_7354_kristin75,en
user_7355_qhays,fr
user_7356_pbradley,ru
user_7357_powelleric,ja
user_7358_mikecarey,de
user_7359_lisadavenport,en
user_7360_jillmorris,en
user_7361_nicholeblevins,ru
user_7362_wrightrhonda,es
user_7363_simpsonscott,ru
user_7364_salinasstephanie,fr
user_7365_dwilson,fr
user_7366_basslauren,ru
user_7367_jackweiss,en
user_7368_virginiamurphy,no
user_7369_nhopkins,it
user_7370_kherrera,fr
user_7371_christopherbray,en
user_7372_mariopitts,pt
user_7373_noah69,es
user_7374_stewartchristopher,en
user_7375_garciaandrew,en
user_7376_michellemcdaniel,ru
user_7377_austingarcia,ru
user_7378_paul74,fr
user_7379_ashleyhill,ru
user_7380_aprilrivera,es
user_7381_nolanjonathan,ru
user_7382_candace51,de
user_7383_russokyle,fr
user_7384_caleb51,en
user_7385_xknight,en
user_7386_parkervictor,es
user_7387_allison12,en
user_7388_laurensanders,ru
user_7389_wilkinsoneric,no
user_7390_paynepaul,ru
user_7391_carlos91,en
user_7392_andrewwhite,en
user_7393_howard19,pt
user_7394_kathywall,es
user_7395_karen61,en
user_7396_kristaschwartz,zh
user_7397_mcdonaldcasey,es
user_7398_jasonbanks,ru
user_7399_rcameron,en
user_7400_joshuabarry,en
user_7401_cathy81,en
user_7402_ashley52,ru
user_7403_perryamy,fr
user_7404_princetracy,ja
user_7405_summer33,ru
user_7406_cwood,de
user_7407_abigailgraves,it
user_7408_tmorris,it
user_7409_tina72,en
user_7410_cynthia53,ru
user_7411_dawnwhite,ru
user_7412_shortphillip,zh
user_7413_simmonskimberly,es
user_7414_john21,en
user_7415_lori84,ja
user_7416_katherine73,ja
user_7417_loganelizabeth,pt
user_7418_rachel22,fr
user_7419_athompson,en
user_7420_whitemegan,de
user_7421_colerobert,pt
user_7422_jacob56,fr
user_7423_jacquelinesmith,en
user_7424_lisasantana,ru
user_7425_mhanna,en
user_7426_paullee,es
user_7427_andrea67,ru
user_7428_molinamargaret,ru
user_7429_kevin33,ru
user_7430_btanner,ru
user_7431_ricardo16,ru
user_7432_christopher20,fr
user_7433_austinjoshua,ru
user_7434_shannonholt,es
user_7435_lawrence46,pt
user_7436_arthur98,en
user_7437_katherinewu,es
user_7438_rebeccalong,ru
user_7439_christophergay,ru
user_7440_ghansen,pt
user_7441_michelle54,en
user_7442_charlesthompson,ru
user_7443_erika38,ru
user_7444_ocurtis,ru
user_7445_ericablackburn,en
user_7446_ronald29,ru
user_7447_hmaldonado,fr
user_7448_zschmidt,es
user_7449_bryantstuart,ru
user_7450_blackzachary,ru
user_7451_thomasandrew,ru
user_7452_sandraduran,ru
user_7453_corey63,zh
user_7454_mnorris,es
user_7455_vanessamarks,en
user_7456_jeffreyjimenez,de
user_7457_adam94,ru
user_7458_sbrown,ru
user_7459_robertselizabeth,it
user_7460_dstephens,zh
user_7461_karenmiller,ru
user_7462_james99,ja
user_7463_kyle75,en
user_7464_mwilliams,es
user_7465_zwhite,ru
user_7466_kimberly03,pt
user_7467_dianecook,en
user_7468_mcguirechristopher,ru
user_7469_pharris,no
user_7470_jocelyn55,ja
user_7471_hillsamantha,pt
user_7472_wyang,pt
user_7473_chavezcatherine,pt
user_7474_lopezjeff,zh
user_7475_ichang,it
user_7476_rickey84,ru
user_7477_bhernandez,ru
user_7478_antonio40,zh
user_7479_benjaminarthur,no
user_7480_martinezdarrell,ru
user_7481_harriscynthia,en
user_7482_baldwinjennifer,en
user_7483_donald07,fr
user_7484_james85,pt
user_7485_gknight,ru
user_7486_thompsonlisa,ru
user_7487_jason04,fr
user_7488_xwilson,ru
user_7489_johnsonjoan,de
user_7490_brian31,es
user_7491_djames,en
user_7492_kristinaburns,ru
user_7493_kurtbranch,no
user_7494_hwhite,it
user_7495_cunninghammolly,it
user_7496_stefanierobinson,pt
user_7497_holmestina,zh
user_7498_harrellnicholas,ru
user_7499_peckstephen,ru
user_7500_christinefox,en
user_7501_michelle33,ja
user_7502_lori22,ru
user_7503_vsutton,de
user_7504_julie10,es
user_7505_michelelittle,fr
user_7506_timothyperry,de
user_7507_proberts,en
user_7508_joseph38,en
user_7509_alexanderjenkins,en
user_7510_gsingleton,en
user_7511_rlee,ja
user_7512_ymanning,es
user_7513_kellyjacqueline,en
user_7514_andrew89,en
user_7515_alexisfields,en
user_7516_brianmunoz,zh
user_7517_montgomerydavid,fr
user_7518_smithjeremy,ru
user_7519_kimberlymitchell,ru
user_7520_wgray,ru
user_7521_james01,it
user_7522_monica57,en
user_7523_davidgarcia,en
user_7524_howard85,zh
user_7525_thomasjustin,de
user_7526_james53,pt
user_7527_qray,en
user_7528_davidschultz,de
user_7529_aliciaharper,ru
user_7530_nbridges,ru
user_7531_andersonnicole,en
user_7532_vasquezaaron,en
user_7533_zdavies,fr
user_7534_levinemelissa,en
user_7535_wwolf,fr
user_7536_anthony15,en
user_7537_bryanlewis,en
user_7538_ballardelizabeth,en
user_7539_jamesvelez,no
user_7540_gjones,en
user_7541_zjones,en
user_7542_logan15,ru
user_7543_angelabeck,ru
user_7544_paulperry,fr
user_7545_martinkelly,en
user_7546_stephaniemarshall,ru
user_7547_aharrison,it
user_7548_lisa84,de
user_7549_emily47,fr
user_7550_danabyrd,es
user_7551_sanchezdustin,zh
user_7552_sean63,ru
user_7553_samanthabradley,ru
user_7554_nmurphy,ru
user_7555_brendawalsh,ru
user_7556_nichole89,ru
user_7557_sophia14,en
user_7558_sullivandawn,en
user_7559_cassandra87,no
user_7560_michealatkinson,ja
user_7561_jstafford,en
user_7562_smyers,ja
user_7563_fredreese,pt
user_7564_heather98,pt
user_7565_gailrobbins,es
user_7566_lisa39,es
user_7567_sharon89,zh
user_7568_ehall,ru
user_7569_baileydavid,en
user_7570_nhall,no
user_7571_karen72,es
user_7572_josephyates,en
user_7573_christophersmall,en
user_7574_fitzpatrickelizabeth,de
user_7575_kaguilar,fr
user_7576_wigginsamber,en
user_7577_snyderanna,de
user_7578_fgarcia,es
user_7579_rclark,ru
user_7580_danielskenneth,en
user_7581_campbellmelanie,ru
user_7582_millervalerie,es
user_7583_johnathancochran,en
user_7584_patrickhickman,de
user_7585_jasonolsen,es
user_7586_gmoran,es
user_7587_holmesstephen,es
user_7588_garrettandersen,en
user_7589_bfox,no
user_7590_uramsey,en
user_7591_arnoldmadison,ru
user_7592_montgomerycarol,es
user_7593_davidwright,ja
user_7594_nicole21,ru
user_7595_wendymadden,en
user_7596_kathrynhouse,de
user_7597_dmccormick,en
user_7598_hillkyle,de
user_7599_coxdan,ru
user_7600_willie50,pt
user_7601_melanie09,ru
user_7602_boyergina,no
user_7603_katiewilson,it
user_7604_wjenkins,en
user_7605_davidgonzalez,en
user_7606_phillipsjames,ja
user_7607_xshaw,en
user_7608_james10,es
user_7609_andrewlong,de
user_7610_levineelizabeth,en
user_7611_lindasmith,ru
user_7612_vparker,es
user_7613_ameadows,zh
user_7614_melissa15,ru
user_7615_mford,pt
user_7616_katieperez,en
user_7617_kristyfields,fr
user_7618_sarahdrake,fr
user_7619_marieanderson,fr
user_7620_cgilmore,it
user_7621_nathanduncan,pt
user_7622_jamesturner,ru
user_7623_cookmatthew,en
user_7624_keithjones,de
user_7625_mcbridejennifer,ru
user_7626_jwhite,ru
user_7627_faguirre,de
user_7628_tricia32,en
user_7629_taylor76,zh
user_7630_ricardohall,ru
user_7631_thomas79,ru
user_7632_trankyle,de
user_7633_carlos92,ru
user_7634_donaldmurphy,ja
user_7635_gregory26,en
user_7636_samanthajones,ru
user_7637_shannonwilliams,ru
user_7638_robinlarson,pt
user_7639_wongbrett,en
user_7640_dwebster,ru
user_7641_elijah84,fr
user_7642_zcruz,ru
user_7643_fwiley,ru
user_7644_ashlee80,de
user_7645_halejohn,ru
user_7646_mgilbert,it
user_7647_hernandezmary,en
user_7648_knguyen,ru
user_7649_jennifer91,ru
user_7650_rasmussenjames,de
user_7651_andreastout,en
user_7652_jamie66,ru
user_7653_michaelbrown,pt
user_7654_ghuffman,it
user_7655_melissalee,ru
user_7656_samuelnewton,ru
user_7657_kaisersteve,en
user_7658_opadilla,ja
user_7659_gsmith,en
user_7660_xcantrell,fr
user_7661_johnsonmichael,pt
user_7662_brownsteve,fr
user_7663_atorres,de
user_7664_andersonkenneth,ja
user_7665_brent04,en
user_7666_knguyen,ru
user_7667_kayla40,ru
user_7668_pburns,ru
user_7669_sophia36,en
user_7670_lori91,no
user_7671_yandrade,de
user_7672_bridgetlee,zh
user_7673_cassidygeorge,it
user_7674_lawsonelizabeth,en
user_7675_sherrywilliams,de
user_7676_lauren30,es
user_7677_gbaker,en
user_7678_melissa14,zh
user_7679_thompsonjacqueline,en
user_7680_hgarner,ja
user_7681_riveramelissa,es
user_7682_panderson,en
user_7683_tcarpenter,fr
user_7684_uharris,no
user_7685_jbrooks,ru
user_7686_matthew27,ru
user_7687_paynedanny,zh
user_7688_ryan32,es
user_7689_carolmiller,en
user_7690_brooksleslie,zh
user_7691_justin65,ru
user_7692_jessica33,de
user_7693_isaacross,en
user_7694_brian86,pt
user_7695_rodriguezkristen,ru
user_7696_williamscarl,it
user_7697_samuelcollins,en
user_7698_isalas,fr
user_7699_dhaynes,en
user_7700_welchdenise,zh
user_7701_cartermichael,ja
user_7702_dixonwilliam,es
user_7703_morganward,ru
user_7704_fwhite,en
user_7705_weaverjeffrey,pt
user_7706_santoscrystal,de
user_7707_wvalencia,pt
user_7708_frank10,ru
user_7709_krandolph,ru
user_7710_hernandeztracy,es
user_7711_mitchelltamara,en
user_7712_baileyalisha,en
user_7713_haleydawn,en
user_7714_uparker,de
user_7715_robertmoore,en
user_7716_kimberly42,ru
user_7717_josewong,ja
user_7718_caldwelljames,es
user_7719_gcaldwell,en
user_7720_wcallahan,es
user_7721_breanna13,it
user_7722_james79,en
user_7723_david12,ru
user_7724_daniel34,ru
user_7725_bentleyjeffrey,zh
user_7726_bakerjack,en
user_7727_richard89,es
user_7728_sarahinton,en
user_7729_larachristian,ru
user_7730_kimberly54,de
user_7731_ethompson,ru
user_7732_xbailey,pt
user_7733_matthew83,ru
user_7734_xhuffman,no
user_7735_qfowler,it
user_7736_skinnerzachary,ru
user_7737_john81,ru
user_7738_flong,ru
user_7739_hwilliams,en
user_7740_mikaylanelson,de
user_7741_sarah88,en
user_7742_jennifer93,ru
user_7743_johnstonroger,es
user_7744_djackson,ja
user_7745_stephanie78,ru
user_7746_vasquezcarrie,en
user_7747_atucker,ru
user_7748_jennifer45,ru
user_7749_laura98,ja
user_7750_sbeck,ru
user_7751_alison89,ja
user_7752_utorres,it
user_7753_amandasmith,no
user_7754_jessicajackson,fr
user_7755_sanderson,es
user_7756_youngdillon,zh
user_7757_stoneryan,en
user_7758_eddiehinton,en
user_7759_jamesgarcia,ru
user_7760_garrettkristen,ru
user_7761_howardbell,es
user_7762_qgreen,es
user_7763_kathryn49,zh
user_7764_pamela32,en
user_7765_danny08,ru
user_7766_ubutler,ru
user_7767_caitlinmorris,en
user_7768_apriltaylor,pt
user_7769_phillipsrandy,en
user_7770_mabbott,ru
user_7771_rosescott,ja
user_7772_sharvey,ru
user_7773_mitchell89,zh
user_7774_drakerobert,no
user_7775_matthew91,it
user_7776_matthewsangela,ru
user_7777_carterdaniel,ru
user_7778_michaellambert,en
user_7779_bbecker,ru
user_7780_bsmith,en
user_7781_joseph63,de
user_7782_wrussell,ru
user_7783_steinchristina,ru
user_7784_jason97,de
user_7785_matthewmiller,pt
user_7786_michaelmercado,ru
user_7787_gary63,ru
user_7788_uprice,en
user_7789_andersonsteve,ru
user_7790_bobby99,en
user_7791_vroth,en
user_7792_zwinters,en
user_7793_emilywilliamson,en
user_7794_vazquezdonna,ru
user_7795_william80,no
user_7796_robert14,fr
user_7797_joshua11,en
user_7798_suzanne24,ru
user_7799_patriciacarrillo,ru
user_7800_khoward,en
user_7801_nicholaslewis,fr
user_7802_fwerner,pt
user_7803_leestrickland,ru
user_7804_ebarnes,de
user_7805_mullenkimberly,pt
user_7806_jamescruz,it
user_7807_dennismorton,ru
user_7808_duarteryan,pt
user_7809_porteralison,fr
user_7810_elizabethjohnson,pt
user_7811_isanford,ja
user_7812_markgarza,ja
user_7813_xhiggins,pt
user_7814_jennysalas,ja
user_7815_madisonmoore,en
user_7816_molly01,fr
user_7817_clarkjohn,zh
user_7818_robinsonbrandon,en
user_7819_christina97,it
user_7820_nhahn,en
user_7821_ronald91,en
user_7822_kevinjackson,fr
user_7823_yvette08,fr
user_7824_hallchristina,en
user_7825_christopher63,fr
user_7826_contrerasscott,ru
user_7827_andrea18,fr
user_7828_aboyd,pt
user_7829_juanmartinez,ru
user_7830_vmarshall,fr
user_7831_margaretstewart,zh
user_7832_williamjensen,en
user_7833_susan01,es
user_7834_brad93,es
user_7835_abrandt,fr
user_7836_pmacias,ru
user_7837_christopherhicks,en
user_7838_kcoleman,en
user_7839_lori32,ru
user_7840_charrington,ru
user_7841_conradbreanna,ru
user_7842_dmiller,zh
user_7843_dominique37,fr
user_7844_kayla77,pt
user_7845_efuller,es
user_7846_krystal16,en
user_7847_ubullock,en
user_7848_rdavis,fr
user_7849_zkennedy,es
user_7850_lbowers,de
user_7851_justin55,pt
user_7852_michelle88,fr
user_7853_cmorris,en
user_7854_trevormorse,ru
user_7855_swilliams,it
user_7856_william17,en
user_7857_swatts,ru
user_7858_darrell85,de
user_7859_lopezzachary,zh
user_7860_kristin45,ja
user_7861_jasonoliver,ru
user_7862_sabrina54,ja
user_7863_gsmith,es
user_7864_garciasherri,fr
user_7865_buckleymichael,en
user_7866_rbray,en
user_7867_sarah04,en
user_7868_linda81,ru
user_7869_ohorton,it
user_7870_kaitlyn68,ru
user_7871_swilson,ru
user_7872_timsimmons,fr
user_7873_wmccoy,ru
user_7874_george67,ru
user_7875_nicholsonstacey,ru
user_7876_jackiejones,fr
user_7877_adamscameron,it
user_7878_lhogan,pt
user_7879_jamesthomas,ru
user_7880_alexandra79,ru
user_7881_zacharycrawford,es
user_7882_doylerobert,en
user_7883_cindypierce,es
user_7884_christine71,ru
user_7885_contrerasbrittany,ru
user_7886_jwilkinson,ru
user_7887_mscott,en
user_7888_lindsey29,en
user_7889_nicholasconner,fr
user_7890_phelpsfernando,en
user_7891_ashleybeasley,es
user_7892_carlosbriggs,ru
user_7893_crossdavid,pt
user_7894_qsims,en
user_7895_carneycurtis,ru
user_7896_joannefrederick,en
user_7897_nelsondavid,de
user_7898_mark13,es
user_7899_murphywilliam,es
user_7900_denisebrock,no
user_7901_blowe,no
user_7902_wardpatrick,ru
user_7903_wprice,en
user_7904_ashley35,it
user_7905_millerstephanie,es
user_7906_barryroberson,zh
user_7907_idowns,fr
user_7908_nicholecruz,ru
user_7909_smithadam,es
user_7910_jonestammy,en
user_7911_williamsevelyn,en
user_7912_edwardsnicholas,en
user_7913_kpace,en
user_7914_kgutierrez,fr
user_7915_jcase,ru
user_7916_smoore,ru
user_7917_ebaker,en
user_7918_charles12,ru
user_7919_matthewmedina,ru
user_7920_istanton,ru
user_7921_nsmith,de
user_7922_diane63,es
user_7923_ischultz,en
user_7924_sloancory,zh
user_7925_brandymyers,pt
user_7926_novaktodd,pt
user_7927_keith94,en
user_7928_josephayers,en
user_7929_gabriel97,fr
user_7930_franciscobarrett,fr
user_7931_omarquez,en
user_7932_brandonbanks,ru
user_7933_benjamin47,zh
user_7934_elijah96,en
user_7935_kmcdonald,de
user_7936_morrisonlydia,ru
user_7937_lmendoza,en
user_7938_ashleymeyers,en
user_7939_jerry71,zh
user_7940_leekatelyn,es
user_7941_ohill,de
user_7942_hrice,en
user_7943_joannejoseph,ja
user_7944_alane,ja
user_7945_rebeccarodriguez,fr
user_7946_nathan89,zh
user_7947_michaeldrake,es
user_7948_jeffreygregory,ru
user_7949_merrittlisa,ru
user_7950_pruittmatthew,no
user_7951_anthonymitchell,fr
user_7952_macksarah,ja
user_7953_james34,ja
user_7954_bethanybrooks,fr
user_7955_jeffrey87,en
user_7956_clineaudrey,en
user_7957_uherrera,ja
user_7958_jacquelineclark,en
user_7959_whitechris,fr
user_7960_chelsea53,pt
user_7961_smithwendy,it
user_7962_sandra84,ru
user_7963_samantha33,es
user_7964_brennankayla,fr
user_7965_austin76,zh
user_7966_richard47,en
user_7967_kayla96,fr
user_7968_matthew01,zh
user_7969_gfischer,de
user_7970_ealexander,ru
user_7971_wolfemily,en
user_7972_maryjones,no
user_7973_qgoodwin,en
user_7974_christianhodge,en
user_7975_thomasamy,pt
user_7976_edward53,fr
user_7977_eugene13,en
user_7978_randy19,en
user_7979_jenkinstimothy,en
user_7980_hgallegos,it
user_7981_adamwalsh,es
user_7982_dwayne40,ru
user_7983_oromero,fr
user_7984_burchsamantha,es
user_7985_marydavenport,en
user_7986_hilljames,ru
user_7987_catherineburns,es
user_7988_heatherbarnett,pt
user_7989_knappsamantha,en
user_7990_pbrown,en
user_7991_kathryn17,pt
user_7992_michaelrowe,no
user_7993_brianbarrett,ru
user_7994_johnsonjames,ru
user_7995_alexanderwoodard,ja
user_7996_leslie32,de
user_7997_ecuevas,fr
user_7998_madelinewalker,es
user_7999_rogerstamara,ru
user_8000_kimberlyrice,en
user_8001_glenn17,ja
user_8002_hansonkaren,ru
user_8003_quinnmichael,ru
user_8004_kaiserjames,pt
user_8005_jamesgonzalez,en
user_8006_williamjackson,no
user_8007_eric03,ru
user_8008_psanchez,ru
user_8009_elizabethford,ru
user_8010_qwhite,es
user_8011_adrian07,en
user_8012_atran,zh
user_8013_jacksonpatricia,en
user_8014_seanfernandez,fr
user_8015_brittany22,fr
user_8016_kristinesmith,it
user_8017_owatson,ru
user_8018_nataliesimmons,en
user_8019_vpetersen,en
user_8020_kvazquez,en
user_8021_jacob88,en
user_8022_smithdaniel,fr
user_8023_maypaul,en
user_8024_wilsonamanda,ja
user_8025_whitakerrodney,ru
user_8026_david83,ru
user_8027_aaron56,es
user_8028_nmartin,ru
user_8029_ryanshelby,fr
user_8030_chapmankyle,pt
user_8031_karenyoung,ru
user_8032_mary33,de
user_8033_lbarber,ru
user_8034_walkerelizabeth,fr
user_8035_michellescott,pt
user_8036_tonydillon,es
user_8037_mrubio,pt
user_8038_hannah76,en
user_8039_lindacarter,en
user_8040_pachecochristine,en
user_8041_jacqueline54,en
user_8042_susanmoore,zh
user_8043_brandon04,pt
user_8044_kevin96,no
user_8045_susansimmons,pt
user_8046_angelahunt,ja
user_8047_xmacdonald,en
user_8048_ninajohnson,ru
user_8049_leonard03,en
user_8050_leewilliam,en
user_8051_bergerchristopher,ru
user_8052_yfoster,en
user_8053_doylesherry,ja
user_8054_dsalinas,es
user_8055_jacobstrickland,zh
user_8056_mjordan,ru
user_8057_hayeschristopher,fr
user_8058_tnorton,it
user_8059_thomas88,en
user_8060_kimberlydelgado,ja
user_8061_carlos54,no
user_8062_eringrant,en
user_8063_karencollins,fr
user_8064_blacksuzanne,fr
user_8065_corey37,en
user_8066_rkelly,en
user_8067_lopezsara,ru
user_8068_stevenroy,pt
user_8069_dawnward,pt
user_8070_jamesgraham,no
user_8071_stacymitchell,ru
user_8072_rgarza,en
user_8073_elizabethwilliams,ru
user_8074_bsantos,no
user_8075_lewisdevin,en
user_8076_carterjessica,en
user_8077_vjoseph,fr
user_8078_slowe,en
user_8079_qdalton,fr
user_8080_ohunter,ru
user_8081_mlopez,en
user_8082_jackie59,pt
user_8083_ayalajeffrey,pt
user_8084_johnsonvictor,pt
user_8085_tranrebecca,it
user_8086_william81,zh
user_8087_gstevens,es
user_8088_amygill,en
user_8089_benjaminortega,ru
user_8090_zmartin,ru
user_8091_patricia27,de
user_8092_bpatterson,de
user_8093_aaron91,it
user_8094_robin31,de
user_8095_andersonerin,ru
user_8096_allisonevans,no
user_8097_keith69,en
user_8098_jgonzalez,ja
user_8099_ricardo84,de
user_8100_christopherholland,it
user_8101_brandon46,ru
user_8102_danielle43,en
user_8103_ywolf,ru
user_8104_richard20,ja
user_8105_unelson,ru
user_8106_matthew29,ru
user_8107_bgreen,es
user_8108_valentinetimothy,fr
user_8109_kennedyadam,ru
user_8110_dustin47,en
user_8111_erickaiser,es
user_8112_brenda23,ru
user_8113_joelmejia,zh
user_8114_raymondbrown,zh
user_8115_haileysingh,es
user_8116_greenmary,ru
user_8117_meganbailey,en
user_8118_amanda54,en
user_8119_victoriacrawford,zh
user_8120_hotim,ru
user_8121_mbrooks,ru
user_8122_bonnie47,de
user_8123_cheyennejenkins,es
user_8124_robert61,ru
user_8125_wagneraaron,ja
user_8126_millerchristopher,it
user_8127_randallcollins,pt
user_8128_ahill,es
user_8129_petersonmorgan,fr
user_8130_lisa02,fr
user_8131_stevenorr,en
user_8132_walkerana,es
user_8133_kmeyer,es
user_8134_ihamilton,en
user_8135_david10,fr
user_8136_xwilson,de
user_8137_ashleyjohnston,it
user_8138_matthew77,no
user_8139_joshua80,ru
user_8140_feliciapotter,ru
user_8141_jadams,ru
user_8142_jonathon03,ru
user_8143_valerie99,es
user_8144_vbrown,pt
user_8145_millsanthony,es
user_8146_heathercain,ru
user_8147_eugene64,en
user_8148_hernandeznathan,it
user_8149_kaylaho,pt
user_8150_wilsonethan,de
user_8151_terrybrittany,ru
user_8152_bshaffer,ru
user_8153_wilsonmichele,de
user_8154_hopkinsmichelle,it
user_8155_ohernandez,pt
user_8156_joseevans,en
user_8157_kimberly17,en
user_8158_raymond48,ja
user_8159_megankerr,no
user_8160_swaters,de
user_8161_guerrerosteven,fr
user_8162_mooneyjessica,ru
user_8163_rhondastephens,en
user_8164_willie68,de
user_8165_stevenhouse,en
user_8166_francismaria,ru
user_8167_douglas24,pt
user_8168_iburns,it
user_8169_josephgarcia,en
user_8170_dalemartinez,en
user_8171_jimenezkyle,fr
user_8172_jason36,ru
user_8173_denise10,ja
user_8174_mneal,no
user_8175_peggyaguilar,ja
user_8176_joan40,fr
user_8177_lhart,en
user_8178_uroberts,pt
user_8179_jimenezstephanie,ru
user_8180_rherrera,pt
user_8181_joseph71,ja
user_8182_frenchjose,en
user_8183_tvalenzuela,no
user_8184_swansonjonathan,en
user_8185_dylanerickson,ja
user_8186_johnsoncraig,en
user_8187_smithkevin,pt
user_8188_donnajohnson,en
user_8189_qstevens,no
user_8190_whitney00,ru
user_8191_moorekrystal,es
user_8192_amandaerickson,no
user_8193_rlandry,ja
user_8194_danielarnold,ru
user_8195_perkinsmichael,it
user_8196_michael28,ru
user_8197_ericasmith,en
user_8198_lroberts,en
user_8199_schmidtphilip,pt
user_8200_evanschristopher,fr
user_8201_jschultz,it
user_8202_jamesgonzalez,pt
user_8203_kellycameron,de
user_8204_mccluremario,en
user_8205_kari48,ja
user_8206_jordan26,pt
user_8207_rosegarcia,es
user_8208_shawn18,en
user_8209_sanchezjennifer,de
user_8210_christopher54,en
user_8211_jamesthompson,ja
user_8212_cleon,ru
user_8213_aprilmorgan,it
user_8214_karennguyen,en
user_8215_yalexander,ru
user_8216_steven87,es
user_8217_jessicasmith,fr
user_8218_allensandra,no
user_8219_janetperez,it
user_8220_rachel99,ja
user_8221_dstone,en
user_8222_emily11,ru
user_8223_qgreer,ru
user_8224_brianking,ja
user_8225_bhernandez,en
user_8226_richardmoore,ru
user_8227_ashleywhite,ru
user_8228_jon44,es
user_8229_riverstrevor,es
user_8230_lorivargas,ru
user_8231_jordan78,es
user_8232_jennifer44,de
user_8233_mckaycody,ja
user_8234_elizabethmoore,pt
user_8235_nsmith,ru
user_8236_sampsonkathy,pt
user_8237_james21,en
user_8238_kimberly60,it
user_8239_nathan47,zh
user_8240_david53,ru
user_8241_jefffisher,pt
user_8242_hhines,ru
user_8243_mary86,ru
user_8244_sarahsanders,pt
user_8245_lucasedward,fr
user_8246_amandajones,fr
user_8247_sarahjones,pt
user_8248_chaddonovan,fr
user_8249_ricewendy,en
user_8250_marshallanthony,ru
user_8251_terriscott,ru
user_8252_amberphillips,en
user_8253_paulsmith,ja
user_8254_randolphsherry,pt
user_8255_alexissanchez,fr
user_8256_brooksmaria,en
user_8257_angelamcintyre,ja
user_8258_stevendonaldson,no
user_8259_sampsonbeth,fr
user_8260_lgaines,es
user_8261_thomasmatthew,it
user_8262_amanda55,fr
user_8263_vlopez,en
user_8264_elizabethgarza,fr
user_8265_holdersarah,en
user_8266_pmacias,ru
user_8267_glenn02,ru
user_8268_kwalker,en
user_8269_rodriguezjulie,ja
user_8270_boltonrodney,de
user_8271_cromero,ru
user_8272_fordtheodore,de
user_8273_jessica13,de
user_8274_jill29,en
user_8275_christopherewing,es
user_8276_myerslori,no
user_8277_qnichols,ru
user_8278_andrewcole,en
user_8279_christopher57,fr
user_8280_kylejenkins,en
user_8281_dtrujillo,de
user_8282_timothygonzalez,ru
user_8283_cmarshall,ru
user_8284_william39,zh
user_8285_toniguerrero,no
user_8286_drobertson,ru
user_8287_ujimenez,no
user_8288_kristitorres,ru
user_8289_cartercraig,de
user_8290_james17,de
user_8291_osantiago,no
user_8292_millerkelly,en
user_8293_burtonstephanie,de
user_8294_nhurley,fr
user_8295_knoble,es
user_8296_markwright,no
user_8297_lawrenceandrew,ru
user_8298_pjohnson,es
user_8299_donna44,pt
user_8300_smithaustin,zh
user_8301_njenkins,ru
user_8302_qlynch,fr
user_8303_vasquezdarius,ru
user_8304_haleteresa,de
user_8305_carlosjones,no
user_8306_steve72,ru
user_8307_daniel95,ru
user_8308_mking,ru
user_8309_archerreginald,ru
user_8310_sevans,de
user_8311_amber56,it
user_8312_katherine94,ru
user_8313_ygreen,pt
user_8314_nicoleevans,de
user_8315_portermichelle,en
user_8316_rachelmorgan,de
user_8317_rsantos,en
user_8318_ashley62,pt
user_8319_katherinesullivan,ru
user_8320_cherylknapp,en
user_8321_kathleenzimmerman,pt
user_8322_kimberly04,de
user_8323_jeffreystark,es
user_8324_diane73,fr
user_8325_jasongarrison,en
user_8326_courtneyhopkins,de
user_8327_gloriaboyd,ja
user_8328_williamsontiffany,de
user_8329_qjames,pt
user_8330_gilbert88,en
user_8331_kendra65,de
user_8332_hgonzalez,ru
user_8333_stacey72,ru
user_8334_justinmoore,no
user_8335_pbrown,ru
user_8336_watsondavid,ru
user_8337_andersonadam,en
user_8338_masondesiree,it
user_8339_erictaylor,pt
user_8340_qzhang,fr
user_8341_mgordon,ru
user_8342_tara73,en
user_8343_bparker,ru
user_8344_jimmy74,fr
user_8345_youngelizabeth,ru
user_8346_wfisher,en
user_8347_samueljohnson,en
user_8348_kyle44,zh
user_8349_jpatrick,en
user_8350_tburgess,ru
user_8351_maldonadoholly,en
user_8352_elizabeth28,en
user_8353_hwhite,ja
user_8354_ndeleon,de
user_8355_fyoung,ru
user_8356_edwardmiller,es
user_8357_angelamendez,pt
user_8358_amber92,ja
user_8359_lsmall,ru
user_8360_ashley49,en
user_8361_vanessa47,fr
user_8362_timothy39,no
user_8363_seanwilliams,fr
user_8364_pwalker,en
user_8365_tracyking,ru
user_8366_palmeralyssa,pt
user_8367_tmitchell,en
user_8368_lkemp,ru
user_8369_btorres,fr
user_8370_justin10,ru
user_8371_davidwatson,ru
user_8372_roberto61,ru
user_8373_jessica54,de
user_8374_garciacurtis,ru
user_8375_charles77,fr
user_8376_walexander,en
user_8377_goodmankelly,en
user_8378_pamela66,en
user_8379_kwise,it
user_8380_luishanson,ru
user_8381_darlene26,ru
user_8382_ncarter,en
user_8383_clarkrobert,pt
user_8384_kristycline,en
user_8385_freemantyler,ru
user_8386_pbutler,zh
user_8387_charlesamber,ru
user_8388_jameslowery,es
user_8389_james15,en
user_8390_johnhill,no
user_8391_emilyclements,en
user_8392_yorozco,de
user_8393_youngchristopher,ja
user_8394_jillian01,it
user_8395_stoutdiana,de
user_8396_zberg,fr
user_8397_phillipgardner,zh
user_8398_anthony29,ru
user_8399_anne64,pt
user_8400_wjones,en
user_8401_schmittjeffrey,en
user_8402_timothy97,es
user_8403_collinmoran,pt
user_8404_mwilkerson,de
user_8405_gking,fr
user_8406_latashaholmes,it
user_8407_melissabray,en
user_8408_julian25,ru
user_8409_lindsaydavenport,ru
user_8410_zdavis,de
user_8411_codyortiz,ru
user_8412_fblack,ru
user_8413_bethany20,en
user_8414_sandramyers,es
user_8415_johnsonpatricia,ru
user_8416_xjoseph,es
user_8417_robert58,pt
user_8418_wheelerwayne,ja
user_8419_ljohnson,ru
user_8420_angel84,fr
user_8421_erikaespinoza,ja
user_8422_dustin37,ru
user_8423_zhudson,pt
user_8424_nsmith,no
user_8425_webbshelby,de
user_8426_garroyo,en
user_8427_deborahharrison,en
user_8428_khicks,pt
user_8429_amberhammond,zh
user_8430_michael40,no
user_8431_brendacampbell,en
user_8432_ebrady,it
user_8433_hgeorge,pt
user_8434_daniel33,en
user_8435_faith19,en
user_8436_david21,ru
user_8437_justinnielsen,ru
user_8438_briana03,es
user_8439_npatterson,pt
user_8440_luis68,ru
user_8441_john50,ru
user_8442_karen40,es
user_8443_kevin03,de
user_8444_ingrammelissa,en
user_8445_brandon80,it
user_8446_victoria82,pt
user_8447_uyoung,en
user_8448_iwise,de
user_8449_lee39,es
user_8450_caitlinhorton,en
user_8451_michaelramirez,de
user_8452_plee,pt
user_8453_dominique86,zh
user_8454_fmiller,ja
user_8455_johnsonnancy,en
user_8456_katherine00,fr
user_8457_oscar51,zh
user_8458_hensleyjennifer,es
user_8459_tonyhurley,es
user_8460_candace09,ja
user_8461_daniel00,es
user_8462_melissajackson,ru
user_8463_david60,es
user_8464_richard22,pt
user_8465_william65,no
user_8466_catherine57,zh
user_8467_mario01,de
user_8468_willisamanda,fr
user_8469_emily80,fr
user_8470_robertsnicole,pt
user_8471_hardycollin,ja
user_8472_whiteheadalan,zh
user_8473_reesetiffany,de
user_8474_rachelmiller,ru
user_8475_jacksondavid,ru
user_8476_kpope,it
user_8477_ohenry,de
user_8478_martinbrandi,pt
user_8479_collinlee,en
user_8480_pvazquez,en
user_8481_jlevine,en
user_8482_kimtiffany,ru
user_8483_avillegas,zh
user_8484_caitlincampos,ru
user_8485_cthomas,de
user_8486_berryjimmy,es
user_8487_opena,ru
user_8488_gallagherdennis,en
user_8489_devonreid,en
user_8490_jennifer04,ru
user_8491_jerry24,es
user_8492_gabriellesavage,de
user_8493_emily14,ru
user_8494_josephdavis,en
user_8495_annaewing,pt
user_8496_diana74,fr
user_8497_fmitchell,no
user_8498_moseseric,ru
user_8499_jameslawson,en
user_8500_juarezjill,fr
user_8501_donnahernandez,en
user_8502_michelle96,en
user_8503_gmoore,fr
user_8504_douglas59,en
user_8505_mendezpaul,en
user_8506_wmanning,ru
user_8507_donald97,zh
user_8508_djones,ru
user_8509_grayandrea,en
user_8510_wilsonstephanie,ru
user_8511_sestrada,en
user_8512_john22,ru
user_8513_rachel57,de
user_8514_gonzalesmatthew,ru
user_8515_omartin,ru
user_8516_rbowers,en
user_8517_smithkenneth,ru
user_8518_eanderson,fr
user_8519_denise54,ru
user_8520_martinrebecca,en
user_8521_hendersonlisa,en
user_8522_wcarr,en
user_8523_smithmark,ru
user_8524_mgonzales,no
user_8525_emilyreid,ru
user_8526_paul62,en
user_8527_derekjones,it
user_8528_paulahansen,ru
user_8529_kmeyer,en
user_8530_katie81,en
user_8531_rduncan,en
user_8532_jamesfields,it
user_8533_xgarcia,ru
user_8534_theresa19,ru
user_8535_floresmatthew,ru
user_8536_tacosta,en
user_8537_emcguire,es
user_8538_arellanonicole,zh
user_8539_tiffanybradley,ru
user_8540_rmccullough,ru
user_8541_qthompson,en
user_8542_david96,ja
user_8543_jbennett,en
user_8544_jacksonharold,en
user_8545_thomas08,de
user_8546_morgan86,no
user_8547_jamespoole,es
user_8548_nortonjames,en
user_8549_mccoymichele,es
user_8550_stephen48,zh
user_8551_miranda27,de
user_8552_susan68,zh
user_8553_larry26,it
user_8554_rkhan,en
user_8555_melissadennis,ru
user_8556_howardsarah,ru
user_8557_joshua19,ru
user_8558_youngjuan,ru
user_8559_jasonharris,de
user_8560_thomaswu,es
user_8561_johntucker,ru
user_8562_candicecampbell,ja
user_8563_duanecampos,en
user_8564_iweiss,pt
user_8565_debra84,es
user_8566_lfox,en
user_8567_lewisamy,en
user_8568_christine24,en
user_8569_lmendoza,es
user_8570_gstanley,ru
user_8571_conniesosa,ru
user_8572_jamesvargas,de
user_8573_matthew25,ru
user_8574_bartlettdana,es
user_8575_danielhanna,it
user_8576_brandi06,pt
user_8577_jessicajacobs,ru
user_8578_clintonowen,no
user_8579_cooperkathleen,ru
user_8580_chadpope,ja
user_8581_seth66,no
user_8582_james98,ja
user_8583_edwardjohnson,de
user_8584_cvaughn,ru
user_8585_bartoncarla,pt
user_8586_carriecruz,fr
user_8587_michael72,fr
user_8588_victoranderson,ru
user_8589_sharonkelly,ru
user_8590_carlos24,ru
user_8591_williamhayes,pt
user_8592_qmarshall,zh
user_8593_romerobrandon,en
user_8594_michael94,fr
user_8595_krista85,ru
user_8596_danahines,ru
user_8597_bensongeorge,en
user_8598_jennifer78,en
user_8599_thomas47,fr
user_8600_debbieeaton,ru
user_8601_caitlynespinoza,en
user_8602_icarter,en
user_8603_mbonilla,de
user_8604_amyhatfield,fr
user_8605_brittany14,en
user_8606_david32,en
user_8607_john18,en
user_8608_kimberlyhayes,en
user_8609_chavezchristine,en
user_8610_lisa56,en
user_8611_fisheralexander,ru
user_8612_jvance,ru
user_8613_gregoryfigueroa,ru
user_8614_iweber,es
user_8615_williamle,ru
user_8616_gardnerkayla,en
user_8617_urichardson,zh
user_8618_susan08,ru
user_8619_friedmanjeremiah,ru
user_8620_carternancy,pt
user_8621_martinkara,en
user_8622_marcus73,en
user_8623_christinepollard,ru
user_8624_rharrison,ru
user_8625_glennharrell,de
user_8626_millerluke,it
user_8627_robertdavis,en
user_8628_christopher39,es
user_8629_joyceblack,en
user_8630_levivincent,es
user_8631_ekennedy,de
user_8632_matthewmiller,en
user_8633_johnsonnorman,fr
user_8634_richard43,ru
user_8635_denise67,en
user_8636_timothypeters,zh
user_8637_walshkristine,ru
user_8638_uweeks,es
user_8639_johnduncan,ru
user_8640_maryparrish,fr
user_8641_jessica31,zh
user_8642_ericatownsend,fr
user_8643_gregorysims,ru
user_8644_butlercarolyn,ja
user_8645_tiffany27,zh
user_8646_yrichardson,ru
user_8647_garciabrandon,de
user_8648_lisa90,en
user_8649_carrollpatricia,es
user_8650_elizabeth21,pt
user_8651_martincharles,ru
user_8652_ltyler,es
user_8653_wvazquez,ru
user_8654_jasminejackson,ru
user_8655_ugonzalez,de
user_8656_vcole,en
user_8657_gonzalesjohn,it
user_8658_vkent,it
user_8659_jstone,zh
user_8660_fjones,pt
user_8661_madison39,zh
user_8662_martindestiny,en
user_8663_peggyporter,es
user_8664_bradshawchristopher,zh
user_8665_kennethprice,ru
user_8666_jcook,en
user_8667_davisjamie,pt
user_8668_sbrooks,de
user_8669_gravesjohn,ru
user_8670_johnthompson,fr
user_8671_thomassonya,ja
user_8672_matthew19,ru
user_8673_scott99,ru
user_8674_rmorris,de
user_8675_chelsea00,no
user_8676_hesschristopher,ja
user_8677_stoneadam,es
user_8678_ichavez,en
user_8679_josetorres,ja
user_8680_pmartinez,it
user_8681_brian34,pt
user_8682_smithgeorge,ru
user_8683_veronicahawkins,es
user_8684_beth35,en
user_8685_megansmith,es
user_8686_elainenorris,en
user_8687_troybutler,en
user_8688_andrew56,ru
user_8689_ujordan,ru
user_8690_breanna21,ru
user_8691_dclark,ja
user_8692_anthony82,it
user_8693_wardlisa,no
user_8694_brooke03,en
user_8695_lowerandy,ja
user_8696_aaron13,de
user_8697_joshuajackson,en
user_8698_vchapman,ru
user_8699_gregoryedwards,ja
user_8700_deanrogers,de
user_8701_mfletcher,ru
user_8702_adrianarodriguez,ru
user_8703_clarkeerin,ru
user_8704_hernandezdaniel,ru
user_8705_michael52,ru
user_8706_robinsonjustin,zh
user_8707_lkelley,zh
user_8708_charlesdennis,en
user_8709_tabitha75,no
user_8710_katherine85,fr
user_8711_wparks,ru
user_8712_xchavez,no
user_8713_cobbmonica,de
user_8714_christina56,ru
user_8715_operez,en
user_8716_zbrewer,fr
user_8717_carla90,en
user_8718_kingkatie,ru
user_8719_donald91,ja
user_8720_audrey97,de
user_8721_zwilson,es
user_8722_hwheeler,en
user_8723_travishoward,fr
user_8724_olivernicole,en
user_8725_christophertaylor,ru
user_8726_robertfleming,no
user_8727_jason11,no
user_8728_whill,ru
user_8729_monica19,pt
user_8730_mitchellcollins,ru
user_8731_natasha44,pt
user_8732_bmedina,de
user_8733_hineselizabeth,pt
user_8734_bennetteric,es
user_8735_josephhunter,es
user_8736_barbaraharris,ru
user_8737_dakotaellis,es
user_8738_deanna93,en
user_8739_valerie51,fr
user_8740_mckinneyjonathan,it
user_8741_cheryl56,fr
user_8742_carla45,de
user_8743_mikecampbell,no
user_8744_bradhoffman,ru
user_8745_davidolson,en
user_8746_jimenezcarmen,fr
user_8747_ahall,no
user_8748_edwardstimothy,es
user_8749_kirsten41,ru
user_8750_michael27,ru
user_8751_brownjake,es
user_8752_bdouglas,en
user_8753_hernandezdouglas,zh
user_8754_jroth,ru
user_8755_pjohnson,ru
user_8756_leroy22,ru
user_8757_michaelhickman,it
user_8758_tim39,ru
user_8759_salasashley,en
user_8760_carterelaine,es
user_8761_wmanning,fr
user_8762_aanderson,ru
user_8763_uaguirre,ru
user_8764_sextondeborah,ru
user_8765_victoria18,en
user_8766_travisbenitez,fr
user_8767_christopher28,ru
user_8768_anthonymason,ru
user_8769_zacharyarcher,ru
user_8770_jacqueline39,zh
user_8771_susanlane,pt
user_8772_jessica04,ru
user_8773_williamgibson,de
user_8774_amandamarshall,es
user_8775_andrewsdiane,no
user_8776_katelyn98,fr
user_8777_amyconrad,en
user_8778_moranjoshua,ru
user_8779_karen40,no
user_8780_mcgeemonique,es
user_8781_john33,fr
user_8782_jenniferadams,ru
user_8783_thomas73,ru
user_8784_ashleygallagher,ru
user_8785_robinstevenson,ru
user_8786_jennifermiller,fr
user_8787_perezbrenda,ru
user_8788_gsmith,pt
user_8789_simpsonmanuel,pt
user_8790_michelleortiz,ru
user_8791_natalie90,es
user_8792_antonio80,en
user_8793_danderson,ja
user_8794_elizabethwallace,ru
user_8795_rachaeltucker,en
user_8796_audrey57,de
user_8797_joseph99,en
user_8798_michael30,ru
user_8799_mcummings,en
user_8800_melissatrevino,ru
user_8801_elizabethgonzales,ru
user_8802_brentbarnett,ja
user_8803_bryangonzalez,fr
user_8804_frobinson,ru
user_8805_danielgreene,no
user_8806_lsteele,ru
user_8807_kristinamarshall,en
user_8808_tristan33,de
user_8809_carrie35,it
user_8810_anthony37,ru
user_8811_lesliemason,zh
user_8812_joshuabutler,ru
user_8813_donna92,en
user_8814_phillipssandra,ru
user_8815_smithchristopher,fr
user_8816_brittany19,ru
user_8817_sarahking,it
user_8818_oadams,en
user_8819_mirandarich,zh
user_8820_cassandra24,no
user_8821_jesse35,ru
user_8822_anelson,ru
user_8823_martinsteven,ru
user_8824_lewischristopher,ru
user_8825_cookkyle,pt
user_8826_johnsoncharles,en
user_8827_karenadams,fr
user_8828_parkerdavid,ru
user_8829_rivaselizabeth,zh
user_8830_gsteele,zh
user_8831_blankenshipmelissa,zh
user_8832_lisa17,fr
user_8833_jessicawilson,ru
user_8834_cchan,de
user_8835_mbush,fr
user_8836_stephensgabriel,ja
user_8837_parkercraig,ru
user_8838_dawn99,ja
user_8839_uwallace,en
user_8840_stephaniemurphy,no
user_8841_hoffmanmichael,en
user_8842_dennismurray,ru
user_8843_wpoole,zh
user_8844_cwong,ja
user_8845_schwartztom,pt
user_8846_rebecca27,no
user_8847_cruzlisa,es
user_8848_heidi51,ru
user_8849_sosadustin,ru
user_8850_cochrankayla,pt
user_8851_orios,ru
user_8852_flemingshirley,fr
user_8853_kari86,en
user_8854_davidreed,en
user_8855_umiller,es
user_8856_jessica38,es
user_8857_jeffrey40,en
user_8858_clambert,ru
user_8859_jacksonkevin,de
user_8860_ssellers,pt
user_8861_michael74,en
user_8862_cduncan,ru
user_8863_jeffreycoleman,pt
user_8864_ryangonzalez,ru
user_8865_rileyamy,en
user_8866_alyssabanks,en
user_8867_andrew97,en
user_8868_timothy02,ja
user_8869_alyssa92,en
user_8870_zbush,no
user_8871_christina25,en
user_8872_omartin,no
user_8873_dale98,fr
user_8874_yferguson,ru
user_8875_marissa52,en
user_8876_lovestacey,en
user_8877_kristenpatterson,de
user_8878_hboyle,de
user_8879_ipineda,no
user_8880_connie83,en
user_8881_jbell,fr
user_8882_ymcdonald,en
user_8883_claytonmichael,de
user_8884_nunezandrew,ja
user_8885_twilkinson,es
user_8886_elizabeth93,ja
user_8887_robinsonbrittany,ru
user_8888_catherine63,ru
user_8889_jaime93,pt
user_8890_lclark,ru
user_8891_turnersherry,de
user_8892_davidramos,pt
user_8893_ashleybenson,zh
user_8894_robertsryan,ru
user_8895_davissteven,en
user_8896_aaron99,it
user_8897_jessicawillis,it
user_8898_nicholasrowe,no
user_8899_nancywatson,en
user_8900_jonesbrittany,ru
user_8901_christine65,it
user_8902_dphillips,pt
user_8903_jgregory,zh
user_8904_william16,ru
user_8905_blopez,no
user_8906_paulhaney,ru
user_8907_sean19,ru
user_8908_sanderserin,pt
user_8909_vthomas,ja
user_8910_jimeneztom,en
user_8911_catherinerivera,ru
user_8912_becklaurie,pt
user_8913_kpatrick,en
user_8914_edwardsmatthew,ja
user_8915_zdavis,ja
user_8916_diazdavid,ru
user_8917_melissabrown,it
user_8918_andrea74,it
user_8919_john70,ru
user_8920_porterandrea,en
user_8921_ttorres,ru
user_8922_miguel68,ru
user_8923_rhoward,de
user_8924_wendy85,no
user_8925_millercarolyn,ru
user_8926_ibaxter,ru
user_8927_mallorygomez,es
user_8928_rholt,es
user_8929_grosskayla,ja
user_8930_pramirez,en
user_8931_christianharris,en
user_8932_bpage,en
user_8933_timothy27,es
user_8934_kruegeremily,ja
user_8935_nicholas15,en
user_8936_abigailballard,ru
user_8937_stephen72,zh
user_8938_ochoaelizabeth,ru
user_8939_brandyharrington,es
user_8940_chenjoshua,de
user_8941_hancocklaura,ru
user_8942_dianawilliams,it
user_8943_wendy23,ja
user_8944_adamsyvette,it
user_8945_bmelton,de
user_8946_hancocknicole,no
user_8947_woodsvalerie,zh
user_8948_angelaturner,de
user_8949_robinsonadam,ja
user_8950_johnsonjennifer,en
user_8951_xkennedy,ru
user_8952_jasonsosa,pt
user_8953_christopheribarra,de
user_8954_robinsonwilliam,pt
user_8955_chambersmicheal,ru
user_8956_rbautista,ru
user_8957_brandireynolds,fr
user_8958_molly52,ru
user_8959_thorntoncindy,ru
user_8960_jessicabailey,es
user_8961_jo17,de
user_8962_cdickson,it
user_8963_sotokevin,no
user_8964_garcialauren,en
user_8965_scox,en
user_8966_mcclainmelissa,fr
user_8967_monicamanning,no
user_8968_philipzhang,ru
user_8969_christopher59,no
user_8970_joe99,fr
user_8971_maria32,ru
user_8972_brettcolon,ru
user_8973_patriciagrant,ru
user_8974_matthew41,fr
user_8975_hollyduarte,it
user_8976_jkerr,ru
user_8977_brianmills,en
user_8978_morrisdawn,de
user_8979_janetsimmons,ru
user_8980_hollandjennifer,fr
user_8981_ehoffman,es
user_8982_edward30,en
user_8983_aaron86,de
user_8984_morgan24,fr
user_8985_andrew34,ru
user_8986_ysimpson,en
user_8987_kimberly51,pt
user_8988_michael15,de
user_8989_hgibbs,de
user_8990_daniel80,no
user_8991_zhangkristen,ru
user_8992_qbeck,en
user_8993_michael41,pt
user_8994_kristina45,ru
user_8995_vwhitaker,en
user_8996_oproctor,en
user_8997_ryanflores,en
user_8998_randolphmike,ru
user_8999_paulhunter,es
user_9000_jeffreymorrow,es
user_9001_jacqueline52,pt
user_9002_tiffany26,ja
user_9003_hhampton,ru
user_9004_thomas84,en
user_9005_robert15,es
user_9006_pjimenez,ru
user_9007_jenniferpham,no
user_9008_fullercollin,ru
user_9009_twhite,fr
user_9010_thomasjason,en
user_9011_elizabeth29,fr
user_9012_xdavis,it
user_9013_chavezdonald,en
user_9014_mitchellvalerie,ru
user_9015_matthew53,en
user_9016_ilewis,zh
user_9017_kelli48,ru
user_9018_john61,es
user_9019_pmyers,zh
user_9020_zachary37,no
user_9021_johnsoneric,fr
user_9022_gwilliams,es
user_9023_brett97,ru
user_9024_uhenderson,pt
user_9025_singhrichard,de
user_9026_jeremy72,es
user_9027_uwarren,fr
user_9028_noliver,pt
user_9029_yolandamcgee,en
user_9030_reeveswilliam,es
user_9031_mrichardson,en
user_9032_ashleyhoward,en
user_9033_antoniolyons,it
user_9034_gharris,en
user_9035_rachelritter,zh
user_9036_dayjeffrey,es
user_9037_anthony28,en
user_9038_mirandamaria,ru
user_9039_marshallapril,fr
user_9040_rodriguezkimberly,ru
user_9041_pdavis,ru
user_9042_denisebenson,fr
user_9043_amanda49,en
user_9044_stephanie77,no
user_9045_ocohen,ru
user_9046_ashleycheryl,it
user_9047_mford,de
user_9048_willisjeffrey,pt
user_9049_rivasterrence,es
user_9050_ibrown,ru
user_9051_qruiz,ru
user_9052_sanderslaura,en
user_9053_wellsmichael,pt
user_9054_brian06,ru
user_9055_jamesrangel,en
user_9056_williamfaulkner,en
user_9057_yle,ru
user_9058_otaylor,ru
user_9059_bbray,es
user_9060_joshua42,en
user_9061_jamesadkins,en
user_9062_kathryn25,en
user_9063_kathrynnewton,it
user_9064_roblesjodi,fr
user_9065_yholmes,ru
user_9066_sjohnston,ru
user_9067_tinabright,de
user_9068_jeff37,ru
user_9069_susanbriggs,it
user_9070_foxcassandra,en
user_9071_hammondjames,it
user_9072_larry01,zh
user_9073_brandonreid,ru
user_9074_hendrixvictor,en
user_9075_ygordon,it
user_9076_thomasharper,pt
user_9077_gwilkerson,en
user_9078_oelliott,ja
user_9079_simpsonpaul,de
user_9080_terri72,en
user_9081_williamsmichael,it
user_9082_gcarter,ja
user_9083_brettsmith,fr
user_9084_fharrison,fr
user_9085_jonathanroberson,es
user_9086_francisco87,ru
user_9087_debra18,no
user_9088_joediaz,ru
user_9089_christinecarter,it
user_9090_caldwelljames,en
user_9091_patrickrivas,ru
user_9092_jtaylor,en
user_9093_rhondahickman,ru
user_9094_hannahhoffman,en
user_9095_awalker,en
user_9096_andersonlisa,ru
user_9097_charlesmorgan,en
user_9098_rhondamcintyre,fr
user_9099_briana68,zh
user_9100_elizabeth12,en
user_9101_smithdiana,ru
user_9102_normangabriela,es
user_9103_lkennedy,zh
user_9104_chrisrichard,zh
user_9105_hharris,es
user_9106_alyssalester,ru
user_9107_lesliewilson,en
user_9108_terrystevens,en
user_9109_christopher39,pt
user_9110_alicia67,en
user_9111_cthompson,ja
user_9112_freemanbrenda,en
user_9113_walkerrichard,en
user_9114_rjohnson,ru
user_9115_ywilson,ru
user_9116_dominguezmary,en
user_9117_vcurry,fr
user_9118_vburke,en
user_9119_colton72,ru
user_9120_hicksmaria,fr
user_9121_stephen29,en
user_9122_drhodes,pt
user_9123_sjohnson,en
user_9124_amanda21,en
user_9125_jrobinson,en
user_9126_ihoffman,ru
user_9127_davidjordan,it
user_9128_jamesalexander,pt
user_9129_xsantos,ja
user_9130_stephanie24,en
user_9131_fisherkyle,fr
user_9132_jessica29,ru
user_9133_dshaw,ru
user_9134_jessicastevens,en
user_9135_smithtammy,en
user_9136_jennyjohnson,es
user_9137_jacksonjennifer,it
user_9138_donald44,de
user_9139_monique18,ja
user_9140_lucasstacey,en
user_9141_amanda01,it
user_9142_sherrimoody,ru
user_9143_corybrown,zh
user_9144_stevenoliver,en
user_9145_qcarlson,es
user_9146_butlermark,ru
user_9147_lopezbryan,en
user_9148_crossbrenda,en
user_9149_barrerasarah,en
user_9150_asmith,ja
user_9151_kathrynsmith,ru
user_9152_haley73,ja
user_9153_cmartinez,en
user_9154_gbell,ja
user_9155_iking,en
user_9156_austinlawrence,ru
user_9157_benitezrussell,es
user_9158_blyons,fr
user_9159_anitawright,ru
user_9160_sandovalwalter,ja
user_9161_charles69,fr
user_9162_ucollins,en
user_9163_sanchezjillian,pt
user_9164_jessica16,pt
user_9165_deverett,es
user_9166_gregory17,es
user_9167_lydia36,en
user_9168_richardsonjennifer,ru
user_9169_christina59,en
user_9170_karenreed,ru
user_9171_mariagillespie,it
user_9172_teresawalker,ru
user_9173_browntimothy,pt
user_9174_qgraham,en
user_9175_peter90,de
user_9176_mfreeman,ru
user_9177_brittanysmith,en
user_9178_bevans,it
user_9179_apotter,ru
user_9180_pfernandez,en
user_9181_michael28,pt
user_9182_ramirezerika,ru
user_9183_paigeadams,ru
user_9184_ramirezmichael,pt
user_9185_johnmoody,en
user_9186_angelajones,de
user_9187_williamsthomas,ru
user_9188_lambertchristine,en
user_9189_zoesloan,en
user_9190_kurtyoder,pt
user_9191_daniel69,pt
user_9192_claytonaaron,de
user_9193_tristanfowler,ru
user_9194_kennethramirez,no
user_9195_floresmichele,ru
user_9196_jamescox,zh
user_9197_benjamin21,de
user_9198_mmoore,it
user_9199_anthonyschneider,ja
user_9200_harrisdiane,fr
user_9201_charlescole,en
user_9202_bhurst,en
user_9203_sarah47,en
user_9204_smallandrew,de
user_9205_aclark,de
user_9206_brownmaria,es
user_9207_vmiller,ru
user_9208_josephmurillo,ru
user_9209_xgraham,en
user_9210_william38,ru
user_9211_holderjeffrey,fr
user_9212_johncooper,de
user_9213_bcarter,en
user_9214_randy40,it
user_9215_james74,ja
user_9216_bpark,en
user_9217_juanrichards,en
user_9218_patrick97,fr
user_9219_dmiller,zh
user_9220_robert72,it
user_9221_kathleen03,pt
user_9222_yvonne99,no
user_9223_cassandra33,ru
user_9224_marisabeasley,fr
user_9225_mayosarah,fr
user_9226_durantravis,en
user_9227_marcus55,en
user_9228_kyang,es
user_9229_kgraham,zh
user_9230_amy77,ru
user_9231_mcfarlandstacey,en
user_9232_xingram,fr
user_9233_jamescline,ru
user_9234_tracipitts,en
user_9235_gravessarah,en
user_9236_michelle93,ru
user_9237_obell,en
user_9238_xsmith,en
user_9239_nicholas94,ru
user_9240_james95,en
user_9241_markvargas,ru
user_9242_lauren66,pt
user_9243_mark17,zh
user_9244_crystalharris,en
user_9245_lorilarson,no
user_9246_smithbrett,ja
user_9247_debra78,es
user_9248_wrodriguez,ru
user_9249_danielsmegan,en
user_9250_chloeluna,ru
user_9251_gloriadiaz,en
user_9252_jessica73,it
user_9253_skeith,en
user_9254_ffry,it
user_9255_erin61,no
user_9256_michaelparker,en
user_9257_benjamin12,ru
user_9258_lewisruth,zh
user_9259_justinstephens,en
user_9260_anthonyhamilton,ru
user_9261_dunndaniel,ru
user_9262_laurenjones,en
user_9263_jacqueline29,no
user_9264_pwilliams,no
user_9265_chapmanphillip,fr
user_9266_lambertmichele,en
user_9267_fmendoza,pt
user_9268_xwilliams,pt
user_9269_hferguson,ru
user_9270_georgejamie,pt
user_9271_marybennett,ru
user_9272_amandasandoval,fr
user_9273_jennifer10,no
user_9274_wigginsamber,no
user_9275_sstevens,de
user_9276_valvarado,ru
user_9277_derekgarcia,fr
user_9278_hickskristi,pt
user_9279_alicia40,ru
user_9280_bphelps,zh
user_9281_melissa63,de
user_9282_reaton,en
user_9283_michael30,ru
user_9284_williamslisa,no
user_9285_davisjames,de
user_9286_christian57,fr
user_9287_emma85,es
user_9288_howardgary,it
user_9289_tylerlucas,fr
user_9290_zdominguez,en
user_9291_sblanchard,de
user_9292_thomas08,pt
user_9293_wsherman,ru
user_9294_ffowler,ru
user_9295_richardsonnatasha,en
user_9296_murphyfelicia,fr
user_9297_james73,fr
user_9298_cesar29,ru
user_9299_cschneider,ja
user_9300_iriggs,zh
user_9301_bradwashington,ru
user_9302_scott46,en
user_9303_ulawson,es
user_9304_espinozatimothy,ru
user_9305_brownalex,en
user_9306_zbrown,fr
user_9307_tiffany32,en
user_9308_maria39,ru
user_9309_carrie90,zh
user_9310_brianflores,en
user_9311_claudiabooker,de
user_9312_taylorronald,ru
user_9313_clifford04,es
user_9314_rrodriguez,es
user_9315_ashley20,es
user_9316_samuelparks,fr
user_9317_colleenrogers,en
user_9318_jamescervantes,pt
user_9319_angeladuran,fr
user_9320_elizabeth86,fr
user_9321_marco02,de
user_9322_amberperry,ru
user_9323_josephsmith,en
user_9324_tayloramy,fr
user_9325_bjackson,ru
user_9326_zrogers,en
user_9327_emilyboyd,zh
user_9328_myerssusan,ru
user_9329_tammy70,en
user_9330_waltonangela,en
user_9331_monicaevans,it
user_9332_mmcdonald,en
user_9333_connieramirez,en
user_9334_heatherbeard,ru
user_9335_scottjamie,ru
user_9336_antonio00,pt
user_9337_pamconrad,ru
user_9338_sheilawoods,ja
user_9339_timothygonzalez,en
user_9340_dodsonmelissa,en
user_9341_stevenkemp,zh
user_9342_ymiller,no
user_9343_vjones,ru
user_9344_rebecca56,ru
user_9345_williamsadriana,ru
user_9346_alyssahenson,de
user_9347_vgamble,fr
user_9348_howardjessica,ru
user_9349_carol07,pt
user_9350_wongscott,pt
user_9351_lopeztaylor,en
user_9352_jack46,fr
user_9353_hansenlinda,de
user_9354_knoxadrian,ru
user_9355_mjones,es
user_9356_kaitlincollins,zh
user_9357_davidmartinez,ru
user_9358_danielcole,ru
user_9359_michaelwhite,ru
user_9360_bevans,de
user_9361_mary18,ru
user_9362_leonkenneth,it
user_9363_christiancurtis,ru
user_9364_gmoore,ru
user_9365_mccarthysusan,en
user_9366_james57,ru
user_9367_morrisontony,es
user_9368_paul07,pt
user_9369_jameswalter,en
user_9370_micheleandersen,en
user_9371_thompsonshannon,pt
user_9372_kimberlyramos,en
user_9373_nwalker,de
user_9374_eric16,en
user_9375_gilbertronald,es
user_9376_jason93,en
user_9377_chernandez,de
user_9378_hhanna,en
user_9379_rhondagreer,ru
user_9380_debra46,ru
user_9381_mhicks,ja
user_9382_hwilliams,zh
user_9383_ryan45,en
user_9384_bishopjane,en
user_9385_karenmarshall,fr
user_9386_dominiquechan,es
user_9387_carrieadams,en
user_9388_ashley20,no
user_9389_raymondcurtis,pt
user_9390_moranbrianna,en
user_9391_cole54,zh
user_9392_pcunningham,en
user_9393_kylewilliams,es
user_9394_kennethmaddox,no
user_9395_joshuapatton,fr
user_9396_waynewhite,fr
user_9397_rsmith,en
user_9398_deborah30,de
user_9399_sandra53,en
user_9400_goodmanjason,fr
user_9401_phillip43,ru
user_9402_michelle52,ru
user_9403_barberjamie,ru
user_9404_nathanarnold,de
user_9405_tracyrichardson,fr
user_9406_joseph97,en
user_9407_norrisabigail,no
user_9408_davidowens,fr
user_9409_joseph90,pt
user_9410_megan75,en
user_9411_urivera,ru
user_9412_katie19,ru
user_9413_medinatroy,en
user_9414_sherryrivera,no
user_9415_theresamartin,en
user_9416_edavis,ru
user_9417_bcarpenter,fr
user_9418_aliciawilson,en
user_9419_aaron81,es
user_9420_kathleen03,ru
user_9421_margaret40,en
user_9422_jacquelinejones,ru
user_9423_ryan23,en
user_9424_parkerjeffrey,en
user_9425_mrush,no
user_9426_dakotahernandez,zh
user_9427_sararodriguez,de
user_9428_latoyadavis,en
user_9429_hpreston,fr
user_9430_donaldsteele,de
user_9431_cruzcharles,ru
user_9432_tiffany42,en
user_9433_fhamilton,fr
user_9434_gomezdiana,zh
user_9435_fbenson,it
user_9436_ebender,ru
user_9437_taylormelissa,zh
user_9438_fknox,en
user_9439_michaelmorgan,es
user_9440_tbryant,en
user_9441_dave89,en
user_9442_georgehall,ru
user_9443_tgraham,no
user_9444_gboyle,en
user_9445_thomaschristopher,pt
user_9446_milleramanda,en
user_9447_lvillanueva,ru
user_9448_davisbonnie,ru
user_9449_sharonreynolds,en
user_9450_connerelizabeth,en
user_9451_zmolina,de
user_9452_yjohnson,en
user_9453_teresa57,fr
user_9454_smithwilliam,it
user_9455_robinsonjerry,pt
user_9456_ryananderson,zh
user_9457_katherinewalter,en
user_9458_kimberly41,it
user_9459_bcarroll,en
user_9460_npitts,zh
user_9461_lwall,zh
user_9462_lee12,ru
user_9463_oford,fr
user_9464_campbelljesus,ru
user_9465_davidharmon,ru
user_9466_masonmichelle,no
user_9467_longjessica,es
user_9468_kingeileen,en
user_9469_blake10,es
user_9470_whiterebecca,en
user_9471_smithmaurice,de
user_9472_john94,en
user_9473_richardtaylor,fr
user_9474_jasonsantos,en
user_9475_richard80,ja
user_9476_vhenderson,en
user_9477_james01,it
user_9478_tracey30,pt
user_9479_qrichardson,ru
user_9480_smorse,en
user_9481_jeffersonjordan,fr
user_9482_gjohnson,ru
user_9483_ryan88,ru
user_9484_francojesse,ru
user_9485_williamnixon,ru
user_9486_bcollier,en
user_9487_louis01,ja
user_9488_pamela57,en
user_9489_rileypatrick,ru
user_9490_kimberly65,ru
user_9491_lcaldwell,zh
user_9492_tammy30,en
user_9493_wigginschelsey,zh
user_9494_duanesingh,pt
user_9495_idean,pt
user_9496_leeemily,it
user_9497_hancockrichard,en
user_9498_williamskaren,es
user_9499_benjaminpaula,ru
user_9500_andrewsgregory,pt
user_9501_upacheco,ru
user_9502_qgreen,en
user_9503_nwong,fr
user_9504_ymercado,no
user_9505_rushkristine,en
user_9506_taylorreyes,ru
user_9507_awinters,ru
user_9508_ymiller,en
user_9509_snovak,ru
user_9510_davissheila,it
user_9511_michelle66,es
user_9512_samuel80,zh
user_9513_brandimoore,pt
user_9514_iford,en
user_9515_qnelson,en
user_9516_gregory22,ru
user_9517_kfriedman,de
user_9518_meredith41,de
user_9519_rrivera,ja
user_9520_jnguyen,pt
user_9521_anthony05,en
user_9522_christina70,es
user_9523_brianhouse,ru
user_9524_khall,en
user_9525_wdalton,en
user_9526_saundersmonique,ru
user_9527_angela14,de
user_9528_washingtonangela,it
user_9529_ashley15,fr
user_9530_karenrobertson,es
user_9531_beverlysanford,ru
user_9532_kelly39,ru
user_9533_christinemoore,pt
user_9534_sfoster,ru
user_9535_tara94,ru
user_9536_berrydaniel,ru
user_9537_tracy08,no
user_9538_lvance,ru
user_9539_alexis16,ru
user_9540_diana62,ru
user_9541_trobinson,fr
user_9542_tiffany89,de
user_9543_shahshelby,it
user_9544_glen94,es
user_9545_kimberlywinters,en
user_9546_sarah61,en
user_9547_vincentli,ru
user_9548_benjaminmiller,de
user_9549_rodriguezdeborah,zh
user_9550_cordovapaul,ru
user_9551_parksscott,en
user_9552_preston18,pt
user_9553_michaelvargas,it
user_9554_alexisparrish,de
user_9555_scarr,es
user_9556_gpratt,ru
user_9557_erin17,en
user_9558_tcooper,ru
user_9559_xyoung,en
user_9560_zcook,it
user_9561_bpena,fr
user_9562_robert11,ru
user_9563_gmcintosh,it
user_9564_pcardenas,es
user_9565_stephaniepowell,ru
user_9566_corey99,zh
user_9567_kristenvillarreal,ru
user_9568_claudiasnyder,ru
user_9569_pamelathompson,ja
user_9570_benjamin71,en
user_9571_thomas15,en
user_9572_christopher67,zh
user_9573_jasminelarsen,ru
user_9574_tstephens,en
user_9575_angelasteele,ru
user_9576_david13,de
user_9577_drios,de
user_9578_hgrant,ru
user_9579_dhorn,en
user_9580_collinslisa,ru
user_9581_michael29,fr
user_9582_jamesharrell,es
user_9583_johnsanchez,en
user_9584_rhill,en
user_9585_jefferymurray,en
user_9586_james47,fr
user_9587_brockkimberly,de
user_9588_leahhenry,en
user_9589_apatel,en
user_9590_dfreeman,ja
user_9591_daviscourtney,fr
user_9592_sstone,pt
user_9593_yallen,ru
user_9594_kathryntorres,ru
user_9595_uvasquez,ru
user_9596_kayleekirk,en
user_9597_jerrystone,ru
user_9598_tammy52,ru
user_9599_fieldscatherine,ru
user_9600_travisjennings,fr
user_9601_martinwayne,es
user_9602_hatfieldchristine,en
user_9603_qchung,ru
user_9604_laurenrobinson,es
user_9605_lesterdavid,it
user_9606_melissadavis,en
user_9607_mlynch,ru
user_9608_heather45,es
user_9609_wbuckley,en
user_9610_jonathantucker,en
user_9611_rivasvanessa,fr
user_9612_jjoseph,es
user_9613_jessicaallen,ru
user_9614_rachel33,de
user_9615_derekjohnston,ja
user_9616_obell,en
user_9617_wwhitaker,en
user_9618_jbrowning,zh
user_9619_rramos,ru
user_9620_shannon81,en
user_9621_vaughnlaurie,ru
user_9622_kenneth42,ru
user_9623_smurray,zh
user_9624_floresjesus,ru
user_9625_mclayton,ru
user_9626_joseph28,en
user_9627_kristinbrown,en
user_9628_hporter,ru
user_9629_adkinsbrandi,en
user_9630_michael55,ru
user_9631_barbara33,ja
user_9632_yklein,it
user_9633_vincent38,fr
user_9634_reedcory,pt
user_9635_matthewhart,fr
user_9636_jenniferhoward,en
user_9637_teresaboone,ru
user_9638_olewis,ru
user_9639_hulljennifer,no
user_9640_pdillon,de
user_9641_christophersantiago,pt
user_9642_monroejamie,it
user_9643_kimberlyschneider,de
user_9644_jonathanramos,ru
user_9645_michaelsanchez,ru
user_9646_nelsonchristopher,ru
user_9647_smacdonald,en
user_9648_ejohnson,es
user_9649_michael68,en
user_9650_ustephenson,es
user_9651_owenstimothy,pt
user_9652_jeffrey56,en
user_9653_iwerner,en
user_9654_crystal88,en
user_9655_jonathanhartman,ru
user_9656_ejones,en
user_9657_mannlindsey,es
user_9658_stevehunter,zh
user_9659_simmonsdebbie,es
user_9660_yolanda77,it
user_9661_odavis,zh
user_9662_staffordcesar,fr
user_9663_richardhensley,ru
user_9664_beverlyreynolds,ja
user_9665_nicholscalvin,es
user_9666_eric78,ru
user_9667_katherinequinn,pt
user_9668_jorge09,it
user_9669_owensevan,fr
user_9670_sonyareyes,ru
user_9671_perkinsandrew,en
user_9672_nreynolds,ru
user_9673_brewermichelle,es
user_9674_erintrujillo,pt
user_9675_michael77,en
user_9676_michele13,es
user_9677_ialexander,ru
user_9678_davidtaylor,pt
user_9679_uali,fr
user_9680_kconner,pt
user_9681_kristenmorrison,it
user_9682_thendrix,ja
user_9683_timothysmith,zh
user_9684_cunninghamjames,en
user_9685_burtonray,pt
user_9686_ywilliamson,de
user_9687_gabriellegalvan,en
user_9688_kimcollins,ja
user_9689_martinezdalton,zh
user_9690_alyssaschmidt,en
user_9691_keith39,en
user_9692_frogers,pt
user_9693_xgarcia,en
user_9694_amanda17,ru
user_9695_tylerschultz,de
user_9696_petersonjennifer,en
user_9697_asimpson,fr
user_9698_dalepeterson,en
user_9699_jacksonshannon,en
user_9700_brendanwilcox,pt
user_9701_scott06,no
user_9702_kimwright,en
user_9703_lejessica,pt
user_9704_hschmidt,en
user_9705_douglasmoore,ja
user_9706_cohenmichael,en
user_9707_barrettalexandra,ru
user_9708_cheryldavila,pt
user_9709_omiller,fr
user_9710_bowenjack,ja
user_9711_jillwilliams,en
user_9712_xmartinez,en
user_9713_mikayla88,no
user_9714_dadams,ru
user_9715_carmen35,ru
user_9716_sylviayu,en
user_9717_njohnson,fr
user_9718_moorenicole,ru
user_9719_evansbrian,en
user_9720_veronica59,en
user_9721_daniel73,ja
user_9722_christophercastillo,ru
user_9723_kmason,en
user_9724_rlittle,en
user_9725_brianna45,en
user_9726_joshuaprince,it
user_9727_vincentgarcia,ja
user_9728_whitemichael,es
user_9729_mhiggins,ru
user_9730_riceanthony,ru
user_9731_petersonangela,en
user_9732_deborahwalker,pt
user_9733_kathleen62,ru
user_9734_maryjohnson,fr
user_9735_stephenthompson,ru
user_9736_phillipswayne,ru
user_9737_keithwheeler,en
user_9738_brownallen,en
user_9739_turnerjerry,no
user_9740_monique46,fr
user_9741_scott17,en
user_9742_angela34,pt
user_9743_mmiller,ru
user_9744_bolson,en
user_9745_brendaflores,en
user_9746_bgibson,en
user_9747_elizabethkim,de
user_9748_sallylang,ja
user_9749_jsmith,en
user_9750_johnsonkarina,de
user_9751_donnalewis,ja
user_9752_austindiamond,ru
user_9753_john85,ru
user_9754_trujillojill,de
user_9755_piercekendra,en
user_9756_olivia26,ru
user_9757_gmaxwell,de
user_9758_xrivera,fr
user_9759_rlee,de
user_9760_alexlambert,en
user_9761_joneskristine,it
user_9762_michealbauer,en
user_9763_patrickfleming,ru
user_9764_robertmartin,en
user_9765_jacob87,en
user_9766_wileymegan,pt
user_9767_joseph07,es
user_9768_gutierrezclinton,en
user_9769_robert40,en
user_9770_rbailey,en
user_9771_acruz,en
user_9772_brianjensen,ru
user_9773_sneal,de
user_9774_owilliams,pt
user_9775_felicia20,en
user_9776_nburns,es
user_9777_tsullivan,fr
user_9778_patricksparks,en
user_9779_kristinreed,ru
user_9780_zachary15,de
user_9781_panthony,ru
user_9782_sue27,de
user_9783_smithalicia,de
user_9784_ellenbeck,en
user_9785_robertcalhoun,es
user_9786_monica15,en
user_9787_dixondavid,en
user_9788_villanuevajessica,ru
user_9789_hproctor,no
user_9790_rachel90,it
user_9791_brandon77,en
user_9792_ywallace,ru
user_9793_derek50,ru
user_9794_eatonjason,no
user_9795_amy74,fr
user_9796_byrdchristopher,en
user_9797_nicolesaunders,ru
user_9798_shawnasanchez,en
user_9799_harveycory,en
user_9800_bowmanjeffrey,en
user_9801_odavenport,ru
user_9802_katiehernandez,es
user_9803_scottjoel,ja
user_9804_bryantjohnny,es
user_9805_angela26,ru
user_9806_jamescoleman,ru
user_9807_mcastillo,ru
user_9808_bennettlouis,es
user_9809_kburnett,en
user_9810_kristen49,ru
user_9811_mrivas,ja
user_9812_melissa33,it
user_9813_smithjeffery,en
user_9814_melanieblackburn,en
user_9815_fernandoware,pt
user_9816_harrisgabriel,ru
user_9817_veronica35,en
user_9818_catherine80,ja
user_9819_sonyairwin,ru
user_9820_greensarah,ru
user_9821_michelle81,fr
user_9822_rebecca48,ru
user_9823_michaelford,ru
user_9824_amanda05,ru
user_9825_freemanjoyce,en
user_9826_scottbutler,it
user_9827_april43,en
user_9828_jasonfowler,ru
user_9829_odonnellalex,ru
user_9830_aaron20,en
user_9831_fgarcia,pt
user_9832_samantha63,no
user_9833_jennifer28,it
user_9834_owatson,de
user_9835_bgomez,no
user_9836_ayalapeter,ja
user_9837_bradley44,it
user_9838_tyleramber,fr
user_9839_dorseybrenda,en
user_9840_wilsonjames,fr
user_9841_kaylasmith,ru
user_9842_lovedaniel,no
user_9843_kathleen10,fr
user_9844_vchan,ru
user_9845_ayoung,es
user_9846_lorimartinez,de
user_9847_zmorales,en
user_9848_joseph70,en
user_9849_marymartin,ja
user_9850_tara21,pt
user_9851_lshaw,en
user_9852_bwiggins,ja
user_9853_jwalton,en
user_9854_riverajohn,ja
user_9855_foxmichael,ru
user_9856_christinaparker,en
user_9857_aliciabrown,en
user_9858_ymiller,ru
user_9859_smaldonado,en
user_9860_gvega,de
user_9861_xhayes,ru
user_9862_michelle59,en
user_9863_lawrencesarah,fr
user_9864_rebeccagrant,zh
user_9865_mark16,fr
user_9866_adriennejones,ru
user_9867_esnyder,zh
user_9868_qpaul,pt
user_9869_douglasvaughn,en
user_9870_alexanderjames,es
user_9871_zcombs,en
user_9872_isimpson,pt
user_9873_george94,en
user_9874_gloverdennis,it
user_9875_angelaelliott,de
user_9876_wilsonmary,en
user_9877_mreynolds,ja
user_9878_pamela74,en
user_9879_jeremybaker,ru
user_9880_stephenlewis,fr
user_9881_rmendoza,en
user_9882_campbellashley,es
user_9883_hornejoe,en
user_9884_taylorangela,es
user_9885_cnielsen,es
user_9886_emilyblair,en
user_9887_cochranjulia,es
user_9888_samuelmiller,en
user_9889_chad18,en
user_9890_zsmith,zh
user_9891_veronica55,fr
user_9892_gbryant,en
user_9893_emily82,en
user_9894_roger69,fr
user_9895_kadams,de
user_9896_imckinney,zh
user_9897_miguelrodriguez,es
user_9898_christopherfrye,de
user_9899_simmonssarah,ru
user_9900_fyork,en
user_9901_sanchezrandall,pt
user_9902_cstewart,en
user_9903_olsenjose,fr
user_9904_joel61,en
user_9905_wesleylewis,ru
user_9906_dcooper,it
user_9907_laura83,ru
user_9908_russell60,ru
user_9909_bowmanhannah,ru
user_9910_evalencia,pt
user_9911_xwells,en
user_9912_sullivanalexandra,es
user_9913_samantha61,pt
user_9914_brownemily,no
user_9915_mcarter,es
user_9916_elizabethsmith,ru
user_9917_ericadams,zh
user_9918_markhendricks,ru
user_9919_andersonanthony,zh
user_9920_jeffrey31,es
user_9921_julie61,en
user_9922_dhicks,ru
user_9923_kgibbs,fr
user_9924_bryanramirez,ru
user_9925_patricia14,it
user_9926_williamsdawn,ru
user_9927_michelewilliamson,es
user_9928_dcarpenter,fr
user_9929_henry47,it
user_9930_fowlereric,zh
user_9931_ahansen,en
user_9932_mcole,ja
user_9933_pacesharon,en
user_9934_reedmichael,pt
user_9935_hernandezmelissa,de
user_9936_emilyhester,ru
user_9937_samanthasosa,en
user_9938_uwood,en
user_9939_stacy27,en
user_9940_stephanieroberts,ru
user_9941_ewilliams,ru
user_9942_yatesmichael,no
user_9943_lopeztony,no
user_9944_robinsonamy,ru
user_9945_williamskayla,fr
user_9946_pwatkins,fr
user_9947_turnersusan,ja
user_9948_hpadilla,ru
user_9949_shawn73,no
user_9950_robert26,zh
user_9951_robertrodriguez,en
user_9952_hinestamara,en
user_9953_thompsonjustin,de
user_9954_kennethmyers,ru
user_9955_sabrinaferguson,ru
user_9956_johnhuynh,es
user_9957_mhernandez,zh
user_9958_weberlarry,fr
user_9959_hannah73,en
user_9960_dcohen,it
user_9961_richardellis,de
user_9962_amanda38,en
user_9963_cgonzalez,en
user_9964_craigbryant,fr
user_9965_raymond98,de
user_9966_david37,ru
user_9967_smithamanda,ru
user_9968_pmiller,en
user_9969_gthomas,en
user_9970_whitekaren,ru
user_9971_nphillips,ru
user_9972_phillipskevin,es
user_9973_codycruz,en
user_9974_hholloway,ru
user_9975_archerlisa,ru
user_9976_stuarthill,fr
user_9977_jcoffey,en
user_9978_wayne44,ru
user_9979_monica31,pt
user_9980_sheliaingram,zh
user_9981_qmaxwell,en
user_9982_barnesallen,ja
user_9983_jacobhanson,ru
user_9984_robertsbryan,it
user_9985_zavalaruth,pt
user_9986_shawn61,ru
user_9987_chad00,de
user_9988_olsondrew,it
user_9989_brownmelanie,pt
user_9990_ryan41,de
user_9991_gregory28,en
user_9992_lorihamilton,ru
user_9993_bradley57,ja
user_9994_ihall,ru
user_9995_obrienjohn,en
user_9996_tjohnston,zh
user_9997_rhill,en
user_9998_timothymoreno,ru
user_9999_wweaver,en
user_10000_webbleah,en
user_10001_xsmall,en
user_10002_lori73,es
user_10003_townsendcory,ru
user_10004_raymond98,de
user_10005_joshuapearson,es
user_10006_melvin25,zh
user_10007_ibriggs,ja
user_10008_jeremyparker,it
user_10009_lauren04,ru
user_10010_scott18,ru
